310,308,56,132,379,378,372,377
310,309,308,56,132,379,378,372,377
310,309,368,363,360,361,371,372,377
310,309,368,363,360,361,376,378,372,377
310,308,309,368,363,360,361,371,372,377
310,308,309,368,363,360,361,376,378,372,377
310,309,368,363,360,361,376,379,378,372,377
310,308,56,132,379,376,378,372,377
310,308,309,368,363,360,361,376,379,378,372,377
310,308,56,132,379,376,361,371,372,377
310,309,308,56,132,379,376,378,372,377
310,308,56,132,379,378,376,361,371,372,377
310,309,308,56,132,379,376,361,371,372,377
310,309,308,56,132,379,378,376,361,371,372,377
310,309,368,363,364,427,365,362,360,361,371,372,377
310,309,368,363,364,427,365,362,360,361,376,378,372,377
310,309,368,363,364,385,384,427,365,362,360,361,371,372,377
310,309,368,363,364,427,365,366,362,360,361,371,372,377
310,309,368,363,364,385,384,427,365,362,360,361,376,378,372,377
310,309,368,363,364,427,365,366,362,360,361,376,378,372,377
310,308,309,368,363,364,427,365,362,360,361,371,372,377
310,308,309,368,363,364,427,365,362,360,361,376,378,372,377
310,309,368,363,364,427,365,362,360,361,376,379,378,372,377
310,309,368,363,364,385,384,427,365,366,362,360,361,371,372,377
310,309,368,363,364,385,384,427,365,366,362,360,361,376,378,372,377
310,308,309,368,363,364,385,384,427,365,362,360,361,371,372,377
310,308,309,368,363,364,427,365,366,362,360,361,371,372,377
310,308,309,368,363,364,385,384,427,365,362,360,361,376,378,372,377
310,309,368,363,364,385,384,427,365,362,360,361,376,379,378,372,377
310,308,309,368,363,364,427,365,366,362,360,361,376,378,372,377
310,309,368,363,364,427,365,366,362,360,361,376,379,378,372,377
310,308,309,368,363,364,427,365,362,360,361,376,379,378,372,377
310,308,309,368,363,364,385,384,427,365,366,362,360,361,371,372,377
310,308,309,368,363,364,385,384,427,365,366,362,360,361,376,378,372,377
310,309,368,363,364,385,384,427,365,366,362,360,361,376,379,378,372,377
310,308,309,368,363,364,385,384,427,365,362,360,361,376,379,378,372,377
310,308,309,368,363,364,427,365,366,362,360,361,376,379,378,372,377
310,308,309,368,363,364,385,384,427,365,366,362,360,361,376,379,378,372,377
310,309,368,363,364,427,381,382,383,366,362,360,361,371,372,377
310,309,368,363,364,427,381,382,383,366,362,360,361,376,378,372,377
310,309,368,363,364,385,384,427,381,382,383,366,362,360,361,371,372,377
310,309,368,369,370,338,125,127,404,130,364,363,360,361,371,372,377
310,309,368,363,364,427,381,382,383,366,365,362,360,361,371,372,377
310,309,368,363,364,385,384,427,381,382,383,366,362,360,361,376,378,372,377
310,309,368,369,370,338,125,127,404,130,364,363,360,361,376,378,372,377
310,309,368,363,364,427,381,382,383,366,365,362,360,361,376,378,372,377
310,308,309,368,363,364,427,381,382,383,366,362,360,361,371,372,377
310,309,368,367,369,370,338,125,127,404,130,364,363,360,361,371,372,377
310,308,309,368,363,364,427,381,382,383,366,362,360,361,376,378,372,377
310,309,368,363,364,427,381,382,383,366,362,360,361,376,379,378,372,377
310,309,368,369,370,338,125,127,404,130,426,385,364,363,360,361,371,372,377
310,309,368,363,364,385,384,427,381,382,383,366,365,362,360,361,371,372,377
310,309,368,367,369,370,338,125,127,404,130,364,363,360,361,376,378,372,377
310,309,368,369,370,338,125,127,404,130,426,385,364,363,360,361,376,378,372,377
310,309,368,363,364,385,384,427,381,382,383,366,365,362,360,361,376,378,372,377
310,308,309,368,363,364,385,384,427,381,382,383,366,362,360,361,371,372,377
310,308,309,368,369,370,338,125,127,404,130,364,363,360,361,371,372,377
310,308,309,368,363,364,427,381,382,383,366,365,362,360,361,371,372,377
310,309,368,367,369,370,338,125,127,404,130,426,385,364,363,360,361,371,372,377
310,308,309,368,363,364,385,384,427,381,382,383,366,362,360,361,376,378,372,377
310,309,368,363,364,385,384,427,381,382,383,366,362,360,361,376,379,378,372,377
310,308,309,368,369,370,338,125,127,404,130,364,363,360,361,376,378,372,377
310,309,368,369,370,338,125,127,404,130,364,363,360,361,376,379,378,372,377
310,309,368,369,370,338,125,127,404,130,364,427,365,362,360,361,371,372,377
310,308,309,368,363,364,427,381,382,383,366,365,362,360,361,376,378,372,377
310,309,368,363,364,427,381,382,383,366,365,362,360,361,376,379,378,372,377
310,309,368,367,369,370,338,125,127,404,130,426,385,364,363,360,361,376,378,372,377
310,309,368,369,370,338,125,127,404,130,364,427,365,362,360,361,376,378,372,377
310,308,309,368,367,369,370,338,125,127,404,130,364,363,360,361,371,372,377
310,308,309,368,363,364,427,381,382,383,366,362,360,361,376,379,378,372,377
310,308,309,368,369,370,338,125,127,404,130,426,385,364,363,360,361,371,372,377
310,308,309,368,363,364,385,384,427,381,382,383,366,365,362,360,361,371,372,377
310,308,309,368,367,369,370,338,125,127,404,130,364,363,360,361,376,378,372,377
310,309,368,367,369,370,338,125,127,404,130,364,363,360,361,376,379,378,372,377
310,309,368,367,369,370,338,125,127,404,130,364,427,365,362,360,361,371,372,377
310,308,309,368,369,370,338,125,127,404,130,426,385,364,363,360,361,376,378,372,377
310,309,368,369,370,338,125,127,404,130,364,385,384,427,365,362,360,361,371,372,377
310,309,368,369,370,338,125,127,404,130,426,385,384,427,365,362,360,361,371,372,377
310,309,368,369,370,338,125,127,404,130,426,385,364,363,360,361,376,379,378,372,377
310,308,309,368,363,364,385,384,427,381,382,383,366,365,362,360,361,376,378,372,377
310,309,368,363,364,385,384,427,381,382,383,366,365,362,360,361,376,379,378,372,377
310,309,368,369,370,338,125,127,404,130,426,385,364,427,365,362,360,361,371,372,377
310,309,368,367,369,370,338,125,127,404,130,364,427,365,362,360,361,376,378,372,377
310,309,368,369,370,338,125,127,404,130,364,427,365,366,362,360,361,371,372,377
310,309,368,369,370,338,125,127,404,130,364,385,384,427,365,362,360,361,376,378,372,377
310,309,368,369,370,338,125,127,404,130,426,385,384,427,365,362,360,361,376,378,372,377
310,309,368,369,370,338,125,127,404,130,426,385,364,427,365,362,360,361,376,378,372,377
310,308,309,368,367,369,370,338,125,127,404,130,426,385,364,363,360,361,371,372,377
310,309,368,363,364,130,426,385,384,427,365,362,360,361,371,372,377
310,308,309,368,363,364,385,384,427,381,382,383,366,362,360,361,376,379,378,372,377
310,308,309,368,369,370,338,125,127,404,130,364,363,360,361,376,379,378,372,377
310,309,368,369,370,338,125,127,404,130,364,427,365,366,362,360,361,376,378,372,377
310,308,309,368,369,370,338,125,127,404,130,364,427,365,362,360,361,371,372,377
310,308,309,368,363,364,427,381,382,383,366,365,362,360,361,376,379,378,372,377
310,308,309,368,367,369,370,338,125,127,404,130,426,385,364,363,360,361,376,378,372,377
310,309,368,363,364,130,426,385,384,427,365,362,360,361,376,378,372,377
310,309,368,367,369,370,338,125,127,404,130,364,385,384,427,365,362,360,361,371,372,377
310,309,368,367,369,370,338,125,127,404,130,426,385,384,427,365,362,360,361,371,372,377
310,309,368,367,369,370,338,125,127,404,130,426,385,364,363,360,361,376,379,378,372,377
310,309,368,367,369,370,338,125,127,404,130,426,385,364,427,365,362,360,361,371,372,377
310,309,368,363,364,385,384,154,153,381,427,365,362,360,361,371,372,377
310,308,309,368,369,370,338,125,127,404,130,364,427,365,362,360,361,376,378,372,377
310,309,368,369,370,338,125,127,404,130,364,427,365,362,360,361,376,379,378,372,377
310,309,368,367,369,370,338,125,127,404,130,364,427,365,366,362,360,361,371,372,377
310,309,368,367,369,370,338,125,127,404,130,364,385,384,427,365,362,360,361,376,378,372,377
310,309,368,367,369,370,338,125,127,404,130,426,385,384,427,365,362,360,361,376,378,372,377
310,309,368,369,370,338,125,127,404,130,364,385,384,427,365,366,362,360,361,371,372,377
310,309,368,369,370,338,125,127,404,130,426,385,384,427,365,366,362,360,361,371,372,377
310,309,368,367,369,370,338,125,127,404,130,426,385,364,427,365,362,360,361,376,378,372,377
310,309,368,363,364,385,384,154,153,381,427,365,362,360,361,376,378,372,377
310,309,368,369,370,338,125,127,404,130,426,385,364,427,365,366,362,360,361,371,372,377
310,308,309,368,367,369,370,338,125,127,404,130,364,363,360,361,376,379,378,372,377
310,309,368,367,369,370,338,125,127,404,130,364,427,365,366,362,360,361,376,378,372,377
310,308,309,368,367,369,370,338,125,127,404,130,364,427,365,362,360,361,371,372,377
310,309,368,369,370,338,125,127,404,130,364,385,384,427,365,366,362,360,361,376,378,372,377
310,309,368,369,370,338,125,127,404,130,426,385,384,427,365,366,362,360,361,376,378,372,377
310,308,309,368,369,370,338,125,127,404,130,364,385,384,427,365,362,360,361,371,372,377
310,308,309,368,369,370,338,125,127,404,130,426,385,384,427,365,362,360,361,371,372,377
310,308,309,368,369,370,338,125,127,404,130,426,385,364,363,360,361,376,379,378,372,377
310,309,368,369,370,338,125,127,404,130,426,385,364,427,365,366,362,360,361,376,378,372,377
310,309,368,363,364,130,426,385,384,427,365,366,362,360,361,371,372,377
310,308,309,368,363,364,385,384,427,381,382,383,366,365,362,360,361,376,379,378,372,377
310,308,309,368,369,370,338,125,127,404,130,426,385,364,427,365,362,360,361,371,372,377
310,308,309,368,367,369,370,338,125,127,404,130,364,427,365,362,360,361,376,378,372,377
310,309,368,363,364,385,384,154,153,151,382,381,427,365,362,360,361,371,372,377
310,309,368,367,369,370,338,125,127,404,130,364,427,365,362,360,361,376,379,378,372,377
310,308,309,368,369,370,338,125,127,404,130,364,427,365,366,362,360,361,371,372,377
310,308,309,368,369,370,338,125,127,404,130,364,385,384,427,365,362,360,361,376,378,372,377
310,308,309,368,369,370,338,125,127,404,130,426,385,384,427,365,362,360,361,376,378,372,377
310,309,368,369,370,338,125,127,404,130,364,385,384,427,365,362,360,361,376,379,378,372,377
310,309,368,369,370,338,125,127,404,130,426,385,384,427,365,362,360,361,376,379,378,372,377
310,309,368,363,364,130,426,385,384,427,365,366,362,360,361,376,378,372,377
310,309,368,367,369,370,338,125,127,404,130,364,385,384,427,365,366,362,360,361,371,372,377
310,308,309,368,369,370,338,125,127,404,130,426,385,364,427,365,362,360,361,376,378,372,377
310,309,368,367,369,370,338,125,127,404,130,426,385,384,427,365,366,362,360,361,371,372,377
310,308,309,368,363,364,130,426,385,384,427,365,362,360,361,371,372,377
310,309,368,369,370,338,125,127,404,130,426,385,364,427,365,362,360,361,376,379,378,372,377
310,309,368,367,369,370,338,125,127,404,130,426,385,364,427,365,366,362,360,361,371,372,377
310,309,368,363,364,385,384,154,153,381,427,365,366,362,360,361,371,372,377
310,309,368,363,364,385,384,154,153,151,382,381,427,365,362,360,361,376,378,372,377
310,308,309,368,369,370,338,125,127,404,130,364,427,365,366,362,360,361,376,378,372,377
310,309,368,369,370,338,125,127,404,130,364,427,365,366,362,360,361,376,379,378,372,377
310,309,368,367,369,370,338,125,127,404,130,364,385,384,427,365,366,362,360,361,376,378,372,377
310,309,368,367,369,370,338,125,127,404,130,426,385,384,427,365,366,362,360,361,376,378,372,377
310,308,309,368,363,364,130,426,385,384,427,365,362,360,361,376,378,372,377
310,308,309,368,367,369,370,338,125,127,404,130,364,385,384,427,365,362,360,361,371,372,377
310,308,309,368,367,369,370,338,125,127,404,130,426,385,384,427,365,362,360,361,371,372,377
310,308,309,368,367,369,370,338,125,127,404,130,426,385,364,363,360,361,376,379,378,372,377
310,309,368,363,364,130,426,385,384,427,365,362,360,361,376,379,378,372,377
310,309,368,367,369,370,338,125,127,404,130,426,385,364,427,365,366,362,360,361,376,378,372,377
310,309,368,363,364,385,384,154,153,381,427,365,366,362,360,361,376,378,372,377
310,308,309,368,367,369,370,338,125,127,404,130,426,385,364,427,365,362,360,361,371,372,377
310,308,309,368,363,364,385,384,154,153,381,427,365,362,360,361,371,372,377
310,308,309,368,369,370,338,125,127,404,130,364,427,365,362,360,361,376,379,378,372,377
310,308,309,368,367,369,370,338,125,127,404,130,364,427,365,366,362,360,361,371,372,377
310,308,309,368,367,369,370,338,125,127,404,130,364,385,384,427,365,362,360,361,376,378,372,377
310,308,309,368,367,369,370,338,125,127,404,130,426,385,384,427,365,362,360,361,376,378,372,377
310,309,368,367,369,370,338,125,127,404,130,364,385,384,427,365,362,360,361,376,379,378,372,377
310,309,368,367,369,370,338,125,127,404,130,426,385,384,427,365,362,360,361,376,379,378,372,377
310,308,309,368,369,370,338,125,127,404,130,364,385,384,427,365,366,362,360,361,371,372,377
310,308,309,368,369,370,338,125,127,404,130,426,385,384,427,365,366,362,360,361,371,372,377
310,308,309,368,367,369,370,338,125,127,404,130,426,385,364,427,365,362,360,361,376,378,372,377
310,308,309,368,363,364,385,384,154,153,381,427,365,362,360,361,376,378,372,377
310,309,368,367,369,370,338,125,127,404,130,426,385,364,427,365,362,360,361,376,379,378,372,377
310,309,368,363,364,385,384,154,153,381,427,365,362,360,361,376,379,378,372,377
310,308,309,368,369,370,338,125,127,404,130,426,385,364,427,365,366,362,360,361,371,372,377
310,308,309,368,367,369,370,338,125,127,404,130,364,427,365,366,362,360,361,376,378,372,377
310,309,368,363,364,385,384,154,153,151,382,381,427,365,366,362,360,361,371,372,377
310,309,368,367,369,370,338,125,127,404,130,364,427,365,366,362,360,361,376,379,378,372,377
310,308,309,368,369,370,338,125,127,404,130,364,385,384,427,365,366,362,360,361,376,378,372,377
310,308,309,368,369,370,338,125,127,404,130,426,385,384,427,365,366,362,360,361,376,378,372,377
310,309,368,369,370,338,125,127,404,130,364,385,384,427,365,366,362,360,361,376,379,378,372,377
310,309,368,369,370,338,125,127,404,130,426,385,384,427,365,366,362,360,361,376,379,378,372,377
310,308,309,368,369,370,338,125,127,404,130,426,385,364,427,365,366,362,360,361,376,378,372,377
310,308,309,368,363,364,130,426,385,384,427,365,366,362,360,361,371,372,377
310,309,368,369,370,338,125,127,404,130,426,385,364,427,365,366,362,360,361,376,379,378,372,377
310,309,368,363,364,385,384,154,153,151,382,381,427,365,366,362,360,361,376,378,372,377
310,308,309,368,363,364,385,384,154,153,151,382,381,427,365,362,360,361,371,372,377
310,308,309,368,367,369,370,338,125,127,404,130,364,427,365,362,360,361,376,379,378,372,377
310,308,309,368,369,370,338,125,127,404,130,364,385,384,427,365,362,360,361,376,379,378,372,377
310,308,309,368,369,370,338,125,127,404,130,426,385,384,427,365,362,360,361,376,379,378,372,377
310,308,309,368,363,364,130,426,385,384,427,365,366,362,360,361,376,378,372,377
310,308,309,368,367,369,370,338,125,127,404,130,364,385,384,427,365,366,362,360,361,371,372,377
310,308,309,368,367,369,370,338,125,127,404,130,426,385,384,427,365,366,362,360,361,371,372,377
310,309,368,363,364,130,426,385,384,427,365,366,362,360,361,376,379,378,372,377
310,308,309,368,369,370,338,125,127,404,130,426,385,364,427,365,362,360,361,376,379,378,372,377
310,308,309,368,367,369,370,338,125,127,404,130,426,385,364,427,365,366,362,360,361,371,372,377
310,308,309,368,363,364,385,384,154,153,381,427,365,366,362,360,361,371,372,377
310,308,309,368,363,364,385,384,154,153,151,382,381,427,365,362,360,361,376,378,372,377
310,309,368,363,364,385,384,154,153,151,382,381,427,365,362,360,361,376,379,378,372,377
310,308,309,368,369,370,338,125,127,404,130,364,427,365,366,362,360,361,376,379,378,372,377
310,308,309,368,367,369,370,338,125,127,404,130,364,385,384,427,365,366,362,360,361,376,378,372,377
310,308,309,368,367,369,370,338,125,127,404,130,426,385,384,427,365,366,362,360,361,376,378,372,377
310,309,368,367,369,370,338,125,127,404,130,364,385,384,427,365,366,362,360,361,376,379,378,372,377
310,309,368,367,369,370,338,125,127,404,130,426,385,384,427,365,366,362,360,361,376,379,378,372,377
310,308,309,368,363,364,130,426,385,384,427,365,362,360,361,376,379,378,372,377
310,308,309,368,367,369,370,338,125,127,404,130,426,385,364,427,365,366,362,360,361,376,378,372,377
310,308,309,368,363,364,385,384,154,153,381,427,365,366,362,360,361,376,378,372,377
310,309,368,367,369,370,338,125,127,404,130,426,385,364,427,365,366,362,360,361,376,379,378,372,377
310,309,368,363,364,385,384,154,153,381,427,365,366,362,360,361,376,379,378,372,377
310,308,309,368,367,369,370,338,125,127,404,130,364,385,384,427,365,362,360,361,376,379,378,372,377
310,308,309,368,367,369,370,338,125,127,404,130,426,385,384,427,365,362,360,361,376,379,378,372,377
310,308,309,368,367,369,370,338,125,127,404,130,426,385,364,427,365,362,360,361,376,379,378,372,377
310,308,309,368,363,364,385,384,154,153,381,427,365,362,360,361,376,379,378,372,377
310,308,309,368,363,364,385,384,154,153,151,382,381,427,365,366,362,360,361,371,372,377
310,308,309,368,367,369,370,338,125,127,404,130,364,427,365,366,362,360,361,376,379,378,372,377
310,308,309,368,369,370,338,125,127,404,130,364,385,384,427,365,366,362,360,361,376,379,378,372,377
310,309,368,369,370,338,125,127,404,130,364,427,381,382,383,366,362,360,361,371,372,377
310,308,309,368,369,370,338,125,127,404,130,426,385,384,427,365,366,362,360,361,376,379,378,372,377
310,308,309,368,369,370,338,125,127,404,130,426,385,364,427,365,366,362,360,361,376,379,378,372,377
310,308,309,368,363,364,385,384,154,153,151,382,381,427,365,366,362,360,361,376,378,372,377
310,309,368,363,364,385,384,154,153,151,382,381,427,365,366,362,360,361,376,379,378,372,377
310,309,368,369,370,338,125,127,404,130,364,427,381,382,383,366,362,360,361,376,378,372,377
310,308,309,368,363,364,130,426,385,384,427,365,366,362,360,361,376,379,378,372,377
310,309,368,369,370,338,125,127,404,130,426,385,384,427,364,363,360,361,371,372,377
310,308,309,368,363,364,385,384,154,153,151,382,381,427,365,362,360,361,376,379,378,372,377
310,309,368,369,370,338,125,127,126,128,129,130,364,363,360,361,371,372,377
310,309,368,369,370,338,125,127,404,128,129,130,364,363,360,361,371,372,377
310,309,368,369,370,338,125,127,126,128,404,130,364,363,360,361,371,372,377
310,308,309,368,367,369,370,338,125,127,404,130,364,385,384,427,365,366,362,360,361,376,379,378,372,377
310,309,368,363,364,385,384,154,153,151,382,383,366,362,360,361,371,372,377
310,309,368,367,369,370,338,125,127,404,130,364,427,381,382,383,366,362,360,361,371,372,377
310,308,309,368,367,369,370,338,125,127,404,130,426,385,384,427,365,366,362,360,361,376,379,378,372,377
310,308,309,368,367,369,370,338,125,127,404,130,426,385,364,427,365,366,362,360,361,376,379,378,372,377
310,308,309,368,363,364,385,384,154,153,381,427,365,366,362,360,361,376,379,378,372,377
310,309,368,369,370,338,125,127,404,130,364,385,384,427,381,382,383,366,362,360,361,371,372,377
310,309,368,369,370,338,125,127,404,130,426,385,384,427,364,363,360,361,376,378,372,377
310,309,368,369,370,338,125,127,404,130,426,385,384,427,381,382,383,366,362,360,361,371,372,377
310,309,368,363,364,385,384,154,153,381,382,383,366,362,360,361,371,372,377
310,309,368,363,364,427,381,153,151,382,383,366,362,360,361,371,372,377
310,309,368,369,370,338,125,127,404,130,426,385,364,427,381,382,383,366,362,360,361,371,372,377
310,309,368,369,370,338,125,127,126,128,129,130,364,363,360,361,376,378,372,377
310,309,368,369,370,338,125,127,404,128,129,130,364,363,360,361,376,378,372,377
310,309,368,369,370,338,125,127,126,128,404,130,364,363,360,361,376,378,372,377
310,309,368,369,370,338,125,127,404,130,364,427,381,382,383,366,365,362,360,361,371,372,377
310,309,368,363,364,385,384,154,153,151,382,383,366,362,360,361,376,378,372,377
310,309,368,367,369,370,338,125,127,404,130,364,427,381,382,383,366,362,360,361,376,378,372,377
310,309,368,369,370,338,125,127,404,130,364,385,384,427,381,382,383,366,362,360,361,376,378,372,377
310,309,368,369,370,338,125,127,404,130,426,385,384,427,381,382,383,366,362,360,361,376,378,372,377
310,309,368,363,364,385,384,154,153,381,382,383,366,362,360,361,376,378,372,377
310,309,368,363,364,427,384,154,153,151,382,383,366,362,360,361,371,372,377
310,309,368,363,364,427,381,153,151,382,383,366,362,360,361,376,378,372,377
310,309,368,369,370,338,125,127,404,130,426,385,364,427,381,382,383,366,362,360,361,376,378,372,377
310,309,368,363,364,130,426,385,384,427,381,382,383,366,362,360,361,371,372,377
310,309,368,367,369,370,338,125,127,404,130,426,385,384,427,364,363,360,361,371,372,377
310,309,368,369,370,338,125,124,126,128,129,130,364,363,360,361,371,372,377
310,309,368,363,364,427,384,154,153,381,382,383,366,362,360,361,371,372,377
310,309,368,367,369,370,338,125,127,126,128,129,130,364,363,360,361,371,372,377
310,309,368,369,370,338,125,127,404,130,364,427,381,382,383,366,365,362,360,361,376,378,372,377
310,309,368,369,370,338,125,124,126,128,404,130,364,363,360,361,371,372,377
310,309,368,367,369,370,338,125,127,404,128,129,130,364,363,360,361,371,372,377
310,309,368,367,369,370,338,125,127,126,128,404,130,364,363,360,361,371,372,377
310,308,309,368,369,370,338,125,127,404,130,364,427,381,382,383,366,362,360,361,371,372,377
310,309,368,369,370,338,125,127,126,128,129,130,426,385,364,363,360,361,371,372,377
310,309,368,363,364,427,384,154,153,151,382,383,366,362,360,361,376,378,372,377
310,309,368,363,364,130,426,385,384,427,381,382,383,366,362,360,361,376,378,372,377
310,309,368,369,370,338,125,127,126,128,129,449,426,385,364,363,360,361,371,372,377
310,309,368,367,369,370,338,125,127,404,130,364,385,384,427,381,382,383,366,362,360,361,371,372,377
310,309,368,367,369,370,338,125,127,404,130,426,385,384,427,364,363,360,361,376,378,372,377
310,309,368,367,369,370,338,125,127,404,130,426,385,384,427,381,382,383,366,362,360,361,371,372,377
310,309,368,369,370,338,125,124,126,127,404,130,364,363,360,361,371,372,377
310,309,368,369,370,338,125,127,126,128,129,449,426,130,364,363,360,361,371,372,377
310,309,368,369,370,338,125,127,404,128,129,130,426,385,364,363,360,361,371,372,377
310,309,368,369,370,338,125,127,126,128,404,130,426,385,364,363,360,361,371,372,377
310,309,368,369,370,338,125,124,126,128,129,130,364,363,360,361,376,378,372,377
310,309,368,363,364,427,384,154,153,381,382,383,366,362,360,361,376,378,372,377
310,309,368,367,369,370,338,125,127,404,130,426,385,364,427,381,382,383,366,362,360,361,371,372,377
310,309,368,367,369,370,338,125,127,126,128,129,130,364,363,360,361,376,378,372,377
310,309,368,369,370,338,125,127,404,128,129,449,426,385,364,363,360,361,371,372,377
310,308,309,368,363,364,385,384,154,153,151,382,381,427,365,366,362,360,361,376,379,378,372,377
310,309,368,369,370,338,125,127,404,128,129,449,426,130,364,363,360,361,371,372,377
310,309,368,363,364,385,384,427,381,153,151,382,383,366,362,360,361,371,372,377
310,309,368,369,370,338,125,127,404,130,129,449,426,385,364,363,360,361,371,372,377
310,309,368,369,370,338,125,124,126,128,404,130,364,363,360,361,376,378,372,377
310,309,368,367,369,370,338,125,127,404,128,129,130,364,363,360,361,376,378,372,377
310,309,368,367,369,370,338,125,127,126,128,404,130,364,363,360,361,376,378,372,377
310,308,309,368,369,370,338,125,127,404,130,364,427,381,382,383,366,362,360,361,376,378,372,377
310,309,368,363,364,385,384,154,153,151,382,383,366,365,362,360,361,371,372,377
310,309,368,367,369,370,338,125,127,404,130,364,427,381,382,383,366,365,362,360,361,371,372,377
310,309,368,369,370,338,125,127,404,130,364,427,381,382,383,366,362,360,361,376,379,378,372,377
310,309,368,369,370,338,125,127,126,128,129,130,426,385,364,363,360,361,376,378,372,377
310,309,368,369,370,338,125,127,404,130,364,385,384,427,381,382,383,366,365,362,360,361,371,372,377
310,309,368,369,370,338,125,127,126,128,129,449,426,385,364,363,360,361,376,378,372,377
310,309,368,369,370,338,125,127,404,130,426,385,384,427,381,382,383,366,365,362,360,361,371,372,377
310,309,368,367,369,370,338,125,127,404,130,364,385,384,427,381,382,383,366,362,360,361,376,378,372,377
310,309,368,367,369,370,338,125,127,404,130,426,385,384,427,381,382,383,366,362,360,361,376,378,372,377
310,309,368,369,370,338,125,124,126,127,404,130,364,363,360,361,376,378,372,377
310,309,368,369,370,338,125,127,126,128,129,449,426,130,364,363,360,361,376,378,372,377
310,309,368,363,364,385,384,154,153,381,382,383,366,365,362,360,361,371,372,377
310,309,368,369,370,338,125,127,404,128,129,130,426,385,364,363,360,361,376,378,372,377
310,309,368,369,370,338,125,127,126,128,404,130,426,385,364,363,360,361,376,378,372,377
310,309,368,363,364,427,381,153,151,382,383,366,365,362,360,361,371,372,377
310,309,368,369,370,338,125,127,404,130,426,385,364,427,381,382,383,366,365,362,360,361,371,372,377
310,309,368,367,369,370,338,125,127,404,130,426,385,364,427,381,382,383,366,362,360,361,376,378,372,377
310,309,368,369,370,338,125,127,404,128,129,449,426,385,364,363,360,361,376,378,372,377
310,308,309,368,369,370,338,125,127,404,130,426,385,384,427,364,363,360,361,371,372,377
310,309,368,369,370,338,125,127,404,128,129,449,426,130,364,363,360,361,376,378,372,377
310,309,368,363,364,385,384,427,381,153,151,382,383,366,362,360,361,376,378,372,377
310,309,368,369,370,338,125,127,404,130,129,449,426,385,364,363,360,361,376,378,372,377
310,308,309,368,369,370,338,125,127,126,128,129,130,364,363,360,361,371,372,377
310,309,368,367,369,370,338,125,124,126,128,129,130,364,363,360,361,371,372,377
310,309,368,363,364,385,384,154,153,151,382,383,366,365,362,360,361,376,378,372,377
310,309,368,367,369,370,338,125,127,404,130,364,427,381,382,383,366,365,362,360,361,376,378,372,377
310,308,309,368,369,370,338,125,127,404,128,129,130,364,363,360,361,371,372,377
310,308,309,368,369,370,338,125,127,126,128,404,130,364,363,360,361,371,372,377
310,309,368,367,369,370,338,125,124,126,128,404,130,364,363,360,361,371,372,377
310,309,368,369,370,338,125,127,404,130,364,385,384,427,381,382,383,366,365,362,360,361,376,378,372,377
310,309,368,369,370,338,125,127,404,130,426,385,384,427,381,382,383,366,365,362,360,361,376,378,372,377
310,308,309,368,363,364,385,384,154,153,151,382,383,366,362,360,361,371,372,377
310,308,309,368,367,369,370,338,125,127,404,130,364,427,381,382,383,366,362,360,361,371,372,377
310,309,368,369,370,338,125,124,126,128,129,130,426,385,364,363,360,361,371,372,377
310,309,368,363,364,385,384,154,153,381,382,383,366,365,362,360,361,376,378,372,377
310,309,368,363,364,427,384,154,153,151,382,383,366,365,362,360,361,371,372,377
310,309,368,367,369,370,338,125,127,126,128,129,130,426,385,364,363,360,361,371,372,377
310,309,368,363,364,427,381,153,151,382,383,366,365,362,360,361,376,378,372,377
310,309,368,369,370,338,125,127,404,130,426,385,364,427,381,382,383,366,365,362,360,361,376,378,372,377
310,309,368,363,364,130,426,385,384,427,381,382,383,366,365,362,360,361,371,372,377
310,309,368,369,370,338,125,124,126,128,129,449,426,385,364,363,360,361,371,372,377
310,308,309,368,369,370,338,125,127,404,130,364,385,384,427,381,382,383,366,362,360,361,371,372,377
310,308,309,368,369,370,338,125,127,404,130,426,385,384,427,364,363,360,361,376,378,372,377
310,309,368,367,369,370,338,125,127,126,128,129,449,426,385,364,363,360,361,371,372,377
310,308,309,368,369,370,338,125,127,404,130,426,385,384,427,381,382,383,366,362,360,361,371,372,377
310,309,368,369,370,338,125,124,126,128,129,449,426,130,364,363,360,361,371,372,377
310,309,368,367,369,370,338,125,124,126,127,404,130,364,363,360,361,371,372,377
310,309,368,369,370,338,125,127,404,130,426,385,384,427,364,363,360,361,376,379,378,372,377
310,309,368,367,369,370,338,125,127,126,128,129,449,426,130,364,363,360,361,371,372,377
310,309,368,369,370,338,125,124,126,128,404,130,426,385,364,363,360,361,371,372,377
310,308,309,368,363,364,385,384,154,153,381,382,383,366,362,360,361,371,372,377
310,309,368,367,369,370,338,125,127,404,128,129,130,426,385,364,363,360,361,371,372,377
310,309,368,367,369,370,338,125,127,126,128,404,130,426,385,364,363,360,361,371,372,377
310,308,309,368,363,364,427,381,153,151,382,383,366,362,360,361,371,372,377
310,308,309,368,369,370,338,125,127,404,130,426,385,364,427,381,382,383,366,362,360,361,371,372,377
310,309,368,363,364,427,384,154,153,381,382,383,366,365,362,360,361,371,372,377
310,308,309,368,369,370,338,125,127,126,128,129,130,364,363,360,361,376,378,372,377
310,309,368,367,369,370,338,125,124,126,128,129,130,364,363,360,361,376,378,372,377
310,309,368,369,370,338,125,127,126,128,129,130,364,363,360,361,376,379,378,372,377
310,309,368,367,369,370,338,125,127,404,128,129,449,426,385,364,363,360,361,371,372,377
310,309,368,367,369,370,338,125,127,404,128,129,449,426,130,364,363,360,361,371,372,377
310,309,368,369,370,338,125,127,126,128,129,130,364,427,365,362,360,361,371,372,377
310,308,309,368,369,370,338,125,127,404,128,129,130,364,363,360,361,376,378,372,377
310,309,368,367,369,370,338,125,127,404,130,129,449,426,385,364,363,360,361,371,372,377
310,308,309,368,369,370,338,125,127,126,128,404,130,364,363,360,361,376,378,372,377
310,309,368,367,369,370,338,125,124,126,128,404,130,364,363,360,361,376,378,372,377
310,309,368,369,370,338,125,124,126,127,404,130,426,385,364,363,360,361,371,372,377
310,308,309,368,369,370,338,125,127,404,130,364,427,381,382,383,366,365,362,360,361,371,372,377
310,308,309,368,363,364,385,384,154,153,151,382,383,366,362,360,361,376,378,372,377
310,309,368,369,370,338,125,127,404,128,129,130,364,363,360,361,376,379,378,372,377
310,308,309,368,367,369,370,338,125,127,404,130,364,427,381,382,383,366,362,360,361,376,378,372,377
310,309,368,369,370,338,125,127,126,128,404,130,364,363,360,361,376,379,378,372,377
310,309,368,369,370,338,125,124,126,128,129,130,426,385,364,363,360,361,376,378,372,377
310,309,368,363,364,427,384,154,153,151,382,383,366,365,362,360,361,376,378,372,377
310,309,368,363,364,385,384,154,153,151,382,383,366,362,360,361,376,379,378,372,377
310,309,368,367,369,370,338,125,127,404,130,364,427,381,382,383,366,362,360,361,376,379,378,372,377
310,309,368,367,369,370,338,125,127,126,128,129,130,426,385,364,363,360,361,376,378,372,377
310,309,368,369,370,338,125,127,404,128,129,130,364,427,365,362,360,361,371,372,377
310,309,368,369,370,338,125,127,126,128,404,130,364,427,365,362,360,361,371,372,377
310,309,368,363,364,130,426,385,384,427,381,382,383,366,365,362,360,361,376,378,372,377
310,309,368,369,370,338,125,124,126,128,129,449,426,385,364,363,360,361,376,378,372,377
310,308,309,368,369,370,338,125,127,404,130,364,385,384,427,381,382,383,366,362,360,361,376,378,372,377
310,309,368,367,369,370,338,125,127,404,130,364,385,384,427,381,382,383,366,365,362,360,361,371,372,377
310,309,368,367,369,370,338,125,127,126,128,129,449,426,385,364,363,360,361,376,378,372,377
310,308,309,368,369,370,338,125,127,404,130,426,385,384,427,381,382,383,366,362,360,361,376,378,372,377
310,309,368,367,369,370,338,125,127,404,130,426,385,384,427,381,382,383,366,365,362,360,361,371,372,377
310,309,368,369,370,338,125,124,126,128,129,449,426,130,364,363,360,361,376,378,372,377
310,309,368,367,369,370,338,125,124,126,127,404,130,364,363,360,361,376,378,372,377
310,309,368,369,370,338,125,127,404,130,364,385,384,427,381,382,383,366,362,360,361,376,379,378,372,377
310,309,368,367,369,370,338,125,127,126,128,129,449,426,130,364,363,360,361,376,378,372,377
310,309,368,369,370,338,125,124,126,128,404,130,426,385,364,363,360,361,376,378,372,377
310,308,309,368,363,364,385,384,154,153,381,382,383,366,362,360,361,376,378,372,377
310,308,309,368,363,364,427,384,154,153,151,382,383,366,362,360,361,371,372,377
310,309,368,369,370,338,125,127,404,130,426,385,384,427,381,382,383,366,362,360,361,376,379,378,372,377
310,309,368,367,369,370,338,125,127,404,128,129,130,426,385,364,363,360,361,376,378,372,377
310,309,368,367,369,370,338,125,127,126,128,404,130,426,385,364,363,360,361,376,378,372,377
310,308,309,368,363,364,427,381,153,151,382,383,366,362,360,361,376,378,372,377
310,308,309,368,369,370,338,125,127,404,130,426,385,364,427,381,382,383,366,362,360,361,376,378,372,377
310,309,368,363,364,427,384,154,153,381,382,383,366,365,362,360,361,376,378,372,377
310,309,368,367,369,370,338,125,127,404,130,426,385,364,427,381,382,383,366,365,362,360,361,371,372,377
310,309,368,363,364,385,384,154,153,381,382,383,366,362,360,361,376,379,378,372,377
310,309,368,363,364,427,381,153,151,382,383,366,362,360,361,376,379,378,372,377
310,308,309,368,363,364,130,426,385,384,427,381,382,383,366,362,360,361,371,372,377
310,309,368,369,370,338,125,127,404,130,426,385,364,427,381,382,383,366,362,360,361,376,379,378,372,377
310,309,368,367,369,370,338,125,127,404,128,129,449,426,385,364,363,360,361,376,378,372,377
310,308,309,368,367,369,370,338,125,127,404,130,426,385,384,427,364,363,360,361,371,372,377
310,309,368,367,369,370,338,125,127,404,128,129,449,426,130,364,363,360,361,376,378,372,377
310,309,368,363,364,385,384,427,381,153,151,382,383,366,365,362,360,361,371,372,377
310,309,368,369,370,338,125,127,126,128,129,130,364,427,365,362,360,361,376,378,372,377
310,308,309,368,369,370,338,125,124,126,128,129,130,364,363,360,361,371,372,377
310,308,309,368,363,364,427,384,154,153,381,382,383,366,362,360,361,371,372,377
310,309,368,367,369,370,338,125,127,404,130,129,449,426,385,364,363,360,361,376,378,372,377
310,308,309,368,367,369,370,338,125,127,126,128,129,130,364,363,360,361,371,372,377
310,309,368,369,370,338,125,124,126,127,404,130,426,385,364,363,360,361,376,378,372,377
310,308,309,368,369,370,338,125,127,404,130,364,427,381,382,383,366,365,362,360,361,376,378,372,377
310,309,368,369,370,338,125,127,404,130,364,427,381,382,383,366,365,362,360,361,376,379,378,372,377
310,309,368,369,370,338,125,127,404,128,129,130,364,427,365,362,360,361,376,378,372,377
310,309,368,369,370,338,125,127,126,128,404,130,364,427,365,362,360,361,376,378,372,377
310,308,309,368,369,370,338,125,124,126,128,404,130,364,363,360,361,371,372,377
310,308,309,368,367,369,370,338,125,127,404,128,129,130,364,363,360,361,371,372,377
310,308,309,368,367,369,370,338,125,127,126,128,404,130,364,363,360,361,371,372,377
310,309,368,367,369,370,338,125,127,404,130,364,385,384,427,381,382,383,366,365,362,360,361,376,378,372,377
310,309,368,367,369,370,338,125,127,404,130,426,385,384,427,381,382,383,366,365,362,360,361,376,378,372,377
310,308,309,368,369,370,338,125,127,126,128,129,130,426,385,364,363,360,361,371,372,377
310,308,309,368,363,364,427,384,154,153,151,382,383,366,362,360,361,376,378,372,377
310,309,368,367,369,370,338,125,124,126,128,129,130,426,385,364,363,360,361,371,372,377
310,309,368,367,369,370,338,125,127,404,130,426,385,364,427,381,382,383,366,365,362,360,361,376,378,372,377
310,309,368,363,364,427,384,154,153,151,382,383,366,362,360,361,376,379,378,372,377
310,308,309,368,363,364,130,426,385,384,427,381,382,383,366,362,360,361,376,378,372,377
310,308,309,368,369,370,338,125,127,126,128,129,449,426,385,364,363,360,361,371,372,377
310,309,368,367,369,370,338,125,124,126,128,129,449,426,385,364,363,360,361,371,372,377
310,308,309,368,367,369,370,338,125,127,404,130,364,385,384,427,381,382,383,366,362,360,361,371,372,377
310,308,309,368,367,369,370,338,125,127,404,130,426,385,384,427,364,363,360,361,376,378,372,377
310,308,309,368,367,369,370,338,125,127,404,130,426,385,384,427,381,382,383,366,362,360,361,371,372,377
310,308,309,368,369,370,338,125,124,126,127,404,130,364,363,360,361,371,372,377
310,309,368,363,364,130,426,385,384,427,381,382,383,366,362,360,361,376,379,378,372,377
310,308,309,368,369,370,338,125,127,126,128,129,449,426,130,364,363,360,361,371,372,377
310,309,368,367,369,370,338,125,124,126,128,129,449,426,130,364,363,360,361,371,372,377
310,308,309,368,369,370,338,125,127,404,128,129,130,426,385,364,363,360,361,371,372,377
310,308,309,368,369,370,338,125,127,126,128,404,130,426,385,364,363,360,361,371,372,377
310,309,368,367,369,370,338,125,127,404,130,426,385,384,427,364,363,360,361,376,379,378,372,377
310,309,368,367,369,370,338,125,124,126,128,404,130,426,385,364,363,360,361,371,372,377
310,309,368,363,364,385,384,427,381,153,151,382,383,366,365,362,360,361,376,378,372,377
310,308,309,368,369,370,338,125,124,126,128,129,130,364,363,360,361,376,378,372,377
310,308,309,368,363,364,427,384,154,153,381,382,383,366,362,360,361,376,378,372,377
310,308,309,368,367,369,370,338,125,127,404,130,426,385,364,427,381,382,383,366,362,360,361,371,372,377
310,308,309,368,367,369,370,338,125,127,126,128,129,130,364,363,360,361,376,378,372,377
310,309,368,369,370,338,125,124,126,128,129,130,364,363,360,361,376,379,378,372,377
310,308,309,368,369,370,338,125,127,404,128,129,449,426,385,364,363,360,361,371,372,377
310,309,368,363,364,427,384,154,153,381,382,383,366,362,360,361,376,379,378,372,377
310,309,368,367,369,370,338,125,127,126,128,129,130,364,363,360,361,376,379,378,372,377
310,308,309,368,369,370,338,125,127,404,128,129,449,426,130,364,363,360,361,371,372,377
310,308,309,368,363,364,385,384,427,381,153,151,382,383,366,362,360,361,371,372,377
310,309,368,369,370,338,125,124,126,128,129,130,364,427,365,362,360,361,371,372,377
310,309,368,367,369,370,338,125,127,126,128,129,130,364,427,365,362,360,361,371,372,377
310,308,309,368,369,370,338,125,127,404,130,129,449,426,385,364,363,360,361,371,372,377
310,308,309,368,369,370,338,125,124,126,128,404,130,364,363,360,361,376,378,372,377
310,308,309,368,367,369,370,338,125,127,404,128,129,130,364,363,360,361,376,378,372,377
310,308,309,368,367,369,370,338,125,127,126,128,404,130,364,363,360,361,376,378,372,377
310,309,368,367,369,370,338,125,124,126,127,404,130,426,385,364,363,360,361,371,372,377
310,308,309,368,363,364,385,384,154,153,151,382,383,366,365,362,360,361,371,372,377
310,308,309,368,367,369,370,338,125,127,404,130,364,427,381,382,383,366,365,362,360,361,371,372,377
310,309,368,369,370,338,125,124,126,128,404,130,364,363,360,361,376,379,378,372,377
310,309,368,367,369,370,338,125,127,404,128,129,130,364,363,360,361,376,379,378,372,377
310,309,368,367,369,370,338,125,127,126,128,404,130,364,363,360,361,376,379,378,372,377
310,308,309,368,369,370,338,125,127,404,130,364,427,381,382,383,366,362,360,361,376,379,378,372,377
310,308,309,368,369,370,338,125,127,126,128,129,130,426,385,364,363,360,361,376,378,372,377
310,309,368,367,369,370,338,125,124,126,128,129,130,426,385,364,363,360,361,376,378,372,377
310,309,368,369,370,338,125,127,126,128,129,130,364,385,384,427,365,362,360,361,371,372,377
310,309,368,369,370,338,125,124,126,128,404,130,364,427,365,362,360,361,371,372,377
310,309,368,369,370,338,125,127,126,128,129,130,426,385,384,427,365,362,360,361,371,372,377
310,309,368,369,370,338,125,127,126,128,129,130,426,385,364,363,360,361,376,379,378,372,377
310,309,368,367,369,370,338,125,127,404,128,129,130,364,427,365,362,360,361,371,372,377
310,309,368,367,369,370,338,125,127,126,128,404,130,364,427,365,362,360,361,371,372,377
310,308,309,368,369,370,338,125,127,404,130,364,385,384,427,381,382,383,366,365,362,360,361,371,372,377
310,308,309,368,369,370,338,125,127,126,128,129,449,426,385,364,363,360,361,376,378,372,377
310,309,368,367,369,370,338,125,124,126,128,129,449,426,385,364,363,360,361,376,378,372,377
310,308,309,368,369,370,338,125,127,404,130,426,385,384,427,381,382,383,366,365,362,360,361,371,372,377
310,308,309,368,367,369,370,338,125,127,404,130,364,385,384,427,381,382,383,366,362,360,361,376,378,372,377
310,308,309,368,367,369,370,338,125,127,404,130,426,385,384,427,381,382,383,366,362,360,361,376,378,372,377
310,308,309,368,369,370,338,125,124,126,127,404,130,364,363,360,361,376,378,372,377
310,309,368,369,370,338,125,127,126,128,129,130,426,385,364,427,365,362,360,361,371,372,377
310,308,309,368,369,370,338,125,127,126,128,129,449,426,130,364,363,360,361,376,378,372,377
310,309,368,369,370,338,125,127,126,128,129,449,426,385,384,427,365,362,360,361,371,372,377
310,309,368,369,370,338,125,127,126,128,129,449,426,385,364,363,360,361,376,379,378,372,377
310,309,368,367,369,370,338,125,124,126,128,129,449,426,130,364,363,360,361,376,378,372,377
310,308,309,368,363,364,385,384,154,153,381,382,383,366,365,362,360,361,371,372,377
310,309,368,367,369,370,338,125,127,404,130,364,385,384,427,381,382,383,366,362,360,361,376,379,378,372,377
310,308,309,368,369,370,338,125,127,404,128,129,130,426,385,364,363,360,361,376,378,372,377
310,308,309,368,369,370,338,125,127,126,128,404,130,426,385,364,363,360,361,376,378,372,377
310,309,368,367,369,370,338,125,124,126,128,404,130,426,385,364,363,360,361,376,378,372,377
310,309,368,367,369,370,338,125,127,404,130,426,385,384,427,381,382,383,366,362,360,361,376,379,378,372,377
310,309,368,369,370,338,125,124,126,127,404,130,364,363,360,361,376,379,378,372,377
310,308,309,368,363,364,427,381,153,151,382,383,366,365,362,360,361,371,372,377
310,309,368,369,370,338,125,127,404,128,129,130,364,385,384,427,365,362,360,361,371,372,377
310,309,368,369,370,338,125,127,126,128,129,449,426,130,364,363,360,361,376,379,378,372,377
310,308,309,368,369,370,338,125,127,404,130,426,385,364,427,381,382,383,366,365,362,360,361,371,372,377
310,309,368,369,370,338,125,127,126,128,404,130,364,385,384,427,365,362,360,361,371,372,377
310,309,368,369,370,338,125,127,404,128,129,130,426,385,384,427,365,362,360,361,371,372,377
310,309,368,369,370,338,125,127,404,128,129,130,426,385,364,363,360,361,376,379,378,372,377
310,308,309,368,367,369,370,338,125,127,404,130,426,385,364,427,381,382,383,366,362,360,361,376,378,372,377
310,309,368,369,370,338,125,127,126,128,404,130,426,385,384,427,365,362,360,361,371,372,377
310,309,368,369,370,338,125,127,126,128,404,130,426,385,364,363,360,361,376,379,378,372,377
310,309,368,369,370,338,125,127,126,128,129,449,426,385,364,427,365,362,360,361,371,372,377
310,308,309,368,369,370,338,125,127,404,128,129,449,426,385,364,363,360,361,376,378,372,377
310,309,368,367,369,370,338,125,127,404,130,426,385,364,427,381,382,383,366,362,360,361,376,379,378,372,377
310,309,368,369,370,338,125,124,126,127,404,130,364,427,365,362,360,361,371,372,377
310,309,368,369,370,338,125,127,126,128,129,449,426,130,364,427,365,362,360,361,371,372,377
310,309,368,369,370,338,125,127,404,128,129,130,426,385,364,427,365,362,360,361,371,372,377
310,309,368,369,370,338,125,127,126,128,404,130,426,385,364,427,365,362,360,361,371,372,377
310,308,309,368,369,370,338,125,127,404,128,129,449,426,130,364,363,360,361,376,378,372,377
310,309,368,369,370,338,125,127,404,128,129,449,426,385,384,427,365,362,360,361,371,372,377
310,309,368,369,370,338,125,127,404,128,129,449,426,385,364,363,360,361,376,379,378,372,377
310,308,309,368,363,364,385,384,427,381,153,151,382,383,366,362,360,361,376,378,372,377
310,309,368,369,370,338,125,124,126,128,129,130,364,427,365,362,360,361,376,378,372,377
310,309,368,369,370,338,125,127,404,128,129,449,426,130,364,363,360,361,376,379,378,372,377
310,309,368,367,369,370,338,125,127,126,128,129,130,364,427,365,362,360,361,376,378,372,377
310,308,309,368,369,370,338,125,127,404,130,129,449,426,385,364,363,360,361,376,378,372,377
310,308,309,368,367,369,370,338,125,124,126,128,129,130,364,363,360,361,371,372,377
310,309,368,363,364,385,384,427,381,153,151,382,383,366,362,360,361,376,379,378,372,377
310,309,368,369,370,338,125,127,404,128,129,449,426,385,364,427,365,362,360,361,371,372,377
310,309,368,367,369,370,338,125,124,126,127,404,130,426,385,364,363,360,361,376,378,372,377
310,309,368,369,370,338,125,127,404,130,129,449,426,385,384,427,365,362,360,361,371,372,377
310,309,368,369,370,338,125,127,404,130,129,449,426,385,364,363,360,361,376,379,378,372,377
310,308,309,368,363,364,385,384,154,153,151,382,383,366,365,362,360,361,376,378,372,377
310,308,309,368,367,369,370,338,125,127,404,130,364,427,381,382,383,366,365,362,360,361,376,378,372,377
310,309,368,369,370,338,125,127,126,128,129,130,364,427,365,366,362,360,361,371,372,377
310,309,368,369,370,338,125,127,404,128,129,449,426,130,364,427,365,362,360,361,371,372,377
310,309,368,363,364,385,384,154,153,151,382,383,366,365,362,360,361,376,379,378,372,377
310,309,368,367,369,370,338,125,127,404,130,364,427,381,382,383,366,365,362,360,361,376,379,378,372,377
310,309,368,369,370,338,125,127,404,130,129,449,426,385,364,427,365,362,360,361,371,372,377
310,309,368,369,370,338,125,127,126,128,129,130,364,385,384,427,365,362,360,361,376,378,372,377
310,309,368,369,370,338,125,124,126,128,404,130,364,427,365,362,360,361,376,378,372,377
310,309,368,369,370,338,125,127,126,128,129,130,426,385,384,427,365,362,360,361,376,378,372,377
310,309,368,367,369,370,338,125,127,404,128,129,130,364,427,365,362,360,361,376,378,372,377
310,309,368,367,369,370,338,125,127,126,128,404,130,364,427,365,362,360,361,376,378,372,377
310,308,309,368,367,369,370,338,125,124,126,128,404,130,364,363,360,361,371,372,377
310,308,309,368,369,370,338,125,127,404,130,364,385,384,427,381,382,383,366,365,362,360,361,376,378,372,377
310,308,309,368,369,370,338,125,127,404,130,426,385,384,427,381,382,383,366,365,362,360,361,376,378,372,377
310,309,368,369,370,338,125,127,404,128,129,130,364,427,365,366,362,360,361,371,372,377
310,309,368,369,370,338,125,127,126,128,404,130,364,427,365,366,362,360,361,371,372,377
310,309,368,369,370,338,125,127,126,128,129,130,426,385,364,427,365,362,360,361,376,378,372,377
310,309,368,369,370,338,125,127,404,130,364,385,384,427,381,382,383,366,365,362,360,361,376,379,378,372,377
310,309,368,369,370,338,125,127,126,128,129,449,426,385,384,427,365,362,360,361,376,378,372,377
310,308,309,368,369,370,338,125,124,126,128,129,130,426,385,364,363,360,361,371,372,377
310,308,309,368,363,364,385,384,154,153,381,382,383,366,365,362,360,361,376,378,372,377
310,308,309,368,363,364,427,384,154,153,151,382,383,366,365,362,360,361,371,372,377
310,309,368,369,370,338,125,127,404,130,426,385,384,427,381,382,383,366,365,362,360,361,376,379,378,372,377
310,308,309,368,367,369,370,338,125,127,126,128,129,130,426,385,364,363,360,361,371,372,377
310,308,309,368,363,364,427,381,153,151,382,383,366,365,362,360,361,376,378,372,377
310,308,56,55,57,179,50,180,435,395,377
310,309,368,369,370,338,125,127,404,128,129,130,364,385,384,427,365,362,360,361,376,378,372,377
310,308,309,368,369,370,338,125,127,404,130,426,385,364,427,381,382,383,366,365,362,360,361,376,378,372,377
310,309,368,369,370,338,125,127,126,128,404,130,364,385,384,427,365,362,360,361,376,378,372,377
310,309,368,363,364,385,384,154,153,381,382,383,366,365,362,360,361,376,379,378,372,377
310,309,368,369,370,338,125,127,404,128,129,130,426,385,384,427,365,362,360,361,376,378,372,377
310,309,368,369,370,338,125,127,126,128,404,130,426,385,384,427,365,362,360,361,376,378,372,377
310,309,368,363,364,427,381,153,151,382,383,366,365,362,360,361,376,379,378,372,377
310,308,309,368,363,364,130,426,385,384,427,381,382,383,366,365,362,360,361,371,372,377
310,309,368,369,370,338,125,127,126,128,129,449,426,385,364,427,365,362,360,361,376,378,372,377
310,309,368,369,370,338,125,127,404,130,426,385,364,427,381,382,383,366,365,362,360,361,376,379,378,372,377
310,308,309,368,369,370,338,125,124,126,128,129,449,426,385,364,363,360,361,371,372,377
310,309,368,369,370,338,125,124,126,127,404,130,364,427,365,362,360,361,376,378,372,377
310,308,309,368,367,369,370,338,125,127,126,128,129,449,426,385,364,363,360,361,371,372,377
310,309,368,369,370,338,125,127,126,128,129,449,426,130,364,427,365,362,360,361,376,378,372,377
310,309,368,369,370,338,125,127,404,128,129,130,426,385,364,427,365,362,360,361,376,378,372,377
310,308,309,368,369,370,338,125,124,126,128,129,449,426,130,364,363,360,361,371,372,377
310,308,309,368,367,369,370,338,125,124,126,127,404,130,364,363,360,361,371,372,377
310,309,368,369,370,338,125,127,126,128,404,130,426,385,364,427,365,362,360,361,376,378,372,377
310,309,368,369,370,338,125,127,404,128,129,449,426,385,384,427,365,362,360,361,376,378,372,377
310,308,309,368,369,370,338,125,127,404,130,426,385,384,427,364,363,360,361,376,379,378,372,377
310,308,309,368,367,369,370,338,125,127,126,128,129,449,426,130,364,363,360,361,371,372,377
310,308,309,368,369,370,338,125,124,126,128,404,130,426,385,364,363,360,361,371,372,377
310,308,309,368,367,369,370,338,125,127,404,128,129,130,426,385,364,363,360,361,371,372,377
310,308,309,368,367,369,370,338,125,127,126,128,404,130,426,385,364,363,360,361,371,372,377
310,308,309,368,363,364,427,384,154,153,381,382,383,366,365,362,360,361,371,372,377
310,308,309,368,367,369,370,338,125,124,126,128,129,130,364,363,360,361,376,378,372,377
310,309,368,369,370,338,125,127,404,128,129,449,426,385,364,427,365,362,360,361,376,378,372,377
310,309,368,369,370,338,125,127,404,130,129,449,426,385,384,427,365,362,360,361,376,378,372,377
310,309,368,363,364,385,384,154,153,151,150,383,366,362,360,361,371,372,377
310,308,309,368,369,370,338,125,127,126,128,129,130,364,363,360,361,376,379,378,372,377
310,309,368,367,369,370,338,125,124,126,128,129,130,364,363,360,361,376,379,378,372,377
310,308,309,368,367,369,370,338,125,127,404,128,129,449,426,385,364,363,360,361,371,372,377
310,309,368,369,370,338,125,127,126,128,129,130,364,427,365,366,362,360,361,376,378,372,377
310,309,368,369,370,338,125,127,404,128,129,449,426,130,364,427,365,362,360,361,376,378,372,377
310,308,309,368,367,369,370,338,125,127,404,128,129,449,426,130,364,363,360,361,371,372,377
310,309,368,369,370,338,125,127,404,130,129,449,426,385,364,427,365,362,360,361,376,378,372,377
310,308,309,368,369,370,338,125,127,126,128,129,130,364,427,365,362,360,361,371,372,377
310,309,368,367,369,370,338,125,124,126,128,129,130,364,427,365,362,360,361,371,372,377
310,308,309,368,367,369,370,338,125,127,404,130,129,449,426,385,364,363,360,361,371,372,377
310,309,368,363,364,130,129,449,426,385,384,427,365,362,360,361,371,372,377
310,308,309,368,367,369,370,338,125,124,126,128,404,130,364,363,360,361,376,378,372,377
310,308,309,368,369,370,338,125,124,126,127,404,130,426,385,364,363,360,361,371,372,377
310,308,309,368,369,370,338,125,127,404,128,129,130,364,363,360,361,376,379,378,372,377
310,308,309,368,369,370,338,125,127,126,128,404,130,364,363,360,361,376,379,378,372,377
310,309,368,367,369,370,338,125,124,126,128,404,130,364,363,360,361,376,379,378,372,377
310,309,368,369,370,338,125,127,404,128,129,130,364,427,365,366,362,360,361,376,378,372,377
310,309,368,369,370,338,125,127,126,128,404,130,364,427,365,366,362,360,361,376,378,372,377
310,308,309,368,369,370,338,125,124,126,128,129,130,426,385,364,363,360,361,376,378,372,377
310,308,309,368,363,364,427,384,154,153,151,382,383,366,365,362,360,361,376,378,372,377
310,308,309,368,363,364,385,384,154,153,151,382,383,366,362,360,361,376,379,378,372,377
310,308,309,368,367,369,370,338,125,127,404,130,364,427,381,382,383,366,362,360,361,376,379,378,372,377
310,308,309,368,367,369,370,338,125,127,126,128,129,130,426,385,364,363,360,361,376,378,372,377
310,309,368,363,364,427,381,153,151,150,383,366,362,360,361,371,372,377
310,309,368,369,370,338,125,124,126,128,129,130,364,385,384,427,365,362,360,361,371,372,377
310,308,309,368,369,370,338,125,127,404,128,129,130,364,427,365,362,360,361,371,372,377
310,309,368,369,370,338,125,124,126,128,129,130,426,385,384,427,365,362,360,361,371,372,377
310,308,309,368,369,370,338,125,127,126,128,404,130,364,427,365,362,360,361,371,372,377
310,309,368,367,369,370,338,125,127,126,128,129,130,364,385,384,427,365,362,360,361,371,372,377
310,309,368,369,370,338,125,124,126,128,129,130,426,385,364,363,360,361,376,379,378,372,377
310,309,368,367,369,370,338,125,124,126,128,404,130,364,427,365,362,360,361,371,372,377
310,309,368,363,364,427,384,154,153,151,382,383,366,365,362,360,361,376,379,378,372,377
310,309,368,367,369,370,338,125,127,126,128,129,130,426,385,384,427,365,362,360,361,371,372,377
310,309,368,367,369,370,338,125,127,126,128,129,130,426,385,364,363,360,361,376,379,378,372,377
310,308,309,368,363,364,130,426,385,384,427,381,382,383,366,365,362,360,361,376,378,372,377
310,308,309,368,369,370,338,125,124,126,128,129,449,426,385,364,363,360,361,376,378,372,377
310,308,309,368,367,369,370,338,125,127,404,130,364,385,384,427,381,382,383,366,365,362,360,361,371,372,377
310,308,309,368,367,369,370,338,125,127,126,128,129,449,426,385,364,363,360,361,376,378,372,377
310,309,368,363,364,427,381,382,151,150,383,366,362,360,361,371,372,377
310,308,309,368,367,369,370,338,125,127,404,130,426,385,384,427,381,382,383,366,365,362,360,361,371,372,377
310,309,368,363,364,130,426,385,384,427,381,382,383,366,365,362,360,361,376,379,378,372,377
310,309,368,369,370,338,125,124,126,128,129,130,426,385,364,427,365,362,360,361,371,372,377
310,308,309,368,369,370,338,125,124,126,128,129,449,426,130,364,363,360,361,376,378,372,377
310,308,309,368,367,369,370,338,125,124,126,127,404,130,364,363,360,361,376,378,372,377
310,309,368,369,370,338,125,124,126,128,129,449,426,385,384,427,365,362,360,361,371,372,377
310,309,368,369,370,338,125,124,126,128,129,449,426,385,364,363,360,361,376,379,378,372,377
310,308,309,368,369,370,338,125,127,404,130,364,385,384,427,381,382,383,366,362,360,361,376,379,378,372,377
310,309,368,367,369,370,338,125,127,126,128,129,130,426,385,364,427,365,362,360,361,371,372,377
310,308,309,368,367,369,370,338,125,127,126,128,129,449,426,130,364,363,360,361,376,378,372,377
310,308,309,368,369,370,338,125,124,126,128,404,130,426,385,364,363,360,361,376,378,372,377
310,309,368,367,369,370,338,125,127,126,128,129,449,426,385,384,427,365,362,360,361,371,372,377
310,309,368,367,369,370,338,125,127,126,128,129,449,426,385,364,363,360,361,376,379,378,372,377
310,308,309,368,369,370,338,125,127,404,130,426,385,384,427,381,382,383,366,362,360,361,376,379,378,372,377
310,308,309,368,367,369,370,338,125,127,404,128,129,130,426,385,364,363,360,361,376,378,372,377
310,308,309,368,367,369,370,338,125,127,126,128,404,130,426,385,364,363,360,361,376,378,372,377
310,309,368,369,370,338,125,124,126,128,129,449,426,130,364,363,360,361,376,379,378,372,377
310,309,368,367,369,370,338,125,124,126,127,404,130,364,363,360,361,376,379,378,372,377
310,309,368,369,370,338,125,124,126,128,404,130,364,385,384,427,365,362,360,361,371,372,377
310,309,368,367,369,370,338,125,127,404,128,129,130,364,385,384,427,365,362,360,361,371,372,377
310,309,368,367,369,370,338,125,127,126,128,129,449,426,130,364,363,360,361,376,379,378,372,377
310,308,309,368,363,364,427,384,154,153,381,382,383,366,365,362,360,361,376,378,372,377
310,309,368,369,370,338,125,124,126,128,404,130,426,385,384,427,365,362,360,361,371,372,377
310,308,309,368,367,369,370,338,125,127,404,130,426,385,364,427,381,382,383,366,365,362,360,361,371,372,377
310,309,368,367,369,370,338,125,127,126,128,404,130,364,385,384,427,365,362,360,361,371,372,377
310,309,368,369,370,338,125,124,126,128,404,130,426,385,364,363,360,361,376,379,378,372,377
310,308,309,368,363,364,385,384,154,153,381,382,383,366,362,360,361,376,379,378,372,377
310,309,368,367,369,370,338,125,127,404,128,129,130,426,385,384,427,365,362,360,361,371,372,377
310,309,368,367,369,370,338,125,127,404,128,129,130,426,385,364,363,360,361,376,379,378,372,377
310,309,368,367,369,370,338,125,127,126,128,404,130,426,385,384,427,365,362,360,361,371,372,377
310,309,368,367,369,370,338,125,127,126,128,404,130,426,385,364,363,360,361,376,379,378,372,377
310,309,368,369,370,338,125,124,126,128,129,449,426,385,364,427,365,362,360,361,371,372,377
310,308,309,368,363,364,427,381,153,151,382,383,366,362,360,361,376,379,378,372,377
310,309,368,367,369,370,338,125,127,126,128,129,449,426,385,364,427,365,362,360,361,371,372,377
310,308,309,368,369,370,338,125,127,404,130,426,385,364,427,381,382,383,366,362,360,361,376,379,378,372,377
310,309,368,363,364,427,384,154,153,381,382,383,366,365,362,360,361,376,379,378,372,377
310,309,368,363,364,385,384,154,153,151,150,383,366,362,360,361,376,378,372,377
310,308,309,368,367,369,370,338,125,127,404,128,129,449,426,385,364,363,360,361,376,378,372,377
310,309,368,369,370,338,125,124,126,128,129,449,426,130,364,427,365,362,360,361,371,372,377
310,309,368,367,369,370,338,125,124,126,127,404,130,364,427,365,362,360,361,371,372,377
310,309,368,367,369,370,338,125,127,126,128,129,449,426,130,364,427,365,362,360,361,371,372,377
310,309,368,369,370,338,125,124,126,128,404,130,426,385,364,427,365,362,360,361,371,372,377
310,309,368,367,369,370,338,125,127,404,128,129,130,426,385,364,427,365,362,360,361,371,372,377
310,309,368,367,369,370,338,125,127,126,128,404,130,426,385,364,427,365,362,360,361,371,372,377
310,308,309,368,367,369,370,338,125,127,404,128,129,449,426,130,364,363,360,361,376,378,372,377
310,309,368,367,369,370,338,125,127,404,128,129,449,426,385,384,427,365,362,360,361,371,372,377
310,309,368,367,369,370,338,125,127,404,128,129,449,426,385,364,363,360,361,376,379,378,372,377
310,308,309,368,363,364,385,384,427,381,153,151,382,383,366,365,362,360,361,371,372,377
310,308,309,368,369,370,338,125,127,126,128,129,130,364,427,365,362,360,361,376,378,372,377
310,309,368,367,369,370,338,125,124,126,128,129,130,364,427,365,362,360,361,376,378,372,377
310,309,368,367,369,370,338,125,127,404,128,129,449,426,130,364,363,360,361,376,379,378,372,377
310,308,309,368,367,369,370,338,125,127,404,130,129,449,426,385,364,363,360,361,376,378,372,377
310,309,368,363,364,130,129,449,426,385,384,427,365,362,360,361,376,378,372,377
310,308,309,368,369,370,338,125,124,126,127,404,130,426,385,364,363,360,361,376,378,372,377
310,309,368,369,370,338,125,127,126,128,129,130,364,427,365,362,360,361,376,379,378,372,377
310,309,368,367,369,370,338,125,127,404,128,129,449,426,385,364,427,365,362,360,361,371,372,377
310,309,368,369,370,338,125,124,126,127,404,130,364,385,384,427,365,362,360,361,371,372,377
310,309,368,367,369,370,338,125,127,404,130,129,449,426,385,384,427,365,362,360,361,371,372,377
310,309,368,367,369,370,338,125,127,404,130,129,449,426,385,364,363,360,361,376,379,378,372,377
310,309,368,369,370,338,125,124,126,127,404,130,426,385,384,427,365,362,360,361,371,372,377
310,309,368,369,370,338,125,127,126,128,129,449,426,130,364,385,384,427,365,362,360,361,371,372,377
310,309,368,369,370,338,125,124,126,128,129,130,364,427,365,366,362,360,361,371,372,377
310,309,368,369,370,338,125,124,126,127,404,130,426,385,364,363,360,361,376,379,378,372,377
310,309,368,367,369,370,338,125,127,126,128,129,130,364,427,365,366,362,360,361,371,372,377
310,309,368,367,369,370,338,125,127,404,128,129,449,426,130,364,427,365,362,360,361,371,372,377
310,308,309,368,369,370,338,125,127,404,130,364,427,381,382,383,366,365,362,360,361,376,379,378,372,377
310,309,368,363,364,427,384,154,153,151,150,383,366,362,360,361,371,372,377
310,309,368,363,364,427,381,153,151,150,383,366,362,360,361,376,378,372,377
310,309,368,369,370,338,125,124,126,128,129,130,364,385,384,427,365,362,360,361,376,378,372,377
310,308,309,368,369,370,338,125,127,404,128,129,130,364,427,365,362,360,361,376,378,372,377
310,309,368,367,369,370,338,125,127,404,130,129,449,426,385,364,427,365,362,360,361,371,372,377
310,309,368,369,370,338,125,124,126,128,129,130,426,385,384,427,365,362,360,361,376,378,372,377
310,308,309,368,369,370,338,125,127,126,128,404,130,364,427,365,362,360,361,376,378,372,377
310,309,368,367,369,370,338,125,127,126,128,129,130,364,385,384,427,365,362,360,361,376,378,372,377
310,309,368,367,369,370,338,125,124,126,128,404,130,364,427,365,362,360,361,376,378,372,377
310,309,368,369,370,338,125,124,126,127,404,130,426,385,364,427,365,362,360,361,371,372,377
310,309,368,367,369,370,338,125,127,126,128,129,130,426,385,384,427,365,362,360,361,376,378,372,377
310,309,368,369,370,338,125,127,404,128,129,130,364,427,365,362,360,361,376,379,378,372,377
310,309,368,369,370,338,125,127,126,128,404,130,364,427,365,362,360,361,376,379,378,372,377
310,308,309,368,367,369,370,338,125,127,404,130,364,385,384,427,381,382,383,366,365,362,360,361,376,378,372,377
310,309,368,363,364,427,381,382,151,150,383,366,362,360,361,376,378,372,377
310,308,309,368,367,369,370,338,125,127,404,130,426,385,384,427,381,382,383,366,365,362,360,361,376,378,372,377
310,309,368,369,370,338,125,127,126,128,129,130,364,385,384,427,365,366,362,360,361,371,372,377
310,309,368,369,370,338,125,127,404,128,129,449,426,130,364,385,384,427,365,362,360,361,371,372,377
310,309,368,369,370,338,125,124,126,128,404,130,364,427,365,366,362,360,361,371,372,377
310,309,368,369,370,338,125,124,126,128,129,130,426,385,364,427,365,362,360,361,376,378,372,377
310,309,368,363,364,385,384,154,393,155,153,381,427,365,362,360,361,371,372,377
310,309,368,369,370,338,125,127,126,128,129,130,426,385,384,427,365,366,362,360,361,371,372,377
310,309,368,369,370,338,125,124,126,128,129,449,426,385,384,427,365,362,360,361,376,378,372,377
310,309,368,367,369,370,338,125,127,404,128,129,130,364,427,365,366,362,360,361,371,372,377
310,309,368,367,369,370,338,125,127,126,128,404,130,364,427,365,366,362,360,361,371,372,377
310,309,368,367,369,370,338,125,127,126,128,129,130,426,385,364,427,365,362,360,361,376,378,372,377
310,309,368,367,369,370,338,125,127,404,130,364,385,384,427,381,382,383,366,365,362,360,361,376,379,378,372,377
310,309,368,367,369,370,338,125,127,126,128,129,449,426,385,384,427,365,362,360,361,376,378,372,377
310,308,309,368,367,369,370,338,125,124,126,128,129,130,426,385,364,363,360,361,371,372,377
310,309,368,367,369,370,338,125,127,404,130,426,385,384,427,381,382,383,366,365,362,360,361,376,379,378,372,377
310,309,368,369,370,338,125,127,404,130,364,385,384,154,153,381,427,365,362,360,361,371,372,377
310,309,368,369,370,338,125,127,404,130,426,385,384,154,153,381,427,365,362,360,361,371,372,377
310,309,368,369,370,338,125,124,126,128,404,130,364,385,384,427,365,362,360,361,376,378,372,377
310,309,368,367,369,370,338,125,127,404,128,129,130,364,385,384,427,365,362,360,361,376,378,372,377
310,309,368,369,370,338,125,124,126,128,404,130,426,385,384,427,365,362,360,361,376,378,372,377
310,308,309,368,367,369,370,338,125,127,404,130,426,385,364,427,381,382,383,366,365,362,360,361,376,378,372,377
310,309,368,367,369,370,338,125,127,126,128,404,130,364,385,384,427,365,362,360,361,376,378,372,377
310,308,309,368,363,364,427,384,154,153,151,382,383,366,362,360,361,376,379,378,372,377
310,309,368,367,369,370,338,125,127,404,128,129,130,426,385,384,427,365,362,360,361,376,378,372,377
310,309,368,367,369,370,338,125,127,126,128,404,130,426,385,384,427,365,362,360,361,376,378,372,377
310,309,368,369,370,338,125,127,126,128,129,130,426,385,364,427,365,366,362,360,361,371,372,377
310,309,368,369,370,338,125,124,126,128,129,449,426,385,364,427,365,362,360,361,376,378,372,377
310,309,368,369,370,338,125,127,126,128,129,449,426,385,384,427,365,366,362,360,361,371,372,377
310,309,368,367,369,370,338,125,127,126,128,129,449,426,385,364,427,365,362,360,361,376,378,372,377
310,309,368,367,369,370,338,125,127,404,130,426,385,364,427,381,382,383,366,365,362,360,361,376,379,378,372,377
310,308,309,368,367,369,370,338,125,124,126,128,129,449,426,385,364,363,360,361,371,372,377
310,309,368,369,370,338,125,124,126,128,129,449,426,130,364,427,365,362,360,361,376,378,372,377
310,309,368,367,369,370,338,125,124,126,127,404,130,364,427,365,362,360,361,376,378,372,377
310,309,368,369,370,338,125,127,404,128,129,130,364,385,384,427,365,366,362,360,361,371,372,377
310,308,309,368,363,364,130,426,385,384,427,381,382,383,366,362,360,361,376,379,378,372,377
310,309,368,369,370,338,125,127,126,128,404,130,364,385,384,427,365,366,362,360,361,371,372,377
310,309,368,367,369,370,338,125,127,126,128,129,449,426,130,364,427,365,362,360,361,376,378,372,377
310,309,368,369,370,338,125,124,126,128,404,130,426,385,364,427,365,362,360,361,376,378,372,377
310,309,368,369,370,338,125,127,404,128,129,130,426,385,384,427,365,366,362,360,361,371,372,377
310,309,368,369,370,338,125,127,126,128,404,130,426,385,384,427,365,366,362,360,361,371,372,377
310,309,368,367,369,370,338,125,127,404,128,129,130,426,385,364,427,365,362,360,361,376,378,372,377
310,308,309,368,367,369,370,338,125,124,126,128,129,449,426,130,364,363,360,361,371,372,377
310,309,368,367,369,370,338,125,127,126,128,404,130,426,385,364,427,365,362,360,361,376,378,372,377
310,309,368,367,369,370,338,125,127,404,128,129,449,426,385,384,427,365,362,360,361,376,378,372,377
310,308,309,368,367,369,370,338,125,127,404,130,426,385,384,427,364,363,360,361,376,379,378,372,377
310,309,368,369,370,338,125,127,126,128,129,449,426,385,364,427,365,366,362,360,361,371,372,377
310,308,309,368,367,369,370,338,125,124,126,128,404,130,426,385,364,363,360,361,371,372,377
310,308,309,368,363,364,385,384,427,381,153,151,382,383,366,365,362,360,361,376,378,372,377
310,309,368,369,370,338,125,124,126,127,404,130,364,427,365,366,362,360,361,371,372,377
310,309,368,369,370,338,125,127,126,128,129,449,426,130,364,427,365,366,362,360,361,371,372,377
310,309,368,363,364,385,384,427,381,153,151,382,383,366,365,362,360,361,376,379,378,372,377
310,309,368,369,370,338,125,127,404,128,129,130,426,385,364,427,365,366,362,360,361,371,372,377
310,309,368,369,370,338,125,127,126,128,404,130,426,385,364,427,365,366,362,360,361,371,372,377
310,309,368,369,370,338,125,127,404,128,129,449,426,385,384,427,365,366,362,360,361,371,372,377
310,309,368,367,369,370,338,125,127,404,128,129,449,426,385,364,427,365,362,360,361,376,378,372,377
310,308,309,368,369,370,338,125,124,126,128,129,130,364,363,360,361,376,379,378,372,377
310,308,309,368,363,364,427,384,154,153,381,382,383,366,362,360,361,376,379,378,372,377
310,309,368,369,370,338,125,124,126,127,404,130,364,385,384,427,365,362,360,361,376,378,372,377
310,309,368,367,369,370,338,125,127,404,130,129,449,426,385,384,427,365,362,360,361,376,378,372,377
310,308,309,368,367,369,370,338,125,127,126,128,129,130,364,363,360,361,376,379,378,372,377
310,309,368,369,370,338,125,124,126,127,404,130,426,385,384,427,365,362,360,361,376,378,372,377
310,309,368,369,370,338,125,127,126,128,129,449,426,130,364,385,384,427,365,362,360,361,376,378,372,377
310,309,368,369,370,338,125,124,126,128,129,130,364,427,365,366,362,360,361,376,378,372,377
310,309,368,367,369,370,338,125,127,126,128,129,130,364,427,365,366,362,360,361,376,378,372,377
310,309,368,367,369,370,338,125,127,404,128,129,449,426,130,364,427,365,362,360,361,376,378,372,377
310,309,368,363,364,427,384,154,153,151,150,383,366,362,360,361,376,378,372,377
310,309,368,369,370,338,125,127,404,128,129,449,426,385,364,427,365,366,362,360,361,371,372,377
310,308,309,368,369,370,338,125,124,126,128,129,130,364,427,365,362,360,361,371,372,377
310,309,368,369,370,338,125,127,404,130,129,449,426,385,384,427,365,366,362,360,361,371,372,377
310,309,368,367,369,370,338,125,127,404,130,129,449,426,385,364,427,365,362,360,361,376,378,372,377
310,308,309,368,367,369,370,338,125,127,126,128,129,130,364,427,365,362,360,361,371,372,377
310,309,368,369,370,338,125,124,126,127,404,130,426,385,364,427,365,362,360,361,376,378,372,377
310,309,368,369,370,338,125,127,404,128,129,449,426,130,364,427,365,366,362,360,361,371,372,377
310,308,309,368,367,369,370,338,125,124,126,127,404,130,426,385,364,363,360,361,371,372,377
310,308,309,368,369,370,338,125,124,126,128,404,130,364,363,360,361,376,379,378,372,377
310,309,368,369,370,338,125,127,404,130,129,449,426,385,364,427,365,366,362,360,361,371,372,377
310,308,309,368,367,369,370,338,125,127,404,128,129,130,364,363,360,361,376,379,378,372,377
310,309,368,369,370,338,125,127,126,128,129,130,364,385,384,427,365,366,362,360,361,376,378,372,377
310,308,309,368,367,369,370,338,125,127,126,128,404,130,364,363,360,361,376,379,378,372,377
310,309,368,369,370,338,125,127,404,128,129,449,426,130,364,385,384,427,365,362,360,361,376,378,372,377
310,309,368,369,370,338,125,124,126,128,404,130,364,427,365,366,362,360,361,376,378,372,377
310,309,368,363,364,385,384,154,393,155,153,381,427,365,362,360,361,376,378,372,377
310,309,368,369,370,338,125,127,126,128,129,130,426,385,384,427,365,366,362,360,361,376,378,372,377
310,309,368,367,369,370,338,125,127,404,128,129,130,364,427,365,366,362,360,361,376,378,372,377
310,309,368,367,369,370,338,125,127,126,128,404,130,364,427,365,366,362,360,361,376,378,372,377
310,308,309,368,367,369,370,338,125,124,126,128,129,130,426,385,364,363,360,361,376,378,372,377
310,309,368,369,370,338,125,127,404,130,364,385,384,154,153,381,427,365,362,360,361,376,378,372,377
310,309,368,369,370,338,125,127,404,130,426,385,384,154,153,381,427,365,362,360,361,376,378,372,377
310,308,309,368,369,370,338,125,127,126,128,129,130,364,385,384,427,365,362,360,361,371,372,377
310,308,309,368,369,370,338,125,124,126,128,404,130,364,427,365,362,360,361,371,372,377
310,309,368,367,369,370,338,125,124,126,128,129,130,364,385,384,427,365,362,360,361,371,372,377
310,308,309,368,369,370,338,125,127,126,128,129,130,426,385,384,427,365,362,360,361,371,372,377
310,308,309,368,369,370,338,125,127,126,128,129,130,426,385,364,363,360,361,376,379,378,372,377
310,308,309,368,367,369,370,338,125,127,404,128,129,130,364,427,365,362,360,361,371,372,377
310,309,368,367,369,370,338,125,124,126,128,129,130,426,385,384,427,365,362,360,361,371,372,377
310,308,309,368,367,369,370,338,125,127,126,128,404,130,364,427,365,362,360,361,371,372,377
310,309,368,367,369,370,338,125,124,126,128,129,130,426,385,364,363,360,361,376,379,378,372,377
310,309,368,369,370,338,125,127,126,128,129,130,426,385,364,427,365,366,362,360,361,376,378,372,377
310,309,368,369,370,338,125,127,126,128,129,449,426,385,384,427,365,366,362,360,361,376,378,372,377
310,308,309,368,367,369,370,338,125,124,126,128,129,449,426,385,364,363,360,361,376,378,372,377
310,309,368,369,370,338,125,127,404,128,129,130,364,385,384,427,365,366,362,360,361,376,378,372,377
310,309,368,369,370,338,125,127,126,128,404,130,364,385,384,427,365,366,362,360,361,376,378,372,377
310,308,309,368,369,370,338,125,127,126,128,129,130,426,385,364,427,365,362,360,361,371,372,377
310,309,368,369,370,338,125,127,404,128,129,130,426,385,384,427,365,366,362,360,361,376,378,372,377
310,309,368,367,369,370,338,125,124,126,128,129,130,426,385,364,427,365,362,360,361,371,372,377
310,309,368,369,370,338,125,127,126,128,404,130,426,385,384,427,365,366,362,360,361,376,378,372,377
310,308,309,368,369,370,338,125,127,126,128,129,449,426,385,384,427,365,362,360,361,371,372,377
310,308,309,368,369,370,338,125,127,126,128,129,449,426,385,364,363,360,361,376,379,378,372,377
310,308,309,368,367,369,370,338,125,124,126,128,129,449,426,130,364,363,360,361,376,378,372,377
310,309,368,363,364,130,426,385,384,154,153,381,427,365,362,360,361,371,372,377
310,309,368,367,369,370,338,125,124,126,128,129,449,426,385,384,427,365,362,360,361,371,372,377
310,309,368,367,369,370,338,125,124,126,128,129,449,426,385,364,363,360,361,376,379,378,372,377
310,308,309,368,367,369,370,338,125,127,404,130,364,385,384,427,381,382,383,366,362,360,361,376,379,378,372,377
310,309,368,369,370,338,125,127,126,128,129,449,426,385,364,427,365,366,362,360,361,376,378,372,377
310,308,309,368,367,369,370,338,125,124,126,128,404,130,426,385,364,363,360,361,376,378,372,377
310,309,368,363,364,385,384,427,381,153,151,150,383,366,362,360,361,371,372,377
310,308,309,368,367,369,370,338,125,127,404,130,426,385,384,427,381,382,383,366,362,360,361,376,379,378,372,377
310,308,309,368,369,370,338,125,124,126,127,404,130,364,363,360,361,376,379,378,372,377
310,308,309,368,369,370,338,125,127,404,128,129,130,364,385,384,427,365,362,360,361,371,372,377
310,308,309,368,369,370,338,125,127,126,128,129,449,426,130,364,363,360,361,376,379,378,372,377
310,308,309,368,369,370,338,125,127,126,128,404,130,364,385,384,427,365,362,360,361,371,372,377
310,309,368,369,370,338,125,124,126,127,404,130,364,427,365,366,362,360,361,376,378,372,377
310,309,368,367,369,370,338,125,124,126,128,129,449,426,130,364,363,360,361,376,379,378,372,377
310,309,368,367,369,370,338,125,124,126,128,404,130,364,385,384,427,365,362,360,361,371,372,377
310,308,309,368,369,370,338,125,127,404,128,129,130,426,385,384,427,365,362,360,361,371,372,377
310,308,309,368,369,370,338,125,127,404,128,129,130,426,385,364,363,360,361,376,379,378,372,377
310,308,309,368,369,370,338,125,127,126,128,404,130,426,385,384,427,365,362,360,361,371,372,377
310,308,309,368,369,370,338,125,127,126,128,404,130,426,385,364,363,360,361,376,379,378,372,377
310,309,368,369,370,338,125,127,126,128,129,449,426,130,364,427,365,366,362,360,361,376,378,372,377
310,309,368,367,369,370,338,125,124,126,128,404,130,426,385,384,427,365,362,360,361,371,372,377
310,309,368,367,369,370,338,125,124,126,128,404,130,426,385,364,363,360,361,376,379,378,372,377
310,309,368,369,370,338,125,127,404,128,129,130,426,385,364,427,365,366,362,360,361,376,378,372,377
310,309,368,369,370,338,125,127,126,128,404,130,426,385,364,427,365,366,362,360,361,376,378,372,377
310,308,309,368,369,370,338,125,127,126,128,129,449,426,385,364,427,365,362,360,361,371,372,377
310,309,368,369,370,338,125,127,404,128,129,449,426,385,384,427,365,366,362,360,361,376,378,372,377
310,309,368,367,369,370,338,125,124,126,128,129,449,426,385,364,427,365,362,360,361,371,372,377
310,309,368,363,364,385,384,154,153,151,150,383,366,365,362,360,361,371,372,377
310,308,309,368,367,369,370,338,125,127,404,130,426,385,364,427,381,382,383,366,362,360,361,376,379,378,372,377
310,308,309,368,369,370,338,125,124,126,127,404,130,364,427,365,362,360,361,371,372,377
310,309,368,363,364,385,384,427,381,382,151,150,383,366,362,360,361,371,372,377
310,308,309,368,369,370,338,125,127,126,128,129,449,426,130,364,427,365,362,360,361,371,372,377
310,309,368,367,369,370,338,125,124,126,128,129,449,426,130,364,427,365,362,360,361,371,372,377
310,308,309,368,369,370,338,125,127,404,128,129,130,426,385,364,427,365,362,360,361,371,372,377
310,308,309,368,369,370,338,125,127,126,128,404,130,426,385,364,427,365,362,360,361,371,372,377
310,309,368,367,369,370,338,125,124,126,128,404,130,426,385,364,427,365,362,360,361,371,372,377
310,308,309,368,369,370,338,125,127,404,128,129,449,426,385,384,427,365,362,360,361,371,372,377
310,308,309,368,369,370,338,125,127,404,128,129,449,426,385,364,363,360,361,376,379,378,372,377
310,309,368,369,370,338,125,127,404,128,129,449,426,385,364,427,365,366,362,360,361,376,378,372,377
310,308,309,368,369,370,338,125,124,126,128,129,130,364,427,365,362,360,361,376,378,372,377
310,309,368,369,370,338,125,127,404,130,129,449,426,385,384,427,365,366,362,360,361,376,378,372,377
310,308,309,368,369,370,338,125,127,404,128,129,449,426,130,364,363,360,361,376,379,378,372,377
310,308,309,368,367,369,370,338,125,127,126,128,129,130,364,427,365,362,360,361,376,378,372,377
310,309,368,369,370,338,125,127,404,128,129,449,426,130,364,427,365,366,362,360,361,376,378,372,377
310,308,309,368,363,364,385,384,427,381,153,151,382,383,366,362,360,361,376,379,378,372,377
310,309,368,369,370,338,125,124,126,128,129,130,364,427,365,362,360,361,376,379,378,372,377
310,308,309,368,369,370,338,125,127,404,128,129,449,426,385,364,427,365,362,360,361,371,372,377
310,308,309,368,367,369,370,338,125,124,126,127,404,130,426,385,364,363,360,361,376,378,372,377
310,309,368,367,369,370,338,125,127,126,128,129,130,364,427,365,362,360,361,376,379,378,372,377
310,308,309,368,369,370,338,125,127,404,130,129,449,426,385,384,427,365,362,360,361,371,372,377
310,308,309,368,369,370,338,125,127,404,130,129,449,426,385,364,363,360,361,376,379,378,372,377
310,309,368,369,370,338,125,124,126,128,129,449,426,130,364,385,384,427,365,362,360,361,371,372,377
310,309,368,367,369,370,338,125,124,126,127,404,130,364,385,384,427,365,362,360,361,371,372,377
310,309,368,369,370,338,125,127,404,130,129,449,426,385,364,427,365,366,362,360,361,376,378,372,377
310,308,309,368,369,370,338,125,127,126,128,129,130,364,427,365,366,362,360,361,371,372,377
310,308,309,368,369,370,338,125,127,404,128,129,449,426,130,364,427,365,362,360,361,371,372,377
310,309,368,367,369,370,338,125,124,126,127,404,130,426,385,384,427,365,362,360,361,371,372,377
310,309,368,367,369,370,338,125,127,126,128,129,449,426,130,364,385,384,427,365,362,360,361,371,372,377
310,309,368,367,369,370,338,125,124,126,128,129,130,364,427,365,366,362,360,361,371,372,377
310,309,368,367,369,370,338,125,124,126,127,404,130,426,385,364,363,360,361,376,379,378,372,377
310,308,309,368,363,364,385,384,154,153,151,382,383,366,365,362,360,361,376,379,378,372,377
310,308,309,368,367,369,370,338,125,127,404,130,364,427,381,382,383,366,365,362,360,361,376,379,378,372,377
310,309,368,363,364,130,129,449,426,385,384,427,365,366,362,360,361,371,372,377
310,309,368,363,364,427,381,153,151,150,383,366,365,362,360,361,371,372,377
310,308,309,368,369,370,338,125,127,404,130,129,449,426,385,364,427,365,362,360,361,371,372,377
310,308,309,368,369,370,338,125,127,126,128,129,130,364,385,384,427,365,362,360,361,376,378,372,377
310,308,309,368,369,370,338,125,124,126,128,404,130,364,427,365,362,360,361,376,378,372,377
310,309,368,367,369,370,338,125,124,126,128,129,130,364,385,384,427,365,362,360,361,376,378,372,377
310,308,309,368,369,370,338,125,127,126,128,129,130,426,385,384,427,365,362,360,361,376,378,372,377
310,308,309,368,367,369,370,338,125,127,404,128,129,130,364,427,365,362,360,361,376,378,372,377
310,309,368,367,369,370,338,125,124,126,128,129,130,426,385,384,427,365,362,360,361,376,378,372,377
310,308,309,368,367,369,370,338,125,127,126,128,404,130,364,427,365,362,360,361,376,378,372,377
310,309,368,367,369,370,338,125,124,126,127,404,130,426,385,364,427,365,362,360,361,371,372,377
310,309,368,369,370,338,125,127,126,128,129,130,364,385,384,427,365,362,360,361,376,379,378,372,377
310,309,368,369,370,338,125,124,126,128,404,130,364,427,365,362,360,361,376,379,378,372,377
310,309,368,369,370,338,125,127,126,128,129,130,426,385,384,427,365,362,360,361,376,379,378,372,377
310,309,368,367,369,370,338,125,127,404,128,129,130,364,427,365,362,360,361,376,379,378,372,377
310,309,368,367,369,370,338,125,127,126,128,404,130,364,427,365,362,360,361,376,379,378,372,377
310,309,368,363,364,427,381,382,151,150,383,366,365,362,360,361,371,372,377
310,309,368,369,370,338,125,124,126,128,129,130,364,385,384,427,365,366,362,360,361,371,372,377
310,308,309,368,369,370,338,125,127,404,128,129,130,364,427,365,366,362,360,361,371,372,377
310,309,368,369,370,338,125,124,126,128,129,130,426,385,384,427,365,366,362,360,361,371,372,377
310,308,309,368,369,370,338,125,127,126,128,404,130,364,427,365,366,362,360,361,371,372,377
310,309,368,367,369,370,338,125,127,126,128,129,130,364,385,384,427,365,366,362,360,361,371,372,377
310,308,309,368,369,370,338,125,127,126,128,129,130,426,385,364,427,365,362,360,361,376,378,372,377
310,309,368,367,369,370,338,125,127,404,128,129,449,426,130,364,385,384,427,365,362,360,361,371,372,377
310,309,368,367,369,370,338,125,124,126,128,404,130,364,427,365,366,362,360,361,371,372,377
310,308,309,368,369,370,338,125,127,404,130,364,385,384,427,381,382,383,366,365,362,360,361,376,379,378,372,377
310,309,368,367,369,370,338,125,124,126,128,129,130,426,385,364,427,365,362,360,361,376,378,372,377
310,308,309,368,369,370,338,125,127,126,128,129,449,426,385,384,427,365,362,360,361,376,378,372,377
310,309,368,367,369,370,338,125,127,126,128,129,130,426,385,384,427,365,366,362,360,361,371,372,377
310,309,368,363,364,130,426,385,384,154,153,381,427,365,362,360,361,376,378,372,377
310,309,368,367,369,370,338,125,124,126,128,129,449,426,385,384,427,365,362,360,361,376,378,372,377
310,308,309,368,369,370,338,125,127,404,130,426,385,384,427,381,382,383,366,365,362,360,361,376,379,378,372,377
310,309,368,363,364,385,384,427,381,153,151,150,383,366,362,360,361,376,378,372,377
310,309,368,367,369,370,338,125,127,404,130,364,385,384,154,153,381,427,365,362,360,361,371,372,377
310,309,368,369,370,338,125,127,126,128,129,130,426,385,364,427,365,362,360,361,376,379,378,372,377
310,308,309,368,369,370,338,125,127,404,128,129,130,364,385,384,427,365,362,360,361,376,378,372,377
310,308,309,368,369,370,338,125,127,126,128,404,130,364,385,384,427,365,362,360,361,376,378,372,377
310,309,368,369,370,338,125,127,126,128,129,449,426,385,384,427,365,362,360,361,376,379,378,372,377
310,309,368,367,369,370,338,125,127,404,130,426,385,384,154,153,381,427,365,362,360,361,371,372,377
310,309,368,367,369,370,338,125,124,126,128,404,130,364,385,384,427,365,362,360,361,376,378,372,377
310,308,309,368,363,364,385,384,154,153,381,382,383,366,365,362,360,361,376,379,378,372,377
310,308,309,368,369,370,338,125,127,404,128,129,130,426,385,384,427,365,362,360,361,376,378,372,377
310,308,309,368,369,370,338,125,127,126,128,404,130,426,385,384,427,365,362,360,361,376,378,372,377
310,309,368,367,369,370,338,125,124,126,128,404,130,426,385,384,427,365,362,360,361,376,378,372,377
310,309,368,363,364,385,384,154,393,155,394,151,153,381,427,365,362,360,361,371,372,377
310,309,368,369,370,338,125,124,126,128,129,130,426,385,364,427,365,366,362,360,361,371,372,377
310,308,309,368,363,364,427,381,153,151,382,383,366,365,362,360,361,376,379,378,372,377
310,309,368,369,370,338,125,124,126,128,129,449,426,385,384,427,365,366,362,360,361,371,372,377
310,308,309,368,369,370,338,125,127,126,128,129,449,426,385,364,427,365,362,360,361,376,378,372,377
310,309,368,367,369,370,338,125,127,126,128,129,130,426,385,364,427,365,366,362,360,361,371,372,377
310,309,368,367,369,370,338,125,124,126,128,129,449,426,385,364,427,365,362,360,361,376,378,372,377
310,309,368,369,370,338,125,127,404,128,129,130,364,385,384,427,365,362,360,361,376,379,378,372,377
310,308,309,368,369,370,338,125,127,404,130,426,385,364,427,381,382,383,366,365,362,360,361,376,379,378,372,377
310,309,368,369,370,338,125,127,126,128,404,130,364,385,384,427,365,362,360,361,376,379,378,372,377
310,309,368,367,369,370,338,125,127,126,128,129,449,426,385,384,427,365,366,362,360,361,371,372,377
310,309,368,363,364,385,384,154,153,151,150,383,366,365,362,360,361,376,378,372,377
310,309,368,369,370,338,125,127,404,128,129,130,426,385,384,427,365,362,360,361,376,379,378,372,377
310,309,368,369,370,338,125,127,126,128,404,130,426,385,384,427,365,362,360,361,376,379,378,372,377
310,308,309,368,369,370,338,125,124,126,127,404,130,364,427,365,362,360,361,376,378,372,377
310,309,368,363,364,385,384,427,381,382,151,150,383,366,362,360,361,376,378,372,377
310,308,309,368,369,370,338,125,127,126,128,129,449,426,130,364,427,365,362,360,361,376,378,372,377
310,309,368,369,370,338,125,124,126,128,404,130,364,385,384,427,365,366,362,360,361,371,372,377
310,309,368,369,370,338,125,127,126,128,129,449,426,385,364,427,365,362,360,361,376,379,378,372,377
310,309,368,367,369,370,338,125,124,126,128,129,449,426,130,364,427,365,362,360,361,376,378,372,377
310,309,368,367,369,370,338,125,127,404,128,129,130,364,385,384,427,365,366,362,360,361,371,372,377
310,308,309,368,369,370,338,125,127,404,128,129,130,426,385,364,427,365,362,360,361,376,378,372,377
310,309,368,369,370,338,125,124,126,128,404,130,426,385,384,427,365,366,362,360,361,371,372,377
310,309,368,367,369,370,338,125,127,126,128,404,130,364,385,384,427,365,366,362,360,361,371,372,377
310,308,309,368,369,370,338,125,127,126,128,404,130,426,385,364,427,365,362,360,361,376,378,372,377
310,309,368,367,369,370,338,125,124,126,128,404,130,426,385,364,427,365,362,360,361,376,378,372,377
310,308,309,368,369,370,338,125,127,404,128,129,449,426,385,384,427,365,362,360,361,376,378,372,377
310,309,368,367,369,370,338,125,127,404,128,129,130,426,385,384,427,365,366,362,360,361,371,372,377
310,309,368,367,369,370,338,125,127,126,128,404,130,426,385,384,427,365,366,362,360,361,371,372,377
310,309,368,369,370,338,125,124,126,127,404,130,364,427,365,362,360,361,376,379,378,372,377
310,309,368,363,364,385,384,154,393,155,394,151,382,381,427,365,362,360,361,371,372,377
310,309,368,369,370,338,125,124,126,128,129,449,426,385,364,427,365,366,362,360,361,371,372,377
310,309,368,369,370,338,125,127,126,128,129,449,426,130,364,427,365,362,360,361,376,379,378,372,377
310,309,368,367,369,370,338,125,127,126,128,129,449,426,385,364,427,365,366,362,360,361,371,372,377
310,309,368,369,370,338,125,127,404,128,129,130,426,385,364,427,365,362,360,361,376,379,378,372,377
310,309,368,369,370,338,125,127,126,128,404,130,426,385,364,427,365,362,360,361,376,379,378,372,377
310,309,368,369,370,338,125,127,404,128,129,449,426,385,384,427,365,362,360,361,376,379,378,372,377
310,309,368,369,370,338,125,124,126,128,129,449,426,130,364,427,365,366,362,360,361,371,372,377
310,309,368,367,369,370,338,125,124,126,127,404,130,364,427,365,366,362,360,361,371,372,377
310,309,368,363,364,385,384,154,393,155,153,151,382,381,427,365,362,360,361,371,372,377
310,309,368,367,369,370,338,125,127,126,128,129,449,426,130,364,427,365,366,362,360,361,371,372,377
310,309,368,369,370,338,125,124,126,128,404,130,426,385,364,427,365,366,362,360,361,371,372,377
310,308,309,368,369,370,338,125,127,404,128,129,449,426,385,364,427,365,362,360,361,376,378,372,377
310,309,368,367,369,370,338,125,127,404,128,129,130,426,385,364,427,365,366,362,360,361,371,372,377
310,309,368,367,369,370,338,125,127,126,128,404,130,426,385,364,427,365,366,362,360,361,371,372,377
310,309,368,369,370,338,125,127,404,130,364,385,384,154,153,151,382,381,427,365,362,360,361,371,372,377
310,309,368,367,369,370,338,125,127,404,128,129,449,426,385,384,427,365,366,362,360,361,371,372,377
310,308,309,368,369,370,338,125,127,404,130,129,449,426,385,384,427,365,362,360,361,376,378,372,377
310,308,309,368,363,364,385,384,154,153,151,150,383,366,362,360,361,371,372,377
310,309,368,369,370,338,125,127,404,130,426,385,384,154,153,151,382,381,427,365,362,360,361,371,372,377
310,308,309,368,367,369,370,338,125,124,126,128,129,130,364,363,360,361,376,379,378,372,377
310,309,368,369,370,338,125,124,126,128,129,449,426,130,364,385,384,427,365,362,360,361,376,378,372,377
310,309,368,367,369,370,338,125,124,126,127,404,130,364,385,384,427,365,362,360,361,376,378,372,377
310,309,368,363,364,385,384,154,153,155,394,151,382,381,427,365,362,360,361,371,372,377
310,308,309,368,369,370,338,125,127,126,128,129,130,364,427,365,366,362,360,361,376,378,372,377
310,308,309,368,369,370,338,125,127,404,128,129,449,426,130,364,427,365,362,360,361,376,378,372,377
310,309,368,367,369,370,338,125,124,126,127,404,130,426,385,384,427,365,362,360,361,376,378,372,377
310,309,368,369,370,338,125,127,404,128,129,449,426,385,364,427,365,362,360,361,376,379,378,372,377
310,309,368,367,369,370,338,125,127,126,128,129,449,426,130,364,385,384,427,365,362,360,361,376,378,372,377
310,309,368,367,369,370,338,125,124,126,128,129,130,364,427,365,366,362,360,361,376,378,372,377
310,309,368,369,370,338,125,127,404,130,129,449,426,385,384,427,365,362,360,361,376,379,378,372,377
310,309,368,363,364,427,384,154,153,151,150,383,366,365,362,360,361,371,372,377
310,309,368,363,364,130,129,449,426,385,384,427,365,366,362,360,361,376,378,372,377
310,309,368,363,364,427,381,153,151,150,383,366,365,362,360,361,376,378,372,377
310,309,368,369,370,338,125,127,126,128,129,130,364,427,365,366,362,360,361,376,379,378,372,377
310,309,368,369,370,338,125,127,404,128,129,449,426,130,364,427,365,362,360,361,376,379,378,372,377
310,309,368,367,369,370,338,125,127,404,128,129,449,426,385,364,427,365,366,362,360,361,371,372,377
310,308,309,368,369,370,338,125,127,404,130,129,449,426,385,364,427,365,362,360,361,376,378,372,377
310,309,368,369,370,338,125,124,126,127,404,130,364,385,384,427,365,366,362,360,361,371,372,377
310,308,309,368,367,369,370,338,125,124,126,128,129,130,364,427,365,362,360,361,371,372,377
310,309,368,367,369,370,338,125,127,404,130,129,449,426,385,384,427,365,366,362,360,361,371,372,377
310,309,368,369,370,338,125,124,126,127,404,130,426,385,384,427,365,366,362,360,361,371,372,377
310,309,368,369,370,338,125,127,126,128,129,449,426,130,364,385,384,427,365,366,362,360,361,371,372,377
310,309,368,367,369,370,338,125,124,126,127,404,130,426,385,364,427,365,362,360,361,376,378,372,377
310,308,309,368,363,364,130,129,449,426,385,384,427,365,362,360,361,371,372,377
310,309,368,367,369,370,338,125,127,404,128,129,449,426,130,364,427,365,366,362,360,361,371,372,377
310,309,368,369,370,338,125,127,404,130,129,449,426,385,364,427,365,362,360,361,376,379,378,372,377
310,309,368,363,364,427,381,382,151,150,383,366,365,362,360,361,376,378,372,377
310,309,368,369,370,338,125,124,126,128,129,130,364,385,384,427,365,366,362,360,361,376,378,372,377
310,308,309,368,367,369,370,338,125,124,126,128,404,130,364,363,360,361,376,379,378,372,377
310,308,309,368,369,370,338,125,127,404,128,129,130,364,427,365,366,362,360,361,376,378,372,377
310,309,368,367,369,370,338,125,127,404,130,129,449,426,385,364,427,365,366,362,360,361,371,372,377
310,309,368,369,370,338,125,124,126,128,129,130,426,385,384,427,365,366,362,360,361,376,378,372,377
310,308,309,368,369,370,338,125,127,126,128,404,130,364,427,365,366,362,360,361,376,378,372,377
310,309,368,367,369,370,338,125,127,126,128,129,130,364,385,384,427,365,366,362,360,361,376,378,372,377
310,309,368,367,369,370,338,125,127,404,128,129,449,426,130,364,385,384,427,365,362,360,361,376,378,372,377
310,309,368,367,369,370,338,125,124,126,128,404,130,364,427,365,366,362,360,361,376,378,372,377
310,309,368,369,370,338,125,124,126,127,404,130,426,385,364,427,365,366,362,360,361,371,372,377
310,309,368,367,369,370,338,125,127,126,128,129,130,426,385,384,427,365,366,362,360,361,376,378,372,377
310,308,309,368,363,364,427,381,153,151,150,383,366,362,360,361,371,372,377
310,309,368,369,370,338,125,127,404,128,129,130,364,427,365,366,362,360,361,376,379,378,372,377
310,309,368,367,369,370,338,125,127,404,130,364,385,384,154,153,381,427,365,362,360,361,376,378,372,377
310,308,309,368,369,370,338,125,124,126,128,129,130,364,385,384,427,365,362,360,361,371,372,377
310,309,368,369,370,338,125,127,126,128,404,130,364,427,365,366,362,360,361,376,379,378,372,377
310,309,368,367,369,370,338,125,127,404,130,426,385,384,154,153,381,427,365,362,360,361,376,378,372,377
310,308,309,368,369,370,338,125,124,126,128,129,130,426,385,384,427,365,362,360,361,371,372,377
310,308,309,368,367,369,370,338,125,127,126,128,129,130,364,385,384,427,365,362,360,361,371,372,377
310,308,309,368,369,370,338,125,124,126,128,129,130,426,385,364,363,360,361,376,379,378,372,377
310,308,309,368,367,369,370,338,125,124,126,128,404,130,364,427,365,362,360,361,371,372,377
310,308,309,368,363,364,427,384,154,153,151,382,383,366,365,362,360,361,376,379,378,372,377
310,308,309,368,367,369,370,338,125,127,126,128,129,130,426,385,384,427,365,362,360,361,371,372,377
310,309,368,369,370,338,125,127,404,128,129,449,426,130,364,385,384,427,365,366,362,360,361,371,372,377
310,308,309,368,367,369,370,338,125,127,126,128,129,130,426,385,364,363,360,361,376,379,378,372,377
310,309,368,363,364,385,384,154,393,155,394,151,153,381,427,365,362,360,361,376,378,372,377
310,309,368,369,370,338,125,124,126,128,129,130,426,385,364,427,365,366,362,360,361,376,378,372,377
310,309,368,363,364,385,384,154,393,155,153,381,427,365,366,362,360,361,371,372,377
310,309,368,369,370,338,125,124,126,128,129,449,426,385,384,427,365,366,362,360,361,376,378,372,377
310,309,368,367,369,370,338,125,127,126,128,129,130,426,385,364,427,365,366,362,360,361,376,378,372,377
310,309,368,367,369,370,338,125,127,126,128,129,449,426,385,384,427,365,366,362,360,361,376,378,372,377
310,309,368,369,370,338,125,127,404,130,364,385,384,154,153,381,427,365,366,362,360,361,371,372,377
310,308,309,368,363,364,427,381,382,151,150,383,366,362,360,361,371,372,377
310,309,368,369,370,338,125,127,404,130,426,385,384,154,153,381,427,365,366,362,360,361,371,372,377
310,308,309,368,363,364,130,426,385,384,427,381,382,383,366,365,362,360,361,376,379,378,372,377
310,309,368,369,370,338,125,124,126,128,404,130,364,385,384,427,365,366,362,360,361,376,378,372,377
310,308,309,368,369,370,338,125,124,126,128,129,130,426,385,364,427,365,362,360,361,371,372,377
310,309,368,367,369,370,338,125,127,404,128,129,130,364,385,384,427,365,366,362,360,361,376,378,372,377
310,309,368,369,370,338,125,124,126,128,404,130,426,385,384,427,365,366,362,360,361,376,378,372,377
310,308,309,368,369,370,338,125,124,126,128,129,449,426,385,384,427,365,362,360,361,371,372,377
310,309,368,367,369,370,338,125,127,126,128,404,130,364,385,384,427,365,366,362,360,361,376,378,372,377
310,308,309,368,369,370,338,125,124,126,128,129,449,426,385,364,363,360,361,376,379,378,372,377
310,308,309,368,367,369,370,338,125,127,126,128,129,130,426,385,364,427,365,362,360,361,371,372,377
310,309,368,367,369,370,338,125,127,404,128,129,130,426,385,384,427,365,366,362,360,361,376,378,372,377
310,309,368,367,369,370,338,125,127,126,128,404,130,426,385,384,427,365,366,362,360,361,376,378,372,377
310,308,309,368,367,369,370,338,125,127,126,128,129,449,426,385,384,427,365,362,360,361,371,372,377
310,308,309,368,367,369,370,338,125,127,126,128,129,449,426,385,364,363,360,361,376,379,378,372,377
310,309,368,363,364,385,384,154,393,155,394,151,382,381,427,365,362,360,361,376,378,372,377
310,309,368,369,370,338,125,124,126,128,129,449,426,385,364,427,365,366,362,360,361,376,378,372,377
310,309,368,367,369,370,338,125,127,126,128,129,449,426,385,364,427,365,366,362,360,361,376,378,372,377
310,308,309,368,369,370,338,125,124,126,128,129,449,426,130,364,363,360,361,376,379,378,372,377
310,308,309,368,367,369,370,338,125,124,126,127,404,130,364,363,360,361,376,379,378,372,377
310,308,309,368,369,370,338,125,124,126,128,404,130,364,385,384,427,365,362,360,361,371,372,377
310,308,309,368,367,369,370,338,125,127,404,128,129,130,364,385,384,427,365,362,360,361,371,372,377
310,308,309,368,367,369,370,338,125,127,126,128,129,449,426,130,364,363,360,361,376,379,378,372,377
310,308,309,368,369,370,338,125,124,126,128,404,130,426,385,384,427,365,362,360,361,371,372,377
310,308,309,368,367,369,370,338,125,127,126,128,404,130,364,385,384,427,365,362,360,361,371,372,377
310,308,309,368,369,370,338,125,124,126,128,404,130,426,385,364,363,360,361,376,379,378,372,377
310,309,368,369,370,338,125,124,126,128,129,449,426,130,364,427,365,366,362,360,361,376,378,372,377
310,309,368,367,369,370,338,125,124,126,127,404,130,364,427,365,366,362,360,361,376,378,372,377
310,309,368,363,364,385,384,154,393,155,153,151,382,381,427,365,362,360,361,376,378,372,377
310,308,309,368,367,369,370,338,125,127,404,128,129,130,426,385,384,427,365,362,360,361,371,372,377
310,308,309,368,367,369,370,338,125,127,404,128,129,130,426,385,364,363,360,361,376,379,378,372,377
310,308,309,368,367,369,370,338,125,127,126,128,404,130,426,385,384,427,365,362,360,361,371,372,377
310,308,309,368,367,369,370,338,125,127,126,128,404,130,426,385,364,363,360,361,376,379,378,372,377
310,309,368,367,369,370,338,125,127,126,128,129,449,426,130,364,427,365,366,362,360,361,376,378,372,377
310,309,368,369,370,338,125,124,126,128,404,130,426,385,364,427,365,366,362,360,361,376,378,372,377
310,308,309,368,369,370,338,125,124,126,128,129,449,426,385,364,427,365,362,360,361,371,372,377
310,309,368,367,369,370,338,125,127,404,128,129,130,426,385,364,427,365,366,362,360,361,376,378,372,377
310,309,368,367,369,370,338,125,127,126,128,404,130,426,385,364,427,365,366,362,360,361,376,378,372,377
310,308,309,368,367,369,370,338,125,127,126,128,129,449,426,385,364,427,365,362,360,361,371,372,377
310,309,368,369,370,338,125,127,404,130,364,385,384,154,153,151,382,381,427,365,362,360,361,376,378,372,377
310,309,368,367,369,370,338,125,127,404,128,129,449,426,385,384,427,365,366,362,360,361,376,378,372,377
310,308,309,368,363,364,427,384,154,153,381,382,383,366,365,362,360,361,376,379,378,372,377
310,308,309,368,363,364,385,384,154,153,151,150,383,366,362,360,361,376,378,372,377
310,309,368,369,370,338,125,127,404,130,426,385,384,154,153,151,382,381,427,365,362,360,361,376,378,372,377
310,308,309,368,369,370,338,125,124,126,128,129,449,426,130,364,427,365,362,360,361,371,372,377
310,308,309,368,367,369,370,338,125,124,126,127,404,130,364,427,365,362,360,361,371,372,377
310,309,368,363,364,385,384,154,153,155,394,151,382,381,427,365,362,360,361,376,378,372,377
310,308,309,368,367,369,370,338,125,127,126,128,129,449,426,130,364,427,365,362,360,361,371,372,377
310,308,309,368,369,370,338,125,124,126,128,404,130,426,385,364,427,365,362,360,361,371,372,377
310,309,368,363,364,427,384,154,153,151,150,383,366,365,362,360,361,376,378,372,377
310,308,309,368,367,369,370,338,125,127,404,128,129,130,426,385,364,427,365,362,360,361,371,372,377
310,309,368,363,364,385,384,154,153,151,150,383,366,362,360,361,376,379,378,372,377
310,308,309,368,367,369,370,338,125,127,126,128,404,130,426,385,364,427,365,362,360,361,371,372,377
310,308,309,368,367,369,370,338,125,127,404,128,129,449,426,385,384,427,365,362,360,361,371,372,377
310,308,309,368,367,369,370,338,125,127,404,128,129,449,426,385,364,363,360,361,376,379,378,372,377
310,309,368,367,369,370,338,125,127,404,128,129,449,426,385,364,427,365,366,362,360,361,376,378,372,377
310,309,368,369,370,338,125,124,126,127,404,130,364,385,384,427,365,366,362,360,361,376,378,372,377
310,308,309,368,367,369,370,338,125,124,126,128,129,130,364,427,365,362,360,361,376,378,372,377
310,309,368,367,369,370,338,125,127,404,130,129,449,426,385,384,427,365,366,362,360,361,376,378,372,377
310,308,309,368,367,369,370,338,125,127,404,128,129,449,426,130,364,363,360,361,376,379,378,372,377
310,309,368,369,370,338,125,124,126,127,404,130,426,385,384,427,365,366,362,360,361,376,378,372,377
310,309,368,369,370,338,125,127,126,128,129,449,426,130,364,385,384,427,365,366,362,360,361,376,378,372,377
310,308,309,368,363,364,130,129,449,426,385,384,427,365,362,360,361,376,378,372,377
310,309,368,367,369,370,338,125,127,404,128,129,449,426,130,364,427,365,366,362,360,361,376,378,372,377
310,309,368,363,364,130,426,385,384,154,153,151,382,381,427,365,362,360,361,371,372,377
310,308,309,368,369,370,338,125,127,126,128,129,130,364,427,365,362,360,361,376,379,378,372,377
310,309,368,367,369,370,338,125,124,126,128,129,130,364,427,365,362,360,361,376,379,378,372,377
310,308,309,368,367,369,370,338,125,127,404,128,129,449,426,385,364,427,365,362,360,361,371,372,377
310,308,309,368,369,370,338,125,124,126,127,404,130,364,385,384,427,365,362,360,361,371,372,377
310,308,309,368,367,369,370,338,125,127,404,130,129,449,426,385,384,427,365,362,360,361,371,372,377
310,308,309,368,367,369,370,338,125,127,404,130,129,449,426,385,364,363,360,361,376,379,378,372,377
310,309,368,363,364,130,129,449,426,385,384,427,365,362,360,361,376,379,378,372,377
310,308,309,368,369,370,338,125,124,126,127,404,130,426,385,384,427,365,362,360,361,371,372,377
310,308,309,368,369,370,338,125,127,126,128,129,449,426,130,364,385,384,427,365,362,360,361,371,372,377
310,308,309,368,369,370,338,125,124,126,128,129,130,364,427,365,366,362,360,361,371,372,377
310,308,309,368,369,370,338,125,124,126,127,404,130,426,385,364,363,360,361,376,379,378,372,377
310,309,368,367,369,370,338,125,124,126,128,129,449,426,130,364,385,384,427,365,362,360,361,371,372,377
310,309,368,367,369,370,338,125,127,404,130,129,449,426,385,364,427,365,366,362,360,361,376,378,372,377
310,308,309,368,367,369,370,338,125,127,126,128,129,130,364,427,365,366,362,360,361,371,372,377
310,308,309,368,367,369,370,338,125,127,404,128,129,449,426,130,364,427,365,362,360,361,371,372,377
310,309,368,369,370,338,125,124,126,127,404,130,426,385,364,427,365,366,362,360,361,376,378,372,377
310,308,309,368,363,364,427,384,154,153,151,150,383,366,362,360,361,371,372,377
310,308,309,368,363,364,427,381,153,151,150,383,366,362,360,361,376,378,372,377
310,308,309,368,369,370,338,125,124,126,128,129,130,364,385,384,427,365,362,360,361,376,378,372,377
310,308,309,368,367,369,370,338,125,127,404,130,129,449,426,385,364,427,365,362,360,361,371,372,377
310,308,309,368,369,370,338,125,124,126,128,129,130,426,385,384,427,365,362,360,361,376,378,372,377
310,308,309,368,367,369,370,338,125,127,126,128,129,130,364,385,384,427,365,362,360,361,376,378,372,377
310,308,309,368,367,369,370,338,125,124,126,128,404,130,364,427,365,362,360,361,376,378,372,377
310,308,309,368,369,370,338,125,124,126,127,404,130,426,385,364,427,365,362,360,361,371,372,377
310,308,309,368,367,369,370,338,125,127,126,128,129,130,426,385,384,427,365,362,360,361,376,378,372,377
310,309,368,369,370,338,125,127,404,128,129,449,426,130,364,385,384,427,365,366,362,360,361,376,378,372,377
310,309,368,363,364,427,381,153,151,150,383,366,362,360,361,376,379,378,372,377
310,309,368,363,364,385,384,154,393,155,153,381,427,365,366,362,360,361,376,378,372,377
310,309,368,369,370,338,125,124,126,128,129,130,364,385,384,427,365,362,360,361,376,379,378,372,377
310,308,309,368,369,370,338,125,127,404,128,129,130,364,427,365,362,360,361,376,379,378,372,377
310,309,368,369,370,338,125,124,126,128,129,130,426,385,384,427,365,362,360,361,376,379,378,372,377
310,308,309,368,369,370,338,125,127,126,128,404,130,364,427,365,362,360,361,376,379,378,372,377
310,309,368,367,369,370,338,125,127,126,128,129,130,364,385,384,427,365,362,360,361,376,379,378,372,377
310,309,368,367,369,370,338,125,124,126,128,404,130,364,427,365,362,360,361,376,379,378,372,377
310,309,368,369,370,338,125,127,404,130,364,385,384,154,153,381,427,365,366,362,360,361,376,378,372,377
310,309,368,367,369,370,338,125,127,126,128,129,130,426,385,384,427,365,362,360,361,376,379,378,372,377
310,308,309,368,363,364,427,381,382,151,150,383,366,362,360,361,376,378,372,377
310,309,368,369,370,338,125,127,404,130,426,385,384,154,153,381,427,365,366,362,360,361,376,378,372,377
310,308,309,368,369,370,338,125,127,126,128,129,130,364,385,384,427,365,366,362,360,361,371,372,377
310,308,309,368,369,370,338,125,127,404,128,129,449,426,130,364,385,384,427,365,362,360,361,371,372,377
310,308,309,368,369,370,338,125,124,126,128,404,130,364,427,365,366,362,360,361,371,372,377
310,309,368,367,369,370,338,125,124,126,128,129,130,364,385,384,427,365,366,362,360,361,371,372,377
310,308,309,368,369,370,338,125,124,126,128,129,130,426,385,364,427,365,362,360,361,376,378,372,377
310,308,309,368,363,364,385,384,154,393,155,153,381,427,365,362,360,361,371,372,377
310,308,309,368,369,370,338,125,127,126,128,129,130,426,385,384,427,365,366,362,360,361,371,372,377
310,308,309,368,369,370,338,125,124,126,128,129,449,426,385,384,427,365,362,360,361,376,378,372,377
310,308,309,368,367,369,370,338,125,127,404,128,129,130,364,427,365,366,362,360,361,371,372,377
310,309,368,367,369,370,338,125,124,126,128,129,130,426,385,384,427,365,366,362,360,361,371,372,377
310,308,309,368,367,369,370,338,125,127,126,128,404,130,364,427,365,366,362,360,361,371,372,377
310,308,309,368,367,369,370,338,125,127,126,128,129,130,426,385,364,427,365,362,360,361,376,378,372,377
310,308,309,368,367,369,370,338,125,127,404,130,364,385,384,427,381,382,383,366,365,362,360,361,376,379,378,372,377
310,308,309,368,367,369,370,338,125,127,126,128,129,449,426,385,384,427,365,362,360,361,376,378,372,377
310,309,368,363,364,427,381,382,151,150,383,366,362,360,361,376,379,378,372,377
310,309,368,363,364,385,384,427,381,153,151,150,383,366,365,362,360,361,371,372,377
310,308,309,368,367,369,370,338,125,127,404,130,426,385,384,427,381,382,383,366,365,362,360,361,376,379,378,372,377
310,308,309,368,369,370,338,125,127,404,130,364,385,384,154,153,381,427,365,362,360,361,371,372,377
310,309,368,369,370,338,125,124,126,128,129,130,426,385,364,427,365,362,360,361,376,379,378,372,377
310,308,309,368,369,370,338,125,127,404,130,426,385,384,154,153,381,427,365,362,360,361,371,372,377
310,308,309,368,369,370,338,125,124,126,128,404,130,364,385,384,427,365,362,360,361,376,378,372,377
310,309,368,369,370,338,125,124,126,128,129,449,426,385,384,427,365,362,360,361,376,379,378,372,377
310,309,368,367,369,370,338,125,127,126,128,129,130,426,385,364,427,365,362,360,361,376,379,378,372,377
310,308,309,368,367,369,370,338,125,127,404,128,129,130,364,385,384,427,365,362,360,361,376,378,372,377
310,308,309,368,369,370,338,125,124,126,128,404,130,426,385,384,427,365,362,360,361,376,378,372,377
310,308,309,368,367,369,370,338,125,127,126,128,404,130,364,385,384,427,365,362,360,361,376,378,372,377
310,309,368,367,369,370,338,125,127,126,128,129,449,426,385,384,427,365,362,360,361,376,379,378,372,377
310,308,309,368,367,369,370,338,125,127,404,128,129,130,426,385,384,427,365,362,360,361,376,378,372,377
310,308,309,368,367,369,370,338,125,127,126,128,404,130,426,385,384,427,365,362,360,361,376,378,372,377
310,308,309,368,369,370,338,125,127,126,128,129,130,426,385,364,427,365,366,362,360,361,371,372,377
310,308,309,368,369,370,338,125,124,126,128,129,449,426,385,364,427,365,362,360,361,376,378,372,377
310,309,368,367,369,370,338,125,124,126,128,129,130,426,385,364,427,365,366,362,360,361,371,372,377
310,308,309,368,369,370,338,125,127,126,128,129,449,426,385,384,427,365,366,362,360,361,371,372,377
310,309,368,369,370,338,125,124,126,128,404,130,364,385,384,427,365,362,360,361,376,379,378,372,377
310,309,368,363,364,130,426,385,384,154,153,381,427,365,366,362,360,361,371,372,377
310,309,368,367,369,370,338,125,124,126,128,129,449,426,385,384,427,365,366,362,360,361,371,372,377
310,308,309,368,367,369,370,338,125,127,126,128,129,449,426,385,364,427,365,362,360,361,376,378,372,377
310,309,368,367,369,370,338,125,127,404,128,129,130,364,385,384,427,365,362,360,361,376,379,378,372,377
310,309,368,369,370,338,125,124,126,128,404,130,426,385,384,427,365,362,360,361,376,379,378,372,377
310,308,309,368,367,369,370,338,125,127,404,130,426,385,364,427,381,382,383,366,365,362,360,361,376,379,378,372,377
310,309,368,367,369,370,338,125,127,126,128,404,130,364,385,384,427,365,362,360,361,376,379,378,372,377
310,309,368,363,364,385,384,427,381,382,151,150,383,366,365,362,360,361,371,372,377
310,309,368,367,369,370,338,125,127,404,128,129,130,426,385,384,427,365,362,360,361,376,379,378,372,377
310,309,368,367,369,370,338,125,127,126,128,404,130,426,385,384,427,365,362,360,361,376,379,378,372,377
310,308,309,368,369,370,338,125,124,126,128,129,449,426,130,364,427,365,362,360,361,376,378,372,377
310,308,309,368,367,369,370,338,125,124,126,127,404,130,364,427,365,362,360,361,376,378,372,377
310,309,368,369,370,338,125,124,126,128,129,449,426,385,364,427,365,362,360,361,376,379,378,372,377
310,308,309,368,369,370,338,125,127,404,128,129,130,364,385,384,427,365,366,362,360,361,371,372,377
310,308,309,368,369,370,338,125,127,126,128,404,130,364,385,384,427,365,366,362,360,361,371,372,377
310,308,309,368,367,369,370,338,125,127,126,128,129,449,426,130,364,427,365,362,360,361,376,378,372,377
310,309,368,367,369,370,338,125,124,126,128,404,130,364,385,384,427,365,366,362,360,361,371,372,377
310,308,309,368,369,370,338,125,124,126,128,404,130,426,385,364,427,365,362,360,361,376,378,372,377
310,309,368,367,369,370,338,125,127,126,128,129,449,426,385,364,427,365,362,360,361,376,379,378,372,377
310,308,309,368,369,370,338,125,127,404,128,129,130,426,385,384,427,365,366,362,360,361,371,372,377
310,308,309,368,369,370,338,125,127,126,128,404,130,426,385,384,427,365,366,362,360,361,371,372,377
310,308,309,368,367,369,370,338,125,127,404,128,129,130,426,385,364,427,365,362,360,361,376,378,372,377
310,309,368,367,369,370,338,125,124,126,128,404,130,426,385,384,427,365,366,362,360,361,371,372,377
310,308,309,368,367,369,370,338,125,127,126,128,404,130,426,385,364,427,365,362,360,361,376,378,372,377
310,308,309,368,367,369,370,338,125,127,404,128,129,449,426,385,384,427,365,362,360,361,376,378,372,377
310,308,309,368,369,370,338,125,127,126,128,129,449,426,385,364,427,365,366,362,360,361,371,372,377
310,309,368,369,370,338,125,124,126,128,129,449,426,130,364,427,365,362,360,361,376,379,378,372,377
310,309,368,367,369,370,338,125,124,126,127,404,130,364,427,365,362,360,361,376,379,378,372,377
310,309,368,367,369,370,338,125,124,126,128,129,449,426,385,364,427,365,366,362,360,361,371,372,377
310,309,368,367,369,370,338,125,127,126,128,129,449,426,130,364,427,365,362,360,361,376,379,378,372,377
310,309,368,369,370,338,125,124,126,128,404,130,426,385,364,427,365,362,360,361,376,379,378,372,377
310,308,309,368,369,370,338,125,124,126,127,404,130,364,427,365,366,362,360,361,371,372,377
310,309,368,367,369,370,338,125,127,404,128,129,130,426,385,364,427,365,362,360,361,376,379,378,372,377
310,309,368,367,369,370,338,125,127,126,128,404,130,426,385,364,427,365,362,360,361,376,379,378,372,377
310,309,368,367,369,370,338,125,127,404,128,129,449,426,385,384,427,365,362,360,361,376,379,378,372,377
310,308,309,368,369,370,338,125,127,126,128,129,449,426,130,364,427,365,366,362,360,361,371,372,377
310,309,368,367,369,370,338,125,124,126,128,129,449,426,130,364,427,365,366,362,360,361,371,372,377
310,308,309,368,363,364,385,384,427,381,153,151,382,383,366,365,362,360,361,376,379,378,372,377
310,308,309,368,369,370,338,125,127,404,128,129,130,426,385,364,427,365,366,362,360,361,371,372,377
310,309,368,363,364,130,426,385,384,154,153,151,382,381,427,365,362,360,361,376,378,372,377
310,308,309,368,369,370,338,125,127,126,128,404,130,426,385,364,427,365,366,362,360,361,371,372,377
310,309,368,367,369,370,338,125,124,126,128,404,130,426,385,364,427,365,366,362,360,361,371,372,377
310,308,309,368,369,370,338,125,127,404,128,129,449,426,385,384,427,365,366,362,360,361,371,372,377
310,308,309,368,367,369,370,338,125,127,404,128,129,449,426,385,364,427,365,362,360,361,376,378,372,377
310,309,368,367,369,370,338,125,127,404,130,364,385,384,154,153,151,382,381,427,365,362,360,361,371,372,377
310,308,309,368,369,370,338,125,124,126,127,404,130,364,385,384,427,365,362,360,361,376,378,372,377
310,308,309,368,367,369,370,338,125,127,404,130,129,449,426,385,384,427,365,362,360,361,376,378,372,377
310,309,368,367,369,370,338,125,127,404,130,426,385,384,154,153,151,382,381,427,365,362,360,361,371,372,377
310,308,309,368,369,370,338,125,124,126,127,404,130,426,385,384,427,365,362,360,361,376,378,372,377
310,308,309,368,369,370,338,125,127,126,128,129,449,426,130,364,385,384,427,365,362,360,361,376,378,372,377
310,308,309,368,369,370,338,125,124,126,128,129,130,364,427,365,366,362,360,361,376,378,372,377
310,309,368,367,369,370,338,125,124,126,128,129,449,426,130,364,385,384,427,365,362,360,361,376,378,372,377
310,308,309,368,367,369,370,338,125,127,126,128,129,130,364,427,365,366,362,360,361,376,378,372,377
310,308,309,368,367,369,370,338,125,127,404,128,129,449,426,130,364,427,365,362,360,361,376,378,372,377
310,309,368,367,369,370,338,125,127,404,128,129,449,426,385,364,427,365,362,360,361,376,379,378,372,377
310,308,309,368,363,364,427,384,154,153,151,150,383,366,362,360,361,376,378,372,377
310,309,368,369,370,338,125,124,126,127,404,130,364,385,384,427,365,362,360,361,376,379,378,372,377
310,309,368,367,369,370,338,125,127,404,130,129,449,426,385,384,427,365,362,360,361,376,379,378,372,377
310,309,368,369,370,338,125,124,126,127,404,130,426,385,384,427,365,362,360,361,376,379,378,372,377
310,309,368,369,370,338,125,127,126,128,129,449,426,130,364,385,384,427,365,362,360,361,376,379,378,372,377
310,309,368,369,370,338,125,124,126,128,129,130,364,427,365,366,362,360,361,376,379,378,372,377
310,308,309,368,369,370,338,125,127,404,128,129,449,426,385,364,427,365,366,362,360,361,371,372,377
310,309,368,367,369,370,338,125,127,126,128,129,130,364,427,365,366,362,360,361,376,379,378,372,377
310,308,309,368,369,370,338,125,127,404,130,129,449,426,385,384,427,365,366,362,360,361,371,372,377
310,309,368,367,369,370,338,125,127,404,128,129,449,426,130,364,427,365,362,360,361,376,379,378,372,377
310,308,309,368,367,369,370,338,125,127,404,130,129,449,426,385,364,427,365,362,360,361,376,378,372,377
310,309,368,363,364,427,384,154,153,151,150,383,366,362,360,361,376,379,378,372,377
310,309,368,369,370,338,125,124,126,128,129,449,426,130,364,385,384,427,365,366,362,360,361,371,372,377
310,309,368,367,369,370,338,125,124,126,127,404,130,364,385,384,427,365,366,362,360,361,371,372,377
310,308,309,368,369,370,338,125,124,126,127,404,130,426,385,364,427,365,362,360,361,376,378,372,377
310,308,309,368,369,370,338,125,127,404,128,129,449,426,130,364,427,365,366,362,360,361,371,372,377
310,309,368,367,369,370,338,125,124,126,127,404,130,426,385,384,427,365,366,362,360,361,371,372,377
310,309,368,367,369,370,338,125,127,126,128,129,449,426,130,364,385,384,427,365,366,362,360,361,371,372,377
310,309,368,367,369,370,338,125,127,404,130,129,449,426,385,364,427,365,362,360,361,376,379,378,372,377
310,309,368,369,370,338,125,124,126,127,404,130,426,385,364,427,365,362,360,361,376,379,378,372,377
310,308,309,368,369,370,338,125,127,404,130,129,449,426,385,364,427,365,366,362,360,361,371,372,377
310,308,309,368,369,370,338,125,127,126,128,129,130,364,385,384,427,365,366,362,360,361,376,378,372,377
310,309,368,363,364,385,384,154,153,151,150,383,382,381,427,365,362,360,361,371,372,377
310,308,309,368,369,370,338,125,127,404,128,129,449,426,130,364,385,384,427,365,362,360,361,376,378,372,377
310,308,309,368,369,370,338,125,124,126,128,404,130,364,427,365,366,362,360,361,376,378,372,377
310,309,368,367,369,370,338,125,124,126,128,129,130,364,385,384,427,365,366,362,360,361,376,378,372,377
310,308,309,368,363,364,385,384,154,393,155,153,381,427,365,362,360,361,376,378,372,377
310,308,309,368,369,370,338,125,127,126,128,129,130,426,385,384,427,365,366,362,360,361,376,378,372,377
310,308,309,368,367,369,370,338,125,127,404,128,129,130,364,427,365,366,362,360,361,376,378,372,377
310,309,368,367,369,370,338,125,124,126,128,129,130,426,385,384,427,365,366,362,360,361,376,378,372,377
310,308,309,368,367,369,370,338,125,127,126,128,404,130,364,427,365,366,362,360,361,376,378,372,377
310,309,368,367,369,370,338,125,124,126,127,404,130,426,385,364,427,365,366,362,360,361,371,372,377
310,309,368,363,364,385,384,427,381,153,151,150,383,366,365,362,360,361,376,378,372,377
310,308,309,368,369,370,338,125,127,404,130,364,385,384,154,153,381,427,365,362,360,361,376,378,372,377
310,309,368,369,370,338,125,127,126,128,129,130,364,385,384,427,365,366,362,360,361,376,379,378,372,377
310,309,368,369,370,338,125,127,404,128,129,449,426,130,364,385,384,427,365,362,360,361,376,379,378,372,377
310,309,368,369,370,338,125,124,126,128,404,130,364,427,365,366,362,360,361,376,379,378,372,377
310,308,309,368,369,370,338,125,127,404,130,426,385,384,154,153,381,427,365,362,360,361,376,378,372,377
310,309,368,363,364,385,384,154,393,155,153,381,427,365,362,360,361,376,379,378,372,377
310,309,368,369,370,338,125,127,126,128,129,130,426,385,384,427,365,366,362,360,361,376,379,378,372,377
310,309,368,367,369,370,338,125,127,404,128,129,130,364,427,365,366,362,360,361,376,379,378,372,377
310,308,309,368,367,369,370,338,125,124,126,128,129,130,364,385,384,427,365,362,360,361,371,372,377
310,309,368,367,369,370,338,125,127,126,128,404,130,364,427,365,366,362,360,361,376,379,378,372,377
310,308,309,368,367,369,370,338,125,124,126,128,129,130,426,385,384,427,365,362,360,361,371,372,377
310,308,309,368,367,369,370,338,125,124,126,128,129,130,426,385,364,363,360,361,376,379,378,372,377
310,309,368,369,370,338,125,127,404,130,364,385,384,154,153,381,427,365,362,360,361,376,379,378,372,377
310,308,309,368,369,370,338,125,127,126,128,129,130,426,385,364,427,365,366,362,360,361,376,378,372,377
310,309,368,367,369,370,338,125,127,404,128,129,449,426,130,364,385,384,427,365,366,362,360,361,371,372,377
310,309,368,367,369,370,338,125,124,126,128,129,130,426,385,364,427,365,366,362,360,361,376,378,372,377
310,309,368,369,370,338,125,127,404,130,426,385,384,154,153,381,427,365,362,360,361,376,379,378,372,377
310,308,309,368,369,370,338,125,127,126,128,129,449,426,385,384,427,365,366,362,360,361,376,378,372,377
310,309,368,363,364,130,426,385,384,154,153,381,427,365,366,362,360,361,376,378,372,377
310,309,368,367,369,370,338,125,124,126,128,129,449,426,385,384,427,365,366,362,360,361,376,378,372,377
310,309,368,363,364,385,384,427,381,382,151,150,383,366,365,362,360,361,376,378,372,377
310,309,368,367,369,370,338,125,127,404,130,364,385,384,154,153,381,427,365,366,362,360,361,371,372,377
310,309,368,369,370,338,125,127,126,128,129,130,426,385,364,427,365,366,362,360,361,376,379,378,372,377
310,308,309,368,369,370,338,125,127,404,128,129,130,364,385,384,427,365,366,362,360,361,376,378,372,377
310,308,309,368,369,370,338,125,127,126,128,404,130,364,385,384,427,365,366,362,360,361,376,378,372,377
310,309,368,369,370,338,125,127,126,128,129,449,426,385,384,427,365,366,362,360,361,376,379,378,372,377
310,309,368,367,369,370,338,125,127,404,130,426,385,384,154,153,381,427,365,366,362,360,361,371,372,377
310,309,368,367,369,370,338,125,124,126,128,404,130,364,385,384,427,365,366,362,360,361,376,378,372,377
310,308,309,368,369,370,338,125,127,404,128,129,130,426,385,384,427,365,366,362,360,361,376,378,372,377
310,308,309,368,367,369,370,338,125,124,126,128,129,130,426,385,364,427,365,362,360,361,371,372,377
310,308,309,368,369,370,338,125,127,126,128,404,130,426,385,384,427,365,366,362,360,361,376,378,372,377
310,309,368,367,369,370,338,125,124,126,128,404,130,426,385,384,427,365,366,362,360,361,376,378,372,377
310,308,309,368,363,364,130,426,385,384,154,153,381,427,365,362,360,361,371,372,377
310,308,309,368,367,369,370,338,125,124,126,128,129,449,426,385,384,427,365,362,360,361,371,372,377
310,308,309,368,367,369,370,338,125,124,126,128,129,449,426,385,364,363,360,361,376,379,378,372,377
310,309,368,363,364,385,384,154,393,155,394,151,153,381,427,365,366,362,360,361,371,372,377
310,308,309,368,369,370,338,125,127,126,128,129,449,426,385,364,427,365,366,362,360,361,376,378,372,377
310,308,309,368,363,364,385,384,427,381,153,151,150,383,366,362,360,361,371,372,377
310,309,368,367,369,370,338,125,124,126,128,129,449,426,385,364,427,365,366,362,360,361,376,378,372,377
310,309,368,369,370,338,125,127,404,128,129,130,364,385,384,427,365,366,362,360,361,376,379,378,372,377
310,309,368,369,370,338,125,127,126,128,404,130,364,385,384,427,365,366,362,360,361,376,379,378,372,377
310,309,368,369,370,338,125,127,404,128,129,130,426,385,384,427,365,366,362,360,361,376,379,378,372,377
310,309,368,369,370,338,125,127,126,128,404,130,426,385,384,427,365,366,362,360,361,376,379,378,372,377
310,308,309,368,369,370,338,125,124,126,127,404,130,364,427,365,366,362,360,361,376,378,372,377
310,308,309,368,367,369,370,338,125,124,126,128,129,449,426,130,364,363,360,361,376,379,378,372,377
310,308,309,368,367,369,370,338,125,124,126,128,404,130,364,385,384,427,365,362,360,361,371,372,377
310,308,309,368,369,370,338,125,127,126,128,129,449,426,130,364,427,365,366,362,360,361,376,378,372,377
310,308,309,368,367,369,370,338,125,124,126,128,404,130,426,385,384,427,365,362,360,361,371,372,377
310,309,368,369,370,338,125,127,126,128,129,449,426,385,364,427,365,366,362,360,361,376,379,378,372,377
310,308,309,368,367,369,370,338,125,124,126,128,404,130,426,385,364,363,360,361,376,379,378,372,377
310,309,368,367,369,370,338,125,124,126,128,129,449,426,130,364,427,365,366,362,360,361,376,378,372,377
310,308,309,368,369,370,338,125,127,404,128,129,130,426,385,364,427,365,366,362,360,361,376,378,372,377
310,308,309,368,369,370,338,125,127,126,128,404,130,426,385,364,427,365,366,362,360,361,376,378,372,377
310,309,368,367,369,370,338,125,124,126,128,404,130,426,385,364,427,365,366,362,360,361,376,378,372,377
310,308,309,368,369,370,338,125,127,404,128,129,449,426,385,384,427,365,366,362,360,361,376,378,372,377
310,308,309,368,367,369,370,338,125,124,126,128,129,449,426,385,364,427,365,362,360,361,371,372,377
310,309,368,369,370,338,125,124,126,127,404,130,364,427,365,366,362,360,361,376,379,378,372,377
310,309,368,363,364,385,384,154,393,155,394,151,382,381,427,365,366,362,360,361,371,372,377
310,308,309,368,363,364,385,384,154,153,151,150,383,366,365,362,360,361,371,372,377
310,309,368,367,369,370,338,125,127,404,130,364,385,384,154,153,151,382,381,427,365,362,360,361,376,378,372,377
310,309,368,369,370,338,125,127,126,128,129,449,426,130,364,427,365,366,362,360,361,376,379,378,372,377
310,308,309,368,363,364,385,384,427,381,382,151,150,383,366,362,360,361,371,372,377
310,309,368,367,369,370,338,125,127,404,130,426,385,384,154,153,151,382,381,427,365,362,360,361,376,378,372,377
310,309,368,369,370,338,125,127,404,128,129,130,426,385,364,427,365,366,362,360,361,376,379,378,372,377
310,309,368,369,370,338,125,127,126,128,404,130,426,385,364,427,365,366,362,360,361,376,379,378,372,377
310,308,309,368,367,369,370,338,125,124,126,128,129,449,426,130,364,427,365,362,360,361,371,372,377
310,309,368,369,370,338,125,127,404,128,129,449,426,385,384,427,365,366,362,360,361,376,379,378,372,377
310,308,309,368,367,369,370,338,125,124,126,128,404,130,426,385,364,427,365,362,360,361,371,372,377
310,309,368,363,364,385,384,154,393,155,153,151,382,381,427,365,366,362,360,361,371,372,377
310,308,309,368,369,370,338,125,127,404,128,129,449,426,385,364,427,365,366,362,360,361,376,378,372,377
310,309,368,369,370,338,125,127,404,130,364,385,384,154,153,151,382,381,427,365,366,362,360,361,371,372,377
310,308,309,368,369,370,338,125,127,404,130,129,449,426,385,384,427,365,366,362,360,361,376,378,372,377
310,309,368,369,370,338,125,127,404,130,426,385,384,154,153,151,382,381,427,365,366,362,360,361,371,372,377
310,309,368,369,370,338,125,124,126,128,129,449,426,130,364,385,384,427,365,366,362,360,361,376,378,372,377
310,309,368,367,369,370,338,125,124,126,127,404,130,364,385,384,427,365,366,362,360,361,376,378,372,377
310,309,368,363,364,385,384,154,153,155,394,151,382,381,427,365,366,362,360,361,371,372,377
310,308,309,368,369,370,338,125,127,404,128,129,449,426,130,364,427,365,366,362,360,361,376,378,372,377
310,309,368,367,369,370,338,125,124,126,127,404,130,426,385,384,427,365,366,362,360,361,376,378,372,377
310,309,368,369,370,338,125,127,404,128,129,449,426,385,364,427,365,366,362,360,361,376,379,378,372,377
310,309,368,367,369,370,338,125,127,126,128,129,449,426,130,364,385,384,427,365,366,362,360,361,376,378,372,377
310,308,309,368,369,370,338,125,124,126,128,129,130,364,427,365,362,360,361,376,379,378,372,377
310,309,368,369,370,338,125,127,404,130,129,449,426,385,384,427,365,366,362,360,361,376,379,378,372,377
310,308,309,368,367,369,370,338,125,127,126,128,129,130,364,427,365,362,360,361,376,379,378,372,377
310,309,368,369,370,338,125,127,404,128,129,449,426,130,364,427,365,366,362,360,361,376,379,378,372,377
310,308,309,368,369,370,338,125,124,126,128,129,449,426,130,364,385,384,427,365,362,360,361,371,372,377
310,308,309,368,367,369,370,338,125,124,126,127,404,130,364,385,384,427,365,362,360,361,371,372,377
310,308,309,368,369,370,338,125,127,404,130,129,449,426,385,364,427,365,366,362,360,361,376,378,372,377
310,309,368,363,364,385,384,154,153,151,150,383,382,381,427,365,362,360,361,376,378,372,377
310,308,309,368,367,369,370,338,125,124,126,127,404,130,426,385,384,427,365,362,360,361,371,372,377
310,308,309,368,367,369,370,338,125,127,126,128,129,449,426,130,364,385,384,427,365,362,360,361,371,372,377
310,308,309,368,367,369,370,338,125,124,126,128,129,130,364,427,365,366,362,360,361,371,372,377
310,308,309,368,367,369,370,338,125,124,126,127,404,130,426,385,364,363,360,361,376,379,378,372,377
310,309,368,367,369,370,338,125,124,126,127,404,130,426,385,364,427,365,366,362,360,361,376,378,372,377
310,308,309,368,363,364,130,129,449,426,385,384,427,365,366,362,360,361,371,372,377
310,309,368,369,370,338,125,127,404,130,129,449,426,385,364,427,365,366,362,360,361,376,379,378,372,377
310,308,309,368,363,364,427,381,153,151,150,383,366,365,362,360,361,371,372,377
310,308,309,368,367,369,370,338,125,124,126,128,129,130,364,385,384,427,365,362,360,361,376,378,372,377
310,308,309,368,367,369,370,338,125,124,126,128,129,130,426,385,384,427,365,362,360,361,376,378,372,377
310,308,309,368,367,369,370,338,125,124,126,127,404,130,426,385,364,427,365,362,360,361,371,372,377
310,309,368,367,369,370,338,125,127,404,128,129,449,426,130,364,385,384,427,365,366,362,360,361,376,378,372,377
310,308,309,368,369,370,338,125,127,126,128,129,130,364,385,384,427,365,362,360,361,376,379,378,372,377
310,308,309,368,369,370,338,125,124,126,128,404,130,364,427,365,362,360,361,376,379,378,372,377
310,309,368,367,369,370,338,125,124,126,128,129,130,364,385,384,427,365,362,360,361,376,379,378,372,377
310,308,309,368,369,370,338,125,127,126,128,129,130,426,385,384,427,365,362,360,361,376,379,378,372,377
310,308,309,368,367,369,370,338,125,127,404,128,129,130,364,427,365,362,360,361,376,379,378,372,377
310,309,368,367,369,370,338,125,124,126,128,129,130,426,385,384,427,365,362,360,361,376,379,378,372,377
310,308,309,368,367,369,370,338,125,127,126,128,404,130,364,427,365,362,360,361,376,379,378,372,377
310,308,309,368,363,364,427,381,382,151,150,383,366,365,362,360,361,371,372,377
310,309,368,367,369,370,338,125,127,404,130,364,385,384,154,153,381,427,365,366,362,360,361,376,378,372,377
310,308,309,368,369,370,338,125,124,126,128,129,130,364,385,384,427,365,366,362,360,361,371,372,377
310,309,368,367,369,370,338,125,127,404,130,426,385,384,154,153,381,427,365,366,362,360,361,376,378,372,377
310,308,309,368,369,370,338,125,124,126,128,129,130,426,385,384,427,365,366,362,360,361,371,372,377
310,308,309,368,367,369,370,338,125,127,126,128,129,130,364,385,384,427,365,366,362,360,361,371,372,377
310,308,309,368,367,369,370,338,125,127,404,128,129,449,426,130,364,385,384,427,365,362,360,361,371,372,377
310,308,309,368,367,369,370,338,125,124,126,128,404,130,364,427,365,366,362,360,361,371,372,377
310,308,309,368,367,369,370,338,125,124,126,128,129,130,426,385,364,427,365,362,360,361,376,378,372,377
310,308,309,368,367,369,370,338,125,127,126,128,129,130,426,385,384,427,365,366,362,360,361,371,372,377
310,308,309,368,363,364,130,426,385,384,154,153,381,427,365,362,360,361,376,378,372,377
310,308,309,368,367,369,370,338,125,124,126,128,129,449,426,385,384,427,365,362,360,361,376,378,372,377
310,309,368,363,364,385,384,154,393,155,394,151,153,381,427,365,366,362,360,361,376,378,372,377
310,308,309,368,363,364,385,384,427,381,153,151,150,383,366,362,360,361,376,378,372,377
310,308,309,368,367,369,370,338,125,127,404,130,364,385,384,154,153,381,427,365,362,360,361,371,372,377
310,308,309,368,369,370,338,125,127,126,128,129,130,426,385,364,427,365,362,360,361,376,379,378,372,377
310,309,368,367,369,370,338,125,124,126,128,129,130,426,385,364,427,365,362,360,361,376,379,378,372,377
310,308,309,368,369,370,338,125,127,126,128,129,449,426,385,384,427,365,362,360,361,376,379,378,372,377
310,308,309,368,367,369,370,338,125,127,404,130,426,385,384,154,153,381,427,365,362,360,361,371,372,377
310,308,309,368,367,369,370,338,125,124,126,128,404,130,364,385,384,427,365,362,360,361,376,378,372,377
310,309,368,363,364,130,426,385,384,154,153,381,427,365,362,360,361,376,379,378,372,377
310,309,368,367,369,370,338,125,124,126,128,129,449,426,385,384,427,365,362,360,361,376,379,378,372,377
310,308,309,368,367,369,370,338,125,124,126,128,404,130,426,385,384,427,365,362,360,361,376,378,372,377
310,308,309,368,363,364,385,384,154,393,155,394,151,153,381,427,365,362,360,361,371,372,377
310,308,309,368,369,370,338,125,124,126,128,129,130,426,385,364,427,365,366,362,360,361,371,372,377
310,309,368,363,364,385,384,427,381,153,151,150,383,366,362,360,361,376,379,378,372,377
310,308,309,368,369,370,338,125,124,126,128,129,449,426,385,384,427,365,366,362,360,361,371,372,377
310,308,309,368,367,369,370,338,125,127,126,128,129,130,426,385,364,427,365,366,362,360,361,371,372,377
310,308,309,368,367,369,370,338,125,124,126,128,129,449,426,385,364,427,365,362,360,361,376,378,372,377
310,308,309,368,369,370,338,125,127,404,128,129,130,364,385,384,427,365,362,360,361,376,379,378,372,377
310,308,309,368,369,370,338,125,127,126,128,404,130,364,385,384,427,365,362,360,361,376,379,378,372,377
310,308,309,368,367,369,370,338,125,127,126,128,129,449,426,385,384,427,365,366,362,360,361,371,372,377
310,309,368,363,364,385,384,154,393,155,394,151,382,381,427,365,366,362,360,361,376,378,372,377
310,308,309,368,363,364,385,384,154,153,151,150,383,366,365,362,360,361,376,378,372,377
310,309,368,367,369,370,338,125,124,126,128,404,130,364,385,384,427,365,362,360,361,376,379,378,372,377
310,308,309,368,369,370,338,125,127,404,128,129,130,426,385,384,427,365,362,360,361,376,379,378,372,377
310,308,309,368,369,370,338,125,127,126,128,404,130,426,385,384,427,365,362,360,361,376,379,378,372,377
310,309,368,367,369,370,338,125,124,126,128,404,130,426,385,384,427,365,362,360,361,376,379,378,372,377
310,308,309,368,363,364,385,384,427,381,382,151,150,383,366,362,360,361,376,378,372,377
310,308,309,368,369,370,338,125,124,126,128,404,130,364,385,384,427,365,366,362,360,361,371,372,377
310,308,309,368,369,370,338,125,127,126,128,129,449,426,385,364,427,365,362,360,361,376,379,378,372,377
310,308,309,368,367,369,370,338,125,124,126,128,129,449,426,130,364,427,365,362,360,361,376,378,372,377
310,309,368,367,369,370,338,125,124,126,128,129,449,426,385,364,427,365,362,360,361,376,379,378,372,377
310,308,309,368,367,369,370,338,125,127,404,128,129,130,364,385,384,427,365,366,362,360,361,371,372,377
310,308,309,368,369,370,338,125,124,126,128,404,130,426,385,384,427,365,366,362,360,361,371,372,377
310,308,309,368,367,369,370,338,125,127,126,128,404,130,364,385,384,427,365,366,362,360,361,371,372,377
310,309,368,363,364,385,384,154,153,151,150,383,366,365,362,360,361,376,379,378,372,377
310,308,309,368,367,369,370,338,125,124,126,128,404,130,426,385,364,427,365,362,360,361,376,378,372,377
310,309,368,363,364,385,384,154,393,155,153,151,382,381,427,365,366,362,360,361,376,378,372,377
310,308,309,368,367,369,370,338,125,127,404,128,129,130,426,385,384,427,365,366,362,360,361,371,372,377
310,308,309,368,367,369,370,338,125,127,126,128,404,130,426,385,384,427,365,366,362,360,361,371,372,377
310,308,309,368,369,370,338,125,124,126,127,404,130,364,427,365,362,360,361,376,379,378,372,377
310,308,309,368,363,364,385,384,154,393,155,394,151,382,381,427,365,362,360,361,371,372,377
310,309,368,363,364,385,384,427,381,382,151,150,383,366,362,360,361,376,379,378,372,377
310,308,309,368,369,370,338,125,124,126,128,129,449,426,385,364,427,365,366,362,360,361,371,372,377
310,308,309,368,369,370,338,125,127,126,128,129,449,426,130,364,427,365,362,360,361,376,379,378,372,377
310,308,309,368,367,369,370,338,125,127,126,128,129,449,426,385,364,427,365,366,362,360,361,371,372,377
310,309,368,367,369,370,338,125,124,126,128,129,449,426,130,364,427,365,362,360,361,376,379,378,372,377
310,309,368,369,370,338,125,127,404,130,364,385,384,154,153,151,382,381,427,365,366,362,360,361,376,378,372,377
310,308,309,368,369,370,338,125,127,404,128,129,130,426,385,364,427,365,362,360,361,376,379,378,372,377
310,308,309,368,369,370,338,125,127,126,128,404,130,426,385,364,427,365,362,360,361,376,379,378,372,377
310,309,368,369,370,338,125,127,404,130,426,385,384,154,153,151,382,381,427,365,366,362,360,361,376,378,372,377
310,309,368,367,369,370,338,125,124,126,128,404,130,426,385,364,427,365,362,360,361,376,379,378,372,377
310,308,309,368,369,370,338,125,127,404,128,129,449,426,385,384,427,365,362,360,361,376,379,378,372,377
310,308,309,368,369,370,338,125,124,126,128,129,449,426,130,364,427,365,366,362,360,361,371,372,377
310,308,309,368,367,369,370,338,125,124,126,127,404,130,364,427,365,366,362,360,361,371,372,377
310,309,368,363,364,385,384,154,153,155,394,151,382,381,427,365,366,362,360,361,376,378,372,377
310,308,309,368,363,364,385,384,154,393,155,153,151,382,381,427,365,362,360,361,371,372,377
310,308,309,368,367,369,370,338,125,127,126,128,129,449,426,130,364,427,365,366,362,360,361,371,372,377
310,308,309,368,369,370,338,125,124,126,128,404,130,426,385,364,427,365,366,362,360,361,371,372,377
310,308,309,368,367,369,370,338,125,127,404,128,129,130,426,385,364,427,365,366,362,360,361,371,372,377
310,308,309,368,367,369,370,338,125,127,126,128,404,130,426,385,364,427,365,366,362,360,361,371,372,377
310,308,309,368,369,370,338,125,127,404,130,364,385,384,154,153,151,382,381,427,365,362,360,361,371,372,377
310,308,309,368,367,369,370,338,125,127,404,128,129,449,426,385,384,427,365,366,362,360,361,371,372,377
310,308,309,368,369,370,338,125,127,404,130,426,385,384,154,153,151,382,381,427,365,362,360,361,371,372,377
310,308,309,368,369,370,338,125,124,126,128,129,449,426,130,364,385,384,427,365,362,360,361,376,378,372,377
310,308,309,368,367,369,370,338,125,124,126,127,404,130,364,385,384,427,365,362,360,361,376,378,372,377
310,308,309,368,363,364,385,384,154,153,155,394,151,382,381,427,365,362,360,361,371,372,377
310,308,309,368,367,369,370,338,125,124,126,127,404,130,426,385,384,427,365,362,360,361,376,378,372,377
310,308,309,368,369,370,338,125,127,404,128,129,449,426,385,364,427,365,362,360,361,376,379,378,372,377
310,308,309,368,367,369,370,338,125,127,126,128,129,449,426,130,364,385,384,427,365,362,360,361,376,378,372,377
310,308,309,368,367,369,370,338,125,124,126,128,129,130,364,427,365,366,362,360,361,376,378,372,377
310,308,309,368,369,370,338,125,127,404,130,129,449,426,385,384,427,365,362,360,361,376,379,378,372,377
310,308,309,368,363,364,427,384,154,153,151,150,383,366,365,362,360,361,371,372,377
310,308,309,368,363,364,130,129,449,426,385,384,427,365,366,362,360,361,376,378,372,377
310,309,368,369,370,338,125,124,126,128,129,449,426,130,364,385,384,427,365,362,360,361,376,379,378,372,377
310,309,368,367,369,370,338,125,124,126,127,404,130,364,385,384,427,365,362,360,361,376,379,378,372,377
310,309,368,363,364,130,426,385,384,154,153,151,382,381,427,365,366,362,360,361,371,372,377
310,308,309,368,363,364,427,381,153,151,150,383,366,365,362,360,361,376,378,372,377
310,308,309,368,369,370,338,125,127,126,128,129,130,364,427,365,366,362,360,361,376,379,378,372,377
310,308,309,368,369,370,338,125,127,404,128,129,449,426,130,364,427,365,362,360,361,376,379,378,372,377
310,309,368,367,369,370,338,125,124,126,127,404,130,426,385,384,427,365,362,360,361,376,379,378,372,377
310,309,368,367,369,370,338,125,127,126,128,129,449,426,130,364,385,384,427,365,362,360,361,376,379,378,372,377
310,309,368,367,369,370,338,125,124,126,128,129,130,364,427,365,366,362,360,361,376,379,378,372,377
310,308,309,368,367,369,370,338,125,127,404,128,129,449,426,385,364,427,365,366,362,360,361,371,372,377
310,308,309,368,369,370,338,125,124,126,127,404,130,364,385,384,427,365,366,362,360,361,371,372,377
310,308,309,368,367,369,370,338,125,127,404,130,129,449,426,385,384,427,365,366,362,360,361,371,372,377
310,309,368,363,364,130,129,449,426,385,384,427,365,366,362,360,361,376,379,378,372,377
310,308,309,368,369,370,338,125,124,126,127,404,130,426,385,384,427,365,366,362,360,361,371,372,377
310,308,309,368,369,370,338,125,127,126,128,129,449,426,130,364,385,384,427,365,366,362,360,361,371,372,377
310,309,368,367,369,370,338,125,124,126,128,129,449,426,130,364,385,384,427,365,366,362,360,361,371,372,377
310,308,309,368,367,369,370,338,125,124,126,127,404,130,426,385,364,427,365,362,360,361,376,378,372,377
310,309,368,363,364,427,381,153,151,150,383,366,365,362,360,361,376,379,378,372,377
310,308,309,368,367,369,370,338,125,127,404,128,129,449,426,130,364,427,365,366,362,360,361,371,372,377
310,308,309,368,369,370,338,125,127,404,130,129,449,426,385,364,427,365,362,360,361,376,379,378,372,377
310,308,309,368,363,364,427,381,382,151,150,383,366,365,362,360,361,376,378,372,377
310,309,368,367,369,370,338,125,124,126,127,404,130,426,385,364,427,365,362,360,361,376,379,378,372,377
310,308,309,368,369,370,338,125,124,126,128,129,130,364,385,384,427,365,366,362,360,361,376,378,372,377
310,308,309,368,367,369,370,338,125,127,404,130,129,449,426,385,364,427,365,366,362,360,361,371,372,377
310,308,309,368,369,370,338,125,124,126,128,129,130,426,385,384,427,365,366,362,360,361,376,378,372,377
310,308,309,368,367,369,370,338,125,127,126,128,129,130,364,385,384,427,365,366,362,360,361,376,378,372,377
310,308,309,368,367,369,370,338,125,127,404,128,129,449,426,130,364,385,384,427,365,362,360,361,376,378,372,377
310,308,309,368,367,369,370,338,125,124,126,128,404,130,364,427,365,366,362,360,361,376,378,372,377
310,308,309,368,369,370,338,125,124,126,127,404,130,426,385,364,427,365,366,362,360,361,371,372,377
310,308,309,368,367,369,370,338,125,127,126,128,129,130,426,385,384,427,365,366,362,360,361,376,378,372,377
310,309,368,363,364,427,381,382,151,150,383,366,365,362,360,361,376,379,378,372,377
310,309,368,369,370,338,125,124,126,128,129,130,364,385,384,427,365,366,362,360,361,376,379,378,372,377
310,308,309,368,369,370,338,125,127,404,128,129,130,364,427,365,366,362,360,361,376,379,378,372,377
310,308,309,368,367,369,370,338,125,127,404,130,364,385,384,154,153,381,427,365,362,360,361,376,378,372,377
310,309,368,369,370,338,125,124,126,128,129,130,426,385,384,427,365,366,362,360,361,376,379,378,372,377
310,308,309,368,369,370,338,125,127,126,128,404,130,364,427,365,366,362,360,361,376,379,378,372,377
310,309,368,367,369,370,338,125,127,126,128,129,130,364,385,384,427,365,366,362,360,361,376,379,378,372,377
310,309,368,367,369,370,338,125,127,404,128,129,449,426,130,364,385,384,427,365,362,360,361,376,379,378,372,377
310,309,368,367,369,370,338,125,124,126,128,404,130,364,427,365,366,362,360,361,376,379,378,372,377
310,308,309,368,367,369,370,338,125,127,404,130,426,385,384,154,153,381,427,365,362,360,361,376,378,372,377
310,309,368,367,369,370,338,125,127,126,128,129,130,426,385,384,427,365,366,362,360,361,376,379,378,372,377
310,308,309,368,369,370,338,125,127,404,128,129,449,426,130,364,385,384,427,365,366,362,360,361,371,372,377
310,308,309,368,363,364,385,384,154,393,155,394,151,153,381,427,365,362,360,361,376,378,372,377
310,308,309,368,369,370,338,125,124,126,128,129,130,426,385,364,427,365,366,362,360,361,376,378,372,377
310,308,309,368,363,364,385,384,154,393,155,153,381,427,365,366,362,360,361,371,372,377
310,309,368,367,369,370,338,125,127,404,130,364,385,384,154,153,381,427,365,362,360,361,376,379,378,372,377
310,308,309,368,369,370,338,125,124,126,128,129,449,426,385,384,427,365,366,362,360,361,376,378,372,377
310,308,309,368,367,369,370,338,125,127,126,128,129,130,426,385,364,427,365,366,362,360,361,376,378,372,377
310,308,56,55,54,52,58,179,50,180,435,395,377
310,309,368,367,369,370,338,125,127,404,130,426,385,384,154,153,381,427,365,362,360,361,376,379,378,372,377
310,308,309,368,367,369,370,338,125,127,126,128,129,449,426,385,384,427,365,366,362,360,361,376,378,372,377
310,308,309,368,369,370,338,125,127,404,130,364,385,384,154,153,381,427,365,366,362,360,361,371,372,377
310,309,368,363,364,385,384,154,393,155,394,151,153,381,427,365,362,360,361,376,379,378,372,377
310,309,368,369,370,338,125,124,126,128,129,130,426,385,364,427,365,366,362,360,361,376,379,378,372,377
310,308,309,368,369,370,338,125,127,404,130,426,385,384,154,153,381,427,365,366,362,360,361,371,372,377
310,308,309,368,369,370,338,125,124,126,128,404,130,364,385,384,427,365,366,362,360,361,376,378,372,377
310,309,368,369,370,338,125,124,126,128,129,449,426,385,384,427,365,366,362,360,361,376,379,378,372,377
310,309,368,367,369,370,338,125,127,126,128,129,130,426,385,364,427,365,366,362,360,361,376,379,378,372,377
310,308,309,368,367,369,370,338,125,127,404,128,129,130,364,385,384,427,365,366,362,360,361,376,378,372,377
310,308,309,368,369,370,338,125,124,126,128,404,130,426,385,384,427,365,366,362,360,361,376,378,372,377
310,308,309,368,367,369,370,338,125,127,126,128,404,130,364,385,384,427,365,366,362,360,361,376,378,372,377
310,309,368,367,369,370,338,125,127,126,128,129,449,426,385,384,427,365,366,362,360,361,376,379,378,372,377
310,308,309,368,367,369,370,338,125,127,404,128,129,130,426,385,384,427,365,366,362,360,361,376,378,372,377
310,308,309,368,367,369,370,338,125,127,126,128,404,130,426,385,384,427,365,366,362,360,361,376,378,372,377
310,308,309,368,363,364,385,384,154,393,155,394,151,382,381,427,365,362,360,361,376,378,372,377
310,308,309,368,369,370,338,125,124,126,128,129,449,426,385,364,427,365,366,362,360,361,376,378,372,377
310,309,368,369,370,338,125,124,126,128,404,130,364,385,384,427,365,366,362,360,361,376,379,378,372,377
310,308,309,368,367,369,370,338,125,127,126,128,129,449,426,385,364,427,365,366,362,360,361,376,378,372,377
310,309,368,367,369,370,338,125,127,404,128,129,130,364,385,384,427,365,366,362,360,361,376,379,378,372,377
310,309,368,369,370,338,125,124,126,128,404,130,426,385,384,427,365,366,362,360,361,376,379,378,372,377
310,309,368,367,369,370,338,125,127,126,128,404,130,364,385,384,427,365,366,362,360,361,376,379,378,372,377
310,309,368,367,369,370,338,125,127,404,128,129,130,426,385,384,427,365,366,362,360,361,376,379,378,372,377
310,309,368,367,369,370,338,125,127,126,128,404,130,426,385,384,427,365,366,362,360,361,376,379,378,372,377
310,309,368,363,364,385,384,154,393,155,394,151,382,381,427,365,362,360,361,376,379,378,372,377
310,308,309,368,369,370,338,125,124,126,128,129,449,426,130,364,427,365,366,362,360,361,376,378,372,377
310,308,309,368,367,369,370,338,125,124,126,127,404,130,364,427,365,366,362,360,361,376,378,372,377
310,309,368,369,370,338,125,124,126,128,129,449,426,385,364,427,365,366,362,360,361,376,379,378,372,377
310,308,309,368,363,364,385,384,154,393,155,153,151,382,381,427,365,362,360,361,376,378,372,377
310,308,309,368,367,369,370,338,125,127,126,128,129,449,426,130,364,427,365,366,362,360,361,376,378,372,377
310,308,309,368,369,370,338,125,124,126,128,404,130,426,385,364,427,365,366,362,360,361,376,378,372,377
310,309,368,367,369,370,338,125,127,126,128,129,449,426,385,364,427,365,366,362,360,361,376,379,378,372,377
310,308,309,368,367,369,370,338,125,127,404,128,129,130,426,385,364,427,365,366,362,360,361,376,378,372,377
310,308,309,368,367,369,370,338,125,127,126,128,404,130,426,385,364,427,365,366,362,360,361,376,378,372,377
310,308,309,368,369,370,338,125,127,404,130,364,385,384,154,153,151,382,381,427,365,362,360,361,376,378,372,377
310,308,309,368,367,369,370,338,125,127,404,128,129,449,426,385,384,427,365,366,362,360,361,376,378,372,377
310,309,368,369,370,338,125,124,126,128,129,449,426,130,364,427,365,366,362,360,361,376,379,378,372,377
310,309,368,367,369,370,338,125,124,126,127,404,130,364,427,365,366,362,360,361,376,379,378,372,377
310,308,309,368,369,370,338,125,127,404,130,426,385,384,154,153,151,382,381,427,365,362,360,361,376,378,372,377
310,309,368,363,364,385,384,154,393,155,153,151,382,381,427,365,362,360,361,376,379,378,372,377
310,308,309,368,363,364,385,384,154,153,155,394,151,382,381,427,365,362,360,361,376,378,372,377
310,309,368,367,369,370,338,125,127,126,128,129,449,426,130,364,427,365,366,362,360,361,376,379,378,372,377
310,309,368,369,370,338,125,124,126,128,404,130,426,385,364,427,365,366,362,360,361,376,379,378,372,377
310,309,368,367,369,370,338,125,127,404,128,129,130,426,385,364,427,365,366,362,360,361,376,379,378,372,377
310,309,368,367,369,370,338,125,127,126,128,404,130,426,385,364,427,365,366,362,360,361,376,379,378,372,377
310,309,368,369,370,338,125,127,404,130,364,385,384,154,153,151,382,381,427,365,362,360,361,376,379,378,372,377
310,309,368,367,369,370,338,125,127,404,128,129,449,426,385,384,427,365,366,362,360,361,376,379,378,372,377
310,308,309,368,363,364,427,384,154,153,151,150,383,366,365,362,360,361,376,378,372,377
310,308,309,368,363,364,385,384,154,153,151,150,383,366,362,360,361,376,379,378,372,377
310,309,368,369,370,338,125,127,404,130,426,385,384,154,153,151,382,381,427,365,362,360,361,376,379,378,372,377
310,309,368,363,364,130,426,385,384,154,153,151,382,381,427,365,366,362,360,361,376,378,372,377
310,309,368,363,364,385,384,154,153,155,394,151,382,381,427,365,362,360,361,376,379,378,372,377
310,308,309,368,367,369,370,338,125,127,404,128,129,449,426,385,364,427,365,366,362,360,361,376,378,372,377
310,309,368,367,369,370,338,125,127,404,130,364,385,384,154,153,151,382,381,427,365,366,362,360,361,371,372,377
310,308,309,368,369,370,338,125,124,126,127,404,130,364,385,384,427,365,366,362,360,361,376,378,372,377
310,309,368,363,364,427,384,154,153,151,150,383,366,365,362,360,361,376,379,378,372,377
310,308,309,368,367,369,370,338,125,127,404,130,129,449,426,385,384,427,365,366,362,360,361,376,378,372,377
310,309,368,367,369,370,338,125,127,404,130,426,385,384,154,153,151,382,381,427,365,366,362,360,361,371,372,377
310,308,309,368,369,370,338,125,124,126,127,404,130,426,385,384,427,365,366,362,360,361,376,378,372,377
310,308,309,368,369,370,338,125,127,126,128,129,449,426,130,364,385,384,427,365,366,362,360,361,376,378,372,377
310,309,368,367,369,370,338,125,124,126,128,129,449,426,130,364,385,384,427,365,366,362,360,361,376,378,372,377
310,308,309,368,367,369,370,338,125,127,404,128,129,449,426,130,364,427,365,366,362,360,361,376,378,372,377
310,308,309,368,363,364,130,426,385,384,154,153,151,382,381,427,365,362,360,361,371,372,377
310,309,368,367,369,370,338,125,127,404,128,129,449,426,385,364,427,365,366,362,360,361,376,379,378,372,377
310,309,368,369,370,338,125,124,126,127,404,130,364,385,384,427,365,366,362,360,361,376,379,378,372,377
310,308,309,368,367,369,370,338,125,124,126,128,129,130,364,427,365,362,360,361,376,379,378,372,377
310,309,368,367,369,370,338,125,127,404,130,129,449,426,385,384,427,365,366,362,360,361,376,379,378,372,377
310,309,368,369,370,338,125,124,126,127,404,130,426,385,384,427,365,366,362,360,361,376,379,378,372,377
310,309,368,369,370,338,125,127,126,128,129,449,426,130,364,385,384,427,365,366,362,360,361,376,379,378,372,377
310,308,309,368,363,364,130,129,449,426,385,384,427,365,362,360,361,376,379,378,372,377
310,309,368,367,369,370,338,125,127,404,128,129,449,426,130,364,427,365,366,362,360,361,376,379,378,372,377
310,308,309,368,367,369,370,338,125,124,126,128,129,449,426,130,364,385,384,427,365,362,360,361,371,372,377
310,308,309,368,367,369,370,338,125,127,404,130,129,449,426,385,364,427,365,366,362,360,361,376,378,372,377
310,308,309,368,369,370,338,125,124,126,127,404,130,426,385,364,427,365,366,362,360,361,376,378,372,377
310,309,368,367,369,370,338,125,127,404,130,129,449,426,385,364,427,365,366,362,360,361,376,379,378,372,377
310,309,368,369,370,338,125,124,126,127,404,130,426,385,364,427,365,366,362,360,361,376,379,378,372,377
310,309,368,363,364,385,384,154,153,151,150,383,382,381,427,365,366,362,360,361,371,372,377
310,308,309,368,369,370,338,125,127,404,128,129,449,426,130,364,385,384,427,365,366,362,360,361,376,378,372,377
310,308,309,368,363,364,427,381,153,151,150,383,366,362,360,361,376,379,378,372,377
310,308,309,368,363,364,385,384,154,393,155,153,381,427,365,366,362,360,361,376,378,372,377
310,308,309,368,369,370,338,125,124,126,128,129,130,364,385,384,427,365,362,360,361,376,379,378,372,377
310,308,309,368,369,370,338,125,124,126,128,129,130,426,385,384,427,365,362,360,361,376,379,378,372,377
310,308,309,368,367,369,370,338,125,127,126,128,129,130,364,385,384,427,365,362,360,361,376,379,378,372,377
310,308,309,368,367,369,370,338,125,124,126,128,404,130,364,427,365,362,360,361,376,379,378,372,377
310,308,309,368,369,370,338,125,127,404,130,364,385,384,154,153,381,427,365,366,362,360,361,376,378,372,377
310,308,309,368,367,369,370,338,125,127,126,128,129,130,426,385,384,427,365,362,360,361,376,379,378,372,377
310,309,368,369,370,338,125,127,404,128,129,449,426,130,364,385,384,427,365,366,362,360,361,376,379,378,372,377
310,308,309,368,369,370,338,125,127,404,130,426,385,384,154,153,381,427,365,366,362,360,361,376,378,372,377
310,309,368,363,364,385,384,154,393,155,153,381,427,365,366,362,360,361,376,379,378,372,377
310,308,309,368,367,369,370,338,125,124,126,128,129,130,364,385,384,427,365,366,362,360,361,371,372,377
310,308,309,368,367,369,370,338,125,124,126,128,129,130,426,385,384,427,365,366,362,360,361,371,372,377
310,309,368,369,370,338,125,127,404,130,364,385,384,154,153,381,427,365,366,362,360,361,376,379,378,372,377
310,308,309,368,363,364,427,381,382,151,150,383,366,362,360,361,376,379,378,372,377
310,308,309,368,363,364,385,384,427,381,153,151,150,383,366,365,362,360,361,371,372,377
310,309,368,369,370,338,125,127,404,130,426,385,384,154,153,381,427,365,366,362,360,361,376,379,378,372,377
310,308,309,368,369,370,338,125,124,126,128,129,130,426,385,364,427,365,362,360,361,376,379,378,372,377
310,308,309,368,369,370,338,125,124,126,128,129,449,426,385,384,427,365,362,360,361,376,379,378,372,377
310,308,309,368,367,369,370,338,125,127,126,128,129,130,426,385,364,427,365,362,360,361,376,379,378,372,377
310,308,309,368,367,369,370,338,125,127,126,128,129,449,426,385,384,427,365,362,360,361,376,379,378,372,377
310,308,309,368,367,369,370,338,125,124,126,128,129,130,426,385,364,427,365,366,362,360,361,371,372,377
310,308,309,368,369,370,338,125,124,126,128,404,130,364,385,384,427,365,362,360,361,376,379,378,372,377
310,308,309,368,363,364,130,426,385,384,154,153,381,427,365,366,362,360,361,371,372,377
310,308,309,368,367,369,370,338,125,124,126,128,129,449,426,385,384,427,365,366,362,360,361,371,372,377
310,308,309,368,367,369,370,338,125,127,404,128,129,130,364,385,384,427,365,362,360,361,376,379,378,372,377
310,308,309,368,369,370,338,125,124,126,128,404,130,426,385,384,427,365,362,360,361,376,379,378,372,377
310,308,309,368,367,369,370,338,125,127,126,128,404,130,364,385,384,427,365,362,360,361,376,379,378,372,377
310,308,309,368,363,364,385,384,427,381,382,151,150,383,366,365,362,360,361,371,372,377
310,308,309,368,367,369,370,338,125,127,404,128,129,130,426,385,384,427,365,362,360,361,376,379,378,372,377
310,308,309,368,367,369,370,338,125,127,126,128,404,130,426,385,384,427,365,362,360,361,376,379,378,372,377
310,308,309,368,369,370,338,125,124,126,128,129,449,426,385,364,427,365,362,360,361,376,379,378,372,377
310,308,309,368,367,369,370,338,125,124,126,128,404,130,364,385,384,427,365,366,362,360,361,371,372,377
310,308,309,368,367,369,370,338,125,127,126,128,129,449,426,385,364,427,365,362,360,361,376,379,378,372,377
310,308,309,368,367,369,370,338,125,124,126,128,404,130,426,385,384,427,365,366,362,360,361,371,372,377
310,308,309,368,369,370,338,125,124,126,128,129,449,426,130,364,427,365,362,360,361,376,379,378,372,377
310,308,309,368,367,369,370,338,125,124,126,127,404,130,364,427,365,362,360,361,376,379,378,372,377
310,308,309,368,367,369,370,338,125,124,126,128,129,449,426,385,364,427,365,366,362,360,361,371,372,377
310,308,309,368,367,369,370,338,125,127,126,128,129,449,426,130,364,427,365,362,360,361,376,379,378,372,377
310,308,309,368,369,370,338,125,124,126,128,404,130,426,385,364,427,365,362,360,361,376,379,378,372,377
310,309,368,367,369,370,338,125,127,404,130,364,385,384,154,153,151,382,381,427,365,366,362,360,361,376,378,372,377
310,308,309,368,367,369,370,338,125,127,404,128,129,130,426,385,364,427,365,362,360,361,376,379,378,372,377
310,308,309,368,367,369,370,338,125,127,126,128,404,130,426,385,364,427,365,362,360,361,376,379,378,372,377
310,309,368,367,369,370,338,125,127,404,130,426,385,384,154,153,151,382,381,427,365,366,362,360,361,376,378,372,377
310,308,309,368,367,369,370,338,125,127,404,128,129,449,426,385,384,427,365,362,360,361,376,379,378,372,377
310,308,309,368,367,369,370,338,125,124,126,128,129,449,426,130,364,427,365,366,362,360,361,371,372,377
310,308,309,368,363,364,130,426,385,384,154,153,151,382,381,427,365,362,360,361,376,378,372,377
310,308,309,368,367,369,370,338,125,124,126,128,404,130,426,385,364,427,365,366,362,360,361,371,372,377
310,308,309,368,367,369,370,338,125,127,404,130,364,385,384,154,153,151,382,381,427,365,362,360,361,371,372,377
310,308,309,368,367,369,370,338,125,127,404,130,426,385,384,154,153,151,382,381,427,365,362,360,361,371,372,377
310,309,368,363,364,130,426,385,384,154,153,151,382,381,427,365,362,360,361,376,379,378,372,377
310,308,309,368,367,369,370,338,125,124,126,128,129,449,426,130,364,385,384,427,365,362,360,361,376,378,372,377
310,308,309,368,367,369,370,338,125,127,404,128,129,449,426,385,364,427,365,362,360,361,376,379,378,372,377
310,308,309,368,369,370,338,125,124,126,127,404,130,364,385,384,427,365,362,360,361,376,379,378,372,377
310,308,309,368,367,369,370,338,125,127,404,130,129,449,426,385,384,427,365,362,360,361,376,379,378,372,377
310,308,309,368,369,370,338,125,124,126,127,404,130,426,385,384,427,365,362,360,361,376,379,378,372,377
310,308,309,368,369,370,338,125,127,126,128,129,449,426,130,364,385,384,427,365,362,360,361,376,379,378,372,377
310,308,309,368,369,370,338,125,124,126,128,129,130,364,427,365,366,362,360,361,376,379,378,372,377
310,309,368,367,369,370,338,125,124,126,128,129,449,426,130,364,385,384,427,365,362,360,361,376,379,378,372,377
310,308,309,368,367,369,370,338,125,127,126,128,129,130,364,427,365,366,362,360,361,376,379,378,372,377
310,308,309,368,367,369,370,338,125,127,404,128,129,449,426,130,364,427,365,362,360,361,376,379,378,372,377
310,308,309,368,363,364,427,384,154,153,151,150,383,366,362,360,361,376,379,378,372,377
310,308,309,368,369,370,338,125,124,126,128,129,449,426,130,364,385,384,427,365,366,362,360,361,371,372,377
310,308,309,368,367,369,370,338,125,124,126,127,404,130,364,385,384,427,365,366,362,360,361,371,372,377
310,309,368,363,364,385,384,154,153,151,150,383,382,381,427,365,366,362,360,361,376,378,372,377
310,308,309,368,367,369,370,338,125,124,126,127,404,130,426,385,384,427,365,366,362,360,361,371,372,377
310,308,309,368,367,369,370,338,125,127,126,128,129,449,426,130,364,385,384,427,365,366,362,360,361,371,372,377
310,308,309,368,367,369,370,338,125,127,404,130,129,449,426,385,364,427,365,362,360,361,376,379,378,372,377
310,308,309,368,369,370,338,125,124,126,127,404,130,426,385,364,427,365,362,360,361,376,379,378,372,377
310,308,309,368,363,364,385,384,154,153,151,150,383,382,381,427,365,362,360,361,371,372,377
310,308,309,368,367,369,370,338,125,124,126,128,129,130,364,385,384,427,365,366,362,360,361,376,378,372,377
310,308,309,368,367,369,370,338,125,124,126,128,129,130,426,385,384,427,365,366,362,360,361,376,378,372,377
310,308,309,368,367,369,370,338,125,124,126,127,404,130,426,385,364,427,365,366,362,360,361,371,372,377
310,308,309,368,363,364,385,384,427,381,153,151,150,383,366,365,362,360,361,376,378,372,377
310,308,309,368,369,370,338,125,127,126,128,129,130,364,385,384,427,365,366,362,360,361,376,379,378,372,377
310,308,309,368,369,370,338,125,127,404,128,129,449,426,130,364,385,384,427,365,362,360,361,376,379,378,372,377
310,308,309,368,369,370,338,125,124,126,128,404,130,364,427,365,366,362,360,361,376,379,378,372,377
310,309,368,367,369,370,338,125,124,126,128,129,130,364,385,384,427,365,366,362,360,361,376,379,378,372,377
310,309,368,369,370,338,125,127,126,128,129,130,364,427,381,382,383,366,362,360,361,371,372,377
310,308,309,368,363,364,385,384,154,393,155,153,381,427,365,362,360,361,376,379,378,372,377
310,308,309,368,369,370,338,125,127,126,128,129,130,426,385,384,427,365,366,362,360,361,376,379,378,372,377
310,308,309,368,367,369,370,338,125,127,404,128,129,130,364,427,365,366,362,360,361,376,379,378,372,377
310,309,368,367,369,370,338,125,124,126,128,129,130,426,385,384,427,365,366,362,360,361,376,379,378,372,377
310,308,309,368,367,369,370,338,125,127,126,128,404,130,364,427,365,366,362,360,361,376,379,378,372,377
310,309,368,363,364,385,384,427,381,153,151,150,383,366,365,362,360,361,376,379,378,372,377
310,308,309,368,369,370,338,125,127,404,130,364,385,384,154,153,381,427,365,362,360,361,376,379,378,372,377
310,308,309,368,367,369,370,338,125,127,404,128,129,449,426,130,364,385,384,427,365,366,362,360,361,371,372,377
310,308,309,368,367,369,370,338,125,124,126,128,129,130,426,385,364,427,365,366,362,360,361,376,378,372,377
310,308,309,368,369,370,338,125,127,404,130,426,385,384,154,153,381,427,365,362,360,361,376,379,378,372,377
310,308,309,368,363,364,130,426,385,384,154,153,381,427,365,366,362,360,361,376,378,372,377
310,308,309,368,367,369,370,338,125,124,126,128,129,449,426,385,384,427,365,366,362,360,361,376,378,372,377
310,308,309,368,363,364,385,384,427,381,382,151,150,383,366,365,362,360,361,376,378,372,377
310,308,309,368,367,369,370,338,125,127,404,130,364,385,384,154,153,381,427,365,366,362,360,361,371,372,377
310,308,309,368,369,370,338,125,127,126,128,129,130,426,385,364,427,365,366,362,360,361,376,379,378,372,377
310,309,368,367,369,370,338,125,124,126,128,129,130,426,385,364,427,365,366,362,360,361,376,379,378,372,377
310,308,309,368,369,370,338,125,127,126,128,129,449,426,385,384,427,365,366,362,360,361,376,379,378,372,377
310,308,309,368,367,369,370,338,125,127,404,130,426,385,384,154,153,381,427,365,366,362,360,361,371,372,377
310,308,309,368,367,369,370,338,125,124,126,128,404,130,364,385,384,427,365,366,362,360,361,376,378,372,377
310,309,368,363,364,130,426,385,384,154,153,381,427,365,366,362,360,361,376,379,378,372,377
310,309,368,367,369,370,338,125,124,126,128,129,449,426,385,384,427,365,366,362,360,361,376,379,378,372,377
310,308,309,368,367,369,370,338,125,124,126,128,404,130,426,385,384,427,365,366,362,360,361,376,378,372,377
310,308,309,368,363,364,385,384,154,393,155,394,151,153,381,427,365,366,362,360,361,371,372,377
310,309,368,363,364,385,384,427,381,382,151,150,383,366,365,362,360,361,376,379,378,372,377
310,308,309,368,367,369,370,338,125,124,126,128,129,449,426,385,364,427,365,366,362,360,361,376,378,372,377
310,308,309,368,369,370,338,125,127,404,128,129,130,364,385,384,427,365,366,362,360,361,376,379,378,372,377
310,308,309,368,369,370,338,125,127,126,128,404,130,364,385,384,427,365,366,362,360,361,376,379,378,372,377
310,309,368,369,370,338,125,127,404,128,129,130,364,427,381,382,383,366,362,360,361,371,372,377
310,309,368,367,369,370,338,125,124,126,128,404,130,364,385,384,427,365,366,362,360,361,376,379,378,372,377
310,309,368,369,370,338,125,127,126,128,404,130,364,427,381,382,383,366,362,360,361,371,372,377
310,308,309,368,369,370,338,125,127,404,128,129,130,426,385,384,427,365,366,362,360,361,376,379,378,372,377
310,308,309,368,369,370,338,125,127,126,128,404,130,426,385,384,427,365,366,362,360,361,376,379,378,372,377
310,309,368,367,369,370,338,125,124,126,128,404,130,426,385,384,427,365,366,362,360,361,376,379,378,372,377
310,308,309,368,369,370,338,125,127,126,128,129,449,426,385,364,427,365,366,362,360,361,376,379,378,372,377
310,308,309,368,367,369,370,338,125,124,126,128,129,449,426,130,364,427,365,366,362,360,361,376,378,372,377
310,309,368,367,369,370,338,125,124,126,128,129,449,426,385,364,427,365,366,362,360,361,376,379,378,372,377
310,308,309,368,367,369,370,338,125,124,126,128,404,130,426,385,364,427,365,366,362,360,361,376,378,372,377
310,308,309,368,369,370,338,125,124,126,127,404,130,364,427,365,366,362,360,361,376,379,378,372,377
310,308,309,368,363,364,385,384,154,393,155,394,151,382,381,427,365,366,362,360,361,371,372,377
310,308,309,368,367,369,370,338,125,127,404,130,364,385,384,154,153,151,382,381,427,365,362,360,361,376,378,372,377
310,308,309,368,369,370,338,125,127,126,128,129,449,426,130,364,427,365,366,362,360,361,376,379,378,372,377
310,309,368,367,369,370,338,125,124,126,128,129,449,426,130,364,427,365,366,362,360,361,376,379,378,372,377
310,308,309,368,367,369,370,338,125,127,404,130,426,385,384,154,153,151,382,381,427,365,362,360,361,376,378,372,377
310,308,309,368,369,370,338,125,127,404,128,129,130,426,385,364,427,365,366,362,360,361,376,379,378,372,377
310,308,309,368,369,370,338,125,127,126,128,404,130,426,385,364,427,365,366,362,360,361,376,379,378,372,377
310,309,368,367,369,370,338,125,124,126,128,404,130,426,385,364,427,365,366,362,360,361,376,379,378,372,377
310,309,308,56,55,57,179,50,180,435,395,377
310,308,309,368,369,370,338,125,127,404,128,129,449,426,385,384,427,365,366,362,360,361,376,379,378,372,377
310,308,309,368,363,364,385,384,154,393,155,153,151,382,381,427,365,366,362,360,361,371,372,377
310,309,368,367,369,370,338,125,127,404,130,364,385,384,154,153,151,382,381,427,365,362,360,361,376,379,378,372,377
310,309,368,367,369,370,338,125,127,404,130,426,385,384,154,153,151,382,381,427,365,362,360,361,376,379,378,372,377
310,308,309,368,369,370,338,125,127,404,130,364,385,384,154,153,151,382,381,427,365,366,362,360,361,371,372,377
310,308,309,368,369,370,338,125,127,404,130,426,385,384,154,153,151,382,381,427,365,366,362,360,361,371,372,377
310,308,309,368,369,370,338,125,124,126,128,129,449,426,130,364,385,384,427,365,366,362,360,361,376,378,372,377
310,308,309,368,367,369,370,338,125,124,126,127,404,130,364,385,384,427,365,366,362,360,361,376,378,372,377
310,308,309,368,363,364,385,384,154,153,155,394,151,382,381,427,365,366,362,360,361,371,372,377
310,308,309,368,367,369,370,338,125,124,126,127,404,130,426,385,384,427,365,366,362,360,361,376,378,372,377
310,308,309,368,369,370,338,125,127,404,128,129,449,426,385,364,427,365,366,362,360,361,376,379,378,372,377
310,308,309,368,367,369,370,338,125,127,126,128,129,449,426,130,364,385,384,427,365,366,362,360,361,376,378,372,377
310,308,309,368,369,370,338,125,127,404,130,129,449,426,385,384,427,365,366,362,360,361,376,379,378,372,377
310,309,368,369,370,338,125,124,126,128,129,449,426,130,364,385,384,427,365,366,362,360,361,376,379,378,372,377
310,309,368,367,369,370,338,125,124,126,127,404,130,364,385,384,427,365,366,362,360,361,376,379,378,372,377
310,308,309,368,369,370,338,125,127,404,128,129,449,426,130,364,427,365,366,362,360,361,376,379,378,372,377
310,309,368,367,369,370,338,125,124,126,127,404,130,426,385,384,427,365,366,362,360,361,376,379,378,372,377
310,309,368,367,369,370,338,125,127,126,128,129,449,426,130,364,385,384,427,365,366,362,360,361,376,379,378,372,377
310,308,309,368,363,364,385,384,154,153,151,150,383,382,381,427,365,362,360,361,376,378,372,377
310,308,309,368,367,369,370,338,125,124,126,127,404,130,426,385,364,427,365,366,362,360,361,376,378,372,377
310,308,309,368,369,370,338,125,127,404,130,129,449,426,385,364,427,365,366,362,360,361,376,379,378,372,377
310,309,368,363,364,385,384,154,153,151,150,383,382,381,427,365,362,360,361,376,379,378,372,377
310,309,368,369,370,338,125,127,126,128,129,130,364,427,381,382,383,366,362,360,361,376,378,372,377
310,309,368,367,369,370,338,125,124,126,127,404,130,426,385,364,427,365,366,362,360,361,376,379,378,372,377
310,308,309,368,367,369,370,338,125,127,404,128,129,449,426,130,364,385,384,427,365,366,362,360,361,376,378,372,377
310,308,309,368,367,369,370,338,125,124,126,128,129,130,364,385,384,427,365,362,360,361,376,379,378,372,377
310,308,309,368,367,369,370,338,125,124,126,128,129,130,426,385,384,427,365,362,360,361,376,379,378,372,377
310,308,309,368,367,369,370,338,125,127,404,130,364,385,384,154,153,381,427,365,366,362,360,361,376,378,372,377
310,309,368,367,369,370,338,125,127,404,128,129,449,426,130,364,385,384,427,365,366,362,360,361,376,379,378,372,377
310,308,309,368,367,369,370,338,125,127,404,130,426,385,384,154,153,381,427,365,366,362,360,361,376,378,372,377
310,308,309,368,363,364,385,384,154,393,155,394,151,153,381,427,365,366,362,360,361,376,378,372,377
310,309,368,367,369,370,338,125,127,404,130,364,385,384,154,153,381,427,365,366,362,360,361,376,379,378,372,377
310,309,368,367,369,370,338,125,127,404,130,426,385,384,154,153,381,427,365,366,362,360,361,376,379,378,372,377
310,309,368,369,370,338,125,127,404,128,129,130,364,427,381,382,383,366,362,360,361,376,378,372,377
310,309,368,369,370,338,125,127,126,128,404,130,364,427,381,382,383,366,362,360,361,376,378,372,377
310,308,309,368,367,369,370,338,125,124,126,128,129,130,426,385,364,427,365,362,360,361,376,379,378,372,377
310,308,309,368,363,364,130,426,385,384,154,153,381,427,365,362,360,361,376,379,378,372,377
310,308,309,368,367,369,370,338,125,124,126,128,129,449,426,385,384,427,365,362,360,361,376,379,378,372,377
310,309,368,363,364,385,384,154,393,155,394,151,153,381,427,365,366,362,360,361,376,379,378,372,377
310,308,309,368,363,364,385,384,427,381,153,151,150,383,366,362,360,361,376,379,378,372,377
310,308,309,368,363,364,385,384,154,393,155,394,151,382,381,427,365,366,362,360,361,376,378,372,377
310,308,309,368,367,369,370,338,125,124,126,128,404,130,364,385,384,427,365,362,360,361,376,379,378,372,377
310,308,309,368,367,369,370,338,125,124,126,128,404,130,426,385,384,427,365,362,360,361,376,379,378,372,377
310,308,309,368,367,369,370,338,125,124,126,128,129,449,426,385,364,427,365,362,360,361,376,379,378,372,377
310,309,368,363,364,385,384,154,393,155,394,151,382,381,427,365,366,362,360,361,376,379,378,372,377
310,308,309,368,363,364,385,384,154,153,151,150,383,366,365,362,360,361,376,379,378,372,377
310,308,309,368,363,364,385,384,154,393,155,153,151,382,381,427,365,366,362,360,361,376,378,372,377
310,308,309,368,363,364,385,384,427,381,382,151,150,383,366,362,360,361,376,379,378,372,377
310,308,309,368,367,369,370,338,125,124,126,128,129,449,426,130,364,427,365,362,360,361,376,379,378,372,377
310,308,309,368,369,370,338,125,127,404,130,364,385,384,154,153,151,382,381,427,365,366,362,360,361,376,378,372,377
310,309,368,369,370,338,125,127,126,128,129,130,426,385,384,427,364,363,360,361,371,372,377
310,308,309,368,369,370,338,125,127,404,130,426,385,384,154,153,151,382,381,427,365,366,362,360,361,376,378,372,377
310,308,309,368,367,369,370,338,125,124,126,128,404,130,426,385,364,427,365,362,360,361,376,379,378,372,377
310,309,368,363,364,385,384,154,393,155,153,151,382,381,427,365,366,362,360,361,376,379,378,372,377
310,308,309,368,363,364,385,384,154,153,155,394,151,382,381,427,365,366,362,360,361,376,378,372,377
310,309,368,369,370,338,125,127,404,130,364,385,384,154,153,151,382,381,427,365,366,362,360,361,376,379,378,372,377
310,309,368,369,370,338,125,127,404,130,426,385,384,154,153,151,382,381,427,365,366,362,360,361,376,379,378,372,377
310,309,368,363,364,385,384,154,153,155,394,151,382,381,427,365,366,362,360,361,376,379,378,372,377
310,309,368,369,370,338,125,127,126,128,129,449,426,385,384,427,364,363,360,361,371,372,377
310,308,309,368,369,370,338,125,124,126,128,129,449,426,130,364,385,384,427,365,362,360,361,376,379,378,372,377
310,308,309,368,367,369,370,338,125,124,126,127,404,130,364,385,384,427,365,362,360,361,376,379,378,372,377
310,308,309,368,363,364,130,426,385,384,154,153,151,382,381,427,365,366,362,360,361,371,372,377
310,308,309,368,367,369,370,338,125,124,126,127,404,130,426,385,384,427,365,362,360,361,376,379,378,372,377
310,308,309,368,367,369,370,338,125,127,126,128,129,449,426,130,364,385,384,427,365,362,360,361,376,379,378,372,377
310,308,309,368,367,369,370,338,125,124,126,128,129,130,364,427,365,366,362,360,361,376,379,378,372,377
310,309,368,369,370,338,125,127,404,128,129,130,426,385,384,427,364,363,360,361,371,372,377
310,309,368,369,370,338,125,127,126,128,404,130,426,385,384,427,364,363,360,361,371,372,377
310,308,309,368,363,364,130,129,449,426,385,384,427,365,366,362,360,361,376,379,378,372,377
310,308,309,368,367,369,370,338,125,124,126,128,129,449,426,130,364,385,384,427,365,366,362,360,361,371,372,377
310,308,309,368,363,364,427,381,153,151,150,383,366,365,362,360,361,376,379,378,372,377
310,308,309,368,367,369,370,338,125,124,126,127,404,130,426,385,364,427,365,362,360,361,376,379,378,372,377
310,309,368,369,370,338,125,127,404,128,129,449,426,385,384,427,364,363,360,361,371,372,377
310,308,309,368,363,364,427,381,382,151,150,383,366,365,362,360,361,376,379,378,372,377
310,308,309,368,369,370,338,125,124,126,128,129,130,364,385,384,427,365,366,362,360,361,376,379,378,372,377
310,309,368,369,370,338,125,124,126,128,129,130,364,427,381,382,383,366,362,360,361,371,372,377
310,308,309,368,369,370,338,125,124,126,128,129,130,426,385,384,427,365,366,362,360,361,376,379,378,372,377
310,308,309,368,367,369,370,338,125,127,126,128,129,130,364,385,384,427,365,366,362,360,361,376,379,378,372,377
310,308,309,368,367,369,370,338,125,127,404,128,129,449,426,130,364,385,384,427,365,362,360,361,376,379,378,372,377
310,308,309,368,367,369,370,338,125,124,126,128,404,130,364,427,365,366,362,360,361,376,379,378,372,377
310,309,368,367,369,370,338,125,127,126,128,129,130,364,427,381,382,383,366,362,360,361,371,372,377
310,308,309,368,367,369,370,338,125,127,126,128,129,130,426,385,384,427,365,366,362,360,361,376,379,378,372,377
310,308,309,368,367,369,370,338,125,127,404,130,364,385,384,154,153,381,427,365,362,360,361,376,379,378,372,377
310,309,368,369,370,338,125,127,404,130,129,449,426,385,384,427,364,363,360,361,371,372,377
310,308,309,368,367,369,370,338,125,127,404,130,426,385,384,154,153,381,427,365,362,360,361,376,379,378,372,377
310,308,309,368,363,364,385,384,154,393,155,394,151,153,381,427,365,362,360,361,376,379,378,372,377
310,308,309,368,369,370,338,125,124,126,128,129,130,426,385,364,427,365,366,362,360,361,376,379,378,372,377
310,308,309,368,369,370,338,125,124,126,128,129,449,426,385,384,427,365,366,362,360,361,376,379,378,372,377
310,308,309,368,367,369,370,338,125,127,126,128,129,130,426,385,364,427,365,366,362,360,361,376,379,378,372,377
310,308,309,368,367,369,370,338,125,127,126,128,129,449,426,385,384,427,365,366,362,360,361,376,379,378,372,377
310,308,309,368,369,370,338,125,124,126,128,404,130,364,385,384,427,365,366,362,360,361,376,379,378,372,377
310,309,368,369,370,338,125,127,126,128,129,130,364,385,384,427,381,382,383,366,362,360,361,371,372,377
310,309,368,369,370,338,125,124,126,128,404,130,364,427,381,382,383,366,362,360,361,371,372,377
310,309,368,369,370,338,125,127,126,128,129,130,426,385,384,427,364,363,360,361,376,378,372,377
310,308,309,368,367,369,370,338,125,127,404,128,129,130,364,385,384,427,365,366,362,360,361,376,379,378,372,377
310,308,309,368,369,370,338,125,124,126,128,404,130,426,385,384,427,365,366,362,360,361,376,379,378,372,377
310,308,309,368,367,369,370,338,125,127,126,128,404,130,364,385,384,427,365,366,362,360,361,376,379,378,372,377
310,309,368,369,370,338,125,127,126,128,129,130,426,385,384,427,381,382,383,366,362,360,361,371,372,377
310,309,368,367,369,370,338,125,127,404,128,129,130,364,427,381,382,383,366,362,360,361,371,372,377
310,309,368,367,369,370,338,125,127,126,128,404,130,364,427,381,382,383,366,362,360,361,371,372,377
310,308,309,368,367,369,370,338,125,127,404,128,129,130,426,385,384,427,365,366,362,360,361,376,379,378,372,377
310,308,309,368,367,369,370,338,125,127,126,128,404,130,426,385,384,427,365,366,362,360,361,376,379,378,372,377
310,308,309,368,363,364,385,384,154,393,155,394,151,382,381,427,365,362,360,361,376,379,378,372,377
310,308,309,368,369,370,338,125,124,126,128,129,449,426,385,364,427,365,366,362,360,361,376,379,378,372,377
310,308,309,368,367,369,370,338,125,127,126,128,129,449,426,385,364,427,365,366,362,360,361,376,379,378,372,377
310,308,309,368,369,370,338,125,124,126,128,129,449,426,130,364,427,365,366,362,360,361,376,379,378,372,377
310,308,309,368,367,369,370,338,125,124,126,127,404,130,364,427,365,366,362,360,361,376,379,378,372,377
310,308,309,368,363,364,385,384,154,393,155,153,151,382,381,427,365,362,360,361,376,379,378,372,377
310,308,309,368,367,369,370,338,125,127,126,128,129,449,426,130,364,427,365,366,362,360,361,376,379,378,372,377
310,308,309,368,369,370,338,125,124,126,128,404,130,426,385,364,427,365,366,362,360,361,376,379,378,372,377
310,309,368,369,370,338,125,127,126,128,129,130,426,385,364,427,381,382,383,366,362,360,361,371,372,377
310,309,368,369,370,338,125,127,126,128,129,449,426,385,384,427,364,363,360,361,376,378,372,377
310,309,368,369,370,338,125,127,126,128,129,449,426,385,384,427,381,382,383,366,362,360,361,371,372,377
310,308,309,368,367,369,370,338,125,127,404,128,129,130,426,385,364,427,365,366,362,360,361,376,379,378,372,377
310,308,309,368,367,369,370,338,125,127,126,128,404,130,426,385,364,427,365,366,362,360,361,376,379,378,372,377
310,308,309,368,369,370,338,125,127,404,130,364,385,384,154,153,151,382,381,427,365,362,360,361,376,379,378,372,377
310,308,309,368,367,369,370,338,125,127,404,128,129,449,426,385,384,427,365,366,362,360,361,376,379,378,372,377
310,308,309,368,369,370,338,125,127,404,130,426,385,384,154,153,151,382,381,427,365,362,360,361,376,379,378,372,377
310,308,309,368,363,364,130,426,385,384,154,153,151,382,381,427,365,366,362,360,361,376,378,372,377
310,308,309,368,363,364,385,384,154,153,155,394,151,382,381,427,365,362,360,361,376,379,378,372,377
310,309,368,369,370,338,125,127,404,128,129,130,364,385,384,427,381,382,383,366,362,360,361,371,372,377
310,309,368,369,370,338,125,127,126,128,404,130,364,385,384,427,381,382,383,366,362,360,361,371,372,377
310,309,368,369,370,338,125,127,404,128,129,130,426,385,384,427,364,363,360,361,376,378,372,377
310,309,368,369,370,338,125,127,126,128,404,130,426,385,384,427,364,363,360,361,376,378,372,377
310,308,309,368,367,369,370,338,125,127,404,130,364,385,384,154,153,151,382,381,427,365,366,362,360,361,371,372,377
310,309,368,369,370,338,125,127,404,128,129,130,426,385,384,427,381,382,383,366,362,360,361,371,372,377
310,308,309,368,363,364,427,384,154,153,151,150,383,366,365,362,360,361,376,379,378,372,377
310,309,368,369,370,338,125,127,126,128,404,130,426,385,384,427,381,382,383,366,362,360,361,371,372,377
310,308,309,368,367,369,370,338,125,127,404,130,426,385,384,154,153,151,382,381,427,365,366,362,360,361,371,372,377
310,309,368,363,364,130,426,385,384,154,153,151,382,381,427,365,366,362,360,361,376,379,378,372,377
310,308,309,368,367,369,370,338,125,124,126,128,129,449,426,130,364,385,384,427,365,366,362,360,361,376,378,372,377
310,309,368,369,370,338,125,127,126,128,129,449,426,385,364,427,381,382,383,366,362,360,361,371,372,377
310,308,309,368,367,369,370,338,125,127,404,128,129,449,426,385,364,427,365,366,362,360,361,376,379,378,372,377
310,308,309,368,369,370,338,125,124,126,127,404,130,364,385,384,427,365,366,362,360,361,376,379,378,372,377
310,308,309,368,367,369,370,338,125,127,404,130,129,449,426,385,384,427,365,366,362,360,361,376,379,378,372,377
310,309,368,369,370,338,125,124,126,127,404,130,364,427,381,382,383,366,362,360,361,371,372,377
310,308,309,368,369,370,338,125,124,126,127,404,130,426,385,384,427,365,366,362,360,361,376,379,378,372,377
310,308,309,368,369,370,338,125,127,126,128,129,449,426,130,364,385,384,427,365,366,362,360,361,376,379,378,372,377
310,309,368,367,369,370,338,125,124,126,128,129,449,426,130,364,385,384,427,365,366,362,360,361,376,379,378,372,377
310,309,368,369,370,338,125,127,126,128,129,449,426,130,364,427,381,382,383,366,362,360,361,371,372,377
310,309,368,363,364,385,384,154,393,155,394,151,382,383,366,362,360,361,371,372,377
310,308,309,368,367,369,370,338,125,127,404,128,129,449,426,130,364,427,365,366,362,360,361,376,379,378,372,377
310,309,368,369,370,338,125,127,404,128,129,130,426,385,364,427,381,382,383,366,362,360,361,371,372,377
310,309,368,369,370,338,125,127,126,128,404,130,426,385,364,427,381,382,383,366,362,360,361,371,372,377
310,309,368,369,370,338,125,127,404,128,129,449,426,385,384,427,364,363,360,361,376,378,372,377
310,309,368,369,370,338,125,127,404,128,129,449,426,385,384,427,381,382,383,366,362,360,361,371,372,377
310,309,368,363,364,385,384,154,393,155,153,151,382,383,366,362,360,361,371,372,377
310,309,368,369,370,338,125,124,126,128,129,130,364,427,381,382,383,366,362,360,361,376,378,372,377
310,309,368,369,370,338,125,127,126,128,129,130,364,427,381,382,383,366,365,362,360,361,371,372,377
310,308,309,368,367,369,370,338,125,127,404,130,129,449,426,385,364,427,365,366,362,360,361,376,379,378,372,377
310,309,368,367,369,370,338,125,127,126,128,129,130,364,427,381,382,383,366,362,360,361,376,378,372,377
310,308,309,368,369,370,338,125,124,126,127,404,130,426,385,364,427,365,366,362,360,361,376,379,378,372,377
310,309,368,369,370,338,125,127,404,130,364,385,384,154,153,151,382,383,366,362,360,361,371,372,377
310,308,309,368,363,364,385,384,154,153,151,150,383,382,381,427,365,366,362,360,361,371,372,377
310,309,368,369,370,338,125,127,404,130,426,385,384,154,153,151,382,383,366,362,360,361,371,372,377
310,309,368,369,370,338,125,127,404,128,129,449,426,385,364,427,381,382,383,366,362,360,361,371,372,377
310,309,368,363,364,385,384,154,153,155,394,151,382,383,366,362,360,361,371,372,377
310,309,368,369,370,338,125,127,404,130,129,449,426,385,384,427,364,363,360,361,376,378,372,377
310,309,368,369,370,338,125,127,404,130,129,449,426,385,384,427,381,382,383,366,362,360,361,371,372,377
310,308,309,368,369,370,338,125,127,404,128,129,449,426,130,364,385,384,427,365,366,362,360,361,376,379,378,372,377
310,309,368,369,370,338,125,127,404,128,129,449,426,130,364,427,381,382,383,366,362,360,361,371,372,377
310,308,309,368,363,364,385,384,154,393,155,153,381,427,365,366,362,360,361,376,379,378,372,377
310,308,309,368,369,370,338,125,127,404,130,364,385,384,154,153,381,427,365,366,362,360,361,376,379,378,372,377
310,308,309,368,369,370,338,125,127,404,130,426,385,384,154,153,381,427,365,366,362,360,361,376,379,378,372,377
310,309,368,369,370,338,125,127,404,130,129,449,426,385,364,427,381,382,383,366,362,360,361,371,372,377
310,309,368,369,370,338,125,127,126,128,129,130,364,385,384,427,381,382,383,366,362,360,361,376,378,372,377
310,309,368,369,370,338,125,127,404,128,129,130,364,427,381,382,383,366,365,362,360,361,371,372,377
310,309,368,369,370,338,125,124,126,128,404,130,364,427,381,382,383,366,362,360,361,376,378,372,377
310,309,368,369,370,338,125,127,126,128,404,130,364,427,381,382,383,366,365,362,360,361,371,372,377
310,309,368,369,370,338,125,127,126,128,129,130,426,385,384,427,381,382,383,366,362,360,361,376,378,372,377
310,309,368,367,369,370,338,125,127,404,128,129,130,364,427,381,382,383,366,362,360,361,376,378,372,377
310,309,368,367,369,370,338,125,127,126,128,404,130,364,427,381,382,383,366,362,360,361,376,378,372,377
310,309,368,363,364,385,384,154,393,155,153,381,382,383,366,362,360,361,371,372,377
310,309,368,369,370,338,125,127,404,130,364,385,384,154,153,381,382,383,366,362,360,361,371,372,377
310,309,368,369,370,338,125,127,404,130,426,385,384,154,153,381,382,383,366,362,360,361,371,372,377
310,309,368,369,370,338,125,127,126,128,129,130,426,385,364,427,381,382,383,366,362,360,361,376,378,372,377
310,309,368,369,370,338,125,127,404,130,364,427,381,153,151,382,383,366,362,360,361,371,372,377
310,309,368,369,370,338,125,127,126,128,129,449,426,385,384,427,381,382,383,366,362,360,361,376,378,372,377
310,309,368,363,364,427,381,153,155,394,151,382,383,366,362,360,361,371,372,377
310,309,368,369,370,338,125,124,126,128,129,130,426,385,384,427,364,363,360,361,371,372,377
310,309,368,369,370,338,125,127,404,128,129,130,364,385,384,427,381,382,383,366,362,360,361,376,378,372,377
310,309,368,369,370,338,125,127,126,128,404,130,364,385,384,427,381,382,383,366,362,360,361,376,378,372,377
310,308,309,368,367,369,370,338,125,127,404,130,364,385,384,154,153,151,382,381,427,365,366,362,360,361,376,378,372,377
310,309,368,369,370,338,125,127,404,128,129,130,426,385,384,427,381,382,383,366,362,360,361,376,378,372,377
310,309,368,367,369,370,338,125,127,126,128,129,130,426,385,384,427,364,363,360,361,371,372,377
310,309,368,369,370,338,125,127,126,128,404,130,426,385,384,427,381,382,383,366,362,360,361,376,378,372,377
310,308,309,368,367,369,370,338,125,127,404,130,426,385,384,154,153,151,382,381,427,365,366,362,360,361,376,378,372,377
310,309,368,369,370,338,125,127,126,128,129,449,426,385,364,427,381,382,383,366,362,360,361,376,378,372,377
310,309,368,367,369,370,338,125,127,404,130,364,385,384,154,153,151,382,381,427,365,366,362,360,361,376,379,378,372,377
310,309,368,369,370,338,125,124,126,127,404,130,364,427,381,382,383,366,362,360,361,376,378,372,377
310,309,368,367,369,370,338,125,127,404,130,426,385,384,154,153,151,382,381,427,365,366,362,360,361,376,379,378,372,377
310,309,368,369,370,338,125,127,126,128,129,449,426,130,364,427,381,382,383,366,362,360,361,376,378,372,377
310,309,368,363,364,385,384,154,393,155,394,151,382,383,366,362,360,361,376,378,372,377
310,309,368,369,370,338,125,124,126,128,129,449,426,385,384,427,364,363,360,361,371,372,377
310,308,309,368,363,364,130,426,385,384,154,153,151,382,381,427,365,362,360,361,376,379,378,372,377
310,309,368,369,370,338,125,127,404,128,129,130,426,385,364,427,381,382,383,366,362,360,361,376,378,372,377
310,309,368,369,370,338,125,127,126,128,404,130,426,385,364,427,381,382,383,366,362,360,361,376,378,372,377
310,309,368,369,370,338,125,127,404,128,129,449,426,385,384,427,381,382,383,366,362,360,361,376,378,372,377
310,309,368,367,369,370,338,125,127,126,128,129,449,426,385,384,427,364,363,360,361,371,372,377
310,309,368,363,364,385,384,154,393,155,153,151,382,383,366,362,360,361,376,378,372,377
310,309,368,369,370,338,125,127,126,128,129,130,364,427,381,382,383,366,365,362,360,361,376,378,372,377
310,308,309,368,367,369,370,338,125,124,126,128,129,449,426,130,364,385,384,427,365,362,360,361,376,379,378,372,377
310,309,368,369,370,338,125,124,126,128,404,130,426,385,384,427,364,363,360,361,371,372,377
310,309,368,367,369,370,338,125,127,404,128,129,130,426,385,384,427,364,363,360,361,371,372,377
310,309,368,367,369,370,338,125,127,126,128,404,130,426,385,384,427,364,363,360,361,371,372,377
310,309,368,369,370,338,125,127,404,130,364,385,384,154,153,151,382,383,366,362,360,361,376,378,372,377
310,308,309,368,363,364,385,384,154,153,151,150,383,382,381,427,365,366,362,360,361,376,378,372,377
310,309,368,369,370,338,125,127,404,130,426,385,384,154,153,151,382,383,366,362,360,361,376,378,372,377
310,309,368,369,370,338,125,127,404,128,129,449,426,385,364,427,381,382,383,366,362,360,361,376,378,372,377
310,309,368,363,364,385,384,154,153,155,394,151,382,383,366,362,360,361,376,378,372,377
310,309,368,369,370,338,125,127,404,130,129,449,426,385,384,427,381,382,383,366,362,360,361,376,378,372,377
310,309,368,363,364,385,384,154,153,151,150,383,382,381,427,365,366,362,360,361,376,379,378,372,377
310,309,368,369,370,338,125,127,404,128,129,449,426,130,364,427,381,382,383,366,362,360,361,376,378,372,377
310,309,368,367,369,370,338,125,127,404,128,129,449,426,385,384,427,364,363,360,361,371,372,377
310,309,368,363,364,427,384,154,393,155,394,151,382,383,366,362,360,361,371,372,377
310,309,368,369,370,338,125,127,404,130,129,449,426,385,364,427,381,382,383,366,362,360,361,376,378,372,377
310,309,368,369,370,338,125,127,404,128,129,130,364,427,381,382,383,366,365,362,360,361,376,378,372,377
310,308,309,368,367,369,370,338,125,124,126,128,129,130,364,385,384,427,365,366,362,360,361,376,379,378,372,377
310,308,309,368,369,370,338,125,127,126,128,129,130,364,427,381,382,383,366,362,360,361,371,372,377
310,309,368,369,370,338,125,127,126,128,404,130,364,427,381,382,383,366,365,362,360,361,376,378,372,377
310,309,368,367,369,370,338,125,124,126,128,129,130,364,427,381,382,383,366,362,360,361,371,372,377
310,309,368,363,364,130,426,385,384,154,153,151,382,383,366,362,360,361,371,372,377
310,308,309,368,367,369,370,338,125,124,126,128,129,130,426,385,384,427,365,366,362,360,361,376,379,378,372,377
310,309,368,363,364,130,129,449,426,385,384,427,381,382,383,366,362,360,361,371,372,377
310,308,309,368,363,364,385,384,427,381,153,151,150,383,366,365,362,360,361,376,379,378,372,377
310,309,368,363,364,385,384,154,393,155,153,381,382,383,366,362,360,361,376,378,372,377
310,309,368,363,364,427,384,154,393,155,153,151,382,383,366,362,360,361,371,372,377
310,309,368,367,369,370,338,125,127,404,130,129,449,426,385,384,427,364,363,360,361,371,372,377
310,309,368,369,370,338,125,127,404,130,364,385,384,154,153,381,382,383,366,362,360,361,376,378,372,377
310,309,368,369,370,338,125,124,126,127,404,130,426,385,384,427,364,363,360,361,371,372,377
310,309,368,369,370,338,125,127,404,130,364,427,384,154,153,151,382,383,366,362,360,361,371,372,377
310,309,368,369,370,338,125,127,404,130,426,385,384,154,153,381,382,383,366,362,360,361,376,378,372,377
310,309,368,369,370,338,125,127,404,130,364,427,381,153,151,382,383,366,362,360,361,376,378,372,377
310,308,309,368,367,369,370,338,125,124,126,128,129,130,426,385,364,427,365,366,362,360,361,376,379,378,372,377
310,309,368,363,364,427,384,154,153,155,394,151,382,383,366,362,360,361,371,372,377
310,308,309,368,363,364,130,426,385,384,154,153,381,427,365,366,362,360,361,376,379,378,372,377
310,308,309,368,367,369,370,338,125,124,126,128,129,449,426,385,384,427,365,366,362,360,361,376,379,378,372,377
310,309,368,363,364,427,381,153,155,394,151,382,383,366,362,360,361,376,378,372,377
310,308,309,368,363,364,385,384,427,381,382,151,150,383,366,365,362,360,361,376,379,378,372,377
310,309,368,369,370,338,125,124,126,128,129,130,364,385,384,427,381,382,383,366,362,360,361,371,372,377
310,309,368,369,370,338,125,124,126,128,129,130,426,385,384,427,364,363,360,361,376,378,372,377
310,308,309,368,369,370,338,125,127,404,128,129,130,364,427,381,382,383,366,362,360,361,371,372,377
310,308,309,368,367,369,370,338,125,124,126,128,404,130,364,385,384,427,365,366,362,360,361,376,379,378,372,377
310,309,368,369,370,338,125,124,126,128,129,130,426,385,384,427,381,382,383,366,362,360,361,371,372,377
310,308,309,368,369,370,338,125,127,126,128,404,130,364,427,381,382,383,366,362,360,361,371,372,377
310,309,368,367,369,370,338,125,127,126,128,129,130,364,385,384,427,381,382,383,366,362,360,361,371,372,377
310,309,368,367,369,370,338,125,124,126,128,404,130,364,427,381,382,383,366,362,360,361,371,372,377
310,309,368,367,369,370,338,125,127,126,128,129,130,426,385,384,427,364,363,360,361,376,378,372,377
310,308,309,368,367,369,370,338,125,124,126,128,404,130,426,385,384,427,365,366,362,360,361,376,379,378,372,377
310,309,368,367,369,370,338,125,127,126,128,129,130,426,385,384,427,381,382,383,366,362,360,361,371,372,377
310,308,309,368,367,369,370,338,125,124,126,128,129,449,426,385,364,427,365,366,362,360,361,376,379,378,372,377
310,309,368,363,364,130,426,385,384,154,153,381,382,383,366,362,360,361,371,372,377
310,308,309,368,367,369,370,338,125,124,126,128,129,449,426,130,364,427,365,366,362,360,361,376,379,378,372,377
310,309,368,369,370,338,125,124,126,128,129,130,426,385,364,427,381,382,383,366,362,360,361,371,372,377
310,309,368,363,364,427,384,154,393,155,153,381,382,383,366,362,360,361,371,372,377
310,309,368,369,370,338,125,124,126,128,129,449,426,385,384,427,364,363,360,361,376,378,372,377
310,309,368,369,370,338,125,124,126,128,129,449,426,385,384,427,381,382,383,366,362,360,361,371,372,377
310,308,309,368,367,369,370,338,125,124,126,128,404,130,426,385,364,427,365,366,362,360,361,376,379,378,372,377
310,309,368,367,369,370,338,125,127,126,128,129,130,426,385,364,427,381,382,383,366,362,360,361,371,372,377
310,309,368,367,369,370,338,125,127,126,128,129,449,426,385,384,427,364,363,360,361,376,378,372,377
310,309,368,367,369,370,338,125,127,126,128,129,449,426,385,384,427,381,382,383,366,362,360,361,371,372,377
310,309,368,369,370,338,125,127,404,130,364,427,384,154,153,381,382,383,366,362,360,361,371,372,377
310,308,309,368,367,369,370,338,125,127,404,130,364,385,384,154,153,151,382,381,427,365,362,360,361,376,379,378,372,377
310,309,368,369,370,338,125,127,404,130,426,385,384,154,153,381,427,364,363,360,361,371,372,377
310,308,309,368,367,369,370,338,125,127,404,130,426,385,384,154,153,151,382,381,427,365,362,360,361,376,379,378,372,377
310,309,368,369,370,338,125,124,126,128,404,130,364,385,384,427,381,382,383,366,362,360,361,371,372,377
310,309,368,369,370,338,125,124,126,128,404,130,426,385,384,427,364,363,360,361,376,378,372,377
310,309,368,367,369,370,338,125,127,404,128,129,130,364,385,384,427,381,382,383,366,362,360,361,371,372,377
310,309,368,369,370,338,125,124,126,128,404,130,426,385,384,427,381,382,383,366,362,360,361,371,372,377
310,309,368,367,369,370,338,125,127,126,128,404,130,364,385,384,427,381,382,383,366,362,360,361,371,372,377
310,309,368,367,369,370,338,125,127,404,128,129,130,426,385,384,427,364,363,360,361,376,378,372,377
310,309,368,367,369,370,338,125,127,126,128,404,130,426,385,384,427,364,363,360,361,376,378,372,377
310,309,368,367,369,370,338,125,127,404,128,129,130,426,385,384,427,381,382,383,366,362,360,361,371,372,377
310,309,368,367,369,370,338,125,127,126,128,404,130,426,385,384,427,381,382,383,366,362,360,361,371,372,377
310,309,368,369,370,338,125,124,126,127,404,128,129,130,364,363,360,361,371,372,377
310,309,368,369,370,338,125,124,126,128,129,449,426,385,364,427,381,382,383,366,362,360,361,371,372,377
310,309,368,367,369,370,338,125,127,126,128,129,449,426,385,364,427,381,382,383,366,362,360,361,371,372,377
310,308,309,368,369,370,338,125,124,126,128,129,449,426,130,364,385,384,427,365,366,362,360,361,376,379,378,372,377
310,308,309,368,367,369,370,338,125,124,126,127,404,130,364,385,384,427,365,366,362,360,361,376,379,378,372,377
310,309,368,369,370,338,125,124,126,128,129,449,426,130,364,427,381,382,383,366,362,360,361,371,372,377
310,309,368,367,369,370,338,125,124,126,127,404,130,364,427,381,382,383,366,362,360,361,371,372,377
310,308,309,368,367,369,370,338,125,124,126,127,404,130,426,385,384,427,365,366,362,360,361,376,379,378,372,377
310,308,309,368,367,369,370,338,125,127,126,128,129,449,426,130,364,385,384,427,365,366,362,360,361,376,379,378,372,377
310,309,368,367,369,370,338,125,127,126,128,129,449,426,130,364,427,381,382,383,366,362,360,361,371,372,377
310,309,368,369,370,338,125,124,126,128,404,130,426,385,364,427,381,382,383,366,362,360,361,371,372,377
310,309,368,367,369,370,338,125,127,404,128,129,130,426,385,364,427,381,382,383,366,362,360,361,371,372,377
310,309,368,367,369,370,338,125,127,126,128,404,130,426,385,364,427,381,382,383,366,362,360,361,371,372,377
310,309,368,367,369,370,338,125,127,404,128,129,449,426,385,384,427,364,363,360,361,376,378,372,377
310,309,368,367,369,370,338,125,127,404,128,129,449,426,385,384,427,381,382,383,366,362,360,361,371,372,377
310,309,368,369,370,338,125,124,126,128,129,130,364,427,381,382,383,366,365,362,360,361,371,372,377
310,309,368,363,364,427,384,154,393,155,394,151,382,383,366,362,360,361,376,378,372,377
310,308,309,368,363,364,385,384,154,153,151,150,383,382,381,427,365,362,360,361,376,379,378,372,377
310,308,309,368,369,370,338,125,127,126,128,129,130,364,427,381,382,383,366,362,360,361,376,378,372,377
310,309,368,367,369,370,338,125,124,126,128,129,130,364,427,381,382,383,366,362,360,361,376,378,372,377
310,309,368,367,369,370,338,125,127,126,128,129,130,364,427,381,382,383,366,365,362,360,361,371,372,377
310,309,368,363,364,130,426,385,384,154,153,151,382,383,366,362,360,361,376,378,372,377
310,308,309,368,367,369,370,338,125,124,126,127,404,130,426,385,364,427,365,366,362,360,361,376,379,378,372,377
310,309,368,363,364,130,129,449,426,385,384,427,381,382,383,366,362,360,361,376,378,372,377
310,309,368,367,369,370,338,125,127,404,130,364,385,384,154,153,151,382,383,366,362,360,361,371,372,377
310,309,368,363,364,427,384,154,393,155,153,151,382,383,366,362,360,361,376,378,372,377
310,309,368,369,370,338,125,127,126,128,129,130,364,427,381,382,383,366,362,360,361,376,379,378,372,377
310,309,368,367,369,370,338,125,127,404,130,426,385,384,154,153,151,382,383,366,362,360,361,371,372,377
310,309,368,367,369,370,338,125,127,404,128,129,449,426,385,364,427,381,382,383,366,362,360,361,371,372,377
310,309,368,367,369,370,338,125,127,404,130,129,449,426,385,384,427,364,363,360,361,376,378,372,377
310,309,368,369,370,338,125,124,126,127,404,130,364,385,384,427,381,382,383,366,362,360,361,371,372,377
310,309,368,367,369,370,338,125,127,404,130,129,449,426,385,384,427,381,382,383,366,362,360,361,371,372,377
310,309,368,369,370,338,125,124,126,127,404,130,426,385,384,427,364,363,360,361,376,378,372,377
310,309,368,369,370,338,125,127,404,130,364,427,384,154,153,151,382,383,366,362,360,361,376,378,372,377
310,309,368,369,370,338,125,124,126,127,404,130,426,385,384,427,381,382,383,366,362,360,361,371,372,377
310,309,368,369,370,338,125,127,126,128,129,449,426,130,364,385,384,427,381,382,383,366,362,360,361,371,372,377
310,308,309,368,367,369,370,338,125,127,404,128,129,449,426,130,364,385,384,427,365,366,362,360,361,376,379,378,372,377
310,309,368,367,369,370,338,125,127,404,128,129,449,426,130,364,427,381,382,383,366,362,360,361,371,372,377
310,309,368,363,364,427,384,154,153,155,394,151,382,383,366,362,360,361,376,378,372,377
310,309,368,369,370,338,125,127,126,128,404,130,129,449,426,385,364,363,360,361,371,372,377
310,308,309,368,367,369,370,338,125,127,404,130,364,385,384,154,153,381,427,365,366,362,360,361,376,379,378,372,377
310,309,368,369,370,338,125,124,126,128,129,130,364,385,384,427,381,382,383,366,362,360,361,376,378,372,377
310,309,368,369,370,338,125,127,126,128,129,130,364,385,384,427,381,382,383,366,365,362,360,361,371,372,377
310,309,368,369,370,338,125,124,126,128,404,130,364,427,381,382,383,366,365,362,360,361,371,372,377
310,308,309,368,367,369,370,338,125,127,404,130,426,385,384,154,153,381,427,365,366,362,360,361,376,379,378,372,377
310,308,309,368,369,370,338,125,127,404,128,129,130,364,427,381,382,383,366,362,360,361,376,378,372,377
310,309,368,367,369,370,338,125,127,404,130,129,449,426,385,364,427,381,382,383,366,362,360,361,371,372,377
310,309,368,369,370,338,125,124,126,128,129,130,426,385,384,427,381,382,383,366,362,360,361,376,378,372,377
310,308,309,368,369,370,338,125,127,126,128,404,130,364,427,381,382,383,366,362,360,361,376,378,372,377
310,309,368,369,370,338,125,127,126,128,129,130,426,385,384,427,381,382,383,366,365,362,360,361,371,372,377
310,309,368,367,369,370,338,125,127,126,128,129,130,364,385,384,427,381,382,383,366,362,360,361,376,378,372,377
310,309,368,367,369,370,338,125,127,404,128,129,130,364,427,381,382,383,366,365,362,360,361,371,372,377
310,309,368,367,369,370,338,125,124,126,128,404,130,364,427,381,382,383,366,362,360,361,376,378,372,377
310,309,368,367,369,370,338,125,127,126,128,404,130,364,427,381,382,383,366,365,362,360,361,371,372,377
310,308,56,55,54,52,49,50,180,435,395,377
