327,197,392,391,389,387,386
327,197,392,391,343,387,386
327,325,326,392,391,389,387,386
327,325,326,392,391,343,387,386
327,325,120,326,392,391,389,387,386
327,325,120,326,392,391,343,387,386
327,197,392,391,389,390,387,386
327,197,392,391,389,390,388,386
327,325,326,392,391,389,390,387,386
327,325,326,392,391,389,390,388,386
327,197,392,391,389,387,390,388,386
327,197,392,391,343,387,390,388,386
327,325,120,326,392,391,389,390,387,386
327,325,120,326,392,391,389,390,388,386
327,325,326,392,391,389,387,390,388,386
327,325,326,392,391,343,387,390,388,386
327,325,120,326,392,391,389,387,390,388,386
327,325,120,326,392,391,343,387,390,388,386
327,197,392,391,343,387,389,390,388,386
327,325,326,392,391,343,387,389,390,388,386
327,197,392,391,343,342,380,386
327,197,199,342,380,386
327,325,120,326,392,391,343,387,389,390,388,386
327,325,326,392,391,343,342,380,386
327,325,120,326,392,391,343,342,380,386
327,325,326,392,197,199,342,380,386
327,197,199,342,343,387,386
327,325,120,326,392,197,199,342,380,386
327,197,392,391,389,390,388,350,31,380,386
327,325,326,392,391,389,390,388,350,31,380,386
327,325,326,392,197,199,342,343,387,386
327,197,392,391,343,342,380,31,350,388,386
327,197,199,342,380,31,350,388,386
327,197,392,391,389,387,390,388,350,31,380,386
327,197,392,391,343,387,390,388,350,31,380,386
327,325,120,326,392,391,389,390,388,350,31,380,386
327,325,120,326,392,197,199,342,343,387,386
327,325,326,392,391,343,342,380,31,350,388,386
327,325,326,392,391,389,387,390,388,350,31,380,386
327,325,326,392,391,343,387,390,388,350,31,380,386
327,325,120,326,392,391,343,342,380,31,350,388,386
327,325,120,326,392,391,389,387,390,388,350,31,380,386
327,325,120,326,392,391,343,387,390,388,350,31,380,386
327,197,392,391,389,387,343,342,380,386
327,197,199,342,343,391,389,387,386
327,325,326,392,197,199,342,380,31,350,388,386
327,325,326,392,391,389,387,343,342,380,386
327,197,392,391,343,342,380,31,350,388,390,387,386
327,197,199,342,380,31,350,388,390,387,386
327,197,199,342,343,387,390,388,386
327,325,120,326,392,197,199,342,380,31,350,388,386
327,197,392,391,343,387,389,390,388,350,31,380,386
327,325,120,326,392,391,389,387,343,342,380,386
327,325,326,392,391,343,342,380,31,350,388,390,387,386
327,325,326,392,391,343,387,389,390,388,350,31,380,386
327,325,120,326,392,391,343,342,380,31,350,388,390,387,386
327,197,199,32,34,342,380,386
327,325,326,392,197,199,342,343,391,389,387,386
327,325,120,326,392,391,343,387,389,390,388,350,31,380,386
327,325,326,392,197,199,342,380,31,350,388,390,387,386
327,325,120,326,392,197,199,342,343,391,389,387,386
327,325,326,392,197,199,342,343,387,390,388,386
327,197,392,391,389,390,387,343,342,380,386
327,325,120,326,392,197,199,342,380,31,350,388,390,387,386
327,197,392,391,343,342,380,31,350,388,390,389,387,386
327,197,199,342,380,31,350,388,390,389,387,386
327,325,120,326,392,197,199,342,343,387,390,388,386
327,197,199,342,343,387,389,390,388,386
327,197,199,342,343,391,389,390,387,386
327,197,199,342,343,391,389,390,388,386
327,325,326,392,391,389,390,387,343,342,380,386
327,197,392,391,343,342,34,29,31,380,386
327,325,326,392,197,199,32,34,342,380,386
327,197,199,342,34,29,31,380,386
327,325,326,392,391,343,342,380,31,350,388,390,389,387,386
327,197,392,391,389,387,343,342,380,31,350,388,386
327,197,199,32,34,342,343,387,386
327,197,199,32,34,29,31,380,386
327,325,120,326,392,391,389,390,387,343,342,380,386
327,325,120,326,392,197,199,32,34,342,380,386
327,325,120,326,392,391,343,342,380,31,350,388,390,389,387,386
327,325,326,392,391,343,342,34,29,31,380,386
327,197,199,342,343,391,389,387,390,388,386
327,325,326,392,391,389,387,343,342,380,31,350,388,386
327,325,120,326,392,391,343,342,34,29,31,380,386
327,325,326,392,197,199,342,380,31,350,388,390,389,387,386
327,197,392,391,389,390,388,350,31,380,342,343,387,386
327,325,326,392,197,199,342,343,387,389,390,388,386
327,325,120,326,392,391,389,387,343,342,380,31,350,388,386
327,325,326,392,197,199,342,343,391,389,390,387,386
327,325,326,392,197,199,342,343,391,389,390,388,386
327,197,392,391,343,342,199,32,34,29,31,380,386
327,325,120,326,392,197,199,342,380,31,350,388,390,389,387,386
327,325,326,392,197,199,342,34,29,31,380,386
327,197,392,391,343,342,34,29,31,350,388,386
327,197,199,342,34,29,31,350,388,386
327,325,120,326,392,197,199,342,343,387,389,390,388,386
327,325,326,392,391,389,390,388,350,31,380,342,343,387,386
327,197,199,182,32,34,342,380,386
327,325,120,326,392,197,199,342,343,391,389,390,387,386
327,325,120,326,392,197,199,342,343,391,389,390,388,386
327,325,326,392,197,199,32,34,342,343,387,386
327,325,326,392,197,199,32,34,29,31,380,386
327,197,199,32,34,342,380,31,350,388,386
327,325,326,392,391,343,342,199,32,34,29,31,380,386
327,197,199,32,34,29,31,350,388,386
327,325,120,326,392,197,199,342,34,29,31,380,386
327,325,120,326,392,391,389,390,388,350,31,380,342,343,387,386
327,325,326,392,391,343,342,34,29,31,350,388,386
327,325,326,392,197,199,342,343,391,389,387,390,388,386
327,325,120,326,392,197,199,32,34,342,343,387,386
327,325,120,326,392,197,199,32,34,29,31,380,386
327,325,120,326,392,391,343,342,199,32,34,29,31,380,386
327,325,120,326,392,391,343,342,34,29,31,350,388,386
327,325,120,326,392,197,199,342,343,391,389,387,390,388,386
327,197,392,391,389,390,387,343,342,380,31,350,388,386
327,197,392,391,343,342,199,32,34,29,31,350,388,386
327,325,326,392,197,199,342,34,29,31,350,388,386
327,325,326,392,197,199,182,32,34,342,380,386
327,197,199,32,34,342,343,391,389,387,386
327,325,326,392,391,389,390,387,343,342,380,31,350,388,386
327,197,199,182,32,34,342,343,387,386
327,325,326,392,197,199,32,34,342,380,31,350,388,386
327,325,326,392,197,199,32,34,29,31,350,388,386
327,197,392,391,343,342,34,29,31,350,388,390,387,386
327,197,199,182,32,34,29,31,380,386
327,197,199,342,34,29,31,350,388,390,387,386
327,325,326,392,391,343,342,199,32,34,29,31,350,388,386
327,325,120,326,392,197,199,342,34,29,31,350,388,386
327,325,120,326,392,197,199,182,32,34,342,380,386
327,197,199,32,34,342,380,31,350,388,390,387,386
327,197,199,32,34,29,31,350,388,390,387,386
327,197,199,32,34,342,343,387,390,388,386
327,325,120,326,392,391,389,390,387,343,342,380,31,350,388,386
327,325,120,326,392,197,199,32,34,342,380,31,350,388,386
327,325,120,326,392,197,199,32,34,29,31,350,388,386
327,197,199,342,343,387,390,388,350,31,380,386
327,325,120,326,392,391,343,342,199,32,34,29,31,350,388,386
327,325,326,392,391,343,342,34,29,31,350,388,390,387,386
327,197,199,342,380,31,350,388,390,389,391,343,387,386
327,325,120,326,392,391,343,342,34,29,31,350,388,390,387,386
327,197,392,391,343,342,199,182,32,34,29,31,380,386
327,197,392,391,389,387,343,342,34,29,31,380,386
327,394,155,325,326,392,391,389,387,386
327,394,155,325,326,392,391,343,387,386
327,197,392,391,343,342,199,32,34,29,31,350,388,390,387,386
327,325,326,392,197,199,32,34,342,343,391,389,387,386
327,325,326,392,197,199,182,32,34,342,343,387,386
327,325,326,392,197,199,182,32,34,29,31,380,386
327,325,326,392,197,199,342,34,29,31,350,388,390,387,386
327,197,199,182,32,34,342,380,31,350,388,386
327,325,326,392,391,343,342,199,182,32,34,29,31,380,386
327,197,199,182,32,34,29,31,350,388,386
327,325,326,392,391,389,387,343,342,34,29,31,380,386
327,325,155,393,120,326,392,391,389,387,386
327,325,155,393,120,326,392,391,343,387,386
327,394,155,325,120,326,392,391,389,387,386
327,394,155,325,120,326,392,391,343,387,386
327,325,326,392,197,199,32,34,342,380,31,350,388,390,387,386
327,325,326,392,197,199,32,34,29,31,350,388,390,387,386
327,394,155,393,120,326,392,391,389,387,386
327,394,155,393,120,326,392,391,343,387,386
327,325,120,326,392,197,199,32,34,342,343,391,389,387,386
327,325,326,392,391,343,342,199,32,34,29,31,350,388,390,387,386
327,325,326,392,197,199,32,34,342,343,387,390,388,386
327,197,392,391,389,390,388,350,31,29,34,342,380,386
327,325,120,326,392,197,199,182,32,34,342,343,387,386
327,325,326,392,197,199,342,343,387,390,388,350,31,380,386
327,325,120,326,392,197,199,182,32,34,29,31,380,386
327,325,120,326,392,197,199,342,34,29,31,350,388,390,387,386
327,197,392,391,343,342,34,29,31,350,388,390,389,387,386
327,325,120,326,392,391,343,342,199,182,32,34,29,31,380,386
327,197,199,342,34,29,31,350,388,390,389,387,386
327,325,120,326,392,391,389,387,343,342,34,29,31,380,386
327,325,120,326,392,197,199,32,34,342,380,31,350,388,390,387,386
327,325,120,326,392,197,199,32,34,29,31,350,388,390,387,386
327,325,326,392,197,199,342,380,31,350,388,390,389,391,343,387,386
327,197,199,32,34,342,380,31,350,388,390,389,387,386
327,197,199,32,34,29,31,350,388,390,389,387,386
327,325,120,326,392,391,343,342,199,32,34,29,31,350,388,390,387,386
327,394,155,393,120,325,326,392,391,389,387,386
327,394,155,393,120,325,326,392,391,343,387,386
327,325,120,326,392,197,199,32,34,342,343,387,390,388,386
327,197,199,32,34,342,343,387,389,390,388,386
327,325,326,392,391,389,390,388,350,31,29,34,342,380,386
327,325,120,326,392,197,199,342,343,387,390,388,350,31,380,386
327,197,199,32,34,342,343,391,389,390,387,386
327,197,392,391,389,387,343,342,199,32,34,29,31,380,386
327,197,199,32,34,342,343,391,389,390,388,386
327,197,199,342,343,387,389,390,388,350,31,380,386
327,325,326,392,391,343,342,34,29,31,350,388,390,389,387,386
327,197,199,342,343,391,389,390,388,350,31,380,386
327,197,392,391,343,342,199,182,32,34,29,31,350,388,386
327,197,392,391,389,387,343,342,34,29,31,350,388,386
327,325,120,326,392,197,199,342,380,31,350,388,390,389,391,343,387,386
327,197,392,391,389,387,390,388,350,31,29,34,342,380,386
327,197,392,391,343,387,390,388,350,31,29,34,342,380,386
327,325,120,326,392,391,389,390,388,350,31,29,34,342,380,386
327,325,326,392,391,389,387,343,342,199,32,34,29,31,380,386
327,197,199,182,32,34,342,343,391,389,387,386
327,325,120,326,392,391,343,342,34,29,31,350,388,390,389,387,386
327,325,326,392,197,199,182,32,34,342,380,31,350,388,386
327,325,326,392,197,199,182,32,34,29,31,350,388,386
327,325,326,392,391,343,342,199,182,32,34,29,31,350,388,386
327,197,199,32,34,29,31,380,342,343,387,386
327,197,392,391,389,390,388,350,31,29,34,32,199,342,380,386
327,325,326,392,391,389,387,343,342,34,29,31,350,388,386
327,325,326,392,391,389,387,390,388,350,31,29,34,342,380,386
327,197,392,391,343,342,199,32,34,29,31,350,388,390,389,387,386
327,325,326,392,391,343,387,390,388,350,31,29,34,342,380,386
327,197,199,32,34,342,343,391,389,387,390,388,386
327,197,199,182,32,34,342,380,31,350,388,390,387,386
327,197,199,182,32,34,29,31,350,388,390,387,386
327,325,120,326,392,391,389,387,343,342,199,32,34,29,31,380,386
327,197,199,342,343,391,389,387,390,388,350,31,380,386
327,197,199,182,32,34,342,343,387,390,388,386
327,325,120,326,392,197,199,182,32,34,342,380,31,350,388,386
327,325,120,326,392,197,199,182,32,34,29,31,350,388,386
327,325,326,392,197,199,342,34,29,31,350,388,390,389,387,386
327,197,392,391,389,390,388,350,31,29,34,342,343,387,386
327,325,120,326,392,391,343,342,199,182,32,34,29,31,350,388,386
327,325,120,326,392,391,389,387,343,342,34,29,31,350,388,386
327,325,326,392,391,389,390,388,350,31,29,34,32,199,342,380,386
327,197,392,391,389,390,387,343,342,34,29,31,380,386
327,325,120,326,392,391,389,387,390,388,350,31,29,34,342,380,386
327,325,120,326,392,391,343,387,390,388,350,31,29,34,342,380,386
327,325,326,392,197,199,32,34,342,380,31,350,388,390,389,387,386
327,325,326,392,197,199,32,34,29,31,350,388,390,389,387,386
327,325,326,392,391,343,342,199,32,34,29,31,350,388,390,389,387,386
327,325,326,392,197,199,32,34,342,343,387,389,390,388,386
327,394,155,325,326,392,391,389,390,387,386
327,394,155,325,326,392,391,389,390,388,386
327,325,326,392,197,199,32,34,342,343,391,389,390,387,386
327,325,326,392,197,199,32,34,342,343,391,389,390,388,386
327,325,326,392,197,199,342,343,387,389,390,388,350,31,380,386
327,325,120,326,392,197,199,342,34,29,31,350,388,390,389,387,386
327,197,392,391,389,387,343,342,199,32,34,29,31,350,388,386
327,325,326,392,197,199,342,343,391,389,390,388,350,31,380,386
327,325,326,392,391,389,390,388,350,31,29,34,342,343,387,386
327,197,392,391,389,387,390,388,350,31,29,34,32,199,342,380,386
327,197,392,391,343,387,390,388,350,31,29,34,32,199,342,380,386
327,325,120,326,392,391,389,390,388,350,31,29,34,32,199,342,380,386
327,197,392,391,389,390,388,350,347,30,29,31,380,386
327,325,326,392,391,389,390,387,343,342,34,29,31,380,386
327,325,120,326,392,197,199,32,34,342,380,31,350,388,390,389,387,386
327,325,120,326,392,197,199,32,34,29,31,350,388,390,389,387,386
327,325,120,326,392,391,343,342,199,32,34,29,31,350,388,390,389,387,386
327,325,155,393,120,326,392,391,389,390,387,386
327,325,120,326,392,197,199,32,34,342,343,387,389,390,388,386
327,394,155,325,120,326,392,391,389,390,387,386
327,325,155,393,120,326,392,391,389,390,388,386
327,394,155,393,120,326,392,391,389,390,387,386
327,394,155,325,120,326,392,391,389,390,388,386
327,394,155,393,120,326,392,391,389,390,388,386
327,325,120,326,392,197,199,32,34,342,343,391,389,390,387,386
327,325,120,326,392,197,199,32,34,342,343,391,389,390,388,386
327,197,392,391,343,342,199,182,32,34,29,31,350,388,390,387,386
327,325,120,326,392,197,199,342,343,387,389,390,388,350,31,380,386
327,325,326,392,197,199,182,32,34,342,343,391,389,387,386
327,325,120,326,392,197,199,342,343,391,389,390,388,350,31,380,386
327,325,326,392,391,389,387,343,342,199,32,34,29,31,350,388,386
327,325,120,326,392,391,389,390,388,350,31,29,34,342,343,387,386
327,325,326,392,391,389,387,390,388,350,31,29,34,32,199,342,380,386
327,325,326,392,391,343,387,390,388,350,31,29,34,32,199,342,380,386
327,325,326,392,197,199,32,34,29,31,380,342,343,387,386
327,325,120,326,392,391,389,390,387,343,342,34,29,31,380,386
327,325,326,392,391,389,390,388,350,347,30,29,31,380,386
327,394,155,325,326,392,391,389,387,390,388,386
327,197,392,391,343,387,389,390,388,350,31,29,34,342,380,386
327,394,155,325,326,392,391,343,387,390,388,386
327,394,155,393,120,325,326,392,391,389,390,387,386
327,325,326,392,197,199,32,34,342,343,391,389,387,390,388,386
327,325,326,392,197,199,182,32,34,342,380,31,350,388,390,387,386
327,325,326,392,197,199,182,32,34,29,31,350,388,390,387,386
327,197,392,391,389,390,388,350,31,29,34,32,199,342,343,387,386
327,394,155,393,120,325,326,392,391,389,390,388,386
327,325,120,326,392,197,199,182,32,34,342,343,391,389,387,386
327,325,326,392,391,343,342,199,182,32,34,29,31,350,388,390,387,386
327,325,120,326,392,391,389,387,343,342,199,32,34,29,31,350,388,386
327,325,326,392,197,199,342,343,391,389,387,390,388,350,31,380,386
327,325,326,392,197,199,182,32,34,342,343,387,390,388,386
327,197,392,391,389,390,387,343,342,199,32,34,29,31,380,386
327,197,392,391,343,342,34,29,30,347,350,388,386
327,325,120,326,392,391,389,387,390,388,350,31,29,34,32,199,342,380,386
327,197,392,391,343,342,380,31,29,30,347,350,388,386
327,325,120,326,392,391,343,387,390,388,350,31,29,34,32,199,342,380,386
327,197,199,342,34,29,30,347,350,388,386
327,197,199,342,380,31,29,30,347,350,388,386
327,197,392,391,389,387,390,388,350,347,30,29,31,380,386
327,197,392,391,343,387,390,388,350,347,30,29,31,380,386
327,325,120,326,392,197,199,32,34,29,31,380,342,343,387,386
327,325,120,326,392,391,389,390,388,350,347,30,29,31,380,386
327,197,392,391,343,342,34,29,30,347,350,31,380,386
327,197,199,342,34,29,30,347,350,31,380,386
327,325,155,393,120,326,392,391,389,387,390,388,386
327,325,155,393,120,326,392,391,343,387,390,388,386
327,394,155,325,120,326,392,391,389,387,390,388,386
327,197,392,391,389,390,387,343,342,34,29,31,350,388,386
327,394,155,325,120,326,392,391,343,387,390,388,386
327,394,155,393,120,326,392,391,389,387,390,388,386
327,394,155,393,120,326,392,391,343,387,390,388,386
327,325,120,326,392,197,199,32,34,342,343,391,389,387,390,388,386
327,325,120,326,392,197,199,182,32,34,342,380,31,350,388,390,387,386
327,325,120,326,392,197,199,182,32,34,29,31,350,388,390,387,386
327,325,326,392,391,343,387,389,390,388,350,31,29,34,342,380,386
327,197,199,32,34,29,30,347,350,388,386
327,197,199,182,32,34,342,380,31,350,388,390,389,387,386
327,197,199,182,32,34,29,31,350,388,390,389,387,386
327,325,120,326,392,391,343,342,199,182,32,34,29,31,350,388,390,387,386
327,325,326,392,391,389,390,388,350,31,29,34,32,199,342,343,387,386
327,325,120,326,392,197,199,342,343,391,389,387,390,388,350,31,380,386
327,325,120,326,392,197,199,182,32,34,342,343,387,390,388,386
327,197,199,32,34,29,30,347,350,31,380,386
327,197,199,182,32,34,342,343,387,389,390,388,386
327,325,326,392,391,389,390,387,343,342,199,32,34,29,31,380,386
327,197,199,182,32,34,342,343,391,389,390,387,386
327,197,392,391,389,387,343,342,199,182,32,34,29,31,380,386
327,197,199,182,32,34,342,343,391,389,390,388,386
327,325,326,392,391,343,342,34,29,30,347,350,388,386
327,325,326,392,391,343,342,380,31,29,30,347,350,388,386
327,325,326,392,391,389,387,390,388,350,347,30,29,31,380,386
327,325,326,392,391,343,387,390,388,350,347,30,29,31,380,386
327,325,326,392,391,343,342,34,29,30,347,350,31,380,386
327,325,120,326,392,391,343,387,389,390,388,350,31,29,34,342,380,386
327,325,326,392,391,389,390,387,343,342,34,29,31,350,388,386
327,394,155,393,120,325,326,392,391,389,387,390,388,386
327,394,155,393,120,325,326,392,391,343,387,390,388,386
327,325,120,326,392,391,389,390,388,350,31,29,34,32,199,342,343,387,386
327,325,120,326,392,391,389,390,387,343,342,199,32,34,29,31,380,386
327,325,120,326,392,391,343,342,34,29,30,347,350,388,386
327,325,120,326,392,391,343,342,380,31,29,30,347,350,388,386
327,325,326,392,391,389,387,343,342,199,182,32,34,29,31,380,386
327,325,120,326,392,391,389,387,390,388,350,347,30,29,31,380,386
327,325,120,326,392,391,343,387,390,388,350,347,30,29,31,380,386
327,197,392,391,343,387,389,390,388,350,31,29,34,32,199,342,380,386
327,325,120,326,392,391,343,342,34,29,30,347,350,31,380,386
327,197,199,32,34,29,31,380,342,343,391,389,387,386
327,325,120,326,392,391,389,390,387,343,342,34,29,31,350,388,386
327,197,199,182,32,34,29,31,380,342,343,387,386
327,197,392,391,389,390,388,350,31,29,34,32,182,199,342,380,386
327,197,392,391,343,342,199,32,34,29,30,347,350,388,386
327,197,392,391,343,342,199,182,32,34,29,31,350,388,390,389,387,386
327,197,199,182,32,34,342,343,391,389,387,390,388,386
327,197,392,391,343,342,199,32,34,29,30,347,350,31,380,386
327,325,120,326,392,391,389,387,343,342,199,182,32,34,29,31,380,386
327,197,199,32,34,342,343,387,390,388,350,31,380,386
327,197,392,391,389,390,387,343,342,199,32,34,29,31,350,388,386
327,325,326,392,197,199,342,34,29,30,347,350,388,386
327,325,326,392,197,199,342,380,31,29,30,347,350,388,386
327,197,199,342,34,29,31,350,388,390,389,391,343,387,386
327,325,326,392,391,343,387,389,390,388,350,31,29,34,32,199,342,380,386
327,197,199,32,34,29,31,380,342,343,387,390,388,386
327,325,326,392,197,199,342,34,29,30,347,350,31,380,386
327,325,326,392,391,389,390,388,350,31,29,34,32,182,199,342,380,386
327,394,155,325,326,392,391,343,387,389,390,388,386
327,325,326,392,197,199,32,34,29,30,347,350,388,386
327,197,199,32,34,342,380,31,350,388,390,389,391,343,387,386
327,197,199,32,34,29,31,350,388,390,389,391,343,387,386
327,197,392,391,343,342,34,29,30,347,350,388,390,387,386
327,197,392,391,343,342,380,31,29,30,347,350,388,390,387,386
327,325,326,392,197,199,182,32,34,342,380,31,350,388,390,389,387,386
327,197,199,342,34,29,30,347,350,388,390,387,386
327,325,326,392,197,199,182,32,34,29,31,350,388,390,389,387,386
327,197,199,342,380,31,29,30,347,350,388,390,387,386
327,325,326,392,391,343,342,199,32,34,29,30,347,350,388,386
327,325,326,392,197,199,32,34,29,30,347,350,31,380,386
327,325,326,392,391,343,342,199,182,32,34,29,31,350,388,390,389,387,386
327,325,326,392,197,199,182,32,34,342,343,387,389,390,388,386
327,325,326,392,391,343,342,199,32,34,29,30,347,350,31,380,386
327,325,326,392,197,199,182,32,34,342,343,391,389,390,387,386
327,325,120,326,392,197,199,342,34,29,30,347,350,388,386
327,325,120,326,392,197,199,342,380,31,29,30,347,350,388,386
327,325,326,392,197,199,182,32,34,342,343,391,389,390,388,386
327,325,120,326,392,391,343,387,389,390,388,350,31,29,34,32,199,342,380,386
327,325,326,392,391,389,390,387,343,342,199,32,34,29,31,350,388,386
327,197,392,391,389,387,343,342,199,182,32,34,29,31,350,388,386
327,197,392,391,343,387,389,390,388,350,347,30,29,31,380,386
327,197,199,32,34,29,30,347,350,388,390,387,386
327,325,120,326,392,197,199,342,34,29,30,347,350,31,380,386
327,197,392,391,389,387,390,388,350,31,29,34,32,182,199,342,380,386
327,197,392,391,343,387,390,388,350,31,29,34,32,182,199,342,380,386
327,325,120,326,392,391,389,390,388,350,31,29,34,32,182,199,342,380,386
327,325,155,393,120,326,392,391,343,387,389,390,388,386
327,394,155,325,120,326,392,391,343,387,389,390,388,386
327,325,120,326,392,197,199,32,34,29,30,347,350,388,386
327,394,155,393,120,326,392,391,343,387,389,390,388,386
327,325,120,326,392,197,199,182,32,34,342,380,31,350,388,390,389,387,386
327,325,120,326,392,197,199,182,32,34,29,31,350,388,390,389,387,386
327,325,120,326,392,391,343,342,199,32,34,29,30,347,350,388,386
327,325,326,392,391,343,342,34,29,30,347,350,388,390,387,386
327,325,326,392,391,343,342,380,31,29,30,347,350,388,390,387,386
327,325,120,326,392,197,199,32,34,29,30,347,350,31,380,386
327,325,120,326,392,391,343,342,199,182,32,34,29,31,350,388,390,389,387,386
327,325,120,326,392,197,199,182,32,34,342,343,387,389,390,388,386
327,325,120,326,392,391,343,342,199,32,34,29,30,347,350,31,380,386
327,325,120,326,392,197,199,182,32,34,342,343,391,389,390,387,386
327,325,120,326,392,197,199,182,32,34,342,343,391,389,390,388,386
327,325,120,326,392,391,389,390,387,343,342,199,32,34,29,31,350,388,386
327,325,326,392,391,389,387,343,342,199,182,32,34,29,31,350,388,386
327,325,326,392,391,343,387,389,390,388,350,347,30,29,31,380,386
327,325,326,392,197,199,32,34,29,31,380,342,343,391,389,387,386
327,394,155,325,326,392,391,343,342,380,386
327,325,326,392,391,389,387,390,388,350,31,29,34,32,182,199,342,380,386
327,325,326,392,391,343,387,390,388,350,31,29,34,32,182,199,342,380,386
327,325,326,392,197,199,182,32,34,29,31,380,342,343,387,386
327,394,155,393,120,325,326,392,391,343,387,389,390,388,386
327,325,120,326,392,391,343,342,34,29,30,347,350,388,390,387,386
327,325,120,326,392,391,343,342,380,31,29,30,347,350,388,390,387,386
327,325,326,392,197,199,182,32,34,342,343,391,389,387,390,388,386
327,197,392,391,389,390,388,350,31,29,34,32,182,199,342,343,387,386
327,325,326,392,197,199,32,34,342,343,387,390,388,350,31,380,386
327,325,120,326,392,391,389,387,343,342,199,182,32,34,29,31,350,388,386
327,325,120,326,392,391,343,387,389,390,388,350,347,30,29,31,380,386
327,325,155,393,120,326,392,391,343,342,380,386
327,325,326,392,197,199,342,34,29,31,350,388,390,389,391,343,387,386
327,325,120,326,392,197,199,32,34,29,31,380,342,343,391,389,387,386
327,394,155,325,120,326,392,391,343,342,380,386
327,197,392,391,389,390,387,343,342,199,182,32,34,29,31,380,386
327,394,155,393,120,326,392,391,343,342,380,386
327,197,392,391,343,342,199,32,34,29,30,347,350,388,390,387,386
327,325,326,392,197,199,32,34,29,31,380,342,343,387,390,388,386
327,325,120,326,392,391,389,387,390,388,350,31,29,34,32,182,199,342,380,386
327,325,120,326,392,391,343,387,390,388,350,31,29,34,32,182,199,342,380,386
327,325,120,326,392,197,199,182,32,34,29,31,380,342,343,387,386
327,325,326,392,197,199,32,34,342,380,31,350,388,390,389,391,343,387,386
327,325,326,392,197,199,32,34,29,31,350,388,390,389,391,343,387,386
327,325,326,392,197,199,342,34,29,30,347,350,388,390,387,386
327,325,326,392,197,199,342,380,31,29,30,347,350,388,390,387,386
327,325,120,326,392,197,199,182,32,34,342,343,391,389,387,390,388,386
327,197,199,182,32,34,29,30,347,350,388,386
327,325,326,392,391,389,390,388,350,31,29,34,32,182,199,342,343,387,386
327,325,120,326,392,197,199,32,34,342,343,387,390,388,350,31,380,386
327,197,199,182,32,34,29,30,347,350,31,380,386
327,325,120,326,392,197,199,342,34,29,31,350,388,390,389,391,343,387,386
327,197,199,32,34,342,343,387,389,390,388,350,31,380,386
327,325,326,392,197,199,32,34,29,30,347,350,388,390,387,386
327,325,120,326,392,197,199,32,34,29,31,380,342,343,387,390,388,386
327,325,326,392,391,389,390,387,343,342,199,182,32,34,29,31,380,386
327,197,199,32,34,342,343,391,389,390,388,350,31,380,386
327,394,155,393,120,325,326,392,391,343,342,380,386
327,394,155,325,326,392,197,199,342,380,386
327,197,199,32,34,29,31,380,342,343,387,389,390,388,386
327,325,326,392,391,343,342,199,32,34,29,30,347,350,388,390,387,386
327,197,199,32,34,29,31,380,342,343,391,389,390,387,386
327,197,392,391,389,390,388,350,347,30,29,34,342,380,386
327,197,199,32,34,29,31,380,342,343,391,389,390,388,386
327,394,151,153,155,325,326,392,391,389,387,386
327,394,151,153,155,325,326,392,391,343,387,386
327,325,120,326,392,197,199,32,34,342,380,31,350,388,390,389,391,343,387,386
327,325,120,326,392,197,199,32,34,29,31,350,388,390,389,391,343,387,386
327,325,120,326,392,197,199,342,34,29,30,347,350,388,390,387,386
327,325,120,326,392,197,199,342,380,31,29,30,347,350,388,390,387,386
327,197,392,391,343,342,34,29,30,347,350,388,390,389,387,386
327,197,392,391,343,342,380,31,29,30,347,350,388,390,389,387,386
327,197,199,342,34,29,30,347,350,388,390,389,387,386
327,197,199,342,380,31,29,30,347,350,388,390,389,387,386
327,197,199,32,33,37,34,342,380,386
327,325,120,326,392,391,389,390,388,350,31,29,34,32,182,199,342,343,387,386
327,394,151,150,152,375,198,197,392,391,389,387,386
327,394,151,150,152,375,198,197,392,391,343,387,386
327,325,120,326,392,197,199,32,34,29,30,347,350,388,390,387,386
327,325,120,326,392,391,389,390,387,343,342,199,182,32,34,29,31,380,386
327,325,155,393,120,326,392,197,199,342,380,386
327,394,155,325,120,326,392,197,199,342,380,386
327,197,199,32,34,29,30,347,350,388,390,389,387,386
327,325,120,326,392,391,343,342,199,32,34,29,30,347,350,388,390,387,386
327,394,155,393,120,326,392,197,199,342,380,386
327,394,151,153,155,325,120,326,392,391,389,387,386
327,197,392,391,389,390,388,350,347,346,351,30,29,31,380,386
327,394,151,153,155,325,120,326,392,391,343,387,386
327,325,155,153,154,393,120,326,392,391,389,387,386
327,197,392,391,343,387,389,390,388,350,31,29,34,32,182,199,342,380,386
327,394,151,153,155,393,120,326,392,391,389,387,386
327,325,155,153,154,393,120,326,392,391,343,387,386
327,394,151,153,155,393,120,326,392,391,343,387,386
327,325,326,392,391,389,390,388,350,347,30,29,34,342,380,386
327,197,199,182,32,34,29,31,380,342,343,391,389,387,386
327,394,155,153,154,393,120,326,392,391,389,387,386
327,394,155,153,154,393,120,326,392,391,343,387,386
327,394,151,153,154,393,120,326,392,391,389,387,386
327,394,151,153,154,393,120,326,392,391,343,387,386
327,325,326,392,391,343,342,34,29,30,347,350,388,390,389,387,386
327,325,326,392,391,343,342,380,31,29,30,347,350,388,390,389,387,386
327,394,151,153,154,393,155,325,326,392,391,389,387,386
327,394,151,153,154,393,155,325,326,392,391,343,387,386
327,197,392,391,343,342,199,182,32,34,29,30,347,350,388,386
327,197,392,391,389,387,343,342,34,29,30,347,350,388,386
327,197,199,32,34,342,343,391,389,387,390,388,350,31,380,386
327,197,392,391,389,387,343,342,380,31,29,30,347,350,388,386
327,197,392,391,343,342,199,182,32,34,29,30,347,350,31,380,386
327,325,155,394,151,150,152,375,198,197,392,391,389,387,386
327,325,155,394,151,150,152,375,198,197,392,391,343,387,386
327,325,155,153,151,150,152,375,198,197,392,391,389,387,386
327,325,155,153,151,150,152,375,198,197,392,391,343,387,386
327,394,155,393,120,325,326,392,197,199,342,380,386
327,197,392,391,389,387,343,342,34,29,30,347,350,31,380,386
327,197,392,391,389,387,390,388,350,347,30,29,34,342,380,386
327,197,199,182,32,34,342,343,387,390,388,350,31,380,386
327,197,392,391,343,387,390,388,350,347,30,29,34,342,380,386
327,394,155,153,151,150,152,375,198,197,392,391,389,387,386
327,197,199,32,34,29,31,380,342,343,391,389,387,390,388,386
327,394,155,153,151,150,152,375,198,197,392,391,343,387,386
327,197,392,391,389,390,387,343,342,199,182,32,34,29,31,350,388,386
327,325,120,326,392,391,389,390,388,350,347,30,29,34,342,380,386
327,325,326,392,391,389,390,388,350,347,346,351,30,29,31,380,386
327,394,151,153,155,393,120,325,326,392,391,389,387,386
327,325,326,392,391,343,387,389,390,388,350,31,29,34,32,182,199,342,380,386
327,394,151,153,155,393,120,325,326,392,391,343,387,386
327,394,155,153,154,393,120,325,326,392,391,389,387,386
327,197,199,182,32,34,29,31,380,342,343,387,390,388,386
327,394,155,153,154,393,120,325,326,392,391,343,387,386
327,394,151,153,154,393,120,325,326,392,391,389,387,386
327,394,151,153,154,393,120,325,326,392,391,343,387,386
327,325,120,326,392,391,343,342,34,29,30,347,350,388,390,389,387,386
327,325,120,326,392,391,343,342,380,31,29,30,347,350,388,390,389,387,386
327,394,151,153,154,393,155,325,120,326,392,391,389,387,386
327,394,151,153,154,393,155,325,120,326,392,391,343,387,386
327,325,326,392,197,199,182,32,34,29,30,347,350,388,386
327,197,199,182,32,34,342,380,31,350,388,390,389,391,343,387,386
327,325,155,394,151,153,154,393,120,326,392,391,389,387,386
327,197,199,182,32,34,29,31,350,388,390,389,391,343,387,386
327,325,155,394,151,153,154,393,120,326,392,391,343,387,386
327,325,326,392,391,343,342,199,182,32,34,29,30,347,350,388,386
327,325,326,392,197,199,182,32,34,29,30,347,350,31,380,386
327,197,392,391,389,390,388,350,347,30,29,34,32,199,342,380,386
327,325,326,392,197,199,32,34,342,343,387,389,390,388,350,31,380,386
327,325,326,392,391,389,387,343,342,34,29,30,347,350,388,386
327,325,326,392,391,389,387,343,342,380,31,29,30,347,350,388,386
327,394,155,325,326,392,391,389,390,388,350,31,380,386
327,325,326,392,391,343,342,199,182,32,34,29,30,347,350,31,380,386
327,197,392,391,343,342,34,29,30,351,346,347,350,388,386
327,197,392,391,343,342,380,31,29,30,351,346,347,350,388,386
327,197,199,342,34,29,30,351,346,347,350,388,386
327,197,199,342,380,31,29,30,351,346,347,350,388,386
327,197,392,391,389,387,390,388,350,347,346,351,30,29,31,380,386
327,197,392,391,343,387,390,388,350,347,346,351,30,29,31,380,386
327,325,326,392,197,199,32,34,342,343,391,389,390,388,350,31,380,386
327,325,326,392,391,389,387,343,342,34,29,30,347,350,31,380,386
327,325,326,392,391,389,387,390,388,350,347,30,29,34,342,380,386
327,197,392,391,343,342,199,32,34,29,30,347,350,388,390,389,387,386
327,325,326,392,391,343,387,390,388,350,347,30,29,34,342,380,386
327,325,326,392,197,199,32,34,29,31,380,342,343,387,389,390,388,386
327,325,120,326,392,391,389,390,388,350,347,346,351,30,29,31,380,386
327,325,120,326,392,391,343,387,389,390,388,350,31,29,34,32,182,199,342,380,386
327,197,392,391,343,342,34,29,30,351,346,347,350,31,380,386
327,325,326,392,391,389,390,387,343,342,199,182,32,34,29,31,350,388,386
327,197,199,342,34,29,30,351,346,347,350,31,380,386
327,197,199,182,32,34,29,30,347,350,388,390,387,386
327,325,326,392,197,199,32,34,29,31,380,342,343,391,389,390,387,386
327,325,326,392,197,199,32,34,29,31,380,342,343,391,389,390,388,386
327,325,155,393,154,153,151,150,152,375,198,197,392,391,389,387,386
327,325,155,393,154,153,151,150,152,375,198,197,392,391,343,387,386
327,394,155,393,154,153,151,150,152,375,198,197,392,391,389,387,386
327,394,155,393,154,153,151,150,152,375,198,197,392,391,343,387,386
327,394,155,325,326,392,197,199,342,343,387,386
327,197,199,32,34,29,30,351,346,347,350,388,386
327,325,120,326,392,197,199,182,32,34,29,30,347,350,388,386
327,325,326,392,197,199,342,34,29,30,347,350,388,390,389,387,386
327,325,326,392,197,199,342,380,31,29,30,347,350,388,390,389,387,386
327,325,326,392,197,199,32,33,37,34,342,380,386
327,197,392,391,389,390,388,350,347,30,29,34,342,343,387,386
327,197,392,391,389,390,388,350,347,30,29,31,380,342,343,387,386
327,325,120,326,392,391,343,342,199,182,32,34,29,30,347,350,388,386
327,197,199,32,34,29,30,351,346,347,350,31,380,386
327,325,120,326,392,197,199,182,32,34,29,30,347,350,31,380,386
327,325,120,326,392,197,199,32,34,342,343,387,389,390,388,350,31,380,386
327,325,120,326,392,391,389,387,343,342,34,29,30,347,350,388,386
327,325,155,393,120,326,392,391,389,390,388,350,31,380,386
327,325,120,326,392,391,389,387,343,342,380,31,29,30,347,350,388,386
327,394,155,325,120,326,392,391,389,390,388,350,31,380,386
327,325,120,326,392,391,343,342,199,182,32,34,29,30,347,350,31,380,386
327,394,155,393,120,326,392,391,389,390,388,350,31,380,386
327,325,326,392,391,389,390,388,350,347,30,29,34,32,199,342,380,386
327,325,120,393,155,394,151,150,152,375,198,197,392,391,389,387,386
327,325,120,393,155,394,151,150,152,375,198,197,392,391,343,387,386
327,325,120,326,392,197,199,32,34,342,343,391,389,390,388,350,31,380,386
327,197,199,32,33,37,34,342,343,387,386
327,325,120,393,155,153,151,150,152,375,198,197,392,391,389,387,386
327,325,326,392,391,343,342,34,29,30,351,346,347,350,388,386
327,325,120,393,155,153,151,150,152,375,198,197,392,391,343,387,386
327,325,326,392,391,343,342,380,31,29,30,351,346,347,350,388,386
327,325,120,326,392,391,389,387,343,342,34,29,30,347,350,31,380,386
327,325,120,326,392,391,389,387,390,388,350,347,30,29,34,342,380,386
327,325,120,326,392,391,343,387,390,388,350,347,30,29,34,342,380,386
327,325,326,392,197,199,32,34,29,30,347,350,388,390,389,387,386
327,325,120,326,392,197,199,32,34,29,31,380,342,343,387,389,390,388,386
327,325,326,392,391,389,387,390,388,350,347,346,351,30,29,31,380,386
327,325,120,326,392,391,389,390,387,343,342,199,182,32,34,29,31,350,388,386
327,325,326,392,391,343,387,390,388,350,347,346,351,30,29,31,380,386
327,197,199,32,33,37,34,29,31,380,386
327,325,120,393,154,153,151,150,152,375,198,197,392,391,389,387,386
327,325,120,326,392,197,199,32,34,29,31,380,342,343,391,389,390,387,386
327,325,326,392,391,343,342,199,32,34,29,30,347,350,388,390,389,387,386
327,325,120,393,154,153,151,150,152,375,198,197,392,391,343,387,386
327,325,326,392,391,343,342,34,29,30,351,346,347,350,31,380,386
327,325,120,326,392,197,199,32,34,29,31,380,342,343,391,389,390,388,386
327,325,326,392,197,199,182,32,34,29,31,380,342,343,391,389,387,386
327,325,155,393,120,326,392,197,199,342,343,387,386
327,394,155,325,120,326,392,197,199,342,343,387,386
327,394,155,393,120,326,392,197,199,342,343,387,386
327,325,120,326,392,197,199,342,34,29,30,347,350,388,390,389,387,386
327,325,120,326,392,197,199,342,380,31,29,30,347,350,388,390,389,387,386
327,197,392,391,389,387,343,342,199,32,34,29,30,347,350,388,386
327,325,120,326,392,197,199,32,33,37,34,342,380,386
327,325,326,392,391,389,390,388,350,347,30,29,34,342,343,387,386
327,325,326,392,391,389,390,388,350,347,30,29,31,380,342,343,387,386
327,197,392,391,389,387,343,342,199,32,34,29,30,347,350,31,380,386
327,197,392,391,389,387,390,388,350,347,30,29,34,32,199,342,380,386
327,197,392,391,343,387,390,388,350,347,30,29,34,32,199,342,380,386
327,394,155,325,326,392,391,343,342,380,31,350,388,386
327,394,155,325,326,392,391,389,387,390,388,350,31,380,386
327,394,155,325,326,392,391,343,387,390,388,350,31,380,386
327,325,120,326,392,391,389,390,388,350,347,30,29,34,32,199,342,380,386
327,325,326,392,197,199,32,34,342,343,391,389,387,390,388,350,31,380,386
327,325,120,326,392,391,343,342,34,29,30,351,346,347,350,388,386
327,394,155,393,120,325,326,392,391,389,390,388,350,31,380,386
327,325,120,326,392,391,343,342,380,31,29,30,351,346,347,350,388,386
327,325,120,326,392,197,199,32,34,29,30,347,350,388,390,389,387,386
327,325,120,326,392,391,389,387,390,388,350,347,346,351,30,29,31,380,386
327,325,120,326,392,391,343,387,390,388,350,347,346,351,30,29,31,380,386
327,197,199,32,34,29,31,350,388,390,387,343,342,380,386
327,325,326,120,393,155,394,151,150,152,375,198,197,392,391,389,387,386
327,325,326,120,393,155,394,151,150,152,375,198,197,392,391,343,387,386
327,325,120,326,392,391,343,342,199,32,34,29,30,347,350,388,390,389,387,386
327,325,326,392,197,199,182,32,34,342,343,387,390,388,350,31,380,386
327,325,120,326,392,391,343,342,34,29,30,351,346,347,350,31,380,386
327,325,326,120,393,155,153,151,150,152,375,198,197,392,391,389,387,386
327,325,326,392,197,199,32,34,29,31,380,342,343,391,389,387,390,388,386
327,197,199,32,34,342,380,31,29,30,347,350,388,386
327,325,326,120,393,155,153,151,150,152,375,198,197,392,391,343,387,386
327,325,120,326,392,197,199,182,32,34,29,31,380,342,343,391,389,387,386
327,325,326,120,393,154,153,151,150,152,375,198,197,392,391,389,387,386
327,325,326,120,393,154,153,151,150,152,375,198,197,392,391,343,387,386
327,197,392,391,343,342,199,182,32,34,29,30,347,350,388,390,387,386
327,325,326,392,197,199,182,32,34,29,31,380,342,343,387,390,388,386
327,394,155,393,120,325,326,392,197,199,342,343,387,386
327,394,151,153,155,325,326,392,391,389,390,387,386
327,394,151,153,155,325,326,392,391,389,390,388,386
327,325,326,392,391,389,387,343,342,199,32,34,29,30,347,350,388,386
327,325,120,326,392,391,389,390,388,350,347,30,29,34,342,343,387,386
327,197,392,391,343,342,199,32,34,29,30,351,346,347,350,388,386
327,325,120,326,392,391,389,390,388,350,347,30,29,31,380,342,343,387,386
327,325,155,393,120,326,392,391,343,342,380,31,350,388,386
327,394,155,325,120,326,392,391,343,342,380,31,350,388,386
327,325,155,393,120,326,392,391,389,387,390,388,350,31,380,386
327,394,155,393,120,326,392,391,343,342,380,31,350,388,386
327,325,155,393,120,326,392,391,343,387,390,388,350,31,380,386
327,325,326,392,197,199,182,32,34,342,380,31,350,388,390,389,391,343,387,386
327,325,326,392,197,199,182,32,34,29,31,350,388,390,389,391,343,387,386
327,394,155,325,120,326,392,391,389,387,390,388,350,31,380,386
327,394,155,325,120,326,392,391,343,387,390,388,350,31,380,386
327,325,326,392,391,389,387,343,342,199,32,34,29,30,347,350,31,380,386
327,394,155,393,120,326,392,391,389,387,390,388,350,31,380,386
327,325,326,392,391,389,387,390,388,350,347,30,29,34,32,199,342,380,386
327,197,199,182,181,33,32,34,342,380,386
327,394,155,393,120,326,392,391,343,387,390,388,350,31,380,386
327,325,326,392,391,343,387,390,388,350,347,30,29,34,32,199,342,380,386
327,197,392,391,343,342,199,32,34,29,30,351,346,347,350,31,380,386
327,325,120,326,392,197,199,32,34,342,343,391,389,387,390,388,350,31,380,386
327,394,151,150,152,375,198,197,392,391,389,390,387,386
327,394,151,150,152,375,198,197,392,391,389,390,388,386
327,325,120,326,392,197,199,182,32,34,342,343,387,390,388,350,31,380,386
327,325,326,392,197,199,342,34,29,30,351,346,347,350,388,386
327,325,326,392,197,199,342,380,31,29,30,351,346,347,350,388,386
327,325,120,326,392,197,199,32,34,29,31,380,342,343,391,389,387,390,388,386
327,197,199,182,181,33,37,34,342,380,386
327,197,199,182,32,34,342,343,387,389,390,388,350,31,380,386
327,197,392,391,343,387,389,390,388,350,347,30,29,34,342,380,386
327,197,199,32,34,29,30,347,350,31,380,342,343,387,386
327,197,392,391,343,342,199,32,33,37,34,29,31,380,386
327,325,326,392,197,199,342,34,29,30,351,346,347,350,31,380,386
327,325,326,392,197,199,182,32,34,29,30,347,350,388,390,387,386
327,325,120,326,392,197,199,182,32,34,29,31,380,342,343,387,390,388,386
327,197,392,391,389,390,388,350,347,30,29,34,32,199,342,343,387,386
327,197,199,182,32,34,342,343,391,389,390,388,350,31,380,386
327,197,199,182,32,34,29,31,380,342,343,387,389,390,388,386
327,325,326,392,391,343,342,199,182,32,34,29,30,347,350,388,390,387,386
327,394,151,153,155,325,120,326,392,391,389,390,387,386
327,325,155,153,154,393,120,326,392,391,389,390,387,386
327,394,151,153,155,393,120,326,392,391,389,390,387,386
327,394,151,153,155,325,120,326,392,391,389,390,388,386
327,325,155,153,154,393,120,326,392,391,389,390,388,386
327,325,120,326,392,391,389,387,343,342,199,32,34,29,30,347,350,388,386
327,394,151,153,155,393,120,326,392,391,389,390,388,386
327,197,199,182,32,34,29,31,380,342,343,391,389,390,387,386
327,394,155,153,154,393,120,326,392,391,389,390,387,386
327,325,326,392,197,199,32,34,29,30,351,346,347,350,388,386
327,197,199,182,32,34,29,31,380,342,343,391,389,390,388,386
327,394,155,153,154,393,120,326,392,391,389,390,388,386
327,197,392,391,343,342,34,29,30,351,346,347,350,388,390,387,386
327,394,151,153,154,393,120,326,392,391,389,390,387,386
327,197,392,391,343,342,380,31,29,30,351,346,347,350,388,390,387,386
327,325,120,326,392,197,199,182,32,34,342,380,31,350,388,390,389,391,343,387,386
327,325,120,326,392,197,199,182,32,34,29,31,350,388,390,389,391,343,387,386
327,197,199,342,34,29,30,351,346,347,350,388,390,387,386
327,197,199,342,380,31,29,30,351,346,347,350,388,390,387,386
327,394,151,153,154,393,120,326,392,391,389,390,388,386
327,325,326,392,391,343,342,199,32,34,29,30,351,346,347,350,388,386
327,325,120,326,392,391,389,387,343,342,199,32,34,29,30,347,350,31,380,386
327,325,120,326,392,391,389,387,390,388,350,347,30,29,34,32,199,342,380,386
327,325,120,326,392,391,343,387,390,388,350,347,30,29,34,32,199,342,380,386
327,394,155,393,120,325,326,392,391,343,342,380,31,350,388,386
327,325,326,392,197,199,32,34,29,30,351,346,347,350,31,380,386
327,394,155,325,326,392,197,199,342,380,31,350,388,386
327,394,155,393,120,325,326,392,391,389,387,390,388,350,31,380,386
327,394,155,393,120,325,326,392,391,343,387,390,388,350,31,380,386
327,394,151,153,154,393,155,325,326,392,391,389,390,387,386
327,197,199,182,32,33,37,34,342,380,386
327,325,326,392,391,343,342,199,32,34,29,30,351,346,347,350,31,380,386
327,394,151,153,154,393,155,325,326,392,391,389,390,388,386
327,325,120,326,392,197,199,342,34,29,30,351,346,347,350,388,386
327,325,120,326,392,197,199,342,380,31,29,30,351,346,347,350,388,386
327,325,326,392,197,199,32,33,37,34,342,343,387,386
327,197,392,391,389,390,387,343,342,34,29,30,347,350,388,386
327,197,392,391,389,390,387,343,342,380,31,29,30,347,350,388,386
327,394,155,325,326,392,391,389,387,343,342,380,386
327,197,392,391,343,387,389,390,388,350,347,346,351,30,29,31,380,386
327,197,199,32,34,29,30,351,346,347,350,388,390,387,386
327,325,326,392,197,199,32,33,37,34,29,31,380,386
327,325,120,326,392,197,199,342,34,29,30,351,346,347,350,31,380,386
327,325,155,394,151,150,152,375,198,197,392,391,389,390,387,386
327,325,120,326,392,197,199,182,32,34,29,30,347,350,388,390,387,386
327,325,326,392,391,343,387,389,390,388,350,347,30,29,34,342,380,386
327,325,155,394,151,150,152,375,198,197,392,391,389,390,388,386
327,325,155,153,151,150,152,375,198,197,392,391,389,390,387,386
327,197,199,32,33,37,34,342,380,31,350,388,386
327,325,326,392,391,343,342,199,32,33,37,34,29,31,380,386
327,197,199,32,33,37,34,29,31,350,388,386
327,325,155,153,151,150,152,375,198,197,392,391,389,390,388,386
327,197,392,391,389,390,387,343,342,34,29,30,347,350,31,380,386
327,197,199,182,32,34,29,30,347,350,388,390,389,387,386
327,325,120,326,392,391,343,342,199,182,32,34,29,30,347,350,388,390,387,386
327,394,155,153,151,150,152,375,198,197,392,391,389,390,387,386
327,325,326,392,391,389,390,388,350,347,30,29,34,32,199,342,343,387,386
327,394,155,153,151,150,152,375,198,197,392,391,389,390,388,386
327,394,151,153,155,325,326,392,391,389,387,390,388,386
327,394,151,153,155,325,326,392,391,343,387,390,388,386
327,325,120,326,392,197,199,32,34,29,30,351,346,347,350,388,386
327,394,151,153,155,393,120,325,326,392,391,389,390,387,386
327,394,151,153,155,393,120,325,326,392,391,389,390,388,386
327,394,155,153,154,393,120,325,326,392,391,389,390,387,386
327,325,120,326,392,391,343,342,199,32,34,29,30,351,346,347,350,388,386
327,394,155,153,154,393,120,325,326,392,391,389,390,388,386
327,394,151,153,154,393,120,325,326,392,391,389,390,387,386
327,325,326,392,391,343,342,34,29,30,351,346,347,350,388,390,387,386
327,325,155,393,120,326,392,197,199,342,380,31,350,388,386
327,325,326,392,391,343,342,380,31,29,30,351,346,347,350,388,390,387,386
327,325,120,326,392,197,199,32,34,29,30,351,346,347,350,31,380,386
327,394,151,153,154,393,120,325,326,392,391,389,390,388,386
327,394,155,325,120,326,392,197,199,342,380,31,350,388,386
327,394,155,393,120,326,392,197,199,342,380,31,350,388,386
327,394,151,153,154,393,155,325,120,326,392,391,389,390,387,386
327,325,120,326,392,391,343,342,199,32,34,29,30,351,346,347,350,31,380,386
327,394,151,150,152,375,198,197,392,391,389,387,390,388,386
327,394,151,150,152,375,198,197,392,391,343,387,390,388,386
327,394,151,153,154,393,155,325,120,326,392,391,389,390,388,386
327,325,155,394,151,153,154,393,120,326,392,391,389,390,387,386
327,325,155,394,151,153,154,393,120,326,392,391,389,390,388,386
327,325,120,326,392,197,199,32,33,37,34,342,343,387,386
327,325,155,393,120,326,392,391,389,387,343,342,380,386
327,394,155,325,120,326,392,391,389,387,343,342,380,386
327,325,326,392,197,199,32,34,29,31,350,388,390,387,343,342,380,386
327,325,120,326,392,197,199,32,33,37,34,29,31,380,386
327,394,155,393,120,326,392,391,389,387,343,342,380,386
327,325,120,326,392,391,343,387,389,390,388,350,347,30,29,34,342,380,386
327,325,326,392,391,389,390,387,343,342,34,29,30,347,350,388,386
327,325,326,392,391,389,390,387,343,342,380,31,29,30,347,350,388,386
327,197,199,182,32,34,342,343,391,389,387,390,388,350,31,380,386
327,325,326,392,391,343,387,389,390,388,350,347,346,351,30,29,31,380,386
327,325,120,326,392,391,343,342,199,32,33,37,34,29,31,380,386
327,325,326,392,197,199,32,34,342,380,31,29,30,347,350,388,386
327,325,120,326,392,391,389,390,388,350,347,30,29,34,32,199,342,343,387,386
327,394,151,153,155,325,120,326,392,391,389,387,390,388,386
327,394,151,153,155,325,120,326,392,391,343,387,390,388,386
327,325,155,153,154,393,120,326,392,391,389,387,390,388,386
327,325,326,392,391,389,390,387,343,342,34,29,30,347,350,31,380,386
327,394,151,153,155,393,120,326,392,391,389,387,390,388,386
327,325,155,153,154,393,120,326,392,391,343,387,390,388,386
327,394,151,153,155,393,120,326,392,391,343,387,390,388,386
327,394,155,325,326,392,391,343,342,380,31,350,388,390,387,386
327,197,199,182,32,34,29,31,380,342,343,391,389,387,390,388,386
327,394,155,153,154,393,120,326,392,391,389,387,390,388,386
327,394,155,153,154,393,120,326,392,391,343,387,390,388,386
327,394,151,153,154,393,120,326,392,391,389,387,390,388,386
327,394,151,153,154,393,120,326,392,391,343,387,390,388,386
327,325,120,326,392,391,343,342,34,29,30,351,346,347,350,388,390,387,386
327,325,120,326,392,391,343,342,380,31,29,30,351,346,347,350,388,390,387,386
327,325,155,393,154,153,151,150,152,375,198,197,392,391,389,390,387,386
327,325,155,393,154,153,151,150,152,375,198,197,392,391,389,390,388,386
327,394,155,393,154,153,151,150,152,375,198,197,392,391,389,390,387,386
327,394,155,393,154,153,151,150,152,375,198,197,392,391,389,390,388,386
327,394,151,153,154,393,155,325,326,392,391,389,387,390,388,386
327,394,155,393,120,325,326,392,197,199,342,380,31,350,388,386
327,394,151,153,154,393,155,325,326,392,391,343,387,390,388,386
327,197,199,32,34,342,380,31,29,30,347,350,388,390,387,386
327,325,326,392,197,199,182,181,33,32,34,342,380,386
327,197,392,391,343,387,389,390,388,350,347,30,29,34,32,199,342,380,386
327,394,155,325,326,392,391,343,387,389,390,388,350,31,380,386
327,197,199,32,182,181,33,37,34,342,380,386
327,325,120,326,392,197,199,32,34,29,31,350,388,390,387,343,342,380,386
327,325,120,326,392,391,389,390,387,343,342,34,29,30,347,350,388,386
327,325,120,326,392,391,389,390,387,343,342,380,31,29,30,347,350,388,386
327,325,155,394,151,150,152,375,198,197,392,391,389,387,390,388,386
327,325,155,394,151,150,152,375,198,197,392,391,343,387,390,388,386
327,325,120,326,392,391,343,387,389,390,388,350,347,346,351,30,29,31,380,386
327,197,199,32,34,29,31,350,388,390,389,387,343,342,380,386
327,394,155,393,120,325,326,392,391,389,387,343,342,380,386
327,325,120,326,392,197,199,32,34,342,380,31,29,30,347,350,388,386
327,325,326,392,197,199,182,181,33,37,34,342,380,386
327,325,155,153,151,150,152,375,198,197,392,391,389,387,390,388,386
327,325,155,153,151,150,152,375,198,197,392,391,343,387,390,388,386
327,325,120,393,155,394,151,150,152,375,198,197,392,391,389,390,387,386
327,197,392,391,389,390,388,350,347,30,29,34,32,182,199,342,380,386
327,197,199,182,181,33,32,34,342,343,387,386
327,325,326,392,197,199,182,32,34,342,343,387,389,390,388,350,31,380,386
327,197,199,342,343,387,390,388,350,347,30,29,31,380,386
327,325,120,393,155,394,151,150,152,375,198,197,392,391,389,390,388,386
327,325,326,392,197,199,32,34,29,30,347,350,31,380,342,343,387,386
327,394,155,153,151,150,152,375,198,197,392,391,389,387,390,388,386
327,325,120,393,155,153,151,150,152,375,198,197,392,391,389,390,387,386
327,394,155,153,151,150,152,375,198,197,392,391,343,387,390,388,386
327,197,392,391,343,342,199,32,34,29,30,351,346,347,350,388,390,387,386
327,197,199,32,34,29,31,350,388,390,389,391,343,342,380,386
327,325,120,326,392,391,389,390,387,343,342,34,29,30,347,350,31,380,386
327,325,155,393,120,326,392,391,343,342,380,31,350,388,390,387,386
327,325,120,393,155,153,151,150,152,375,198,197,392,391,389,390,388,386
327,394,155,325,120,326,392,391,343,342,380,31,350,388,390,387,386
327,197,199,182,181,33,32,34,29,31,380,386
327,394,155,393,120,326,392,391,343,342,380,31,350,388,390,387,386
327,325,326,392,197,199,182,32,34,342,343,391,389,390,388,350,31,380,386
327,394,151,153,155,393,120,325,326,392,391,389,387,390,388,386
327,394,151,153,155,393,120,325,326,392,391,343,387,390,388,386
327,325,120,393,154,153,151,150,152,375,198,197,392,391,389,390,387,386
327,197,392,391,343,342,199,32,33,37,34,29,31,350,388,386
327,197,392,391,343,342,199,182,32,34,29,30,347,350,388,390,389,387,386
327,394,155,153,154,393,120,325,326,392,391,389,387,390,388,386
327,325,326,392,197,199,182,32,34,29,31,380,342,343,387,389,390,388,386
327,325,120,393,154,153,151,150,152,375,198,197,392,391,389,390,388,386
327,394,155,153,154,393,120,325,326,392,391,343,387,390,388,386
327,197,199,182,181,33,37,34,342,343,387,386
327,394,151,153,154,393,120,325,326,392,391,389,387,390,388,386
327,325,326,392,197,199,182,32,34,29,31,380,342,343,391,389,390,387,386
327,394,151,153,154,393,120,325,326,392,391,343,387,390,388,386
327,394,155,325,326,392,197,199,342,343,391,389,387,386
327,325,326,392,197,199,182,32,34,29,31,380,342,343,391,389,390,388,386
327,197,199,182,181,33,37,34,29,31,380,386
327,394,151,153,154,393,155,325,120,326,392,391,389,387,390,388,386
327,325,326,392,197,199,342,34,29,30,351,346,347,350,388,390,387,386
327,394,151,153,154,393,155,325,120,326,392,391,343,387,390,388,386
327,325,326,392,197,199,342,380,31,29,30,351,346,347,350,388,390,387,386
327,325,120,326,392,197,199,182,181,33,32,34,342,380,386
327,197,392,391,389,390,387,343,342,199,32,34,29,30,347,350,388,386
327,325,155,393,120,326,392,391,343,387,389,390,388,350,31,380,386
327,197,199,342,34,29,30,347,350,388,390,389,391,343,387,386
327,197,199,342,380,31,29,30,347,350,388,390,389,391,343,387,386
327,325,155,394,151,153,154,393,120,326,392,391,389,387,390,388,386
327,197,199,182,32,34,29,30,351,346,347,350,388,386
327,325,155,394,151,153,154,393,120,326,392,391,343,387,390,388,386
327,394,155,325,120,326,392,391,343,387,389,390,388,350,31,380,386
327,394,155,393,120,326,392,391,343,387,389,390,388,350,31,380,386
327,325,326,392,391,343,387,389,390,388,350,347,30,29,34,32,199,342,380,386
327,325,326,392,197,199,182,32,33,37,34,342,380,386
327,197,392,391,389,390,387,343,342,199,32,34,29,30,347,350,31,380,386
327,197,199,182,32,34,29,30,351,346,347,350,31,380,386
327,325,120,326,392,197,199,182,181,33,37,34,342,380,386
327,197,199,32,33,37,34,342,343,391,389,387,386
327,325,120,326,392,197,199,182,32,34,342,343,387,389,390,388,350,31,380,386
327,325,120,326,392,197,199,32,34,29,30,347,350,31,380,342,343,387,386
327,325,326,392,197,199,32,34,29,30,351,346,347,350,388,390,387,386
327,325,326,392,391,389,390,388,350,347,30,29,34,32,182,199,342,380,386
327,325,120,326,392,197,199,182,32,34,342,343,391,389,390,388,350,31,380,386
327,197,199,32,34,29,30,347,350,388,390,389,391,343,387,386
327,197,199,182,32,33,37,34,342,343,387,386
327,325,326,120,393,155,394,151,150,152,375,198,197,392,391,389,390,387,386
327,325,326,392,391,343,342,199,32,34,29,30,351,346,347,350,388,390,387,386
327,325,326,392,197,199,32,33,37,34,342,380,31,350,388,386
327,325,326,392,197,199,32,33,37,34,29,31,350,388,386
327,325,326,120,393,155,394,151,150,152,375,198,197,392,391,389,390,388,386
327,325,326,392,197,199,182,32,34,29,30,347,350,388,390,389,387,386
327,325,120,326,392,197,199,182,32,34,29,31,380,342,343,387,389,390,388,386
327,325,326,120,393,155,153,151,150,152,375,198,197,392,391,389,390,387,386
327,394,155,393,120,325,326,392,391,343,342,380,31,350,388,390,387,386
327,197,199,182,32,33,37,34,29,31,380,386
327,394,155,325,326,392,197,199,342,380,31,350,388,390,387,386
327,325,326,120,393,155,153,151,150,152,375,198,197,392,391,389,390,388,386
327,197,392,391,389,390,388,350,347,346,351,30,29,34,342,380,386
327,325,326,392,391,343,342,199,32,33,37,34,29,31,350,388,386
327,325,155,393,120,326,392,197,199,342,343,391,389,387,386
327,325,120,326,392,197,199,182,32,34,29,31,380,342,343,391,389,390,387,386
327,325,326,392,391,343,342,199,182,32,34,29,30,347,350,388,390,389,387,386
327,394,155,325,120,326,392,197,199,342,343,391,389,387,386
327,325,155,393,154,153,151,150,152,375,198,197,392,391,389,387,390,388,386
327,325,120,326,392,197,199,182,32,34,29,31,380,342,343,391,389,390,388,386
327,325,326,120,393,154,153,151,150,152,375,198,197,392,391,389,390,387,386
327,325,155,393,154,153,151,150,152,375,198,197,392,391,343,387,390,388,386
327,394,155,393,120,326,392,197,199,342,343,391,389,387,386
327,325,326,120,393,154,153,151,150,152,375,198,197,392,391,389,390,388,386
327,394,155,393,154,153,151,150,152,375,198,197,392,391,389,387,390,388,386
327,325,120,326,392,197,199,342,34,29,30,351,346,347,350,388,390,387,386
327,394,155,393,154,153,151,150,152,375,198,197,392,391,343,387,390,388,386
327,325,120,326,392,197,199,342,380,31,29,30,351,346,347,350,388,390,387,386
327,394,155,325,326,392,197,199,342,343,387,390,388,386
327,197,392,391,343,342,34,29,30,351,346,347,350,388,390,389,387,386
327,197,392,391,343,342,380,31,29,30,351,346,347,350,388,390,389,387,386
327,197,199,342,34,29,30,351,346,347,350,388,390,389,387,386
327,197,199,342,380,31,29,30,351,346,347,350,388,390,389,387,386
327,325,120,326,392,391,343,387,389,390,388,350,347,30,29,34,32,199,342,380,386
327,325,326,392,391,389,390,387,343,342,199,32,34,29,30,347,350,388,386
327,197,392,391,389,387,343,342,199,182,32,34,29,30,347,350,388,386
327,325,120,326,392,197,199,182,32,33,37,34,342,380,386
327,394,155,393,120,325,326,392,391,343,387,389,390,388,350,31,380,386
327,197,199,32,33,37,34,342,380,31,350,388,390,387,386
327,197,199,32,33,37,34,29,31,350,388,390,387,386
327,325,326,392,391,389,390,387,343,342,199,32,34,29,30,347,350,31,380,386
327,197,392,391,389,387,343,342,199,182,32,34,29,30,347,350,31,380,386
327,197,392,391,389,387,390,388,350,347,30,29,34,32,182,199,342,380,386
327,197,392,391,343,387,390,388,350,347,30,29,34,32,182,199,342,380,386
327,325,120,393,155,394,151,150,152,375,198,197,392,391,389,387,390,388,386
327,325,120,393,155,394,151,150,152,375,198,197,392,391,343,387,390,388,386
327,325,120,326,392,197,199,32,34,29,30,351,346,347,350,388,390,387,386
327,197,199,32,34,29,31,350,388,390,387,389,391,343,342,380,386
327,197,199,32,33,37,34,342,343,387,390,388,386
327,325,120,326,392,391,389,390,388,350,347,30,29,34,32,182,199,342,380,386
327,325,120,393,155,153,151,150,152,375,198,197,392,391,389,387,390,388,386
327,325,120,393,155,153,151,150,152,375,198,197,392,391,343,387,390,388,386
327,325,326,392,197,199,182,32,34,342,343,391,389,387,390,388,350,31,380,386
327,197,199,32,34,29,30,351,346,347,350,388,390,389,387,386
327,325,120,326,392,391,343,342,199,32,34,29,30,351,346,347,350,388,390,387,386
327,325,120,326,392,197,199,32,33,37,34,342,380,31,350,388,386
327,325,120,326,392,197,199,32,33,37,34,29,31,350,388,386
327,325,120,326,392,197,199,182,32,34,29,30,347,350,388,390,389,387,386
327,325,120,393,154,153,151,150,152,375,198,197,392,391,389,387,390,388,386
327,325,155,393,120,326,392,197,199,342,380,31,350,388,390,387,386
327,325,120,393,154,153,151,150,152,375,198,197,392,391,343,387,390,388,386
327,197,199,182,32,34,29,31,350,388,390,387,343,342,380,386
327,394,155,325,120,326,392,197,199,342,380,31,350,388,390,387,386
327,325,120,326,392,391,343,342,199,32,33,37,34,29,31,350,388,386
327,394,155,393,120,326,392,197,199,342,380,31,350,388,390,387,386
327,325,120,326,392,391,343,342,199,182,32,34,29,30,347,350,388,390,389,387,386
327,197,392,391,343,342,199,182,181,33,32,34,29,31,380,386
327,325,326,392,197,199,182,32,34,29,31,380,342,343,391,389,387,390,388,386
327,197,199,182,32,34,342,380,31,29,30,347,350,388,386
327,325,326,392,391,389,390,388,350,347,346,351,30,29,34,342,380,386
327,394,151,153,155,325,326,392,391,343,387,389,390,388,386
327,325,155,393,120,326,392,197,199,342,343,387,390,388,386
327,394,155,325,120,326,392,197,199,342,343,387,390,388,386
327,394,155,393,120,325,326,392,197,199,342,343,391,389,387,386
327,394,155,393,120,326,392,197,199,342,343,387,390,388,386
327,325,120,326,392,391,389,390,387,343,342,199,32,34,29,30,347,350,388,386
327,325,326,392,391,343,342,34,29,30,351,346,347,350,388,390,389,387,386
327,325,326,392,391,343,342,380,31,29,30,351,346,347,350,388,390,389,387,386
327,197,392,391,343,342,199,182,181,33,37,34,29,31,380,386
327,325,326,392,197,199,32,34,342,380,31,29,30,347,350,388,390,387,386
327,325,326,392,391,389,387,343,342,199,182,32,34,29,30,347,350,388,386
327,394,151,150,152,375,198,197,392,391,343,387,389,390,388,386
327,325,120,326,392,391,389,390,387,343,342,199,32,34,29,30,347,350,31,380,386
327,197,392,391,343,342,199,182,32,34,29,30,351,346,347,350,388,386
327,325,326,392,197,199,32,182,181,33,37,34,342,380,386
327,325,326,392,391,389,387,343,342,199,182,32,34,29,30,347,350,31,380,386
327,197,392,391,389,387,343,342,34,29,30,351,346,347,350,388,386
327,325,326,392,391,389,387,390,388,350,347,30,29,34,32,182,199,342,380,386
327,197,392,391,389,387,343,342,380,31,29,30,351,346,347,350,388,386
327,325,326,392,391,343,387,390,388,350,347,30,29,34,32,182,199,342,380,386
327,197,392,391,343,342,199,182,32,34,29,30,351,346,347,350,31,380,386
327,325,120,326,392,197,199,182,32,34,342,343,391,389,387,390,388,350,31,380,386
327,325,326,392,197,199,32,34,29,31,350,388,390,389,387,343,342,380,386
327,325,326,120,393,155,394,151,150,152,375,198,197,392,391,389,387,390,388,386
327,325,326,120,393,155,394,151,150,152,375,198,197,392,391,343,387,390,388,386
327,325,326,392,197,199,182,181,33,32,34,342,343,387,386
327,325,326,392,197,199,342,343,387,390,388,350,347,30,29,31,380,386
327,197,199,32,34,29,30,347,350,31,380,342,343,391,389,387,386
327,197,392,391,389,387,343,342,34,29,30,351,346,347,350,31,380,386
327,325,326,120,393,155,153,151,150,152,375,198,197,392,391,389,387,390,388,386
327,197,392,391,389,387,390,388,350,347,346,351,30,29,34,342,380,386
327,325,326,120,393,155,153,151,150,152,375,198,197,392,391,343,387,390,388,386
327,197,392,391,343,387,390,388,350,347,346,351,30,29,34,342,380,386
327,325,326,392,197,199,32,34,29,31,350,388,390,389,391,343,342,380,386
327,394,155,325,326,392,391,389,390,387,343,342,380,386
327,325,326,392,197,199,182,181,33,32,34,29,31,380,386
327,325,120,326,392,197,199,182,32,34,29,31,380,342,343,391,389,387,390,388,386
327,197,199,32,182,181,33,37,34,342,343,387,386
327,325,120,326,392,391,389,390,388,350,347,346,351,30,29,34,342,380,386
327,394,151,153,155,325,120,326,392,391,343,387,389,390,388,386
327,394,155,393,120,325,326,392,197,199,342,380,31,350,388,390,387,386
327,394,155,325,326,392,197,199,32,34,342,380,386
327,325,155,153,154,393,120,326,392,391,343,387,389,390,388,386
327,325,326,120,393,154,153,151,150,152,375,198,197,392,391,389,387,390,388,386
327,394,151,153,155,393,120,326,392,391,343,387,389,390,388,386
327,325,326,120,393,154,153,151,150,152,375,198,197,392,391,343,387,390,388,386
327,394,155,325,326,392,391,343,342,380,31,350,388,390,389,387,386
327,197,199,182,32,34,29,30,347,350,31,380,342,343,387,386
327,197,199,182,181,33,32,34,342,380,31,350,388,386
327,325,326,392,391,343,342,199,182,181,33,32,34,29,31,380,386
327,197,199,182,181,33,32,34,29,31,350,388,386
327,197,199,32,182,181,33,37,34,29,31,380,386
327,394,155,153,154,393,120,326,392,391,343,387,389,390,388,386
327,197,392,391,343,342,199,182,32,33,37,34,29,31,380,386
327,325,326,392,197,199,182,181,33,37,34,342,343,387,386
327,197,392,391,389,390,388,350,347,30,29,34,32,182,199,342,343,387,386
327,394,151,153,154,393,120,326,392,391,343,387,389,390,388,386
327,394,155,393,120,325,326,392,197,199,342,343,387,390,388,386
327,325,120,326,392,391,343,342,34,29,30,351,346,347,350,388,390,389,387,386
327,325,120,326,392,391,343,342,380,31,29,30,351,346,347,350,388,390,389,387,386
327,325,326,392,197,199,182,181,33,37,34,29,31,380,386
327,197,392,391,343,342,34,37,345,349,30,29,31,380,386
327,325,120,326,392,197,199,32,34,342,380,31,29,30,347,350,388,390,387,386
327,325,120,326,392,391,389,387,343,342,199,182,32,34,29,30,347,350,388,386
327,197,199,342,34,37,345,349,30,29,31,380,386
327,197,199,182,181,33,37,34,342,380,31,350,388,386
327,325,326,392,391,343,342,199,182,181,33,37,34,29,31,380,386
327,197,199,182,181,33,37,34,29,31,350,388,386
327,325,326,392,197,199,342,34,29,30,347,350,388,390,389,391,343,387,386
327,325,326,392,197,199,342,380,31,29,30,347,350,388,390,389,391,343,387,386
327,325,326,392,197,199,182,32,34,29,30,351,346,347,350,388,386
327,394,151,153,154,393,155,325,326,392,391,343,387,389,390,388,386
327,197,199,32,34,342,380,31,29,30,347,350,388,390,389,387,386
327,325,120,326,392,197,199,32,182,181,33,37,34,342,380,386
327,325,326,392,391,343,342,199,182,32,34,29,30,351,346,347,350,388,386
327,325,120,326,392,391,389,387,343,342,199,182,32,34,29,30,347,350,31,380,386
327,325,120,326,392,391,389,387,390,388,350,347,30,29,34,32,182,199,342,380,386
327,197,199,32,33,37,345,349,30,29,31,380,386
327,325,120,326,392,391,343,387,390,388,350,347,30,29,34,32,182,199,342,380,386
327,197,392,391,343,342,199,32,33,37,34,29,31,350,388,390,387,386
327,325,326,392,197,199,182,32,34,29,30,351,346,347,350,31,380,386
327,325,120,326,392,197,199,32,34,29,31,350,388,390,389,387,343,342,380,386
327,197,392,391,389,390,388,350,347,346,351,30,29,34,32,199,342,380,386
327,325,326,392,391,389,387,343,342,34,29,30,351,346,347,350,388,386
327,325,326,392,391,389,387,343,342,380,31,29,30,351,346,347,350,388,386
327,325,326,392,197,199,32,33,37,34,342,343,391,389,387,386
327,325,326,392,391,343,342,199,182,32,34,29,30,351,346,347,350,31,380,386
327,394,151,153,155,325,326,392,391,343,342,380,386
327,325,120,326,392,197,199,182,181,33,32,34,342,343,387,386
327,325,155,394,151,150,152,375,198,197,392,391,343,387,389,390,388,386
327,325,120,326,392,197,199,342,343,387,390,388,350,347,30,29,31,380,386
327,325,120,326,392,197,199,32,34,29,31,350,388,390,389,391,343,342,380,386
327,325,155,393,120,326,392,391,389,390,387,343,342,380,386
327,325,155,153,151,150,152,375,198,197,392,391,343,387,389,390,388,386
327,394,155,325,120,326,392,391,389,390,387,343,342,380,386
327,197,199,32,34,37,345,349,30,29,31,380,386
327,197,199,342,343,387,389,390,388,350,347,30,29,31,380,386
327,325,120,326,392,197,199,182,181,33,32,34,29,31,380,386
327,325,155,393,120,326,392,197,199,32,34,342,380,386
327,197,199,32,34,29,30,347,350,31,380,342,343,387,390,388,386
327,325,326,392,391,389,387,343,342,34,29,30,351,346,347,350,31,380,386
327,394,155,393,120,326,392,391,389,390,387,343,342,380,386
327,394,155,153,151,150,152,375,198,197,392,391,343,387,389,390,388,386
327,325,326,392,391,389,387,390,388,350,347,346,351,30,29,34,342,380,386
327,394,155,325,120,326,392,197,199,32,34,342,380,386
327,325,326,392,197,199,32,34,29,30,347,350,388,390,389,391,343,387,386
327,197,392,391,343,342,199,32,34,29,30,351,346,347,350,388,390,389,387,386
327,325,326,392,197,199,182,32,33,37,34,342,343,387,386
327,325,326,392,391,343,387,390,388,350,347,346,351,30,29,34,342,380,386
327,325,155,393,120,326,392,391,343,342,380,31,350,388,390,389,387,386
327,394,155,393,120,326,392,197,199,32,34,342,380,386
327,394,155,325,120,326,392,391,343,342,380,31,350,388,390,389,387,386
327,325,120,326,392,391,343,342,199,182,181,33,32,34,29,31,380,386
327,394,155,393,120,326,392,391,343,342,380,31,350,388,390,389,387,386
327,394,155,325,326,392,391,343,342,34,29,31,380,386
327,197,199,182,32,34,29,30,351,346,347,350,388,390,387,386
327,197,199,342,343,391,389,390,388,350,347,30,29,31,380,386
327,325,326,392,197,199,182,32,33,37,34,29,31,380,386
327,394,151,153,155,393,120,325,326,392,391,343,387,389,390,388,386
327,325,120,326,392,197,199,182,181,33,37,34,342,343,387,386
327,394,155,153,154,393,120,325,326,392,391,343,387,389,390,388,386
327,394,151,150,152,375,198,197,392,391,343,342,380,386
327,197,199,182,32,33,37,34,342,380,31,350,388,386
327,325,326,392,391,343,342,199,182,32,33,37,34,29,31,380,386
327,197,199,182,32,33,37,34,29,31,350,388,386
327,394,151,150,152,375,198,197,199,342,380,386
327,325,120,326,392,197,199,182,181,33,37,34,29,31,380,386
327,394,151,153,154,393,120,325,326,392,391,343,387,389,390,388,386
327,325,326,392,391,389,390,388,350,347,30,29,34,32,182,199,342,343,387,386
327,325,120,326,392,391,343,342,199,182,181,33,37,34,29,31,380,386
327,325,120,326,392,197,199,342,34,29,30,347,350,388,390,389,391,343,387,386
327,325,120,326,392,197,199,342,380,31,29,30,347,350,388,390,389,391,343,387,386
327,325,120,326,392,197,199,182,32,34,29,30,351,346,347,350,388,386
327,325,326,392,197,199,342,34,29,30,351,346,347,350,388,390,389,387,386
327,394,151,153,154,393,155,325,120,326,392,391,343,387,389,390,388,386
327,325,326,392,197,199,342,380,31,29,30,351,346,347,350,388,390,389,387,386
327,325,326,392,391,343,342,34,37,345,349,30,29,31,380,386
327,394,155,325,326,392,391,389,387,343,342,380,31,350,388,386
327,197,392,391,389,390,388,350,347,346,351,30,29,34,342,343,387,386
327,394,151,382,383,150,152,375,198,197,392,391,389,387,386
327,197,392,391,389,390,388,350,347,346,351,30,29,31,380,342,343,387,386
327,394,151,382,383,150,152,375,198,197,392,391,343,387,386
327,325,120,326,392,391,343,342,199,182,32,34,29,30,351,346,347,350,388,386
327,325,155,394,151,153,154,393,120,326,392,391,343,387,389,390,388,386
327,325,326,392,197,199,32,33,37,34,342,380,31,350,388,390,387,386
327,325,120,326,392,197,199,182,32,34,29,30,351,346,347,350,31,380,386
327,325,326,392,197,199,32,33,37,34,29,31,350,388,390,387,386
327,325,120,326,392,391,389,387,343,342,34,29,30,351,346,347,350,388,386
327,325,120,326,392,391,389,387,343,342,380,31,29,30,351,346,347,350,388,386
327,325,120,326,392,197,199,32,33,37,34,342,343,391,389,387,386
327,325,120,326,392,391,343,342,199,182,32,34,29,30,351,346,347,350,31,380,386
327,394,151,153,155,325,120,326,392,391,343,342,380,386
327,325,326,392,391,343,342,199,32,33,37,34,29,31,350,388,390,387,386
327,325,155,153,154,393,120,326,392,391,343,342,380,386
327,325,326,392,391,389,390,388,350,347,346,351,30,29,34,32,199,342,380,386
327,394,151,153,155,393,120,326,392,391,343,342,380,386
327,325,326,392,197,199,32,34,29,31,350,388,390,387,389,391,343,342,380,386
327,325,326,392,197,199,32,33,37,34,342,343,387,390,388,386
327,394,155,153,154,393,120,326,392,391,343,342,380,386
327,325,120,326,392,391,389,387,343,342,34,29,30,351,346,347,350,31,380,386
327,325,120,326,392,391,389,387,390,388,350,347,346,351,30,29,34,342,380,386
327,325,120,326,392,197,199,32,34,29,30,347,350,388,390,389,391,343,387,386
327,325,120,326,392,197,199,182,32,33,37,34,342,343,387,386
327,325,120,326,392,391,343,387,390,388,350,347,346,351,30,29,34,342,380,386
327,325,326,392,197,199,32,34,29,30,351,346,347,350,388,390,389,387,386
327,394,151,153,154,393,120,326,392,391,343,342,380,386
327,325,155,393,120,326,392,391,343,342,34,29,31,380,386
327,394,155,393,120,325,326,392,391,389,390,387,343,342,380,386
327,394,155,325,120,326,392,391,343,342,34,29,31,380,386
327,325,326,392,197,199,182,32,34,29,31,350,388,390,387,343,342,380,386
327,325,326,392,391,343,342,199,32,34,29,30,351,346,347,350,388,390,389,387,386
327,325,120,326,392,197,199,182,32,33,37,34,29,31,380,386
327,394,155,393,120,326,392,391,343,342,34,29,31,380,386
327,394,155,393,120,325,326,392,197,199,32,34,342,380,386
327,394,155,393,120,325,326,392,391,343,342,380,31,350,388,390,389,387,386
327,394,155,325,326,392,197,199,342,380,31,350,388,390,389,387,386
327,325,120,326,392,391,343,342,199,182,32,33,37,34,29,31,380,386
327,325,326,392,197,199,182,32,34,342,380,31,29,30,347,350,388,386
327,394,151,153,154,393,155,325,326,392,391,343,342,380,386
327,325,120,326,392,391,389,390,388,350,347,30,29,34,32,182,199,342,343,387,386
327,197,392,391,343,342,199,182,181,33,32,34,29,31,350,388,386
327,325,155,393,154,153,151,150,152,375,198,197,392,391,343,387,389,390,388,386
327,197,392,391,343,342,199,32,182,181,33,37,34,29,31,380,386
327,325,120,326,392,197,199,342,34,29,30,351,346,347,350,388,390,389,387,386
327,394,155,393,154,153,151,150,152,375,198,197,392,391,343,387,389,390,388,386
327,325,120,326,392,197,199,342,380,31,29,30,351,346,347,350,388,390,389,387,386
327,394,155,325,326,392,197,199,342,343,387,389,390,388,386
327,197,392,391,389,387,343,342,199,32,34,29,30,351,346,347,350,388,386
327,325,120,326,392,391,343,342,34,37,345,349,30,29,31,380,386
327,325,155,393,120,326,392,391,389,387,343,342,380,31,350,388,386
327,394,155,325,120,326,392,391,389,387,343,342,380,31,350,388,386
327,394,155,393,120,326,392,391,389,387,343,342,380,31,350,388,386
327,394,155,325,326,392,197,199,342,343,391,389,390,387,386
327,325,155,394,151,150,152,375,198,197,392,391,343,342,380,386
327,394,155,325,326,392,197,199,342,343,391,389,390,388,386
327,325,120,326,392,197,199,32,33,37,34,342,380,31,350,388,390,387,386
327,325,155,394,151,150,152,375,198,197,199,342,380,386
327,325,120,326,392,197,199,32,33,37,34,29,31,350,388,390,387,386
327,325,326,392,391,389,390,388,350,347,346,351,30,29,34,342,343,387,386
327,325,326,392,391,389,390,388,350,347,346,351,30,29,31,380,342,343,387,386
327,197,392,391,389,387,343,342,199,32,34,29,30,351,346,347,350,31,380,386
327,197,392,391,389,387,390,388,350,347,346,351,30,29,34,32,199,342,380,386
327,325,155,153,151,150,152,375,198,197,392,391,343,342,380,386
327,197,392,391,343,342,199,182,181,33,37,34,29,31,350,388,386
327,197,392,391,343,387,390,388,350,347,346,351,30,29,34,32,199,342,380,386
327,325,155,153,151,150,152,375,198,197,199,342,380,386
327,197,199,32,33,37,34,342,380,31,350,388,390,389,387,386
327,197,199,32,33,37,34,29,31,350,388,390,389,387,386
327,394,155,153,151,150,152,375,198,197,392,391,343,342,380,386
327,325,120,326,392,391,343,342,199,32,33,37,34,29,31,350,388,390,387,386
327,325,120,326,392,391,389,390,388,350,347,346,351,30,29,34,32,199,342,380,386
327,394,155,153,151,150,152,375,198,197,199,342,380,386
327,325,120,326,392,197,199,32,34,29,31,350,388,390,387,389,391,343,342,380,386
327,325,120,326,392,197,199,32,33,37,34,342,343,387,390,388,386
327,197,199,182,32,34,342,380,31,29,30,347,350,388,390,387,386
327,197,392,391,343,387,389,390,388,350,347,30,29,34,32,182,199,342,380,386
327,197,392,391,343,342,199,32,33,37,345,349,30,29,31,380,386
327,325,155,394,151,382,383,150,152,375,198,197,392,391,389,387,386
327,394,151,153,155,393,120,325,326,392,391,343,342,380,386
327,325,120,393,155,394,151,150,152,375,198,197,392,391,343,387,389,390,388,386
327,325,155,394,151,382,383,150,152,375,198,197,392,391,343,387,386
327,325,120,326,392,197,199,32,34,29,30,351,346,347,350,388,390,389,387,386
327,394,151,153,155,325,326,392,197,199,342,380,386
327,197,199,32,33,37,34,342,343,387,389,390,388,386
327,394,155,153,154,393,120,325,326,392,391,343,342,380,386
327,325,155,153,151,382,383,150,152,375,198,197,392,391,389,387,386
327,325,120,393,155,153,151,150,152,375,198,197,392,391,343,387,389,390,388,386
327,325,155,153,151,382,383,150,152,375,198,197,392,391,343,387,386
327,197,199,182,181,33,32,34,342,343,391,389,387,386
327,325,120,326,392,197,199,182,32,34,29,31,350,388,390,387,343,342,380,386
327,197,392,391,389,390,388,350,347,346,351,349,30,29,31,380,386
327,394,155,153,151,382,383,150,152,375,198,197,392,391,389,387,386
327,197,199,342,343,391,389,387,390,388,350,347,30,29,31,380,386
327,325,120,326,392,391,343,342,199,32,34,29,30,351,346,347,350,388,390,389,387,386
327,325,326,392,197,199,32,34,29,30,347,350,31,380,342,343,391,389,387,386
327,197,199,32,33,37,34,342,343,391,389,390,387,386
327,394,155,153,151,382,383,150,152,375,198,197,392,391,343,387,386
327,394,151,153,154,393,120,325,326,392,391,343,342,380,386
327,197,392,391,389,387,343,342,199,32,33,37,34,29,31,380,386
327,197,199,32,33,37,34,342,343,391,389,390,388,386
327,197,199,32,34,342,380,31,29,30,351,346,347,350,388,386
327,325,155,393,120,326,392,197,199,342,380,31,350,388,390,389,387,386
327,325,120,393,154,153,151,150,152,375,198,197,392,391,343,387,389,390,388,386
327,197,392,391,343,342,199,32,34,37,345,349,30,29,31,380,386
327,197,199,182,32,34,29,31,350,388,390,389,387,343,342,380,386
327,394,155,325,120,326,392,197,199,342,380,31,350,388,390,389,387,386
327,325,326,392,197,199,32,182,181,33,37,34,342,343,387,386
327,394,155,393,120,325,326,392,391,343,342,34,29,31,380,386
327,325,120,326,392,197,199,182,32,34,342,380,31,29,30,347,350,388,386
327,394,151,153,154,393,155,325,120,326,392,391,343,342,380,386
327,394,155,393,120,326,392,197,199,342,380,31,350,388,390,389,387,386
327,394,155,325,326,392,197,199,342,34,29,31,380,386
327,325,155,153,381,382,383,150,152,375,198,197,392,391,389,387,386
327,325,155,153,381,382,383,150,152,375,198,197,392,391,343,387,386
327,325,326,392,197,199,182,32,34,29,30,347,350,31,380,342,343,387,386
327,325,326,392,197,199,182,181,33,32,34,342,380,31,350,388,386
327,325,326,392,197,199,182,181,33,32,34,29,31,350,388,386
327,325,326,392,197,199,32,182,181,33,37,34,29,31,380,386
327,394,155,153,381,382,383,150,152,375,198,197,392,391,389,387,386
327,197,392,391,343,342,199,182,32,34,29,30,351,346,347,350,388,390,387,386
327,197,199,182,32,34,29,31,350,388,390,389,391,343,342,380,386
327,394,155,153,381,382,383,150,152,375,198,197,392,391,343,387,386
327,325,155,394,151,153,154,393,120,326,392,391,343,342,380,386
327,325,155,393,120,326,392,197,199,342,343,387,389,390,388,386
327,197,199,182,181,33,37,34,342,343,391,389,387,386
327,394,155,325,120,326,392,197,199,342,343,387,389,390,388,386
327,394,155,325,326,392,391,389,390,388,350,31,380,342,343,387,386
327,325,326,392,391,343,342,199,182,181,33,32,34,29,31,350,388,386
327,394,151,153,381,382,383,150,152,375,198,197,392,391,389,387,386
327,197,199,32,182,181,33,37,34,342,380,31,350,388,386
327,325,326,392,391,343,342,199,32,182,181,33,37,34,29,31,380,386
327,394,155,393,120,326,392,197,199,342,343,387,389,390,388,386
327,197,199,32,182,181,33,37,34,29,31,350,388,386
327,394,151,153,381,382,383,150,152,375,198,197,392,391,343,387,386
327,325,155,393,120,326,392,197,199,342,343,391,389,390,387,386
327,197,392,391,343,342,34,32,33,37,345,349,30,29,31,380,386
327,197,392,391,343,342,199,182,32,33,37,34,29,31,350,388,386
327,394,155,325,120,326,392,197,199,342,343,391,389,390,387,386
327,197,199,342,34,32,33,37,345,349,30,29,31,380,386
327,325,155,393,120,326,392,197,199,342,343,391,389,390,388,386
327,325,326,392,391,389,387,343,342,199,32,34,29,30,351,346,347,350,388,386
327,394,155,393,120,326,392,197,199,342,343,391,389,390,387,386
327,394,155,325,120,326,392,197,199,342,343,391,389,390,388,386
327,394,155,393,120,326,392,197,199,342,343,391,389,390,388,386
327,325,120,326,392,391,389,390,388,350,347,346,351,30,29,34,342,343,387,386
327,325,120,326,392,391,389,390,388,350,347,346,351,30,29,31,380,342,343,387,386
327,394,155,393,120,325,326,392,391,389,387,343,342,380,31,350,388,386
327,325,326,392,197,199,342,34,37,345,349,30,29,31,380,386
327,394,155,325,326,392,197,199,32,34,342,343,387,386
327,325,326,392,197,199,182,181,33,37,34,342,380,31,350,388,386
327,325,326,392,197,199,182,181,33,37,34,29,31,350,388,386
327,197,392,391,389,390,388,350,347,346,211,210,432,405,351,30,29,31,380,386
327,197,392,391,343,342,34,37,345,349,30,29,31,350,388,386
327,325,326,392,197,199,32,34,342,380,31,29,30,347,350,388,390,389,387,386
327,197,199,342,34,37,345,349,30,29,31,350,388,386
327,325,326,392,391,389,387,343,342,199,32,34,29,30,351,346,347,350,31,380,386
327,394,155,325,326,392,197,199,32,34,29,31,380,386
327,325,326,392,391,389,387,390,388,350,347,346,351,30,29,34,32,199,342,380,386
327,325,326,392,391,343,342,199,182,181,33,37,34,29,31,350,388,386
327,325,326,392,391,343,387,390,388,350,347,346,351,30,29,34,32,199,342,380,386
327,197,392,391,389,390,387,343,342,199,182,32,34,29,30,347,350,388,386
327,325,326,392,197,199,32,33,37,345,349,30,29,31,380,386
327,394,155,325,326,392,391,343,342,199,32,34,29,31,380,386
327,394,151,153,155,325,120,326,392,197,199,342,380,386
327,197,199,182,181,33,32,34,342,380,31,350,388,390,387,386
327,197,199,182,181,33,32,34,29,31,350,388,390,387,386
327,325,155,153,154,393,120,326,392,197,199,342,380,386
327,394,151,153,155,393,120,326,392,197,199,342,380,386
327,325,326,392,391,343,387,389,390,388,350,347,30,29,34,32,182,199,342,380,386
327,325,326,392,391,343,342,199,32,33,37,345,349,30,29,31,380,386
327,197,199,32,33,37,345,349,30,29,31,350,388,386
327,394,155,153,154,393,120,326,392,197,199,342,380,386
327,325,120,326,392,197,199,32,34,29,30,347,350,31,380,342,343,391,389,387,386
327,197,392,391,389,390,387,343,342,199,182,32,34,29,30,347,350,31,380,386
327,325,155,393,154,153,151,150,152,375,198,197,392,391,343,342,380,386
327,325,326,120,393,155,394,151,150,152,375,198,197,392,391,343,387,389,390,388,386
327,394,151,153,154,393,120,326,392,197,199,342,380,386
327,325,155,393,154,153,151,150,152,375,198,197,199,342,380,386
327,197,199,182,181,33,32,34,342,343,387,390,388,386
327,325,326,392,197,199,32,34,37,345,349,30,29,31,380,386
327,325,326,392,197,199,342,343,387,389,390,388,350,347,30,29,31,380,386
327,325,120,326,392,197,199,32,182,181,33,37,34,342,343,387,386
327,325,326,392,391,389,390,388,350,347,346,351,349,30,29,31,380,386
327,325,155,393,120,326,392,197,199,342,34,29,31,380,386
327,325,326,392,197,199,32,34,29,30,347,350,31,380,342,343,387,390,388,386
327,325,326,120,393,155,153,151,150,152,375,198,197,392,391,343,387,389,390,388,386
327,197,392,391,343,387,389,390,388,350,347,346,351,30,29,34,342,380,386
327,394,155,393,154,153,151,150,152,375,198,197,392,391,343,342,380,386
327,325,326,392,391,389,387,343,342,199,32,33,37,34,29,31,380,386
327,197,199,182,32,33,37,34,342,343,391,389,387,386
327,197,199,32,34,29,30,351,346,347,350,31,380,342,343,387,386
327,394,155,325,120,326,392,197,199,342,34,29,31,380,386
327,394,155,393,154,153,151,150,152,375,198,197,199,342,380,386
327,394,155,393,120,326,392,197,199,342,34,29,31,380,386
327,325,120,326,392,197,199,182,32,34,29,30,347,350,31,380,342,343,387,386
327,197,199,182,181,33,37,34,342,380,31,350,388,390,387,386
327,325,326,392,391,343,342,199,32,34,37,345,349,30,29,31,380,386
327,325,120,326,392,197,199,182,181,33,32,34,342,380,31,350,388,386
327,197,199,32,34,37,345,349,30,29,31,350,388,386
327,197,199,182,181,33,37,34,29,31,350,388,390,387,386
327,325,120,326,392,197,199,182,181,33,32,34,29,31,350,388,386
327,325,120,326,392,197,199,32,182,181,33,37,34,29,31,380,386
327,394,155,393,120,325,326,392,197,199,342,380,31,350,388,390,389,387,386
327,325,326,392,197,199,182,32,34,29,30,351,346,347,350,388,390,387,386
327,325,326,392,197,199,342,343,391,389,390,388,350,347,30,29,31,380,386
327,197,392,391,389,390,388,350,347,346,351,30,29,34,32,199,342,343,387,386
327,325,155,393,120,326,392,391,389,390,388,350,31,380,342,343,387,386
327,325,326,120,393,154,153,151,150,152,375,198,197,392,391,343,387,389,390,388,386
327,394,155,325,120,326,392,391,389,390,388,350,31,380,342,343,387,386
327,394,151,153,154,393,155,325,326,392,197,199,342,380,386
327,325,120,326,392,391,343,342,199,182,181,33,32,34,29,31,350,388,386
327,325,120,326,392,391,343,342,199,32,182,181,33,37,34,29,31,380,386
327,197,199,182,32,34,29,30,347,350,388,390,389,391,343,387,386
327,325,155,393,154,153,151,382,383,150,152,375,198,197,392,391,389,387,386
327,394,155,393,120,326,392,391,389,390,388,350,31,380,342,343,387,386
327,394,155,325,326,392,391,343,342,34,29,31,350,388,386
327,325,326,392,391,343,342,199,182,32,34,29,30,351,346,347,350,388,390,387,386
327,325,155,393,154,153,151,382,383,150,152,375,198,197,392,391,343,387,386
327,325,326,392,197,199,182,32,33,37,34,342,380,31,350,388,386
327,325,326,392,197,199,182,32,33,37,34,29,31,350,388,386
327,197,199,182,181,33,37,34,342,343,387,390,388,386
327,394,155,393,154,153,151,382,383,150,152,375,198,197,392,391,389,387,386
327,325,120,326,392,391,389,387,343,342,199,32,34,29,30,351,346,347,350,388,386
327,394,155,393,154,153,151,382,383,150,152,375,198,197,392,391,343,387,386
327,394,155,393,120,325,326,392,197,199,342,343,387,389,390,388,386
327,394,155,325,326,392,197,199,342,343,391,389,387,390,388,386
327,325,155,393,120,326,392,197,199,32,34,342,343,387,386
327,325,326,392,391,343,342,34,32,33,37,345,349,30,29,31,380,386
327,325,326,392,391,343,342,199,182,32,33,37,34,29,31,350,388,386
327,325,120,326,392,197,199,342,34,37,345,349,30,29,31,380,386
327,394,155,325,120,326,392,197,199,32,34,342,343,387,386
327,325,120,326,392,197,199,182,181,33,37,34,342,380,31,350,388,386
327,325,120,326,392,197,199,182,181,33,37,34,29,31,350,388,386
327,197,199,32,33,37,34,29,31,380,342,343,387,386
327,394,155,393,120,325,326,392,197,199,342,343,391,389,390,387,386
327,394,155,393,120,326,392,197,199,32,34,342,343,387,386
327,325,120,326,392,197,199,32,34,342,380,31,29,30,347,350,388,390,389,387,386
327,325,155,393,154,153,381,382,383,150,152,375,198,197,392,391,389,387,386
327,325,120,393,155,394,151,150,152,375,198,197,392,391,343,342,380,386
327,325,155,393,120,326,392,197,199,32,34,29,31,380,386
327,394,155,393,120,325,326,392,197,199,342,343,391,389,390,388,386
327,197,392,391,389,390,388,350,31,29,34,37,33,32,199,342,380,386
327,325,155,393,154,153,381,382,383,150,152,375,198,197,392,391,343,387,386
327,325,120,393,155,394,151,150,152,375,198,197,199,342,380,386
327,325,120,326,392,391,389,387,343,342,199,32,34,29,30,351,346,347,350,31,380,386
327,394,155,325,120,326,392,197,199,32,34,29,31,380,386
327,325,120,326,392,391,389,387,390,388,350,347,346,351,30,29,34,32,199,342,380,386
327,325,120,326,392,391,343,342,199,182,181,33,37,34,29,31,350,388,386
327,325,120,326,392,391,343,387,390,388,350,347,346,351,30,29,34,32,199,342,380,386
327,325,120,393,155,153,151,150,152,375,198,197,392,391,343,342,380,386
327,394,155,393,154,153,381,382,383,150,152,375,198,197,392,391,389,387,386
327,394,155,393,120,326,392,197,199,32,34,29,31,380,386
327,394,155,393,154,153,381,382,383,150,152,375,198,197,392,391,343,387,386
327,325,155,394,151,153,381,382,383,150,152,375,198,197,392,391,389,387,386
327,325,120,393,155,153,151,150,152,375,198,197,199,342,380,386
327,325,326,392,391,389,390,388,350,347,346,211,210,432,405,351,30,29,31,380,386
327,325,155,394,151,153,381,382,383,150,152,375,198,197,392,391,343,387,386
327,325,155,393,120,326,392,391,343,342,199,32,34,29,31,380,386
327,325,326,392,391,343,342,34,37,345,349,30,29,31,350,388,386
327,325,120,326,392,197,199,32,33,37,345,349,30,29,31,380,386
327,394,155,325,120,326,392,391,343,342,199,32,34,29,31,380,386
327,197,392,391,343,342,34,37,345,349,30,347,350,388,386
327,394,151,150,152,375,198,197,199,342,343,387,386
327,394,155,393,120,326,392,391,343,342,199,32,34,29,31,380,386
327,197,199,342,34,37,345,349,30,347,350,388,386
327,197,392,391,343,342,34,29,30,349,351,346,347,350,388,386
327,325,120,393,154,153,151,150,152,375,198,197,392,391,343,342,380,386
327,325,120,326,392,391,343,387,389,390,388,350,347,30,29,34,32,182,199,342,380,386
327,197,392,391,343,342,380,31,29,30,349,351,346,347,350,388,386
327,325,120,326,392,391,343,342,199,32,33,37,345,349,30,29,31,380,386
327,325,326,392,391,389,390,387,343,342,199,182,32,34,29,30,347,350,388,386
327,197,199,342,34,29,30,349,351,346,347,350,388,386
327,325,120,393,154,153,151,150,152,375,198,197,199,342,380,386
327,197,392,391,343,342,199,32,33,37,34,29,31,350,388,390,389,387,386
327,197,199,342,380,31,29,30,349,351,346,347,350,388,386
327,325,120,393,155,394,151,382,383,150,152,375,198,197,392,391,389,387,386
327,197,392,391,389,387,390,388,350,347,346,351,349,30,29,31,380,386
327,325,120,393,155,394,151,382,383,150,152,375,198,197,392,391,343,387,386
327,197,392,391,343,387,390,388,350,347,346,351,349,30,29,31,380,386
327,394,151,153,155,393,120,325,326,392,197,199,342,380,386
327,325,120,393,155,153,151,382,383,150,152,375,198,197,392,391,389,387,386
327,197,392,391,343,342,34,37,345,349,30,347,350,31,380,386
327,197,199,32,33,37,34,342,343,391,389,387,390,388,386
327,197,199,182,32,33,37,34,342,380,31,350,388,390,387,386
327,197,199,182,32,33,37,34,29,31,350,388,390,387,386
327,394,151,382,381,153,155,325,326,392,391,389,387,386
327,325,120,393,155,153,151,382,383,150,152,375,198,197,392,391,343,387,386
327,394,151,382,381,153,155,325,326,392,391,343,387,386
327,197,199,342,34,37,345,349,30,347,350,31,380,386
327,394,155,153,154,393,120,325,326,392,197,199,342,380,386
327,325,120,326,392,197,199,32,34,37,345,349,30,29,31,380,386
327,325,120,326,392,197,199,342,343,387,389,390,388,350,347,30,29,31,380,386
327,197,199,32,33,37,345,349,30,347,350,388,386
327,325,120,326,392,391,389,390,388,350,347,346,351,349,30,29,31,380,386
327,325,120,326,392,197,199,32,34,29,30,347,350,31,380,342,343,387,390,388,386
327,197,392,391,343,342,34,29,30,349,351,346,347,350,31,380,386
327,325,326,392,391,389,390,387,343,342,199,182,32,34,29,30,347,350,31,380,386
327,325,120,326,392,391,389,387,343,342,199,32,33,37,34,29,31,380,386
327,197,392,391,389,390,387,343,342,34,29,30,351,346,347,350,388,386
327,197,392,391,389,390,387,343,342,380,31,29,30,351,346,347,350,388,386
327,197,199,342,34,29,30,349,351,346,347,350,31,380,386
327,325,155,393,154,384,427,381,382,383,150,152,375,198,197,392,391,389,387,386
327,325,155,393,154,384,427,381,382,383,150,152,375,198,197,392,391,343,387,386
327,394,151,153,154,393,120,325,326,392,197,199,342,380,386
327,325,120,326,392,391,343,342,199,32,34,37,345,349,30,29,31,380,386
327,325,120,393,154,153,151,382,383,150,152,375,198,197,392,391,389,387,386
327,197,199,32,34,29,30,347,350,31,380,342,343,387,389,390,388,386
327,325,120,393,154,153,151,382,383,150,152,375,198,197,392,391,343,387,386
327,394,155,393,154,384,427,381,382,383,150,152,375,198,197,392,391,389,387,386
327,325,120,326,392,197,199,182,32,34,29,30,351,346,347,350,388,390,387,386
327,325,120,326,392,197,199,342,343,391,389,390,388,350,347,30,29,31,380,386
327,197,199,182,32,34,29,31,350,388,390,387,389,391,343,342,380,386
327,325,326,392,391,343,387,389,390,388,350,347,346,351,30,29,34,342,380,386
327,394,155,393,154,384,427,381,382,383,150,152,375,198,197,392,391,343,387,386
327,197,392,391,389,390,388,350,347,425,242,346,351,30,29,31,380,386
327,197,199,182,32,33,37,34,342,343,387,390,388,386
327,394,155,393,120,325,326,392,197,199,342,34,29,31,380,386
327,197,199,32,33,37,345,349,30,347,350,31,380,386
327,325,120,393,155,153,381,382,383,150,152,375,198,197,392,391,389,387,386
327,325,155,153,154,384,427,381,382,383,150,152,375,198,197,392,391,389,387,386
327,325,155,393,120,326,392,391,343,342,34,29,31,350,388,386
327,325,120,393,155,153,381,382,383,150,152,375,198,197,392,391,343,387,386
327,325,155,153,154,384,427,381,382,383,150,152,375,198,197,392,391,343,387,386
327,394,151,153,154,393,155,325,120,326,392,197,199,342,380,386
327,197,199,32,34,29,30,347,350,31,380,342,343,391,389,390,387,386
327,197,392,391,389,390,387,343,342,34,29,30,351,346,347,350,31,380,386
327,394,155,325,120,326,392,391,343,342,34,29,31,350,388,386
327,197,199,182,32,34,29,30,351,346,347,350,388,390,389,387,386
327,325,120,326,392,391,343,342,199,182,32,34,29,30,351,346,347,350,388,390,387,386
327,197,199,32,34,37,345,349,30,347,350,388,386
327,197,199,32,34,29,30,347,350,31,380,342,343,391,389,390,388,386
327,394,155,153,154,384,427,381,382,383,150,152,375,198,197,392,391,389,387,386
327,325,120,326,392,197,199,182,32,33,37,34,342,380,31,350,388,386
327,325,120,326,392,197,199,182,32,33,37,34,29,31,350,388,386
327,325,326,392,391,389,390,388,350,347,346,351,30,29,34,32,199,342,343,387,386
327,394,155,393,120,326,392,391,343,342,34,29,31,350,388,386
327,394,155,153,154,384,427,381,382,383,150,152,375,198,197,392,391,343,387,386
327,325,155,393,120,326,392,197,199,342,343,391,389,387,390,388,386
327,197,199,32,34,29,30,349,351,346,347,350,388,386
327,325,155,394,151,153,154,393,120,326,392,197,199,342,380,386
327,394,155,393,120,325,326,392,391,389,390,388,350,31,380,342,343,387,386
327,325,120,393,154,153,381,382,383,150,152,375,198,197,392,391,389,387,386
327,394,155,325,120,326,392,197,199,342,343,391,389,387,390,388,386
327,325,120,393,154,153,381,382,383,150,152,375,198,197,392,391,343,387,386
327,394,151,153,154,384,427,381,382,383,150,152,375,198,197,392,391,389,387,386
327,325,120,326,392,391,343,342,34,32,33,37,345,349,30,29,31,380,386
327,325,120,326,392,391,343,342,199,182,32,33,37,34,29,31,350,388,386
327,394,151,153,154,384,427,381,382,383,150,152,375,198,197,392,391,343,387,386
327,394,155,393,120,326,392,197,199,342,343,391,389,387,390,388,386
327,197,392,391,343,342,34,29,30,351,405,432,210,211,346,347,350,388,386
327,197,392,391,343,342,380,31,29,30,351,405,432,210,211,346,347,350,388,386
327,197,392,391,343,342,34,37,345,349,351,30,29,31,380,386
327,197,199,342,34,29,30,351,405,432,210,211,346,347,350,388,386
327,197,199,342,380,31,29,30,351,405,432,210,211,346,347,350,388,386
327,197,199,32,34,37,345,349,30,347,350,31,380,386
327,197,392,391,389,387,390,388,350,347,346,211,210,432,405,351,30,29,31,380,386
327,197,199,342,34,37,345,349,351,30,29,31,380,386
327,197,392,391,343,342,199,32,182,181,33,37,34,29,31,350,388,386
327,197,392,391,343,387,390,388,350,347,346,211,210,432,405,351,30,29,31,380,386
327,197,199,32,34,29,30,349,351,346,347,350,31,380,386
327,394,155,393,120,325,326,392,197,199,32,34,342,343,387,386
327,325,120,326,392,391,389,390,388,350,347,346,211,210,432,405,351,30,29,31,380,386
327,325,120,326,392,391,343,342,34,37,345,349,30,29,31,350,388,386
327,197,392,391,343,342,34,29,30,351,405,432,210,211,346,347,350,31,380,386
327,325,326,392,391,389,390,388,350,31,29,34,37,33,32,199,342,380,386
327,197,199,342,34,29,30,351,405,432,210,211,346,347,350,31,380,386
327,394,155,393,120,325,326,392,197,199,32,34,29,31,380,386
327,197,199,32,33,37,345,349,351,30,29,31,380,386
327,325,326,120,393,155,394,151,150,152,375,198,197,392,391,343,342,380,386
327,325,120,326,392,391,389,390,387,343,342,199,182,32,34,29,30,347,350,388,386
327,325,326,120,393,155,394,151,150,152,375,198,197,199,342,380,386
327,325,326,392,197,199,32,33,37,34,342,380,31,350,388,390,389,387,386
327,325,326,392,197,199,32,33,37,34,29,31,350,388,390,389,387,386
327,325,326,120,393,155,153,151,150,152,375,198,197,392,391,343,342,380,386
327,325,326,392,391,343,342,34,37,345,349,30,347,350,388,386
327,394,155,393,120,325,326,392,391,343,342,199,32,34,29,31,380,386
327,325,326,120,393,155,153,151,150,152,375,198,197,199,342,380,386
327,394,151,153,155,325,326,392,391,389,390,388,350,31,380,386
327,325,120,393,154,384,427,381,382,383,150,152,375,198,197,392,391,389,387,386
327,325,120,393,154,384,427,381,382,383,150,152,375,198,197,392,391,343,387,386
327,325,326,392,391,343,342,34,29,30,349,351,346,347,350,388,386
327,325,326,392,391,343,342,380,31,29,30,349,351,346,347,350,388,386
327,394,151,382,381,153,155,325,120,326,392,391,389,387,386
327,325,326,392,197,199,182,32,34,342,380,31,29,30,347,350,388,390,387,386
327,394,151,382,381,153,155,325,120,326,392,391,343,387,386
327,325,326,392,391,343,342,199,32,33,37,34,29,31,350,388,390,389,387,386
327,394,151,382,381,153,155,393,120,326,392,391,389,387,386
327,325,326,392,391,389,387,390,388,350,347,346,351,349,30,29,31,380,386
327,394,151,382,381,153,155,393,120,326,392,391,343,387,386
327,325,120,326,392,391,389,390,387,343,342,199,182,32,34,29,30,347,350,31,380,386
327,325,326,392,391,343,387,390,388,350,347,346,351,349,30,29,31,380,386
327,325,326,120,393,154,153,151,150,152,375,198,197,392,391,343,342,380,386
327,197,199,32,34,29,30,351,405,432,210,211,346,347,350,388,386
327,197,392,391,343,342,199,182,181,33,32,34,29,31,350,388,390,387,386
327,325,326,120,393,154,153,151,150,152,375,198,197,199,342,380,386
327,325,326,392,197,199,32,33,37,34,342,343,387,389,390,388,386
327,325,326,392,391,343,342,34,37,345,349,30,347,350,31,380,386
327,197,199,32,34,37,345,349,351,30,29,31,380,386
327,325,326,120,393,155,394,151,382,383,150,152,375,198,197,392,391,389,387,386
327,197,392,391,343,342,199,32,33,37,345,349,30,29,31,350,388,386
327,325,326,120,393,155,394,151,382,383,150,152,375,198,197,392,391,343,387,386
327,325,155,394,151,150,152,375,198,197,199,342,343,387,386
327,325,326,392,391,343,342,34,29,30,349,351,346,347,350,31,380,386
327,325,326,392,197,199,182,181,33,32,34,342,343,391,389,387,386
327,325,120,326,392,391,343,387,389,390,388,350,347,346,351,30,29,34,342,380,386
327,325,326,120,393,155,153,151,382,383,150,152,375,198,197,392,391,389,387,386
327,325,326,392,197,199,342,343,391,389,387,390,388,350,347,30,29,31,380,386
327,325,326,392,391,389,390,387,343,342,34,29,30,351,346,347,350,388,386
327,394,151,382,381,153,154,393,120,326,392,391,389,387,386
327,325,326,392,391,389,390,387,343,342,380,31,29,30,351,346,347,350,388,386
327,325,326,392,197,199,32,33,37,34,342,343,391,389,390,387,386
327,325,326,120,393,155,153,151,382,383,150,152,375,198,197,392,391,343,387,386
327,394,151,382,381,153,154,393,120,326,392,391,343,387,386
327,325,155,153,151,150,152,375,198,197,199,342,343,387,386
327,325,326,392,197,199,32,33,37,34,342,343,391,389,390,388,386
327,325,326,392,197,199,32,34,342,380,31,29,30,351,346,347,350,388,386
327,197,199,32,34,29,30,351,405,432,210,211,346,347,350,31,380,386
327,325,326,392,197,199,182,32,34,29,31,350,388,390,389,387,343,342,380,386
327,197,199,32,182,181,33,37,34,342,343,391,389,387,386
327,325,120,326,392,391,389,390,388,350,347,346,351,30,29,34,32,199,342,343,387,386
327,394,155,153,151,150,152,375,198,197,199,342,343,387,386
327,325,326,392,391,389,390,388,350,347,425,242,346,351,30,29,31,380,386
327,394,151,150,152,375,198,197,392,391,389,390,388,350,31,380,386
327,197,392,391,389,387,343,342,199,32,33,37,34,29,31,350,388,386
327,325,326,120,393,154,153,151,382,383,150,152,375,198,197,392,391,389,387,386
327,325,155,153,381,427,384,154,393,120,326,392,391,389,387,386
327,325,326,120,393,154,153,151,382,383,150,152,375,198,197,392,391,343,387,386
327,197,199,182,181,33,37,345,349,30,29,31,380,386
327,325,155,153,381,427,384,154,393,120,326,392,391,343,387,386
327,325,326,392,391,389,390,387,343,342,34,29,30,351,346,347,350,31,380,386
327,197,199,182,32,34,29,30,347,350,31,380,342,343,391,389,387,386
327,197,392,391,343,342,199,32,34,37,345,349,30,29,31,350,388,386
327,197,392,391,343,342,199,182,181,33,37,34,29,31,350,388,390,387,386
327,394,155,393,120,325,326,392,391,343,342,34,29,31,350,388,386
327,394,151,382,381,153,154,393,155,325,326,392,391,389,387,386
327,325,326,120,393,155,153,381,382,383,150,152,375,198,197,392,391,389,387,386
327,394,155,153,381,427,384,154,393,120,326,392,391,389,387,386
327,325,326,392,197,199,182,32,34,29,31,350,388,390,389,391,343,342,380,386
327,394,151,382,381,153,154,393,155,325,326,392,391,343,387,386
327,325,326,120,393,155,153,381,382,383,150,152,375,198,197,392,391,343,387,386
327,394,155,153,381,427,384,154,393,120,326,392,391,343,387,386
327,394,151,153,155,325,326,392,197,199,342,343,387,386
327,394,155,325,326,392,197,199,342,34,29,31,350,388,386
327,325,326,392,197,199,182,181,33,37,34,342,343,391,389,387,386
327,394,155,393,120,325,326,392,197,199,342,343,391,389,387,390,388,386
327,394,151,153,381,427,384,154,393,120,326,392,391,389,387,386
327,325,326,392,197,199,32,182,181,33,37,34,342,380,31,350,388,386
327,197,392,391,389,387,390,388,350,31,29,34,37,33,32,199,342,380,386
327,325,326,392,197,199,32,182,181,33,37,34,29,31,350,388,386
327,394,155,325,326,392,197,199,182,32,34,342,380,386
327,394,151,153,381,427,384,154,393,120,326,392,391,343,387,386
327,197,392,391,343,387,390,388,350,31,29,34,37,33,32,199,342,380,386
327,325,326,392,391,343,342,34,29,30,351,405,432,210,211,346,347,350,388,386
327,325,326,392,391,343,342,380,31,29,30,351,405,432,210,211,346,347,350,388,386
327,325,326,120,393,154,153,381,382,383,150,152,375,198,197,392,391,389,387,386
327,325,326,392,391,343,342,34,37,345,349,351,30,29,31,380,386
327,325,326,392,197,199,342,34,32,33,37,345,349,30,29,31,380,386
327,325,326,120,393,154,153,381,382,383,150,152,375,198,197,392,391,343,387,386
327,325,326,392,391,389,387,390,388,350,347,346,211,210,432,405,351,30,29,31,380,386
327,325,120,326,392,391,389,390,388,350,31,29,34,37,33,32,199,342,380,386
327,394,151,382,381,427,384,154,393,120,326,392,391,389,387,386
327,325,326,392,391,343,342,199,32,182,181,33,37,34,29,31,350,388,386
327,325,326,392,391,343,387,390,388,350,347,346,211,210,432,405,351,30,29,31,380,386
327,394,151,382,381,427,384,154,393,120,326,392,391,343,387,386
327,197,392,391,343,342,34,32,33,37,345,349,30,29,31,350,388,386
327,197,199,342,34,32,33,37,345,349,30,29,31,350,388,386
327,325,120,393,155,394,151,153,381,382,383,150,152,375,198,197,392,391,389,387,386
327,325,155,394,151,153,154,384,427,381,382,383,150,152,375,198,197,392,391,389,387,386
327,325,326,392,391,343,342,34,29,30,351,405,432,210,211,346,347,350,31,380,386
327,197,199,32,34,29,30,347,350,388,390,387,343,342,380,386
327,394,151,153,381,427,384,154,393,155,325,326,392,391,389,387,386
327,325,120,393,155,394,151,153,381,382,383,150,152,375,198,197,392,391,343,387,386
327,325,155,394,151,153,154,384,427,381,382,383,150,152,375,198,197,392,391,343,387,386
327,325,120,326,392,197,199,32,33,37,34,342,380,31,350,388,390,389,387,386
327,325,120,326,392,197,199,32,33,37,34,29,31,350,388,390,389,387,386
327,394,151,153,381,427,384,154,393,155,325,326,392,391,343,387,386
327,325,120,326,392,391,343,342,34,37,345,349,30,347,350,388,386
327,325,155,153,381,382,151,150,152,375,198,197,392,391,389,387,386
327,325,326,392,197,199,342,34,37,345,349,30,29,31,350,388,386
327,197,199,32,34,342,380,31,29,30,351,346,347,350,388,390,387,386
327,325,155,153,381,382,151,150,152,375,198,197,392,391,343,387,386
327,394,151,153,155,325,120,326,392,391,389,390,388,350,31,380,386
327,197,392,391,343,387,389,390,388,350,347,346,351,30,29,34,32,199,342,380,386
327,325,155,153,154,393,120,326,392,391,389,390,388,350,31,380,386
327,325,120,326,392,391,343,342,34,29,30,349,351,346,347,350,388,386
327,394,151,153,155,393,120,326,392,391,389,390,388,350,31,380,386
327,325,120,326,392,391,343,342,380,31,29,30,349,351,346,347,350,388,386
327,394,155,153,381,382,151,150,152,375,198,197,392,391,389,387,386
327,325,120,326,392,197,199,182,32,34,342,380,31,29,30,347,350,388,390,387,386
327,394,151,382,381,427,384,154,393,155,325,326,392,391,389,387,386
327,394,155,325,326,392,391,389,390,387,343,342,380,31,350,388,386
327,394,155,153,381,382,151,150,152,375,198,197,392,391,343,387,386
327,325,120,326,392,391,343,342,199,32,33,37,34,29,31,350,388,390,389,387,386
327,394,151,382,381,427,384,154,393,155,325,326,392,391,343,387,386
327,394,151,382,383,150,152,375,198,197,392,391,389,390,387,386
327,394,155,153,154,393,120,326,392,391,389,390,388,350,31,380,386
327,325,120,326,392,391,389,387,390,388,350,347,346,351,349,30,29,31,380,386
327,394,155,325,326,392,197,199,32,34,342,380,31,350,388,386
327,394,155,325,326,392,197,199,32,34,29,31,350,388,386
327,325,120,393,154,153,155,394,151,150,152,375,198,197,392,391,389,387,386
327,325,120,326,392,391,343,387,390,388,350,347,346,351,349,30,29,31,380,386
327,394,151,382,383,150,152,375,198,197,392,391,389,390,388,386
327,325,120,393,154,153,155,394,151,150,152,375,198,197,392,391,343,387,386
327,325,120,326,392,197,199,32,33,37,34,342,343,387,389,390,388,386
327,325,326,392,197,199,182,181,33,32,34,342,380,31,350,388,390,387,386
327,197,199,182,32,34,342,380,31,29,30,347,350,388,390,389,387,386
327,325,120,326,392,391,343,342,34,37,345,349,30,347,350,31,380,386
327,325,326,392,197,199,182,181,33,32,34,29,31,350,388,390,387,386
327,197,392,391,343,342,34,29,30,351,346,242,425,347,350,388,386
327,394,151,153,154,393,120,326,392,391,389,390,388,350,31,380,386
327,394,151,382,381,153,155,393,120,325,326,392,391,389,387,386
327,197,392,391,343,342,380,31,29,30,351,346,242,425,347,350,388,386
327,394,151,382,381,427,384,154,153,155,325,326,392,391,389,387,386
327,325,326,392,197,199,32,33,37,345,349,30,29,31,350,388,386
327,394,151,382,381,153,155,393,120,325,326,392,391,343,387,386
327,394,151,382,381,427,384,154,153,155,325,326,392,391,343,387,386
327,325,326,120,393,154,384,427,381,382,383,150,152,375,198,197,392,391,389,387,386
327,197,199,342,34,29,30,351,346,242,425,347,350,388,386
327,325,120,326,392,391,343,342,34,29,30,349,351,346,347,350,31,380,386
327,394,155,325,326,392,391,343,342,199,32,34,29,31,350,388,386
327,197,199,342,380,31,29,30,351,346,242,425,347,350,388,386
327,325,120,326,392,197,199,182,181,33,32,34,342,343,391,389,387,386
327,325,326,120,393,154,384,427,381,382,383,150,152,375,198,197,392,391,343,387,386
327,325,120,326,392,197,199,342,343,391,389,387,390,388,350,347,30,29,31,380,386
327,325,120,326,392,391,389,390,387,343,342,34,29,30,351,346,347,350,388,386
327,325,120,326,392,391,389,390,387,343,342,380,31,29,30,351,346,347,350,388,386
327,197,392,391,389,387,390,388,350,347,425,242,346,351,30,29,31,380,386
327,325,120,326,392,197,199,32,33,37,34,342,343,391,389,390,387,386
327,325,326,392,391,343,342,199,182,181,33,32,34,29,31,350,388,390,387,386
327,197,392,391,343,387,390,388,350,347,425,242,346,351,30,29,31,380,386
327,197,199,32,182,181,33,37,34,342,380,31,350,388,390,387,386
327,197,199,182,32,33,37,345,349,30,29,31,380,386
327,197,199,32,182,181,33,37,34,29,31,350,388,390,387,386
327,325,120,326,392,197,199,32,33,37,34,342,343,391,389,390,388,386
327,325,120,326,392,197,199,32,34,342,380,31,29,30,351,346,347,350,388,386
327,325,326,392,391,343,342,199,32,33,37,345,349,30,29,31,350,388,386
327,197,392,391,343,342,199,182,32,33,37,34,29,31,350,388,390,387,386
327,325,120,326,392,197,199,182,32,34,29,31,350,388,390,389,387,343,342,380,386
327,197,392,391,389,390,388,350,347,346,351,30,29,34,32,182,199,342,380,386
327,197,392,391,343,342,199,32,33,37,345,349,30,347,350,388,386
327,394,151,382,381,153,154,393,120,325,326,392,391,389,387,386
327,325,326,392,197,199,182,181,33,32,34,342,343,387,390,388,386
327,325,120,326,392,391,389,390,388,350,347,425,242,346,351,30,29,31,380,386
327,197,199,32,34,29,30,347,350,31,380,342,343,391,389,387,390,388,386
327,394,151,382,381,153,154,393,120,325,326,392,391,343,387,386
327,197,392,391,343,342,34,29,30,351,346,242,425,347,350,31,380,386
327,197,199,342,343,387,390,388,350,347,346,351,30,29,31,380,386
327,325,326,392,197,199,182,32,33,37,34,342,343,391,389,387,386
327,325,326,392,197,199,32,34,29,30,351,346,347,350,31,380,342,343,387,386
327,197,199,342,34,29,30,351,346,242,425,347,350,31,380,386
327,325,120,393,155,153,154,384,427,381,382,383,150,152,375,198,197,392,391,389,387,386
327,394,151,153,154,393,155,325,326,392,391,389,390,388,350,31,380,386
327,325,120,326,392,391,389,390,387,343,342,34,29,30,351,346,347,350,31,380,386
327,325,120,393,155,153,154,384,427,381,382,383,150,152,375,198,197,392,391,343,387,386
327,325,326,392,197,199,182,181,33,37,34,342,380,31,350,388,390,387,386
327,325,326,392,197,199,32,34,37,345,349,30,29,31,350,388,386
327,325,326,392,197,199,182,181,33,37,34,29,31,350,388,390,387,386
327,197,199,32,182,181,33,37,34,342,343,387,390,388,386
327,394,151,382,381,153,154,393,155,325,120,326,392,391,389,387,386
327,325,155,393,120,326,392,197,199,342,34,29,31,350,388,386
327,325,120,326,392,197,199,182,32,34,29,31,350,388,390,389,391,343,342,380,386
327,394,151,382,381,153,154,393,155,325,120,326,392,391,343,387,386
327,325,326,392,391,389,387,343,342,199,32,33,37,34,29,31,350,388,386
327,394,151,153,155,325,120,326,392,197,199,342,343,387,386
327,394,155,325,120,326,392,197,199,342,34,29,31,350,388,386
327,197,392,391,343,342,34,37,345,349,30,29,31,350,388,390,387,386
327,325,155,153,154,393,120,326,392,197,199,342,343,387,386
327,325,120,326,392,197,199,182,181,33,37,34,342,343,391,389,387,386
327,197,392,391,343,342,199,32,33,37,345,349,30,347,350,31,380,386
327,197,199,182,32,34,37,345,349,30,29,31,380,386
327,394,151,153,155,393,120,326,392,197,199,342,343,387,386
327,325,155,393,120,326,392,197,199,182,32,34,342,380,386
327,394,155,393,120,326,392,197,199,342,34,29,31,350,388,386
327,197,199,342,34,37,345,349,30,29,31,350,388,390,387,386
327,197,199,182,32,34,29,30,347,350,31,380,342,343,387,390,388,386
327,325,326,392,391,343,342,199,32,34,37,345,349,30,29,31,350,388,386
327,325,326,392,391,343,342,199,182,181,33,37,34,29,31,350,388,390,387,386
327,325,120,326,392,197,199,32,182,181,33,37,34,342,380,31,350,388,386
327,325,120,326,392,197,199,32,182,181,33,37,34,29,31,350,388,386
327,394,155,325,120,326,392,197,199,182,32,34,342,380,386
327,394,155,153,381,427,384,154,393,120,325,326,392,391,389,387,386
327,325,326,392,197,199,182,32,34,29,30,347,350,388,390,389,391,343,387,386
327,197,392,391,343,342,199,182,32,34,29,30,351,346,347,350,388,390,389,387,386
327,325,155,394,151,382,381,153,154,393,120,326,392,391,389,387,386
327,394,155,153,381,427,384,154,393,120,325,326,392,391,343,387,386
327,394,155,153,154,393,120,326,392,197,199,342,343,387,386
327,325,155,394,151,382,381,153,154,393,120,326,392,391,343,387,386
327,197,392,391,343,342,199,32,34,37,345,349,30,347,350,388,386
327,325,120,326,392,391,343,342,34,29,30,351,405,432,210,211,346,347,350,388,386
327,325,120,326,392,391,343,342,380,31,29,30,351,405,432,210,211,346,347,350,388,386
327,394,155,393,120,326,392,197,199,182,32,34,342,380,386
327,325,120,326,392,391,343,342,34,37,345,349,351,30,29,31,380,386
327,325,120,326,392,197,199,342,34,32,33,37,345,349,30,29,31,380,386
327,325,326,392,197,199,182,181,33,37,34,342,343,387,390,388,386
327,197,392,391,343,342,199,32,34,29,30,349,351,346,347,350,388,386
327,325,120,326,392,391,389,387,390,388,350,347,346,211,210,432,405,351,30,29,31,380,386
327,394,151,153,381,427,384,154,393,120,325,326,392,391,389,387,386
327,197,199,32,34,29,30,351,346,242,425,347,350,388,386
327,325,120,326,392,391,343,342,199,32,182,181,33,37,34,29,31,350,388,386
327,325,120,326,392,391,343,387,390,388,350,347,346,211,210,432,405,351,30,29,31,380,386
327,394,151,153,381,427,384,154,393,120,325,326,392,391,343,387,386
327,394,151,153,154,393,120,326,392,197,199,342,343,387,386
327,325,326,392,391,389,387,390,388,350,31,29,34,37,33,32,199,342,380,386
327,325,155,393,154,153,151,150,152,375,198,197,199,342,343,387,386
327,325,326,392,391,343,387,390,388,350,31,29,34,37,33,32,199,342,380,386
327,325,155,394,151,150,152,375,198,197,392,391,389,390,388,350,31,380,386
327,197,199,32,33,37,345,349,30,29,31,350,388,390,387,386
327,394,155,393,154,153,151,150,152,375,198,197,199,342,343,387,386
327,325,326,392,197,199,32,33,37,34,29,31,380,342,343,387,386
327,325,155,153,151,150,152,375,198,197,392,391,389,390,388,350,31,380,386
327,394,151,382,381,427,384,154,393,120,325,326,392,391,389,387,386
327,197,392,391,343,342,199,32,34,37,345,349,30,347,350,31,380,386
327,325,120,326,392,391,343,342,34,29,30,351,405,432,210,211,346,347,350,31,380,386
327,394,151,153,381,427,384,154,393,155,325,120,326,392,391,389,387,386
327,394,151,382,381,427,384,154,393,120,325,326,392,391,343,387,386
327,394,151,153,155,325,326,392,391,343,342,380,31,350,388,386
327,394,151,153,381,427,384,154,393,155,325,120,326,392,391,343,387,386
327,325,326,392,391,343,342,34,32,33,37,345,349,30,29,31,350,388,386
327,325,120,326,392,197,199,342,34,37,345,349,30,29,31,350,388,386
327,394,155,153,151,150,152,375,198,197,392,391,389,390,388,350,31,380,386
327,197,392,391,343,342,199,32,34,29,30,349,351,346,347,350,31,380,386
327,394,151,153,155,325,326,392,391,389,387,390,388,350,31,380,386
327,197,199,32,34,29,30,351,346,242,425,347,350,31,380,386
327,197,392,391,389,390,387,343,342,199,32,34,29,30,351,346,347,350,388,386
327,197,392,391,343,342,34,32,33,37,345,349,30,347,350,388,386
327,325,155,393,120,326,392,391,389,390,387,343,342,380,31,350,388,386
327,394,151,153,155,325,326,392,391,343,387,390,388,350,31,380,386
327,197,199,342,34,32,33,37,345,349,30,347,350,388,386
327,394,151,382,381,427,384,154,393,155,325,120,326,392,391,389,387,386
327,394,155,325,120,326,392,391,389,390,387,343,342,380,31,350,388,386
327,197,199,342,34,29,30,351,346,347,350,388,390,389,391,343,387,386
327,325,155,394,151,153,381,427,384,154,393,120,326,392,391,389,387,386
327,197,199,342,380,31,29,30,351,346,347,350,388,390,389,391,343,387,386
327,394,151,153,154,393,155,325,326,392,197,199,342,343,387,386
327,394,151,382,381,427,384,154,393,155,325,120,326,392,391,343,387,386
327,325,155,393,120,326,392,197,199,32,34,342,380,31,350,388,386
327,325,155,394,151,153,381,427,384,154,393,120,326,392,391,343,387,386
327,325,155,393,120,326,392,197,199,32,34,29,31,350,388,386
327,394,155,393,120,326,392,391,389,390,387,343,342,380,31,350,388,386
327,394,155,325,120,326,392,197,199,32,34,342,380,31,350,388,386
327,394,155,325,120,326,392,197,199,32,34,29,31,350,388,386
327,325,326,392,391,343,387,389,390,388,350,347,346,351,30,29,34,32,199,342,380,386
327,325,326,120,393,155,394,151,153,381,382,383,150,152,375,198,197,392,391,389,387,386
327,394,151,153,155,393,120,325,326,392,391,389,390,388,350,31,380,386
327,394,155,393,120,326,392,197,199,32,34,342,380,31,350,388,386
327,325,326,120,393,155,394,151,153,381,382,383,150,152,375,198,197,392,391,343,387,386
327,325,326,392,197,199,342,34,37,345,349,30,347,350,388,386
327,394,155,393,120,326,392,197,199,32,34,29,31,350,388,386
327,325,120,326,392,197,199,182,181,33,32,34,342,380,31,350,388,390,387,386
327,197,199,32,34,37,345,349,30,29,31,350,388,390,387,386
327,325,120,326,392,197,199,182,181,33,32,34,29,31,350,388,390,387,386
327,197,392,391,343,342,199,32,33,37,345,349,351,30,29,31,380,386
327,325,155,394,151,382,381,427,384,154,393,120,326,392,391,389,387,386
327,325,155,393,120,326,392,391,343,342,199,32,34,29,31,350,388,386
327,325,155,394,151,382,381,427,384,154,393,120,326,392,391,343,387,386
327,394,151,382,381,427,384,154,153,155,325,120,326,392,391,389,387,386
327,325,120,326,392,197,199,32,33,37,345,349,30,29,31,350,388,386
327,394,155,153,154,393,120,325,326,392,391,389,390,388,350,31,380,386
327,197,392,391,389,390,387,343,342,199,32,34,29,30,351,346,347,350,31,380,386
327,197,392,391,343,342,34,32,33,37,345,349,30,347,350,31,380,386
327,394,151,382,381,427,384,154,153,155,325,120,326,392,391,343,387,386
327,325,326,392,197,199,342,34,29,30,349,351,346,347,350,388,386
327,394,155,325,120,326,392,391,343,342,199,32,34,29,31,350,388,386
327,325,326,392,197,199,342,380,31,29,30,349,351,346,347,350,388,386
327,394,151,382,381,427,384,154,153,155,393,120,326,392,391,389,387,386
327,325,155,153,151,382,381,427,384,154,393,120,326,392,391,389,387,386
327,197,199,342,34,32,33,37,345,349,30,347,350,31,380,386
327,394,151,382,381,427,384,154,153,155,393,120,326,392,391,343,387,386
327,325,155,153,151,382,381,427,384,154,393,120,326,392,391,343,387,386
327,197,199,182,181,33,32,34,342,380,31,350,388,390,389,387,386
327,197,199,182,181,33,32,34,29,31,350,388,390,389,387,386
327,394,155,393,120,326,392,391,343,342,199,32,34,29,31,350,388,386
327,325,120,326,392,391,343,342,199,182,181,33,32,34,29,31,350,388,390,387,386
327,394,155,325,326,392,391,343,342,34,29,31,350,388,390,387,386
327,394,151,153,154,393,120,325,326,392,391,389,390,388,350,31,380,386
327,325,120,326,392,391,343,342,199,32,33,37,345,349,30,29,31,350,388,386
327,325,326,392,391,343,342,34,29,30,351,346,242,425,347,350,388,386
327,325,326,392,197,199,32,33,37,34,342,343,391,389,387,390,388,386
327,394,155,153,151,382,381,427,384,154,393,120,326,392,391,389,387,386
327,325,326,392,391,343,342,380,31,29,30,351,346,242,425,347,350,388,386
327,325,326,392,197,199,182,32,33,37,34,342,380,31,350,388,390,387,386
327,325,326,120,393,154,153,155,394,151,150,152,375,198,197,392,391,389,387,386
327,325,326,392,197,199,182,32,33,37,34,29,31,350,388,390,387,386
327,394,155,153,151,382,381,427,384,154,393,120,326,392,391,343,387,386
327,394,151,150,152,375,198,197,392,391,343,342,380,31,350,388,386
327,197,392,391,389,390,388,350,31,29,34,37,33,32,199,342,343,387,386
327,325,326,120,393,154,153,155,394,151,150,152,375,198,197,392,391,343,387,386
327,325,326,392,197,199,342,34,37,345,349,30,347,350,31,380,386
327,325,120,326,392,197,199,182,181,33,32,34,342,343,387,390,388,386
327,325,326,392,197,199,32,33,37,345,349,30,347,350,388,386
327,325,120,393,155,394,151,150,152,375,198,197,199,342,343,387,386
327,394,151,150,152,375,198,197,199,342,380,31,350,388,386
327,325,326,392,391,389,387,390,388,350,347,425,242,346,351,30,29,31,380,386
327,394,151,150,152,375,198,197,392,391,389,387,390,388,350,31,380,386
327,325,326,392,391,343,387,390,388,350,347,425,242,346,351,30,29,31,380,386
327,197,392,391,343,342,199,32,34,29,30,351,405,432,210,211,346,347,350,388,386
327,325,120,326,392,197,199,182,32,33,37,34,342,343,391,389,387,386
327,325,120,326,392,197,199,32,34,29,30,351,346,347,350,31,380,342,343,387,386
327,325,155,393,154,153,381,382,151,150,152,375,198,197,392,391,389,387,386
327,325,326,392,197,199,342,34,29,30,349,351,346,347,350,31,380,386
327,394,151,150,152,375,198,197,392,391,343,387,390,388,350,31,380,386
327,325,155,393,154,153,381,382,151,150,152,375,198,197,392,391,343,387,386
327,197,392,391,343,342,199,32,34,37,345,349,351,30,29,31,380,386
327,394,151,153,154,393,155,325,120,326,392,391,389,390,388,350,31,380,386
327,325,120,393,155,153,151,150,152,375,198,197,199,342,343,387,386
327,325,155,394,151,382,383,150,152,375,198,197,392,391,389,390,387,386
327,325,326,392,391,343,342,199,182,32,33,37,34,29,31,350,388,390,387,386
327,197,199,182,181,33,32,34,342,343,387,389,390,388,386
327,325,120,326,392,197,199,182,181,33,37,34,342,380,31,350,388,390,387,386
327,325,120,326,392,197,199,32,34,37,345,349,30,29,31,350,388,386
327,325,326,392,391,389,390,388,350,347,346,351,30,29,34,32,182,199,342,380,386
327,325,120,326,392,197,199,182,181,33,37,34,29,31,350,388,390,387,386
327,325,326,392,391,343,342,199,32,33,37,345,349,30,347,350,388,386
327,325,155,394,151,382,383,150,152,375,198,197,392,391,389,390,388,386
327,325,326,392,197,199,32,34,29,30,347,350,31,380,342,343,387,389,390,388,386
327,394,155,393,154,153,381,382,151,150,152,375,198,197,392,391,389,387,386
327,325,155,153,151,382,383,150,152,375,198,197,392,391,389,390,387,386
327,394,155,393,154,153,381,382,151,150,152,375,198,197,392,391,343,387,386
327,325,326,392,391,343,342,34,29,30,351,346,242,425,347,350,31,380,386
327,325,326,392,197,199,182,32,34,29,31,350,388,390,387,389,391,343,342,380,386
327,325,120,326,392,391,389,387,343,342,199,32,33,37,34,29,31,350,388,386
327,325,326,392,197,199,182,32,33,37,34,342,343,387,390,388,386
327,197,199,32,34,29,30,351,346,347,350,388,390,389,391,343,387,386
327,325,155,153,151,382,383,150,152,375,198,197,392,391,389,390,388,386
327,325,155,394,151,153,154,393,120,326,392,391,389,390,388,350,31,380,386
327,325,326,392,197,199,32,33,37,345,349,30,347,350,31,380,386
327,197,199,182,181,33,32,34,342,343,391,389,390,387,386
327,197,199,182,181,33,37,34,342,380,31,350,388,390,389,387,386
327,394,155,153,151,382,383,150,152,375,198,197,392,391,389,390,387,386
327,197,199,182,181,33,37,34,29,31,350,388,390,389,387,386
327,197,392,391,389,387,343,342,199,182,181,33,32,34,29,31,380,386
327,325,120,326,392,391,343,342,199,32,34,37,345,349,30,29,31,350,388,386
327,325,120,326,392,391,343,342,199,182,181,33,37,34,29,31,350,388,390,387,386
327,325,326,392,197,199,32,34,29,30,347,350,31,380,342,343,391,389,390,387,386
327,325,120,393,154,153,151,150,152,375,198,197,199,342,343,387,386
327,197,392,391,343,342,199,32,34,29,30,351,405,432,210,211,346,347,350,31,380,386
327,325,120,326,392,197,199,182,32,34,29,30,347,350,388,390,389,391,343,387,386
327,197,392,391,389,390,387,343,342,199,32,33,37,34,29,31,380,386
327,197,199,182,181,33,32,34,342,343,391,389,390,388,386
327,325,326,392,197,199,182,32,34,29,30,351,346,347,350,388,390,389,387,386
327,394,155,153,151,382,383,150,152,375,198,197,392,391,389,390,388,386
327,325,326,392,197,199,32,34,37,345,349,30,347,350,388,386
327,325,326,392,197,199,32,34,29,30,347,350,31,380,342,343,391,389,390,388,386
327,325,326,120,393,155,153,154,384,427,381,382,383,150,152,375,198,197,392,391,389,387,386
327,325,326,392,391,343,342,34,37,345,349,30,29,31,350,388,390,387,386
327,325,326,120,393,155,153,154,384,427,381,382,383,150,152,375,198,197,392,391,343,387,386
327,394,151,153,155,393,120,325,326,392,197,199,342,343,387,386
327,325,120,326,392,197,199,182,181,33,37,34,342,343,387,390,388,386
327,394,155,393,120,325,326,392,197,199,342,34,29,31,350,388,386
327,325,326,392,391,343,342,199,32,33,37,345,349,30,347,350,31,380,386
327,197,392,391,343,342,34,37,345,349,30,347,350,388,390,387,386
327,197,392,391,343,342,199,182,181,33,37,345,349,30,29,31,380,386
327,325,326,392,197,199,32,34,29,30,349,351,346,347,350,388,386
327,197,392,391,343,342,34,32,33,37,345,349,351,30,29,31,380,386
327,325,120,326,392,391,389,387,390,388,350,31,29,34,37,33,32,199,342,380,386
327,394,155,153,154,393,120,325,326,392,197,199,342,343,387,386
327,325,326,392,391,343,342,199,182,32,34,29,30,351,346,347,350,388,390,389,387,386
327,197,199,342,34,37,345,349,30,347,350,388,390,387,386
327,325,120,326,392,391,343,387,390,388,350,31,29,34,37,33,32,199,342,380,386
327,394,155,393,120,325,326,392,197,199,182,32,34,342,380,386
327,325,326,392,391,343,342,199,32,34,37,345,349,30,347,350,388,386
327,325,155,153,381,382,383,150,152,375,198,197,392,391,389,390,387,386
327,197,199,342,34,32,33,37,345,349,351,30,29,31,380,386
327,325,155,393,154,384,427,381,153,151,150,152,375,198,197,392,391,389,387,386
327,197,392,391,343,342,34,29,30,349,351,346,347,350,388,390,387,386
327,197,392,391,343,342,380,31,29,30,349,351,346,347,350,388,390,387,386
327,325,155,393,154,384,427,381,153,151,150,152,375,198,197,392,391,343,387,386
327,197,199,182,181,33,37,34,342,343,387,389,390,388,386
327,197,199,342,34,29,30,349,351,346,347,350,388,390,387,386
327,325,155,153,381,382,383,150,152,375,198,197,392,391,389,390,388,386
327,325,120,326,392,197,199,32,33,37,34,29,31,380,342,343,387,386
327,197,199,342,380,31,29,30,349,351,346,347,350,388,390,387,386
327,325,326,392,391,343,342,199,32,34,29,30,349,351,346,347,350,388,386
327,325,326,392,197,199,342,34,29,30,351,405,432,210,211,346,347,350,388,386
327,394,151,153,154,393,120,325,326,392,197,199,342,343,387,386
327,325,326,392,197,199,342,380,31,29,30,351,405,432,210,211,346,347,350,388,386
327,394,155,153,381,382,383,150,152,375,198,197,392,391,389,390,387,386
327,325,326,392,197,199,32,34,37,345,349,30,347,350,31,380,386
327,394,155,393,154,384,427,381,153,151,150,152,375,198,197,392,391,389,387,386
327,394,151,153,155,325,120,326,392,391,343,342,380,31,350,388,386
327,394,155,393,154,384,427,381,153,151,150,152,375,198,197,392,391,343,387,386
327,325,326,392,197,199,342,34,37,345,349,351,30,29,31,380,386
327,325,155,153,154,393,120,326,392,391,343,342,380,31,350,388,386
327,325,120,326,392,391,343,342,34,32,33,37,345,349,30,29,31,350,388,386
327,325,155,393,154,384,427,381,382,151,150,152,375,198,197,392,391,389,387,386
327,394,155,153,381,382,383,150,152,375,198,197,392,391,389,390,388,386
327,197,199,182,181,33,37,34,342,343,391,389,390,387,386
327,394,151,153,155,393,120,326,392,391,343,342,380,31,350,388,386
327,325,155,393,154,384,427,381,382,151,150,152,375,198,197,392,391,343,387,386
327,197,392,391,389,387,343,342,199,182,181,33,37,34,29,31,380,386
327,325,326,392,197,199,32,34,29,30,349,351,346,347,350,31,380,386
327,394,151,153,155,325,120,326,392,391,389,387,390,388,350,31,380,386
327,394,151,153,155,325,120,326,392,391,343,387,390,388,350,31,380,386
327,325,155,153,154,393,120,326,392,391,389,387,390,388,350,31,380,386
327,394,151,153,381,382,383,150,152,375,198,197,392,391,389,390,387,386
327,197,199,182,181,33,37,34,342,343,391,389,390,388,386
327,197,392,391,343,342,34,37,345,349,351,30,29,31,350,388,386
327,197,199,32,33,37,345,349,30,347,350,388,390,387,386
327,394,155,153,154,393,120,326,392,391,343,342,380,31,350,388,386
327,394,151,153,155,393,120,326,392,391,389,387,390,388,350,31,380,386
327,325,155,153,154,393,120,326,392,391,343,387,390,388,350,31,380,386
327,325,326,392,391,343,342,199,32,34,37,345,349,30,347,350,31,380,386
327,394,155,393,154,384,427,381,382,151,150,152,375,198,197,392,391,389,387,386
327,394,151,153,154,393,155,325,120,326,392,197,199,342,343,387,386
327,394,151,153,155,393,120,326,392,391,343,387,390,388,350,31,380,386
327,325,120,393,155,394,151,153,154,384,427,381,382,383,150,152,375,198,197,392,391,389,387,386
327,394,155,393,154,384,427,381,382,151,150,152,375,198,197,392,391,343,387,386
327,197,199,342,34,37,345,349,351,30,29,31,350,388,386
327,394,151,153,381,382,383,150,152,375,198,197,392,391,389,390,388,386
327,325,120,393,155,394,151,153,154,384,427,381,382,383,150,152,375,198,197,392,391,343,387,386
327,394,155,153,154,393,120,326,392,391,389,387,390,388,350,31,380,386
327,325,120,393,155,153,381,382,151,150,152,375,198,197,392,391,389,387,386
327,325,155,153,154,384,427,381,382,151,150,152,375,198,197,392,391,389,387,386
327,325,326,392,391,343,342,199,32,34,29,30,349,351,346,347,350,31,380,386
327,325,326,392,197,199,342,34,29,30,351,405,432,210,211,346,347,350,31,380,386
327,394,155,153,154,393,120,326,392,391,343,387,390,388,350,31,380,386
327,325,120,326,392,391,343,387,389,390,388,350,347,346,351,30,29,34,32,199,342,380,386
327,394,151,382,383,150,152,375,198,197,392,391,389,387,390,388,386
327,325,120,393,155,153,381,382,151,150,152,375,198,197,392,391,343,387,386
327,325,326,392,391,389,390,387,343,342,199,32,34,29,30,351,346,347,350,388,386
327,325,155,153,154,384,427,381,382,151,150,152,375,198,197,392,391,343,387,386
327,325,326,392,391,343,342,34,32,33,37,345,349,30,347,350,388,386
327,394,151,153,154,393,120,326,392,391,343,342,380,31,350,388,386
327,325,120,326,392,197,199,342,34,37,345,349,30,347,350,388,386
327,394,151,382,383,150,152,375,198,197,392,391,343,387,390,388,386
327,197,392,391,389,387,343,342,199,182,32,34,29,30,351,346,347,350,388,386
327,325,326,392,197,199,32,33,37,345,349,351,30,29,31,380,386
327,325,155,394,151,153,154,393,120,326,392,197,199,342,343,387,386
327,394,155,153,154,384,427,381,382,151,150,152,375,198,197,392,391,389,387,386
327,394,155,393,120,325,326,392,391,389,390,387,343,342,380,31,350,388,386
327,394,151,153,154,393,120,326,392,391,389,387,390,388,350,31,380,386
327,394,155,153,154,384,427,381,382,151,150,152,375,198,197,392,391,343,387,386
327,325,120,326,392,197,199,342,34,29,30,349,351,346,347,350,388,386
327,394,151,153,154,393,120,326,392,391,343,387,390,388,350,31,380,386
327,325,120,326,392,197,199,342,380,31,29,30,349,351,346,347,350,388,386
327,394,155,393,120,325,326,392,197,199,32,34,342,380,31,350,388,386
327,325,155,393,120,326,392,391,343,342,34,29,31,350,388,390,387,386
327,394,155,393,120,325,326,392,197,199,32,34,29,31,350,388,386
327,325,120,393,154,153,381,382,151,150,152,375,198,197,392,391,389,387,386
327,325,326,392,391,343,342,199,32,33,37,345,349,351,30,29,31,380,386
327,197,199,32,33,37,345,349,351,30,29,31,350,388,386
327,325,120,393,154,153,381,382,151,150,152,375,198,197,392,391,343,387,386
327,394,155,325,120,326,392,391,343,342,34,29,31,350,388,390,387,386
327,325,120,326,392,391,343,342,34,29,30,351,346,242,425,347,350,388,386
327,325,120,326,392,197,199,32,33,37,34,342,343,391,389,387,390,388,386
327,197,199,32,34,37,345,349,30,347,350,388,390,387,386
327,325,120,326,392,391,343,342,380,31,29,30,351,346,242,425,347,350,388,386
327,325,120,326,392,197,199,182,32,33,37,34,342,380,31,350,388,390,387,386
327,325,120,326,392,197,199,182,32,33,37,34,29,31,350,388,390,387,386
327,325,326,392,391,389,390,387,343,342,199,32,34,29,30,351,346,347,350,31,380,386
327,394,155,393,120,326,392,391,343,342,34,29,31,350,388,390,387,386
327,325,326,392,391,343,342,34,32,33,37,345,349,30,347,350,31,380,386
327,197,199,32,33,37,34,29,30,347,350,388,386
327,394,151,382,381,427,384,154,153,155,393,120,325,326,392,391,389,387,386
327,325,120,326,392,197,199,342,34,37,345,349,30,347,350,31,380,386
327,197,392,391,389,387,343,342,199,182,32,34,29,30,351,346,347,350,31,380,386
327,325,155,393,154,153,151,150,152,375,198,197,392,391,389,390,388,350,31,380,386
327,197,392,391,389,387,390,388,350,347,346,351,30,29,34,32,182,199,342,380,386
327,394,151,382,381,427,384,154,153,155,393,120,325,326,392,391,343,387,386
327,325,120,326,392,197,199,32,33,37,345,349,30,347,350,388,386
327,394,155,393,120,325,326,392,391,343,342,199,32,34,29,31,350,388,386
327,197,392,391,343,387,389,390,388,350,347,346,351,349,30,29,31,380,386
327,325,120,326,392,391,389,387,390,388,350,347,425,242,346,351,30,29,31,380,386
327,197,392,391,343,387,390,388,350,347,346,351,30,29,34,32,182,199,342,380,386
327,197,199,32,34,29,30,349,351,346,347,350,388,390,387,386
327,394,151,153,154,393,155,325,326,392,391,343,342,380,31,350,388,386
327,325,120,326,392,391,343,387,390,388,350,347,425,242,346,351,30,29,31,380,386
327,325,326,392,197,199,32,34,29,30,351,405,432,210,211,346,347,350,388,386
327,325,120,326,392,197,199,342,34,29,30,349,351,346,347,350,31,380,386
327,394,155,153,151,382,381,427,384,154,393,120,325,326,392,391,389,387,386
327,197,199,182,32,33,37,34,342,380,31,350,388,390,389,387,386
327,394,155,393,154,153,151,150,152,375,198,197,392,391,389,390,388,350,31,380,386
327,197,199,182,32,33,37,34,29,31,350,388,390,389,387,386
327,325,120,326,392,391,343,342,199,182,32,33,37,34,29,31,350,388,390,387,386
327,394,155,153,151,382,381,427,384,154,393,120,325,326,392,391,343,387,386
327,325,326,392,197,199,32,34,37,345,349,351,30,29,31,380,386
327,394,151,153,154,393,155,325,326,392,391,389,387,390,388,350,31,380,386
327,325,326,392,391,389,390,388,350,31,29,34,37,33,32,199,342,343,387,386
327,394,151,153,154,393,155,325,326,392,391,343,387,390,388,350,31,380,386
327,197,392,391,343,342,34,29,30,351,405,432,210,211,346,347,350,388,390,387,386
327,325,120,326,392,391,389,390,388,350,347,346,351,30,29,34,32,182,199,342,380,386
327,325,120,326,392,391,343,342,199,32,33,37,345,349,30,347,350,388,386
327,197,392,391,343,342,380,31,29,30,351,405,432,210,211,346,347,350,388,390,387,386
327,325,120,326,392,197,199,32,34,29,30,347,350,31,380,342,343,387,389,390,388,386
327,197,199,342,34,29,30,351,405,432,210,211,346,347,350,388,390,387,386
327,325,120,326,392,391,343,342,34,29,30,351,346,242,425,347,350,31,380,386
327,197,199,342,380,31,29,30,351,405,432,210,211,346,347,350,388,390,387,386
327,325,120,326,392,197,199,182,32,34,29,31,350,388,390,387,389,391,343,342,380,386
327,197,199,32,182,181,33,37,345,349,30,29,31,380,386
327,325,326,392,391,343,342,199,32,34,29,30,351,405,432,210,211,346,347,350,388,386
327,325,120,326,392,197,199,182,32,33,37,34,342,343,387,390,388,386
327,197,199,32,33,37,34,29,30,347,350,31,380,386
327,197,392,391,343,342,199,182,32,33,37,345,349,30,29,31,380,386
327,197,392,391,343,342,199,32,182,181,33,37,34,29,31,350,388,390,387,386
327,325,326,392,391,343,342,199,32,34,37,345,349,351,30,29,31,380,386
327,325,120,326,392,197,199,32,33,37,345,349,30,347,350,31,380,386
327,197,199,32,34,37,345,349,351,30,29,31,350,388,386
327,325,326,120,393,155,394,151,150,152,375,198,197,199,342,343,387,386
327,325,120,326,392,197,199,32,34,29,30,347,350,31,380,342,343,391,389,390,387,386
327,325,326,392,197,199,32,34,29,30,351,405,432,210,211,346,347,350,31,380,386
327,325,120,326,392,197,199,182,32,34,29,30,351,346,347,350,388,390,389,387,386
327,325,120,393,154,384,427,381,153,151,150,152,375,198,197,392,391,389,387,386
327,197,199,182,32,33,37,34,342,343,387,389,390,388,386
327,325,326,392,197,199,32,182,181,33,37,34,342,343,391,389,387,386
327,325,120,326,392,197,199,32,34,37,345,349,30,347,350,388,386
327,325,120,326,392,197,199,32,34,29,30,347,350,31,380,342,343,391,389,390,388,386
327,325,120,393,154,384,427,381,153,151,150,152,375,198,197,392,391,343,387,386
327,325,326,120,393,155,153,151,150,152,375,198,197,199,342,343,387,386
327,325,120,326,392,391,343,342,34,37,345,349,30,29,31,350,388,390,387,386
327,325,120,326,392,391,343,342,199,32,33,37,345,349,30,347,350,31,380,386
327,197,199,32,34,342,343,387,390,388,350,347,30,29,31,380,386
327,325,155,394,151,150,152,375,198,197,392,391,343,342,380,31,350,388,386
327,325,120,326,392,197,199,32,34,29,30,349,351,346,347,350,388,386
327,325,326,392,197,199,182,181,33,37,345,349,30,29,31,380,386
327,325,326,392,391,389,387,343,342,199,182,181,33,32,34,29,31,380,386
327,325,326,392,391,343,342,199,32,34,29,30,351,405,432,210,211,346,347,350,31,380,386
327,325,120,326,392,391,343,342,199,182,32,34,29,30,351,346,347,350,388,390,389,387,386
