690,645,646,688
690,645,647,646,688
690,645,647,648,685,646,688
690,652,647,646,688
690,645,647,648,649,323,685,646,688
690,652,650,648,647,646,688
690,652,650,648,685,646,688
690,652,647,648,685,646,688
690,652,647,645,646,688
690,652,650,648,647,645,646,688
690,652,650,629,649,648,647,646,688
690,652,650,648,649,323,685,646,688
690,652,647,648,649,323,685,646,688
690,652,650,629,649,323,685,646,688
690,652,650,629,649,648,685,646,688
690,652,650,629,649,648,647,645,646,688
690,645,646,685,323,686,688
690,652,650,629,118,322,649,648,647,646,688
690,652,650,629,118,322,649,323,685,646,688
690,645,647,648,685,323,686,688
690,652,650,629,118,322,649,648,685,646,688
690,645,647,648,649,322,120,323,685,646,688
690,645,694,689,646,688
690,645,647,648,649,323,686,688
690,645,647,646,685,323,686,688
690,652,650,629,118,322,120,323,685,646,688
690,652,650,629,118,322,649,648,647,645,646,688
690,645,646,685,323,686,293,296,688
690,652,650,648,685,323,686,688
690,652,647,648,685,323,686,688
690,652,650,648,649,322,120,323,685,646,688
690,652,647,648,649,322,120,323,685,646,688
690,652,650,629,649,322,120,323,685,646,688
690,645,647,648,685,323,686,293,296,688
690,652,650,648,649,323,686,688
690,652,647,648,649,323,686,688
690,383,745,695,694,645,646,688
690,652,650,629,649,323,686,688
690,383,745,695,694,689,646,688
690,645,647,648,649,323,686,293,296,688
690,652,647,646,685,323,686,688
690,645,647,646,685,323,686,293,296,688
690,652,650,629,630,118,322,649,648,647,646,688
690,652,650,629,630,118,322,649,323,685,646,688
690,645,647,652,650,648,685,646,688
690,652,650,629,630,118,322,649,648,685,646,688
690,652,650,648,647,646,685,323,686,688
690,652,650,629,649,648,685,323,686,688
690,652,647,645,646,685,323,686,688
690,652,650,629,630,118,322,120,323,685,646,688
690,383,745,695,694,645,647,646,688
690,652,650,629,630,118,322,649,648,647,645,646,688
690,645,647,648,650,629,649,323,685,646,688
690,645,647,652,650,648,649,323,685,646,688
690,652,650,648,685,323,686,293,296,688
690,652,647,648,685,323,686,293,296,688
690,645,647,652,650,629,649,323,685,646,688
690,645,647,652,650,629,649,648,685,646,688
690,652,650,648,647,645,646,685,323,686,688
690,652,650,648,649,323,686,293,296,688
690,652,647,648,649,323,686,293,296,688
690,652,650,629,649,323,686,293,296,688
690,652,382,651,650,648,647,646,688
690,652,650,629,649,648,647,646,685,323,686,688
690,652,647,646,685,323,686,293,296,688
690,652,647,645,694,689,646,688
690,383,745,695,694,645,647,648,685,646,688
690,652,382,651,650,648,685,646,688
690,652,650,629,118,322,649,323,686,688
690,645,647,648,649,322,120,323,686,688
690,652,650,648,647,646,685,323,686,293,296,688
690,383,292,382,652,647,646,688
690,652,650,648,647,645,694,689,646,688
690,652,650,629,649,323,685,648,647,646,688
690,652,650,629,649,648,685,323,686,293,296,688
690,652,382,651,650,648,647,645,646,688
690,652,650,629,649,648,647,645,646,685,323,686,688
690,652,647,645,646,685,323,686,293,296,688
690,645,646,689,684,296,688
690,645,694,689,684,296,688
690,652,650,629,118,322,120,323,686,688
690,652,382,651,650,629,649,648,647,646,688
690,383,745,695,694,645,647,648,649,323,685,646,688
690,652,382,651,650,648,649,323,685,646,688
690,652,650,629,118,322,649,648,685,323,686,688
690,652,382,651,650,629,649,323,685,646,688
690,652,382,651,664,630,629,649,648,647,646,688
690,383,292,382,651,650,648,647,646,688
690,652,650,651,664,630,629,649,648,647,646,688
690,652,647,648,650,629,649,323,685,646,688
690,652,382,651,664,630,629,650,648,647,646,688
690,652,382,651,664,630,629,649,323,685,646,688
690,383,292,382,652,650,648,647,646,688
690,383,292,382,651,650,652,647,646,688
690,652,382,651,650,629,649,648,685,646,688
690,652,650,651,664,630,629,649,323,685,646,688
690,652,382,651,664,630,629,649,648,685,646,688
690,383,292,382,651,650,648,685,646,688
690,652,650,651,664,630,629,649,648,685,646,688
690,652,382,651,664,630,629,650,648,685,646,688
690,383,292,382,652,650,648,685,646,688
690,383,292,382,652,647,648,685,646,688
690,652,650,648,647,645,646,685,323,686,293,296,688
690,383,292,382,652,647,645,646,688
690,645,646,689,684,296,293,686,688
690,645,694,689,684,296,293,686,688
690,652,650,629,649,323,685,648,647,645,646,688
690,645,647,648,650,629,118,322,649,323,685,646,688
690,652,650,629,649,648,647,646,685,323,686,293,296,688
690,645,647,652,650,629,118,322,649,323,685,646,688
690,652,382,651,664,630,118,629,649,648,647,646,688
690,652,650,629,649,648,647,645,694,689,646,688
690,652,650,651,664,630,118,629,649,648,647,646,688
690,652,382,651,664,630,118,629,650,648,647,646,688
690,652,382,651,664,630,118,629,649,323,685,646,688
690,645,647,652,650,629,118,322,649,648,685,646,688
690,652,650,651,664,630,118,629,649,323,685,646,688
690,652,382,651,664,630,118,629,649,648,685,646,688
690,652,650,629,118,322,649,323,686,293,296,688
690,652,382,651,650,629,649,648,647,645,646,688
690,645,646,685,323,120,294,293,686,688
690,652,650,651,664,630,118,629,649,648,685,646,688
690,652,382,651,664,630,118,629,650,648,685,646,688
690,383,292,382,651,650,652,647,648,685,646,688
690,652,650,648,649,322,120,323,686,688
690,652,647,648,649,322,120,323,686,688
690,652,382,651,664,630,629,649,648,647,645,646,688
690,652,650,629,649,322,120,323,686,688
690,383,292,382,651,650,648,647,645,646,688
690,652,650,651,664,630,629,649,648,647,645,646,688
690,645,647,648,649,322,120,294,293,686,688
690,652,382,651,664,630,629,650,648,647,645,646,688
690,652,650,629,118,322,649,648,647,646,685,323,686,688
690,645,646,647,648,685,323,686,688
690,645,647,646,689,684,296,688
690,383,292,382,652,650,648,647,645,646,688
690,383,292,382,651,650,652,647,645,646,688
690,645,647,648,649,322,120,323,686,293,296,688
690,383,745,695,734,694,645,646,688
690,645,646,647,648,649,323,686,688
690,383,292,382,651,650,629,649,648,647,646,688
690,383,745,695,734,694,689,646,688
690,645,647,648,649,629,118,322,120,323,685,646,688
690,645,694,689,646,685,323,686,688
690,383,292,382,652,650,629,649,648,647,646,688
690,383,292,382,651,650,648,649,323,685,646,688
690,652,382,651,664,630,629,650,648,649,323,685,646,688
690,383,292,382,651,650,629,649,323,685,646,688
690,383,292,382,651,664,630,629,649,648,647,646,688
690,383,292,382,652,650,648,649,323,685,646,688
690,383,292,382,652,647,648,649,323,685,646,688
690,645,647,648,650,629,118,322,120,323,685,646,688
690,383,292,382,652,650,629,649,323,685,646,688
690,645,647,652,650,629,118,322,120,323,685,646,688
690,383,292,382,651,664,630,629,650,648,647,646,688
690,383,292,382,651,664,630,629,649,323,685,646,688
690,383,292,382,651,664,630,629,650,652,647,646,688
690,645,646,685,648,649,323,686,688
690,383,292,382,651,650,629,649,648,685,646,688
690,383,292,382,652,650,629,649,648,685,646,688
690,383,292,382,651,664,630,629,649,648,685,646,688
690,652,650,629,630,118,322,649,323,686,688
690,652,382,651,664,630,118,322,649,648,647,646,688
690,652,650,629,118,322,120,294,293,686,688
690,652,650,629,649,648,647,645,646,685,323,686,293,296,688
690,383,292,382,651,664,630,629,650,648,685,646,688
690,652,650,651,664,630,118,322,649,648,647,646,688
690,652,650,629,118,322,120,323,686,293,296,688
690,652,382,651,664,630,118,322,649,323,685,646,688
690,652,382,651,664,630,118,629,649,648,647,645,646,688
690,652,650,651,664,630,118,322,649,323,685,646,688
690,652,650,651,664,630,118,629,649,648,647,645,646,688
690,383,745,695,694,689,684,296,688
690,652,382,651,664,630,118,629,650,648,647,645,646,688
690,652,382,651,664,630,118,322,649,648,685,646,688
690,645,647,646,689,684,296,293,686,688
690,645,647,648,685,323,120,294,293,686,688
690,652,650,651,664,630,118,322,649,648,685,646,688
690,645,646,685,323,120,294,293,296,688
690,652,650,629,118,117,121,322,649,648,647,646,688
690,652,650,629,118,322,649,323,685,648,647,646,688
690,652,650,629,118,322,649,648,685,323,686,293,296,688
690,645,647,648,685,646,689,684,296,688
690,652,650,629,118,117,121,322,649,323,685,646,688
690,645,647,648,649,322,120,294,293,296,688
690,652,382,651,664,630,118,629,650,648,649,323,685,646,688
690,383,292,382,651,650,652,647,648,649,323,685,646,688
690,652,650,629,118,322,649,648,647,645,646,685,323,686,688
690,383,292,382,651,664,630,118,629,649,648,647,646,688
690,645,647,648,649,323,120,294,293,686,688
690,652,650,629,118,117,121,322,649,648,685,646,688
690,383,292,382,651,664,630,118,629,650,648,647,646,688
690,383,292,382,651,664,630,118,629,649,323,685,646,688
690,383,292,382,651,664,630,118,629,650,652,647,646,688
690,383,292,382,651,664,630,118,629,649,648,685,646,688
690,652,382,651,650,629,118,322,649,648,647,646,688
690,645,647,646,685,323,120,294,293,686,688
690,383,292,382,651,650,629,649,648,647,645,646,688
690,383,292,382,652,650,629,649,648,647,645,646,688
690,383,292,382,651,664,630,118,629,650,648,685,646,688
690,652,382,651,650,629,118,322,649,323,685,646,688
690,383,292,382,651,664,630,629,650,652,647,648,685,646,688
690,652,382,651,664,630,629,118,322,649,648,647,646,688
690,652,650,629,630,118,322,120,323,686,688
690,383,292,382,651,664,630,629,649,648,647,645,646,688
690,645,647,648,649,322,121,119,120,323,685,646,688
690,652,650,651,664,630,629,118,322,649,648,647,646,688
690,652,647,648,650,629,118,322,649,323,685,646,688
690,652,382,651,664,630,629,118,322,649,323,685,646,688
690,383,292,382,651,664,630,629,650,648,647,645,646,688
690,652,382,651,664,630,118,322,120,323,685,646,688
690,383,292,382,651,664,630,629,650,652,647,645,646,688
690,652,382,651,650,629,118,322,649,648,685,646,688
690,652,650,651,664,630,629,118,322,649,323,685,646,688
690,383,745,695,694,689,684,296,293,686,688
690,652,650,651,664,630,118,322,120,323,685,646,688
690,645,647,652,650,648,685,323,686,688
690,652,382,651,664,630,629,118,322,649,648,685,646,688
690,652,650,629,118,322,120,294,293,296,688
690,652,650,629,630,118,322,649,648,685,323,686,688
690,383,745,695,734,694,645,647,646,688
690,652,382,651,664,630,118,322,649,648,647,645,646,688
690,652,650,651,664,630,629,118,322,649,648,685,646,688
690,645,647,648,650,629,649,322,120,323,685,646,688
690,645,647,652,650,648,649,322,120,323,685,646,688
690,652,650,651,664,630,118,322,649,648,647,645,646,688
690,652,650,629,118,322,120,323,685,648,647,646,688
690,645,647,652,650,629,649,322,120,323,685,646,688
690,645,647,648,685,646,689,684,296,293,686,688
690,383,292,382,651,664,630,629,650,648,649,323,685,646,688
690,652,650,629,118,117,121,322,120,323,685,646,688
690,645,647,648,650,629,649,323,686,688
690,645,647,652,650,648,649,323,686,688
690,645,647,652,650,629,649,323,686,688
690,645,647,648,685,323,120,294,293,296,688
690,652,650,648,649,322,120,294,293,686,688
690,652,647,648,649,322,120,294,293,686,688
690,645,647,646,685,648,649,323,686,688
690,652,650,629,649,322,120,294,293,686,688
690,652,647,646,689,684,296,688
690,652,650,629,118,322,120,323,649,648,647,646,688
690,652,650,629,118,117,121,322,649,648,647,645,646,688
690,652,650,648,649,322,120,323,686,293,296,688
690,652,650,629,118,322,649,323,685,648,647,645,646,688
690,652,647,648,649,322,120,323,686,293,296,688
690,652,650,629,118,117,121,119,120,323,685,646,688
690,652,650,629,649,322,120,323,686,293,296,688
690,652,650,629,118,322,121,119,120,323,685,646,688
690,652,650,629,118,322,649,648,647,646,685,323,686,293,296,688
690,645,646,647,648,685,323,686,293,296,688
690,383,292,382,651,664,630,118,322,649,648,647,646,688
690,645,647,648,649,323,120,294,293,296,688
690,645,647,648,649,323,685,646,689,684,296,688
690,383,292,382,651,664,630,118,629,650,652,647,648,685,646,688
690,383,292,382,651,664,630,118,322,649,323,685,646,688
690,383,292,382,651,664,630,118,629,649,648,647,645,646,688
690,652,650,629,118,322,120,323,649,648,685,646,688
690,652,650,629,118,322,649,648,647,645,694,689,646,688
690,652,650,648,649,629,118,322,120,323,685,646,688
690,652,647,648,649,629,118,322,120,323,685,646,688
690,652,382,651,650,629,118,322,120,323,685,646,688
690,383,292,382,651,664,630,118,629,650,648,647,645,646,688
690,383,292,382,651,664,630,118,629,650,652,647,645,646,688
690,652,647,648,650,629,118,322,120,323,685,646,688
690,645,694,689,684,296,293,686,323,685,646,688
690,652,382,651,664,630,629,118,322,120,323,685,646,688
690,383,292,382,651,664,630,118,322,649,648,685,646,688
690,645,646,647,648,649,323,686,293,296,688
690,645,647,646,685,323,120,294,293,296,688
690,645,647,648,650,629,630,118,322,649,323,685,646,688
690,652,650,651,664,630,629,118,322,120,323,685,646,688
690,383,745,695,694,645,646,685,323,686,688
690,645,694,689,646,685,323,686,293,296,688
690,652,382,651,650,629,118,322,649,648,647,645,646,688
690,645,647,652,650,629,630,118,322,649,323,685,646,688
690,383,745,695,694,689,646,685,323,686,688
690,652,382,651,664,630,629,118,322,649,648,647,645,646,688
690,383,292,693,745,695,694,645,646,688
690,645,694,734,378,735,696,689,646,688
690,645,647,652,650,629,630,118,322,649,648,685,646,688
690,652,650,651,664,630,629,118,322,649,648,647,645,646,688
690,645,646,685,648,649,323,686,293,296,688
690,383,292,382,651,664,630,118,629,650,648,649,323,685,646,688
690,383,292,382,651,664,630,629,650,652,647,648,649,323,685,646,688
690,383,292,693,745,695,694,689,646,688
690,383,745,695,734,694,645,647,648,685,646,688
690,383,745,695,734,378,735,696,689,646,688
690,652,650,629,630,118,322,649,323,686,293,296,688
690,652,650,648,647,646,689,684,296,688
690,652,647,646,689,684,296,293,686,688
690,652,650,648,685,323,120,294,293,686,688
690,652,647,648,685,323,120,294,293,686,688
690,383,292,382,651,650,629,118,322,649,648,647,646,688
690,652,650,629,118,322,120,323,685,648,647,645,646,688
690,652,650,629,630,118,322,649,648,647,646,685,323,686,688
690,383,292,382,652,650,629,118,322,649,648,647,646,688
690,383,292,382,651,650,629,118,322,649,323,685,646,688
690,383,292,382,651,664,630,629,118,322,649,648,647,646,688
690,652,650,648,685,646,689,684,296,688
690,652,647,648,685,646,689,684,296,688
690,645,647,648,649,322,120,294,293,686,323,685,646,688
690,383,292,382,652,650,629,118,322,649,323,685,646,688
690,645,647,648,649,323,685,646,689,684,296,293,686,688
690,652,650,648,649,322,120,294,293,296,688
690,652,647,648,649,322,120,294,293,296,688
690,645,647,652,650,629,649,648,685,323,686,688
690,383,292,382,651,664,630,629,118,322,649,323,685,646,688
690,652,650,629,649,322,120,294,293,296,688
690,383,292,382,651,664,630,118,322,120,323,685,646,688
690,383,292,382,651,650,629,118,322,649,648,685,646,688
690,652,647,645,646,689,684,296,688
690,652,650,648,649,323,120,294,293,686,688
690,652,647,648,649,323,120,294,293,686,688
690,652,647,645,694,689,684,296,688
690,652,650,629,118,322,120,323,649,648,647,645,646,688
690,652,650,629,649,323,120,294,293,686,688
690,383,292,382,652,650,629,118,322,649,648,685,646,688
690,652,650,629,649,322,120,323,685,648,647,646,688
690,645,647,648,649,629,630,118,322,120,323,685,646,688
690,383,292,382,651,664,630,629,118,322,649,648,685,646,688
690,652,650,629,118,322,649,648,647,645,646,685,323,686,293,296,688
690,383,292,382,651,664,630,118,322,649,648,647,645,646,688
690,645,647,648,650,629,630,118,322,120,323,685,646,688
690,645,647,652,650,629,630,118,322,120,323,685,646,688
690,652,647,646,685,323,120,294,293,686,688
690,645,647,648,685,323,686,293,296,684,689,646,688
690,383,292,382,651,664,630,118,629,650,652,647,648,649,323,685,646,688
690,652,650,648,649,322,121,119,120,323,685,646,688
690,652,647,648,649,322,121,119,120,323,685,646,688
690,383,745,695,694,645,647,648,685,323,686,688
690,652,650,629,649,322,121,119,120,323,685,646,688
690,652,650,629,630,118,322,120,294,293,686,688
690,652,382,651,650,648,685,323,686,688
690,652,650,648,647,646,689,684,296,293,686,688
690,652,650,629,630,118,322,120,323,686,293,296,688
690,383,745,695,694,645,647,648,649,322,120,323,685,646,688
690,652,650,629,118,322,120,294,293,686,323,685,646,688
690,652,382,651,650,648,649,322,120,323,685,646,688
690,645,647,648,649,323,686,293,296,684,689,646,688
690,652,382,651,650,629,649,322,120,323,685,646,688
690,645,646,685,323,686,293,295,388,683,296,688
690,652,647,648,650,629,649,322,120,323,685,646,688
690,383,745,695,694,645,647,648,649,323,686,688
690,652,382,651,664,630,629,649,322,120,323,685,646,688
690,652,382,651,650,648,649,323,686,688
690,652,650,648,685,646,689,684,296,293,686,688
690,645,647,652,650,648,685,323,686,293,296,688
690,652,647,648,685,646,689,684,296,293,686,688
690,652,382,651,650,629,649,323,686,688
690,652,650,651,664,630,629,649,322,120,323,685,646,688
690,383,292,382,651,650,629,118,322,120,323,685,646,688
690,652,650,629,630,118,117,121,322,649,648,647,646,688
690,652,650,629,630,118,322,649,323,685,648,647,646,688
690,652,650,629,630,118,322,649,648,685,323,686,293,296,688
690,652,650,648,647,645,646,689,684,296,688
690,383,292,382,652,650,629,118,322,120,323,685,646,688
690,652,650,648,647,645,694,689,684,296,688
690,652,647,648,650,629,649,323,686,688
690,383,745,695,734,694,645,647,648,649,323,685,646,688
690,652,382,651,664,630,629,649,323,686,688
690,383,292,382,651,664,630,629,118,322,120,323,685,646,688
690,652,650,629,630,118,117,121,322,649,323,685,646,688
690,652,650,648,685,323,120,294,293,296,688
690,652,647,648,685,323,120,294,293,296,688
690,383,745,695,694,645,647,646,685,323,686,688
690,652,647,645,646,689,684,296,293,686,688
690,652,650,651,664,630,629,649,323,686,688
690,652,647,645,694,689,684,296,293,686,688
690,652,647,646,685,648,649,323,686,688
690,383,292,382,651,650,629,118,322,649,648,647,645,646,688
690,652,650,629,630,118,322,649,648,647,645,646,685,323,686,688
690,645,647,648,650,629,649,323,686,293,296,688
690,383,292,382,652,650,629,118,322,649,648,647,645,646,688
690,645,647,652,650,648,649,323,686,293,296,688
690,652,650,629,630,118,117,121,322,649,648,685,646,688
690,652,650,648,647,646,685,323,120,294,293,686,688
690,383,292,382,651,664,630,629,118,322,649,648,647,645,646,688
690,383,292,693,745,695,694,645,647,646,688
690,645,647,652,650,629,649,323,686,293,296,688
690,645,647,646,685,648,649,323,686,293,296,688
690,652,650,629,649,648,647,646,689,684,296,688
690,652,650,648,649,323,120,294,293,296,688
690,652,650,648,649,323,685,646,689,684,296,688
690,652,647,648,649,323,120,294,293,296,688
690,652,647,648,649,323,685,646,689,684,296,688
690,652,650,629,649,323,120,294,293,296,688
690,652,650,629,649,323,685,646,689,684,296,688
690,652,382,651,650,629,630,118,322,649,648,647,646,688
690,652,650,629,649,648,685,323,120,294,293,686,688
690,652,650,629,649,322,120,323,685,648,647,645,646,688
690,652,382,651,650,629,630,118,322,649,323,685,646,688
690,652,650,629,649,648,685,646,689,684,296,688
690,652,647,646,685,323,120,294,293,296,688
690,652,647,648,650,629,630,118,322,649,323,685,646,688
690,645,647,652,382,651,650,648,685,646,688
690,652,647,645,646,685,323,120,294,293,686,688
690,652,382,651,650,629,630,118,322,649,648,685,646,688
690,645,647,648,650,629,118,322,649,323,686,688
690,652,382,651,664,630,118,629,649,322,120,323,685,646,688
690,645,647,652,650,629,118,322,649,323,686,688
690,652,650,629,630,118,322,120,294,293,296,688
690,383,745,695,694,645,646,685,323,686,293,296,688
690,652,650,651,664,630,118,629,649,322,120,323,685,646,688
690,383,745,695,694,689,684,296,293,686,323,685,646,688
690,652,382,651,664,630,118,629,649,323,686,688
690,383,745,695,694,689,646,685,323,686,293,296,688
690,652,650,648,647,645,646,689,684,296,293,686,688
690,652,650,629,630,118,322,120,323,685,648,647,646,688
690,652,650,648,647,645,694,689,684,296,293,686,688
690,645,647,648,685,323,686,293,295,388,683,296,688
690,652,382,651,650,648,647,646,685,323,686,688
690,652,650,651,664,630,118,629,649,323,686,688
690,652,650,629,630,118,117,121,322,120,323,685,646,688
690,383,745,695,694,734,378,735,696,689,646,688
690,652,647,645,694,689,646,685,323,686,688
690,652,382,651,650,629,649,648,685,323,686,688
690,652,650,629,630,118,322,120,323,649,648,647,646,688
690,652,650,629,630,118,117,121,322,649,648,647,645,646,688
690,652,650,629,630,118,322,649,323,685,648,647,645,646,688
690,652,650,629,630,118,117,121,119,120,323,685,646,688
690,652,650,629,649,648,647,646,689,684,296,293,686,688
690,645,647,648,649,323,686,293,295,388,683,296,688
690,652,650,648,649,322,120,294,293,686,323,685,646,688
690,652,647,648,649,322,120,294,293,686,323,685,646,688
690,652,382,651,664,630,629,649,648,685,323,686,688
690,652,650,648,649,323,685,646,689,684,296,293,686,688
690,652,650,629,649,322,120,294,293,686,323,685,646,688
690,652,647,648,649,323,685,646,689,684,296,293,686,688
690,652,650,629,630,118,322,121,119,120,323,685,646,688
690,652,650,629,649,323,685,646,689,684,296,293,686,688
690,652,650,629,630,118,322,649,648,647,646,685,323,686,293,296,688
690,383,292,693,745,695,694,645,647,648,685,646,688
690,383,292,382,651,650,648,685,323,686,688
690,652,650,651,664,630,629,649,648,685,323,686,688
690,652,382,651,664,630,629,650,648,685,323,686,688
690,652,647,645,646,685,648,649,323,686,688
690,383,292,382,652,650,648,685,323,686,688
690,383,292,382,652,647,648,685,323,686,688
690,645,646,647,648,649,322,120,323,686,688
690,652,650,648,647,646,685,323,120,294,293,296,688
690,652,650,629,630,118,322,120,323,649,648,685,646,688
690,652,650,629,630,118,322,649,648,647,645,694,689,646,688
690,383,292,382,651,650,648,649,322,120,323,685,646,688
690,652,650,648,649,629,630,118,322,120,323,685,646,688
690,652,382,651,664,630,629,650,648,649,322,120,323,685,646,688
690,652,647,648,649,629,630,118,322,120,323,685,646,688
690,652,382,651,650,629,630,118,322,120,323,685,646,688
690,652,650,629,649,648,685,646,689,684,296,293,686,688
690,645,647,652,650,629,649,648,685,323,686,293,296,688
690,645,647,646,685,323,686,293,295,388,683,296,688
690,652,650,648,647,645,646,685,323,120,294,293,686,688
690,383,292,382,651,650,629,649,322,120,323,685,646,688
690,383,292,382,652,650,648,649,322,120,323,685,646,688
690,383,292,382,652,647,648,649,322,120,323,685,646,688
690,383,292,382,652,650,629,649,322,120,323,685,646,688
690,652,650,629,649,648,647,645,646,689,684,296,688
690,652,647,648,650,629,630,118,322,120,323,685,646,688
690,652,650,629,649,648,647,645,694,689,684,296,688
690,383,292,382,651,664,630,629,649,322,120,323,685,646,688
690,645,647,648,649,629,118,322,120,323,686,688
690,383,292,382,651,650,648,649,323,686,688
690,652,650,629,649,648,685,323,120,294,293,296,688
690,652,382,651,664,630,629,650,648,649,323,686,688
690,645,646,685,648,649,322,120,323,686,688
690,383,292,382,651,650,629,649,323,686,688
690,383,292,382,652,650,648,649,323,686,688
690,652,382,651,650,629,630,118,322,649,648,647,645,646,688
690,383,292,382,652,647,648,649,323,686,688
690,645,647,648,650,629,118,322,120,323,686,688
690,652,650,648,685,323,686,293,296,684,689,646,688
690,383,292,382,652,650,629,649,323,686,688
690,652,647,648,685,323,686,293,296,684,689,646,688
690,645,647,652,650,629,118,322,120,323,686,688
690,383,292,382,651,664,630,629,649,323,686,688
690,652,650,629,649,648,647,646,685,323,120,294,293,686,688
690,652,647,645,646,685,323,120,294,293,296,688
690,383,292,382,652,647,646,685,323,686,688
690,383,745,695,694,645,647,648,685,323,686,293,296,688
690,652,650,648,649,323,686,293,296,684,689,646,688
690,652,647,648,649,323,686,293,296,684,689,646,688
690,652,650,648,647,645,694,689,646,685,323,686,688
690,645,647,652,382,651,650,648,649,323,685,646,688
690,652,650,629,649,323,686,293,296,684,689,646,688
690,645,647,652,650,629,118,322,649,648,685,323,686,688
690,652,382,651,650,648,685,323,686,293,296,688
690,645,647,652,382,651,650,629,649,323,685,646,688
690,652,382,651,664,630,118,322,649,323,686,688
690,652,650,651,664,630,118,322,649,323,686,688
690,645,647,652,382,651,664,630,629,649,323,685,646,688
690,652,382,651,664,630,118,629,649,648,685,323,686,688
690,652,650,629,118,322,649,323,120,294,293,686,688
690,645,647,648,650,651,664,630,629,649,323,685,646,688
690,383,292,382,651,650,629,630,118,322,649,648,647,646,688
690,652,650,629,630,118,322,120,323,685,648,647,645,646,688
690,645,647,652,382,651,650,629,649,648,685,646,688
690,645,647,652,650,651,664,630,629,649,323,685,646,688
690,383,292,382,652,650,629,630,118,322,649,648,647,646,688
690,652,650,651,664,630,118,629,649,648,685,323,686,688
690,652,382,651,650,648,647,645,646,685,323,686,688
690,652,382,651,664,630,118,629,650,648,685,323,686,688
690,383,292,382,651,650,652,647,648,685,323,686,688
690,383,292,382,651,650,629,630,118,322,649,323,685,646,688
690,383,745,695,694,645,647,648,649,323,686,293,296,688
690,383,745,695,734,694,689,684,296,688
690,645,647,652,382,651,664,630,629,649,648,685,646,688
690,383,292,382,652,650,629,630,118,322,649,323,685,646,688
690,652,382,651,650,648,649,323,686,293,296,688
690,652,382,651,650,629,649,323,686,293,296,688
690,652,382,651,664,630,118,629,650,648,649,322,120,323,685,646,688
690,383,292,382,651,650,652,647,648,649,322,120,323,685,646,688
690,645,647,652,650,651,664,630,629,649,648,685,646,688
690,645,647,652,382,651,664,630,629,650,648,685,646,688
690,652,650,629,118,117,121,322,649,323,686,688
690,383,292,382,651,650,629,630,118,322,649,648,685,646,688
690,652,647,648,650,629,649,323,686,293,296,688
690,652,382,651,664,630,629,649,323,686,293,296,688
690,652,650,629,630,118,322,120,323,649,648,647,645,646,688
690,383,292,382,652,650,629,630,118,322,649,648,685,646,688
690,383,292,382,651,664,630,118,629,649,322,120,323,685,646,688
690,652,650,629,649,648,647,645,646,689,684,296,293,686,688
690,652,650,629,649,648,647,645,694,689,684,296,293,686,688
690,383,745,695,694,645,647,646,685,323,686,293,296,688
690,652,382,651,664,630,118,629,650,648,649,323,686,688
690,652,650,651,664,630,629,649,323,686,293,296,688
690,383,292,382,651,650,652,647,648,649,323,686,688
690,652,382,651,650,629,649,648,647,646,685,323,686,688
690,652,647,646,685,648,649,323,686,293,296,688
690,652,650,629,630,118,322,649,648,647,645,646,685,323,686,293,296,688
690,652,382,651,664,630,629,649,648,647,646,685,323,686,688
690,383,292,382,651,664,630,118,629,649,323,686,688
690,652,650,648,647,645,646,685,323,120,294,293,296,688
690,383,292,693,745,695,694,645,647,648,649,323,685,646,688
690,383,292,382,651,650,648,647,646,685,323,686,688
690,652,650,651,664,630,629,649,648,647,646,685,323,686,688
690,652,382,651,664,630,629,650,648,647,646,685,323,686,688
690,652,382,661,663,651,650,648,647,646,688
690,383,292,382,652,650,648,647,646,685,323,686,688
690,383,292,382,651,650,652,647,646,685,323,686,688
690,645,646,689,684,698,697,683,296,688
690,645,694,689,684,698,697,683,296,688
690,383,745,695,694,645,647,652,650,648,685,646,688
690,652,382,651,650,629,118,322,649,323,686,688
690,383,292,382,651,650,629,649,648,685,323,686,688
690,383,745,693,292,382,652,647,646,688
690,383,292,382,652,650,629,649,648,685,323,686,688
690,645,647,648,649,322,121,119,120,323,686,688
690,652,647,648,650,629,118,322,649,323,686,688
690,645,647,648,650,652,382,651,664,630,629,649,323,685,646,688
690,652,382,661,663,651,650,648,685,646,688
690,652,382,651,664,630,629,118,322,649,323,686,688
690,652,650,629,649,648,647,646,685,323,120,294,293,296,688
690,383,292,382,651,664,630,629,649,648,685,323,686,688
690,652,650,629,630,118,322,120,294,293,686,323,685,646,688
690,645,647,652,382,651,664,630,118,629,649,323,685,646,688
690,652,382,651,664,630,118,322,120,323,686,688
690,645,647,648,650,651,664,630,118,629,649,323,685,646,688
690,652,650,629,649,648,647,645,646,685,323,120,294,293,686,688
690,652,650,651,664,630,629,118,322,649,323,686,688
690,383,292,382,651,664,630,629,650,648,685,323,686,688
690,645,647,652,650,651,664,630,118,629,649,323,685,646,688
690,652,650,651,664,630,118,322,120,323,686,688
690,645,647,648,650,629,118,322,649,323,686,293,296,688
690,383,292,382,652,647,645,646,685,323,686,688
690,645,647,652,382,651,664,630,118,629,649,648,685,646,688
690,645,647,652,650,629,118,322,649,323,686,293,296,688
690,652,650,648,685,323,686,293,295,388,683,296,688
690,383,292,382,651,664,630,629,650,648,649,322,120,323,685,646,688
690,652,647,648,685,323,686,293,295,388,683,296,688
690,383,292,382,651,650,629,630,118,322,120,323,685,646,688
690,383,745,695,734,694,689,684,296,293,686,688
690,645,647,652,650,651,664,630,118,629,649,648,685,646,688
690,645,647,648,650,629,649,322,120,323,686,688
690,645,647,652,382,651,664,630,118,629,650,648,685,646,688
690,652,650,629,118,322,649,648,647,646,689,684,296,688
690,383,292,382,652,650,629,630,118,322,120,323,685,646,688
690,652,650,629,649,648,685,323,686,293,296,684,689,646,688
690,645,647,652,650,648,649,322,120,323,686,688
690,652,382,651,664,630,118,322,649,648,685,323,686,688
690,645,647,652,650,629,649,322,120,323,686,688
690,652,382,651,664,630,118,629,649,323,686,293,296,688
690,652,650,629,118,322,649,323,120,294,293,296,688
690,652,650,629,118,322,649,323,685,646,689,684,296,688
690,645,647,646,685,648,649,322,120,323,686,688
690,383,292,382,651,664,630,629,650,648,649,323,686,688
690,652,650,651,664,630,118,322,649,648,685,323,686,688
690,652,650,629,118,117,121,322,120,323,686,688
690,652,382,651,650,648,647,646,685,323,686,293,296,688
690,652,650,651,664,630,118,629,649,323,686,293,296,688
690,652,650,629,118,322,649,648,685,323,120,294,293,686,688
690,383,292,382,651,650,629,630,118,322,649,648,647,645,646,688
690,383,292,382,652,650,629,630,118,322,649,648,647,645,646,688
690,652,650,648,649,323,686,293,295,388,683,296,688
690,652,647,648,649,323,686,293,295,388,683,296,688
690,652,647,645,694,689,684,296,293,686,323,685,646,688
690,652,382,651,664,630,118,629,649,648,647,646,685,323,686,688
690,652,650,629,118,322,649,648,685,646,689,684,296,688
690,652,650,629,649,323,686,293,295,388,683,296,688
690,652,382,651,650,648,647,645,694,689,646,688
690,652,650,629,649,648,647,645,694,689,646,685,323,686,688
690,652,650,651,664,630,118,629,649,648,647,646,685,323,686,688
690,652,382,651,664,630,118,629,650,648,647,646,685,323,686,688
690,652,647,645,694,689,646,685,323,686,293,296,688
690,652,382,651,650,629,649,323,685,648,647,646,688
690,652,650,629,118,117,121,119,120,323,686,688
690,652,382,651,650,629,649,648,685,323,686,293,296,688
690,645,647,648,649,322,120,323,685,646,689,684,296,688
690,652,650,629,118,117,121,322,649,648,685,323,686,688
690,652,650,629,118,322,121,119,120,323,686,688
690,652,382,651,664,630,629,649,323,685,648,647,646,688
690,652,382,651,664,630,629,649,648,685,323,686,293,296,688
690,645,646,689,684,698,697,683,296,293,686,688
690,652,647,646,685,323,686,293,295,388,683,296,688
690,383,745,693,292,382,651,650,648,647,646,688
690,645,694,689,684,698,697,683,296,293,686,688
690,645,646,647,648,649,322,120,294,293,686,688
690,645,647,652,382,651,664,630,629,650,648,649,323,685,646,688
690,652,650,651,664,630,629,649,323,685,648,647,646,688
690,383,292,382,651,650,648,685,323,686,293,296,688
690,652,650,651,664,630,629,649,648,685,323,686,293,296,688
690,652,647,645,694,734,378,735,696,689,646,688
690,652,382,651,664,630,629,650,648,685,323,686,293,296,688
690,652,382,651,650,629,649,648,647,645,646,685,323,686,688
690,652,647,645,646,685,648,649,323,686,293,296,688
690,383,292,382,651,664,630,118,322,649,323,686,688
690,383,745,693,292,382,652,650,648,647,646,688
690,383,745,693,292,382,651,650,652,647,646,688
690,383,292,382,652,650,648,685,323,686,293,296,688
690,383,292,382,652,647,648,685,323,686,293,296,688
690,645,646,647,648,649,322,120,323,686,293,296,688
690,645,646,685,323,649,322,120,294,293,686,688
690,652,650,648,649,629,118,322,120,323,686,688
690,645,647,648,650,652,382,651,664,630,118,629,649,323,685,646,688
690,652,647,648,649,629,118,322,120,323,686,688
690,652,382,651,650,629,118,322,120,323,686,688
690,383,292,382,651,664,630,118,629,649,648,685,323,686,688
690,652,382,651,664,630,629,649,648,647,645,646,685,323,686,688
690,652,647,648,650,629,118,322,120,323,686,688
690,652,382,651,663,114,664,630,629,649,648,647,646,688
690,652,382,651,664,630,629,118,322,120,323,686,688
690,645,647,648,649,629,118,322,120,294,293,686,688
690,383,292,382,651,650,648,647,645,646,685,323,686,688
690,652,650,651,664,630,629,649,648,647,645,646,685,323,686,688
690,383,292,382,651,664,630,118,629,650,648,685,323,686,688
690,652,382,651,664,630,629,650,648,647,645,646,685,323,686,688
690,383,292,382,651,664,630,629,650,652,647,648,685,323,686,688
690,652,382,661,663,651,650,648,647,645,646,688
690,383,745,693,292,382,651,650,648,685,646,688
690,645,646,685,648,649,322,120,294,293,686,688
690,645,647,648,650,629,630,118,322,649,323,686,688
690,383,292,382,652,650,648,647,645,646,685,323,686,688
690,383,292,382,651,650,652,647,645,646,685,323,686,688
690,652,650,651,663,114,664,630,629,649,648,647,646,688
690,652,382,661,663,114,664,630,629,649,648,647,646,688
690,652,650,651,664,630,629,118,322,120,323,686,688
690,652,382,651,663,114,664,630,629,650,648,647,646,688
690,645,647,648,649,629,118,322,120,323,686,293,296,688
690,652,382,651,663,114,664,630,629,649,323,685,646,688
690,645,647,648,650,629,118,322,120,294,293,686,688
690,383,745,693,292,382,652,650,648,685,646,688
690,383,292,382,651,650,648,649,323,686,293,296,688
690,383,745,693,292,382,652,647,648,685,646,688
690,652,382,651,664,630,629,650,648,649,323,686,293,296,688
690,645,647,652,650,629,630,118,322,649,323,686,688
690,645,646,685,648,649,322,120,323,686,293,296,688
690,652,382,661,663,114,664,651,650,648,647,646,688
690,383,292,382,651,650,629,649,323,686,293,296,688
690,383,292,382,651,664,630,118,629,650,648,649,322,120,323,685,646,688
690,645,647,652,650,629,118,322,120,294,293,686,688
690,652,382,661,663,114,664,630,629,650,648,647,646,688
690,383,292,382,652,650,648,649,323,686,293,296,688
690,652,650,651,663,114,664,630,629,649,323,685,646,688
690,383,292,382,651,664,630,629,650,652,647,648,649,322,120,323,685,646,688
690,652,382,661,663,114,664,630,629,649,323,685,646,688
690,383,292,382,652,647,648,649,323,686,293,296,688
690,645,647,648,650,629,118,322,120,323,686,293,296,688
690,652,382,651,664,115,117,118,629,649,648,647,646,688
690,383,292,382,652,650,629,649,323,686,293,296,688
690,652,382,651,650,629,118,322,649,648,685,323,686,688
690,645,647,652,650,629,118,322,120,323,686,293,296,688
690,645,647,652,382,651,664,630,118,322,649,323,685,646,688
690,383,292,382,651,664,630,629,649,323,686,293,296,688
690,383,745,695,694,645,647,648,650,629,649,323,685,646,688
690,645,647,648,650,651,664,630,118,322,649,323,685,646,688
690,383,745,695,734,694,645,646,685,323,686,688
690,652,650,629,118,322,649,648,647,646,689,684,296,293,686,688
690,652,382,651,663,114,664,630,629,649,648,685,646,688
690,652,650,651,664,115,117,118,629,649,648,647,646,688
690,383,745,695,694,645,647,652,650,648,649,323,685,646,688
690,383,745,693,292,382,652,647,645,646,688
690,652,382,651,664,115,117,118,629,650,648,647,646,688
690,652,382,651,664,115,117,118,629,649,323,685,646,688
690,383,745,695,694,645,647,652,650,629,649,323,685,646,688
690,652,382,651,664,630,629,118,322,649,648,685,323,686,688
690,645,647,652,650,651,664,630,118,322,649,323,685,646,688
690,652,650,629,649,648,647,645,646,685,323,120,294,293,296,688
690,383,292,382,651,664,630,118,629,650,648,649,323,686,688
690,383,292,382,651,664,630,629,650,652,647,648,649,323,686,688
690,652,650,651,663,114,664,630,629,649,648,685,646,688
690,383,292,382,651,650,629,649,648,647,646,685,323,686,688
690,652,382,661,663,114,664,630,629,649,648,685,646,688
690,652,382,651,663,114,664,630,629,650,648,685,646,688
690,652,650,629,118,322,649,323,685,646,689,684,296,293,686,688
690,652,650,651,664,115,117,118,629,649,323,685,646,688
690,652,382,661,663,651,650,629,649,648,647,646,688
690,383,745,695,734,694,689,646,685,323,686,688
690,652,650,651,664,630,629,118,322,649,648,685,323,686,688
690,652,650,629,118,322,120,323,685,646,689,684,296,688
690,383,292,382,652,650,629,649,648,647,646,685,323,686,688
690,652,382,661,663,114,664,651,650,648,685,646,688
690,652,650,648,647,645,694,689,684,296,293,686,323,685,646,688
690,645,647,652,382,651,664,630,118,322,649,648,685,646,688
690,383,292,382,652,647,646,685,323,686,293,296,688
690,383,292,693,745,695,734,694,645,646,688
690,652,382,661,663,114,664,630,629,650,648,685,646,688
690,652,382,661,663,651,650,648,649,323,685,646,688
690,383,292,382,651,664,630,629,649,648,647,646,685,323,686,688
690,652,382,651,664,115,117,118,629,649,648,685,646,688
690,652,382,661,663,651,650,629,649,323,685,646,688
690,652,382,661,663,651,664,630,629,649,648,647,646,688
690,383,745,695,694,645,647,652,650,629,649,648,685,646,688
690,652,647,648,650,651,664,630,629,649,323,685,646,688
690,645,647,652,650,651,664,630,118,322,649,648,685,646,688
690,652,650,648,647,645,694,689,646,685,323,686,293,296,688
690,383,292,382,651,664,630,629,650,648,647,646,685,323,686,688
690,652,650,629,118,322,649,648,685,646,689,684,296,293,686,688
690,645,647,652,650,629,118,322,649,648,685,323,686,293,296,688
690,383,292,693,745,695,734,694,689,646,688
690,652,650,651,664,115,117,118,629,649,648,685,646,688
690,383,292,382,661,663,651,650,648,647,646,688
690,652,382,651,664,115,117,118,629,650,648,685,646,688
690,652,382,661,663,651,664,630,629,650,648,647,646,688
690,645,694,695,734,378,735,696,689,646,688
690,645,647,648,650,629,118,117,121,322,649,323,685,646,688
690,652,382,651,664,630,118,322,649,323,686,293,296,688
690,383,292,382,652,647,645,694,689,646,688
690,652,382,661,663,651,664,630,629,649,323,685,646,688
690,645,647,646,689,684,698,697,683,296,688
690,383,292,382,651,664,630,629,650,652,647,646,685,323,686,688
690,652,650,629,118,322,649,648,647,645,646,689,684,296,688
690,383,292,382,661,663,651,650,652,647,646,688
690,652,650,629,118,322,649,648,647,645,694,689,684,296,688
690,645,647,652,650,629,118,117,121,322,649,323,685,646,688
690,645,647,648,649,322,120,323,685,646,689,684,296,293,686,688
690,652,382,661,663,651,650,629,649,648,685,646,688
690,652,650,651,664,630,118,322,649,323,686,293,296,688
690,652,650,648,647,646,685,323,686,293,295,388,683,296,688
690,652,382,651,664,630,118,629,649,323,685,648,647,646,688
690,652,382,651,664,630,118,629,649,648,685,323,686,293,296,688
690,652,650,629,118,322,649,648,685,323,120,294,293,296,688
690,652,650,648,647,645,694,734,378,735,696,689,646,688
690,652,650,629,649,323,685,648,647,645,694,689,646,688
690,383,292,382,651,650,629,118,322,649,323,686,688
690,645,647,652,382,651,664,630,118,629,650,648,649,323,685,646,688
690,652,650,651,664,630,118,629,649,323,685,648,647,646,688
690,652,650,651,664,630,118,629,649,648,685,323,686,293,296,688
690,652,382,651,650,648,647,645,646,685,323,686,293,296,688
690,652,382,661,663,651,664,630,629,649,648,685,646,688
690,652,382,651,664,630,118,629,650,648,685,323,686,293,296,688
690,383,292,382,651,650,652,647,648,685,323,686,293,296,688
690,652,382,651,664,630,118,322,649,648,647,646,685,323,686,688
690,383,292,382,652,650,629,118,322,649,323,686,688
690,645,647,652,650,629,118,117,121,322,649,648,685,646,688
690,383,292,382,661,663,651,650,648,685,646,688
690,383,292,382,651,664,630,629,118,322,649,323,686,688
690,652,382,661,663,651,664,630,629,650,648,685,646,688
690,652,650,651,664,630,118,322,649,648,647,646,685,323,686,688
690,383,292,382,651,664,630,118,322,120,323,686,688
690,652,382,651,664,630,118,629,649,648,647,645,646,685,323,686,688
690,652,650,629,118,322,649,648,647,646,685,323,120,294,293,686,688
690,645,646,647,648,685,323,120,294,293,686,688
690,652,650,629,649,648,685,323,686,293,295,388,683,296,688
690,383,292,289,661,382,652,647,646,688
690,652,382,651,663,114,664,630,118,629,649,648,647,646,688
690,652,650,651,664,630,118,629,649,648,647,645,646,685,323,686,688
690,652,650,629,118,117,121,322,649,323,686,293,296,688
690,652,382,651,664,630,118,629,650,648,647,645,646,685,323,686,688
690,652,382,651,650,629,649,323,685,648,647,645,646,688
690,652,382,292,693,745,695,694,645,646,688
690,652,650,651,382,661,663,114,664,630,629,649,648,647,646,688
690,383,292,382,651,664,630,118,629,650,652,647,648,685,323,686,688
690,652,382,292,383,745,695,694,645,646,688
690,383,745,693,292,382,651,650,652,647,648,685,646,688
690,645,647,648,649,629,630,118,322,120,323,686,688
690,652,650,651,663,114,664,630,118,629,649,648,647,646,688
690,652,382,661,663,114,664,630,118,629,649,648,647,646,688
690,652,382,651,663,114,664,630,118,629,650,648,647,646,688
690,652,382,651,663,114,664,630,118,629,649,323,685,646,688
690,645,694,734,378,735,696,689,684,296,688
690,652,382,651,664,630,118,629,650,648,649,323,686,293,296,688
690,652,382,651,664,630,629,649,323,685,648,647,645,646,688
690,645,646,647,648,649,322,120,294,293,296,688
690,652,650,651,382,661,663,114,664,630,629,649,323,685,646,688
690,383,292,382,651,650,652,647,648,649,323,686,293,296,688
690,652,382,292,693,745,695,694,689,646,688
690,652,382,651,650,629,649,648,647,646,685,323,686,293,296,688
690,645,647,648,650,629,630,118,322,120,323,686,688
690,652,382,661,663,114,664,630,118,629,650,648,647,646,688
690,652,650,651,663,114,664,630,118,629,649,323,685,646,688
690,383,292,382,651,664,630,118,629,650,652,647,648,649,322,120,323,685,646,688
690,652,382,292,383,745,695,694,689,646,688
690,652,382,661,663,114,664,630,118,629,649,323,685,646,688
690,652,647,645,646,685,323,686,293,295,388,683,296,688
690,383,292,693,745,695,694,689,684,296,688
690,652,650,629,118,322,649,323,686,293,296,684,689,646,688
690,383,745,693,292,382,651,650,648,647,645,646,688
690,383,745,695,734,378,735,696,689,684,296,688
690,645,647,648,650,652,382,651,664,630,118,322,649,323,685,646,688
690,645,647,652,382,651,650,629,118,322,649,323,685,646,688
690,645,646,689,684,698,697,683,388,295,293,686,688
690,652,650,651,664,630,629,649,323,685,648,647,645,646,688
690,645,647,648,685,323,649,322,120,294,293,686,688
690,645,694,689,684,698,697,683,388,295,293,686,688
690,645,647,652,650,629,630,118,322,120,323,686,688
690,652,650,629,118,117,121,322,649,648,647,646,685,323,686,688
690,645,646,685,323,649,322,120,294,293,296,688
690,383,292,382,651,664,630,118,322,649,648,685,323,686,688
690,383,745,693,292,382,652,650,648,647,645,646,688
690,383,745,693,292,382,651,650,652,647,645,646,688
690,645,646,647,648,649,323,120,294,293,686,688
690,652,382,651,664,630,629,649,648,647,646,685,323,686,293,296,688
690,383,292,382,651,664,630,118,629,649,323,686,293,296,688
690,645,646,685,323,120,294,324,295,293,686,688
690,652,382,651,663,114,664,630,118,629,649,648,685,646,688
690,652,382,651,650,629,649,648,647,645,694,689,646,688
690,645,647,652,382,651,664,630,629,118,322,649,323,685,646,688
690,645,694,689,646,685,323,120,294,293,686,688
690,652,650,651,382,661,663,114,664,630,629,649,648,685,646,688
690,645,647,648,650,651,664,630,629,118,322,649,323,685,646,688
690,383,292,382,651,650,648,647,646,685,323,686,293,296,688
690,652,650,651,664,630,629,649,648,647,646,685,323,686,293,296,688
690,645,647,652,382,651,664,630,118,322,120,323,685,646,688
690,652,382,651,664,630,629,650,648,647,646,685,323,686,293,296,688
690,383,292,382,651,664,630,118,629,650,652,647,648,649,323,686,688
690,652,650,651,663,114,664,630,118,629,649,648,685,646,688
690,652,382,661,663,114,664,630,118,629,649,648,685,646,688
690,645,647,648,650,651,664,630,118,322,120,323,685,646,688
690,645,647,648,649,629,118,322,120,294,293,296,688
690,645,646,685,323,120,119,122,294,293,686,688
690,652,382,651,663,114,664,630,118,629,650,648,685,646,688
690,645,647,652,382,651,650,629,118,322,649,648,685,646,688
690,645,647,652,650,651,664,630,629,118,322,649,323,685,646,688
690,383,292,382,652,650,648,647,646,685,323,686,293,296,688
690,383,292,382,651,650,652,647,646,685,323,686,293,296,688
690,652,382,651,664,630,629,649,648,647,645,694,689,646,688
690,652,382,651,663,114,664,630,629,649,648,647,645,646,688
690,645,646,685,648,649,322,120,294,293,296,688
690,652,650,648,649,322,121,119,120,323,686,688
690,645,647,652,650,651,664,630,118,322,120,323,685,646,688
690,652,647,648,649,322,121,119,120,323,686,688
690,645,647,648,649,322,120,294,324,295,293,686,688
690,652,382,661,663,114,664,630,118,629,650,648,685,646,688
690,645,647,648,650,629,118,322,120,294,293,296,688
690,652,650,629,649,322,121,119,120,323,686,688
690,383,292,382,651,664,630,118,629,649,648,647,646,685,323,686,688
690,645,647,648,649,322,120,323,686,293,296,684,689,646,688
690,652,650,629,118,322,120,323,685,646,689,684,296,293,686,688
690,383,292,382,651,650,648,647,645,694,689,646,688
690,652,650,651,664,630,629,649,648,647,645,694,689,646,688
690,652,650,651,663,114,664,630,629,649,648,647,645,646,688
690,652,382,661,663,651,664,630,118,629,649,648,647,646,688
690,645,647,652,382,651,664,630,629,118,322,649,648,685,646,688
690,652,382,661,663,114,664,630,629,649,648,647,645,646,688
690,652,382,651,664,630,629,650,648,647,645,694,689,646,688
690,652,382,651,663,114,664,630,629,650,648,647,645,646,688
690,652,647,648,650,651,664,630,118,629,649,323,685,646,688
690,645,694,689,646,647,648,685,323,686,688
690,645,647,652,650,629,118,322,120,294,293,296,688
690,652,382,651,664,115,117,118,322,649,648,647,646,688
690,645,647,648,649,322,121,119,122,294,293,686,688
690,383,745,693,292,382,651,650,629,649,648,647,646,688
690,645,646,685,648,649,323,120,294,293,686,688
690,645,647,652,650,629,630,118,322,649,648,685,323,686,688
690,645,647,648,649,322,121,119,120,294,293,686,688
690,383,292,382,652,650,648,647,645,694,689,646,688
690,652,382,651,650,629,118,322,649,323,686,293,296,688
690,645,647,648,649,322,120,119,122,294,293,686,688
690,383,292,382,651,650,652,647,645,694,689,646,688
690,383,292,382,651,664,630,118,629,650,648,647,646,685,323,686,688
690,652,382,651,664,115,117,121,322,649,648,647,646,688
690,383,292,382,651,650,629,649,323,685,648,647,646,688
690,652,382,661,663,114,664,651,650,648,647,645,646,688
690,383,292,382,651,650,629,649,648,685,323,686,293,296,688
690,383,745,695,694,689,684,698,697,683,296,688
690,383,745,695,694,645,647,648,649,322,120,323,686,688
690,645,647,652,650,651,664,630,629,118,322,649,648,685,646,688
690,652,382,661,663,651,664,630,118,629,650,648,647,646,688
690,652,382,661,663,114,664,630,629,650,648,647,645,646,688
690,383,745,693,292,382,652,650,629,649,648,647,646,688
690,652,650,651,664,115,117,118,322,649,648,647,646,688
690,645,647,648,649,629,118,117,121,322,120,323,685,646,688
690,652,382,661,663,651,664,630,118,629,649,323,685,646,688
690,383,745,693,292,382,651,650,648,649,323,685,646,688
690,652,382,651,664,630,118,322,120,294,293,686,688
690,652,382,651,664,115,117,118,322,649,323,685,646,688
690,383,292,382,652,650,629,649,323,685,648,647,646,688
690,383,292,382,651,664,630,118,629,650,652,647,646,685,323,686,688
690,383,745,695,734,694,645,647,648,685,323,686,688
690,652,650,629,630,664,115,117,118,322,649,648,647,646,688
690,383,292,382,652,650,629,649,648,685,323,686,293,296,688
690,652,382,651,664,115,117,118,629,649,648,647,645,646,688
690,652,382,651,650,648,649,322,120,323,686,688
690,645,647,648,649,322,121,119,120,323,686,293,296,688
690,383,745,693,292,382,651,650,629,649,323,685,646,688
690,652,650,651,664,115,117,121,322,649,648,647,646,688
690,652,647,648,650,629,118,322,649,323,686,293,296,688
690,383,745,693,292,382,651,664,630,629,649,648,647,646,688
690,383,745,693,292,382,652,650,648,649,323,685,646,688
690,652,382,651,664,115,117,121,322,649,323,685,646,688
690,652,382,651,664,630,629,118,322,649,323,686,293,296,688
690,652,650,629,630,664,115,117,121,322,649,648,647,646,688
690,652,382,651,650,629,649,322,120,323,686,688
690,383,745,693,292,382,652,647,648,649,323,685,646,688
690,383,292,382,651,664,630,629,649,323,685,648,647,646,688
690,383,292,382,651,664,630,629,649,648,685,323,686,293,296,688
690,645,647,646,689,684,698,697,683,296,293,686,688
690,652,650,629,630,118,322,649,323,120,294,293,686,688
690,652,650,651,664,630,118,322,120,294,293,686,688
690,645,647,648,650,629,118,117,121,322,120,323,685,646,688
690,652,382,651,664,630,118,322,120,323,686,293,296,688
690,383,745,693,292,382,652,650,629,649,323,685,646,688
690,652,650,651,664,115,117,118,322,649,323,685,646,688
690,652,650,629,118,322,649,648,647,645,646,689,684,296,293,686,688
690,652,650,651,664,115,117,118,629,649,648,647,645,646,688
690,652,650,629,118,322,649,648,647,645,694,689,684,296,293,686,688
690,652,382,651,664,115,117,118,629,650,648,647,645,646,688
690,652,650,629,630,664,115,117,118,322,649,323,685,646,688
690,383,745,693,292,382,651,664,630,629,650,648,647,646,688
690,652,650,651,664,115,117,121,322,649,323,685,646,688
690,652,650,651,664,630,629,118,322,649,323,686,293,296,688
690,383,745,693,292,382,651,664,630,629,649,323,685,646,688
690,645,647,652,650,629,118,117,121,322,120,323,685,646,688
690,652,647,648,650,629,649,322,120,323,686,688
690,652,382,651,650,629,118,322,649,648,647,646,685,323,686,688
690,383,745,695,734,694,645,647,648,649,322,120,323,685,646,688
690,652,650,629,630,664,115,117,121,322,649,323,685,646,688
690,383,292,382,651,664,630,629,650,648,685,323,686,293,296,688
690,652,650,651,664,630,118,322,120,323,686,293,296,688
690,652,382,651,664,630,629,649,322,120,323,686,688
690,383,292,382,651,650,629,649,648,647,645,646,685,323,686,688
690,652,382,661,663,651,664,630,118,629,649,648,685,646,688
690,383,745,693,292,382,651,664,630,629,650,652,647,646,688
690,652,382,651,664,115,117,118,322,649,648,685,646,688
690,645,647,646,685,323,649,322,120,294,293,686,688
690,652,382,661,663,651,650,629,649,648,647,645,646,688
690,383,292,289,661,382,651,650,648,647,646,688
690,383,745,693,292,382,651,650,629,649,648,685,646,688
690,645,694,689,646,647,648,649,323,686,688
690,383,292,382,652,650,629,649,648,647,645,646,685,323,686,688
690,645,647,648,649,629,118,117,121,119,120,323,685,646,688
690,652,382,651,664,115,117,121,322,649,648,685,646,688
690,652,650,651,664,630,629,649,322,120,323,686,688
690,383,292,382,651,650,629,118,322,120,323,686,688
690,645,647,648,685,646,689,684,698,697,683,296,688
690,383,292,382,652,647,645,646,685,323,686,293,296,688
690,652,382,651,664,630,629,118,322,649,648,647,646,685,323,686,688
690,645,647,648,650,629,649,322,120,294,293,686,688
690,652,382,661,663,651,664,630,118,629,650,648,685,646,688
690,652,647,646,685,648,649,322,120,323,686,688
690,383,292,289,661,382,652,650,648,647,646,688
690,383,745,693,292,382,652,650,629,649,648,685,646,688
690,383,292,289,661,382,651,650,652,647,646,688
690,652,650,651,664,115,117,118,322,649,648,685,646,688
690,383,292,382,661,663,651,650,652,647,648,685,646,688
690,383,292,382,651,664,630,629,649,648,647,645,646,685,323,686,688
690,645,647,652,650,648,649,322,120,294,293,686,688
690,645,646,647,652,650,648,685,323,686,688
690,652,650,629,630,664,115,117,118,322,649,648,685,646,688
690,383,292,382,652,650,629,118,322,120,323,686,688
690,652,382,661,663,114,664,651,650,629,649,648,647,646,688
690,652,382,651,663,114,664,630,629,650,648,649,323,685,646,688
690,652,382,661,663,651,664,630,629,649,648,647,645,646,688
690,652,650,651,664,115,117,121,322,649,648,685,646,688
690,645,647,652,650,629,649,322,120,294,293,686,688
690,645,647,648,649,629,118,322,121,119,120,323,685,646,688
690,645,647,648,650,629,118,117,121,119,120,323,685,646,688
690,383,745,693,292,382,651,664,630,629,649,648,685,646,688
690,383,745,695,734,694,645,647,648,649,323,686,688
690,652,650,651,664,630,629,118,322,649,648,647,646,685,323,686,688
690,652,650,629,630,664,115,117,121,322,649,648,685,646,688
690,645,647,648,650,629,649,322,120,323,686,293,296,688
690,383,292,382,651,663,114,664,630,629,649,648,647,646,688
690,652,650,651,382,292,693,745,695,694,645,646,688
690,383,292,382,651,664,630,629,118,322,120,323,686,688
690,645,647,652,650,648,649,322,120,323,686,293,296,688
690,652,650,629,630,118,117,121,322,649,323,686,688
690,652,382,661,663,114,664,651,650,648,649,323,685,646,688
690,383,292,382,651,664,630,629,650,648,647,645,646,685,323,686,688
690,645,647,646,685,648,649,322,120,294,293,686,688
690,645,647,652,650,629,118,117,121,119,120,323,685,646,688
690,652,650,651,382,292,383,745,695,694,645,646,688
690,383,292,382,661,663,651,650,648,647,645,646,688
690,652,382,651,664,630,118,117,121,322,649,648,647,646,688
690,652,382,661,663,114,664,630,629,650,648,649,323,685,646,688
690,652,382,651,664,630,118,322,649,323,685,648,647,646,688
690,652,650,629,118,117,121,322,120,294,293,686,688
690,652,382,651,664,630,118,322,649,648,685,323,686,293,296,688
690,652,382,661,663,651,664,630,629,650,648,647,645,646,688
690,645,647,652,650,629,649,322,120,323,686,293,296,688
690,652,382,661,663,114,664,651,650,629,649,323,685,646,688
690,652,650,651,382,661,663,114,664,630,118,629,649,648,647,646,688
690,645,647,648,650,629,118,322,121,119,120,323,685,646,688
690,383,745,693,292,382,651,664,630,629,650,648,685,646,688
690,383,292,382,661,663,114,664,630,629,649,648,647,646,688
690,383,292,382,651,664,630,629,650,652,647,645,646,685,323,686,688
690,383,292,382,651,663,114,664,630,629,650,648,647,646,688
690,383,292,382,651,663,114,664,630,629,649,323,685,646,688
690,383,292,382,661,663,651,650,652,647,645,646,688
690,383,292,289,661,663,651,382,652,647,646,688
690,645,647,646,685,648,649,322,120,323,686,293,296,688
690,652,650,651,382,292,693,745,695,694,689,646,688
690,645,647,652,650,629,118,322,121,119,120,323,685,646,688
690,383,292,289,661,663,651,650,648,647,646,688
690,652,650,651,664,630,118,117,121,322,649,648,647,646,688
690,652,650,651,664,630,118,322,649,323,685,648,647,646,688
690,383,292,382,651,664,630,629,650,648,649,323,686,293,296,688
690,652,650,651,664,630,118,322,649,648,685,323,686,293,296,688
690,652,650,629,118,117,121,322,120,323,686,293,296,688
690,652,382,651,664,630,118,117,121,322,649,323,685,646,688
690,383,292,289,661,382,651,650,648,685,646,688
690,383,292,382,661,663,114,664,651,650,648,647,646,688
690,383,292,382,651,663,114,664,630,629,650,652,647,646,688
690,652,650,648,647,645,646,685,323,686,293,295,388,683,296,688
690,652,382,651,664,630,118,629,649,323,685,648,647,645,646,688
690,652,650,651,382,292,383,745,695,694,689,646,688
690,645,694,689,646,685,648,649,323,686,688
690,652,650,651,382,661,663,114,664,630,118,629,649,323,685,646,688
690,383,292,382,661,663,114,664,630,629,650,648,647,646,688
690,652,382,651,664,115,117,118,629,650,648,649,323,685,646,688
690,383,292,382,661,663,114,664,630,629,649,323,685,646,688
690,383,292,289,661,663,651,650,652,647,646,688
690,652,650,648,649,322,120,323,685,646,689,684,296,688
690,645,694,734,378,735,696,689,684,296,293,686,688
690,652,647,648,649,322,120,323,685,646,689,684,296,688
690,383,292,289,661,382,652,650,648,685,646,688
690,383,292,382,651,664,115,117,118,629,649,648,647,646,688
690,383,292,382,661,663,114,664,651,650,652,647,646,688
690,383,292,289,661,382,652,647,648,685,646,688
690,383,292,382,651,650,629,118,322,649,648,685,323,686,688
690,652,650,629,649,322,120,323,685,646,689,684,296,688
690,652,650,651,664,630,118,117,121,322,649,323,685,646,688
690,383,292,382,661,663,114,664,630,629,650,652,647,646,688
690,652,650,651,664,630,118,629,649,323,685,648,647,645,646,688
690,645,646,647,648,650,629,649,323,686,688
690,652,382,661,663,114,664,651,650,629,649,648,685,646,688
690,652,650,629,649,648,647,645,694,689,684,296,293,686,323,685,646,688
690,383,745,695,734,694,645,647,646,685,323,686,688
690,652,650,629,118,117,37,376,121,322,649,648,647,646,688
690,645,646,647,652,650,648,649,323,686,688
690,652,382,651,664,630,118,322,649,648,647,645,646,685,323,686,688
690,383,292,693,745,695,694,689,684,296,293,686,688
690,383,292,382,652,650,629,118,322,649,648,685,323,686,688
690,652,650,629,118,117,121,119,122,294,293,686,688
690,383,745,695,734,378,735,696,689,684,296,293,686,688
690,383,292,382,651,663,114,664,630,629,649,648,685,646,688
690,652,650,629,118,322,120,294,324,295,293,686,688
690,645,646,689,684,296,683,388,295,293,686,688
690,652,382,651,664,630,118,629,649,648,647,646,685,323,686,293,296,688
690,645,647,648,650,652,382,651,664,630,629,118,322,649,323,685,646,688
690,652,650,629,118,117,121,119,120,294,293,686,688
690,383,292,382,651,664,115,117,118,629,650,648,647,646,688
690,645,647,652,650,629,118,322,120,323,649,648,685,646,688
690,645,694,689,684,296,683,388,295,293,686,688
690,645,646,647,652,650,629,649,323,686,688
690,652,650,629,118,322,120,323,686,293,296,684,689,646,688
690,383,292,382,651,664,115,117,118,629,649,323,685,646,688
690,652,650,629,118,322,649,648,647,646,685,323,120,294,293,296,688
690,645,646,647,648,685,323,120,294,293,296,688
690,645,647,652,650,648,649,629,118,322,120,323,685,646,688
690,645,647,648,650,652,382,651,664,630,118,322,120,323,685,646,688
690,645,647,652,382,651,650,629,118,322,120,323,685,646,688
690,383,292,382,651,664,630,629,118,322,649,648,685,323,686,688
690,652,382,651,664,630,118,117,121,322,649,648,685,646,688
690,652,382,651,663,114,664,630,118,322,649,648,647,646,688
690,652,650,651,382,661,663,114,664,630,118,629,649,648,685,646,688
690,652,650,629,649,648,647,645,694,689,646,685,323,686,293,296,688
690,652,650,651,664,630,118,322,649,648,647,645,646,685,323,686,688
690,652,650,629,118,117,37,376,121,322,649,323,685,646,688
690,383,292,382,651,664,115,117,118,629,650,652,647,646,688
690,652,650,651,664,630,118,629,649,648,647,646,685,323,686,293,296,688
690,652,650,629,118,322,121,119,122,294,293,686,688
690,383,292,382,661,663,114,664,630,629,649,648,685,646,688
690,383,292,382,651,663,114,664,630,629,650,648,685,646,688
690,652,382,651,664,630,118,629,650,648,647,646,685,323,686,293,296,688
690,652,650,629,118,117,121,119,120,323,686,293,296,688
690,652,650,629,118,322,649,648,647,645,646,685,323,120,294,293,686,688
690,383,292,382,652,650,651,664,630,629,649,648,647,646,688
690,383,292,382,652,647,648,650,629,649,323,685,646,688
690,652,650,629,118,322,121,119,120,294,293,686,688
690,383,745,695,694,645,646,689,684,296,688
690,383,292,382,651,664,630,629,649,648,650,652,647,646,688
690,652,650,629,118,322,120,119,122,294,293,686,688
690,383,292,289,661,382,652,647,645,646,688
690,383,292,382,661,663,651,650,629,649,648,647,646,688
690,383,292,289,661,663,651,650,648,685,646,688
690,652,650,651,664,630,118,117,121,322,649,648,685,646,688
690,652,650,651,663,114,664,630,118,322,649,648,647,646,688
690,652,382,661,663,114,664,630,118,322,649,648,647,646,688
690,383,292,693,745,695,734,694,645,647,646,688
690,652,382,651,663,114,664,630,118,322,649,323,685,646,688
690,383,292,382,661,663,114,664,651,650,648,685,646,688
690,645,647,652,382,651,664,630,629,118,322,120,323,685,646,688
690,652,382,651,664,630,118,629,649,648,647,645,694,689,646,688
690,652,382,651,663,114,664,630,118,629,649,648,647,645,646,688
690,652,650,629,118,117,121,322,649,323,685,648,647,646,688
690,645,647,648,650,651,664,630,629,118,322,120,323,685,646,688
690,383,292,382,661,663,114,664,630,629,650,648,685,646,688
690,383,292,382,661,663,651,650,648,649,323,685,646,688
690,652,650,629,118,117,121,322,649,648,685,323,686,293,296,688
690,652,382,661,663,651,664,630,629,650,648,649,323,685,646,688
690,652,650,629,118,322,121,119,120,323,686,293,296,688
690,383,292,382,652,650,651,664,630,629,649,323,685,646,688
690,652,650,651,382,661,663,114,664,630,629,649,648,647,645,646,688
690,383,292,382,651,664,115,117,118,629,649,648,685,646,688
690,383,292,382,661,663,651,650,629,649,323,685,646,688
690,383,292,382,661,663,651,664,630,629,649,648,647,646,688
690,652,650,629,649,648,647,646,685,323,686,293,295,388,683,296,688
690,652,650,651,663,114,664,630,118,322,649,323,685,646,688
690,645,647,652,650,651,664,630,629,118,322,120,323,685,646,688
690,652,382,661,663,114,664,630,118,322,649,323,685,646,688
690,652,650,651,664,630,118,629,649,648,647,645,694,689,646,688
690,652,650,651,663,114,664,630,118,629,649,648,647,645,646,688
690,652,382,661,663,114,664,630,118,629,649,648,647,645,646,688
690,645,646,685,648,650,629,649,323,686,688
690,652,382,651,664,630,118,629,650,648,647,645,694,689,646,688
690,652,382,651,663,114,664,630,118,629,650,648,647,645,646,688
690,652,650,629,118,117,37,376,121,322,649,648,685,646,688
690,652,650,629,649,648,647,645,694,734,378,735,696,689,646,688
690,652,382,651,650,629,630,118,322,649,323,686,688
690,652,650,648,649,629,118,322,120,294,293,686,688
690,383,292,382,651,664,115,117,118,629,650,648,685,646,688
690,645,646,689,684,698,697,683,388,295,293,296,688
690,652,647,648,649,629,118,322,120,294,293,686,688
690,652,382,651,650,629,118,322,120,294,293,686,688
690,383,292,382,661,663,651,664,630,629,650,648,647,646,688
690,652,382,651,650,629,649,648,647,645,646,685,323,686,293,296,688
690,645,694,689,684,296,293,294,120,323,685,646,688
690,383,292,382,651,664,630,118,322,649,323,686,293,296,688
690,645,647,648,685,323,649,322,120,294,293,296,688
690,645,694,689,684,698,697,683,388,295,293,296,688
690,383,292,382,661,663,651,664,630,629,649,323,685,646,688
690,652,382,661,663,114,664,630,118,629,650,648,647,645,646,688
690,652,382,651,663,114,664,630,118,322,649,648,685,646,688
690,652,650,629,118,322,649,648,685,323,686,293,296,684,689,646,688
690,645,647,648,685,323,120,294,324,295,293,686,688
690,652,650,629,118,117,121,119,120,322,649,648,647,646,688
690,645,646,647,648,649,323,120,294,293,296,688
690,645,646,685,323,120,294,324,295,293,296,688
690,652,647,648,650,629,630,118,322,649,323,686,688
690,383,745,693,292,382,651,650,652,647,648,649,323,685,646,688
690,383,292,382,661,663,651,664,630,629,650,652,647,646,688
690,383,745,695,694,689,684,698,697,683,296,293,686,688
690,652,650,648,649,629,118,322,120,323,686,293,296,688
690,383,292,382,652,650,651,664,630,629,649,648,685,646,688
690,652,650,629,118,117,121,322,649,648,647,645,646,685,323,686,688
690,652,647,648,649,629,118,322,120,323,686,293,296,688
690,652,382,651,650,629,118,322,120,323,686,293,296,688
690,383,745,693,292,382,651,664,630,118,629,649,648,647,646,688
690,383,292,382,661,663,651,650,629,649,648,685,646,688
690,652,647,648,650,629,118,322,120,294,293,686,688
690,652,650,629,118,630,664,115,117,121,322,649,648,647,646,688
690,383,292,382,651,664,630,118,629,649,323,685,648,647,646,688
690,645,694,689,646,685,323,120,294,293,296,688
690,652,650,651,663,114,664,630,118,322,649,648,685,646,688
690,652,382,651,664,630,629,118,322,120,294,293,686,688
690,652,382,651,664,630,118,322,649,629,650,648,647,646,688
690,652,382,661,663,114,664,630,118,322,649,648,685,646,688
690,383,292,382,651,664,630,118,629,649,648,685,323,686,293,296,688
690,652,382,651,664,630,629,649,648,647,645,646,685,323,686,293,296,688
690,652,650,629,118,117,121,119,120,322,649,323,685,646,688
690,645,647,648,685,323,120,119,122,294,293,686,688
690,652,382,651,664,115,117,118,322,120,323,685,646,688
690,645,646,685,323,120,119,122,294,293,296,688
690,652,647,648,650,629,118,322,120,323,686,293,296,688
690,645,646,685,323,686,293,295,388,683,697,698,684,296,688
690,383,745,693,292,382,651,664,630,118,629,650,648,647,646,688
690,645,647,648,649,322,120,294,293,296,684,689,646,688
690,383,745,693,292,382,651,664,630,118,629,649,323,685,646,688
690,652,650,651,664,630,629,118,322,120,294,293,686,688
690,652,382,651,664,115,117,121,322,120,323,685,646,688
690,652,382,651,664,630,629,118,322,120,323,686,293,296,688
690,383,292,382,651,650,648,647,645,646,685,323,686,293,296,688
690,652,650,651,664,630,629,649,648,647,645,646,685,323,686,293,296,688
690,383,292,382,661,663,651,664,630,629,649,648,685,646,688
690,652,650,629,118,630,664,115,117,121,322,649,323,685,646,688
690,383,292,382,651,664,630,118,629,650,648,685,323,686,293,296,688
690,652,382,651,664,630,629,650,648,647,645,646,685,323,686,293,296,688
690,652,382,651,664,630,118,629,649,322,120,323,686,688
690,383,292,382,651,664,630,118,322,649,648,647,646,685,323,686,688
690,383,292,382,651,664,630,629,650,652,647,648,685,323,686,293,296,688
690,652,650,651,664,115,117,118,322,120,323,685,646,688
690,383,745,693,292,382,651,664,630,118,629,650,652,647,646,688
690,645,647,648,649,322,120,294,324,295,293,296,688
690,652,382,661,663,651,664,630,118,322,649,648,647,646,688
690,645,647,648,650,629,630,118,322,649,323,686,293,296,688
690,652,650,629,630,664,115,117,118,322,120,323,685,646,688
690,383,292,382,652,650,648,647,645,646,685,323,686,293,296,688
690,383,292,382,651,650,652,647,645,646,685,323,686,293,296,688
690,652,647,648,650,651,664,630,118,322,649,323,685,646,688
690,652,650,651,664,115,117,121,322,120,323,685,646,688
690,652,650,651,664,630,629,118,322,120,323,686,293,296,688
690,383,292,382,661,663,651,664,630,629,650,648,685,646,688
690,652,650,651,664,630,118,629,649,322,120,323,686,688
690,652,650,629,630,664,115,117,121,322,120,323,685,646,688
690,645,647,652,650,629,630,118,322,649,323,686,293,296,688
690,652,650,629,118,322,649,323,686,293,295,388,683,296,688
690,645,647,648,649,322,121,119,122,294,293,296,688
690,652,650,629,118,117,121,119,120,322,649,648,685,646,688
690,383,292,382,651,664,630,118,629,649,648,647,645,646,685,323,686,688
690,645,646,685,648,649,323,120,294,293,296,688
690,645,647,648,649,322,121,119,120,294,293,296,688
690,645,647,648,649,322,120,119,122,294,293,296,688
690,652,382,661,663,651,664,630,118,322,649,323,685,646,688
690,652,382,651,663,114,664,630,118,629,650,648,649,323,685,646,688
690,652,382,661,663,651,664,630,118,629,649,648,647,645,646,688
690,645,647,648,649,323,120,294,324,295,293,686,688
690,645,647,648,685,646,689,684,698,697,683,296,293,686,688
690,645,647,648,649,322,121,376,41,119,120,323,685,646,688
690,652,650,629,118,322,649,648,647,645,694,689,646,685,323,686,688
690,383,745,693,292,382,651,664,630,118,629,649,648,685,646,688
690,652,382,651,664,115,117,118,322,649,648,647,645,646,688
690,652,650,629,630,118,322,649,648,647,646,689,684,296,688
690,652,650,629,118,630,664,115,117,121,322,649,648,685,646,688
690,652,382,292,693,745,695,694,645,647,646,688
690,383,292,382,651,663,114,664,630,118,629,649,648,647,646,688
690,652,382,651,650,629,118,117,121,322,649,648,647,646,688
690,652,382,651,664,630,118,322,649,629,650,648,685,646,688
690,383,745,693,292,382,651,650,629,649,648,647,645,646,688
690,652,382,651,650,629,118,322,649,323,685,648,647,646,688
690,652,382,651,664,630,118,322,120,294,293,296,688
690,652,382,651,650,629,118,322,649,648,685,323,686,293,296,688
690,383,292,382,651,664,630,118,629,650,648,647,645,646,685,323,686,688
690,652,382,651,664,115,117,121,322,649,648,647,645,646,688
690,383,292,382,651,650,629,649,323,685,648,647,645,646,688
690,652,382,292,383,745,695,694,645,647,646,688
690,652,382,651,664,115,117,121,119,120,323,685,646,688
690,652,382,661,663,114,664,630,118,629,650,648,649,323,685,646,688
690,652,382,661,663,651,664,630,118,629,650,648,647,645,646,688
690,383,292,289,661,663,651,382,652,650,648,647,646,688
690,383,745,693,292,382,652,650,629,649,648,647,645,646,688
690,652,650,651,664,115,117,118,322,649,648,647,645,646,688
690,383,745,693,292,382,651,664,630,118,629,650,648,685,646,688
690,645,647,648,649,323,120,119,122,294,293,686,688
690,383,745,695,734,694,645,646,685,323,686,293,296,688
690,383,292,382,661,663,114,664,630,118,629,649,648,647,646,688
690,383,292,382,652,650,629,649,323,685,648,647,645,646,688
690,383,292,382,651,664,630,118,629,650,652,647,645,646,685,323,686,688
690,652,650,629,630,118,322,649,323,120,294,293,296,688
690,383,745,693,292,382,651,664,630,629,650,652,647,648,685,646,688
690,652,650,651,664,630,118,322,120,294,293,296,688
690,652,650,629,630,664,115,117,118,322,649,648,647,645,646,688
690,383,292,382,651,663,114,664,630,118,629,650,648,647,646,688
690,652,650,629,630,118,322,649,323,685,646,689,684,296,688
690,383,745,695,734,694,689,684,296,293,686,323,685,646,688
690,645,647,652,650,648,685,323,120,294,293,686,688
690,645,694,734,378,28,374,735,696,689,646,688
690,383,292,382,651,663,114,664,630,118,629,649,323,685,646,688
690,652,382,651,650,629,118,117,121,322,649,323,685,646,688
690,652,650,651,664,115,117,121,322,649,648,647,645,646,688
690,652,382,651,664,630,629,118,117,121,322,649,648,647,646,688
690,383,745,693,292,382,651,664,630,629,649,648,647,645,646,688
690,652,382,651,664,630,629,118,322,649,323,685,648,647,646,688
690,652,650,629,630,118,117,121,322,120,323,686,688
690,652,382,651,664,630,629,118,322,649,648,685,323,686,293,296,688
690,652,650,651,664,115,117,121,119,120,323,685,646,688
690,383,292,382,651,664,630,118,629,650,648,649,323,686,293,296,688
690,652,650,629,630,664,115,117,121,322,649,648,647,645,646,688
690,383,292,382,651,664,630,629,649,323,685,648,647,645,646,688
690,652,382,661,663,651,664,630,118,322,649,648,685,646,688
690,652,650,629,630,118,322,649,648,685,323,120,294,293,686,688
690,652,382,651,664,630,118,322,120,323,685,648,647,646,688
690,652,650,629,630,664,115,117,121,119,120,323,685,646,688
690,383,292,382,651,663,114,664,630,118,629,650,652,647,646,688
690,383,292,382,651,664,630,629,650,652,647,648,649,323,686,293,296,688
690,383,292,382,651,650,629,649,648,647,646,685,323,686,293,296,688
690,383,292,289,661,382,651,650,652,647,648,685,646,688
690,383,292,382,661,663,114,664,630,118,629,650,648,647,646,688
690,645,647,646,689,684,698,697,683,388,295,293,686,688
690,645,647,648,649,629,650,651,664,630,118,322,120,323,685,646,688
690,383,292,382,661,663,114,664,630,118,629,649,323,685,646,688
690,383,745,695,734,378,28,374,735,696,689,646,688
690,652,650,651,664,630,629,118,117,121,322,649,648,647,646,688
690,383,745,695,734,694,689,646,685,323,686,293,296,688
690,652,647,648,650,629,118,117,121,322,649,323,685,646,688
690,652,650,651,664,630,629,118,322,649,323,685,648,647,646,688
690,645,647,648,649,322,118,117,121,119,120,323,685,646,688
690,652,650,651,664,630,629,118,322,649,648,685,323,686,293,296,688
690,383,745,693,292,382,651,664,630,629,650,648,647,645,646,688
690,645,647,646,685,323,649,322,120,294,293,296,688
690,645,647,648,649,322,120,323,686,293,295,388,683,296,688
690,652,382,651,664,630,629,118,117,121,322,649,323,685,646,688
690,383,292,382,652,650,629,649,648,647,646,685,323,686,293,296,688
690,652,647,646,689,684,698,697,683,296,688
690,645,647,652,650,648,685,646,689,684,296,688
690,652,382,651,650,629,118,322,649,648,647,645,646,685,323,686,688
690,652,650,651,664,630,118,322,120,323,685,648,647,646,688
690,645,647,646,685,323,120,294,324,295,293,686,688
690,383,292,382,661,663,114,664,630,118,629,650,652,647,646,688
690,652,382,651,664,630,118,117,121,322,120,323,685,646,688
690,652,650,648,649,322,120,323,685,646,689,684,296,293,686,688
690,652,647,648,649,322,120,323,685,646,689,684,296,293,686,688
690,383,745,693,292,382,651,664,630,629,650,652,647,645,646,688
690,383,292,382,651,664,630,629,649,648,647,646,685,323,686,293,296,688
690,645,647,648,650,629,649,322,120,294,293,296,688
690,652,650,629,630,118,322,649,648,685,646,689,684,296,688
690,383,292,382,651,663,114,664,630,118,629,649,648,685,646,688
690,652,382,651,650,629,118,117,121,322,649,648,685,646,688
690,383,292,289,661,382,651,650,648,647,645,646,688
690,652,650,629,649,322,120,323,685,646,689,684,296,293,686,688
690,652,650,651,664,630,629,118,117,121,322,649,323,685,646,688
690,645,647,652,650,648,649,322,120,294,293,296,688
690,383,292,382,651,650,629,649,648,647,645,694,689,646,688
690,652,650,651,664,630,118,117,121,322,120,323,685,646,688
690,645,647,652,650,629,649,322,120,294,293,296,688
690,652,382,651,664,630,629,118,322,649,648,647,645,646,685,323,686,688
690,645,647,646,685,323,120,119,122,294,293,686,688
690,652,647,645,646,685,648,649,322,120,323,686,688
690,383,292,289,661,663,651,382,652,650,648,685,646,688
690,383,292,289,661,382,652,650,648,647,645,646,688
690,383,292,289,661,382,651,650,652,647,645,646,688
690,383,292,289,661,663,651,382,652,647,648,685,646,688
690,383,292,382,651,664,630,629,650,648,647,646,685,323,686,293,296,688
690,652,650,629,630,118,117,121,119,120,323,686,688
690,383,292,382,652,650,629,649,648,647,645,694,689,646,688
690,383,292,382,661,663,114,664,630,118,629,649,648,685,646,688
690,383,292,693,745,695,694,645,646,685,323,686,688
690,383,292,382,651,663,114,664,630,118,629,650,648,685,646,688
690,652,650,651,382,661,663,114,664,630,118,322,649,648,647,646,688
690,383,292,382,652,650,651,664,630,118,629,649,648,647,646,688
690,652,382,661,663,114,664,651,650,629,649,648,647,645,646,688
690,383,292,382,651,664,630,118,629,649,648,650,652,647,646,688
690,645,647,646,685,648,649,322,120,294,293,296,688
690,645,647,648,650,652,382,651,664,630,629,118,322,120,323,685,646,688
690,645,647,648,650,629,649,323,120,294,293,686,688
690,383,292,382,651,663,114,664,630,629,650,652,647,648,685,646,688
690,652,382,651,664,630,629,118,117,121,322,649,648,685,646,688
690,652,382,651,663,114,664,630,629,118,322,649,648,647,646,688
690,645,694,734,378,735,696,689,646,685,323,686,688
690,652,650,629,118,117,121,322,120,294,293,296,688
690,652,650,651,664,630,629,118,322,649,648,647,645,646,685,323,686,688
690,645,647,652,650,648,649,323,120,294,293,686,688
690,383,292,382,651,664,630,629,650,652,647,646,685,323,686,293,296,688
690,383,292,382,651,664,630,629,649,648,647,645,694,689,646,688
690,383,292,382,651,663,114,664,630,629,649,648,647,645,646,688
690,383,292,289,661,663,651,650,652,647,648,685,646,688
690,652,650,629,630,118,117,121,322,649,648,685,323,686,688
690,652,650,629,630,118,322,121,119,120,323,686,688
690,383,745,695,694,645,646,689,684,296,293,686,688
690,645,647,652,650,629,649,323,120,294,293,686,688
690,652,650,629,118,117,37,376,121,322,120,323,685,646,688
690,383,292,382,661,663,114,664,651,650,652,647,648,685,646,688
690,645,647,648,649,323,685,646,689,684,698,697,683,296,688
690,383,292,382,661,663,114,664,630,118,629,650,648,685,646,688
690,652,382,651,664,630,118,322,120,323,649,648,647,646,688
690,652,382,651,664,630,118,117,121,322,649,648,647,645,646,688
690,652,382,661,663,651,664,630,118,629,650,648,649,323,685,646,688
690,652,382,651,664,630,118,322,649,323,685,648,647,645,646,688
690,652,650,651,382,661,663,114,664,630,118,322,649,323,685,646,688
690,652,650,651,664,630,629,118,117,121,322,649,648,685,646,688
690,383,292,382,661,663,114,664,630,629,650,652,647,648,685,646,688
690,383,292,382,661,663,651,650,652,647,648,649,323,685,646,688
690,652,650,651,663,114,664,630,629,118,322,649,648,647,646,688
690,383,292,382,652,650,651,664,630,118,629,649,323,685,646,688
690,652,650,651,382,661,663,114,664,630,118,629,649,648,647,645,646,688
690,652,382,661,663,114,664,630,629,118,322,649,648,647,646,688
690,652,382,651,664,630,118,117,121,119,120,323,685,646,688
690,383,292,693,745,695,694,689,646,685,323,686,688
690,383,745,695,734,378,735,696,689,646,685,323,686,688
690,652,382,651,663,114,664,630,629,118,322,649,323,685,646,688
690,383,292,382,661,663,651,664,630,118,629,649,648,647,646,688
690,383,292,382,661,663,114,664,630,629,649,648,647,645,646,688
690,383,292,382,651,664,630,629,650,648,647,645,694,689,646,688
690,645,647,646,685,648,649,323,120,294,293,686,688
690,383,292,382,651,663,114,664,630,629,650,648,647,645,646,688
690,383,292,382,651,664,115,117,118,322,649,648,647,646,688
690,383,292,289,661,663,651,382,652,647,645,646,688
690,652,382,651,663,114,664,630,118,322,120,323,685,646,688
690,652,650,651,664,630,118,322,120,323,649,648,647,646,688
690,383,292,289,661,663,651,650,648,647,645,646,688
690,652,650,651,664,630,118,117,121,322,649,648,647,645,646,688
690,645,646,685,648,647,652,650,629,649,323,686,688
690,652,650,629,118,117,121,322,120,323,685,648,647,646,688
690,652,650,651,664,630,118,322,649,323,685,648,647,645,646,688
690,383,292,382,651,650,629,118,322,649,323,686,293,296,688
690,652,650,651,664,630,118,117,121,119,120,323,685,646,688
690,383,292,382,651,664,115,117,121,322,649,648,647,646,688
690,383,292,382,651,664,630,629,650,652,647,645,694,689,646,688
690,383,292,382,661,663,114,664,651,650,648,647,645,646,688
690,383,292,382,651,663,114,664,630,629,650,652,647,645,646,688
690,652,382,651,664,630,118,322,121,119,120,323,685,646,688
690,652,650,651,663,114,664,630,629,118,322,649,323,685,646,688
690,652,650,629,118,322,120,294,293,296,684,689,646,688
690,652,382,661,663,114,664,630,629,118,322,649,323,685,646,688
690,383,292,289,661,663,114,664,630,629,649,648,647,646,688
690,383,292,382,661,663,651,664,630,118,629,650,648,647,646,688
690,383,292,382,661,663,114,664,630,629,650,648,647,645,646,688
690,652,382,651,664,630,118,322,649,648,647,646,685,323,686,293,296,688
690,383,292,382,661,663,651,664,630,118,629,649,323,685,646,688
690,383,292,382,651,664,115,117,118,629,650,652,647,648,685,646,688
690,383,292,289,661,663,651,650,652,647,645,646,688
690,652,650,651,663,114,664,630,118,322,120,323,685,646,688
690,645,647,648,649,322,121,119,122,294,120,323,685,646,688
690,383,292,382,651,664,630,118,322,120,294,293,686,688
690,383,292,382,652,650,629,118,322,649,323,686,293,296,688
690,652,382,661,663,114,664,630,118,322,120,323,685,646,688
690,383,745,693,292,382,651,664,630,629,650,648,649,323,685,646,688
690,383,292,382,651,664,115,117,118,322,649,323,685,646,688
690,383,292,382,651,664,115,117,118,629,649,648,647,645,646,688
690,383,292,382,661,663,114,664,651,650,652,647,645,646,688
690,383,292,289,661,663,114,664,651,382,652,647,646,688
690,383,292,382,651,650,648,649,322,120,323,686,688
690,652,650,629,118,117,121,119,122,294,293,296,688
690,383,292,289,661,382,651,650,629,649,648,647,646,688
690,652,650,629,118,117,37,376,41,119,120,323,685,646,688
690,652,650,629,118,322,120,294,324,295,293,296,688
690,652,650,648,649,629,630,118,322,120,323,686,688
690,652,382,651,664,630,629,650,648,649,322,120,323,686,688
690,652,647,648,649,629,630,118,322,120,323,686,688
690,652,382,651,650,629,630,118,322,120,323,686,688
690,383,292,289,661,663,114,664,651,650,648,647,646,688
690,652,650,651,664,630,118,322,121,119,120,323,685,646,688
690,652,650,629,118,117,121,119,120,294,293,296,688
690,383,292,382,661,663,651,664,630,118,629,650,652,647,646,688
690,383,292,382,661,663,114,664,630,629,650,652,647,645,646,688
690,652,650,651,382,661,663,114,664,630,118,322,649,648,685,646,688
690,645,694,689,684,698,697,683,296,293,686,323,685,646,688
690,383,292,693,745,695,734,694,645,647,648,685,646,688
690,383,292,382,651,664,115,117,121,322,649,323,685,646,688
690,383,292,382,651,664,630,629,118,322,649,323,686,293,296,688
690,383,292,382,652,650,651,664,630,118,629,649,648,685,646,688
690,383,745,695,694,645,647,648,650,629,118,322,649,323,685,646,688
690,383,292,693,745,695,734,378,735,696,689,646,688
690,383,292,382,651,650,629,649,322,120,323,686,688
690,383,292,289,661,663,114,664,630,629,650,648,647,646,688
690,652,650,629,118,117,121,376,41,119,120,323,685,646,688
690,652,650,651,664,630,118,322,649,648,647,646,685,323,686,293,296,688
690,652,650,629,118,117,37,376,121,322,649,648,647,645,646,688
690,652,382,651,663,114,664,630,629,118,322,649,648,685,646,688
690,383,292,289,661,663,114,664,630,629,649,323,685,646,688
690,383,292,382,652,650,648,649,322,120,323,686,688
690,383,292,289,661,382,652,650,629,649,648,647,646,688
690,652,650,629,118,117,37,376,121,119,120,323,685,646,688
690,383,292,382,651,664,630,118,322,120,323,686,293,296,688
690,383,292,382,652,647,648,649,322,120,323,686,688
690,383,292,289,661,382,651,650,648,649,323,685,646,688
690,652,382,651,664,630,118,629,649,648,647,645,646,685,323,686,293,296,688
690,383,292,289,661,663,114,664,651,650,652,647,646,688
690,645,646,647,652,650,629,649,648,685,323,686,688
690,383,292,382,651,664,115,117,118,629,650,648,647,645,646,688
690,652,650,629,118,322,121,119,122,294,293,296,688
690,383,745,695,694,645,647,652,650,629,118,322,649,323,685,646,688
690,383,292,382,652,650,629,649,322,120,323,686,688
690,383,292,289,661,663,114,664,630,629,650,652,647,646,688
690,383,292,289,661,382,651,650,629,649,323,685,646,688
690,652,650,629,118,322,649,648,647,645,646,685,323,120,294,293,296,688
690,652,647,648,650,629,630,118,322,120,323,686,688
690,652,650,629,118,322,121,119,120,294,293,296,688
690,383,292,289,661,382,651,664,630,629,649,648,647,646,688
690,652,650,629,118,322,120,119,122,294,293,296,688
690,652,382,651,664,630,118,322,120,323,649,648,685,646,688
690,652,382,651,664,630,118,322,649,648,647,645,694,689,646,688
690,652,382,651,663,114,664,630,118,322,649,648,647,645,646,688
690,383,292,289,661,382,652,650,648,649,323,685,646,688
690,652,650,651,663,114,664,630,629,118,322,649,648,685,646,688
690,383,292,382,651,650,629,118,322,649,648,647,646,685,323,686,688
690,383,292,289,661,382,652,647,648,649,323,685,646,688
690,652,650,629,118,322,121,376,41,119,120,323,685,646,688
690,645,647,648,649,629,630,118,322,120,294,293,686,688
690,652,382,661,663,114,664,630,629,118,322,649,648,685,646,688
690,383,292,382,651,664,630,629,649,322,120,323,686,688
690,383,292,382,651,664,115,117,118,629,650,652,647,645,646,688
690,652,650,651,664,630,118,629,649,648,647,645,646,685,323,686,293,296,688
690,383,292,382,661,663,651,664,630,118,629,649,648,685,646,688
690,652,650,629,118,117,121,119,120,323,685,648,647,646,688
690,652,650,648,685,323,649,322,120,294,293,686,688
690,383,292,289,661,382,652,650,629,649,323,685,646,688
690,652,382,661,663,651,650,629,118,322,649,648,647,646,688
690,652,382,651,664,630,118,629,650,648,647,645,646,685,323,686,293,296,688
690,652,647,648,685,323,649,322,120,294,293,686,688
690,383,292,382,652,650,651,664,630,629,649,648,647,645,646,688
690,383,292,382,651,664,115,117,118,322,649,648,685,646,688
690,383,292,382,651,664,630,629,649,648,650,652,647,645,646,688
690,383,292,382,651,664,630,118,629,650,652,647,648,685,323,686,293,296,688
690,383,292,382,661,663,651,650,629,649,648,647,645,646,688
690,383,292,382,652,650,629,118,322,649,648,647,646,685,323,686,688
690,652,650,651,664,630,118,322,120,323,649,648,685,646,688
690,652,650,651,664,630,118,322,649,648,647,645,694,689,646,688
690,645,647,648,650,629,649,322,121,119,120,323,685,646,688
690,652,650,651,663,114,664,630,118,322,649,648,647,645,646,688
690,383,292,289,661,382,651,664,630,629,650,648,647,646,688
690,652,647,646,645,694,689,684,296,688
690,652,382,661,663,114,664,630,118,322,649,648,647,645,646,688
690,383,292,289,661,382,651,664,630,629,649,323,685,646,688
690,645,647,648,649,629,630,118,322,120,323,686,293,296,688
690,383,292,382,651,664,115,117,121,322,649,648,685,646,688
690,645,647,648,650,629,630,118,322,120,294,293,686,688
690,645,647,652,650,648,649,322,121,119,120,323,685,646,688
690,652,650,629,118,117,121,322,120,323,649,648,647,646,688
690,383,292,289,661,663,114,664,630,629,649,648,685,646,688
690,383,292,382,651,664,630,629,118,322,649,648,647,646,685,323,686,688
690,652,650,629,118,117,121,322,649,323,685,648,647,645,646,688
690,383,292,382,661,663,651,664,630,118,629,650,648,685,646,688
690,652,650,629,118,322,121,119,120,323,685,648,647,646,688
690,652,650,629,118,630,664,115,117,121,322,120,323,685,646,688
690,652,382,661,663,651,650,629,118,322,649,323,685,646,688
690,645,647,652,650,629,649,322,121,119,120,323,685,646,688
690,383,292,289,661,663,651,650,629,649,648,647,646,688
690,383,292,289,661,382,651,664,630,629,650,652,647,646,688
690,383,292,382,661,663,651,664,630,629,650,652,647,648,685,646,688
690,645,647,648,649,629,118,322,120,294,293,686,323,685,646,688
690,652,382,661,663,651,664,630,629,118,322,649,648,647,646,688
690,383,745,695,694,645,647,652,650,629,118,322,649,648,685,646,688
690,652,647,648,650,651,664,630,629,118,322,649,323,685,646,688
690,645,647,652,650,629,630,118,322,120,294,293,686,688
690,383,292,289,661,382,651,650,629,649,648,685,646,688
690,383,292,382,661,663,114,664,651,650,629,649,648,647,646,688
690,645,647,652,382,651,650,648,685,323,686,688
690,383,292,382,651,663,114,664,630,629,650,648,649,323,685,646,688
690,383,292,382,661,663,651,664,630,629,649,648,647,645,646,688
690,645,647,648,685,323,120,294,293,296,684,689,646,688
690,652,650,629,649,648,647,645,646,685,323,686,293,295,388,683,296,688
690,652,650,651,382,292,693,745,695,694,645,647,646,688
690,383,292,289,661,663,114,664,651,650,648,685,646,688
690,652,650,648,649,629,118,322,120,294,293,296,688
690,645,647,648,650,629,630,118,322,120,323,686,293,296,688
690,652,647,648,650,651,664,630,118,322,120,323,685,646,688
690,652,647,648,649,629,118,322,120,294,293,296,688
690,652,382,651,650,629,118,322,120,294,293,296,688
690,383,292,289,661,663,114,664,630,629,650,648,685,646,688
690,383,292,289,661,663,651,650,648,649,323,685,646,688
690,652,382,651,664,115,117,118,630,629,649,648,647,646,688
690,652,650,651,382,292,383,745,695,694,645,647,646,688
690,652,382,651,650,629,630,118,322,649,648,685,323,686,688
690,652,650,629,630,664,651,382,292,693,745,695,694,645,646,688
690,383,292,289,661,382,652,650,629,649,648,685,646,688
690,383,292,382,661,663,114,664,651,650,648,649,323,685,646,688
690,645,647,648,685,323,120,294,324,295,293,296,688
690,383,745,693,292,382,651,664,630,118,322,649,648,647,646,688
690,645,647,648,650,629,118,322,120,294,293,686,323,685,646,688
690,383,745,695,694,734,378,735,696,689,684,296,688
690,383,292,289,661,663,651,650,629,649,323,685,646,688
690,645,647,652,650,629,630,118,322,120,323,686,293,296,688
690,652,650,629,118,117,121,322,649,648,647,646,685,323,686,293,296,688
690,652,650,629,118,322,120,323,686,293,295,388,683,296,688
690,652,382,661,663,651,664,630,629,118,322,649,323,685,646,688
690,383,292,289,661,663,651,664,630,629,649,648,647,646,688
690,383,292,382,651,664,630,118,117,121,322,649,648,647,646,688
690,383,292,382,661,663,114,664,630,629,650,648,649,323,685,646,688
690,383,292,382,651,664,630,118,322,649,323,685,648,647,646,688
690,652,650,629,630,664,651,382,292,383,745,695,694,645,646,688
690,383,292,382,651,664,630,118,322,649,648,685,323,686,293,296,688
690,383,292,382,661,663,651,664,630,629,650,648,647,645,646,688
690,652,650,648,649,322,120,294,324,295,293,686,688
690,383,292,382,661,663,114,664,651,650,629,649,323,685,646,688
690,652,647,648,649,322,120,294,324,295,293,686,688
690,383,292,289,661,382,651,664,630,629,649,648,685,646,688
690,652,382,661,663,651,664,630,118,322,120,323,685,646,688
690,652,650,629,630,118,322,649,648,647,646,689,684,296,293,686,688
690,652,647,648,650,629,118,322,120,294,293,296,688
690,652,650,651,664,115,117,118,630,629,649,648,647,646,688
690,652,650,648,649,322,120,323,686,293,296,684,689,646,688
690,652,647,648,649,322,120,323,686,293,296,684,689,646,688
690,652,382,651,664,115,117,118,630,629,650,648,647,646,688
690,652,650,629,118,117,121,119,120,322,649,648,647,645,646,688
690,645,647,652,650,629,118,322,120,294,293,686,323,685,646,688
690,652,650,629,649,322,120,294,324,295,293,686,688
690,652,382,651,664,630,629,118,322,120,294,293,296,688
690,645,647,652,382,651,650,648,649,322,120,323,685,646,688
690,652,382,651,664,115,117,118,630,629,649,323,685,646,688
690,383,745,693,292,382,651,664,630,118,629,650,652,647,648,685,646,688
690,383,292,382,661,663,651,664,630,629,650,652,647,645,646,688
690,652,382,661,663,651,650,629,118,322,649,648,685,646,688
690,652,650,629,649,322,120,323,686,293,296,684,689,646,688
690,652,382,651,650,629,118,322,120,323,685,648,647,646,688
690,383,745,695,694,645,646,685,323,120,294,293,686,688
690,383,745,693,292,382,651,664,630,118,322,649,323,685,646,688
690,645,647,648,685,323,120,119,122,294,293,296,688
690,652,650,629,630,664,651,382,292,693,745,695,694,689,646,688
690,383,745,693,292,382,651,664,630,118,629,649,648,647,645,646,688
690,645,647,648,649,629,650,652,382,651,664,630,118,322,120,323,685,646,688
690,383,292,289,661,663,651,664,630,629,650,648,647,646,688
690,645,647,652,382,651,650,629,649,322,120,323,685,646,688
690,652,650,648,649,322,121,119,122,294,293,686,688
690,383,292,289,661,663,651,664,630,629,649,323,685,646,688
690,383,292,382,651,664,630,118,117,121,322,649,323,685,646,688
690,645,647,648,685,323,686,293,295,388,683,697,698,684,296,688
690,652,647,648,649,322,121,119,122,294,293,686,688
690,383,745,695,694,689,684,698,697,683,388,295,293,686,688
690,652,650,629,118,117,121,119,120,323,649,648,647,646,688
690,652,650,629,118,630,664,115,117,121,322,649,648,647,645,646,688
690,383,292,382,651,664,630,118,629,649,323,685,648,647,645,646,688
690,652,650,648,649,322,121,119,120,294,293,686,688
690,383,292,289,661,382,651,664,630,629,650,648,685,646,688
690,652,382,651,664,630,118,322,649,629,650,648,647,645,646,688
690,652,650,648,649,322,120,119,122,294,293,686,688
690,652,647,648,649,322,121,119,120,294,293,686,688
690,652,650,629,118,630,664,115,117,121,119,120,323,685,646,688
690,652,650,629,630,664,651,382,292,383,745,695,694,689,646,688
690,652,647,648,649,322,120,119,122,294,293,686,688
690,383,292,382,651,664,630,118,629,650,652,647,648,649,323,686,293,296,688
690,383,292,382,651,664,115,117,118,629,650,648,649,323,685,646,688
690,652,650,629,630,118,322,649,323,685,646,689,684,296,293,686,688
690,652,650,651,664,630,629,118,322,120,294,293,296,688
690,652,650,629,649,322,121,119,122,294,293,686,688
690,652,650,651,664,115,117,118,630,629,649,323,685,646,688
690,652,650,648,647,646,689,684,698,697,683,296,688
690,652,650,629,118,117,121,322,120,323,649,648,685,646,688
690,652,650,629,118,117,121,322,649,648,647,645,694,689,646,688
690,652,650,629,649,322,121,119,120,294,293,686,688
690,383,292,289,661,663,651,664,630,629,650,652,647,646,688
690,652,650,629,118,322,649,323,685,648,647,645,694,689,646,688
690,652,650,629,649,322,120,119,122,294,293,686,688
690,652,650,629,630,118,322,120,323,685,646,689,684,296,688
690,652,650,648,649,629,118,117,121,322,120,323,685,646,688
690,652,647,648,649,629,118,117,121,322,120,323,685,646,688
690,652,382,651,650,629,118,117,121,322,120,323,685,646,688
690,383,292,289,661,663,651,650,629,649,648,685,646,688
690,383,745,693,292,382,651,664,630,118,629,650,648,647,645,646,688
690,652,382,661,663,651,664,630,629,118,322,649,648,685,646,688
690,645,694,689,684,296,293,686,323,685,648,647,646,688
690,652,382,651,664,630,629,118,322,120,323,685,648,647,646,688
690,652,650,629,118,322,121,119,120,323,649,648,647,646,688
690,383,745,695,694,689,646,685,323,120,294,293,686,688
690,652,650,648,649,322,121,119,120,323,686,293,296,688
690,383,292,382,661,663,114,664,651,650,629,649,648,685,646,688
690,645,647,652,382,651,664,630,629,649,322,120,323,685,646,688
690,652,647,648,649,322,121,119,120,323,686,293,296,688
690,645,647,646,689,684,296,683,388,295,293,686,688
690,652,382,292,693,745,695,694,645,647,648,685,646,688
690,645,647,648,650,651,664,630,629,649,322,120,323,685,646,688
690,383,292,382,651,664,630,118,322,649,648,647,645,646,685,323,686,688
690,652,650,629,649,322,121,119,120,323,686,293,296,688
690,645,647,652,382,651,650,648,649,323,686,688
690,652,382,651,664,115,117,118,630,629,649,648,685,646,688
690,383,745,693,292,382,651,664,630,118,629,650,652,647,645,646,688
690,645,647,648,649,323,120,294,293,296,684,689,646,688
690,383,292,382,651,664,630,118,629,649,648,647,646,685,323,686,293,296,688
690,652,382,292,383,745,695,694,645,647,648,685,646,688
690,652,382,661,663,651,664,630,118,322,649,648,647,645,646,688
690,652,647,646,689,684,698,697,683,296,293,686,688
690,652,647,648,650,629,118,117,121,322,120,323,685,646,688
690,645,647,652,650,648,685,646,689,684,296,293,686,688
690,383,745,693,292,382,651,664,630,118,322,649,648,685,646,688
690,383,745,695,694,645,647,648,649,322,120,294,293,686,688
690,652,650,651,664,630,629,118,322,120,323,685,648,647,646,688
690,645,647,652,382,651,650,629,649,323,686,688
690,645,646,685,323,120,294,293,295,388,683,296,688
690,383,745,695,694,645,646,647,648,685,323,686,688
690,645,647,652,650,651,664,630,629,649,322,120,323,685,646,688
690,652,382,651,664,630,629,118,117,121,322,120,323,685,646,688
690,645,694,689,646,647,648,685,323,686,293,296,688
690,383,292,289,661,663,651,664,630,629,649,648,685,646,688
690,383,292,382,651,664,630,118,117,121,322,649,648,685,646,688
690,383,292,382,651,663,114,664,630,118,322,649,648,647,646,688
690,645,647,648,649,323,120,294,324,295,293,296,688
690,383,745,695,694,645,647,646,689,684,296,688
690,652,650,629,118,117,121,119,122,294,120,323,685,646,688
690,652,650,629,630,118,322,649,648,685,646,689,684,296,293,686,688
690,645,647,652,650,629,630,118,322,649,648,685,323,686,293,296,688
690,652,382,651,650,648,649,322,120,294,293,686,688
690,652,650,629,118,322,649,648,685,323,686,293,295,388,683,296,688
690,652,650,651,664,115,117,118,630,629,649,648,685,646,688
690,652,382,651,664,115,117,118,630,629,650,648,685,646,688
690,383,292,382,651,664,630,118,629,650,648,647,646,685,323,686,293,296,688
690,645,647,648,650,629,630,118,117,121,322,649,323,685,646,688
690,383,745,695,694,645,647,648,649,322,120,323,686,293,296,688
690,652,382,651,650,629,649,322,120,294,293,686,688
690,645,646,685,323,120,294,324,295,388,683,296,688
690,652,650,651,664,630,629,118,117,121,322,120,323,685,646,688
690,383,292,382,651,663,114,664,630,118,629,650,652,647,648,685,646,688
690,383,292,382,661,663,114,664,630,118,322,649,648,647,646,688
690,383,292,289,661,663,651,664,630,629,650,648,685,646,688
690,652,647,646,685,323,649,322,120,294,293,686,688
690,645,647,652,382,651,664,630,629,649,323,686,688
690,652,650,629,630,118,322,649,648,647,645,646,689,684,296,688
690,652,650,629,118,117,121,119,120,323,649,648,685,646,688
690,383,292,382,651,663,114,664,630,118,322,649,323,685,646,688
690,383,292,382,651,664,630,118,629,650,652,647,646,685,323,686,293,296,688
690,383,745,695,694,689,646,647,648,685,323,686,688
690,383,292,382,651,664,630,118,629,649,648,647,645,694,689,646,688
690,383,745,695,734,694,645,647,648,685,323,686,293,296,688
690,652,382,651,650,629,118,322,120,323,649,648,647,646,688
690,383,292,382,651,663,114,664,630,118,629,649,648,647,645,646,688
690,645,647,648,685,646,689,684,698,697,683,388,295,293,686,688
690,652,382,651,650,629,118,117,121,322,649,648,647,645,646,688
690,652,650,629,118,322,121,119,122,294,120,323,685,646,688
690,652,382,651,650,648,649,322,120,323,686,293,296,688
690,645,647,648,650,651,664,630,629,649,323,686,688
690,652,382,651,650,629,118,322,649,323,685,648,647,645,646,688
690,652,650,629,630,118,322,649,648,647,645,694,689,684,296,688
690,645,647,652,650,629,630,118,117,121,322,649,323,685,646,688
690,645,647,648,649,323,120,119,122,294,293,296,688
690,652,650,648,649,629,118,117,121,119,120,323,685,646,688
690,652,647,648,649,629,118,117,121,119,120,323,685,646,688
690,652,382,651,650,629,118,117,121,119,120,323,685,646,688
690,652,650,651,382,661,663,114,664,630,629,118,322,649,648,647,646,688
690,645,647,648,649,323,686,293,295,388,683,697,698,684,296,688
690,383,292,382,661,663,651,664,630,629,650,648,649,323,685,646,688
690,645,647,652,650,648,685,323,120,294,293,296,688
690,652,650,648,685,646,689,684,698,697,683,296,688
690,652,647,648,685,646,689,684,698,697,683,296,688
690,652,382,651,650,629,649,322,120,323,686,293,296,688
690,652,647,648,650,629,649,322,120,294,293,686,688
690,645,647,646,685,648,650,629,649,323,686,688
690,383,292,382,661,663,114,664,630,118,629,650,652,647,648,685,646,688
690,383,292,289,661,663,651,382,652,650,648,647,645,646,688
690,645,647,648,649,322,120,294,293,295,388,683,296,688
690,645,647,652,650,651,664,630,629,649,323,686,688
690,652,382,651,664,630,629,649,322,120,294,293,686,688
690,383,292,382,661,663,114,664,630,118,322,649,323,685,646,688
690,652,650,629,630,118,322,649,648,685,323,120,294,293,296,688
690,652,650,629,118,322,121,119,120,323,649,648,685,646,688
690,383,292,382,661,663,114,664,630,118,629,649,648,647,645,646,688
690,383,292,382,651,664,630,118,629,650,648,647,645,694,689,646,688
690,383,292,382,651,663,114,664,630,118,629,650,648,647,645,646,688
690,645,647,648,649,323,685,646,689,684,698,697,683,296,293,686,688
690,652,650,648,649,629,118,322,121,119,120,323,685,646,688
690,652,647,648,649,629,118,322,121,119,120,323,685,646,688
690,645,694,689,684,296,293,686,323,649,648,647,646,688
690,652,382,651,650,629,118,322,121,119,120,323,685,646,688
690,652,647,648,650,629,118,117,121,119,120,323,685,646,688
690,652,382,651,664,630,629,118,322,120,323,649,648,647,646,688
690,652,382,651,664,630,629,118,117,121,322,649,648,647,645,646,688
690,645,647,646,689,684,698,697,683,388,295,293,296,688
690,383,292,382,651,650,629,630,118,322,649,323,686,688
690,652,382,651,664,630,629,118,322,649,323,685,648,647,645,646,688
690,652,650,651,382,661,663,114,664,630,629,118,322,649,323,685,646,688
690,652,382,651,664,630,629,118,117,121,119,120,323,685,646,688
690,652,647,648,650,629,649,322,120,323,686,293,296,688
690,652,382,651,650,629,118,322,649,648,647,646,685,323,686,293,296,688
690,383,292,289,291,693,745,695,694,645,646,688
690,645,647,648,649,322,120,294,324,295,388,683,296,688
690,652,650,651,664,630,629,649,322,120,294,293,686,688
690,652,382,651,664,630,118,322,120,323,685,648,647,645,646,688
690,383,292,382,651,664,630,118,629,650,652,647,645,694,689,646,688
690,383,292,382,651,650,629,118,322,120,294,293,686,688
690,652,650,651,382,661,663,114,664,630,118,322,120,323,685,646,688
690,652,382,651,664,630,629,649,322,120,323,686,293,296,688
690,383,292,382,651,663,114,664,630,118,629,650,652,647,645,646,688
690,383,292,382,651,650,629,649,648,647,645,646,685,323,686,293,296,688
690,383,292,289,661,663,114,664,651,382,652,650,648,647,646,688
690,383,292,289,661,663,114,664,630,118,629,649,648,647,646,688
690,652,647,646,685,648,649,322,120,294,293,686,688
690,645,647,646,685,323,120,294,324,295,293,296,688
690,383,292,382,652,650,629,630,118,322,649,323,686,688
690,652,382,651,663,114,664,630,629,118,322,120,323,685,646,688
690,383,292,382,661,663,114,664,630,118,629,650,648,647,645,646,688
690,383,292,382,651,663,114,664,630,118,322,649,648,685,646,688
690,652,650,651,664,630,629,118,322,120,323,649,648,647,646,688
690,645,647,652,650,629,630,118,117,121,322,649,648,685,646,688
690,652,650,651,664,630,629,118,117,121,322,649,648,647,645,646,688
690,652,650,651,664,630,629,118,322,649,323,685,648,647,645,646,688
690,383,745,693,292,382,651,664,630,118,629,650,648,649,323,685,646,688
690,652,647,648,650,629,118,322,121,119,120,323,685,646,688
690,383,745,695,694,645,646,647,648,649,323,686,688
690,383,292,382,652,650,629,118,322,120,294,293,686,688
690,645,694,689,646,647,648,649,323,686,293,296,688
690,652,650,651,664,630,629,118,117,121,119,120,323,685,646,688
690,383,292,382,652,650,629,649,648,647,645,646,685,323,686,293,296,688
690,383,745,693,292,382,651,664,630,629,650,652,647,648,649,323,685,646,688
690,652,382,651,664,630,629,118,322,121,119,120,323,685,646,688
690,652,647,645,646,689,684,698,697,683,296,688
690,652,382,651,664,630,118,629,650,648,649,322,120,323,686,688
690,652,650,651,664,630,118,322,120,323,685,648,647,645,646,688
690,652,650,651,664,630,629,649,322,120,323,686,293,296,688
690,383,292,382,651,650,629,118,322,120,323,686,293,296,688
690,383,292,382,651,650,652,647,648,649,322,120,323,686,688
690,652,647,645,694,689,684,698,697,683,296,688
690,383,292,382,661,663,114,664,630,118,629,650,652,647,645,646,688
690,652,382,651,664,630,629,118,322,649,648,647,646,685,323,686,293,296,688
690,652,647,646,685,648,649,322,120,323,686,293,296,688
690,383,745,695,694,645,647,648,649,629,118,322,120,323,685,646,688
690,652,650,651,663,114,664,630,629,118,322,120,323,685,646,688
690,383,292,289,661,663,114,664,630,118,629,650,648,647,646,688
690,383,292,382,651,664,630,629,118,322,120,294,293,686,688
690,383,292,382,651,664,630,118,322,649,629,650,648,647,646,688
690,652,382,661,663,114,664,630,629,118,322,120,323,685,646,688
690,383,292,382,661,663,114,664,630,118,322,649,648,685,646,688
690,383,292,289,291,693,745,695,694,689,646,688
690,383,292,289,661,663,114,664,630,118,629,649,323,685,646,688
690,383,292,382,651,664,630,629,649,648,647,645,646,685,323,686,293,296,688
690,652,650,629,630,118,322,649,648,647,646,685,323,120,294,293,686,688
690,383,745,695,734,378,735,696,689,694,645,646,688
690,645,647,646,685,323,120,119,122,294,293,296,688
690,383,292,382,652,650,651,664,630,118,322,649,648,647,646,688
690,645,646,647,652,650,648,685,323,686,293,296,688
690,383,292,382,651,664,630,118,322,649,648,650,652,647,646,688
690,652,382,651,650,629,118,322,120,323,649,648,685,646,688
690,652,382,651,650,629,118,322,649,648,647,645,694,689,646,688
690,383,292,382,652,650,629,118,322,120,323,686,293,296,688
690,645,647,646,685,323,686,293,295,388,683,697,698,684,296,688
690,383,292,693,745,695,694,645,647,648,685,323,686,688
690,652,650,651,664,630,629,118,322,121,119,120,323,685,646,688
690,383,292,382,651,664,115,117,118,322,120,323,685,646,688
690,383,292,289,661,382,651,650,652,647,648,649,323,685,646,688
690,652,650,651,382,661,663,114,664,630,629,118,322,649,648,685,646,688
690,652,382,651,650,648,649,629,118,322,120,323,685,646,688
690,383,292,289,661,663,114,664,630,118,629,650,652,647,646,688
690,383,745,695,694,689,646,647,648,649,323,686,688
690,383,745,695,734,694,645,647,648,649,323,686,293,296,688
690,383,292,382,651,664,630,118,322,649,629,650,652,647,646,688
690,652,650,651,664,630,629,118,322,649,648,647,646,685,323,686,293,296,688
690,383,292,289,661,382,651,664,630,118,629,649,648,647,646,688
690,645,647,648,650,629,649,323,120,294,293,296,688
690,645,647,648,650,629,649,323,685,646,689,684,296,688
690,383,292,382,651,664,115,117,121,322,120,323,685,646,688
690,383,292,382,651,664,630,629,118,322,120,323,686,293,296,688
690,383,745,695,694,645,647,648,650,629,118,322,120,323,685,646,688
690,645,647,652,650,648,649,323,120,294,293,296,688
690,652,650,629,630,118,117,121,322,649,323,686,293,296,688
690,645,647,652,650,648,649,323,685,646,689,684,296,688
690,383,292,382,651,664,630,629,650,648,647,645,646,685,323,686,293,296,688
690,383,292,382,651,664,630,118,629,649,322,120,323,686,688
690,652,650,648,647,646,645,694,689,684,296,688
690,383,292,382,652,650,651,664,630,118,322,649,323,685,646,688
690,652,650,651,382,661,663,114,664,630,118,322,649,648,647,645,646,688
690,383,292,382,652,650,651,664,630,118,629,649,648,647,645,646,688
690,645,647,652,650,629,649,323,120,294,293,296,688
690,383,292,382,651,664,630,118,629,649,648,650,652,647,645,646,688
690,645,647,652,650,629,649,323,685,646,689,684,296,688
690,645,694,689,684,296,293,686,323,649,648,685,646,688
690,652,382,651,664,630,629,118,322,120,323,649,648,685,646,688
690,652,382,651,664,630,629,118,322,649,648,647,645,694,689,646,688
690,383,292,382,661,663,651,664,630,118,322,649,648,647,646,688
690,652,382,651,663,114,664,630,629,118,322,649,648,647,645,646,688
690,383,745,695,694,645,647,652,650,629,118,322,120,323,685,646,688
690,383,292,289,661,663,651,382,652,650,629,649,648,647,646,688
690,383,292,289,661,382,651,664,630,118,629,650,648,647,646,688
690,383,292,382,651,664,630,629,650,652,647,645,646,685,323,686,293,296,688
690,383,292,289,661,382,651,664,630,118,629,649,323,685,646,688
690,383,292,693,745,695,694,645,647,648,649,322,120,323,685,646,688
690,645,647,646,685,648,649,323,120,294,293,296,688
690,645,647,652,650,629,649,648,685,323,120,294,293,686,688
690,383,292,289,661,663,114,664,651,382,652,650,648,685,646,688
690,383,292,289,661,663,114,664,630,118,629,649,648,685,646,688
690,383,292,289,661,663,114,664,651,382,652,647,648,685,646,688
690,652,382,651,664,630,118,322,120,323,649,648,647,645,646,688
690,383,292,289,661,663,651,382,652,650,648,649,323,685,646,688
690,652,650,651,664,630,629,118,322,120,323,649,648,685,646,688
690,383,292,289,661,382,651,664,630,118,629,650,652,647,646,688
690,652,650,651,664,630,629,118,322,649,648,647,645,694,689,646,688
690,383,292,382,661,663,651,664,630,118,629,650,652,647,648,685,646,688
690,652,650,651,663,114,664,630,629,118,322,649,648,647,645,646,688
690,652,647,646,645,694,689,684,296,293,686,688
690,383,292,289,661,663,651,382,652,647,648,649,323,685,646,688
690,383,745,695,694,645,646,685,648,649,323,686,688
690,652,382,661,663,114,664,630,629,118,322,649,648,647,645,646,688
690,645,694,689,646,685,648,649,323,686,293,296,688
690,383,292,382,661,663,651,664,630,118,322,649,323,685,646,688
690,383,292,382,651,663,114,664,630,118,629,650,648,649,323,685,646,688
690,383,292,382,661,663,651,664,630,118,629,649,648,647,645,646,688
690,383,292,289,661,663,651,382,652,650,629,649,323,685,646,688
690,383,745,693,292,382,651,650,629,118,322,649,648,647,646,688
690,652,650,629,630,118,322,649,323,686,293,296,684,689,646,688
690,383,292,382,651,663,114,664,630,629,650,652,647,648,649,323,685,646,688
690,383,292,382,651,664,115,117,118,322,649,648,647,645,646,688
690,383,292,289,661,663,114,664,651,650,652,647,648,685,646,688
690,383,292,289,661,663,114,664,630,118,629,650,648,685,646,688
690,645,647,652,382,651,650,629,630,118,322,649,323,685,646,688
690,383,292,382,651,650,629,118,117,121,322,649,648,647,646,688
690,383,292,382,651,664,630,118,322,649,629,650,648,685,646,688
690,383,292,382,651,650,629,118,322,649,323,685,648,647,646,688
690,652,650,651,664,630,118,322,120,323,649,648,647,645,646,688
690,383,292,382,651,664,630,118,322,120,294,293,296,688
690,652,650,629,118,117,121,322,120,323,685,648,647,645,646,688
690,383,292,382,651,650,629,118,322,649,648,685,323,686,293,296,688
690,652,650,629,118,630,664,651,382,292,693,745,695,694,645,646,688
690,383,292,382,652,650,651,664,630,118,322,649,648,685,646,688
690,383,292,289,661,663,114,664,630,629,650,652,647,648,685,646,688
690,383,292,289,661,663,651,650,652,647,648,649,323,685,646,688
690,652,650,629,630,118,117,121,322,649,648,647,646,685,323,686,688
690,383,292,382,651,664,115,117,121,322,649,648,647,645,646,688
690,652,382,661,663,651,650,629,118,322,120,323,685,646,688
690,645,647,648,685,323,686,293,296,683,697,698,684,689,646,688
690,645,646,647,648,650,629,649,323,686,293,296,688
690,645,647,652,650,629,649,648,685,646,689,684,296,688
690,383,745,693,292,382,652,650,629,118,322,649,648,647,646,688
690,383,745,695,734,694,645,647,646,685,323,686,293,296,688
690,383,292,382,651,664,115,117,121,119,120,323,685,646,688
690,383,292,382,661,663,114,664,651,650,652,647,648,649,323,685,646,688
690,383,292,289,661,663,651,664,630,118,629,649,648,647,646,688
690,383,292,289,661,663,114,664,630,629,649,648,647,645,646,688
690,383,292,382,661,663,114,664,630,118,629,650,648,649,323,685,646,688
690,652,647,648,650,651,664,630,629,118,322,120,323,685,646,688
690,652,650,629,118,630,664,651,382,292,383,745,695,694,645,646,688
690,383,292,382,661,663,651,664,630,118,629,650,648,647,645,646,688
690,645,646,647,652,650,648,649,323,686,293,296,688
690,383,292,382,652,650,629,118,117,121,322,649,648,647,646,688
690,383,745,695,694,689,646,685,648,649,323,686,688
690,652,382,651,664,630,118,322,649,648,647,645,646,685,323,686,293,296,688
690,383,292,382,652,650,629,118,322,649,323,685,648,647,646,688
690,383,292,382,652,650,629,118,322,649,648,685,323,686,293,296,688
690,383,292,382,661,663,114,664,630,629,650,652,647,648,649,323,685,646,688
690,383,292,289,661,382,651,664,630,118,629,649,648,685,646,688
690,383,292,693,745,695,694,645,647,648,649,323,686,688
690,383,745,693,292,382,651,650,629,118,322,649,323,685,646,688
690,383,745,693,292,382,651,664,630,629,118,322,649,648,647,646,688
690,383,292,289,661,663,114,664,651,382,652,647,645,646,688
690,645,646,647,652,650,629,649,323,686,293,296,688
690,383,745,695,694,734,378,735,696,689,684,296,293,686,688
690,383,292,289,661,382,651,650,629,649,648,647,645,646,688
690,383,292,382,651,650,629,118,117,121,322,649,323,685,646,688
690,383,292,382,651,664,630,629,118,117,121,322,649,648,647,646,688
690,383,292,289,661,663,114,664,651,650,648,647,645,646,688
690,652,650,648,685,646,645,694,689,684,296,688
690,383,292,382,651,664,630,629,118,322,649,323,685,648,647,646,688
690,383,292,382,661,663,651,664,630,118,629,650,652,647,645,646,688
690,383,292,382,651,664,630,629,118,322,649,648,685,323,686,293,296,688
690,652,647,648,685,646,645,694,689,684,296,688
690,652,650,629,118,630,664,651,382,292,693,745,695,694,689,646,688
690,383,292,289,661,663,651,664,630,118,629,650,648,647,646,688
690,383,292,289,661,663,114,664,630,629,650,648,647,645,646,688
690,383,745,693,292,382,652,650,629,118,322,649,323,685,646,688
690,652,382,661,663,651,664,630,629,118,322,120,323,685,646,688
690,652,650,651,664,630,118,322,649,648,647,645,646,685,323,686,293,296,688
690,383,292,382,661,663,651,664,630,118,322,649,648,685,646,688
690,383,292,289,661,663,651,664,630,118,629,649,323,685,646,688
690,383,292,382,651,664,630,118,322,120,323,685,648,647,646,688
690,383,292,289,661,663,651,382,652,650,629,649,648,685,646,688
690,645,694,689,684,698,697,683,388,295,293,686,323,685,646,688
690,383,292,289,661,382,652,650,629,649,648,647,645,646,688
690,383,292,382,652,650,629,118,117,121,322,649,323,685,646,688
690,383,292,289,661,382,651,664,630,118,629,650,648,685,646,688
690,645,647,648,649,629,630,118,322,120,294,293,296,688
690,645,646,689,684,698,738,697,683,296,688
690,652,650,629,118,630,664,651,382,292,383,745,695,694,689,646,688
690,383,292,289,661,663,114,664,651,650,652,647,645,646,688
690,383,292,289,661,382,651,664,630,629,650,652,647,648,685,646,688
690,645,694,689,684,698,738,697,683,296,688
690,645,647,652,382,651,650,629,630,118,322,649,648,685,646,688
690,652,650,648,685,323,649,322,120,294,293,296,688
690,383,745,693,292,382,651,664,630,629,118,322,649,323,685,646,688
690,383,292,382,651,664,115,117,118,629,650,652,647,648,649,323,685,646,688
690,652,647,648,685,323,649,322,120,294,293,296,688
690,383,292,289,661,663,651,664,630,118,629,650,652,647,646,688
690,383,292,289,661,663,114,664,630,629,650,652,647,645,646,688
690,645,647,648,650,652,382,651,664,630,629,649,322,120,323,685,646,688
690,383,745,695,694,689,684,296,683,388,295,293,686,688
690,383,292,289,661,382,651,664,630,629,649,648,647,645,646,688
690,383,292,382,651,664,630,629,118,117,121,322,649,323,685,646,688
690,652,650,648,685,323,120,294,324,295,293,686,688
690,652,650,651,382,292,693,745,695,694,645,647,648,685,646,688
690,383,745,693,292,382,651,664,630,118,322,120,323,685,646,688
690,652,647,648,685,323,120,294,324,295,293,686,688
690,383,292,382,651,650,629,118,322,649,648,647,645,646,685,323,686,688
690,383,292,382,651,664,630,118,117,121,322,120,323,685,646,688
690,645,647,652,382,651,664,630,118,629,649,322,120,323,685,646,688
690,645,647,648,650,629,630,118,322,120,294,293,296,688
690,652,650,629,118,117,121,119,120,323,685,648,647,645,646,688
690,652,650,651,382,292,383,745,695,694,645,647,648,685,646,688
690,652,650,648,647,646,689,684,698,697,683,296,293,686,688
690,383,292,693,745,695,734,694,645,647,648,649,323,685,646,688
690,652,382,661,663,651,650,629,118,322,649,648,647,645,646,688
690,645,647,648,650,651,664,630,118,629,649,322,120,323,685,646,688
690,383,745,693,292,382,651,650,629,118,322,649,648,685,646,688
690,652,650,629,630,118,322,120,323,685,646,689,684,296,293,686,688
690,383,292,382,652,650,629,118,322,649,648,647,645,646,685,323,686,688
690,383,292,382,651,650,629,118,117,121,322,649,648,685,646,688
690,652,650,629,118,322,120,323,685,648,647,645,694,689,646,688
690,383,292,289,661,382,651,664,630,629,650,648,647,645,646,688
690,645,647,652,650,629,630,118,322,120,294,293,296,688
690,652,650,629,118,322,120,294,293,295,388,683,296,688
690,645,646,685,648,650,629,649,323,686,293,296,688
690,652,650,648,685,323,120,119,122,294,293,686,688
690,383,745,693,292,382,652,650,629,118,322,649,648,685,646,688
690,645,647,652,650,651,664,630,118,629,649,322,120,323,685,646,688
690,652,650,629,118,117,121,322,120,323,649,648,647,645,646,688
690,383,292,289,661,663,651,664,630,118,629,649,648,685,646,688
690,652,647,648,685,323,120,119,122,294,293,686,688
690,383,292,382,651,664,630,629,118,322,649,648,647,645,646,685,323,686,688
690,383,292,693,745,695,694,645,647,646,685,323,686,688
690,652,650,629,118,322,121,119,120,323,685,648,647,645,646,688
690,383,292,382,652,650,629,118,117,121,322,649,648,685,646,688
690,652,382,651,650,629,630,118,322,649,323,686,293,296,688
690,645,647,648,649,323,686,293,296,683,697,698,684,689,646,688
690,652,650,648,649,322,120,294,293,296,684,689,646,688
690,383,292,289,661,663,651,650,629,649,648,647,645,646,688
690,383,292,289,661,382,651,664,630,629,650,652,647,645,646,688
690,652,382,661,663,114,664,651,650,629,118,322,649,648,647,646,688
690,652,647,648,649,322,120,294,293,296,684,689,646,688
690,652,382,651,650,648,647,646,689,684,296,688
690,652,382,661,663,651,664,630,629,118,322,649,648,647,645,646,688
690,652,650,648,647,646,685,323,649,322,120,294,293,686,688
690,383,745,693,292,382,651,664,630,629,118,322,649,648,685,646,688
690,645,647,648,649,322,120,294,324,295,293,686,323,685,646,688
690,645,647,648,650,652,382,651,664,630,629,649,323,686,688
690,383,292,382,661,663,114,664,651,650,629,649,648,647,645,646,688
690,652,650,629,649,322,120,294,293,296,684,689,646,688
690,645,647,648,649,629,630,118,117,121,322,120,323,685,646,688
690,383,292,382,651,664,630,629,118,117,121,322,649,648,685,646,688
690,383,292,382,651,663,114,664,630,629,118,322,649,648,647,646,688
690,652,650,629,118,322,120,294,324,295,388,683,296,688
690,383,745,695,734,694,645,647,652,650,648,685,646,688
690,652,650,648,649,322,120,294,324,295,293,296,688
690,383,745,695,694,645,647,646,689,684,296,293,686,688
690,383,292,289,661,663,651,664,630,118,629,650,648,685,646,688
690,652,647,648,649,322,120,294,324,295,293,296,688
690,652,382,651,664,115,117,118,630,629,649,648,647,645,646,688
690,645,647,652,382,651,664,630,118,629,649,323,686,688
690,652,647,648,650,629,630,118,322,649,323,686,293,296,688
690,383,292,289,661,663,651,664,630,629,650,652,647,648,685,646,688
