344,342,345,347,349,351,353,356,107,97,96,98,503,505,666,8,637,499,5,564,565,613,216,182,218,217,221,731,713
344,342,345,347,349,351,353,356,107,97,96,98,503,505,666,8,637,499,497,498,581,564,565,613,216,182,218,217,221,731,713
344,342,345,347,349,351,353,356,107,97,96,98,503,505,666,8,637,499,5,639,565,613,216,182,218,217,221,731,713
344,342,345,347,349,351,353,356,107,97,96,98,503,505,666,8,637,499,5,639,638,11,459,460,469,642,221,731,713
344,342,345,347,349,351,353,356,107,97,96,98,503,505,666,8,637,499,5,564,565,613,216,182,218,217,605,458,712,713
344,342,345,347,349,351,353,356,107,97,96,98,503,505,666,8,637,499,497,498,581,564,565,613,216,182,218,217,605,458,712,713
344,342,345,347,349,351,353,356,107,97,96,98,503,505,666,8,637,499,5,639,638,10,12,218,217,221,731,713
344,342,345,347,349,351,353,356,107,97,96,98,503,505,666,8,637,499,5,564,565,613,215,182,218,217,221,731,713
344,342,345,347,349,351,353,356,107,97,96,98,503,505,666,8,637,499,497,498,581,564,565,613,215,182,218,217,221,731,713
344,342,345,347,349,351,353,356,107,97,96,98,503,505,666,8,637,499,5,639,638,11,459,219,642,221,731,713
344,342,345,347,349,351,353,356,107,97,96,98,503,505,666,8,637,499,5,639,638,11,459,219,217,221,731,713
344,342,345,347,349,351,353,356,107,97,96,98,503,505,666,8,637,499,5,564,565,10,12,218,217,221,731,713
344,342,345,347,349,351,353,356,107,97,96,98,503,505,666,8,637,499,497,498,581,564,565,10,12,218,217,221,731,713
344,342,345,347,349,351,353,356,107,97,96,98,503,505,666,8,637,499,5,581,564,565,613,216,182,218,217,221,731,713
344,342,345,347,349,351,353,356,107,97,96,98,503,505,666,8,637,499,5,564,566,215,182,218,217,221,731,713
344,342,345,347,349,351,353,356,107,97,96,98,503,505,666,8,637,499,497,498,581,564,566,215,182,218,217,221,731,713
344,342,345,347,349,351,353,356,107,97,96,98,503,505,666,8,637,499,5,639,565,613,216,182,218,217,605,458,712,713
344,342,345,347,349,351,353,356,107,97,96,98,503,505,666,8,637,499,5,639,565,613,215,182,218,217,221,731,713
344,342,345,347,349,351,353,356,107,97,96,98,503,505,666,8,637,499,497,498,581,568,566,215,182,218,217,221,731,713
344,342,345,347,349,351,353,356,107,97,96,98,503,505,666,8,637,499,5,639,565,10,12,218,217,221,731,713
344,342,345,347,349,351,353,356,107,97,96,98,503,505,666,8,637,499,5,639,638,11,459,460,468,469,642,221,731,713
344,342,345,347,349,351,353,356,107,97,96,98,503,504,636,637,499,5,564,565,613,216,182,218,217,221,731,713
344,342,345,347,349,351,353,356,107,97,96,98,503,504,636,637,499,497,498,581,564,565,613,216,182,218,217,221,731,713
344,342,345,347,349,351,353,356,107,97,96,98,503,505,666,8,637,499,497,498,5,564,565,613,216,182,218,217,221,731,713
344,342,345,347,349,351,353,356,107,97,96,98,503,504,666,8,637,499,5,564,565,613,216,182,218,217,221,731,713
344,342,345,347,349,351,353,356,107,97,96,98,503,504,666,8,637,499,497,498,581,564,565,613,216,182,218,217,221,731,713
344,342,345,347,349,351,353,356,107,97,96,98,503,505,666,8,637,499,5,639,638,461,459,460,469,642,221,731,713
344,342,345,347,349,351,353,356,107,97,96,98,503,505,666,8,637,499,5,639,638,10,12,218,217,605,458,712,713
344,342,345,347,349,351,353,356,107,97,96,98,503,505,666,8,637,499,5,564,565,613,216,182,179,180,605,458,712,713
344,342,345,347,349,351,353,356,107,97,96,98,503,504,636,22,497,498,581,564,565,613,216,182,218,217,221,731,713
344,342,345,347,349,351,353,356,107,97,96,98,503,505,666,8,637,499,5,564,565,613,216,182,218,180,605,458,712,713
344,342,345,347,349,351,353,356,107,97,96,98,503,505,666,8,637,499,5,564,565,613,215,182,218,217,605,458,712,713
344,342,345,347,349,351,353,356,107,97,96,98,503,505,666,8,637,499,5,639,638,10,11,459,460,469,642,221,731,713
344,342,345,347,349,351,353,356,107,97,96,98,503,505,666,8,637,499,497,498,581,564,565,613,216,182,179,180,605,458,712,713
344,342,345,347,349,351,353,356,107,97,96,98,503,505,666,8,637,499,497,498,581,564,565,613,216,182,218,180,605,458,712,713
344,342,345,347,349,351,353,356,107,97,96,98,503,505,666,8,637,499,497,498,581,564,565,613,215,182,218,217,605,458,712,713
344,342,345,347,349,351,353,356,107,97,96,98,503,505,666,8,637,499,5,639,638,11,459,219,217,605,458,712,713
344,342,345,347,349,351,353,356,107,97,96,98,503,505,666,8,637,499,5,564,565,10,12,218,217,605,458,712,713
344,342,345,347,349,351,353,356,107,97,96,98,503,505,666,8,637,499,497,582,568,566,215,182,218,217,221,731,713
344,342,345,347,349,351,353,356,107,97,96,98,503,505,666,8,637,499,497,498,581,564,565,10,12,218,217,605,458,712,713
344,342,345,347,349,351,353,356,107,97,96,98,503,505,666,8,637,499,5,564,565,10,11,459,460,469,642,221,731,713
344,342,345,347,349,351,353,356,107,97,96,98,503,505,666,8,637,499,497,498,581,564,565,10,11,459,460,469,642,221,731,713
344,342,345,347,349,351,353,356,107,97,96,98,503,505,666,8,637,499,5,581,564,565,613,216,182,218,217,605,458,712,713
344,342,345,347,349,351,353,356,107,97,96,98,503,505,666,8,637,499,5,639,638,461,177,468,469,642,221,731,713
344,342,345,347,349,351,353,356,107,97,96,98,503,505,666,8,637,499,5,564,566,215,182,218,217,605,458,712,713
344,342,345,347,349,351,353,356,107,97,96,98,503,505,666,8,637,499,497,498,581,564,566,215,182,218,217,605,458,712,713
344,342,345,347,349,351,353,356,107,97,96,98,503,504,636,637,499,5,639,565,613,216,182,218,217,221,731,713
344,342,345,347,349,351,353,356,107,97,96,98,503,505,666,8,637,499,5,639,638,461,459,219,642,221,731,713
344,342,345,347,349,351,353,356,107,97,96,98,503,505,666,8,637,499,5,639,638,461,459,219,217,221,731,713
344,477,357,348,359,352,354,362,355,107,97,96,98,503,505,666,8,637,499,5,564,565,613,216,182,218,217,221,731,713
344,342,345,347,349,351,353,356,107,97,96,98,503,505,666,8,637,499,5,639,638,11,10,12,218,217,221,731,713
344,342,345,347,349,351,353,356,107,97,96,98,503,505,666,8,637,499,497,498,5,639,565,613,216,182,218,217,221,731,713
344,477,357,348,359,352,354,362,355,107,97,96,98,503,505,666,8,637,499,497,498,581,564,565,613,216,182,218,217,221,731,713
344,342,345,347,349,351,353,356,107,97,96,98,503,505,666,8,637,499,5,639,638,10,11,459,219,642,221,731,713
344,342,345,347,349,351,353,356,107,97,96,98,503,504,666,8,637,499,5,639,565,613,216,182,218,217,221,731,713
344,342,345,347,349,351,353,356,107,97,96,98,503,505,666,8,637,499,5,639,638,10,11,459,219,217,221,731,713
344,342,345,347,349,351,353,356,107,97,96,98,503,505,666,8,637,499,5,581,564,565,613,215,182,218,217,221,731,713
344,477,357,348,359,352,354,362,355,109,97,96,98,503,505,666,8,637,499,5,564,565,613,216,182,218,217,221,731,713
344,342,345,347,349,351,353,356,107,97,96,98,503,505,666,8,637,499,5,564,565,10,11,459,219,642,221,731,713
344,342,345,347,349,351,353,356,107,97,96,98,503,505,666,8,637,499,5,581,564,565,10,12,218,217,221,731,713
344,342,345,347,349,351,353,356,107,97,96,98,503,505,666,8,637,499,5,639,565,613,216,182,179,180,605,458,712,713
344,342,345,347,349,351,353,356,107,97,96,98,503,505,666,8,637,499,5,639,565,613,216,182,218,180,605,458,712,713
344,342,345,347,349,351,353,356,107,97,96,98,503,505,666,8,637,499,5,639,565,613,215,182,218,217,605,458,712,713
344,342,345,347,349,351,353,356,107,97,96,98,503,505,666,8,637,499,5,564,565,10,11,459,219,217,221,731,713
344,477,357,348,359,352,354,362,355,109,97,96,98,503,505,666,8,637,499,497,498,581,564,565,613,216,182,218,217,221,731,713
344,342,345,347,349,351,353,356,107,97,96,98,503,505,666,8,637,499,497,498,581,564,565,10,11,459,219,642,221,731,713
344,342,345,347,349,351,353,356,107,97,96,98,503,505,666,8,637,499,497,498,581,568,566,215,182,218,217,605,458,712,713
344,342,345,347,349,351,353,356,107,97,96,98,503,505,666,8,637,499,497,498,581,564,565,10,11,459,219,217,221,731,713
344,477,357,348,359,352,354,362,356,107,97,96,98,503,505,666,8,637,499,5,564,565,613,216,182,218,217,221,731,713
344,477,357,348,359,349,351,353,356,107,97,96,98,503,505,666,8,637,499,5,564,565,613,216,182,218,217,221,731,713
344,342,345,347,349,351,353,356,107,97,96,98,503,505,666,8,637,499,5,564,566,567,612,179,180,605,458,712,713
344,477,357,348,359,352,354,362,356,107,97,96,98,503,505,666,8,637,499,497,498,581,564,565,613,216,182,218,217,221,731,713
344,477,357,348,359,349,351,353,356,107,97,96,98,503,505,666,8,637,499,497,498,581,564,565,613,216,182,218,217,221,731,713
344,342,345,347,349,351,353,356,107,97,96,98,503,505,666,8,637,499,497,498,581,564,566,567,612,179,180,605,458,712,713
344,342,345,347,349,351,353,356,107,97,96,98,503,505,666,8,637,499,5,639,565,10,12,218,217,605,458,712,713
344,342,345,347,349,351,353,356,107,97,96,98,503,504,636,637,499,5,639,638,11,459,460,469,642,221,731,713
344,477,357,345,347,349,351,353,356,107,97,96,98,503,505,666,8,637,499,5,564,565,613,216,182,218,217,221,731,713
344,477,357,345,347,349,351,353,356,107,97,96,98,503,505,666,8,637,499,497,498,581,564,565,613,216,182,218,217,221,731,713
344,342,345,347,349,351,353,356,107,97,96,98,503,505,666,8,637,499,5,639,565,10,11,459,460,469,642,221,731,713
344,342,345,347,349,351,353,356,107,97,96,98,503,505,666,8,637,499,497,498,5,639,638,11,459,460,469,642,221,731,713
344,477,357,348,359,352,351,353,356,107,97,96,98,503,505,666,8,637,499,5,564,565,613,216,182,218,217,221,731,713
344,342,345,347,349,351,353,356,107,97,96,98,503,505,666,8,637,499,5,581,564,566,215,182,218,217,221,731,713
344,477,357,348,359,352,351,353,356,107,97,96,98,503,505,666,8,637,499,497,498,581,564,565,613,216,182,218,217,221,731,713
344,342,345,347,349,351,353,356,107,97,96,98,503,504,666,8,637,499,5,639,638,11,459,460,469,642,221,731,713
344,477,357,348,359,352,354,353,356,107,97,96,98,503,505,666,8,637,499,5,564,565,613,216,182,218,217,221,731,713
344,477,357,348,359,352,354,353,356,107,97,96,98,503,505,666,8,637,499,497,498,581,564,565,613,216,182,218,217,221,731,713
344,342,345,347,349,351,353,356,107,97,96,98,503,504,636,637,499,5,564,565,613,216,182,218,217,605,458,712,713
344,342,345,347,349,351,353,356,107,97,96,98,503,504,636,637,499,497,498,581,564,565,613,216,182,218,217,605,458,712,713
344,342,345,347,349,351,353,356,107,97,96,98,503,505,666,8,637,499,497,498,5,564,565,613,216,182,218,217,605,458,712,713
344,342,345,347,349,351,353,356,107,97,96,98,503,505,666,8,637,499,497,498,581,5,564,565,613,216,182,218,217,221,731,713
344,342,345,347,349,351,353,356,107,97,96,98,503,505,666,8,637,499,5,639,638,10,12,216,182,218,217,221,731,713
344,342,345,347,349,351,353,356,107,97,96,98,503,505,666,8,637,499,497,498,581,568,566,567,612,179,180,605,458,712,713
344,342,345,347,349,351,353,356,107,97,96,98,503,504,666,8,637,499,5,564,565,613,216,182,218,217,605,458,712,713
344,477,357,348,359,352,354,362,355,107,97,96,98,503,505,666,8,637,499,5,639,565,613,216,182,218,217,221,731,713
344,342,345,347,349,351,353,356,107,97,96,98,503,505,666,8,637,499,5,639,638,461,459,460,468,469,642,221,731,713
344,477,357,348,347,349,351,353,356,107,97,96,98,503,505,666,8,637,499,5,564,565,613,216,182,218,217,221,731,713
344,342,345,347,349,351,353,356,107,97,96,98,503,504,666,8,637,499,497,498,581,564,565,613,216,182,218,217,605,458,712,713
344,477,357,348,347,349,351,353,356,107,97,96,98,503,505,666,8,637,499,497,498,581,564,565,613,216,182,218,217,221,731,713
344,342,345,347,349,351,353,356,107,97,96,98,503,504,636,637,499,5,639,638,10,12,218,217,221,731,713
344,342,345,347,349,351,353,356,107,97,96,98,503,505,666,8,637,499,5,581,568,566,215,182,218,217,221,731,713
344,342,345,347,349,351,353,356,107,97,96,98,503,504,636,637,499,5,564,565,613,215,182,218,217,221,731,713
344,342,345,347,349,351,353,356,107,97,96,98,503,505,666,8,637,499,5,639,638,10,11,459,460,468,469,642,221,731,713
344,342,345,347,349,351,353,356,107,97,96,98,503,505,666,8,637,499,497,498,5,639,638,10,12,218,217,221,731,713
344,342,345,347,349,351,353,356,107,97,96,98,503,504,636,637,499,497,498,581,564,565,613,215,182,218,217,221,731,713
344,342,345,347,349,351,353,356,107,97,96,98,503,505,666,8,637,499,5,564,565,10,12,216,182,218,217,221,731,713
344,342,345,347,349,351,353,356,107,97,96,98,503,504,636,22,497,498,581,564,565,613,216,182,218,217,605,458,712,713
344,342,345,347,349,351,353,356,107,97,96,98,503,505,666,8,637,499,497,498,5,564,565,613,215,182,218,217,221,731,713
344,342,345,347,349,351,353,356,107,97,96,98,503,504,666,8,637,499,5,639,638,10,12,218,217,221,731,713
344,342,345,347,349,351,353,356,107,97,96,98,503,504,636,637,499,5,639,638,11,459,219,642,221,731,713
344,342,345,347,349,351,353,356,107,97,96,98,503,505,666,8,637,499,497,498,581,564,565,10,12,216,182,218,217,221,731,713
344,342,345,347,349,351,353,356,107,97,96,98,503,504,636,637,499,5,639,638,11,459,219,217,221,731,713
344,342,345,347,349,351,353,356,107,97,96,98,503,504,666,8,637,499,5,564,565,613,215,182,218,217,221,731,713
344,477,357,348,359,352,354,362,355,109,97,96,98,503,505,666,8,637,499,5,639,565,613,216,182,218,217,221,731,713
344,342,345,347,349,351,353,356,107,97,96,98,503,504,636,637,499,5,564,565,10,12,218,217,221,731,713
344,342,345,347,349,351,353,356,107,97,96,98,503,505,666,8,637,499,5,639,565,10,11,459,219,642,221,731,713
344,342,345,347,349,351,353,356,107,97,96,98,503,504,666,8,637,499,497,498,581,564,565,613,215,182,218,217,221,731,713
344,342,345,347,349,351,353,356,107,97,96,98,503,505,666,8,637,499,497,498,5,639,638,11,459,219,642,221,731,713
344,342,345,347,349,351,353,356,107,97,96,98,503,505,666,8,637,499,5,639,565,10,11,459,219,217,221,731,713
344,342,345,347,349,351,353,356,107,97,96,98,503,504,636,637,499,497,498,581,564,565,10,12,218,217,221,731,713
344,342,345,347,349,351,353,356,107,97,96,98,503,505,666,8,637,499,497,498,5,639,638,11,459,219,217,221,731,713
344,342,345,347,349,351,353,356,107,97,96,98,503,505,666,8,637,499,5,564,565,10,11,459,460,468,469,642,221,731,713
344,342,345,347,349,351,353,356,107,97,96,98,503,505,666,8,637,499,497,498,5,564,565,10,12,218,217,221,731,713
344,342,345,347,349,351,353,356,107,97,96,98,503,505,666,8,637,499,5,564,565,613,215,612,179,180,605,458,712,713
344,342,345,347,349,351,353,356,107,97,96,98,503,504,666,8,637,499,5,639,638,11,459,219,642,221,731,713
344,342,345,347,349,351,353,356,107,97,96,98,503,505,666,8,637,499,497,498,581,564,565,10,11,459,460,468,469,642,221,731,713
344,477,357,348,359,352,354,362,356,107,97,96,98,503,505,666,8,637,499,5,639,565,613,216,182,218,217,221,731,713
344,342,345,347,349,351,353,356,107,97,96,98,503,505,666,8,637,499,497,582,568,566,215,182,218,217,605,458,712,713
344,342,345,347,349,351,353,356,107,97,96,98,503,504,666,8,637,499,5,639,638,11,459,219,217,221,731,713
344,477,357,348,359,349,351,353,356,107,97,96,98,503,505,666,8,637,499,5,639,565,613,216,182,218,217,221,731,713
344,342,345,347,349,351,353,356,107,97,96,98,503,505,666,8,637,499,497,498,581,564,565,613,215,612,179,180,605,458,712,713
344,342,345,347,349,351,353,356,107,97,96,98,503,504,666,8,637,499,5,564,565,10,12,218,217,221,731,713
344,342,345,347,349,351,353,356,107,97,96,98,503,505,666,8,637,499,5,639,638,10,12,218,180,605,458,712,713
344,342,345,347,349,351,353,356,107,97,96,98,503,504,666,8,637,499,497,498,581,564,565,10,12,218,217,221,731,713
344,342,345,347,349,351,353,356,107,97,96,98,503,505,666,8,637,499,5,564,565,613,215,182,179,180,605,458,712,713
344,342,345,347,349,351,353,356,107,97,96,98,503,504,636,22,497,498,581,564,565,613,215,182,218,217,221,731,713
344,477,357,345,347,349,351,353,356,107,97,96,98,503,505,666,8,637,499,5,639,565,613,216,182,218,217,221,731,713
344,342,345,347,349,351,353,356,107,97,96,98,503,505,666,8,637,499,5,564,565,613,215,182,218,180,605,458,712,713
344,342,345,347,349,351,353,356,107,97,96,98,503,505,666,8,637,499,497,498,581,564,565,613,215,182,179,180,605,458,712,713
344,342,345,347,349,351,353,356,107,97,96,98,503,505,666,8,637,499,497,498,581,564,565,613,215,182,218,180,605,458,712,713
344,342,345,347,349,351,353,356,107,97,96,98,503,504,636,637,499,5,581,564,565,613,216,182,218,217,221,731,713
344,477,357,348,359,352,354,362,355,107,97,96,98,503,505,666,8,637,499,5,639,638,11,459,460,469,642,221,731,713
344,477,357,348,359,352,351,353,356,107,97,96,98,503,505,666,8,637,499,5,639,565,613,216,182,218,217,221,731,713
344,342,345,347,349,351,353,356,107,97,96,98,503,504,636,637,499,5,564,566,215,182,218,217,221,731,713
344,342,345,347,349,351,353,356,107,97,96,98,503,505,666,8,637,499,497,498,5,581,564,565,613,216,182,218,217,221,731,713
344,342,345,347,349,351,353,356,107,97,96,98,503,504,636,637,499,497,498,581,564,566,215,182,218,217,221,731,713
344,477,357,348,359,352,354,353,356,107,97,96,98,503,505,666,8,637,499,5,639,565,613,216,182,218,217,221,731,713
344,342,345,347,349,351,353,356,107,97,96,98,503,504,636,22,497,498,581,564,565,10,12,218,217,221,731,713
344,342,345,347,349,351,353,356,107,97,96,98,503,505,666,8,637,499,5,564,565,10,12,218,180,605,458,712,713
344,342,345,347,349,351,353,356,107,97,96,98,503,505,666,8,637,499,497,498,5,564,566,215,182,218,217,221,731,713
344,342,345,347,349,351,353,356,107,97,96,98,503,504,666,8,637,499,5,581,564,565,613,216,182,218,217,221,731,713
344,342,345,347,349,351,353,356,107,97,96,98,503,505,666,8,637,499,497,498,581,564,565,10,12,218,180,605,458,712,713
344,342,345,347,349,351,353,356,107,97,96,98,503,504,636,637,499,5,639,565,613,216,182,218,217,605,458,712,713
344,342,345,347,349,351,353,356,107,97,96,98,503,504,666,8,637,499,5,564,566,215,182,218,217,221,731,713
344,342,345,347,349,351,353,356,107,97,96,98,503,505,666,8,637,499,5,564,565,613,216,12,218,217,221,731,713
344,342,345,347,349,351,353,356,107,97,96,98,503,505,666,8,637,499,5,639,638,461,459,219,217,605,458,712,713
344,477,357,348,359,352,354,362,355,107,97,96,98,503,505,666,8,637,499,5,564,565,613,216,182,218,217,605,458,712,713
344,342,345,347,349,351,353,356,107,97,96,98,503,505,666,8,637,499,5,639,638,11,10,12,218,217,605,458,712,713
344,342,345,347,349,351,353,356,107,97,96,98,503,504,666,8,637,499,497,498,581,564,566,215,182,218,217,221,731,713
344,342,345,347,349,351,353,356,107,97,96,98,503,505,666,8,637,499,497,498,581,564,565,613,216,12,218,217,221,731,713
344,342,345,347,349,351,353,356,107,97,96,98,503,505,666,8,637,499,497,498,5,639,565,613,216,182,218,217,605,458,712,713
344,477,357,348,359,352,354,362,355,107,97,96,98,503,505,666,8,637,499,497,498,581,564,565,613,216,182,218,217,605,458,712,713
344,477,357,348,359,352,354,362,355,109,97,96,98,503,505,666,8,637,499,5,639,638,11,459,460,469,642,221,731,713
344,342,345,347,349,351,353,356,107,97,96,98,503,505,666,8,637,499,497,498,581,5,639,565,613,216,182,218,217,221,731,713
344,342,345,347,349,351,353,356,107,97,96,98,503,505,666,8,637,499,5,564,566,215,612,179,180,605,458,712,713
344,342,345,347,349,351,353,356,107,97,96,98,503,504,666,8,637,499,5,639,565,613,216,182,218,217,605,458,712,713
344,342,345,347,349,351,353,356,107,97,96,98,503,505,666,8,637,499,5,639,638,10,11,459,219,217,605,458,712,713
344,342,345,347,349,351,353,356,107,97,96,98,503,505,666,8,637,499,497,498,581,564,566,215,612,179,180,605,458,712,713
344,342,345,347,349,351,353,356,107,97,96,98,503,505,666,8,637,499,5,581,564,565,613,216,182,179,180,605,458,712,713
344,342,345,347,349,351,353,356,107,97,96,98,503,505,666,8,637,499,5,581,564,565,613,216,182,218,180,605,458,712,713
344,342,345,347,349,351,353,356,107,97,96,98,503,505,666,8,637,499,5,581,564,565,613,215,182,218,217,605,458,712,713
344,477,357,348,347,349,351,353,356,107,97,96,98,503,505,666,8,637,499,5,639,565,613,216,182,218,217,221,731,713
344,342,345,347,349,351,353,356,107,97,96,98,503,505,666,8,637,499,497,582,568,566,567,612,179,180,605,458,712,713
344,477,357,348,359,352,354,362,356,107,97,96,98,503,505,666,8,637,499,5,639,638,11,459,460,469,642,221,731,713
344,342,345,347,349,351,353,356,107,97,96,98,503,505,666,8,637,499,5,564,566,215,182,179,180,605,458,712,713
344,342,345,347,349,351,353,356,107,97,96,98,503,504,636,22,497,498,581,564,566,215,182,218,217,221,731,713
344,477,357,348,359,349,351,353,356,107,97,96,98,503,505,666,8,637,499,5,639,638,11,459,460,469,642,221,731,713
344,342,345,347,349,351,353,356,107,97,96,98,503,505,666,8,637,499,5,564,566,215,182,218,180,605,458,712,713
344,342,345,347,349,351,353,356,107,97,96,98,503,505,666,8,637,499,497,498,581,564,566,215,182,179,180,605,458,712,713
344,342,345,347,349,351,353,356,107,97,96,98,503,505,666,8,637,499,497,498,581,564,566,215,182,218,180,605,458,712,713
344,342,345,347,349,351,353,356,107,97,96,98,503,504,636,637,499,5,639,565,613,215,182,218,217,221,731,713
344,477,357,348,359,352,354,362,355,107,97,96,98,503,505,666,8,637,499,5,639,638,10,12,218,217,221,731,713
344,342,345,347,349,351,353,356,107,97,96,98,503,504,636,637,499,497,498,581,568,566,215,182,218,217,221,731,713
344,477,357,345,347,349,351,353,356,107,97,96,98,503,505,666,8,637,499,5,639,638,11,459,460,469,642,221,731,713
344,477,357,348,359,352,354,362,355,109,97,96,98,503,505,666,8,637,499,5,564,565,613,216,182,218,217,605,458,712,713
344,477,357,348,359,352,354,362,355,107,97,96,98,503,505,666,8,637,499,5,564,565,613,215,182,218,217,221,731,713
344,342,345,347,349,351,353,356,107,97,96,98,503,505,666,8,637,499,5,581,564,565,10,12,218,217,605,458,712,713
344,342,345,347,349,351,353,356,107,97,96,98,503,505,666,8,637,499,5,639,565,10,12,216,182,218,217,221,731,713
344,342,345,347,349,351,353,356,107,97,96,98,503,505,666,8,637,499,497,498,5,639,565,613,215,182,218,217,221,731,713
344,342,345,347,349,351,353,356,107,97,96,98,503,505,666,8,637,499,5,564,565,10,11,459,219,217,605,458,712,713
344,477,357,348,359,352,354,362,355,109,97,96,98,503,505,666,8,637,499,497,498,581,564,565,613,216,182,218,217,605,458,712,713
344,477,357,348,359,352,354,362,355,107,97,96,98,503,505,666,8,637,499,497,498,581,564,565,613,215,182,218,217,221,731,713
344,477,357,348,359,352,351,353,356,107,97,96,98,503,505,666,8,637,499,5,639,638,11,459,460,469,642,221,731,713
344,342,345,347,349,351,353,356,107,97,96,98,503,505,666,8,637,499,497,498,581,564,565,10,11,459,219,217,605,458,712,713
344,342,345,347,349,351,353,356,107,97,96,98,503,505,666,8,637,499,5,581,564,565,10,11,459,460,469,642,221,731,713
344,342,345,347,349,351,353,356,107,97,96,98,503,504,666,8,637,499,5,639,565,613,215,182,218,217,221,731,713
344,477,357,348,359,352,354,362,355,107,97,96,98,503,505,666,8,637,499,5,639,638,11,459,219,642,221,731,713
344,342,345,347,349,351,353,356,107,97,96,98,503,504,636,637,499,5,639,565,10,12,218,217,221,731,713
344,342,345,347,349,351,353,356,107,97,96,98,503,504,666,8,637,499,497,498,581,568,566,215,182,218,217,221,731,713
344,342,345,347,349,351,353,356,107,97,96,98,503,504,636,637,499,5,639,638,11,459,460,468,469,642,221,731,713
344,477,357,348,359,352,354,362,356,107,97,96,98,503,505,666,8,637,499,5,564,565,613,216,182,218,217,605,458,712,713
344,477,357,348,359,352,354,353,356,107,97,96,98,503,505,666,8,637,499,5,639,638,11,459,460,469,642,221,731,713
344,477,357,348,359,349,351,353,356,107,97,96,98,503,505,666,8,637,499,5,564,565,613,216,182,218,217,605,458,712,713
344,477,357,348,359,352,354,362,355,107,97,96,98,503,505,666,8,637,499,5,639,638,11,459,219,217,221,731,713
344,477,357,348,359,352,354,362,356,107,97,96,98,503,505,666,8,637,499,497,498,581,564,565,613,216,182,218,217,605,458,712,713
344,477,357,348,359,352,354,362,355,107,97,96,98,503,505,666,8,637,499,5,564,565,10,12,218,217,221,731,713
344,477,357,348,359,349,351,353,356,107,97,96,98,503,505,666,8,637,499,497,498,581,564,565,613,216,182,218,217,605,458,712,713
344,342,345,347,349,351,353,356,107,97,96,98,503,505,666,8,637,499,5,639,565,10,11,459,460,468,469,642,221,731,713
344,342,345,347,349,351,353,356,107,97,96,98,503,505,666,8,637,499,497,498,5,639,565,10,12,218,217,221,731,713
344,476,723,477,357,348,359,352,354,362,355,107,97,96,98,503,505,666,8,637,499,5,564,565,613,216,182,218,217,221,731,713
344,342,345,347,349,351,353,356,107,97,96,98,503,505,666,8,637,499,497,498,5,639,638,11,459,460,468,469,642,221,731,713
344,342,345,347,349,351,353,356,107,97,96,98,503,505,666,8,637,499,5,639,565,613,215,612,179,180,605,458,712,713
344,477,357,345,347,349,351,353,356,107,97,96,98,503,505,666,8,637,499,5,564,565,613,216,182,218,217,605,458,712,713
344,477,357,348,359,352,354,362,355,107,97,96,98,503,505,666,8,637,499,497,498,581,564,565,10,12,218,217,221,731,713
344,342,345,347,349,351,353,356,107,97,96,98,503,505,666,8,637,499,497,498,581,568,566,215,612,179,180,605,458,712,713
344,477,357,348,359,352,354,362,355,109,97,96,98,503,505,666,8,637,499,5,639,638,10,12,218,217,221,731,713
344,476,723,477,357,348,359,352,354,362,355,107,97,96,98,503,505,666,8,637,499,497,498,581,564,565,613,216,182,218,217,221,731,713
344,477,357,345,347,349,351,353,356,107,97,96,98,503,505,666,8,637,499,497,498,581,564,565,613,216,182,218,217,605,458,712,713
344,342,345,347,349,351,353,356,107,97,96,98,503,504,666,8,637,499,5,639,565,10,12,218,217,221,731,713
344,342,345,347,349,351,353,356,107,97,96,98,503,504,666,8,637,499,5,639,638,11,459,460,468,469,642,221,731,713
344,342,345,347,349,351,353,356,107,97,96,98,503,504,636,22,497,498,581,568,566,215,182,218,217,221,731,713
344,477,357,348,359,352,354,362,355,109,97,96,98,503,505,666,8,637,499,5,564,565,613,215,182,218,217,221,731,713
344,477,357,348,359,352,351,353,356,107,97,96,98,503,505,666,8,637,499,5,564,565,613,216,182,218,217,605,458,712,713
344,342,345,347,349,351,353,356,107,97,96,98,503,505,666,8,637,499,5,639,565,613,215,182,179,180,605,458,712,713
344,342,345,347,349,351,353,356,107,97,96,98,503,505,666,8,637,499,5,639,565,613,215,182,218,180,605,458,712,713
344,342,345,347,349,351,353,356,107,97,96,98,503,505,666,8,637,499,5,581,564,566,215,182,218,217,605,458,712,713
344,342,345,347,349,351,353,356,107,97,96,98,503,505,666,8,637,499,497,498,581,568,566,215,182,179,180,605,458,712,713
344,477,357,348,359,352,354,362,355,109,97,96,98,503,505,666,8,637,499,497,498,581,564,565,613,215,182,218,217,221,731,713
344,342,345,347,349,351,353,356,107,97,96,98,503,505,666,8,637,499,497,498,581,5,639,638,11,459,460,469,642,221,731,713
344,342,345,347,349,351,353,356,107,97,96,98,503,505,666,8,637,499,497,498,581,568,566,215,182,218,180,605,458,712,713
344,477,357,348,359,352,351,353,356,107,97,96,98,503,505,666,8,637,499,497,498,581,564,565,613,216,182,218,217,605,458,712,713
344,477,357,348,359,352,354,362,356,107,97,96,98,503,505,666,8,637,499,5,639,638,10,12,218,217,221,731,713
344,477,357,348,359,352,354,353,356,107,97,96,98,503,505,666,8,637,499,5,564,565,613,216,182,218,217,605,458,712,713
344,477,357,348,359,349,351,353,356,107,97,96,98,503,505,666,8,637,499,5,639,638,10,12,218,217,221,731,713
344,477,357,348,359,352,354,362,355,109,97,96,98,503,505,666,8,637,499,5,639,638,11,459,219,642,221,731,713
344,477,357,348,347,349,351,353,356,107,97,96,98,503,505,666,8,637,499,5,639,638,11,459,460,469,642,221,731,713
344,477,357,348,359,352,354,353,356,107,97,96,98,503,505,666,8,637,499,497,498,581,564,565,613,216,182,218,217,605,458,712,713
344,477,357,348,359,352,354,362,356,107,97,96,98,503,505,666,8,637,499,5,564,565,613,215,182,218,217,221,731,713
344,477,357,348,359,349,351,353,356,107,97,96,98,503,505,666,8,637,499,5,564,565,613,215,182,218,217,221,731,713
344,477,357,348,359,352,354,362,355,107,97,96,98,503,505,666,8,637,499,5,581,564,565,613,216,182,218,217,221,731,713
344,477,357,348,359,352,354,362,355,109,97,96,98,503,505,666,8,637,499,5,639,638,11,459,219,217,221,731,713
344,342,345,347,349,351,353,356,107,97,96,98,503,504,636,637,499,497,498,5,564,565,613,216,182,218,217,221,731,713
344,477,357,348,359,352,354,362,356,107,97,96,98,503,505,666,8,637,499,497,498,581,564,565,613,215,182,218,217,221,731,713
344,477,357,345,347,349,351,353,356,107,97,96,98,503,505,666,8,637,499,5,639,638,10,12,218,217,221,731,713
344,477,357,348,359,352,354,362,355,109,97,96,98,503,505,666,8,637,499,5,564,565,10,12,218,217,221,731,713
344,477,357,348,359,349,351,353,356,107,97,96,98,503,505,666,8,637,499,497,498,581,564,565,613,215,182,218,217,221,731,713
344,477,357,348,359,352,354,362,355,107,97,96,98,503,505,666,8,637,499,5,564,566,215,182,218,217,221,731,713
344,342,345,347,349,351,353,356,107,97,96,98,503,505,666,8,637,499,5,639,565,10,12,218,180,605,458,712,713
344,476,723,477,357,348,359,352,354,362,355,109,97,96,98,503,505,666,8,637,499,5,564,565,613,216,182,218,217,221,731,713
344,477,357,348,359,352,354,362,355,109,97,96,98,503,505,666,8,637,499,497,498,581,564,565,10,12,218,217,221,731,713
344,477,357,345,347,349,351,353,356,107,97,96,98,503,505,666,8,637,499,5,564,565,613,215,182,218,217,221,731,713
344,477,357,348,359,352,354,362,356,107,97,96,98,503,505,666,8,637,499,5,639,638,11,459,219,642,221,731,713
344,477,357,348,359,352,354,362,355,107,97,96,98,503,505,666,8,637,499,497,498,581,564,566,215,182,218,217,221,731,713
344,476,723,477,357,348,359,352,354,362,355,109,97,96,98,503,505,666,8,637,499,497,498,581,564,565,613,216,182,218,217,221,731,713
344,477,357,348,359,349,351,353,356,107,97,96,98,503,505,666,8,637,499,5,639,638,11,459,219,642,221,731,713
344,477,357,345,347,349,351,353,356,107,97,96,98,503,505,666,8,637,499,497,498,581,564,565,613,215,182,218,217,221,731,713
344,477,357,348,359,352,351,353,356,107,97,96,98,503,505,666,8,637,499,5,639,638,10,12,218,217,221,731,713
344,477,357,348,359,352,354,362,356,107,97,96,98,503,505,666,8,637,499,5,639,638,11,459,219,217,221,731,713
344,477,357,348,359,349,351,353,356,107,97,96,98,503,505,666,8,637,499,5,639,638,11,459,219,217,221,731,713
344,342,345,347,349,351,353,356,107,97,96,98,503,505,666,8,637,499,497,498,581,5,564,565,613,216,182,218,217,605,458,712,713
344,477,357,348,359,352,354,362,356,107,97,96,98,503,505,666,8,637,499,5,564,565,10,12,218,217,221,731,713
344,342,345,347,349,351,353,356,107,97,96,98,503,505,666,8,637,499,5,639,565,613,216,12,218,217,221,731,713
344,477,357,348,359,349,351,353,356,107,97,96,98,503,505,666,8,637,499,5,564,565,10,12,218,217,221,731,713
344,342,345,347,349,351,353,356,107,97,96,98,503,505,666,8,637,499,5,639,638,10,12,216,182,218,217,605,458,712,713
344,477,357,348,359,352,351,353,356,107,97,96,98,503,505,666,8,637,499,5,564,565,613,215,182,218,217,221,731,713
344,342,345,347,349,351,353,356,107,97,96,98,503,504,666,8,637,499,497,498,5,564,565,613,216,182,218,217,221,731,713
344,477,357,345,347,349,351,353,356,107,97,96,98,503,505,666,8,637,499,5,639,638,11,459,219,642,221,731,713
344,476,723,477,357,348,359,352,354,362,356,107,97,96,98,503,505,666,8,637,499,5,564,565,613,216,182,218,217,221,731,713
344,477,357,348,359,352,354,353,356,107,97,96,98,503,505,666,8,637,499,5,639,638,10,12,218,217,221,731,713
344,477,357,348,359,352,354,362,355,107,97,96,98,503,505,666,8,637,499,5,639,565,613,216,182,218,217,605,458,712,713
344,477,357,348,359,352,354,362,356,107,97,96,98,503,505,666,8,637,499,497,498,581,564,565,10,12,218,217,221,731,713
344,476,723,477,357,348,359,349,351,353,356,107,97,96,98,503,505,666,8,637,499,5,564,565,613,216,182,218,217,221,731,713
344,342,345,347,349,351,353,356,107,97,96,98,503,505,666,8,637,499,5,639,588,638,11,459,460,469,642,221,731,713
344,342,345,347,349,351,353,356,107,97,96,98,503,504,636,637,499,5,639,638,461,459,460,469,642,221,731,713
344,477,357,348,359,349,351,353,356,107,97,96,98,503,505,666,8,637,499,497,498,581,564,565,10,12,218,217,221,731,713
344,477,357,348,359,352,351,353,356,107,97,96,98,503,505,666,8,637,499,497,498,581,564,565,613,215,182,218,217,221,731,713
344,477,357,345,347,349,351,353,356,107,97,96,98,503,505,666,8,637,499,5,639,638,11,459,219,217,221,731,713
344,477,357,348,347,349,351,353,356,107,97,96,98,503,505,666,8,637,499,5,564,565,613,216,182,218,217,605,458,712,713
344,476,723,477,357,348,359,352,354,362,356,107,97,96,98,503,505,666,8,637,499,497,498,581,564,565,613,216,182,218,217,221,731,713
344,477,357,348,359,352,354,353,356,107,97,96,98,503,505,666,8,637,499,5,564,565,613,215,182,218,217,221,731,713
344,476,723,477,357,348,359,349,351,353,356,107,97,96,98,503,505,666,8,637,499,497,498,581,564,565,613,216,182,218,217,221,731,713
344,477,357,345,347,349,351,353,356,107,97,96,98,503,505,666,8,637,499,5,564,565,10,12,218,217,221,731,713
344,477,357,348,347,349,351,353,356,107,97,96,98,503,505,666,8,637,499,497,498,581,564,565,613,216,182,218,217,605,458,712,713
344,342,345,347,349,351,353,356,107,97,96,98,503,504,636,637,499,5,639,638,10,12,218,217,605,458,712,713
344,477,357,348,359,352,354,353,356,107,97,96,98,503,505,666,8,637,499,497,498,581,564,565,613,215,182,218,217,221,731,713
344,476,723,477,357,345,347,349,351,353,356,107,97,96,98,503,505,666,8,637,499,5,564,565,613,216,182,218,217,221,731,713
344,477,357,348,359,352,351,353,356,107,97,96,98,503,505,666,8,637,499,5,639,638,11,459,219,642,221,731,713
344,477,357,345,347,349,351,353,356,107,97,96,98,503,505,666,8,637,499,497,498,581,564,565,10,12,218,217,221,731,713
344,477,357,348,359,352,354,362,355,109,97,96,98,503,505,666,8,637,499,5,581,564,565,613,216,182,218,217,221,731,713
344,342,345,347,349,351,353,356,107,97,96,98,503,505,666,8,637,499,497,498,5,639,638,461,459,460,469,642,221,731,713
344,342,345,347,349,351,353,356,107,97,96,98,503,505,666,8,637,499,5,581,564,565,10,11,459,219,642,221,731,713
344,342,345,347,349,351,353,356,107,97,96,98,503,505,666,8,637,499,5,581,568,566,215,182,218,217,605,458,712,713
344,342,345,347,349,351,353,356,107,97,96,98,503,504,636,637,499,5,564,565,613,216,182,179,180,605,458,712,713
344,477,357,348,359,352,351,353,356,107,97,96,98,503,505,666,8,637,499,5,639,638,11,459,219,217,221,731,713
344,342,345,347,349,351,353,356,107,97,96,98,503,504,636,637,499,5,564,565,613,216,182,218,180,605,458,712,713
344,476,723,477,357,345,347,349,351,353,356,107,97,96,98,503,505,666,8,637,499,497,498,581,564,565,613,216,182,218,217,221,731,713
344,342,345,347,349,351,353,356,107,97,96,98,503,504,636,637,499,5,564,565,613,215,182,218,217,605,458,712,713
344,342,345,347,349,351,353,356,107,97,96,98,503,505,666,8,637,499,5,581,564,565,10,11,459,219,217,221,731,713
344,342,345,347,349,351,353,356,107,97,96,98,503,504,636,637,499,5,639,638,10,11,459,460,469,642,221,731,713
344,477,357,348,359,352,351,353,356,107,97,96,98,503,505,666,8,637,499,5,564,565,10,12,218,217,221,731,713
344,477,357,348,359,352,354,353,356,107,97,96,98,503,505,666,8,637,499,5,639,638,11,459,219,642,221,731,713
344,342,345,347,349,351,353,356,107,97,96,98,503,504,636,637,499,497,498,581,564,565,613,216,182,179,180,605,458,712,713
344,477,357,348,359,352,354,362,355,109,97,96,98,503,505,666,8,637,499,5,564,566,215,182,218,217,221,731,713
344,342,345,347,349,351,353,356,107,97,96,98,503,504,636,637,499,497,498,581,564,565,613,216,182,218,180,605,458,712,713
344,342,345,347,349,351,353,356,107,97,96,98,503,504,636,22,497,498,5,564,565,613,216,182,218,217,221,731,713
344,342,345,347,349,351,353,356,107,97,96,98,503,505,666,8,637,499,497,498,5,639,638,10,12,218,217,605,458,712,713
344,342,345,347,349,351,353,356,107,97,96,98,503,504,636,637,499,497,498,581,564,565,613,215,182,218,217,605,458,712,713
344,342,345,347,349,351,353,356,107,97,96,98,503,504,666,8,637,499,5,639,638,461,459,460,469,642,221,731,713
344,476,723,477,357,348,359,352,351,353,356,107,97,96,98,503,505,666,8,637,499,5,564,565,613,216,182,218,217,221,731,713
344,477,357,348,359,352,354,353,356,107,97,96,98,503,505,666,8,637,499,5,639,638,11,459,219,217,221,731,713
344,477,357,348,359,352,351,353,356,107,97,96,98,503,505,666,8,637,499,497,498,581,564,565,10,12,218,217,221,731,713
344,477,357,348,359,352,354,362,355,109,97,96,98,503,505,666,8,637,499,497,498,581,564,566,215,182,218,217,221,731,713
344,342,345,347,349,351,353,356,107,97,96,98,503,505,666,8,637,499,5,564,565,10,12,216,182,218,217,605,458,712,713
344,342,345,347,349,351,353,356,107,97,96,98,503,505,666,8,637,499,497,498,5,564,565,613,216,182,179,180,605,458,712,713
344,342,345,347,349,351,353,356,107,97,96,98,503,505,666,8,637,499,497,498,581,5,639,638,10,12,218,217,221,731,713
344,342,345,347,349,351,353,356,107,97,96,98,503,505,666,8,637,499,497,498,5,564,565,613,216,182,218,180,605,458,712,713
344,342,345,347,349,351,353,356,107,97,96,98,503,505,666,8,637,499,497,498,5,564,565,613,215,182,218,217,605,458,712,713
344,477,357,348,359,352,354,353,356,107,97,96,98,503,505,666,8,637,499,5,564,565,10,12,218,217,221,731,713
344,477,357,348,359,352,354,362,356,107,97,96,98,503,505,666,8,637,499,5,581,564,565,613,216,182,218,217,221,731,713
344,476,723,477,357,348,359,352,351,353,356,107,97,96,98,503,505,666,8,637,499,497,498,581,564,565,613,216,182,218,217,221,731,713
344,342,345,347,349,351,353,356,107,97,96,98,503,505,666,8,637,499,497,498,5,639,638,10,11,459,460,469,642,221,731,713
344,477,357,348,359,349,351,353,356,107,97,96,98,503,505,666,8,637,499,5,581,564,565,613,216,182,218,217,221,731,713
344,342,345,347,349,351,353,356,107,97,96,98,503,504,666,8,637,499,5,639,638,10,12,218,217,605,458,712,713
344,342,345,347,349,351,353,356,107,97,96,98,503,505,666,8,637,499,497,498,581,564,565,10,12,216,182,218,217,605,458,712,713
344,476,723,477,357,348,359,352,354,353,356,107,97,96,98,503,505,666,8,637,499,5,564,565,613,216,182,218,217,221,731,713
344,342,345,347,349,351,353,356,107,97,96,98,503,505,666,8,637,499,497,498,581,5,564,565,613,215,182,218,217,221,731,713
344,477,357,348,359,352,354,353,356,107,97,96,98,503,505,666,8,637,499,497,498,581,564,565,10,12,218,217,221,731,713
344,342,345,347,349,351,353,356,107,97,96,98,503,505,666,8,637,499,5,581,564,566,567,612,179,180,605,458,712,713
344,342,345,347,349,351,353,356,107,97,96,98,503,504,636,637,499,5,639,638,11,459,219,217,605,458,712,713
344,342,345,347,349,351,353,356,107,97,96,98,503,504,666,8,637,499,5,564,565,613,216,182,179,180,605,458,712,713
344,477,357,348,347,349,351,353,356,107,97,96,98,503,505,666,8,637,499,5,639,638,10,12,218,217,221,731,713
344,342,345,347,349,351,353,356,107,97,96,98,503,504,666,8,637,499,5,564,565,613,216,182,218,180,605,458,712,713
344,477,357,348,359,352,354,362,356,107,97,96,98,503,505,666,8,637,499,5,564,566,215,182,218,217,221,731,713
344,342,345,347,349,351,353,356,107,97,96,98,503,504,666,8,637,499,5,564,565,613,215,182,218,217,605,458,712,713
344,476,723,477,357,348,359,352,354,353,356,107,97,96,98,503,505,666,8,637,499,497,498,581,564,565,613,216,182,218,217,221,731,713
344,477,357,348,359,352,354,362,355,109,97,96,98,503,505,666,8,637,499,5,639,565,613,216,182,218,217,605,458,712,713
344,477,357,348,359,349,351,353,356,107,97,96,98,503,505,666,8,637,499,5,564,566,215,182,218,217,221,731,713
344,477,357,348,359,352,354,362,355,107,97,96,98,503,505,666,8,637,499,5,639,565,613,215,182,218,217,221,731,713
344,342,345,347,349,351,353,356,107,97,96,98,503,504,636,637,499,5,564,565,10,12,218,217,605,458,712,713
344,342,345,347,349,351,353,356,107,97,96,98,503,504,666,8,637,499,5,639,638,10,11,459,460,469,642,221,731,713
344,477,357,345,347,349,351,353,356,107,97,96,98,503,505,666,8,637,499,5,581,564,565,613,216,182,218,217,221,731,713
344,342,345,347,349,351,353,356,107,97,96,98,503,504,666,8,637,499,497,498,581,564,565,613,216,182,179,180,605,458,712,713
344,477,357,348,359,352,354,362,355,107,97,96,98,503,505,666,8,637,499,497,498,581,568,566,215,182,218,217,221,731,713
344,342,345,347,349,351,353,356,107,97,96,98,503,504,666,8,637,499,497,498,581,564,565,613,216,182,218,180,605,458,712,713
344,477,357,348,359,352,354,362,356,107,97,96,98,503,505,666,8,637,499,497,498,581,564,566,215,182,218,217,221,731,713
344,477,357,348,347,349,351,353,356,107,97,96,98,503,505,666,8,637,499,5,564,565,613,215,182,218,217,221,731,713
344,342,345,347,349,351,353,356,107,97,96,98,503,504,666,8,637,499,497,498,581,564,565,613,215,182,218,217,605,458,712,713
344,342,345,347,349,351,353,356,107,97,96,98,503,504,636,637,499,497,582,568,566,215,182,218,217,221,731,713
344,342,345,347,349,351,353,356,107,97,96,98,503,505,666,8,637,499,5,639,565,10,11,459,219,217,605,458,712,713
344,477,357,348,359,349,351,353,356,107,97,96,98,503,505,666,8,637,499,497,498,581,564,566,215,182,218,217,221,731,713
344,342,345,347,349,351,353,356,107,97,96,98,503,505,666,8,637,499,5,498,581,564,565,613,216,182,218,217,221,731,713
344,342,345,347,349,351,353,356,107,97,96,98,503,504,636,637,499,497,498,581,564,565,10,12,218,217,605,458,712,713
344,342,345,347,349,351,353,356,107,97,96,98,503,505,666,8,637,499,497,498,5,639,638,11,459,219,217,605,458,712,713
344,477,357,348,347,349,351,353,356,107,97,96,98,503,505,666,8,637,499,497,498,581,564,565,613,215,182,218,217,221,731,713
344,342,345,347,349,351,353,356,107,97,96,98,503,504,636,637,499,5,564,565,10,11,459,460,469,642,221,731,713
344,342,345,347,349,351,353,356,107,97,96,98,503,505,666,8,637,499,497,498,581,5,639,638,11,459,219,642,221,731,713
344,477,357,345,347,349,351,353,356,107,97,96,98,503,505,666,8,637,499,5,564,566,215,182,218,217,221,731,713
344,342,345,347,349,351,353,356,107,97,96,98,503,505,666,8,637,499,497,498,5,564,565,10,12,218,217,605,458,712,713
344,342,345,347,349,351,353,356,107,97,96,98,503,505,666,8,637,499,497,498,581,5,639,638,11,459,219,217,221,731,713
344,342,345,347,349,351,353,356,107,97,96,98,503,504,636,637,499,497,498,581,564,565,10,11,459,460,469,642,221,731,713
344,477,357,348,359,352,351,353,356,107,97,96,98,503,505,666,8,637,499,5,581,564,565,613,216,182,218,217,221,731,713
344,477,357,345,347,349,351,353,356,107,97,96,98,503,505,666,8,637,499,497,498,581,564,566,215,182,218,217,221,731,713
344,477,357,348,359,352,354,362,356,107,97,96,98,503,505,666,8,637,499,5,639,565,613,216,182,218,217,605,458,712,713
344,342,345,347,349,351,353,356,107,97,96,98,503,504,666,8,637,499,5,639,638,11,459,219,217,605,458,712,713
344,477,357,348,359,349,351,353,356,107,97,96,98,503,505,666,8,637,499,5,639,565,613,216,182,218,217,605,458,712,713
344,342,345,347,349,351,353,356,107,97,96,98,503,505,666,8,637,499,497,498,581,5,564,565,10,12,218,217,221,731,713
344,477,357,348,347,349,351,353,356,107,97,96,98,503,505,666,8,637,499,5,639,638,11,459,219,642,221,731,713
344,342,345,347,349,351,353,356,107,97,96,98,503,505,666,8,637,499,497,498,5,564,565,10,11,459,460,469,642,221,731,713
344,342,345,347,349,351,353,356,107,97,96,98,503,504,666,8,637,499,5,564,565,10,12,218,217,605,458,712,713
344,477,357,348,347,349,351,353,356,107,97,96,98,503,505,666,8,637,499,5,639,638,11,459,219,217,221,731,713
344,477,357,348,359,352,354,362,355,107,97,96,98,503,505,666,8,637,499,5,639,565,10,12,218,217,221,731,713
344,477,357,348,359,352,351,353,356,107,97,96,98,503,505,666,8,637,499,5,564,566,215,182,218,217,221,731,713
344,477,357,348,359,352,354,362,355,107,97,96,98,503,505,666,8,637,499,5,639,638,11,459,460,468,469,642,221,731,713
344,477,357,348,359,352,354,353,356,107,97,96,98,503,505,666,8,637,499,5,581,564,565,613,216,182,218,217,221,731,713
344,342,345,347,349,351,353,356,107,97,96,98,503,504,666,8,637,499,497,582,568,566,215,182,218,217,221,731,713
344,342,345,346,384,350,26,372,373,390,108,21,19,22,497,498,581,564,565,613,216,182,218,217,221,731,713
344,342,345,347,349,351,353,356,107,97,96,98,503,504,636,22,497,498,581,564,565,613,216,182,179,180,605,458,712,713
344,477,357,348,347,349,351,353,356,107,97,96,98,503,505,666,8,637,499,5,564,565,10,12,218,217,221,731,713
344,342,345,347,349,351,353,356,107,97,96,98,503,504,636,22,497,498,581,564,565,613,216,182,218,180,605,458,712,713
344,342,345,347,349,351,353,356,107,97,96,98,503,504,666,8,637,499,497,498,581,564,565,10,12,218,217,605,458,712,713
344,476,723,477,357,348,359,352,354,362,355,107,97,96,98,503,505,666,8,637,499,5,639,565,613,216,182,218,217,221,731,713
344,342,345,347,349,351,353,356,107,97,96,98,503,504,636,22,497,498,581,564,565,613,215,182,218,217,605,458,712,713
344,477,357,345,347,349,351,353,356,107,97,96,98,503,505,666,8,637,499,5,639,565,613,216,182,218,217,605,458,712,713
344,342,345,347,349,351,353,356,107,97,96,98,503,505,666,8,637,499,5,639,588,638,10,12,218,217,221,731,713
344,477,357,348,359,352,351,353,356,107,97,96,98,503,505,666,8,637,499,497,498,581,564,566,215,182,218,217,221,731,713
344,342,345,347,349,351,353,356,107,97,96,98,503,504,666,8,637,499,5,564,565,10,11,459,460,469,642,221,731,713
344,476,723,477,357,348,347,349,351,353,356,107,97,96,98,503,505,666,8,637,499,5,564,565,613,216,182,218,217,221,731,713
344,477,357,348,359,352,354,353,356,107,97,96,98,503,505,666,8,637,499,5,564,566,215,182,218,217,221,731,713
344,477,357,348,347,349,351,353,356,107,97,96,98,503,505,666,8,637,499,497,498,581,564,565,10,12,218,217,221,731,713
344,342,345,347,349,351,353,356,107,97,96,98,503,504,636,637,499,5,581,564,565,613,216,182,218,217,605,458,712,713
344,342,345,347,349,351,353,356,107,97,96,98,503,504,666,8,637,499,497,498,581,564,565,10,11,459,460,469,642,221,731,713
344,342,345,346,384,350,26,372,373,390,108,18,19,22,497,498,581,564,565,613,216,182,218,217,221,731,713
344,476,723,477,357,348,347,349,351,353,356,107,97,96,98,503,505,666,8,637,499,497,498,581,564,565,613,216,182,218,217,221,731,713
344,477,357,348,359,352,354,353,356,107,97,96,98,503,505,666,8,637,499,497,498,581,564,566,215,182,218,217,221,731,713
344,342,345,347,349,351,353,356,107,97,96,98,503,504,636,637,499,5,639,638,461,177,468,469,642,221,731,713
344,477,357,348,359,352,354,362,355,109,97,96,98,503,505,666,8,637,499,5,639,565,613,215,182,218,217,221,731,713
344,342,345,347,349,351,353,356,107,97,96,98,503,505,666,8,637,499,497,582,568,566,215,612,179,180,605,458,712,713
344,342,345,347,349,351,353,356,107,97,96,98,503,504,636,22,85,582,568,566,215,182,218,217,221,731,713
344,477,357,348,359,352,351,353,356,107,97,96,98,503,505,666,8,637,499,5,639,565,613,216,182,218,217,605,458,712,713
344,342,345,347,349,351,26,372,373,390,108,21,19,22,497,498,581,564,565,613,216,182,218,217,221,731,713
344,477,357,348,359,352,354,362,355,109,97,96,98,503,505,666,8,637,499,497,498,581,568,566,215,182,218,217,221,731,713
344,342,345,347,349,351,353,356,107,97,96,98,503,504,636,637,499,5,564,566,215,182,218,217,605,458,712,713
344,342,345,347,349,351,353,356,107,97,96,98,503,505,666,8,637,499,5,639,638,11,10,12,216,182,218,217,221,731,713
344,342,345,347,384,350,26,372,373,390,108,21,19,22,497,498,581,564,565,613,216,182,218,217,221,731,713
344,342,345,347,349,350,26,372,373,390,108,21,19,22,497,498,581,564,565,613,216,182,218,217,221,731,713
344,342,345,346,384,350,26,372,373,390,214,18,19,22,497,498,581,564,565,613,216,182,218,217,221,731,713
344,342,345,347,349,351,353,356,107,97,96,98,503,505,666,8,637,499,497,498,5,581,564,565,613,216,182,218,217,605,458,712,713
344,342,345,347,349,351,353,356,107,97,96,98,503,504,636,637,499,497,498,581,564,566,215,182,218,217,605,458,712,713
344,342,345,347,349,351,353,356,107,97,96,98,503,504,636,22,497,582,568,566,215,182,218,217,221,731,713
344,342,345,347,349,351,353,356,107,97,96,98,503,505,666,8,637,499,5,639,588,638,11,459,219,642,221,731,713
344,477,357,348,359,352,354,353,356,107,97,96,98,503,505,666,8,637,499,5,639,565,613,216,182,218,217,605,458,712,713
344,342,345,347,349,351,353,356,107,97,96,98,503,505,666,8,637,499,5,581,568,566,567,612,179,180,605,458,712,713
344,342,345,347,349,351,353,356,107,97,96,98,503,504,636,637,499,5,639,638,461,459,219,642,221,731,713
344,342,345,347,349,351,353,356,107,97,96,98,503,505,666,8,637,499,497,498,5,639,638,461,177,468,469,642,221,731,713
344,342,345,347,349,351,353,356,107,97,96,98,503,504,636,22,497,498,581,564,565,10,12,218,217,605,458,712,713
344,342,345,347,349,351,26,372,373,390,108,18,19,22,497,498,581,564,565,613,216,182,218,217,221,731,713
344,342,345,347,349,351,353,356,107,97,96,98,503,505,666,8,637,499,5,639,588,638,11,459,219,217,221,731,713
344,342,345,347,349,351,353,356,107,97,96,98,503,504,636,637,499,5,639,638,461,459,219,217,221,731,713
344,342,345,347,349,351,353,356,107,97,96,98,503,505,666,8,637,499,497,582,568,566,215,182,179,180,605,458,712,713
344,342,345,347,349,351,353,356,107,97,96,98,503,505,666,8,637,499,497,498,5,564,566,215,182,218,217,605,458,712,713
344,342,345,347,384,350,26,372,373,390,108,18,19,22,497,498,581,564,565,613,216,182,218,217,221,731,713
344,342,345,347,349,351,353,356,107,97,96,98,503,505,666,8,637,499,497,582,568,566,215,182,218,180,605,458,712,713
344,477,357,348,359,352,354,362,356,107,97,96,98,503,505,666,8,637,499,5,639,565,613,215,182,218,217,221,731,713
344,342,345,347,349,351,353,356,107,97,96,98,503,504,666,8,637,499,5,581,564,565,613,216,182,218,217,605,458,712,713
344,342,345,347,349,350,26,372,373,390,108,18,19,22,497,498,581,564,565,613,216,182,218,217,221,731,713
344,477,357,348,359,352,354,362,355,107,97,96,98,503,504,636,637,499,5,564,565,613,216,182,218,217,221,731,713
344,342,345,347,349,351,353,356,107,97,96,98,503,504,636,637,499,5,639,638,11,10,12,218,217,221,731,713
344,477,357,348,359,349,351,353,356,107,97,96,98,503,505,666,8,637,499,5,639,565,613,215,182,218,217,221,731,713
344,342,475,346,384,350,26,372,373,390,108,21,19,22,497,498,581,564,565,613,216,182,218,217,221,731,713
344,477,357,348,359,352,354,362,356,107,97,96,98,503,505,666,8,637,499,497,498,581,568,566,215,182,218,217,221,731,713
344,342,345,346,384,350,26,372,373,24,214,18,19,22,497,498,581,564,565,613,216,182,218,217,221,731,713
344,342,345,347,349,351,353,356,107,97,96,98,503,504,636,22,497,498,581,564,565,10,11,459,460,469,642,221,731,713
344,342,345,347,349,351,353,356,107,97,96,98,503,504,666,8,637,499,5,639,638,461,177,468,469,642,221,731,713
344,477,357,348,359,349,351,353,356,107,97,96,98,503,505,666,8,637,499,497,498,581,568,566,215,182,218,217,221,731,713
344,342,345,347,349,351,353,356,107,97,96,98,503,505,666,8,637,499,497,498,581,5,564,566,215,182,218,217,221,731,713
344,342,345,347,349,351,353,356,107,97,96,98,503,504,636,637,499,497,498,5,639,565,613,216,182,218,217,221,731,713
344,342,345,347,349,351,26,372,373,390,214,18,19,22,497,498,581,564,565,613,216,182,218,217,221,731,713
344,342,345,347,349,351,353,372,373,390,108,21,19,22,497,498,581,564,565,613,216,182,218,217,221,731,713
344,477,357,348,347,349,351,353,356,107,97,96,98,503,505,666,8,637,499,5,581,564,565,613,216,182,218,217,221,731,713
344,342,345,347,349,351,353,356,373,390,108,21,19,22,497,498,581,564,565,613,216,182,218,217,221,731,713
344,477,357,348,359,352,354,362,355,109,97,96,98,503,505,666,8,637,499,5,639,565,10,12,218,217,221,731,713
344,342,345,347,349,351,353,356,107,97,96,98,503,505,666,8,637,499,497,498,5,639,638,461,459,219,642,221,731,713
344,477,357,348,359,352,354,362,355,107,97,96,98,503,504,636,637,499,497,498,581,564,565,613,216,182,218,217,221,731,713
344,477,357,348,359,352,354,362,355,109,97,96,98,503,505,666,8,637,499,5,639,638,11,459,460,468,469,642,221,731,713
344,342,345,347,384,350,26,372,373,390,214,18,19,22,497,498,581,564,565,613,216,182,218,217,221,731,713
344,342,345,347,349,351,353,356,107,97,96,98,503,504,666,8,637,499,5,564,566,215,182,218,217,605,458,712,713
344,342,345,346,384,30,27,25,23,24,214,18,19,22,497,498,581,564,565,613,216,182,218,217,221,731,713
344,342,345,347,349,351,353,356,107,97,96,98,503,505,666,8,637,499,5,564,565,613,216,12,218,217,605,458,712,713
344,342,345,346,384,350,26,372,373,390,108,21,636,637,499,5,564,565,613,216,182,218,217,221,731,713
344,342,345,347,349,350,26,372,373,390,214,18,19,22,497,498,581,564,565,613,216,182,218,217,221,731,713
344,342,345,347,349,351,353,356,107,97,96,98,503,505,666,8,637,499,497,498,5,639,638,461,459,219,217,221,731,713
344,476,723,477,357,348,359,352,354,362,355,109,97,96,98,503,505,666,8,637,499,5,639,565,613,216,182,218,217,221,731,713
344,342,345,347,349,351,353,356,107,97,96,98,503,504,636,637,499,5,639,638,10,11,459,219,642,221,731,713
344,477,357,345,347,349,351,353,356,107,97,96,98,503,505,666,8,637,499,5,639,565,613,215,182,218,217,221,731,713
344,342,345,347,349,351,353,356,107,97,96,21,19,22,497,498,581,564,565,613,216,182,218,217,221,731,713
344,342,345,347,349,351,353,356,107,390,108,21,19,22,497,498,581,564,565,613,216,182,218,217,221,731,713
344,342,475,346,384,350,26,372,373,390,108,18,19,22,497,498,581,564,565,613,216,182,218,217,221,731,713
344,477,357,348,359,352,354,362,355,107,97,96,98,503,505,666,8,637,499,497,498,5,564,565,613,216,182,218,217,221,731,713
344,342,345,346,384,350,26,25,23,24,214,18,19,22,497,498,581,564,565,613,216,182,218,217,221,731,713
344,477,357,348,347,349,351,353,356,107,97,96,98,503,505,666,8,637,499,5,564,566,215,182,218,217,221,731,713
344,342,345,347,349,351,353,356,107,97,96,98,503,505,666,8,637,499,497,498,5,639,638,11,10,12,218,217,221,731,713
344,342,345,347,349,351,353,356,107,97,96,98,503,504,666,8,637,499,497,498,581,564,566,215,182,218,217,605,458,712,713
344,342,345,347,349,351,353,356,107,97,96,98,503,505,666,8,637,499,497,498,581,564,565,613,216,12,218,217,605,458,712,713
344,477,357,345,347,349,351,353,356,107,97,96,98,503,505,666,8,637,499,497,498,581,568,566,215,182,218,217,221,731,713
344,342,345,346,384,350,26,372,373,390,108,21,636,637,499,497,498,581,564,565,613,216,182,218,217,221,731,713
344,342,345,347,349,351,353,356,107,97,96,98,503,504,666,8,637,499,5,639,638,461,459,219,642,221,731,713
344,342,345,347,349,351,353,356,107,97,96,98,503,504,636,637,499,5,639,638,10,11,459,219,217,221,731,713
344,342,345,347,349,351,353,372,373,390,108,18,19,22,497,498,581,564,565,613,216,182,218,217,221,731,713
344,342,345,347,349,351,353,356,373,390,108,18,19,22,497,498,581,564,565,613,216,182,218,217,221,731,713
344,477,357,348,347,349,351,353,356,107,97,96,98,503,505,666,8,637,499,497,498,581,564,566,215,182,218,217,221,731,713
344,342,345,347,349,351,353,356,107,97,96,98,503,504,636,637,499,5,581,564,565,613,215,182,218,217,221,731,713
344,342,345,347,349,351,26,372,373,24,214,18,19,22,497,498,581,564,565,613,216,182,218,217,221,731,713
344,342,345,347,349,351,353,356,107,97,96,98,503,504,666,8,637,499,5,639,638,461,459,219,217,221,731,713
344,342,475,346,384,350,26,372,373,390,214,18,19,22,497,498,581,564,565,613,216,182,218,217,221,731,713
344,342,345,347,384,350,26,372,373,24,214,18,19,22,497,498,581,564,565,613,216,182,218,217,221,731,713
344,477,357,348,359,352,354,362,355,107,97,96,98,503,504,666,8,637,499,5,564,565,613,216,182,218,217,221,731,713
344,342,345,347,349,351,353,356,107,97,96,98,503,504,666,8,637,499,5,639,638,11,10,12,218,217,221,731,713
344,342,345,347,349,351,353,356,107,97,96,98,503,505,666,8,637,499,497,498,581,5,639,565,613,216,182,218,217,605,458,712,713
344,342,345,347,349,351,353,356,107,97,96,98,503,505,666,8,637,499,5,639,638,11,459,461,177,468,469,642,221,731,713
344,477,357,348,359,352,354,362,356,107,97,96,98,503,505,666,8,637,499,5,639,565,10,12,218,217,221,731,713
344,342,345,347,349,350,26,372,373,24,214,18,19,22,497,498,581,564,565,613,216,182,218,217,221,731,713
344,342,345,346,29,30,27,25,23,24,214,18,19,22,497,498,581,564,565,613,216,182,218,217,221,731,713
344,477,357,348,359,352,354,362,356,107,97,96,98,503,505,666,8,637,499,5,639,638,11,459,460,468,469,642,221,731,713
344,342,345,347,349,351,353,356,107,390,108,18,19,22,497,498,581,564,565,613,216,182,218,217,221,731,713
344,342,345,347,349,351,353,356,107,97,96,98,503,505,666,8,637,499,497,498,5,639,638,10,11,459,219,642,221,731,713
344,477,357,348,359,349,351,353,356,107,97,96,98,503,505,666,8,637,499,5,639,565,10,12,218,217,221,731,713
344,477,357,348,359,352,351,353,356,107,97,96,98,503,505,666,8,637,499,5,639,565,613,215,182,218,217,221,731,713
344,342,345,347,349,351,26,372,373,390,108,21,636,637,499,5,564,565,613,216,182,218,217,221,731,713
344,342,345,347,349,351,353,372,373,390,214,18,19,22,497,498,581,564,565,613,216,182,218,217,221,731,713
344,477,357,348,359,349,351,353,356,107,97,96,98,503,505,666,8,637,499,5,639,638,11,459,460,468,469,642,221,731,713
344,342,345,347,349,351,353,356,373,390,214,18,19,22,497,498,581,564,565,613,216,182,218,217,221,731,713
344,342,345,347,349,351,353,356,107,97,96,98,503,504,666,8,637,499,497,498,5,639,565,613,216,182,218,217,221,731,713
344,476,723,477,357,348,359,352,354,362,356,107,97,96,98,503,505,666,8,637,499,5,639,565,613,216,182,218,217,221,731,713
344,342,345,347,384,30,27,25,23,24,214,18,19,22,497,498,581,564,565,613,216,182,218,217,221,731,713
344,477,357,348,359,352,351,353,356,107,97,96,98,503,505,666,8,637,499,497,498,581,568,566,215,182,218,217,221,731,713
344,342,345,347,349,351,353,356,107,97,96,98,503,505,666,8,637,499,497,498,5,639,638,10,11,459,219,217,221,731,713
344,477,357,348,359,352,354,362,355,107,97,96,98,503,504,666,8,637,499,497,498,581,564,565,613,216,182,218,217,221,731,713
344,342,345,347,384,350,26,372,373,390,108,21,636,637,499,5,564,565,613,216,182,218,217,221,731,713
344,342,345,347,349,351,353,356,107,97,96,98,503,505,666,8,637,499,5,581,564,565,10,12,216,182,218,217,221,731,713
344,476,723,477,357,348,359,349,351,353,356,107,97,96,98,503,505,666,8,637,499,5,639,565,613,216,182,218,217,221,731,713
344,342,345,347,349,351,26,25,23,24,214,18,19,22,497,498,581,564,565,613,216,182,218,217,221,731,713
344,342,345,347,349,350,26,372,373,390,108,21,636,637,499,5,564,565,613,216,182,218,217,221,731,713
344,342,345,347,349,351,26,372,373,390,108,21,636,637,499,497,498,581,564,565,613,216,182,218,217,221,731,713
344,342,345,347,349,351,353,356,107,97,96,98,503,505,666,8,637,499,497,498,5,581,564,565,613,215,182,218,217,221,731,713
344,477,357,348,347,349,351,353,356,107,97,96,98,503,505,666,8,637,499,5,639,565,613,216,182,218,217,605,458,712,713
344,342,345,347,384,350,26,25,23,24,214,18,19,22,497,498,581,564,565,613,216,182,218,217,221,731,713
344,342,345,347,349,351,353,356,107,390,214,18,19,22,497,498,581,564,565,613,216,182,218,217,221,731,713
344,342,345,347,349,351,353,356,107,97,96,98,503,504,666,8,637,499,5,639,638,10,11,459,219,642,221,731,713
344,342,345,347,349,350,26,25,23,24,214,18,19,22,497,498,581,564,565,613,216,182,218,217,221,731,713
344,342,345,346,384,350,27,25,23,24,214,18,19,22,497,498,581,564,565,613,216,182,218,217,221,731,713
344,342,345,347,384,350,26,372,373,390,108,21,636,637,499,497,498,581,564,565,613,216,182,218,217,221,731,713
344,477,357,348,359,352,354,353,356,107,97,96,98,503,505,666,8,637,499,5,639,565,613,215,182,218,217,221,731,713
344,342,345,347,349,350,26,372,373,390,108,21,636,637,499,497,498,581,564,565,613,216,182,218,217,221,731,713
344,477,357,345,347,349,351,353,356,107,97,96,98,503,505,666,8,637,499,5,639,565,10,12,218,217,221,731,713
344,342,475,346,384,350,26,372,373,24,214,18,19,22,497,498,581,564,565,613,216,182,218,217,221,731,713
344,477,357,345,347,349,351,353,356,107,97,96,98,503,505,666,8,637,499,5,639,638,11,459,460,468,469,642,221,731,713
344,477,357,348,359,352,354,353,356,107,97,96,98,503,505,666,8,637,499,497,498,581,568,566,215,182,218,217,221,731,713
344,342,345,347,349,351,353,356,107,97,96,98,503,504,666,8,637,499,5,639,638,10,11,459,219,217,221,731,713
344,342,345,347,349,351,353,356,107,97,96,98,503,504,636,22,497,498,581,564,566,215,182,218,217,605,458,712,713
344,342,345,347,349,351,353,356,107,97,108,21,19,22,497,498,581,564,565,613,216,182,218,217,221,731,713
344,477,357,348,359,352,354,362,355,107,97,96,98,503,505,666,8,637,499,5,639,638,461,459,460,469,642,221,731,713
344,342,345,347,349,351,353,372,373,24,214,18,19,22,497,498,581,564,565,613,216,182,218,217,221,731,713
344,342,345,347,349,351,353,356,373,24,214,18,19,22,497,498,581,564,565,613,216,182,218,217,221,731,713
344,476,723,477,357,345,347,349,351,353,356,107,97,96,98,503,505,666,8,637,499,5,639,565,613,216,182,218,217,221,731,713
344,342,475,474,29,30,27,25,23,24,214,18,19,22,497,498,581,564,565,613,216,182,218,217,221,731,713
344,342,345,347,349,351,353,356,107,97,96,98,503,504,666,8,637,499,5,581,564,565,613,215,182,218,217,221,731,713
344,477,357,348,359,352,354,362,355,109,97,96,98,503,504,636,637,499,5,564,565,613,216,182,218,217,221,731,713
344,342,475,346,384,30,27,25,23,24,214,18,19,22,497,498,581,564,565,613,216,182,218,217,221,731,713
344,342,475,346,384,350,26,372,373,390,108,21,636,637,499,5,564,565,613,216,182,218,217,221,731,713
344,342,345,347,349,351,353,356,107,97,96,98,503,504,636,637,499,5,564,565,10,11,459,219,642,221,731,713
344,342,345,347,349,351,353,356,107,97,96,98,503,504,636,637,499,5,581,564,565,10,12,218,217,221,731,713
344,342,345,347,349,351,353,356,107,97,96,98,503,504,636,637,499,5,639,565,613,216,182,179,180,605,458,712,713
344,342,345,347,349,351,353,356,107,97,96,98,503,504,636,637,499,5,639,565,613,216,182,218,180,605,458,712,713
344,342,345,347,349,351,353,356,107,97,96,98,503,504,636,637,499,5,639,565,613,215,182,218,217,605,458,712,713
344,342,345,347,349,351,353,372,373,390,108,21,636,637,499,5,564,565,613,216,182,218,217,221,731,713
344,342,345,347,349,351,353,356,107,97,96,98,503,504,636,637,499,5,564,565,10,11,459,219,217,221,731,713
344,342,345,347,349,351,353,356,373,390,108,21,636,637,499,5,564,565,613,216,182,218,217,221,731,713
344,342,475,346,384,350,26,25,23,24,214,18,19,22,497,498,581,564,565,613,216,182,218,217,221,731,713
344,477,357,348,359,352,354,362,355,109,97,96,98,503,504,636,637,499,497,498,581,564,565,613,216,182,218,217,221,731,713
344,477,357,348,359,352,354,362,355,107,97,96,98,503,505,666,8,637,499,5,639,638,10,12,218,217,605,458,712,713
344,476,723,477,357,348,359,352,354,362,355,107,97,96,98,503,505,666,8,637,499,5,639,638,11,459,460,469,642,221,731,713
344,342,475,346,384,350,26,372,373,390,108,21,636,637,499,497,498,581,564,565,613,216,182,218,217,221,731,713
344,342,345,347,349,351,353,356,107,97,96,98,503,504,636,637,499,497,498,581,564,565,10,11,459,219,642,221,731,713
344,342,345,347,349,351,353,356,107,97,96,98,503,504,636,637,499,497,498,581,568,566,215,182,218,217,605,458,712,713
344,477,357,348,359,352,351,353,356,107,97,96,98,503,505,666,8,637,499,5,639,565,10,12,218,217,221,731,713
344,342,345,347,349,351,353,356,107,97,108,18,19,22,497,498,581,564,565,613,216,182,218,217,221,731,713
344,477,357,348,359,352,351,353,356,107,97,96,98,503,505,666,8,637,499,5,639,638,11,459,460,468,469,642,221,731,713
344,342,345,347,349,351,353,356,107,97,96,98,503,504,636,22,497,498,5,639,565,613,216,182,218,217,221,731,713
344,342,345,347,349,351,353,372,373,390,108,21,636,637,499,497,498,581,564,565,613,216,182,218,217,221,731,713
344,342,345,347,349,351,353,356,107,97,96,98,503,504,636,637,499,497,498,581,564,565,10,11,459,219,217,221,731,713
344,342,345,347,349,351,353,356,373,390,108,21,636,637,499,497,498,581,564,565,613,216,182,218,217,221,731,713
344,342,345,347,349,351,353,356,107,97,96,98,503,505,666,8,637,499,5,581,564,565,10,11,459,460,468,469,642,221,731,713
344,477,357,348,359,352,354,362,355,107,97,96,98,503,505,666,8,637,499,5,564,565,613,216,182,179,180,605,458,712,713
344,477,357,348,359,352,354,362,355,107,97,96,98,503,504,636,22,497,498,581,564,565,613,216,182,218,217,221,731,713
344,342,345,347,384,350,27,25,23,24,214,18,19,22,497,498,581,564,565,613,216,182,218,217,221,731,713
344,342,345,347,349,351,353,356,107,97,96,21,636,637,499,5,564,565,613,216,182,218,217,221,731,713
344,477,357,348,359,352,354,362,355,107,97,96,98,503,505,666,8,637,499,5,564,565,613,216,182,218,180,605,458,712,713
344,342,345,347,349,351,353,356,107,390,108,21,636,637,499,5,564,565,613,216,182,218,217,221,731,713
344,477,357,348,359,352,354,362,355,109,97,96,98,503,505,666,8,637,499,497,498,5,564,565,613,216,182,218,217,221,731,713
344,476,723,477,357,348,359,352,351,353,356,107,97,96,98,503,505,666,8,637,499,5,639,565,613,216,182,218,217,221,731,713
344,342,345,347,349,351,353,356,107,97,96,98,503,505,666,8,637,499,5,639,638,11,10,12,218,180,605,458,712,713
344,477,357,348,359,352,354,362,355,107,97,96,98,503,505,666,8,637,499,5,564,565,613,215,182,218,217,605,458,712,713
344,342,345,347,349,351,353,356,107,97,96,98,503,505,666,8,4,499,5,564,565,613,216,182,218,217,221,731,713
344,342,345,347,349,350,27,25,23,24,214,18,19,22,497,498,581,564,565,613,216,182,218,217,221,731,713
344,342,345,347,349,351,353,356,107,97,96,98,503,505,666,8,637,499,497,498,5,564,565,10,11,459,219,642,221,731,713
344,342,345,347,349,351,353,356,107,97,96,98,503,505,666,8,637,499,497,498,5,581,564,565,10,12,218,217,221,731,713
344,342,345,347,349,351,353,356,107,97,96,98,503,505,666,8,637,499,5,639,565,10,12,216,182,218,217,605,458,712,713
344,342,345,347,349,351,353,356,107,97,96,98,503,505,666,8,637,499,5,581,564,565,613,215,612,179,180,605,458,712,713
344,477,357,348,359,352,354,362,355,107,97,96,98,503,505,666,8,637,499,5,639,638,10,11,459,460,469,642,221,731,713
344,342,345,347,349,351,353,356,107,97,96,98,503,505,666,8,637,499,497,498,5,639,565,613,216,182,179,180,605,458,712,713
344,342,475,346,29,30,27,25,23,24,214,18,19,22,497,498,581,564,565,613,216,182,218,217,221,731,713
344,342,345,347,349,351,353,356,107,97,96,98,503,505,666,8,637,499,497,498,5,639,565,613,216,182,218,180,605,458,712,713
344,477,357,348,359,352,354,362,355,107,97,96,98,503,505,666,8,637,499,497,498,581,564,565,613,216,182,179,180,605,458,712,713
344,477,357,348,359,352,354,362,356,107,97,96,98,503,504,636,637,499,5,564,565,613,216,182,218,217,221,731,713
344,342,345,347,349,351,353,356,107,97,96,98,503,505,666,8,637,499,497,498,5,639,565,613,215,182,218,217,605,458,712,713
344,477,357,348,359,352,354,353,356,107,97,96,98,503,505,666,8,637,499,5,639,565,10,12,218,217,221,731,713
344,342,345,347,349,351,353,356,107,97,96,98,503,505,666,8,637,499,497,498,5,564,565,10,11,459,219,217,221,731,713
344,477,357,348,359,352,354,353,356,107,97,96,98,503,505,666,8,637,499,5,639,638,11,459,460,468,469,642,221,731,713
344,342,345,347,349,351,353,356,107,97,96,21,636,637,499,497,498,581,564,565,613,216,182,218,217,221,731,713
344,477,357,348,359,352,354,362,355,107,97,96,98,503,505,666,8,637,499,497,498,581,564,565,613,216,182,218,180,605,458,712,713
344,342,345,347,349,351,353,356,107,390,108,21,636,637,499,497,498,581,564,565,613,216,182,218,217,221,731,713
344,477,357,348,359,352,354,362,355,107,97,96,98,503,505,666,8,637,499,497,498,581,564,565,613,215,182,218,217,605,458,712,713
344,342,345,347,349,351,353,356,107,97,96,98,503,505,666,8,4,499,497,498,581,564,565,613,216,182,218,217,221,731,713
344,477,357,348,359,349,351,353,356,107,97,96,98,503,504,636,637,499,5,564,565,613,216,182,218,217,221,731,713
344,342,345,346,384,350,26,372,373,390,108,21,636,22,497,498,581,564,565,613,216,182,218,217,221,731,713
344,476,723,477,357,348,359,352,354,353,356,107,97,96,98,503,505,666,8,637,499,5,639,565,613,216,182,218,217,221,731,713
344,477,357,348,359,352,354,362,355,109,97,96,98,503,504,666,8,637,499,5,564,565,613,216,182,218,217,221,731,713
344,342,345,347,349,351,353,356,107,97,96,98,503,504,636,637,499,5,564,566,567,612,179,180,605,458,712,713
344,477,357,348,359,352,354,362,356,107,97,96,98,503,504,636,637,499,497,498,581,564,565,613,216,182,218,217,221,731,713
344,342,345,347,349,351,353,356,107,97,96,98,503,505,666,8,637,499,497,498,581,5,639,565,613,215,182,218,217,221,731,713
344,342,345,347,349,351,353,356,107,97,96,98,503,504,666,8,637,499,5,564,565,10,11,459,219,642,221,731,713
344,342,345,347,349,351,353,356,107,97,96,98,503,504,666,8,637,499,5,581,564,565,10,12,218,217,221,731,713
344,477,357,348,359,349,351,353,356,107,97,96,98,503,504,636,637,499,497,498,581,564,565,613,216,182,218,217,221,731,713
344,342,345,347,349,351,353,356,107,97,96,98,503,504,666,8,637,499,5,639,565,613,216,182,179,180,605,458,712,713
344,342,345,347,349,351,353,356,107,97,96,98,503,504,666,8,637,499,5,639,565,613,216,182,218,180,605,458,712,713
344,342,475,346,384,350,27,25,23,24,214,18,19,22,497,498,581,564,565,613,216,182,218,217,221,731,713
344,342,345,347,349,351,353,356,107,97,96,98,503,504,666,8,637,499,5,639,565,613,215,182,218,217,605,458,712,713
344,342,345,347,349,351,353,356,107,97,96,98,503,504,666,8,637,499,5,564,565,10,11,459,219,217,221,731,713
344,477,357,348,359,352,354,362,355,109,97,96,98,503,504,666,8,637,499,497,498,581,564,565,613,216,182,218,217,221,731,713
344,342,345,347,349,351,353,356,107,97,96,98,503,504,636,637,499,497,498,581,564,566,567,612,179,180,605,458,712,713
344,342,345,347,349,351,353,356,107,97,96,98,503,504,666,8,637,499,497,498,581,564,565,10,11,459,219,642,221,731,713
344,342,345,347,349,351,353,356,107,97,96,98,503,504,636,637,499,5,639,565,10,12,218,217,605,458,712,713
344,342,345,347,349,351,353,356,107,97,96,98,503,504,666,8,637,499,497,498,581,568,566,215,182,218,217,605,458,712,713
344,477,357,348,359,352,354,362,356,107,97,96,98,503,505,666,8,637,499,497,498,5,564,565,613,216,182,218,217,221,731,713
344,342,345,347,349,351,353,356,107,97,96,98,503,505,666,8,637,499,5,581,564,565,613,215,182,179,180,605,458,712,713
344,477,357,345,347,349,351,353,356,107,97,96,98,503,504,636,637,499,5,564,565,613,216,182,218,217,221,731,713
344,342,345,347,349,351,353,356,107,97,96,98,503,505,666,8,637,499,5,581,564,565,613,215,182,218,180,605,458,712,713
344,477,357,348,359,349,351,353,356,107,97,96,98,503,505,666,8,637,499,497,498,5,564,565,613,216,182,218,217,221,731,713
344,477,357,348,347,349,351,353,356,107,97,96,98,503,505,666,8,637,499,5,639,565,613,215,182,218,217,221,731,713
344,477,357,348,359,352,354,362,355,107,97,96,98,503,505,666,8,637,499,5,639,638,11,459,219,217,605,458,712,713
344,342,345,347,349,351,353,356,107,97,96,98,503,504,666,8,637,499,497,498,581,564,565,10,11,459,219,217,221,731,713
344,477,357,348,347,349,351,353,356,107,97,96,98,503,505,666,8,637,499,497,498,581,568,566,215,182,218,217,221,731,713
344,342,345,347,349,351,353,356,107,97,96,98,503,505,666,8,637,499,497,498,5,564,566,567,612,179,180,605,458,712,713
344,477,357,345,347,349,351,353,356,107,97,96,98,503,504,636,637,499,497,498,581,564,565,613,216,182,218,217,221,731,713
344,342,345,347,349,351,26,372,373,390,108,21,636,22,497,498,581,564,565,613,216,182,218,217,221,731,713
344,342,345,347,349,351,353,356,107,97,96,98,503,505,666,8,637,499,5,564,565,10,638,11,459,460,469,642,221,731,713
344,477,357,348,359,352,354,362,355,107,97,96,98,503,505,666,8,637,499,5,564,565,10,12,218,217,605,458,712,713
344,477,357,348,359,352,354,362,355,109,97,96,98,503,505,666,8,637,499,5,639,638,461,459,460,469,642,221,731,713
344,342,345,347,349,351,353,356,107,97,96,98,503,504,636,637,499,5,639,565,10,11,459,460,469,642,221,731,713
344,342,345,347,349,351,353,356,107,97,108,21,636,637,499,5,564,565,613,216,182,218,217,221,731,713
344,477,357,348,359,352,354,362,356,107,97,96,98,503,504,666,8,637,499,5,564,565,613,216,182,218,217,221,731,713
344,342,345,347,384,350,26,372,373,390,108,21,636,22,497,498,581,564,565,613,216,182,218,217,221,731,713
344,342,345,347,349,350,26,372,373,390,108,21,636,22,497,498,581,564,565,613,216,182,218,217,221,731,713
344,477,357,348,359,352,354,362,355,107,97,96,98,503,505,666,8,637,499,497,582,568,566,215,182,218,217,221,731,713
344,477,357,348,359,349,351,353,356,107,97,96,98,503,504,666,8,637,499,5,564,565,613,216,182,218,217,221,731,713
344,342,345,347,349,351,353,356,107,97,96,98,503,505,666,8,637,499,497,498,5,639,565,10,12,218,217,605,458,712,713
344,476,723,477,357,348,359,352,354,362,355,107,97,96,98,503,505,666,8,637,499,5,564,565,613,216,182,218,217,605,458,712,713
344,342,345,347,349,351,353,356,107,97,96,98,503,504,636,637,499,497,498,5,639,638,11,459,460,469,642,221,731,713
344,342,345,347,349,351,353,356,107,97,96,98,503,505,666,8,637,499,497,498,581,564,565,10,638,11,459,460,469,642,221,731,713
344,477,357,345,347,349,351,353,356,107,97,96,98,503,505,666,8,637,499,497,498,5,564,565,613,216,182,218,217,221,731,713
344,477,357,348,359,352,354,362,355,107,97,96,98,503,505,666,8,637,499,497,498,581,564,565,10,12,218,217,605,458,712,713
344,477,357,348,359,352,351,353,356,107,97,96,98,503,504,636,637,499,5,564,565,613,216,182,218,217,221,731,713
344,342,345,347,349,351,353,356,107,97,108,21,636,637,499,497,498,581,564,565,613,216,182,218,217,221,731,713
344,342,345,347,349,351,353,356,107,97,96,98,503,504,666,8,637,499,5,564,566,567,612,179,180,605,458,712,713
344,477,357,348,359,352,354,362,356,107,97,96,98,503,504,666,8,637,499,497,498,581,564,565,613,216,182,218,217,221,731,713
344,342,345,347,349,351,353,356,107,97,96,98,503,504,636,637,499,5,581,564,566,215,182,218,217,221,731,713
344,477,357,348,359,352,354,362,355,107,97,96,98,503,505,666,8,637,499,5,564,565,10,11,459,460,469,642,221,731,713
344,477,357,348,359,349,351,353,356,107,97,96,98,503,504,666,8,637,499,497,498,581,564,565,613,216,182,218,217,221,731,713
344,477,357,348,359,352,354,362,355,109,97,96,98,503,505,666,8,637,499,5,639,638,10,12,218,217,605,458,712,713
344,342,345,347,349,351,353,356,107,97,96,98,503,505,666,8,637,499,497,498,581,5,639,565,10,12,218,217,221,731,713
344,476,723,477,357,348,359,352,354,362,355,107,97,96,98,503,505,666,8,637,499,497,498,581,564,565,613,216,182,218,217,605,458,712,713
344,476,723,477,357,348,359,352,354,362,355,109,97,96,98,503,505,666,8,637,499,5,639,638,11,459,460,469,642,221,731,713
344,342,345,347,349,351,353,356,107,97,96,98,503,505,666,8,637,499,497,498,581,5,639,638,11,459,460,468,469,642,221,731,713
344,477,357,348,359,352,351,353,356,107,97,96,98,503,504,636,637,499,497,498,581,564,565,613,216,182,218,217,221,731,713
344,342,345,347,349,351,353,356,107,97,96,98,503,504,666,8,637,499,497,498,581,564,566,567,612,179,180,605,458,712,713
344,342,345,347,349,351,353,356,107,97,96,98,503,505,666,8,637,499,497,498,5,639,565,10,11,459,460,469,642,221,731,713
344,342,345,347,349,351,353,356,107,97,96,98,503,504,666,8,637,499,5,639,565,10,12,218,217,605,458,712,713
344,477,357,345,347,349,351,353,356,107,97,96,98,503,504,666,8,637,499,5,564,565,613,216,182,218,217,221,731,713
344,477,357,348,359,352,354,362,355,109,97,96,98,503,505,666,8,637,499,5,564,565,613,216,182,179,180,605,458,712,713
344,477,357,348,359,352,354,362,355,107,97,96,98,503,505,666,8,637,499,497,498,581,564,565,10,11,459,460,469,642,221,731,713
344,477,357,348,359,352,354,362,355,109,97,96,98,503,504,636,22,497,498,581,564,565,613,216,182,218,217,221,731,713
344,477,357,348,359,352,354,353,356,107,97,96,98,503,504,636,637,499,5,564,565,613,216,182,218,217,221,731,713
344,477,357,348,359,352,354,362,355,109,97,96,98,503,505,666,8,637,499,5,564,565,613,216,182,218,180,605,458,712,713
344,342,475,346,384,350,26,372,373,390,108,21,636,22,497,498,581,564,565,613,216,182,218,217,221,731,713
344,342,345,347,349,351,353,356,107,97,96,98,503,504,636,22,497,498,581,564,565,10,11,459,219,642,221,731,713
344,342,345,347,349,351,353,356,107,97,96,98,503,504,636,22,497,498,581,568,566,215,182,218,217,605,458,712,713
344,477,357,348,359,352,354,362,355,109,97,96,98,503,505,666,8,637,499,5,564,565,613,215,182,218,217,605,458,712,713
344,342,345,347,349,351,353,356,107,97,96,98,503,505,666,8,637,499,5,581,564,565,10,12,218,180,605,458,712,713
344,477,357,348,359,352,354,362,356,107,97,96,98,503,505,666,8,637,499,5,639,638,461,459,460,469,642,221,731,713
344,477,357,348,359,352,351,353,356,107,97,96,98,503,505,666,8,637,499,497,498,5,564,565,613,216,182,218,217,221,731,713
344,477,357,348,359,352,354,362,355,109,97,96,98,503,505,666,8,637,499,5,639,638,10,11,459,460,469,642,221,731,713
344,477,357,348,347,349,351,353,356,107,97,96,98,503,505,666,8,637,499,5,639,565,10,12,218,217,221,731,713
344,477,357,348,347,349,351,353,356,107,97,96,98,503,505,666,8,637,499,5,639,638,11,459,460,468,469,642,221,731,713
344,342,345,347,349,351,353,372,373,390,108,21,636,22,497,498,581,564,565,613,216,182,218,217,221,731,713
344,342,345,347,349,351,353,356,107,97,96,98,503,504,636,22,497,498,581,564,565,10,11,459,219,217,221,731,713
344,342,345,347,349,351,353,356,373,390,108,21,636,22,497,498,581,564,565,613,216,182,218,217,221,731,713
344,477,357,348,359,349,351,353,356,107,97,96,98,503,505,666,8,637,499,5,639,638,461,459,460,469,642,221,731,713
344,477,357,345,347,349,351,353,356,107,97,96,98,503,504,666,8,637,499,497,498,581,564,565,613,216,182,218,217,221,731,713
344,477,357,348,359,352,354,362,355,109,97,96,98,503,505,666,8,637,499,497,498,581,564,565,613,216,182,179,180,605,458,712,713
344,477,357,348,359,352,354,353,356,107,97,96,98,503,504,636,637,499,497,498,581,564,565,613,216,182,218,217,221,731,713
344,342,345,347,349,351,353,356,107,97,96,98,503,505,666,8,637,499,497,498,5,581,564,566,215,182,218,217,221,731,713
344,477,357,348,359,352,354,362,355,109,97,96,98,503,505,666,8,637,499,497,498,581,564,565,613,216,182,218,180,605,458,712,713
344,477,357,348,359,352,354,362,355,109,97,96,98,503,505,666,8,637,499,497,498,581,564,565,613,215,182,218,217,605,458,712,713
344,342,345,347,349,351,353,356,107,97,96,98,503,504,666,8,637,499,5,639,565,10,11,459,460,469,642,221,731,713
344,476,723,477,357,348,347,349,351,353,356,107,97,96,98,503,505,666,8,637,499,5,639,565,613,216,182,218,217,221,731,713
344,342,345,347,349,351,353,356,107,97,96,98,503,504,666,8,637,499,497,498,5,639,638,11,459,460,469,642,221,731,713
344,342,345,347,349,351,353,356,107,97,96,21,636,22,497,498,581,564,565,613,216,182,218,217,221,731,713
344,477,357,348,359,352,354,362,356,107,97,96,98,503,505,666,8,637,499,5,639,638,10,12,218,217,605,458,712,713
344,342,345,347,349,351,353,356,107,390,108,21,636,22,497,498,581,564,565,613,216,182,218,217,221,731,713
344,476,723,477,357,348,359,352,354,362,356,107,97,96,98,503,505,666,8,637,499,5,639,638,11,459,460,469,642,221,731,713
344,477,357,348,359,352,354,353,356,107,97,96,98,503,505,666,8,637,499,497,498,5,564,565,613,216,182,218,217,221,731,713
344,477,357,348,359,352,351,353,356,107,97,96,98,503,504,666,8,637,499,5,564,565,613,216,182,218,217,221,731,713
344,477,357,348,359,349,351,353,356,107,97,96,98,503,505,666,8,637,499,5,639,638,10,12,218,217,605,458,712,713
344,476,723,477,357,348,359,349,351,353,356,107,97,96,98,503,505,666,8,637,499,5,639,638,11,459,460,469,642,221,731,713
344,342,345,347,349,351,353,356,107,97,96,98,503,504,666,8,637,499,5,581,564,566,215,182,218,217,221,731,713
344,477,357,345,347,349,351,353,356,107,97,96,98,503,505,666,8,637,499,5,639,638,461,459,460,469,642,221,731,713
344,342,345,347,349,351,353,356,107,97,96,98,503,505,666,8,637,499,5,581,564,565,613,216,12,218,217,221,731,713
344,477,357,348,359,352,354,362,356,107,97,96,98,503,505,666,8,637,499,5,564,565,613,216,182,179,180,605,458,712,713
344,477,357,348,359,352,354,362,356,107,97,96,98,503,504,636,22,497,498,581,564,565,613,216,182,218,217,221,731,713
344,477,357,348,359,352,354,362,356,107,97,96,98,503,505,666,8,637,499,5,564,565,613,216,182,218,180,605,458,712,713
344,477,357,348,359,352,351,353,356,107,97,96,98,503,504,666,8,637,499,497,498,581,564,565,613,216,182,218,217,221,731,713
344,477,357,348,359,352,354,362,356,107,97,96,98,503,505,666,8,637,499,5,564,565,613,215,182,218,217,605,458,712,713
344,477,357,348,359,349,351,353,356,107,97,96,98,503,505,666,8,637,499,5,564,565,613,216,182,179,180,605,458,712,713
344,477,357,348,359,349,351,353,356,107,97,96,98,503,504,636,22,497,498,581,564,565,613,216,182,218,217,221,731,713
344,477,357,348,359,349,351,353,356,107,97,96,98,503,505,666,8,637,499,5,564,565,613,216,182,218,180,605,458,712,713
344,342,345,347,349,351,353,356,107,97,96,98,503,505,666,8,637,499,5,564,565,613,216,182,215,612,179,180,605,458,712,713
344,477,357,348,359,349,351,353,356,107,97,96,98,503,505,666,8,637,499,5,564,565,613,215,182,218,217,605,458,712,713
344,477,357,348,359,352,354,362,355,107,97,96,98,503,505,666,8,637,499,5,581,564,565,613,216,182,218,217,605,458,712,713
344,477,357,348,359,352,354,362,355,109,97,96,98,503,505,666,8,637,499,5,639,638,11,459,219,217,605,458,712,713
344,477,357,348,359,352,354,362,356,107,97,96,98,503,505,666,8,637,499,5,639,638,10,11,459,460,469,642,221,731,713
344,477,357,348,359,352,354,353,356,107,97,96,98,503,504,666,8,637,499,5,564,565,613,216,182,218,217,221,731,713
344,342,345,347,349,351,353,356,107,97,96,98,503,504,636,22,497,498,581,564,566,567,612,179,180,605,458,712,713
344,477,357,348,359,352,354,362,356,107,97,96,98,503,505,666,8,637,499,497,498,581,564,565,613,216,182,179,180,605,458,712,713
344,477,357,348,359,349,351,353,356,107,97,96,98,503,505,666,8,637,499,5,639,638,10,11,459,460,469,642,221,731,713
344,476,723,477,357,348,359,352,354,362,355,107,97,96,98,503,505,666,8,637,499,5,639,638,10,12,218,217,221,731,713
344,477,357,348,359,352,354,362,356,107,97,96,98,503,505,666,8,637,499,497,498,581,564,565,613,216,182,218,180,605,458,712,713
344,342,345,347,349,351,353,356,107,97,96,98,503,504,636,637,499,497,498,5,564,565,613,216,182,218,217,605,458,712,713
344,477,357,348,359,352,354,362,355,107,97,96,98,503,505,666,8,637,499,5,639,638,461,177,468,469,642,221,731,713
344,477,357,348,359,352,354,362,356,107,97,96,98,503,505,666,8,637,499,497,498,581,564,565,613,215,182,218,217,605,458,712,713
344,477,357,345,347,349,351,353,356,107,97,96,98,503,505,666,8,637,499,5,639,638,10,12,218,217,605,458,712,713
344,477,357,348,359,349,351,353,356,107,97,96,98,503,505,666,8,637,499,497,498,581,564,565,613,216,182,179,180,605,458,712,713
344,476,723,477,357,345,347,349,351,353,356,107,97,96,98,503,505,666,8,637,499,5,639,638,11,459,460,469,642,221,731,713
344,477,357,348,359,352,354,362,355,109,97,96,98,503,505,666,8,637,499,5,564,565,10,12,218,217,605,458,712,713
344,477,357,348,359,349,351,353,356,107,97,96,98,503,505,666,8,637,499,497,498,581,564,565,613,216,182,218,180,605,458,712,713
344,342,345,347,349,351,353,356,107,97,96,98,503,505,666,8,637,499,497,498,581,564,565,613,216,182,215,612,179,180,605,458,712,713
344,477,357,348,359,349,351,353,356,107,97,96,98,503,505,666,8,637,499,497,498,581,564,565,613,215,182,218,217,605,458,712,713
344,477,357,348,359,352,354,353,356,107,97,96,98,503,504,666,8,637,499,497,498,581,564,565,613,216,182,218,217,221,731,713
344,477,357,348,359,352,354,362,355,107,97,96,98,503,505,666,8,637,499,5,564,566,215,182,218,217,605,458,712,713
344,477,357,348,359,352,351,353,356,107,97,96,98,503,505,666,8,637,499,5,639,638,461,459,460,469,642,221,731,713
344,477,357,348,359,352,354,362,355,109,97,96,98,503,505,666,8,637,499,497,582,568,566,215,182,218,217,221,731,713
344,477,357,345,347,349,351,353,356,107,97,96,98,503,505,666,8,637,499,5,564,565,613,216,182,179,180,605,458,712,713
344,477,357,345,347,349,351,353,356,107,97,96,98,503,504,636,22,497,498,581,564,565,613,216,182,218,217,221,731,713
344,476,723,477,357,348,359,352,354,362,355,109,97,96,98,503,505,666,8,637,499,5,564,565,613,216,182,218,217,605,458,712,713
344,342,345,347,349,351,353,356,107,97,96,98,503,504,636,637,499,497,498,581,5,564,565,613,216,182,218,217,221,731,713
344,476,723,477,357,348,359,352,354,362,355,107,97,96,98,503,505,666,8,637,499,5,564,565,613,215,182,218,217,221,731,713
344,477,357,345,347,349,351,353,356,107,97,96,98,503,505,666,8,637,499,5,564,565,613,216,182,218,180,605,458,712,713
344,342,345,347,349,351,353,356,107,97,96,98,503,505,666,8,637,499,5,581,564,566,215,612,179,180,605,458,712,713
344,477,357,348,359,352,354,362,355,109,97,96,98,503,505,666,8,637,499,497,498,581,564,565,10,12,218,217,605,458,712,713
344,477,357,345,347,349,351,353,356,107,97,96,98,503,505,666,8,637,499,5,564,565,613,215,182,218,217,605,458,712,713
344,342,345,347,349,351,353,356,107,97,96,98,503,504,636,637,499,5,639,638,10,12,216,182,218,217,221,731,713
344,342,345,347,349,351,353,356,107,97,96,98,503,504,636,637,499,497,498,581,568,566,567,612,179,180,605,458,712,713
344,477,357,345,347,349,351,353,356,107,97,96,98,503,505,666,8,637,499,5,639,638,10,11,459,460,469,642,221,731,713
344,477,357,348,359,352,354,362,355,107,97,96,98,503,505,666,8,637,499,497,498,581,564,566,215,182,218,217,605,458,712,713
344,477,357,348,359,352,354,362,355,109,97,96,98,503,505,666,8,637,499,5,564,565,10,11,459,460,469,642,221,731,713
344,477,357,348,359,352,354,362,355,107,97,96,98,503,504,636,637,499,5,639,565,613,216,182,218,217,221,731,713
344,477,357,345,347,349,351,353,356,107,97,96,98,503,505,666,8,637,499,497,498,581,564,565,613,216,182,179,180,605,458,712,713
344,476,723,477,357,348,359,352,354,362,355,109,97,96,98,503,505,666,8,637,499,497,498,581,564,565,613,216,182,218,217,605,458,712,713
344,342,345,347,349,351,353,356,107,97,96,98,503,504,636,22,497,498,5,639,638,11,459,460,469,642,221,731,713
344,476,723,477,357,348,359,352,354,362,355,107,97,96,98,503,505,666,8,637,499,497,498,581,564,565,613,215,182,218,217,221,731,713
344,477,357,345,347,349,351,353,356,107,97,96,98,503,505,666,8,637,499,497,498,581,564,565,613,216,182,218,180,605,458,712,713
344,477,357,348,359,352,354,362,355,107,97,96,98,503,505,666,8,637,499,5,639,638,461,459,219,642,221,731,713
344,342,345,347,349,351,353,356,107,97,96,98,503,505,666,8,637,499,5,639,588,638,11,459,460,468,469,642,221,731,713
344,477,357,345,347,349,351,353,356,107,97,96,98,503,505,666,8,637,499,497,498,581,564,565,613,215,182,218,217,605,458,712,713
344,342,345,347,349,351,353,356,107,97,96,98,503,504,636,637,499,5,639,638,461,459,460,468,469,642,221,731,713
344,342,345,347,349,351,353,356,107,97,108,21,636,22,497,498,581,564,565,613,216,182,218,217,221,731,713
344,477,357,348,359,352,351,353,356,107,97,96,98,503,505,666,8,637,499,5,639,638,10,12,218,217,605,458,712,713
344,477,357,348,359,352,354,362,356,107,97,96,98,503,505,666,8,637,499,5,639,638,11,459,219,217,605,458,712,713
344,477,357,348,359,352,354,353,356,107,97,96,98,503,505,666,8,637,499,5,639,638,461,459,460,469,642,221,731,713
344,476,723,477,357,348,359,352,351,353,356,107,97,96,98,503,505,666,8,637,499,5,639,638,11,459,460,469,642,221,731,713
344,477,357,348,347,349,351,353,356,107,97,96,98,503,504,636,637,499,5,564,565,613,216,182,218,217,221,731,713
344,477,357,348,359,349,351,353,356,107,97,96,98,503,505,666,8,637,499,5,639,638,11,459,219,217,605,458,712,713
344,477,357,348,359,352,354,362,355,107,97,96,98,503,505,666,8,637,499,5,639,638,461,459,219,217,221,731,713
344,477,357,348,359,352,354,362,355,109,97,96,98,503,505,666,8,637,499,497,498,581,564,565,10,11,459,460,469,642,221,731,713
344,477,357,348,359,352,354,362,356,107,97,96,98,503,505,666,8,637,499,5,564,565,10,12,218,217,605,458,712,713
344,477,357,348,359,352,351,353,356,107,97,96,98,503,505,666,8,637,499,5,564,565,613,216,182,179,180,605,458,712,713
344,477,357,348,359,352,351,353,356,107,97,96,98,503,504,636,22,497,498,581,564,565,613,216,182,218,217,221,731,713
344,342,345,347,349,351,353,356,107,97,96,98,503,505,666,8,637,499,5,639,565,613,216,12,218,217,605,458,712,713
344,477,357,348,359,352,354,362,355,107,97,96,98,503,505,666,8,637,499,5,639,638,11,10,12,218,217,221,731,713
344,342,345,346,384,350,26,372,373,390,108,21,636,637,499,5,639,565,613,216,182,218,217,221,731,713
344,477,357,348,359,352,351,353,356,107,97,96,98,503,505,666,8,637,499,5,564,565,613,216,182,218,180,605,458,712,713
344,342,345,347,349,351,353,356,107,97,96,98,503,505,666,8,637,499,497,498,5,639,638,10,12,216,182,218,217,221,731,713
344,477,357,348,359,349,351,353,356,107,97,96,98,503,505,666,8,637,499,5,564,565,10,12,218,217,605,458,712,713
344,477,357,348,347,349,351,353,356,107,97,96,98,503,504,636,637,499,497,498,581,564,565,613,216,182,218,217,221,731,713
344,477,357,348,359,352,351,353,356,107,97,96,98,503,505,666,8,637,499,5,564,565,613,215,182,218,217,605,458,712,713
344,342,345,347,349,351,353,356,107,97,96,98,503,505,666,8,637,499,5,581,564,566,215,182,179,180,605,458,712,713
344,476,723,477,357,348,359,352,354,362,355,107,97,96,98,503,505,666,8,637,499,5,639,638,11,459,219,642,221,731,713
344,342,345,347,349,351,353,356,107,97,96,98,503,504,666,8,637,499,497,498,5,564,565,613,216,182,218,217,605,458,712,713
344,477,357,348,359,352,354,362,356,107,97,96,98,503,505,666,8,637,499,497,582,568,566,215,182,218,217,221,731,713
344,342,345,347,349,351,353,356,107,97,96,98,503,505,666,8,637,499,5,581,564,566,215,182,218,180,605,458,712,713
344,476,723,477,357,348,359,352,354,362,356,107,97,96,98,503,505,666,8,637,499,5,564,565,613,216,182,218,217,605,458,712,713
344,477,357,348,359,352,354,353,356,107,97,96,98,503,505,666,8,637,499,5,639,638,10,12,218,217,605,458,712,713
344,477,357,348,359,352,351,353,356,107,97,96,98,503,505,666,8,637,499,5,639,638,10,11,459,460,469,642,221,731,713
344,477,357,348,359,352,354,362,355,107,97,96,98,503,505,666,8,637,499,497,498,5,639,565,613,216,182,218,217,221,731,713
344,476,723,477,357,348,359,352,354,353,356,107,97,96,98,503,505,666,8,637,499,5,639,638,11,459,460,469,642,221,731,713
344,477,357,348,359,352,354,362,356,107,97,96,98,503,505,666,8,637,499,497,498,581,564,565,10,12,218,217,605,458,712,713
344,477,357,348,359,349,351,353,356,107,97,96,98,503,505,666,8,637,499,497,582,568,566,215,182,218,217,221,731,713
344,477,357,348,359,352,351,353,356,107,97,96,98,503,505,666,8,637,499,497,498,581,564,565,613,216,182,179,180,605,458,712,713
344,476,723,477,357,348,359,349,351,353,356,107,97,96,98,503,505,666,8,637,499,5,564,565,613,216,182,218,217,605,458,712,713
344,476,723,477,357,348,359,352,354,362,355,107,97,96,98,503,505,666,8,637,499,5,639,638,11,459,219,217,221,731,713
344,342,345,347,349,351,353,356,107,97,96,98,503,505,666,8,637,499,497,498,5,639,638,461,459,460,468,469,642,221,731,713
344,477,357,348,359,352,351,353,356,107,97,96,98,503,505,666,8,637,499,497,498,581,564,565,613,216,182,218,180,605,458,712,713
344,477,357,348,359,349,351,353,356,107,97,96,98,503,505,666,8,637,499,497,498,581,564,565,10,12,218,217,605,458,712,713
344,342,345,347,349,351,353,356,107,97,96,98,503,504,636,637,499,5,581,568,566,215,182,218,217,221,731,713
344,477,357,348,359,352,351,353,356,107,97,96,98,503,505,666,8,637,499,497,498,581,564,565,613,215,182,218,217,605,458,712,713
344,477,357,345,347,349,351,353,356,107,97,96,98,503,505,666,8,637,499,5,639,638,11,459,219,217,605,458,712,713
344,477,357,348,347,349,351,353,356,107,97,96,98,503,505,666,8,637,499,497,498,5,564,565,613,216,182,218,217,221,731,713
344,342,345,347,349,351,353,356,107,97,96,98,503,504,666,8,637,499,497,498,581,5,564,565,613,216,182,218,217,221,731,713
344,477,357,348,359,352,354,362,356,107,97,96,98,503,505,666,8,637,499,5,564,565,10,11,459,460,469,642,221,731,713
344,477,357,348,359,352,354,353,356,107,97,96,98,503,505,666,8,637,499,5,564,565,613,216,182,179,180,605,458,712,713
344,477,357,348,359,352,354,353,356,107,97,96,98,503,504,636,22,497,498,581,564,565,613,216,182,218,217,221,731,713
344,476,723,477,357,348,359,352,354,362,356,107,97,96,98,503,505,666,8,637,499,497,498,581,564,565,613,216,182,218,217,605,458,712,713
344,477,357,348,359,352,354,353,356,107,97,96,98,503,505,666,8,637,499,5,564,565,613,216,182,218,180,605,458,712,713
344,477,357,348,359,349,351,353,356,107,97,96,98,503,505,666,8,637,499,5,564,565,10,11,459,460,469,642,221,731,713
344,477,357,348,359,352,354,353,356,107,97,96,98,503,505,666,8,637,499,5,564,565,613,215,182,218,217,605,458,712,713
344,342,345,347,349,351,353,356,107,97,96,98,503,504,666,8,637,499,5,639,638,10,12,216,182,218,217,221,731,713
344,477,357,348,359,352,354,362,355,107,97,96,98,503,505,666,8,637,499,5,639,638,10,11,459,219,642,221,731,713
344,476,723,477,357,348,359,352,354,362,355,107,97,96,98,503,505,666,8,637,499,5,564,565,10,12,218,217,221,731,713
344,476,723,477,357,348,359,349,351,353,356,107,97,96,98,503,505,666,8,637,499,497,498,581,564,565,613,216,182,218,217,605,458,712,713
344,342,345,347,349,351,353,356,107,97,96,98,503,504,666,8,637,499,497,498,581,568,566,567,612,179,180,605,458,712,713
344,342,345,347,349,351,353,356,107,97,96,98,503,504,636,637,499,5,639,638,10,11,459,460,468,469,642,221,731,713
344,477,357,345,347,349,351,353,356,107,97,96,98,503,505,666,8,637,499,5,564,565,10,12,218,217,605,458,712,713
344,477,357,348,359,352,354,353,356,107,97,96,98,503,505,666,8,637,499,5,639,638,10,11,459,460,469,642,221,731,713
344,477,357,348,359,352,354,362,355,107,97,96,98,503,504,666,8,637,499,5,639,565,613,216,182,218,217,221,731,713
344,477,357,348,359,352,354,362,356,107,97,96,98,503,505,666,8,637,499,497,498,581,564,565,10,11,459,460,469,642,221,731,713
344,342,345,347,349,351,353,356,107,97,96,98,503,505,666,8,637,499,5,564,581,568,566,215,182,218,217,221,731,713
344,477,357,348,359,352,354,353,356,107,97,96,98,503,505,666,8,637,499,497,498,581,564,565,613,216,182,179,180,605,458,712,713
344,477,357,348,359,352,354,362,355,107,97,96,98,503,505,666,8,637,499,5,639,638,10,11,459,219,217,221,731,713
344,342,345,347,349,351,353,356,107,97,96,98,503,504,636,637,499,497,498,5,639,638,10,12,218,217,221,731,713
344,477,357,348,359,352,354,353,356,107,97,96,98,503,505,666,8,637,499,497,498,581,564,565,613,216,182,218,180,605,458,712,713
344,342,345,347,349,351,353,356,107,97,96,98,503,504,666,8,637,499,5,639,638,461,459,460,468,469,642,221,731,713
344,477,357,345,347,349,351,353,356,107,97,96,98,503,505,666,8,637,499,497,582,568,566,215,182,218,217,221,731,713
344,477,357,348,359,349,351,353,356,107,97,96,98,503,505,666,8,637,499,497,498,581,564,565,10,11,459,460,469,642,221,731,713
344,477,357,348,359,352,354,353,356,107,97,96,98,503,505,666,8,637,499,497,498,581,564,565,613,215,182,218,217,605,458,712,713
344,476,723,477,357,345,347,349,351,353,356,107,97,96,98,503,505,666,8,637,499,5,564,565,613,216,182,218,217,605,458,712,713
344,342,345,347,349,351,26,372,373,390,108,21,636,637,499,5,639,565,613,216,182,218,217,221,731,713
344,476,723,477,357,348,359,352,354,362,355,107,97,96,98,503,505,666,8,637,499,497,498,581,564,565,10,12,218,217,221,731,713
344,342,345,346,384,30,377,28,374,739,212,211,106,20,95,86,85,582,568,566,215,182,218,217,221,731,713
344,477,357,348,347,349,351,353,356,107,97,96,98,503,504,666,8,637,499,5,564,565,613,216,182,218,217,221,731,713
344,477,357,345,347,349,351,353,356,107,97,96,98,503,505,666,8,637,499,497,498,581,564,565,10,12,218,217,605,458,712,713
344,477,357,348,359,352,354,362,355,109,97,96,98,503,505,666,8,637,499,5,581,564,565,613,216,182,218,217,605,458,712,713
344,477,357,348,359,352,354,362,355,107,97,96,98,503,505,666,8,637,499,5,581,564,565,613,215,182,218,217,221,731,713
344,342,345,347,349,351,353,356,107,97,96,98,503,505,666,8,637,499,497,498,5,581,568,566,215,182,218,217,221,731,713
344,342,345,347,349,351,353,356,107,97,96,98,503,504,636,637,499,5,564,565,10,12,216,182,218,217,221,731,713
344,342,345,347,384,350,26,372,373,390,108,21,636,637,499,5,639,565,613,216,182,218,217,221,731,713
344,342,345,347,349,351,353,356,107,97,96,98,503,505,666,8,637,499,5,564,565,639,638,11,459,460,469,642,221,731,713
344,477,357,348,359,352,351,353,356,107,97,96,98,503,505,666,8,637,499,5,639,638,11,459,219,217,605,458,712,713
344,476,723,477,357,348,359,352,354,362,355,109,97,96,98,503,505,666,8,637,499,5,639,638,10,12,218,217,221,731,713
344,342,345,347,349,350,26,372,373,390,108,21,636,637,499,5,639,565,613,216,182,218,217,221,731,713
344,477,357,345,347,349,351,353,356,107,97,96,98,503,505,666,8,637,499,5,564,565,10,11,459,460,469,642,221,731,713
344,477,357,348,359,352,354,362,355,109,97,96,98,503,505,666,8,637,499,5,639,638,461,177,468,469,642,221,731,713
344,476,723,477,357,345,347,349,351,353,356,107,97,96,98,503,505,666,8,637,499,497,498,581,564,565,613,216,182,218,217,605,458,712,713
344,342,345,347,349,351,353,356,107,97,96,98,503,504,636,637,499,497,498,5,564,565,613,215,182,218,217,221,731,713
344,477,357,348,347,349,351,353,356,107,97,96,98,503,504,666,8,637,499,497,498,581,564,565,613,216,182,218,217,221,731,713
344,342,345,347,349,351,353,356,107,97,96,98,503,505,666,8,637,499,5,581,564,565,10,11,459,219,217,605,458,712,713
344,342,345,347,349,351,353,356,107,97,96,98,503,505,666,8,637,499,497,498,5,639,638,10,11,459,460,468,469,642,221,731,713
344,342,345,347,349,351,353,356,107,97,96,98,503,505,666,8,637,499,497,498,581,5,639,638,461,459,460,469,642,221,731,713
344,342,345,347,349,351,353,356,107,97,96,98,503,504,636,637,499,497,498,581,564,565,10,12,216,182,218,217,221,731,713
344,477,357,348,359,352,351,353,356,107,97,96,98,503,505,666,8,637,499,5,564,565,10,12,218,217,605,458,712,713
344,342,345,347,349,351,353,356,107,97,96,98,503,505,666,8,637,499,497,498,581,564,565,639,638,11,459,460,469,642,221,731,713
344,477,357,348,359,352,354,362,355,109,97,96,98,503,505,666,8,637,499,5,564,566,215,182,218,217,605,458,712,713
344,477,357,345,347,349,351,353,356,107,97,96,98,503,505,666,8,637,499,497,498,581,564,565,10,11,459,460,469,642,221,731,713
344,342,345,347,349,351,353,356,107,97,96,98,503,504,636,22,497,498,5,564,565,613,216,182,218,217,605,458,712,713
344,476,723,477,357,348,359,352,354,362,355,109,97,96,98,503,505,666,8,637,499,5,564,565,613,215,182,218,217,221,731,713
344,342,345,347,349,351,353,356,107,97,96,98,503,504,666,8,637,499,5,581,568,566,215,182,218,217,221,731,713
344,477,357,348,359,352,351,353,356,107,97,96,98,503,505,666,8,637,499,497,582,568,566,215,182,218,217,221,731,713
344,476,723,477,357,348,359,352,351,353,356,107,97,96,98,503,505,666,8,637,499,5,564,565,613,216,182,218,217,605,458,712,713
344,477,357,348,359,352,354,353,356,107,97,96,98,503,505,666,8,637,499,5,639,638,11,459,219,217,605,458,712,713
344,477,357,348,359,352,351,353,356,107,97,96,98,503,505,666,8,637,499,497,498,581,564,565,10,12,218,217,605,458,712,713
344,477,357,348,359,352,354,362,355,109,97,96,98,503,505,666,8,637,499,497,498,581,564,566,215,182,218,217,605,458,712,713
344,342,345,347,349,351,353,356,107,97,96,98,503,505,666,8,637,499,5,564,565,10,638,11,459,219,642,221,731,713
344,342,345,346,29,30,377,28,374,739,212,211,106,20,95,86,85,582,568,566,215,182,218,217,221,731,713
344,342,345,347,349,351,353,356,107,97,96,98,503,505,666,8,637,499,497,498,5,564,565,10,12,216,182,218,217,221,731,713
344,477,357,348,359,352,354,362,355,109,97,96,98,503,504,636,637,499,5,639,565,613,216,182,218,217,221,731,713
344,342,345,347,349,351,353,356,107,97,96,98,503,504,636,22,497,498,581,5,564,565,613,216,182,218,217,221,731,713
344,476,723,477,357,348,359,352,354,362,355,109,97,96,98,503,505,666,8,637,499,497,498,581,564,565,613,215,182,218,217,221,731,713
344,342,345,347,349,351,353,356,107,97,96,98,503,505,666,8,637,499,497,498,581,5,639,638,10,12,218,217,605,458,712,713
344,477,357,348,359,352,354,362,355,109,97,96,98,503,505,666,8,637,499,5,639,638,461,459,219,642,221,731,713
344,342,475,346,384,350,26,372,373,390,108,21,636,637,499,5,639,565,613,216,182,218,217,221,731,713
344,342,345,347,349,351,353,356,107,97,96,98,503,504,636,637,499,5,639,565,10,11,459,219,642,221,731,713
344,477,357,348,347,349,351,353,356,107,97,96,98,503,505,666,8,637,499,5,639,638,461,459,460,469,642,221,731,713
344,342,345,347,349,351,353,356,107,97,96,98,503,504,666,8,637,499,5,639,638,10,11,459,460,468,469,642,221,731,713
344,477,357,348,359,352,354,353,356,107,97,96,98,503,505,666,8,637,499,5,564,565,10,12,218,217,605,458,712,713
344,477,357,348,359,352,351,353,356,107,97,96,98,503,505,666,8,637,499,5,564,565,10,11,459,460,469,642,221,731,713
344,477,357,348,359,352,354,362,356,107,97,96,98,503,505,666,8,637,499,5,581,564,565,613,216,182,218,217,605,458,712,713
344,476,723,477,357,348,359,352,351,353,356,107,97,96,98,503,505,666,8,637,499,497,498,581,564,565,613,216,182,218,217,605,458,712,713
344,342,345,347,349,351,353,356,107,97,96,98,503,505,666,8,637,499,5,564,565,10,638,11,459,219,217,221,731,713
344,342,345,347,349,351,353,356,107,97,96,98,503,504,636,22,497,498,581,568,566,567,612,179,180,605,458,712,713
344,342,345,347,384,30,377,28,374,739,212,211,106,20,95,86,85,582,568,566,215,182,218,217,221,731,713
344,342,345,347,349,351,353,356,107,97,96,98,503,504,666,8,637,499,497,498,5,639,638,10,12,218,217,221,731,713
344,477,357,348,359,349,351,353,356,107,97,96,98,503,505,666,8,637,499,5,581,564,565,613,216,182,218,217,605,458,712,713
344,342,345,347,349,351,353,372,373,390,108,21,636,637,499,5,639,565,613,216,182,218,217,221,731,713
344,342,345,347,349,351,353,356,107,97,96,98,503,504,636,637,499,497,498,5,639,638,11,459,219,642,221,731,713
344,477,357,348,359,352,354,362,355,109,97,96,98,503,505,666,8,637,499,5,639,638,461,459,219,217,221,731,713
344,342,345,347,349,351,353,356,107,97,96,98,503,504,636,637,499,5,639,565,10,11,459,219,217,221,731,713
344,342,345,347,349,351,353,356,373,390,108,21,636,637,499,5,639,565,613,216,182,218,217,221,731,713
344,342,345,347,349,351,353,356,107,97,96,98,503,505,666,8,637,499,497,498,581,564,565,10,638,11,459,219,642,221,731,713
344,476,723,477,357,348,359,352,354,362,356,107,97,96,98,503,505,666,8,637,499,5,639,638,10,12,218,217,221,731,713
344,477,357,348,359,352,354,353,356,107,97,96,98,503,505,666,8,637,499,497,582,568,566,215,182,218,217,221,731,713
344,342,345,347,349,351,353,356,107,97,96,98,503,505,666,8,637,499,497,498,581,5,564,565,613,216,182,179,180,605,458,712,713
344,477,357,348,359,352,354,362,356,107,97,96,98,503,505,666,8,637,499,5,639,638,461,177,468,469,642,221,731,713
344,476,723,477,357,348,359,352,354,353,356,107,97,96,98,503,505,666,8,637,499,5,564,565,613,216,182,218,217,605,458,712,713
344,342,345,347,349,351,353,356,107,97,96,98,503,505,666,8,637,499,497,498,581,5,564,565,613,216,182,218,180,605,458,712,713
344,476,723,477,357,348,359,349,351,353,356,107,97,96,98,503,505,666,8,637,499,5,639,638,10,12,218,217,221,731,713
344,342,345,347,349,351,353,356,107,97,96,98,503,505,666,8,637,499,497,498,581,5,564,565,613,215,182,218,217,605,458,712,713
344,477,357,348,359,352,354,353,356,107,97,96,98,503,505,666,8,637,499,497,498,581,564,565,10,12,218,217,605,458,712,713
344,477,357,348,359,352,351,353,356,107,97,96,98,503,505,666,8,637,499,497,498,581,564,565,10,11,459,460,469,642,221,731,713
344,342,345,347,349,351,353,356,107,97,96,98,503,505,666,8,637,499,5,639,638,10,12,216,182,179,180,605,458,712,713
344,477,357,348,359,349,351,353,356,107,97,96,98,503,505,666,8,637,499,5,639,638,461,177,468,469,642,221,731,713
344,477,357,348,359,352,354,362,355,109,97,96,98,503,505,666,8,637,499,5,639,638,11,10,12,218,217,221,731,713
344,342,345,347,349,351,353,356,107,97,96,98,503,504,636,637,499,497,498,5,639,638,11,459,219,217,221,731,713
344,342,345,347,349,351,353,356,107,97,96,98,503,504,666,8,637,499,5,564,565,10,12,216,182,218,217,221,731,713
344,342,345,347,349,351,353,356,107,97,96,98,503,505,666,8,637,499,497,498,581,564,565,10,638,11,459,219,217,221,731,713
344,342,345,347,349,351,353,356,107,97,96,98,503,505,666,8,637,499,5,639,638,10,12,216,182,218,180,605,458,712,713
344,477,357,348,359,352,354,362,355,107,97,96,98,503,505,666,8,637,499,5,564,565,10,11,459,219,642,221,731,713
344,477,357,348,347,349,351,353,356,107,97,96,98,503,505,666,8,637,499,5,639,638,10,12,218,217,605,458,712,713
344,477,357,348,359,352,354,362,355,107,97,96,98,503,505,666,8,637,499,5,581,564,565,10,12,218,217,221,731,713
344,342,345,347,349,351,353,356,107,97,96,98,503,505,666,8,637,499,497,498,581,5,639,638,10,11,459,460,469,642,221,731,713
344,342,345,347,349,351,353,356,107,97,96,98,503,504,636,637,499,5,564,565,10,11,459,460,468,469,642,221,731,713
344,476,723,477,357,348,359,352,354,362,355,109,97,96,98,503,505,666,8,637,499,5,639,638,11,459,219,642,221,731,713
344,476,723,477,357,348,347,349,351,353,356,107,97,96,98,503,505,666,8,637,499,5,639,638,11,459,460,469,642,221,731,713
344,477,357,348,359,352,354,362,356,107,97,96,98,503,505,666,8,637,499,5,564,566,215,182,218,217,605,458,712,713
344,477,357,348,359,352,354,362,355,107,97,96,98,503,505,666,8,637,499,5,639,565,613,216,182,179,180,605,458,712,713
344,477,357,348,359,352,354,353,356,107,97,96,98,503,505,666,8,637,499,5,564,565,10,11,459,460,469,642,221,731,713
344,342,345,347,349,351,353,356,107,97,96,98,503,504,666,8,637,499,497,498,5,564,565,613,215,182,218,217,221,731,713
344,342,345,347,349,351,353,356,107,97,96,98,503,505,666,8,637,499,5,581,568,566,215,612,179,180,605,458,712,713
344,342,345,347,349,351,353,356,107,97,96,21,636,637,499,5,639,565,613,216,182,218,217,221,731,713
344,476,723,477,357,348,359,352,354,353,356,107,97,96,98,503,505,666,8,637,499,497,498,581,564,565,613,216,182,218,217,605,458,712,713
344,477,357,348,359,352,354,362,355,107,97,96,98,503,505,666,8,637,499,5,639,565,613,216,182,218,180,605,458,712,713
344,342,345,347,349,351,353,356,107,390,108,21,636,637,499,5,639,565,613,216,182,218,217,221,731,713
344,477,357,348,359,352,354,362,355,109,97,96,98,503,505,666,8,637,499,497,498,5,639,565,613,216,182,218,217,221,731,713
344,476,723,477,357,348,359,352,354,362,356,107,97,96,98,503,505,666,8,637,499,5,564,565,613,215,182,218,217,221,731,713
344,477,357,348,359,349,351,353,356,107,97,96,98,503,505,666,8,637,499,5,564,566,215,182,218,217,605,458,712,713
344,477,357,348,359,352,354,362,355,107,97,96,98,503,505,666,8,637,499,5,639,565,613,215,182,218,217,605,458,712,713
344,342,345,347,349,351,353,356,107,97,96,98,503,505,666,8,4,499,5,639,565,613,216,182,218,217,221,731,713
344,477,357,348,359,352,354,362,355,107,97,96,98,503,505,666,8,637,499,5,564,565,10,11,459,219,217,221,731,713
344,342,345,347,349,351,353,356,107,97,96,98,503,504,636,637,499,497,498,5,564,565,10,12,218,217,221,731,713
344,342,345,347,349,351,353,356,107,97,96,98,503,505,666,8,637,499,497,498,5,639,565,10,11,459,219,642,221,731,713
344,476,723,477,357,348,359,349,351,353,356,107,97,96,98,503,505,666,8,637,499,5,564,565,613,215,182,218,217,221,731,713
344,342,345,347,349,351,353,356,107,97,96,98,503,504,636,637,499,5,564,565,613,215,612,179,180,605,458,712,713
344,476,723,477,357,348,359,352,354,362,355,107,97,96,98,503,505,666,8,637,499,5,581,564,565,613,216,182,218,217,221,731,713
344,476,723,477,357,348,359,352,354,362,355,109,97,96,98,503,505,666,8,637,499,5,639,638,11,459,219,217,221,731,713
344,342,345,347,349,351,353,356,107,97,96,98,503,504,666,8,637,499,497,498,581,564,565,10,12,216,182,218,217,221,731,713
344,477,357,348,347,349,351,353,356,107,97,96,98,503,505,666,8,637,499,5,564,565,613,216,182,179,180,605,458,712,713
344,477,357,348,359,352,354,362,355,107,97,96,98,503,505,666,8,637,499,497,498,581,564,565,10,11,459,219,642,221,731,713
344,477,357,348,347,349,351,353,356,107,97,96,98,503,504,636,22,497,498,581,564,565,613,216,182,218,217,221,731,713
344,477,357,345,347,349,351,353,356,107,97,96,98,503,505,666,8,637,499,5,581,564,565,613,216,182,218,217,605,458,712,713
344,477,357,348,359,352,354,362,355,107,97,96,98,503,505,666,8,637,499,497,498,581,568,566,215,182,218,217,605,458,712,713
344,342,345,347,349,351,353,356,107,97,96,98,503,504,636,637,499,497,498,581,564,565,10,11,459,460,468,469,642,221,731,713
344,477,357,348,347,349,351,353,356,107,97,96,98,503,505,666,8,637,499,5,564,565,613,216,182,218,180,605,458,712,713
344,342,475,474,29,30,377,28,374,739,212,211,106,20,95,86,85,582,568,566,215,182,218,217,221,731,713
344,477,357,348,359,352,354,362,356,107,97,96,98,503,505,666,8,637,499,497,498,581,564,566,215,182,218,217,605,458,712,713
344,477,357,348,347,349,351,353,356,107,97,96,98,503,505,666,8,637,499,5,564,565,613,215,182,218,217,605,458,712,713
344,477,357,348,359,352,354,353,356,107,97,96,98,503,505,666,8,637,499,497,498,581,564,565,10,11,459,460,469,642,221,731,713
344,477,357,348,359,352,354,362,356,107,97,96,98,503,504,636,637,499,5,639,565,613,216,182,218,217,221,731,713
344,342,345,347,349,351,353,356,107,97,96,98,503,505,666,8,637,499,497,498,5,639,565,10,11,459,219,217,221,731,713
344,342,345,347,349,351,353,356,107,97,96,98,503,504,636,637,499,497,582,568,566,215,182,218,217,605,458,712,713
344,342,475,346,384,30,377,28,374,739,212,211,106,20,95,86,85,582,568,566,215,182,218,217,221,731,713
344,476,723,477,357,348,359,352,354,362,356,107,97,96,98,503,505,666,8,637,499,497,498,581,564,565,613,215,182,218,217,221,731,713
344,476,723,477,357,345,347,349,351,353,356,107,97,96,98,503,505,666,8,637,499,5,639,638,10,12,218,217,221,731,713
344,477,357,348,359,352,354,362,356,107,97,96,98,503,505,666,8,637,499,5,639,638,461,459,219,642,221,731,713
344,477,357,348,359,349,351,353,356,107,97,96,98,503,505,666,8,637,499,497,498,581,564,566,215,182,218,217,605,458,712,713
344,477,357,348,359,352,354,362,355,107,97,96,98,503,505,666,8,637,499,497,498,581,564,565,10,11,459,219,217,221,731,713
344,477,357,345,347,349,351,353,356,107,97,96,98,503,505,666,8,637,499,5,639,638,461,177,468,469,642,221,731,713
344,477,357,348,359,349,351,353,356,107,97,96,98,503,504,636,637,499,5,639,565,613,216,182,218,217,221,731,713
344,477,357,348,359,352,354,362,355,109,97,96,98,503,505,666,8,637,499,5,639,638,10,11,459,219,642,221,731,713
344,477,357,348,347,349,351,353,356,107,97,96,98,503,505,666,8,637,499,5,639,638,10,11,459,460,469,642,221,731,713
344,476,723,477,357,348,359,352,354,362,355,109,97,96,98,503,505,666,8,637,499,5,564,565,10,12,218,217,221,731,713
344,342,345,347,349,351,353,356,107,97,96,98,503,505,666,8,637,499,5,498,581,564,565,613,216,182,218,217,605,458,712,713
344,342,345,346,384,30,27,25,23,212,211,106,20,95,86,85,582,568,566,215,182,218,217,221,731,713
344,476,723,477,357,348,359,349,351,353,356,107,97,96,98,503,505,666,8,637,499,497,498,581,564,565,613,215,182,218,217,221,731,713
344,342,345,347,349,351,353,356,107,97,96,98,503,504,636,637,499,497,498,581,564,565,613,215,612,179,180,605,458,712,713
344,477,357,348,359,349,351,353,356,107,97,96,98,503,505,666,8,637,499,5,639,638,461,459,219,642,221,731,713
344,477,357,348,347,349,351,353,356,107,97,96,98,503,505,666,8,637,499,497,498,581,564,565,613,216,182,179,180,605,458,712,713
344,477,357,348,359,352,354,362,355,109,97,96,98,503,504,666,8,637,499,5,639,565,613,216,182,218,217,221,731,713
344,477,357,348,347,349,351,353,356,107,97,96,98,503,505,666,8,637,499,497,498,581,564,565,613,216,182,218,180,605,458,712,713
344,477,357,348,359,352,354,362,356,107,97,96,98,503,505,666,8,637,499,5,639,638,461,459,219,217,221,731,713
344,477,357,348,347,349,351,353,356,107,97,96,98,503,505,666,8,637,499,497,498,581,564,565,613,215,182,218,217,605,458,712,713
344,476,723,477,357,348,359,352,354,362,355,107,97,96,98,503,505,666,8,637,499,5,564,566,215,182,218,217,221,731,713
344,342,345,347,349,351,353,356,107,97,96,98,503,505,666,8,637,499,497,498,5,564,565,10,11,459,460,468,469,642,221,731,713
344,342,345,347,349,351,353,356,107,97,96,98,503,504,666,8,637,499,5,639,565,10,11,459,219,642,221,731,713
344,477,357,348,359,352,354,362,355,109,97,96,98,503,505,666,8,637,499,5,639,638,10,11,459,219,217,221,731,713
344,342,345,347,349,351,353,356,107,97,96,98,503,504,636,637,499,5,639,638,10,12,218,180,605,458,712,713
344,477,357,345,347,349,351,353,356,107,97,96,98,503,505,666,8,637,499,5,564,566,215,182,218,217,605,458,712,713
344,477,357,348,359,349,351,353,356,107,97,96,98,503,505,666,8,637,499,5,639,638,461,459,219,217,221,731,713
344,342,345,346,384,350,26,25,23,212,211,106,20,95,86,85,582,568,566,215,182,218,217,221,731,713
344,476,723,477,357,348,359,352,354,362,355,109,97,96,98,503,505,666,8,637,499,497,498,581,564,565,10,12,218,217,221,731,713
344,476,723,477,357,345,347,349,351,353,356,107,97,96,98,503,505,666,8,637,499,5,564,565,613,215,182,218,217,221,731,713
344,477,357,348,359,352,354,362,356,107,97,96,98,503,505,666,8,637,499,5,639,638,11,10,12,218,217,221,731,713
344,342,345,347,349,351,353,356,107,97,96,98,503,505,666,8,637,499,5,581,568,566,215,182,179,180,605,458,712,713
344,477,357,348,359,352,354,362,355,109,97,96,98,503,505,666,8,637,499,5,581,564,565,613,215,182,218,217,221,731,713
344,342,345,347,349,351,353,356,107,97,96,98,503,505,666,8,637,499,497,498,5,564,565,613,215,612,179,180,605,458,712,713
344,342,345,347,349,351,353,356,107,97,96,98,503,504,666,8,637,499,497,498,5,639,638,11,459,219,642,221,731,713
344,342,345,347,349,351,353,356,107,97,96,98,503,504,666,8,637,499,5,639,565,10,11,459,219,217,221,731,713
344,342,345,347,349,351,353,356,107,97,96,98,503,505,666,8,637,499,497,498,581,5,639,638,11,459,219,217,605,458,712,713
344,477,357,348,359,349,351,353,356,107,97,96,98,503,505,666,8,637,499,5,639,638,11,10,12,218,217,221,731,713
344,342,345,347,349,351,353,356,107,97,96,98,503,505,666,8,637,499,5,581,568,566,215,182,218,180,605,458,712,713
344,476,723,477,357,348,359,352,354,362,356,107,97,96,98,503,505,666,8,637,499,5,639,638,11,459,219,642,221,731,713
344,476,723,477,357,348,359,352,354,362,355,107,97,96,98,503,505,666,8,637,499,497,498,581,564,566,215,182,218,217,221,731,713
344,477,357,348,359,352,351,353,356,107,97,96,98,503,505,666,8,637,499,5,581,564,565,613,216,182,218,217,605,458,712,713
344,342,345,347,349,351,353,356,107,97,96,98,503,504,636,637,499,5,564,565,613,215,182,179,180,605,458,712,713
344,342,345,347,349,351,353,356,107,97,96,98,503,504,636,22,497,498,5,639,638,10,12,218,217,221,731,713
344,477,357,345,347,349,351,353,356,107,97,96,98,503,505,666,8,637,499,497,498,581,564,566,215,182,218,217,605,458,712,713
344,477,357,348,359,352,354,362,356,107,97,96,98,503,505,666,8,637,499,497,498,5,639,565,613,216,182,218,217,221,731,713
344,476,723,477,357,348,359,349,351,353,356,107,97,96,98,503,505,666,8,637,499,5,639,638,11,459,219,642,221,731,713
344,342,345,347,349,351,353,356,107,97,96,98,503,505,666,8,637,499,5,639,638,10,565,613,216,182,218,217,221,731,713
344,477,357,345,347,349,351,353,356,107,97,96,98,503,504,636,637,499,5,639,565,613,216,182,218,217,221,731,713
344,342,345,347,349,351,353,356,107,97,96,98,503,504,636,637,499,5,564,565,613,215,182,218,180,605,458,712,713
344,476,723,477,357,345,347,349,351,353,356,107,97,96,98,503,505,666,8,637,499,497,498,581,564,565,613,215,182,218,217,221,731,713
344,342,345,347,349,351,353,356,107,97,96,98,503,504,666,8,637,499,497,498,5,639,638,11,459,219,217,221,731,713
344,477,357,348,359,352,354,362,355,107,97,96,98,503,505,666,8,637,499,5,564,566,567,612,179,180,605,458,712,713
344,477,357,345,347,349,351,353,356,107,97,96,98,503,505,666,8,637,499,5,639,638,461,459,219,642,221,731,713
344,477,357,348,359,349,351,353,356,107,97,96,98,503,505,666,8,637,499,497,498,5,639,565,613,216,182,218,217,221,731,713
344,476,723,477,357,348,359,352,351,353,356,107,97,96,98,503,505,666,8,637,499,5,639,638,10,12,218,217,221,731,713
344,476,723,477,357,348,359,352,354,362,356,107,97,96,98,503,505,666,8,637,499,5,639,638,11,459,219,217,221,731,713
344,342,345,347,349,351,353,356,107,97,96,98,503,505,666,8,637,499,497,498,581,5,564,565,10,12,218,217,605,458,712,713
344,342,345,347,349,351,353,356,107,97,96,98,503,504,666,8,637,499,5,564,565,10,11,459,460,468,469,642,221,731,713
344,477,357,348,359,352,351,353,356,107,97,96,98,503,505,666,8,637,499,5,639,638,461,177,468,469,642,221,731,713
344,342,475,346,29,30,377,28,374,739,212,211,106,20,95,86,85,582,568,566,215,182,218,217,221,731,713
344,476,723,477,357,348,359,349,351,353,356,107,97,96,98,503,505,666,8,637,499,5,639,638,11,459,219,217,221,731,713
344,342,345,347,349,351,353,356,107,97,96,98,503,505,666,8,637,499,5,639,588,638,461,459,460,469,642,221,731,713
344,342,345,347,349,351,353,356,107,97,96,98,503,504,636,637,499,497,498,581,564,565,613,215,182,179,180,605,458,712,713
344,477,357,345,347,349,351,353,356,107,97,96,98,503,505,666,8,637,499,5,639,638,461,459,219,217,221,731,713
344,342,345,346,29,30,27,25,23,212,211,106,20,95,86,85,582,568,566,215,182,218,217,221,731,713
344,342,345,347,349,351,353,356,107,97,96,98,503,504,666,8,637,499,497,498,5,564,565,10,12,218,217,221,731,713
344,342,345,347,349,351,353,356,107,97,96,98,503,505,666,8,637,499,497,498,5,639,638,10,12,218,180,605,458,712,713
344,342,345,347,349,351,353,356,107,97,96,98,503,504,636,637,499,497,498,581,564,565,613,215,182,218,180,605,458,712,713
344,342,345,347,349,351,353,356,107,97,96,98,503,504,636,22,497,498,5,564,565,613,215,182,218,217,221,731,713
344,477,357,348,347,349,351,353,356,107,97,96,98,503,505,666,8,637,499,5,639,638,11,459,219,217,605,458,712,713
344,342,345,347,349,351,353,356,107,97,96,98,503,504,666,8,637,499,5,564,565,613,215,612,179,180,605,458,712,713
344,342,345,347,349,351,353,356,107,97,96,98,503,505,666,8,637,499,5,639,565,10,638,11,459,460,469,642,221,731,713
344,477,357,348,359,352,354,362,356,107,97,96,98,503,505,666,8,637,499,5,639,638,10,11,459,219,642,221,731,713
344,476,723,477,357,348,359,352,354,362,356,107,97,96,98,503,505,666,8,637,499,5,564,565,10,12,218,217,221,731,713
344,477,357,348,359,352,354,362,355,107,97,96,98,503,505,666,8,637,499,497,498,581,564,566,567,612,179,180,605,458,712,713
344,477,357,348,359,352,354,362,355,107,97,96,98,503,505,666,8,637,499,5,639,565,10,12,218,217,605,458,712,713
344,477,357,348,359,352,351,353,356,107,97,96,98,503,505,666,8,637,499,5,564,566,215,182,218,217,605,458,712,713
344,477,357,348,359,352,354,362,355,107,97,96,98,503,504,636,637,499,5,639,638,11,459,460,469,642,221,731,713
344,342,345,347,349,351,353,356,107,97,96,98,503,504,666,8,637,499,497,498,581,564,565,10,11,459,460,468,469,642,221,731,713
344,477,357,348,359,352,354,353,356,107,97,96,98,503,505,666,8,637,499,5,581,564,565,613,216,182,218,217,605,458,712,713
344,342,345,347,349,351,353,356,107,97,108,21,636,637,499,5,639,565,613,216,182,218,217,221,731,713
344,477,357,345,347,349,351,353,356,107,97,96,98,503,505,666,8,637,499,5,639,638,11,10,12,218,217,221,731,713
344,477,357,348,359,349,351,353,356,107,97,96,98,503,505,666,8,637,499,5,639,638,10,11,459,219,642,221,731,713
344,476,723,477,357,348,359,349,351,353,356,107,97,96,98,503,505,666,8,637,499,5,564,565,10,12,218,217,221,731,713
344,476,723,477,357,348,359,352,351,353,356,107,97,96,98,503,505,666,8,637,499,5,564,565,613,215,182,218,217,221,731,713
344,477,357,348,359,352,354,362,356,107,97,96,98,503,504,666,8,637,499,5,639,565,613,216,182,218,217,221,731,713
344,342,345,347,349,351,353,356,107,97,96,98,503,505,666,8,637,499,5,564,565,10,12,216,182,179,180,605,458,712,713
344,342,345,347,349,351,353,356,107,97,96,98,503,504,636,22,497,498,581,564,565,10,12,216,182,218,217,221,731,713
344,342,345,347,384,30,27,25,23,212,211,106,20,95,86,85,582,568,566,215,182,218,217,221,731,713
344,342,345,347,349,351,353,356,107,97,96,98,503,504,666,8,637,499,497,582,568,566,215,182,218,217,605,458,712,713
344,342,345,346,384,350,26,372,373,390,108,21,19,22,497,498,581,564,565,613,216,182,218,217,605,458,712,713
344,342,345,347,349,351,353,356,107,97,96,98,503,505,666,8,637,499,5,564,565,10,12,216,182,218,180,605,458,712,713
344,477,357,348,359,352,354,362,356,107,97,96,98,503,505,666,8,637,499,5,639,638,10,11,459,219,217,221,731,713
344,476,723,477,357,345,347,349,351,353,356,107,97,96,98,503,505,666,8,637,499,5,639,638,11,459,219,642,221,731,713
344,477,357,348,347,349,351,353,356,107,97,96,98,503,505,666,8,637,499,5,564,565,10,12,218,217,605,458,712,713
344,476,723,477,357,348,359,352,354,353,356,107,97,96,98,503,505,666,8,637,499,5,639,638,10,12,218,217,221,731,713
344,477,357,348,359,349,351,353,356,107,97,96,98,503,504,666,8,637,499,5,639,565,613,216,182,218,217,221,731,713
344,342,345,347,349,351,26,25,23,212,211,106,20,95,86,85,582,568,566,215,182,218,217,221,731,713
344,342,345,347,349,351,353,356,107,97,96,98,503,505,666,8,637,499,497,498,581,5,564,565,10,11,459,460,469,642,221,731,713
344,476,723,477,357,348,359,352,354,362,355,107,97,96,98,503,505,666,8,637,499,5,639,565,613,216,182,218,217,605,458,712,713
344,342,345,347,349,351,353,356,107,97,96,98,503,505,666,8,637,499,497,498,5,564,565,613,215,182,179,180,605,458,712,713
344,477,357,348,359,352,354,353,356,107,97,96,98,503,505,666,8,637,499,5,639,638,461,177,468,469,642,221,731,713
344,342,345,347,349,351,353,356,107,97,96,98,503,504,666,8,637,499,497,498,581,564,565,613,215,612,179,180,605,458,712,713
344,477,357,348,359,349,351,353,356,107,97,96,98,503,505,666,8,637,499,5,639,638,10,11,459,219,217,221,731,713
344,476,723,477,357,348,359,352,354,362,356,107,97,96,98,503,505,666,8,637,499,497,498,581,564,565,10,12,218,217,221,731,713
344,477,357,345,347,349,351,353,356,107,97,96,98,503,505,666,8,637,499,497,498,5,639,565,613,216,182,218,217,221,731,713
344,342,345,347,349,351,353,356,107,97,96,98,503,505,666,8,637,499,497,498,5,564,565,613,215,182,218,180,605,458,712,713
344,342,345,347,349,351,353,356,107,97,96,98,503,505,666,8,637,499,5,639,588,638,10,12,218,217,605,458,712,713
344,477,357,348,359,352,351,353,356,107,97,96,98,503,505,666,8,637,499,497,498,581,564,566,215,182,218,217,605,458,712,713
344,477,357,348,359,352,351,353,356,107,97,96,98,503,504,636,637,499,5,639,565,613,216,182,218,217,221,731,713
344,477,357,348,359,352,354,362,356,107,97,96,98,503,505,666,8,637,499,5,581,564,565,613,215,182,218,217,221,731,713
344,476,723,477,357,348,359,349,351,353,356,107,97,96,98,503,505,666,8,637,499,497,498,581,564,565,10,12,218,217,221,731,713
344,342,345,347,384,350,26,25,23,212,211,106,20,95,86,85,582,568,566,215,182,218,217,221,731,713
344,476,723,477,357,348,359,352,351,353,356,107,97,96,98,503,505,666,8,637,499,497,498,581,564,565,613,215,182,218,217,221,731,713
344,476,723,477,357,345,347,349,351,353,356,107,97,96,98,503,505,666,8,637,499,5,639,638,11,459,219,217,221,731,713
344,477,357,348,359,352,351,353,356,107,97,96,98,503,505,666,8,637,499,5,639,638,461,459,219,642,221,731,713
344,477,357,348,347,349,351,353,356,107,97,96,98,503,505,666,8,637,499,497,582,568,566,215,182,218,217,221,731,713
344,342,345,347,349,351,353,356,107,97,96,98,503,505,666,8,637,499,497,498,581,564,565,10,12,216,182,179,180,605,458,712,713
344,342,345,347,349,351,353,356,107,97,96,98,503,504,666,8,637,499,5,639,638,10,12,218,180,605,458,712,713
344,476,723,477,357,348,347,349,351,353,356,107,97,96,98,503,505,666,8,637,499,5,564,565,613,216,182,218,217,605,458,712,713
344,342,345,347,349,350,26,25,23,212,211,106,20,95,86,85,582,568,566,215,182,218,217,221,731,713
344,342,345,346,384,350,27,25,23,212,211,106,20,95,86,85,582,568,566,215,182,218,217,221,731,713
344,477,357,348,359,349,351,353,356,107,97,96,98,503,505,666,8,637,499,5,581,564,565,613,215,182,218,217,221,731,713
344,342,345,347,349,351,353,356,107,97,96,98,503,505,666,8,637,499,497,498,581,564,565,10,12,216,182,218,180,605,458,712,713
344,342,345,346,384,350,26,372,373,390,108,21,636,637,499,5,639,638,11,459,460,469,642,221,731,713
344,477,357,348,359,352,354,362,355,107,97,96,98,503,505,666,8,637,499,5,639,565,10,11,459,460,469,642,221,731,713
344,477,357,348,359,352,354,353,356,107,97,96,98,503,505,666,8,637,499,5,564,566,215,182,218,217,605,458,712,713
344,477,357,348,347,349,351,353,356,107,97,96,98,503,505,666,8,637,499,497,498,581,564,565,10,12,218,217,605,458,712,713
344,476,723,477,357,348,359,352,354,353,356,107,97,96,98,503,505,666,8,637,499,5,564,565,613,215,182,218,217,221,731,713
344,477,357,348,359,352,351,353,356,107,97,96,98,503,505,666,8,637,499,5,639,638,461,459,219,217,221,731,713
344,477,357,345,347,349,351,353,356,107,97,96,98,503,505,666,8,637,499,5,639,638,10,11,459,219,642,221,731,713
344,476,723,477,357,345,347,349,351,353,356,107,97,96,98,503,505,666,8,637,499,5,564,565,10,12,218,217,221,731,713
344,342,345,347,349,351,353,356,107,97,96,98,503,504,636,637,499,497,498,5,581,564,565,613,216,182,218,217,221,731,713
344,477,357,348,359,352,354,362,355,109,97,96,98,503,505,666,8,637,499,5,564,565,10,11,459,219,642,221,731,713
344,477,357,348,359,352,354,362,355,107,97,96,98,503,505,666,8,637,499,497,498,5,639,638,11,459,460,469,642,221,731,713
344,477,357,348,347,349,351,353,356,107,97,96,98,503,505,666,8,637,499,5,564,565,10,11,459,460,469,642,221,731,713
344,477,357,348,359,352,354,362,355,109,97,96,98,503,505,666,8,637,499,5,581,564,565,10,12,218,217,221,731,713
344,342,345,347,349,351,353,356,107,97,96,98,503,504,666,8,637,499,5,564,565,613,215,182,179,180,605,458,712,713
344,342,345,346,384,350,26,372,373,390,108,18,19,22,497,498,581,564,565,613,216,182,218,217,605,458,712,713
344,476,723,477,357,348,347,349,351,353,356,107,97,96,98,503,505,666,8,637,499,497,498,581,564,565,613,216,182,218,217,605,458,712,713
344,342,345,347,349,351,353,356,107,97,96,98,503,504,636,22,497,498,5,639,638,11,459,219,642,221,731,713
344,477,357,345,347,349,351,353,356,107,97,96,98,503,504,666,8,637,499,5,639,565,613,216,182,218,217,221,731,713
344,342,475,474,29,30,27,25,23,212,211,106,20,95,86,85,582,568,566,215,182,218,217,221,731,713
344,477,357,348,359,352,351,353,356,107,97,96,98,503,505,666,8,637,499,5,639,638,11,10,12,218,217,221,731,713
344,477,357,348,359,352,354,362,355,109,97,96,98,503,505,666,8,637,499,5,639,565,613,216,182,179,180,605,458,712,713
344,342,345,347,349,351,353,356,107,97,96,98,503,505,666,8,637,499,5,639,588,638,10,11,459,460,469,642,221,731,713
344,477,357,348,359,352,354,353,356,107,97,96,98,503,505,666,8,637,499,497,498,581,564,566,215,182,218,217,605,458,712,713
344,342,345,347,349,351,353,356,107,97,96,98,503,504,666,8,637,499,5,564,565,613,215,182,218,180,605,458,712,713
344,477,357,348,359,352,354,353,356,107,97,96,98,503,504,636,637,499,5,639,565,613,216,182,218,217,221,731,713
344,477,357,345,347,349,351,353,356,107,97,96,98,503,505,666,8,637,499,5,639,638,10,11,459,219,217,221,731,713
344,477,357,348,359,352,354,362,355,109,97,96,98,503,505,666,8,637,499,5,639,565,613,216,182,218,180,605,458,712,713
344,342,475,346,384,30,27,25,23,212,211,106,20,95,86,85,582,568,566,215,182,218,217,221,731,713
344,476,723,477,357,348,359,352,354,353,356,107,97,96,98,503,505,666,8,637,499,497,498,581,564,565,613,215,182,218,217,221,731,713
344,477,357,348,359,352,354,362,355,109,97,96,98,503,505,666,8,637,499,5,639,565,613,215,182,218,217,605,458,712,713
344,477,357,348,359,352,354,353,356,107,97,96,98,503,505,666,8,637,499,5,639,638,461,459,219,642,221,731,713
344,477,357,348,359,352,354,362,355,109,97,96,98,503,505,666,8,637,499,5,564,565,10,11,459,219,217,221,731,713
344,476,723,477,357,348,359,352,351,353,356,107,97,96,98,503,505,666,8,637,499,5,639,638,11,459,219,642,221,731,713
344,477,357,348,359,352,354,362,355,107,97,96,98,503,505,666,8,637,499,5,581,564,566,215,182,218,217,221,731,713
344,342,345,347,349,351,353,356,107,97,96,98,503,504,636,637,499,5,564,565,10,12,218,180,605,458,712,713
344,476,723,477,357,345,347,349,351,353,356,107,97,96,98,503,505,666,8,637,499,497,498,581,564,565,10,12,218,217,221,731,713
344,476,723,477,357,348,359,352,354,362,355,109,97,96,98,503,505,666,8,637,499,5,581,564,565,613,216,182,218,217,221,731,713
344,342,345,347,349,351,353,356,107,97,96,98,503,504,636,22,497,498,5,639,638,11,459,219,217,221,731,713
344,477,357,348,359,352,354,362,355,109,97,96,98,503,505,666,8,637,499,497,498,581,564,565,10,11,459,219,642,221,731,713
344,342,345,347,349,351,353,356,107,97,96,98,503,504,636,22,85,582,568,566,215,182,218,217,605,458,712,713
344,477,357,348,347,349,351,353,356,107,97,96,98,503,505,666,8,637,499,497,498,581,564,565,10,11,459,460,469,642,221,731,713
344,477,357,348,359,352,351,353,356,107,97,96,98,503,505,666,8,637,499,497,498,5,639,565,613,216,182,218,217,221,731,713
344,342,345,347,349,351,26,372,373,390,108,21,19,22,497,498,581,564,565,613,216,182,218,217,605,458,712,713
344,477,357,348,359,352,354,362,355,109,97,96,98,503,505,666,8,637,499,497,498,581,568,566,215,182,218,217,605,458,712,713
344,342,345,347,349,351,353,356,107,97,96,98,503,505,666,8,637,499,5,564,565,639,638,10,12,218,217,221,731,713
344,477,357,345,347,349,351,353,356,107,97,96,98,503,505,666,8,637,499,5,581,564,565,613,215,182,218,217,221,731,713
344,342,345,347,349,351,353,356,107,97,96,98,503,504,666,8,637,499,497,498,581,564,565,613,215,182,179,180,605,458,712,713
344,477,357,348,359,352,354,353,356,107,97,96,98,503,505,666,8,637,499,5,639,638,461,459,219,217,221,731,713
344,342,345,347,349,351,353,356,107,97,96,98,503,504,666,8,637,499,497,498,581,564,565,613,215,182,218,180,605,458,712,713
344,342,345,347,349,351,353,356,107,97,96,98,503,504,636,637,499,497,498,5,564,566,215,182,218,217,221,731,713
344,476,723,477,357,348,359,352,351,353,356,107,97,96,98,503,505,666,8,637,499,5,639,638,11,459,219,217,221,731,713
344,342,475,346,384,350,26,25,23,212,211,106,20,95,86,85,582,568,566,215,182,218,217,221,731,713
344,342,345,347,349,351,353,356,107,97,96,98,503,504,636,22,497,499,5,564,565,613,216,182,218,217,221,731,713
344,342,345,347,349,351,353,356,107,97,96,98,503,505,666,8,637,499,5,639,638,11,10,12,216,182,218,217,605,458,712,713
344,342,345,347,384,350,26,372,373,390,108,21,19,22,497,498,581,564,565,613,216,182,218,217,605,458,712,713
344,477,357,348,359,352,354,362,355,107,97,96,98,503,504,666,8,637,499,5,639,638,11,459,460,469,642,221,731,713
344,477,357,348,359,352,354,362,355,109,97,96,98,503,505,666,8,637,499,497,498,581,564,565,10,11,459,219,217,221,731,713
344,342,345,347,349,351,353,356,107,97,96,98,503,504,636,637,499,497,498,581,564,565,10,12,218,180,605,458,712,713
344,342,345,347,349,351,353,356,107,97,96,98,503,504,636,22,497,498,5,564,565,10,12,218,217,221,731,713
344,342,345,347,349,350,26,372,373,390,108,21,19,22,497,498,581,564,565,613,216,182,218,217,605,458,712,713
344,342,345,346,384,350,26,372,373,390,214,18,19,22,497,498,581,564,565,613,216,182,218,217,605,458,712,713
344,342,345,347,349,351,353,356,107,97,96,98,503,505,666,8,637,499,5,498,581,564,565,613,215,182,218,217,221,731,713
344,477,357,348,359,352,354,353,356,107,97,96,98,503,505,666,8,637,499,5,639,638,11,10,12,218,217,221,731,713
344,342,345,347,349,351,353,356,107,97,96,98,503,505,666,8,637,499,497,498,581,564,565,639,638,10,12,218,217,221,731,713
344,342,345,347,349,351,353,356,107,97,96,98,503,504,636,22,497,498,581,564,565,10,11,459,460,468,469,642,221,731,713
344,342,345,347,349,351,26,372,373,390,108,21,636,637,499,5,639,638,11,459,460,469,642,221,731,713
344,477,357,348,359,352,351,353,356,107,97,96,98,503,505,666,8,637,499,5,639,638,10,11,459,219,642,221,731,713
344,476,723,477,357,348,359,352,351,353,356,107,97,96,98,503,505,666,8,637,499,5,564,565,10,12,218,217,221,731,713
344,476,723,477,357,348,359,352,354,353,356,107,97,96,98,503,505,666,8,637,499,5,639,638,11,459,219,642,221,731,713
344,476,723,477,357,348,359,352,354,362,355,109,97,96,98,503,505,666,8,637,499,5,564,566,215,182,218,217,221,731,713
344,342,345,347,349,351,353,356,107,97,96,98,503,504,636,22,497,582,568,566,215,182,218,217,605,458,712,713
344,342,345,347,384,350,27,25,23,212,211,106,20,95,86,85,582,568,566,215,182,218,217,221,731,713
344,477,357,348,359,352,354,353,356,107,97,96,98,503,505,666,8,637,499,497,498,5,639,565,613,216,182,218,217,221,731,713
344,477,357,348,359,352,351,353,356,107,97,96,98,503,504,666,8,637,499,5,639,565,613,216,182,218,217,221,731,713
344,342,345,347,384,350,26,372,373,390,108,21,636,637,499,5,639,638,11,459,460,469,642,221,731,713
344,342,345,347,349,350,27,25,23,212,211,106,20,95,86,85,582,568,566,215,182,218,217,221,731,713
344,342,345,347,349,351,353,356,107,97,96,98,503,504,636,22,497,498,581,564,565,613,215,612,179,180,605,458,712,713
344,477,357,348,359,352,351,353,356,107,97,96,98,503,505,666,8,637,499,5,639,638,10,11,459,219,217,221,731,713
344,342,345,347,349,351,353,356,107,97,96,98,503,505,666,8,637,499,497,498,5,564,565,10,12,218,180,605,458,712,713
344,342,345,347,349,350,26,372,373,390,108,21,636,637,499,5,639,638,11,459,460,469,642,221,731,713
344,476,723,477,357,348,359,352,354,353,356,107,97,96,98,503,505,666,8,637,499,5,639,638,11,459,219,217,221,731,713
344,342,345,347,349,351,26,372,373,390,108,18,19,22,497,498,581,564,565,613,216,182,218,217,605,458,712,713
344,477,357,348,359,352,354,362,356,107,97,96,98,503,505,666,8,637,499,5,564,565,10,11,459,219,642,221,731,713
344,342,345,347,349,351,353,356,107,97,96,98,503,504,636,637,499,5,564,565,613,216,12,218,217,221,731,713
344,477,357,348,359,352,354,362,356,107,97,96,98,503,505,666,8,637,499,5,581,564,565,10,12,218,217,221,731,713
344,476,723,477,357,348,359,352,351,353,356,107,97,96,98,503,505,666,8,637,499,497,498,581,564,565,10,12,218,217,221,731,713
344,342,475,346,29,30,27,25,23,212,211,106,20,95,86,85,582,568,566,215,182,218,217,221,731,713
344,342,345,347,349,351,353,356,107,97,96,98,503,505,666,8,637,499,5,639,588,638,11,459,219,217,605,458,712,713
344,476,723,477,357,348,359,352,354,362,355,109,97,96,98,503,505,666,8,637,499,497,498,581,564,566,215,182,218,217,221,731,713
344,342,345,347,349,351,353,356,107,97,96,98,503,504,636,637,499,5,639,638,461,459,219,217,605,458,712,713
344,477,357,348,359,352,354,362,356,107,97,96,98,503,505,666,8,637,499,5,639,565,613,216,182,179,180,605,458,712,713
344,477,357,348,359,349,351,353,356,107,97,96,98,503,505,666,8,637,499,5,564,565,10,11,459,219,642,221,731,713
344,477,357,348,359,349,351,353,356,107,97,96,98,503,505,666,8,637,499,5,581,564,565,10,12,218,217,221,731,713
344,477,357,348,359,352,351,353,356,107,97,96,98,503,505,666,8,637,499,5,581,564,565,613,215,182,218,217,221,731,713
344,477,357,348,359,352,354,362,356,107,97,96,98,503,505,666,8,637,499,5,639,565,613,216,182,218,180,605,458,712,713
344,342,345,347,384,350,26,372,373,390,108,18,19,22,497,498,581,564,565,613,216,182,218,217,605,458,712,713
344,477,357,348,359,352,354,362,356,107,97,96,98,503,505,666,8,637,499,5,639,565,613,215,182,218,217,605,458,712,713
344,477,357,348,359,349,351,353,356,107,97,96,98,503,505,666,8,637,499,5,639,565,613,216,182,179,180,605,458,712,713
344,477,357,348,359,352,354,362,356,107,97,96,98,503,505,666,8,637,499,5,564,565,10,11,459,219,217,221,731,713
344,342,345,347,349,351,353,356,107,97,96,98,503,504,666,8,637,499,497,498,5,581,564,565,613,216,182,218,217,221,731,713
344,342,345,347,349,351,353,356,107,97,96,98,503,505,666,8,637,499,497,498,581,5,639,638,461,177,468,469,642,221,731,713
344,342,345,347,349,350,26,372,373,390,108,18,19,22,497,498,581,564,565,613,216,182,218,217,605,458,712,713
344,477,357,348,359,352,354,362,355,109,97,96,98,503,505,666,8,637,499,5,564,566,567,612,179,180,605,458,712,713
344,477,357,348,359,352,354,353,356,107,97,96,98,503,505,666,8,637,499,5,639,638,10,11,459,219,642,221,731,713
344,476,723,477,357,348,359,352,354,353,356,107,97,96,98,503,505,666,8,637,499,5,564,565,10,12,218,217,221,731,713
344,477,357,348,359,349,351,353,356,107,97,96,98,503,505,666,8,637,499,5,639,565,613,216,182,218,180,605,458,712,713
344,477,357,348,359,352,354,362,355,107,97,96,98,503,504,636,637,499,5,564,565,613,216,182,218,217,605,458,712,713
344,476,723,477,357,348,359,352,354,362,356,107,97,96,98,503,505,666,8,637,499,5,581,564,565,613,216,182,218,217,221,731,713
344,342,345,347,349,351,353,356,107,97,96,98,503,504,636,637,499,5,639,638,11,10,12,218,217,605,458,712,713
344,342,345,347,349,351,353,356,107,97,96,98,503,505,666,8,637,499,5,639,565,613,216,182,215,612,179,180,605,458,712,713
344,477,357,348,359,349,351,353,356,107,97,96,98,503,505,666,8,637,499,5,639,565,613,215,182,218,217,605,458,712,713
344,342,475,346,384,350,26,372,373,390,108,21,19,22,497,498,581,564,565,613,216,182,218,217,605,458,712,713
344,477,357,348,359,352,354,362,356,107,97,96,98,503,505,666,8,637,499,497,498,581,564,565,10,11,459,219,642,221,731,713
344,477,357,348,359,349,351,353,356,107,97,96,98,503,505,666,8,637,499,5,564,565,10,11,459,219,217,221,731,713
344,342,345,347,349,351,353,356,107,97,96,98,503,504,636,637,499,497,498,581,564,565,613,216,12,218,217,221,731,713
344,477,357,348,359,352,354,362,356,107,97,96,98,503,505,666,8,637,499,497,498,581,568,566,215,182,218,217,605,458,712,713
344,476,723,477,357,348,359,349,351,353,356,107,97,96,98,503,505,666,8,637,499,5,581,564,565,613,216,182,218,217,221,731,713
344,477,357,348,359,352,354,353,356,107,97,96,98,503,504,666,8,637,499,5,639,565,613,216,182,218,217,221,731,713
344,342,345,346,384,350,26,372,373,24,214,18,19,22,497,498,581,564,565,613,216,182,218,217,605,458,712,713
344,477,357,348,359,349,351,353,356,107,97,96,98,503,505,666,8,637,499,497,498,581,564,565,10,11,459,219,642,221,731,713
344,477,357,348,359,349,351,353,356,107,97,96,98,503,505,666,8,637,499,497,498,581,568,566,215,182,218,217,605,458,712,713
344,477,357,348,359,352,354,353,356,107,97,96,98,503,505,666,8,637,499,5,639,638,10,11,459,219,217,221,731,713
344,342,345,347,349,351,353,356,107,97,96,98,503,505,666,8,637,499,497,498,581,5,564,566,215,182,218,217,605,458,712,713
344,342,345,347,349,351,353,356,107,97,96,98,503,504,666,8,637,499,5,564,565,10,12,218,180,605,458,712,713
344,342,345,347,349,351,353,356,107,97,96,98,503,504,636,637,499,497,498,5,639,565,613,216,182,218,217,605,458,712,713
344,342,345,347,349,351,26,372,373,390,214,18,19,22,497,498,581,564,565,613,216,182,218,217,605,458,712,713
344,342,345,347,349,351,353,372,373,390,108,21,19,22,497,498,581,564,565,613,216,182,218,217,605,458,712,713
344,477,357,348,347,349,351,353,356,107,97,96,98,503,505,666,8,637,499,5,581,564,565,613,216,182,218,217,605,458,712,713
344,342,345,347,349,351,353,356,373,390,108,21,19,22,497,498,581,564,565,613,216,182,218,217,605,458,712,713
344,477,357,348,359,352,354,362,356,107,97,96,98,503,505,666,8,637,499,497,498,581,564,565,10,11,459,219,217,221,731,713
344,477,357,348,359,352,354,362,355,109,97,96,98,503,505,666,8,637,499,497,498,581,564,566,567,612,179,180,605,458,712,713
344,476,723,477,357,348,359,352,354,353,356,107,97,96,98,503,505,666,8,637,499,497,498,581,564,565,10,12,218,217,221,731,713
344,477,357,348,359,352,354,362,355,109,97,96,98,503,505,666,8,637,499,5,639,565,10,12,218,217,605,458,712,713
344,477,357,348,359,352,354,362,355,107,97,96,98,503,504,636,637,499,497,498,581,564,565,613,216,182,218,217,605,458,712,713
344,477,357,348,359,352,354,362,355,109,97,96,98,503,504,636,637,499,5,639,638,11,459,460,469,642,221,731,713
344,342,345,347,349,351,353,356,107,97,96,98,503,505,666,8,637,499,5,564,565,639,638,11,459,219,642,221,731,713
344,477,357,348,359,349,351,353,356,107,97,96,98,503,505,666,8,637,499,497,498,581,564,565,10,11,459,219,217,221,731,713
344,342,475,346,384,350,27,25,23,212,211,106,20,95,86,85,582,568,566,215,182,218,217,221,731,713
344,477,357,348,359,352,354,353,356,107,97,96,98,503,505,666,8,637,499,5,581,564,565,613,215,182,218,217,221,731,713
344,342,475,346,384,350,26,372,373,390,108,21,636,637,499,5,639,638,11,459,460,469,642,221,731,713
344,476,723,477,357,348,347,349,351,353,356,107,97,96,98,503,505,666,8,637,499,5,639,638,10,12,218,217,221,731,713
344,342,345,347,349,351,353,356,107,97,96,98,503,504,666,8,637,499,497,498,5,564,566,215,182,218,217,221,731,713
344,342,345,347,384,350,26,372,373,390,214,18,19,22,497,498,581,564,565,613,216,182,218,217,605,458,712,713
344,477,357,345,347,349,351,353,356,107,97,96,98,503,505,666,8,637,499,5,564,565,10,11,459,219,642,221,731,713
344,342,345,346,384,30,27,25,23,24,214,18,19,22,497,498,581,564,565,613,216,182,218,217,605,458,712,713
344,342,345,347,349,351,353,356,107,97,96,98,503,505,666,8,637,499,497,498,5,564,565,613,216,12,218,217,221,731,713
344,477,357,348,347,349,351,353,356,107,97,96,98,503,505,666,8,637,499,5,639,638,461,177,468,469,642,221,731,713
344,477,357,345,347,349,351,353,356,107,97,96,98,503,505,666,8,637,499,5,581,564,565,10,12,218,217,221,731,713
344,476,723,477,357,348,359,352,354,362,356,107,97,96,98,503,505,666,8,637,499,5,564,566,215,182,218,217,221,731,713
344,342,345,346,384,350,26,372,373,390,108,21,19,22,497,498,581,564,565,613,215,182,218,217,221,731,713
344,342,345,346,384,350,26,372,373,390,108,21,636,637,499,5,564,565,613,216,182,218,217,605,458,712,713
344,342,345,347,349,350,26,372,373,390,214,18,19,22,497,498,581,564,565,613,216,182,218,217,605,458,712,713
344,342,345,347,349,351,353,356,107,97,96,98,503,504,636,22,497,498,581,564,565,613,215,182,179,180,605,458,712,713
344,342,345,347,349,351,353,356,107,97,96,98,503,505,666,8,637,499,497,498,5,639,638,461,459,219,217,605,458,712,713
344,477,357,345,347,349,351,353,356,107,97,96,98,503,505,666,8,637,499,5,639,565,613,216,182,179,180,605,458,712,713
344,342,345,347,349,351,353,356,107,97,96,98,503,504,666,8,637,499,497,498,581,564,565,10,12,218,180,605,458,712,713
344,476,723,477,357,348,359,352,354,362,355,109,97,96,98,503,505,666,8,637,499,5,639,565,613,216,182,218,217,605,458,712,713
344,342,345,347,349,351,353,356,107,97,96,98,503,504,636,22,497,498,581,564,565,613,215,182,218,180,605,458,712,713
344,342,345,347,349,351,353,356,107,97,96,98,503,504,636,637,499,497,498,581,5,639,565,613,216,182,218,217,221,731,713
344,476,723,477,357,348,359,349,351,353,356,107,97,96,98,503,505,666,8,637,499,5,564,566,215,182,218,217,221,731,713
344,476,723,477,357,348,359,352,354,362,355,107,97,96,98,503,505,666,8,637,499,5,639,565,613,215,182,218,217,221,731,713
344,342,345,347,349,351,353,356,107,97,96,98,503,504,636,637,499,5,564,566,215,612,179,180,605,458,712,713
344,342,345,347,349,351,353,356,107,97,96,98,503,505,666,8,637,499,5,564,565,639,638,11,459,219,217,221,731,713
344,477,357,345,347,349,351,353,356,107,97,96,98,503,505,666,8,637,499,5,639,565,613,216,182,218,180,605,458,712,713
344,342,345,347,349,351,353,372,373,390,108,21,636,637,499,5,639,638,11,459,460,469,642,221,731,713
344,342,345,347,349,351,353,356,373,390,108,21,636,637,499,5,639,638,11,459,460,469,642,221,731,713
344,342,345,347,349,351,353,356,107,97,96,98,503,505,666,8,637,499,497,498,581,5,639,638,461,459,219,642,221,731,713
344,477,357,345,347,349,351,353,356,107,97,96,98,503,505,666,8,637,499,5,639,565,613,215,182,218,217,605,458,712,713
344,477,357,345,347,349,351,353,356,107,97,96,98,503,505,666,8,637,499,5,564,565,10,11,459,219,217,221,731,713
344,342,345,347,349,351,353,356,107,97,96,21,19,22,497,498,581,564,565,613,216,182,218,217,605,458,712,713
344,342,345,347,349,351,353,356,107,390,108,21,19,22,497,498,581,564,565,613,216,182,218,217,605,458,712,713
344,342,345,347,349,351,353,356,107,97,96,98,503,505,666,8,637,499,497,498,581,564,565,639,638,11,459,219,642,221,731,713
344,342,475,346,384,350,26,372,373,390,108,18,19,22,497,498,581,564,565,613,216,182,218,217,605,458,712,713
344,342,345,347,349,351,353,356,107,97,96,98,503,505,666,8,637,499,5,498,581,564,565,10,12,218,217,221,731,713
344,477,357,348,359,352,354,362,355,107,97,96,98,503,505,666,8,637,499,497,498,5,564,565,613,216,182,218,217,605,458,712,713
344,342,345,346,384,350,26,25,23,24,214,18,19,22,497,498,581,564,565,613,216,182,218,217,605,458,712,713
344,476,723,477,357,345,347,349,351,353,356,107,97,96,98,503,505,666,8,637,499,5,581,564,565,613,216,182,218,217,221,731,713
344,477,357,348,347,349,351,353,356,107,97,96,98,503,505,666,8,637,499,5,564,566,215,182,218,217,605,458,712,713
344,342,345,347,349,351,353,356,107,97,96,98,503,505,666,8,637,499,497,498,5,639,638,11,10,12,218,217,605,458,712,713
344,476,723,477,357,348,359,352,354,362,355,107,97,96,98,503,505,666,8,637,499,497,498,581,568,566,215,182,218,217,221,731,713
344,477,357,345,347,349,351,353,356,107,97,96,98,503,505,666,8,637,499,497,498,581,564,565,10,11,459,219,642,221,731,713
344,477,357,345,347,349,351,353,356,107,97,96,98,503,505,666,8,637,499,497,498,581,568,566,215,182,218,217,605,458,712,713
344,476,723,477,357,348,359,352,354,362,356,107,97,96,98,503,505,666,8,637,499,497,498,581,564,566,215,182,218,217,221,731,713
344,476,723,477,357,348,347,349,351,353,356,107,97,96,98,503,505,666,8,637,499,5,564,565,613,215,182,218,217,221,731,713
344,342,345,346,384,350,26,372,373,390,108,21,636,637,499,497,498,581,564,565,613,216,182,218,217,605,458,712,713
344,477,357,348,359,352,354,362,355,109,97,96,98,503,505,666,8,637,499,5,639,565,10,11,459,460,469,642,221,731,713
344,342,345,347,349,351,353,356,107,97,96,98,503,504,636,637,499,5,639,638,10,11,459,219,217,605,458,712,713
344,342,345,347,349,351,353,356,107,97,96,98,503,505,666,8,637,499,497,498,581,5,639,638,461,459,219,217,221,731,713
344,342,345,347,349,351,353,372,373,390,108,18,19,22,497,498,581,564,565,613,216,182,218,217,605,458,712,713
344,476,723,477,357,348,359,349,351,353,356,107,97,96,98,503,505,666,8,637,499,497,498,581,564,566,215,182,218,217,221,731,713
344,342,345,347,349,351,353,356,107,97,96,98,503,504,636,637,499,497,498,581,564,566,215,612,179,180,605,458,712,713
344,342,345,347,349,351,353,356,107,97,96,98,503,505,666,8,637,499,497,498,581,564,565,639,638,11,459,219,217,221,731,713
344,342,345,347,349,351,353,356,373,390,108,18,19,22,497,498,581,564,565,613,216,182,218,217,605,458,712,713
344,477,357,348,359,352,354,362,356,107,97,96,98,503,505,666,8,637,499,5,564,566,567,612,179,180,605,458,712,713
344,342,345,347,349,351,353,356,107,97,96,98,503,504,636,637,499,5,581,564,565,613,216,182,179,180,605,458,712,713
344,477,357,345,347,349,351,353,356,107,97,96,98,503,505,666,8,637,499,497,498,581,564,565,10,11,459,219,217,221,731,713
344,342,345,347,349,351,353,356,107,97,96,98,503,504,666,8,637,499,5,564,565,613,216,12,218,217,221,731,713
344,342,345,347,349,351,353,356,107,97,96,98,503,505,666,8,637,499,497,498,581,564,5,639,565,613,216,182,218,217,221,731,713
344,342,345,347,349,351,353,356,107,97,96,98,503,504,636,637,499,5,581,564,565,613,216,182,218,180,605,458,712,713
344,342,345,347,349,351,353,356,107,97,96,21,636,637,499,5,639,638,11,459,460,469,642,221,731,713
344,477,357,348,359,352,354,362,355,107,97,96,98,503,505,666,8,637,499,497,498,581,5,564,565,613,216,182,218,217,221,731,713
344,477,357,348,347,349,351,353,356,107,97,96,98,503,505,666,8,637,499,497,498,581,564,566,215,182,218,217,605,458,712,713
344,342,345,347,349,351,353,356,107,390,108,21,636,637,499,5,639,638,11,459,460,469,642,221,731,713
344,477,357,348,359,352,354,362,355,109,97,96,98,503,505,666,8,637,499,497,498,5,639,638,11,459,460,469,642,221,731,713
344,342,345,347,349,351,353,356,107,97,96,98,503,505,666,8,637,499,497,498,581,5,639,638,11,10,12,218,217,221,731,713
344,342,345,347,349,351,353,356,107,97,96,98,503,504,636,637,499,5,581,564,565,613,215,182,218,217,605,458,712,713
344,477,357,348,359,349,351,353,356,107,97,96,98,503,505,666,8,637,499,5,564,566,567,612,179,180,605,458,712,713
344,342,345,347,349,351,26,372,373,24,214,18,19,22,497,498,581,564,565,613,216,182,218,217,605,458,712,713
344,342,345,347,349,351,353,356,107,97,96,98,503,504,666,8,637,499,5,639,638,461,459,219,217,605,458,712,713
344,477,357,348,347,349,351,353,356,107,97,96,98,503,504,636,637,499,5,639,565,613,216,182,218,217,221,731,713
344,342,345,347,349,351,353,356,107,97,96,98,503,505,666,8,4,499,5,639,638,11,459,460,469,642,221,731,713
344,342,345,346,384,350,26,372,373,390,108,18,19,22,497,498,581,564,565,613,215,182,218,217,221,731,713
344,476,723,477,357,348,347,349,351,353,356,107,97,96,98,503,505,666,8,637,499,497,498,581,564,565,613,215,182,218,217,221,731,713
344,477,357,348,347,349,351,353,356,107,97,96,98,503,505,666,8,637,499,5,639,638,461,459,219,642,221,731,713
344,477,357,348,359,352,354,362,355,107,97,96,98,503,505,666,8,637,499,5,639,638,10,12,216,182,218,217,221,731,713
344,476,723,477,357,345,347,349,351,353,356,107,97,96,98,503,505,666,8,637,499,5,564,566,215,182,218,217,221,731,713
344,477,357,348,359,352,354,362,355,107,97,96,98,503,505,666,8,637,499,497,498,581,568,566,567,612,179,180,605,458,712,713
344,477,357,348,359,352,351,353,356,107,97,96,98,503,505,666,8,637,499,5,564,565,10,11,459,219,642,221,731,713
344,342,475,346,384,350,26,372,373,390,214,18,19,22,497,498,581,564,565,613,216,182,218,217,605,458,712,713
344,342,345,347,384,350,26,372,373,24,214,18,19,22,497,498,581,564,565,613,216,182,218,217,605,458,712,713
344,477,357,348,359,352,354,362,355,107,97,96,98,503,504,666,8,637,499,5,564,565,613,216,182,218,217,605,458,712,713
344,477,357,348,359,352,351,353,356,107,97,96,98,503,505,666,8,637,499,5,581,564,565,10,12,218,217,221,731,713
344,342,345,347,349,351,353,356,107,97,96,98,503,504,666,8,637,499,5,639,638,11,10,12,218,217,605,458,712,713
344,477,357,348,359,352,354,362,356,107,97,96,98,503,505,666,8,637,499,497,498,581,564,566,567,612,179,180,605,458,712,713
344,477,357,348,359,352,354,362,355,109,97,96,98,503,505,666,8,637,499,5,581,564,566,215,182,218,217,221,731,713
344,477,357,348,359,352,354,362,356,107,97,96,98,503,505,666,8,637,499,5,639,565,10,12,218,217,605,458,712,713
344,342,345,347,349,351,353,356,107,97,96,98,503,505,666,8,637,499,497,498,5,564,566,215,612,179,180,605,458,712,713
344,342,345,347,349,350,26,372,373,24,214,18,19,22,497,498,581,564,565,613,216,182,218,217,605,458,712,713
344,342,345,346,29,30,27,25,23,24,214,18,19,22,497,498,581,564,565,613,216,182,218,217,605,458,712,713
344,477,357,348,359,352,351,353,356,107,97,96,98,503,505,666,8,637,499,5,639,565,613,216,182,179,180,605,458,712,713
344,342,345,347,349,351,353,356,107,97,96,98,503,504,666,8,637,499,497,498,581,564,565,613,216,12,218,217,221,731,713
344,342,345,347,349,351,353,356,107,97,96,98,503,504,636,637,499,497,582,568,566,567,612,179,180,605,458,712,713
344,342,345,347,349,351,353,356,107,390,108,18,19,22,497,498,581,564,565,613,216,182,218,217,605,458,712,713
344,477,357,348,359,352,354,362,356,107,97,96,98,503,504,636,637,499,5,639,638,11,459,460,469,642,221,731,713
344,342,345,347,349,351,353,356,107,97,96,98,503,504,636,22,497,498,5,581,564,565,613,216,182,218,217,221,731,713
344,477,357,348,347,349,351,353,356,107,97,96,98,503,505,666,8,637,499,5,639,638,461,459,219,217,221,731,713
344,477,357,348,359,352,351,353,356,107,97,96,98,503,505,666,8,637,499,5,639,565,613,216,182,218,180,605,458,712,713
344,477,357,348,359,349,351,353,356,107,97,96,98,503,505,666,8,637,499,497,498,581,564,566,567,612,179,180,605,458,712,713
344,477,357,348,359,349,351,353,356,107,97,96,98,503,505,666,8,637,499,5,639,565,10,12,218,217,605,458,712,713
344,477,357,348,359,352,351,353,356,107,97,96,98,503,505,666,8,637,499,5,639,565,613,215,182,218,217,605,458,712,713
344,342,345,347,349,351,26,372,373,390,108,21,19,22,497,498,581,564,565,613,215,182,218,217,221,731,713
344,342,345,347,349,351,26,372,373,390,108,21,636,637,499,5,564,565,613,216,182,218,217,605,458,712,713
344,342,345,347,349,351,353,356,107,97,96,98,503,504,636,637,499,5,564,566,215,182,179,180,605,458,712,713
344,342,345,347,349,351,353,372,373,390,214,18,19,22,497,498,581,564,565,613,216,182,218,217,605,458,712,713
344,477,357,348,359,352,351,353,356,107,97,96,98,503,505,666,8,637,499,5,564,565,10,11,459,219,217,221,731,713
344,477,357,348,359,349,351,353,356,107,97,96,98,503,504,636,637,499,5,639,638,11,459,460,469,642,221,731,713
344,342,345,347,349,351,353,356,373,390,214,18,19,22,497,498,581,564,565,613,216,182,218,217,605,458,712,713
344,477,357,348,359,352,354,362,355,107,97,96,98,503,505,666,8,637,499,5,639,638,461,459,460,468,469,642,221,731,713
344,342,345,347,349,351,353,356,107,97,96,98,503,504,636,637,499,5,564,566,215,182,218,180,605,458,712,713
344,342,345,347,349,351,353,356,107,97,96,98,503,504,666,8,637,499,497,498,5,639,565,613,216,182,218,217,605,458,712,713
344,476,723,477,357,348,359,352,351,353,356,107,97,96,98,503,505,666,8,637,499,5,581,564,565,613,216,182,218,217,221,731,713
344,476,723,477,357,345,347,349,351,353,356,107,97,96,98,503,505,666,8,637,499,497,498,581,564,566,215,182,218,217,221,731,713
344,477,357,348,359,352,351,353,356,107,97,96,98,503,505,666,8,637,499,497,498,581,564,565,10,11,459,219,642,221,731,713
344,476,723,477,357,348,359,352,354,362,356,107,97,96,98,503,505,666,8,637,499,5,639,565,613,216,182,218,217,605,458,712,713
344,342,345,347,384,30,27,25,23,24,214,18,19,22,497,498,581,564,565,613,216,182,218,217,605,458,712,713
344,477,357,348,359,352,351,353,356,107,97,96,98,503,505,666,8,637,499,497,498,581,568,566,215,182,218,217,605,458,712,713
344,342,345,347,349,351,353,356,107,97,96,98,503,505,666,8,637,499,497,498,5,639,638,10,11,459,219,217,605,458,712,713
344,477,357,348,347,349,351,353,356,107,97,96,98,503,505,666,8,637,499,5,639,638,11,10,12,218,217,221,731,713
344,477,357,348,359,352,354,362,355,107,97,96,98,503,504,666,8,637,499,497,498,581,564,565,613,216,182,218,217,605,458,712,713
344,477,357,348,359,352,354,362,355,109,97,96,98,503,504,666,8,637,499,5,639,638,11,459,460,469,642,221,731,713
344,342,345,347,384,350,26,372,373,390,108,21,19,22,497,498,581,564,565,613,215,182,218,217,221,731,713
344,342,345,347,384,350,26,372,373,390,108,21,636,637,499,5,564,565,613,216,182,218,217,605,458,712,713
344,342,345,347,349,351,353,356,107,97,96,98,503,505,666,8,637,499,5,581,564,565,10,12,216,182,218,217,605,458,712,713
344,476,723,477,357,348,359,349,351,353,356,107,97,96,98,503,505,666,8,637,499,5,639,565,613,216,182,218,217,605,458,712,713
344,342,345,347,349,350,26,372,373,390,108,21,19,22,497,498,581,564,565,613,215,182,218,217,221,731,713
344,342,345,347,349,351,26,25,23,24,214,18,19,22,497,498,581,564,565,613,216,182,218,217,605,458,712,713
344,342,345,346,384,350,26,372,373,390,214,18,19,22,497,498,581,564,565,613,215,182,218,217,221,731,713
344,342,345,347,349,350,26,372,373,390,108,21,636,637,499,5,564,565,613,216,182,218,217,605,458,712,713
344,477,357,345,347,349,351,353,356,107,97,96,98,503,505,666,8,637,499,5,564,566,567,612,179,180,605,458,712,713
344,342,345,347,349,351,353,356,107,97,96,98,503,505,666,8,637,499,497,498,5,581,564,565,613,216,182,179,180,605,458,712,713
344,342,345,347,349,351,353,356,107,97,96,98,503,505,666,8,637,499,497,498,581,5,639,638,10,11,459,219,642,221,731,713
344,476,723,477,357,348,347,349,351,353,356,107,97,96,98,503,505,666,8,637,499,5,639,638,11,459,219,642,221,731,713
344,342,345,347,349,351,353,356,107,97,96,98,503,505,666,8,637,499,497,498,5,581,564,565,613,216,182,218,180,605,458,712,713
344,477,357,348,359,352,354,353,356,107,97,96,98,503,505,666,8,637,499,5,564,565,10,11,459,219,642,221,731,713
344,342,345,347,349,351,26,372,373,390,108,21,636,637,499,497,498,581,564,565,613,216,182,218,217,605,458,712,713
344,342,345,347,349,351,353,356,107,97,96,98,503,504,636,637,499,497,498,581,564,566,215,182,179,180,605,458,712,713
344,477,357,348,359,352,351,353,356,107,97,96,98,503,505,666,8,637,499,497,498,581,564,565,10,11,459,219,217,221,731,713
344,342,345,347,349,351,353,356,107,97,96,98,503,505,666,8,637,499,497,498,5,581,564,565,613,215,182,218,217,605,458,712,713
344,477,357,348,359,352,354,353,356,107,97,96,98,503,505,666,8,637,499,5,581,564,565,10,12,218,217,221,731,713
344,477,357,348,347,349,351,353,356,107,97,96,98,503,505,666,8,637,499,497,498,5,639,565,613,216,182,218,217,221,731,713
344,342,345,347,349,351,353,356,107,97,96,98,503,504,636,637,499,497,498,581,564,566,215,182,218,180,605,458,712,713
344,342,345,347,349,351,353,356,107,97,96,98,503,504,636,22,497,498,5,564,566,215,182,218,217,221,731,713
344,342,345,347,349,351,353,356,107,97,96,98,503,504,666,8,637,499,497,498,581,5,639,565,613,216,182,218,217,221,731,713
344,477,357,348,359,352,354,362,356,107,97,96,98,503,505,666,8,637,499,5,639,565,10,11,459,460,469,642,221,731,713
344,342,345,347,384,350,26,25,23,24,214,18,19,22,497,498,581,564,565,613,216,182,218,217,605,458,712,713
344,342,345,347,349,351,353,356,107,97,96,98,503,504,666,8,637,499,5,564,566,215,612,179,180,605,458,712,713
344,477,357,348,359,352,354,353,356,107,97,96,98,503,505,666,8,637,499,5,639,565,613,216,182,179,180,605,458,712,713
344,342,345,346,384,350,26,372,373,390,108,21,19,22,497,498,581,564,565,10,12,218,217,221,731,713
344,342,345,347,349,351,353,356,107,390,214,18,19,22,497,498,581,564,565,613,216,182,218,217,605,458,712,713
344,342,345,347,349,351,353,356,107,97,96,98,503,505,666,8,637,499,497,498,581,5,639,638,10,11,459,219,217,221,731,713
344,477,357,348,359,352,354,353,356,107,97,96,98,503,505,666,8,637,499,5,639,565,613,216,182,218,180,605,458,712,713
344,342,345,347,349,350,26,25,23,24,214,18,19,22,497,498,581,564,565,613,216,182,218,217,605,458,712,713
344,342,345,346,384,350,27,25,23,24,214,18,19,22,497,498,581,564,565,613,216,182,218,217,605,458,712,713
344,476,723,477,357,348,347,349,351,353,356,107,97,96,98,503,505,666,8,637,499,5,639,638,11,459,219,217,221,731,713
344,342,345,347,384,350,26,372,373,390,108,21,636,637,499,497,498,581,564,565,613,216,182,218,217,605,458,712,713
344,477,357,348,359,349,351,353,356,107,97,96,98,503,505,666,8,637,499,5,639,565,10,11,459,460,469,642,221,731,713
344,477,357,348,359,352,354,353,356,107,97,96,98,503,505,666,8,637,499,5,639,565,613,215,182,218,217,605,458,712,713
344,342,345,347,349,351,353,356,107,97,96,98,503,504,636,22,497,498,581,564,565,10,12,218,180,605,458,712,713
344,477,357,348,359,352,354,353,356,107,97,96,98,503,505,666,8,637,499,5,564,565,10,11,459,219,217,221,731,713
344,477,357,348,359,352,354,362,355,107,97,96,98,503,504,636,637,499,5,639,638,10,12,218,217,221,731,713
344,476,723,477,357,348,359,352,354,362,355,107,97,96,98,503,505,666,8,637,499,5,639,565,10,12,218,217,221,731,713
344,476,723,477,357,348,359,352,351,353,356,107,97,96,98,503,505,666,8,637,499,5,564,566,215,182,218,217,221,731,713
344,342,345,347,349,350,26,372,373,390,108,21,636,637,499,497,498,581,564,565,613,216,182,218,217,605,458,712,713
344,476,723,477,357,348,359,352,354,362,355,107,97,96,98,503,505,666,8,637,499,5,639,638,11,459,460,468,469,642,221,731,713
344,477,357,345,347,349,351,353,356,107,97,96,98,503,505,666,8,637,499,497,498,581,564,566,567,612,179,180,605,458,712,713
344,477,357,345,347,349,351,353,356,107,97,96,98,503,505,666,8,637,499,5,639,565,10,12,218,217,605,458,712,713
344,476,723,477,357,348,359,352,354,353,356,107,97,96,98,503,505,666,8,637,499,5,581,564,565,613,216,182,218,217,221,731,713
344,342,475,346,384,350,26,372,373,24,214,18,19,22,497,498,581,564,565,613,216,182,218,217,605,458,712,713
344,477,357,348,359,352,354,362,356,107,97,96,98,503,505,666,8,637,499,497,498,5,639,638,11,459,460,469,642,221,731,713
344,477,357,345,347,349,351,353,356,107,97,96,98,503,504,636,637,499,5,639,638,11,459,460,469,642,221,731,713
344,477,357,348,359,352,354,353,356,107,97,96,98,503,505,666,8,637,499,497,498,581,564,565,10,11,459,219,642,221,731,713
344,342,345,347,349,351,26,372,373,390,108,18,19,22,497,498,581,564,565,613,215,182,218,217,221,731,713
344,477,357,348,359,352,354,353,356,107,97,96,98,503,505,666,8,637,499,497,498,581,568,566,215,182,218,217,605,458,712,713
344,342,345,347,349,351,353,356,107,97,96,98,503,504,666,8,637,499,5,639,638,10,11,459,219,217,605,458,712,713
344,342,345,347,349,351,353,356,107,97,96,98,503,505,666,8,637,499,497,498,5,564,566,215,182,179,180,605,458,712,713
344,477,357,348,359,349,351,353,356,107,97,96,98,503,505,666,8,637,499,497,498,5,639,638,11,459,460,469,642,221,731,713
344,342,345,347,349,351,353,356,107,97,108,21,19,22,497,498,581,564,565,613,216,182,218,217,605,458,712,713
344,342,345,347,349,351,353,356,107,97,96,98,503,504,666,8,637,499,497,498,581,564,566,215,612,179,180,605,458,712,713
344,477,357,348,347,349,351,353,356,107,97,96,98,503,505,666,8,637,499,5,639,638,10,11,459,219,642,221,731,713
344,476,723,477,357,348,347,349,351,353,356,107,97,96,98,503,505,666,8,637,499,5,564,565,10,12,218,217,221,731,713
344,342,345,347,349,351,353,356,107,97,96,98,503,505,666,8,637,499,497,498,5,564,566,215,182,218,180,605,458,712,713
344,342,345,347,349,351,353,356,107,97,96,98,503,504,666,8,637,499,5,581,564,565,613,216,182,179,180,605,458,712,713
344,477,357,348,359,352,354,362,355,107,97,96,98,503,505,666,8,637,499,5,581,568,566,215,182,218,217,221,731,713
344,342,345,347,349,351,353,372,373,24,214,18,19,22,497,498,581,564,565,613,216,182,218,217,605,458,712,713
344,342,345,347,384,350,26,372,373,390,108,18,19,22,497,498,581,564,565,613,215,182,218,217,221,731,713
344,342,345,347,349,351,353,356,373,24,214,18,19,22,497,498,581,564,565,613,216,182,218,217,605,458,712,713
344,476,723,477,357,345,347,349,351,353,356,107,97,96,98,503,505,666,8,637,499,5,639,565,613,216,182,218,217,605,458,712,713
344,342,475,474,29,30,27,25,23,24,214,18,19,22,497,498,581,564,565,613,216,182,218,217,605,458,712,713
344,342,345,347,349,351,353,356,107,97,96,98,503,504,666,8,637,499,5,581,564,565,613,216,182,218,180,605,458,712,713
344,477,357,348,359,352,354,362,356,107,97,96,98,503,505,666,8,637,499,5,581,564,566,215,182,218,217,221,731,713
344,477,357,348,359,352,354,353,356,107,97,96,98,503,505,666,8,637,499,497,498,581,564,565,10,11,459,219,217,221,731,713
344,476,723,477,357,348,359,352,351,353,356,107,97,96,98,503,505,666,8,637,499,497,498,581,564,566,215,182,218,217,221,731,713
344,342,345,347,349,351,353,356,107,97,96,98,503,504,666,8,637,499,5,581,564,565,613,215,182,218,217,605,458,712,713
344,342,345,347,349,350,26,372,373,390,108,18,19,22,497,498,581,564,565,613,215,182,218,217,221,731,713
344,477,357,348,359,352,354,362,355,109,97,96,98,503,504,636,637,499,5,564,565,613,216,182,218,217,605,458,712,713
344,477,357,348,347,349,351,353,356,107,97,96,98,503,504,666,8,637,499,5,639,565,613,216,182,218,217,221,731,713
344,342,345,347,349,351,353,356,107,97,96,98,503,505,666,8,637,499,5,639,588,638,461,177,468,469,642,221,731,713
344,477,357,348,359,352,354,362,355,107,97,96,98,503,504,636,637,499,5,564,565,613,215,182,218,217,221,731,713
344,342,475,346,384,30,27,25,23,24,214,18,19,22,497,498,581,564,565,613,216,182,218,217,605,458,712,713
344,477,357,348,359,349,351,353,356,107,97,96,98,503,505,666,8,637,499,5,581,564,566,215,182,218,217,221,731,713
344,342,475,346,384,350,26,372,373,390,108,21,19,22,497,498,581,564,565,613,215,182,218,217,221,731,713
344,342,475,346,384,350,26,372,373,390,108,21,636,637,499,5,564,565,613,216,182,218,217,605,458,712,713
344,477,357,348,347,349,351,353,356,107,97,96,98,503,505,666,8,637,499,5,639,638,10,11,459,219,217,221,731,713
344,342,345,347,349,351,353,356,107,97,96,98,503,504,636,637,499,5,581,564,565,10,12,218,217,605,458,712,713
344,477,357,348,359,352,351,353,356,107,97,96,98,503,505,666,8,637,499,5,564,566,567,612,179,180,605,458,712,713
344,342,345,346,384,350,26,372,373,390,108,21,636,637,499,5,639,638,10,12,218,217,221,731,713
344,342,345,347,349,351,353,356,107,97,96,98,503,504,636,637,499,5,639,565,10,12,216,182,218,217,221,731,713
344,342,345,346,384,350,26,372,373,24,214,18,19,22,497,498,581,564,565,613,215,182,218,217,221,731,713
344,477,357,348,359,352,354,362,355,107,97,96,98,503,505,666,8,637,499,5,639,638,10,11,459,460,468,469,642,221,731,713
344,476,723,477,357,348,359,352,354,353,356,107,97,96,98,503,505,666,8,637,499,5,564,566,215,182,218,217,221,731,713
344,342,345,346,384,350,26,372,373,390,108,18,19,22,497,498,581,564,565,10,12,218,217,221,731,713
344,476,723,477,357,348,347,349,351,353,356,107,97,96,98,503,505,666,8,637,499,497,498,581,564,565,10,12,218,217,221,731,713
344,342,345,347,349,351,353,356,107,97,108,21,636,637,499,5,639,638,11,459,460,469,642,221,731,713
344,477,357,345,347,349,351,353,356,107,97,96,98,503,505,666,8,637,499,5,639,565,10,11,459,460,469,642,221,731,713
344,342,345,347,349,351,353,356,107,97,96,98,503,504,666,8,637,499,497,582,568,566,567,612,179,180,605,458,712,713
344,477,357,348,359,352,354,362,356,107,97,96,98,503,504,666,8,637,499,5,639,638,11,459,460,469,642,221,731,713
344,342,345,347,349,351,353,356,107,97,96,98,503,504,636,637,499,497,498,5,639,565,613,215,182,218,217,221,731,713
344,342,345,347,349,351,26,372,373,390,214,18,19,22,497,498,581,564,565,613,215,182,218,217,221,731,713
344,342,345,347,349,351,353,372,373,390,108,21,19,22,497,498,581,564,565,613,215,182,218,217,221,731,713
344,342,345,347,349,351,353,372,373,390,108,21,636,637,499,5,564,565,613,216,182,218,217,605,458,712,713
344,477,357,348,347,349,351,353,356,107,97,96,98,503,505,666,8,637,499,5,581,564,565,613,215,182,218,217,221,731,713
344,342,345,347,349,351,353,356,107,97,96,98,503,504,636,637,499,5,564,565,10,11,459,219,217,605,458,712,713
344,342,345,347,349,351,353,356,373,390,108,21,19,22,497,498,581,564,565,613,215,182,218,217,221,731,713
344,342,345,347,349,351,353,356,373,390,108,21,636,637,499,5,564,565,613,216,182,218,217,605,458,712,713
344,342,475,346,384,350,26,25,23,24,214,18,19,22,497,498,581,564,565,613,216,182,218,217,605,458,712,713
344,477,357,348,359,352,354,362,355,109,97,96,98,503,504,636,637,499,497,498,581,564,565,613,216,182,218,217,605,458,712,713
344,477,357,348,359,352,354,362,355,107,97,96,98,503,505,666,8,637,499,497,498,5,639,638,10,12,218,217,221,731,713
344,342,345,347,349,351,353,356,107,97,96,98,503,504,666,8,637,499,5,564,566,215,182,179,180,605,458,712,713
344,477,357,348,359,352,354,362,355,107,97,96,98,503,504,636,637,499,497,498,581,564,565,613,215,182,218,217,221,731,713
344,477,357,348,359,349,351,353,356,107,97,96,98,503,504,666,8,637,499,5,639,638,11,459,460,469,642,221,731,713
344,342,345,347,349,351,353,356,107,97,96,98,503,504,636,22,497,498,581,564,565,613,216,12,218,217,221,731,713
344,342,475,346,384,350,26,372,373,390,108,21,636,637,499,497,498,581,564,565,613,216,182,218,217,605,458,712,713
344,342,345,347,349,351,353,356,107,97,96,98,503,504,666,8,637,499,5,564,566,215,182,218,180,605,458,712,713
344,477,357,345,347,349,351,353,356,107,97,96,98,503,505,666,8,637,499,497,498,5,639,638,11,459,460,469,642,221,731,713
344,477,357,348,359,352,351,353,356,107,97,96,98,503,505,666,8,637,499,497,498,581,564,566,567,612,179,180,605,458,712,713
344,342,345,347,349,351,353,356,107,97,96,98,503,505,666,8,637,499,5,564,565,613,216,12,218,180,605,458,712,713
344,342,345,347,384,350,26,372,373,390,214,18,19,22,497,498,581,564,565,613,215,182,218,217,221,731,713
344,477,357,348,359,352,351,353,356,107,97,96,98,503,505,666,8,637,499,5,639,565,10,12,218,217,605,458,712,713
344,342,345,347,349,351,26,372,373,390,108,21,19,22,497,498,581,564,565,10,12,218,217,221,731,713
344,342,345,346,384,30,27,25,23,24,214,18,19,22,497,498,581,564,565,613,215,182,218,217,221,731,713
344,342,345,347,349,351,353,356,107,97,108,18,19,22,497,498,581,564,565,613,216,182,218,217,605,458,712,713
344,476,723,477,357,348,359,352,354,353,356,107,97,96,98,503,505,666,8,637,499,497,498,581,564,566,215,182,218,217,221,731,713
344,477,357,348,359,352,351,353,356,107,97,96,98,503,504,636,637,499,5,639,638,11,459,460,469,642,221,731,713
344,342,345,346,384,350,26,372,373,390,108,21,636,637,499,5,564,565,613,215,182,218,217,221,731,713
344,342,345,347,349,350,26,372,373,390,214,18,19,22,497,498,581,564,565,613,215,182,218,217,221,731,713
344,342,345,347,349,351,353,356,107,97,96,98,503,504,636,22,497,498,5,639,565,613,216,182,218,217,605,458,712,713
344,476,723,477,357,348,359,352,354,362,355,109,97,96,98,503,505,666,8,637,499,5,639,565,613,215,182,218,217,221,731,713
344,477,357,348,359,352,354,362,355,107,97,96,98,503,505,666,8,637,499,5,564,565,10,12,216,182,218,217,221,731,713
344,342,345,347,349,351,353,372,373,390,108,21,636,637,499,497,498,581,564,565,613,216,182,218,217,605,458,712,713
344,342,345,347,349,351,353,356,107,97,96,98,503,504,636,637,499,497,498,581,564,565,10,11,459,219,217,605,458,712,713
344,342,345,347,349,351,353,356,373,390,108,21,636,637,499,497,498,581,564,565,613,216,182,218,217,605,458,712,713
344,342,345,347,349,351,353,356,107,97,96,98,503,504,636,637,499,5,581,564,565,10,11,459,460,469,642,221,731,713
344,477,357,348,359,352,354,353,356,107,97,96,98,503,505,666,8,637,499,5,564,566,567,612,179,180,605,458,712,713
344,342,345,347,384,350,26,372,373,390,108,21,19,22,497,498,581,564,565,10,12,218,217,221,731,713
344,477,357,348,359,352,354,362,355,107,97,96,98,503,504,636,22,497,498,581,564,565,613,216,182,218,217,605,458,712,713
344,477,357,345,347,349,351,353,356,107,97,96,98,503,505,666,8,637,499,5,581,564,566,215,182,218,217,221,731,713
344,342,345,347,349,351,353,356,107,97,96,98,503,504,666,8,637,499,497,498,581,564,566,215,182,179,180,605,458,712,713
344,342,345,347,349,351,353,356,107,97,96,21,19,22,497,498,581,564,565,613,215,182,218,217,221,731,713
344,342,345,347,384,350,27,25,23,24,214,18,19,22,497,498,581,564,565,613,216,182,218,217,605,458,712,713
344,342,345,347,349,351,353,356,107,97,96,21,636,637,499,5,564,565,613,216,182,218,217,605,458,712,713
344,342,345,347,349,351,353,356,107,97,96,98,503,505,666,8,637,499,5,639,588,638,461,459,219,642,221,731,713
344,342,345,347,349,351,353,356,107,390,108,21,19,22,497,498,581,564,565,613,215,182,218,217,221,731,713
344,342,345,347,349,351,353,356,107,390,108,21,636,637,499,5,564,565,613,216,182,218,217,605,458,712,713
344,477,357,348,359,352,354,362,355,109,97,96,98,503,505,666,8,637,499,497,498,5,564,565,613,216,182,218,217,605,458,712,713
344,342,345,347,349,350,26,372,373,390,108,21,19,22,497,498,581,564,565,10,12,218,217,221,731,713
344,342,345,346,384,350,26,372,373,390,214,18,19,22,497,498,581,564,565,10,12,218,217,221,731,713
344,476,723,477,357,348,359,352,351,353,356,107,97,96,98,503,505,666,8,637,499,5,639,565,613,216,182,218,217,605,458,712,713
344,342,475,346,384,350,26,372,373,390,108,18,19,22,497,498,581,564,565,613,215,182,218,217,221,731,713
344,476,723,477,357,348,359,352,354,362,355,109,97,96,98,503,505,666,8,637,499,497,498,581,568,566,215,182,218,217,221,731,713
344,477,357,348,359,352,354,362,355,107,97,96,98,503,505,666,8,637,499,497,498,5,564,565,613,215,182,218,217,221,731,713
344,342,345,347,349,351,353,356,107,97,96,98,503,504,666,8,637,499,497,498,581,564,566,215,182,218,180,605,458,712,713
344,342,345,347,349,351,353,356,107,97,96,98,503,505,666,8,4,499,5,564,565,613,216,182,218,217,605,458,712,713
344,342,345,346,384,350,26,25,23,24,214,18,19,22,497,498,581,564,565,613,215,182,218,217,221,731,713
344,342,345,347,349,350,27,25,23,24,214,18,19,22,497,498,581,564,565,613,216,182,218,217,605,458,712,713
344,342,345,347,349,351,353,356,107,97,96,98,503,505,666,8,637,499,497,498,581,564,565,613,216,12,218,180,605,458,712,713
344,342,345,347,349,351,353,356,107,97,96,98,503,505,666,8,637,499,497,498,5,581,564,565,10,12,218,217,605,458,712,713
344,342,345,346,384,350,26,372,373,390,108,21,636,637,499,497,498,581,564,565,613,215,182,218,217,221,731,713
344,342,345,347,349,351,353,356,107,97,96,98,503,505,666,8,637,499,5,639,565,10,638,11,459,219,642,221,731,713
344,342,345,347,349,351,353,356,107,97,96,98,503,505,666,8,637,499,497,498,5,639,565,10,12,216,182,218,217,221,731,713
344,477,357,348,359,352,354,362,355,107,97,96,98,503,504,666,8,637,499,5,639,638,10,12,218,217,221,731,713
344,342,345,347,349,351,353,356,107,97,96,98,503,504,636,22,497,498,581,5,639,565,613,216,182,218,217,221,731,713
344,342,475,346,29,30,27,25,23,24,214,18,19,22,497,498,581,564,565,613,216,182,218,217,605,458,712,713
344,342,345,347,349,351,353,356,107,97,96,98,503,505,666,8,637,499,5,498,581,564,566,215,182,218,217,221,731,713
344,477,357,348,359,352,354,362,355,107,97,96,98,503,504,636,637,499,5,639,638,11,459,219,642,221,731,713
344,342,345,347,349,351,353,356,107,97,96,98,503,505,666,8,637,499,5,639,588,638,461,459,219,217,221,731,713
344,477,357,348,359,352,354,362,355,107,97,96,98,503,505,666,8,637,499,497,498,581,564,565,10,12,216,182,218,217,221,731,713
344,342,345,347,349,351,353,372,373,390,108,18,19,22,497,498,581,564,565,613,215,182,218,217,221,731,713
344,342,345,347,349,351,353,356,373,390,108,18,19,22,497,498,581,564,565,613,215,182,218,217,221,731,713
344,477,357,348,359,352,354,353,356,107,97,96,98,503,505,666,8,637,499,497,498,581,564,566,567,612,179,180,605,458,712,713
344,477,357,345,347,349,351,353,356,107,97,96,98,503,504,666,8,637,499,5,639,638,11,459,460,469,642,221,731,713
344,477,357,348,359,352,354,362,356,107,97,96,98,503,504,636,637,499,5,564,565,613,216,182,218,217,605,458,712,713
344,477,357,348,359,352,354,353,356,107,97,96,98,503,505,666,8,637,499,5,639,565,10,12,218,217,605,458,712,713
344,477,357,348,359,352,351,353,356,107,97,96,98,503,505,666,8,637,499,5,639,565,10,11,459,460,469,642,221,731,713
344,342,345,347,349,351,353,356,107,97,96,98,503,505,666,8,637,499,497,498,5,564,565,10,11,459,219,217,605,458,712,713
344,342,345,347,349,351,353,356,107,97,96,21,636,637,499,497,498,581,564,565,613,216,182,218,217,605,458,712,713
344,477,357,348,359,352,354,353,356,107,97,96,98,503,504,636,637,499,5,639,638,11,459,460,469,642,221,731,713
344,342,345,347,349,351,353,356,107,390,108,21,636,637,499,497,498,581,564,565,613,216,182,218,217,605,458,712,713
344,477,357,348,359,352,354,362,355,109,97,96,98,503,505,666,8,637,499,497,498,581,5,564,565,613,216,182,218,217,221,731,713
344,342,345,347,349,351,26,372,373,390,108,21,636,637,499,5,639,638,10,12,218,217,221,731,713
344,342,345,347,349,351,353,356,107,97,96,98,503,505,666,8,637,499,5,639,565,10,638,11,459,219,217,221,731,713
344,342,345,347,349,351,353,356,107,97,96,98,503,505,666,8,4,499,497,498,581,564,565,613,216,182,218,217,605,458,712,713
344,342,345,347,349,351,26,372,373,24,214,18,19,22,497,498,581,564,565,613,215,182,218,217,221,731,713
344,477,357,348,359,349,351,353,356,107,97,96,98,503,504,636,637,499,5,564,565,613,216,182,218,217,605,458,712,713
344,342,345,347,349,351,353,356,107,97,96,98,503,505,666,8,637,499,497,498,581,5,564,565,10,11,459,219,642,221,731,713
344,342,345,347,349,351,353,356,107,97,96,98,503,505,666,8,637,499,5,639,588,638,11,10,12,218,217,221,731,713
344,342,345,347,349,351,26,372,373,390,108,18,19,22,497,498,581,564,565,10,12,218,217,221,731,713
344,477,357,348,359,352,354,362,355,107,97,96,98,503,504,636,637,499,5,639,638,11,459,219,217,221,731,713
344,342,345,346,384,350,26,372,373,390,108,21,636,22,497,498,581,564,565,613,216,182,218,217,605,458,712,713
344,477,357,348,359,352,354,362,355,109,97,96,98,503,505,666,8,637,499,5,639,638,10,12,216,182,218,217,221,731,713
344,342,345,347,349,351,353,356,107,97,96,98,503,504,636,22,85,582,568,566,567,612,179,180,605,458,712,713
344,477,357,348,359,352,354,362,355,109,97,96,98,503,505,666,8,637,499,497,498,581,568,566,567,612,179,180,605,458,712,713
344,477,357,348,359,352,351,353,356,107,97,96,98,503,505,666,8,637,499,497,498,5,639,638,11,459,460,469,642,221,731,713
344,342,345,347,349,351,353,356,107,97,96,98,503,505,666,8,637,499,497,498,581,5,639,565,613,216,182,179,180,605,458,712,713
344,342,345,347,384,350,26,372,373,390,108,21,636,637,499,5,639,638,10,12,218,217,221,731,713
344,342,345,347,349,351,353,356,107,97,96,98,503,504,636,22,497,498,581,564,566,215,612,179,180,605,458,712,713
344,476,723,477,357,348,359,352,354,353,356,107,97,96,98,503,505,666,8,637,499,5,639,565,613,216,182,218,217,605,458,712,713
344,342,475,346,384,350,26,372,373,390,214,18,19,22,497,498,581,564,565,613,215,182,218,217,221,731,713
344,477,357,348,359,352,354,362,355,109,97,96,98,503,504,666,8,637,499,5,564,565,613,216,182,218,217,605,458,712,713
344,342,345,347,384,350,26,372,373,24,214,18,19,22,497,498,581,564,565,613,215,182,218,217,221,731,713
344,477,357,348,359,352,354,362,355,107,97,96,98,503,504,666,8,637,499,5,564,565,613,215,182,218,217,221,731,713
344,342,345,347,349,351,353,356,107,97,96,98,503,505,666,8,637,499,497,498,581,5,639,565,613,216,182,218,180,605,458,712,713
344,342,345,347,384,350,26,372,373,390,108,18,19,22,497,498,581,564,565,10,12,218,217,221,731,713
344,342,345,347,349,350,26,372,373,390,108,21,636,637,499,5,639,638,10,12,218,217,221,731,713
344,477,357,348,359,352,354,362,356,107,97,96,98,503,504,636,637,499,497,498,581,564,565,613,216,182,218,217,605,458,712,713
344,342,345,347,349,351,353,356,107,97,96,98,503,505,666,8,637,499,497,498,581,5,639,565,613,215,182,218,217,605,458,712,713
344,342,345,347,349,350,26,372,373,24,214,18,19,22,497,498,581,564,565,613,215,182,218,217,221,731,713
344,342,345,347,349,351,353,356,107,97,96,98,503,505,666,8,637,499,497,498,581,5,564,565,10,11,459,219,217,221,731,713
344,342,345,346,29,30,27,25,23,24,214,18,19,22,497,498,581,564,565,613,215,182,218,217,221,731,713
344,342,345,347,349,351,353,356,107,97,96,98,503,505,666,8,637,499,497,498,5,581,564,565,10,11,459,460,469,642,221,731,713
344,342,345,347,349,351,353,356,107,97,96,98,503,505,666,8,637,499,5,564,565,10,638,11,459,460,468,469,642,221,731,713
344,342,345,347,349,351,353,356,107,390,108,18,19,22,497,498,581,564,565,613,215,182,218,217,221,731,713
344,342,345,347,349,351,353,356,107,97,96,98,503,504,666,8,637,499,5,581,564,565,10,12,218,217,605,458,712,713
344,342,345,347,349,350,26,372,373,390,108,18,19,22,497,498,581,564,565,10,12,218,217,221,731,713
344,342,345,347,349,351,353,356,107,97,96,98,503,504,666,8,637,499,5,639,565,10,12,216,182,218,217,221,731,713
344,342,345,346,384,350,26,372,373,390,108,21,636,637,499,5,639,638,11,459,219,642,221,731,713
344,477,357,348,359,352,354,362,355,107,97,96,98,503,504,636,637,499,5,564,565,10,12,218,217,221,731,713
344,477,357,348,359,352,354,362,355,107,97,96,98,503,505,666,8,637,499,5,639,565,10,11,459,219,642,221,731,713
344,477,357,348,359,349,351,353,356,107,97,96,98,503,504,636,637,499,497,498,581,564,565,613,216,182,218,217,605,458,712,713
344,342,475,346,384,350,26,372,373,390,108,21,19,22,497,498,581,564,565,10,12,218,217,221,731,713
344,477,357,348,359,352,351,353,356,107,97,96,98,503,505,666,8,637,499,5,581,564,566,215,182,218,217,221,731,713
344,342,345,347,349,351,26,372,373,390,108,21,636,637,499,5,564,565,613,215,182,218,217,221,731,713
344,477,357,348,359,352,354,362,355,109,97,96,98,503,505,666,8,637,499,5,639,638,461,459,460,468,469,642,221,731,713
344,342,345,347,349,351,353,356,107,97,96,98,503,504,636,637,499,5,639,565,10,11,459,460,468,469,642,221,731,713
344,342,345,347,349,351,353,372,373,390,214,18,19,22,497,498,581,564,565,613,215,182,218,217,221,731,713
344,342,345,347,349,351,353,356,373,390,214,18,19,22,497,498,581,564,565,613,215,182,218,217,221,731,713
344,342,475,346,384,350,27,25,23,24,214,18,19,22,497,498,581,564,565,613,216,182,218,217,605,458,712,713
344,477,357,348,359,352,354,353,356,107,97,96,98,503,505,666,8,637,499,5,639,565,10,11,459,460,469,642,221,731,713
344,342,345,347,349,351,353,356,107,97,96,98,503,504,666,8,637,499,497,498,5,639,565,613,215,182,218,217,221,731,713
344,342,345,346,384,350,26,372,373,24,214,18,19,22,497,498,581,564,565,10,12,218,217,221,731,713
344,342,345,347,349,351,353,356,107,97,96,98,503,504,666,8,637,499,5,564,565,10,11,459,219,217,605,458,712,713
344,477,357,348,359,352,354,362,355,109,97,96,98,503,504,666,8,637,499,497,498,581,564,565,613,216,182,218,217,605,458,712,713
344,476,723,477,357,348,359,352,354,362,356,107,97,96,98,503,505,666,8,637,499,5,639,565,613,215,182,218,217,221,731,713
344,342,345,347,384,30,27,25,23,24,214,18,19,22,497,498,581,564,565,613,215,182,218,217,221,731,713
344,477,357,348,359,352,354,362,355,107,97,96,98,503,504,666,8,637,499,497,498,581,564,565,613,215,182,218,217,221,731,713
344,342,345,346,384,350,26,372,373,390,108,21,636,637,499,5,639,638,11,459,219,217,221,731,713
344,477,357,348,359,352,354,362,355,107,97,96,98,503,505,666,8,637,499,497,498,5,639,638,11,459,219,642,221,731,713
344,477,357,348,347,349,351,353,356,107,97,96,98,503,505,666,8,637,499,5,564,565,10,11,459,219,642,221,731,713
344,342,345,347,384,350,26,372,373,390,108,21,636,637,499,5,564,565,613,215,182,218,217,221,731,713
344,477,357,348,359,352,354,362,355,107,97,96,98,503,505,666,8,637,499,5,639,565,10,11,459,219,217,221,731,713
344,342,345,347,349,351,353,356,107,97,96,98,503,504,636,637,499,497,498,5,639,565,10,12,218,217,221,731,713
344,342,345,347,349,351,26,372,373,390,214,18,19,22,497,498,581,564,565,10,12,218,217,221,731,713
344,342,345,347,349,351,353,356,107,97,96,98,503,504,636,22,497,582,568,566,567,612,179,180,605,458,712,713
344,476,723,477,357,348,359,352,354,362,355,107,97,96,98,503,504,636,637,499,5,564,565,613,216,182,218,217,221,731,713
344,342,345,347,349,351,353,372,373,390,108,21,19,22,497,498,581,564,565,10,12,218,217,221,731,713
344,477,357,348,347,349,351,353,356,107,97,96,98,503,505,666,8,637,499,5,581,564,565,10,12,218,217,221,731,713
344,342,345,347,349,351,353,356,373,390,108,21,19,22,497,498,581,564,565,10,12,218,217,221,731,713
344,342,345,347,349,351,353,356,107,97,96,98,503,504,636,637,499,497,498,5,639,638,11,459,460,468,469,642,221,731,713
344,476,723,477,357,348,359,349,351,353,356,107,97,96,98,503,505,666,8,637,499,5,639,565,613,215,182,218,217,221,731,713
344,342,345,347,349,351,353,356,107,97,96,98,503,505,666,8,637,499,497,498,581,564,565,10,638,11,459,460,468,469,642,221,731,713
344,342,345,347,349,351,353,356,107,97,96,98,503,504,636,637,499,5,639,565,613,215,612,179,180,605,458,712,713
344,342,345,347,349,351,26,25,23,24,214,18,19,22,497,498,581,564,565,613,215,182,218,217,221,731,713
344,342,345,347,349,350,26,372,373,390,108,21,636,637,499,5,564,565,613,215,182,218,217,221,731,713
344,477,357,348,359,352,354,362,356,107,97,96,98,503,505,666,8,637,499,497,498,5,564,565,613,216,182,218,217,605,458,712,713
344,477,357,345,347,349,351,353,356,107,97,96,98,503,504,636,637,499,5,564,565,613,216,182,218,217,605,458,712,713
344,476,723,477,357,348,359,352,354,362,356,107,97,96,98,503,505,666,8,637,499,497,498,581,568,566,215,182,218,217,221,731,713
344,477,357,348,347,349,351,353,356,107,97,96,98,503,505,666,8,637,499,5,639,565,613,216,182,179,180,605,458,712,713
344,342,345,347,349,351,353,356,107,97,96,98,503,505,666,8,637,499,5,639,588,638,10,11,459,219,642,221,731,713
344,477,357,348,359,352,354,362,355,107,97,96,98,503,504,636,637,499,497,498,581,564,565,10,12,218,217,221,731,713
344,477,357,348,359,352,354,353,356,107,97,96,98,503,505,666,8,637,499,497,498,5,639,638,11,459,460,469,642,221,731,713
344,477,357,348,359,352,351,353,356,107,97,96,98,503,504,666,8,637,499,5,639,638,11,459,460,469,642,221,731,713
344,342,345,347,349,351,26,372,373,390,108,21,636,637,499,497,498,581,564,565,613,215,182,218,217,221,731,713
344,477,357,348,347,349,351,353,356,107,97,96,98,503,505,666,8,637,499,5,639,565,613,216,182,218,180,605,458,712,713
344,477,357,348,359,349,351,353,356,107,97,96,98,503,505,666,8,637,499,497,498,5,564,565,613,216,182,218,217,605,458,712,713
344,342,345,347,384,350,26,372,373,390,214,18,19,22,497,498,581,564,565,10,12,218,217,221,731,713
344,477,357,348,347,349,351,353,356,107,97,96,98,503,505,666,8,637,499,5,639,565,613,215,182,218,217,605,458,712,713
344,476,723,477,357,348,359,349,351,353,356,107,97,96,98,503,505,666,8,637,499,497,498,581,568,566,215,182,218,217,221,731,713
344,342,345,347,349,351,353,356,107,97,96,98,503,504,636,637,499,497,498,581,568,566,215,612,179,180,605,458,712,713
344,477,357,348,359,352,354,362,355,107,97,96,98,503,505,666,8,637,499,497,498,5,639,638,11,459,219,217,221,731,713
344,477,357,348,347,349,351,353,356,107,97,96,98,503,505,666,8,637,499,5,564,565,10,11,459,219,217,221,731,713
344,342,345,346,384,30,27,25,23,24,214,18,19,22,497,498,581,564,565,10,12,218,217,221,731,713
344,342,345,347,384,350,26,25,23,24,214,18,19,22,497,498,581,564,565,613,215,182,218,217,221,731,713
344,342,345,347,349,351,353,356,107,97,96,98,503,504,666,8,637,499,497,498,581,564,565,10,11,459,219,217,605,458,712,713
344,342,345,347,349,351,353,356,107,97,96,98,503,504,666,8,637,499,5,581,564,565,10,11,459,460,469,642,221,731,713
344,342,345,347,349,351,353,356,107,390,214,18,19,22,497,498,581,564,565,613,215,182,218,217,221,731,713
344,342,345,346,384,350,26,372,373,390,108,21,636,637,499,5,564,565,10,12,218,217,221,731,713
344,342,345,347,349,350,26,372,373,390,214,18,19,22,497,498,581,564,565,10,12,218,217,221,731,713
344,476,723,477,357,348,347,349,351,353,356,107,97,96,98,503,505,666,8,637,499,5,581,564,565,613,216,182,218,217,221,731,713
344,477,357,348,359,352,354,362,355,107,97,96,98,503,505,666,8,637,499,5,564,565,10,11,459,460,468,469,642,221,731,713
344,342,345,347,349,350,26,25,23,24,214,18,19,22,497,498,581,564,565,613,215,182,218,217,221,731,713
344,342,345,346,384,350,27,25,23,24,214,18,19,22,497,498,581,564,565,613,215,182,218,217,221,731,713
344,477,357,348,347,349,351,353,356,107,97,96,98,503,505,666,8,637,499,497,498,581,564,565,10,11,459,219,642,221,731,713
344,342,345,347,384,350,26,372,373,390,108,21,636,637,499,497,498,581,564,565,613,215,182,218,217,221,731,713
344,342,345,347,349,351,353,356,107,97,96,98,503,505,666,8,637,499,5,639,588,638,10,11,459,219,217,221,731,713
344,477,357,348,359,352,354,362,355,109,97,96,98,503,504,636,637,499,5,639,638,10,12,218,217,221,731,713
344,476,723,477,357,348,359,352,354,362,355,109,97,96,98,503,505,666,8,637,499,5,639,565,10,12,218,217,221,731,713
344,477,357,348,359,352,354,353,356,107,97,96,98,503,505,666,8,637,499,5,581,564,566,215,182,218,217,221,731,713
344,477,357,348,347,349,351,353,356,107,97,96,98,503,505,666,8,637,499,497,498,581,568,566,215,182,218,217,605,458,712,713
344,476,723,477,357,348,359,352,354,362,355,107,97,96,98,503,504,636,637,499,497,498,581,564,565,613,216,182,218,217,221,731,713
344,476,723,477,357,348,359,352,354,362,355,109,97,96,98,503,505,666,8,637,499,5,639,638,11,459,460,468,469,642,221,731,713
344,342,345,347,349,350,26,372,373,390,108,21,636,637,499,497,498,581,564,565,613,215,182,218,217,221,731,713
344,477,357,348,359,352,354,362,356,107,97,96,98,503,505,666,8,637,499,497,498,581,5,564,565,613,216,182,218,217,221,731,713
344,477,357,345,347,349,351,353,356,107,97,96,98,503,504,636,637,499,497,498,581,564,565,613,216,182,218,217,605,458,712,713
344,342,475,346,384,350,26,372,373,390,108,21,636,637,499,5,639,638,10,12,218,217,221,731,713
344,342,345,346,384,350,26,372,373,390,108,21,19,22,497,498,581,564,566,215,182,218,217,221,731,713
344,342,475,346,384,350,26,372,373,24,214,18,19,22,497,498,581,564,565,613,215,182,218,217,221,731,713
344,342,345,347,349,351,353,356,107,97,96,21,19,22,497,498,581,564,565,10,12,218,217,221,731,713
344,342,345,347,349,351,26,372,373,390,108,21,636,22,497,498,581,564,565,613,216,182,218,217,605,458,712,713
344,342,345,347,349,351,353,356,107,97,96,98,503,504,636,22,497,498,581,564,566,215,182,179,180,605,458,712,713
344,342,345,347,349,351,353,356,107,390,108,21,19,22,497,498,581,564,565,10,12,218,217,221,731,713
344,342,475,346,384,350,26,372,373,390,108,18,19,22,497,498,581,564,565,10,12,218,217,221,731,713
344,477,357,348,359,352,354,362,355,107,97,96,98,503,505,666,8,637,499,497,498,5,564,565,10,12,218,217,221,731,713
344,342,345,346,384,350,26,25,23,24,214,18,19,22,497,498,581,564,565,10,12,218,217,221,731,713
344,477,357,348,359,349,351,353,356,107,97,96,98,503,505,666,8,637,499,497,498,581,5,564,565,613,216,182,218,217,221,731,713
344,342,345,347,349,351,353,356,107,97,96,98,503,504,636,22,497,498,581,564,566,215,182,218,180,605,458,712,713
344,477,357,348,359,352,354,362,356,107,97,96,98,503,505,666,8,637,499,5,639,638,10,12,216,182,218,217,221,731,713
344,477,357,348,359,352,354,362,355,107,97,96,98,503,505,666,8,637,499,5,564,565,613,215,612,179,180,605,458,712,713
344,477,357,348,359,352,354,362,355,107,97,96,98,503,504,666,8,637,499,5,639,638,11,459,219,642,221,731,713
344,342,345,347,349,351,353,356,107,97,96,98,503,505,666,8,637,499,497,498,5,639,565,10,11,459,460,468,469,642,221,731,713
344,477,357,348,347,349,351,353,356,107,97,96,98,503,505,666,8,637,499,497,498,581,564,565,10,11,459,219,217,221,731,713
344,342,345,347,349,351,353,356,107,97,108,21,19,22,497,498,581,564,565,613,215,182,218,217,221,731,713
344,342,345,347,349,351,353,356,107,97,108,21,636,637,499,5,564,565,613,216,182,218,217,605,458,712,713
344,477,357,348,359,352,354,362,356,107,97,96,98,503,505,666,8,637,499,497,498,581,568,566,567,612,179,180,605,458,712,713
344,477,357,348,359,352,354,362,355,109,97,96,98,503,505,666,8,637,499,5,581,568,566,215,182,218,217,221,731,713
344,342,345,346,384,350,26,372,373,390,108,21,636,637,499,497,498,581,564,565,10,12,218,217,221,731,713
344,477,357,348,359,352,354,362,356,107,97,96,98,503,504,666,8,637,499,5,564,565,613,216,182,218,217,605,458,712,713
344,342,345,347,349,351,353,372,373,390,108,21,636,637,499,5,639,638,10,12,218,217,221,731,713
344,342,345,347,384,350,26,372,373,390,108,21,636,22,497,498,581,564,565,613,216,182,218,217,605,458,712,713
344,477,357,348,359,352,354,362,355,107,97,96,98,503,505,666,8,637,499,497,498,581,564,565,10,11,459,460,468,469,642,221,731,713
344,477,357,348,359,349,351,353,356,107,97,96,98,503,505,666,8,637,499,5,639,638,10,12,216,182,218,217,221,731,713
344,342,345,347,349,351,353,356,373,390,108,21,636,637,499,5,639,638,10,12,218,217,221,731,713
344,342,345,347,349,351,353,372,373,24,214,18,19,22,497,498,581,564,565,613,215,182,218,217,221,731,713
344,477,357,348,359,352,354,353,356,107,97,96,98,503,504,666,8,637,499,5,639,638,11,459,460,469,642,221,731,713
344,342,345,347,349,351,353,356,373,24,214,18,19,22,497,498,581,564,565,613,215,182,218,217,221,731,713
344,476,723,477,357,345,347,349,351,353,356,107,97,96,98,503,505,666,8,637,499,5,639,565,613,215,182,218,217,221,731,713
344,342,475,474,29,30,27,25,23,24,214,18,19,22,497,498,581,564,565,613,215,182,218,217,221,731,713
344,477,357,348,359,349,351,353,356,107,97,96,98,503,505,666,8,637,499,497,498,581,568,566,567,612,179,180,605,458,712,713
344,342,345,347,349,351,353,372,373,390,108,18,19,22,497,498,581,564,565,10,12,218,217,221,731,713
344,342,345,347,349,350,26,372,373,390,108,21,636,22,497,498,581,564,565,613,216,182,218,217,605,458,712,713
344,342,345,347,349,351,353,356,373,390,108,18,19,22,497,498,581,564,565,10,12,218,217,221,731,713
344,342,345,347,349,351,26,372,373,390,108,21,636,637,499,5,639,638,11,459,219,642,221,731,713
344,477,357,348,359,352,354,362,355,107,97,96,98,503,505,666,8,637,499,497,582,568,566,215,182,218,217,605,458,712,713
344,477,357,348,359,349,351,353,356,107,97,96,98,503,504,666,8,637,499,5,564,565,613,216,182,218,217,605,458,712,713
344,342,345,347,349,351,353,356,107,97,96,98,503,505,666,8,637,499,497,498,581,5,564,566,567,612,179,180,605,458,712,713
344,477,357,348,359,352,354,362,355,109,97,96,98,503,504,636,637,499,5,564,565,613,215,182,218,217,221,731,713
344,476,723,477,357,348,359,352,354,362,355,107,97,96,98,503,505,666,8,637,499,497,498,5,564,565,613,216,182,218,217,221,731,713
344,477,357,348,359,352,354,362,355,107,97,96,98,503,504,666,8,637,499,5,639,638,11,459,219,217,221,731,713
344,476,723,477,357,348,347,349,351,353,356,107,97,96,98,503,505,666,8,637,499,5,564,566,215,182,218,217,221,731,713
344,342,475,346,384,30,27,25,23,24,214,18,19,22,497,498,581,564,565,613,215,182,218,217,221,731,713
344,342,345,347,349,351,353,356,107,97,96,98,503,505,666,8,637,499,497,498,5,639,565,613,215,612,179,180,605,458,712,713
344,477,357,345,347,349,351,353,356,107,97,96,98,503,505,666,8,637,499,497,498,5,564,565,613,216,182,218,217,605,458,712,713
344,342,475,346,384,350,26,372,373,390,108,21,636,637,499,5,564,565,613,215,182,218,217,221,731,713
344,476,723,477,357,345,347,349,351,353,356,107,97,96,98,503,505,666,8,637,499,497,498,581,568,566,215,182,218,217,221,731,713
344,477,357,348,359,352,354,362,356,107,97,96,98,503,505,666,8,637,499,5,639,638,461,459,460,468,469,642,221,731,713
344,342,345,347,349,351,26,372,373,24,214,18,19,22,497,498,581,564,565,10,12,218,217,221,731,713
344,477,357,348,359,352,351,353,356,107,97,96,98,503,504,636,637,499,5,564,565,613,216,182,218,217,605,458,712,713
344,477,357,348,359,352,354,362,355,109,97,96,98,503,505,666,8,637,499,5,639,638,10,11,459,460,468,469,642,221,731,713
344,477,357,348,359,352,354,362,355,107,97,96,98,503,505,666,8,637,499,497,498,581,564,565,613,215,612,179,180,605,458,712,713
344,342,345,347,384,350,26,372,373,390,108,21,636,637,499,5,639,638,11,459,219,642,221,731,713
344,342,345,347,349,351,353,356,107,97,108,21,636,637,499,497,498,581,564,565,613,216,182,218,217,605,458,712,713
344,342,345,347,349,351,353,356,107,97,96,98,503,504,636,637,499,5,639,565,613,215,182,179,180,605,458,712,713
344,477,357,348,359,349,351,353,356,107,97,96,98,503,505,666,8,637,499,5,639,638,461,459,460,468,469,642,221,731,713
344,342,345,347,349,351,26,372,373,390,108,21,636,637,499,5,639,638,11,459,219,217,221,731,713
344,477,357,348,359,352,354,362,356,107,97,96,98,503,504,666,8,637,499,497,498,581,564,565,613,216,182,218,217,605,458,712,713
344,342,345,347,349,350,26,372,373,390,108,21,636,637,499,5,639,638,11,459,219,642,221,731,713
344,342,345,347,349,351,353,356,107,97,96,98,503,504,636,637,499,5,639,565,613,215,182,218,180,605,458,712,713
344,342,475,346,384,350,26,372,373,390,214,18,19,22,497,498,581,564,565,10,12,218,217,221,731,713
344,342,345,347,349,351,353,356,107,97,96,98,503,504,636,637,499,5,581,564,566,215,182,218,217,605,458,712,713
344,342,345,347,349,351,353,372,373,390,108,21,636,637,499,5,564,565,613,215,182,218,217,221,731,713
344,342,345,347,384,350,26,372,373,24,214,18,19,22,497,498,581,564,565,10,12,218,217,221,731,713
344,342,345,347,349,351,353,356,373,390,108,21,636,637,499,5,564,565,613,215,182,218,217,221,731,713
344,477,357,348,359,352,354,362,355,107,97,96,98,503,504,666,8,637,499,5,564,565,10,12,218,217,221,731,713
344,342,345,347,349,351,353,356,107,97,96,21,636,637,499,5,639,638,10,12,218,217,221,731,713
344,342,475,346,384,350,26,25,23,24,214,18,19,22,497,498,581,564,565,613,215,182,218,217,221,731,713
344,477,357,348,359,352,354,362,355,107,97,96,98,503,505,666,8,637,499,5,639,638,10,12,218,180,605,458,712,713
344,477,357,348,359,349,351,353,356,107,97,96,98,503,504,666,8,637,499,497,498,581,564,565,613,216,182,218,217,605,458,712,713
344,342,345,347,349,351,353,356,107,97,96,98,503,504,636,637,499,497,498,581,568,566,215,182,179,180,605,458,712,713
344,342,345,347,349,351,353,356,107,390,108,21,636,637,499,5,639,638,10,12,218,217,221,731,713
344,477,357,348,359,352,354,362,355,109,97,96,98,503,505,666,8,637,499,497,498,5,639,638,10,12,218,217,221,731,713
344,477,357,348,359,352,354,362,355,109,97,96,98,503,504,636,637,499,497,498,581,564,565,613,215,182,218,217,221,731,713
344,342,345,347,349,351,353,356,107,97,96,98,503,505,666,8,637,499,497,498,581,5,639,565,10,12,218,217,605,458,712,713
344,342,345,347,349,351,353,356,107,97,96,98,503,504,666,8,637,499,5,639,565,10,11,459,460,468,469,642,221,731,713
344,342,345,346,384,350,26,372,373,390,108,18,19,22,497,498,581,564,566,215,182,218,217,221,731,713
344,342,345,347,349,350,26,372,373,24,214,18,19,22,497,498,581,564,565,10,12,218,217,221,731,713
344,476,723,477,357,348,347,349,351,353,356,107,97,96,98,503,505,666,8,637,499,497,498,581,564,566,215,182,218,217,221,731,713
344,342,345,347,349,351,353,356,107,97,96,98,503,505,666,8,4,499,5,639,638,10,12,218,217,221,731,713
344,342,345,346,29,30,27,25,23,24,214,18,19,22,497,498,581,564,565,10,12,218,217,221,731,713
344,342,345,347,349,351,353,356,107,97,96,98,503,504,636,637,499,497,498,581,5,639,638,11,459,460,469,642,221,731,713
344,342,345,347,384,350,26,372,373,390,108,21,636,637,499,5,639,638,11,459,219,217,221,731,713
344,342,345,347,349,351,353,356,107,97,96,98,503,504,636,637,499,497,498,581,568,566,215,182,218,180,605,458,712,713
344,342,345,347,349,351,353,356,107,390,108,18,19,22,497,498,581,564,565,10,12,218,217,221,731,713
344,477,357,345,347,349,351,353,356,107,97,96,98,503,505,666,8,637,499,497,498,581,5,564,565,613,216,182,218,217,221,731,713
344,342,475,346,384,350,26,372,373,390,108,21,636,637,499,497,498,581,564,565,613,215,182,218,217,221,731,713
344,342,345,347,349,350,26,372,373,390,108,21,636,637,499,5,639,638,11,459,219,217,221,731,713
344,477,357,348,359,352,351,353,356,107,97,96,98,503,504,636,637,499,497,498,581,564,565,613,216,182,218,217,605,458,712,713
344,342,345,347,349,351,26,372,373,390,108,21,636,637,499,5,564,565,10,12,218,217,221,731,713
344,342,345,347,349,351,353,356,107,97,108,18,19,22,497,498,581,564,565,613,215,182,218,217,221,731,713
344,342,345,347,349,351,353,372,373,390,214,18,19,22,497,498,581,564,565,10,12,218,217,221,731,713
344,342,345,347,349,351,353,356,373,390,214,18,19,22,497,498,581,564,565,10,12,218,217,221,731,713
344,477,357,348,347,349,351,353,356,107,97,96,98,503,505,666,8,637,499,5,564,566,567,612,179,180,605,458,712,713
344,477,357,345,347,349,351,353,356,107,97,96,98,503,505,666,8,637,499,5,639,638,10,12,216,182,218,217,221,731,713
344,342,345,347,349,351,353,356,107,97,96,98,503,504,666,8,637,499,497,498,5,639,565,10,12,218,217,221,731,713
344,476,723,477,357,348,359,352,354,362,355,107,97,96,98,503,504,666,8,637,499,5,564,565,613,216,182,218,217,221,731,713
344,477,357,345,347,349,351,353,356,107,97,96,98,503,505,666,8,637,499,497,498,581,568,566,567,612,179,180,605,458,712,713
344,342,345,347,349,351,353,356,107,97,96,98,503,504,636,22,497,498,5,639,565,613,215,182,218,217,221,731,713
344,342,345,347,349,351,353,356,107,97,96,98,503,504,666,8,637,499,497,498,5,639,638,11,459,460,468,469,642,221,731,713
344,477,357,348,359,352,354,362,355,109,97,96,98,503,505,666,8,637,499,5,564,565,10,12,216,182,218,217,221,731,713
344,342,345,347,349,351,353,356,107,97,96,98,503,504,666,8,637,499,5,639,565,613,215,612,179,180,605,458,712,713
344,477,357,348,359,352,354,362,356,107,97,96,98,503,504,636,637,499,5,639,638,10,12,218,217,221,731,713
344,476,723,477,357,348,359,352,354,362,356,107,97,96,98,503,505,666,8,637,499,5,639,565,10,12,218,217,221,731,713
344,477,357,345,347,349,351,353,356,107,97,96,98,503,504,666,8,637,499,5,564,565,613,216,182,218,217,605,458,712,713
344,342,345,347,349,351,353,372,373,390,108,21,636,637,499,497,498,581,564,565,613,215,182,218,217,221,731,713
344,342,345,347,384,30,27,25,23,24,214,18,19,22,497,498,581,564,565,10,12,218,217,221,731,713
344,477,357,348,359,352,354,362,355,109,97,96,98,503,504,636,22,497,498,581,564,565,613,216,182,218,217,605,458,712,713
344,342,345,347,349,351,353,356,373,390,108,21,636,637,499,497,498,581,564,565,613,215,182,218,217,221,731,713
344,477,357,348,359,352,354,362,355,107,97,96,98,503,504,666,8,637,499,497,498,581,564,565,10,12,218,217,221,731,713
344,476,723,477,357,348,359,352,354,362,356,107,97,96,98,503,505,666,8,637,499,5,639,638,11,459,460,468,469,642,221,731,713
344,342,345,347,349,351,26,372,373,390,108,21,19,22,497,498,581,564,566,215,182,218,217,221,731,713
344,477,357,348,359,352,354,362,355,107,97,96,98,503,505,666,8,637,499,5,564,565,613,215,182,179,180,605,458,712,713
344,477,357,348,359,352,354,362,355,107,97,96,98,503,504,636,22,497,498,581,564,565,613,215,182,218,217,221,731,713
344,342,345,347,384,350,26,372,373,390,108,21,636,637,499,5,564,565,10,12,218,217,221,731,713
344,477,357,348,359,352,354,353,356,107,97,96,98,503,504,636,637,499,5,564,565,613,216,182,218,217,605,458,712,713
344,342,475,346,384,350,26,372,373,390,108,21,636,22,497,498,581,564,565,613,216,182,218,217,605,458,712,713
344,342,345,347,384,350,27,25,23,24,214,18,19,22,497,498,581,564,565,613,215,182,218,217,221,731,713
344,342,345,347,349,351,353,356,107,97,96,21,636,637,499,5,564,565,613,215,182,218,217,221,731,713
344,477,357,348,359,349,351,353,356,107,97,96,98,503,504,636,637,499,5,639,638,10,12,218,217,221,731,713
344,477,357,348,359,352,354,362,355,107,97,96,98,503,505,666,8,637,499,5,564,565,613,215,182,218,180,605,458,712,713
344,476,723,477,357,348,359,349,351,353,356,107,97,96,98,503,505,666,8,637,499,5,639,565,10,12,218,217,221,731,713
344,342,345,347,349,351,353,356,107,390,108,21,636,637,499,5,564,565,613,215,182,218,217,221,731,713
344,477,357,348,359,352,354,362,355,109,97,96,98,503,505,666,8,637,499,497,498,5,564,565,613,215,182,218,217,221,731,713
344,342,345,347,349,351,26,25,23,24,214,18,19,22,497,498,581,564,565,10,12,218,217,221,731,713
344,342,345,347,349,350,26,372,373,390,108,21,636,637,499,5,564,565,10,12,218,217,221,731,713
344,476,723,477,357,348,359,352,351,353,356,107,97,96,98,503,505,666,8,637,499,5,639,565,613,215,182,218,217,221,731,713
344,342,345,347,349,351,353,356,107,97,96,98,503,504,666,8,637,499,497,498,581,568,566,215,612,179,180,605,458,712,713
344,476,723,477,357,348,359,349,351,353,356,107,97,96,98,503,505,666,8,637,499,5,639,638,11,459,460,468,469,642,221,731,713
344,342,345,347,349,351,353,356,107,97,96,98,503,505,666,8,637,499,5,639,565,10,12,216,182,179,180,605,458,712,713
344,342,345,347,349,351,353,356,107,97,96,98,503,505,666,8,4,499,5,564,565,613,215,182,218,217,221,731,713
344,342,345,347,349,350,27,25,23,24,214,18,19,22,497,498,581,564,565,613,215,182,218,217,221,731,713
344,342,345,347,349,351,353,356,107,97,96,98,503,505,666,8,637,499,497,498,581,564,5,639,638,11,459,460,469,642,221,731,713
344,342,345,347,349,351,26,372,373,390,108,21,636,637,499,497,498,581,564,565,10,12,218,217,221,731,713
344,477,357,345,347,349,351,353,356,107,97,96,98,503,505,666,8,637,499,5,639,638,461,459,460,468,469,642,221,731,713
344,342,345,347,384,350,26,372,373,390,108,21,19,22,497,498,581,564,566,215,182,218,217,221,731,713
344,342,345,347,349,351,353,356,107,97,96,98,503,505,666,8,637,499,5,639,565,10,12,216,182,218,180,605,458,712,713
344,477,357,348,347,349,351,353,356,107,97,96,98,503,505,666,8,637,499,497,498,581,564,566,567,612,179,180,605,458,712,713
344,477,357,348,359,352,351,353,356,107,97,96,98,503,505,666,8,637,499,497,498,5,564,565,613,216,182,218,217,605,458,712,713
344,477,357,348,359,352,354,362,356,107,97,96,98,503,505,666,8,637,499,5,581,568,566,215,182,218,217,221,731,713
344,477,357,348,347,349,351,353,356,107,97,96,98,503,505,666,8,637,499,5,639,565,10,12,218,217,605,458,712,713
344,477,357,348,359,352,354,362,355,109,97,96,98,503,504,666,8,637,499,5,639,638,10,12,218,217,221,731,713
344,476,723,477,357,348,359,352,351,353,356,107,97,96,98,503,505,666,8,637,499,497,498,581,568,566,215,182,218,217,221,731,713
344,342,345,347,349,351,353,356,107,97,96,98,503,505,666,8,637,499,497,498,581,5,639,565,10,11,459,460,469,642,221,731,713
344,476,723,477,357,348,359,352,354,362,355,107,97,96,98,503,504,666,8,637,499,497,498,581,564,565,613,216,182,218,217,221,731,713
344,342,345,347,349,350,26,372,373,390,108,21,19,22,497,498,581,564,566,215,182,218,217,221,731,713
344,477,357,348,359,352,354,362,355,109,97,96,98,503,504,636,637,499,5,639,638,11,459,219,642,221,731,713
344,342,345,346,384,350,26,372,373,390,214,18,19,22,497,498,581,564,566,215,182,218,217,221,731,713
344,477,357,348,347,349,351,353,356,107,97,96,98,503,504,636,637,499,5,639,638,11,459,460,469,642,221,731,713
344,342,345,347,349,351,353,356,107,97,96,98,503,505,666,8,637,499,497,498,5,639,565,613,215,182,179,180,605,458,712,713
344,342,345,347,384,350,26,25,23,24,214,18,19,22,497,498,581,564,565,10,12,218,217,221,731,713
344,342,475,346,29,30,27,25,23,24,214,18,19,22,497,498,581,564,565,613,215,182,218,217,221,731,713
344,477,357,348,359,352,354,362,355,109,97,96,98,503,505,666,8,637,499,497,498,581,564,565,10,12,216,182,218,217,221,731,713
344,342,345,347,349,351,353,372,373,390,108,21,636,22,497,498,581,564,565,613,216,182,218,217,605,458,712,713
344,342,345,347,349,351,353,356,107,390,214,18,19,22,497,498,581,564,565,10,12,218,217,221,731,713
344,342,345,347,349,351,353,356,107,97,96,98,503,504,636,22,497,498,581,564,565,10,11,459,219,217,605,458,712,713
344,342,345,347,349,351,353,356,373,390,108,21,636,22,497,498,581,564,565,613,216,182,218,217,605,458,712,713
344,477,357,345,347,349,351,353,356,107,97,96,98,503,504,666,8,637,499,497,498,581,564,565,613,216,182,218,217,605,458,712,713
344,342,345,347,349,351,353,356,107,97,96,98,503,505,666,8,637,499,497,498,5,639,565,613,215,182,218,180,605,458,712,713
344,342,475,346,384,350,26,372,373,390,108,21,636,637,499,5,639,638,11,459,219,642,221,731,713
344,477,357,348,359,349,351,353,356,107,97,96,98,503,505,666,8,637,499,5,581,568,566,215,182,218,217,221,731,713
344,342,345,347,349,350,26,25,23,24,214,18,19,22,497,498,581,564,565,10,12,218,217,221,731,713
344,342,345,346,384,350,27,25,23,24,214,18,19,22,497,498,581,564,565,10,12,218,217,221,731,713
344,477,357,348,359,352,354,362,355,107,97,96,98,503,505,666,8,637,499,497,498,581,564,565,613,215,182,179,180,605,458,712,713
344,342,345,347,384,350,26,372,373,390,108,21,636,637,499,497,498,581,564,565,10,12,218,217,221,731,713
344,477,357,348,359,352,354,353,356,107,97,96,98,503,504,636,637,499,497,498,581,564,565,613,216,182,218,217,605,458,712,713
344,477,357,348,359,352,354,362,356,107,97,96,98,503,504,636,637,499,5,564,565,613,215,182,218,217,221,731,713
344,342,345,347,349,351,353,356,107,97,96,98,503,505,666,8,637,499,497,498,5,581,564,566,215,182,218,217,605,458,712,713
344,342,345,347,349,351,353,356,107,97,96,21,636,637,499,497,498,581,564,565,613,215,182,218,217,221,731,713
344,477,357,348,359,352,354,362,355,107,97,96,98,503,505,666,8,637,499,497,498,581,564,565,613,215,182,218,180,605,458,712,713
344,342,345,347,349,351,353,356,107,390,108,21,636,637,499,497,498,581,564,565,613,215,182,218,217,221,731,713
344,342,345,347,349,350,26,372,373,390,108,21,636,637,499,497,498,581,564,565,10,12,218,217,221,731,713
344,342,345,347,349,351,353,356,107,97,96,98,503,505,666,8,4,499,497,498,581,564,565,613,215,182,218,217,221,731,713
344,342,475,346,384,350,26,372,373,24,214,18,19,22,497,498,581,564,565,10,12,218,217,221,731,713
344,342,345,347,349,351,353,356,107,97,96,98,503,505,666,8,637,499,5,639,638,10,11,459,461,177,468,469,642,221,731,713
344,477,357,348,359,349,351,353,356,107,97,96,98,503,504,636,637,499,5,564,565,613,215,182,218,217,221,731,713
344,477,357,348,359,352,354,362,355,107,97,96,98,503,504,636,637,499,5,581,564,565,613,216,182,218,217,221,731,713
344,476,723,477,357,348,347,349,351,353,356,107,97,96,98,503,505,666,8,637,499,5,639,565,613,216,182,218,217,605,458,712,713
344,477,357,348,359,352,354,362,355,109,97,96,98,503,504,636,637,499,5,639,638,11,459,219,217,221,731,713
344,477,357,348,359,352,354,362,356,107,97,96,98,503,505,666,8,637,499,5,639,638,10,11,459,460,468,469,642,221,731,713
344,342,345,346,384,350,26,372,373,390,108,21,636,22,497,498,581,564,565,613,215,182,218,217,221,731,713
344,342,345,347,349,351,353,372,373,390,108,21,636,637,499,5,639,638,11,459,219,642,221,731,713
344,477,357,348,359,352,351,353,356,107,97,96,98,503,505,666,8,637,499,497,498,581,5,564,565,613,216,182,218,217,221,731,713
344,342,475,346,384,350,26,372,373,390,108,21,636,637,499,5,639,638,11,459,219,217,221,731,713
344,342,345,347,349,351,353,356,373,390,108,21,636,637,499,5,639,638,11,459,219,642,221,731,713
344,342,345,347,349,351,353,356,107,97,108,21,19,22,497,498,581,564,565,10,12,218,217,221,731,713
344,477,357,348,359,349,351,353,356,107,97,96,98,503,505,666,8,637,499,5,639,638,10,11,459,460,468,469,642,221,731,713
344,476,723,477,357,348,359,352,354,353,356,107,97,96,98,503,505,666,8,637,499,5,639,565,613,215,182,218,217,221,731,713
344,477,357,348,359,352,354,362,355,109,97,96,98,503,504,666,8,637,499,5,564,565,613,215,182,218,217,221,731,713
344,477,357,348,359,352,351,353,356,107,97,96,98,503,505,666,8,637,499,5,639,638,10,12,216,182,218,217,221,731,713
344,342,345,347,349,351,26,372,373,390,108,18,19,22,497,498,581,564,566,215,182,218,217,221,731,713
344,342,345,347,349,351,353,372,373,24,214,18,19,22,497,498,581,564,565,10,12,218,217,221,731,713
344,477,357,348,359,352,354,362,356,107,97,96,98,503,505,666,8,637,499,497,498,5,639,638,10,12,218,217,221,731,713
344,342,345,347,349,351,353,356,373,24,214,18,19,22,497,498,581,564,565,10,12,218,217,221,731,713
344,477,357,348,359,352,354,362,356,107,97,96,98,503,504,636,637,499,497,498,581,564,565,613,215,182,218,217,221,731,713
344,342,345,347,349,351,353,356,107,97,96,21,636,22,497,498,581,564,565,613,216,182,218,217,605,458,712,713
344,477,357,345,347,349,351,353,356,107,97,96,98,503,504,636,637,499,5,639,638,10,12,218,217,221,731,713
344,476,723,477,357,345,347,349,351,353,356,107,97,96,98,503,505,666,8,637,499,5,639,565,10,12,218,217,221,731,713
344,342,475,474,29,30,27,25,23,24,214,18,19,22,497,498,581,564,565,10,12,218,217,221,731,713
344,342,345,347,349,351,353,356,107,390,108,21,636,22,497,498,581,564,565,613,216,182,218,217,605,458,712,713
344,477,357,348,359,352,351,353,356,107,97,96,98,503,505,666,8,637,499,497,498,581,568,566,567,612,179,180,605,458,712,713
344,476,723,477,357,345,347,349,351,353,356,107,97,96,98,503,505,666,8,637,499,5,639,638,11,459,460,468,469,642,221,731,713
344,477,357,348,359,352,354,353,356,107,97,96,98,503,505,666,8,637,499,497,498,5,564,565,613,216,182,218,217,605,458,712,713
344,477,357,348,359,352,354,362,355,109,97,96,98,503,504,636,637,499,5,564,565,10,12,218,217,221,731,713
344,477,357,348,359,352,354,362,355,109,97,96,98,503,505,666,8,637,499,5,639,565,10,11,459,219,642,221,731,713
344,477,357,348,359,352,351,353,356,107,97,96,98,503,504,666,8,637,499,5,564,565,613,216,182,218,217,605,458,712,713
344,477,357,348,347,349,351,353,356,107,97,96,98,503,505,666,8,637,499,5,639,565,10,11,459,460,469,642,221,731,713
344,342,345,347,349,351,353,372,373,390,108,21,636,637,499,5,639,638,11,459,219,217,221,731,713
344,476,723,477,357,348,359,352,354,353,356,107,97,96,98,503,505,666,8,637,499,497,498,581,568,566,215,182,218,217,221,731,713
344,342,345,347,349,351,353,356,373,390,108,21,636,637,499,5,639,638,11,459,219,217,221,731,713
344,342,475,346,384,30,27,25,23,24,214,18,19,22,497,498,581,564,565,10,12,218,217,221,731,713
344,477,357,348,359,349,351,353,356,107,97,96,98,503,505,666,8,637,499,497,498,5,639,638,10,12,218,217,221,731,713
344,477,357,348,359,349,351,353,356,107,97,96,98,503,504,636,637,499,497,498,581,564,565,613,215,182,218,217,221,731,713
344,342,345,347,349,351,353,356,107,97,96,98,503,504,666,8,637,499,5,639,565,613,215,182,179,180,605,458,712,713
344,342,475,346,384,350,26,372,373,390,108,21,636,637,499,5,564,565,10,12,218,217,221,731,713
344,342,345,347,384,350,26,372,373,390,108,18,19,22,497,498,581,564,566,215,182,218,217,221,731,713
344,476,723,477,357,348,359,352,354,362,355,107,97,96,98,503,505,666,8,637,499,5,639,638,461,459,460,469,642,221,731,713
344,342,345,347,349,351,353,356,107,97,96,98,503,504,666,8,637,499,5,639,565,613,215,182,218,180,605,458,712,713
344,342,475,346,384,350,27,25,23,24,214,18,19,22,497,498,581,564,565,613,215,182,218,217,221,731,713
344,342,345,347,349,351,353,356,107,97,96,98,503,504,666,8,637,499,5,581,564,566,215,182,218,217,605,458,712,713
344,342,345,347,349,350,26,372,373,390,108,18,19,22,497,498,581,564,566,215,182,218,217,221,731,713
344,342,345,347,349,351,353,356,107,97,96,98,503,505,666,8,637,499,5,581,564,565,613,216,12,218,217,605,458,712,713
344,477,357,345,347,349,351,353,356,107,97,96,98,503,505,666,8,637,499,5,581,568,566,215,182,218,217,221,731,713
344,477,357,348,359,352,354,362,356,107,97,96,98,503,505,666,8,637,499,5,564,565,10,12,216,182,218,217,221,731,713
344,342,345,347,349,351,353,356,107,97,96,98,503,504,666,8,637,499,497,498,581,568,566,215,182,179,180,605,458,712,713
344,477,357,348,359,352,354,362,355,107,97,96,98,503,504,636,637,499,5,564,566,215,182,218,217,221,731,713
344,477,357,348,359,352,354,362,355,109,97,96,98,503,504,666,8,637,499,497,498,581,564,565,613,215,182,218,217,221,731,713
344,342,345,347,349,351,353,356,107,97,96,21,636,637,499,5,639,638,11,459,219,642,221,731,713
344,477,357,348,359,352,351,353,356,107,97,96,98,503,505,666,8,637,499,5,639,638,461,459,460,468,469,642,221,731,713
344,342,345,346,384,350,26,372,373,390,108,21,636,637,499,5,581,564,565,613,216,182,218,217,221,731,713
344,342,345,347,349,351,353,356,107,390,108,21,636,637,499,5,639,638,11,459,219,642,221,731,713
344,477,357,348,359,352,354,362,355,109,97,96,98,503,505,666,8,637,499,497,498,5,639,638,11,459,219,642,221,731,713
344,477,357,348,347,349,351,353,356,107,97,96,98,503,505,666,8,637,499,497,498,5,639,638,11,459,460,469,642,221,731,713
344,477,357,348,359,352,354,362,355,109,97,96,98,503,505,666,8,637,499,5,639,565,10,11,459,219,217,221,731,713
344,477,357,348,359,352,354,362,356,107,97,96,98,503,504,636,22,497,498,581,564,565,613,216,182,218,217,605,458,712,713
344,342,475,346,384,350,26,372,373,390,108,21,19,22,497,498,581,564,566,215,182,218,217,221,731,713
344,342,345,347,349,351,353,356,107,97,96,98,503,504,636,637,499,5,639,565,10,12,218,180,605,458,712,713
344,342,345,347,349,351,353,356,107,97,96,98,503,504,666,8,637,499,497,498,581,5,639,638,11,459,460,469,642,221,731,713
344,476,723,477,357,348,359,352,354,362,355,109,97,96,98,503,504,636,637,499,5,564,565,613,216,182,218,217,221,731,713
344,342,345,347,349,351,353,356,107,97,96,98,503,504,666,8,637,499,497,498,581,568,566,215,182,218,180,605,458,712,713
344,342,345,347,349,351,353,356,107,97,96,98,503,505,666,8,4,499,5,639,638,11,459,219,642,221,731,713
344,342,345,347,349,351,353,372,373,390,108,21,636,637,499,5,564,565,10,12,218,217,221,731,713
344,477,357,348,359,349,351,353,356,107,97,96,98,503,505,666,8,637,499,5,564,565,10,12,216,182,218,217,221,731,713
344,342,345,347,349,351,353,356,373,390,108,21,636,637,499,5,564,565,10,12,218,217,221,731,713
344,342,475,346,384,350,26,25,23,24,214,18,19,22,497,498,581,564,565,10,12,218,217,221,731,713
344,477,357,348,359,352,354,353,356,107,97,96,98,503,505,666,8,637,499,497,498,581,5,564,565,613,216,182,218,217,221,731,713
344,342,345,346,384,350,26,372,373,24,214,18,19,22,497,498,581,564,566,215,182,218,217,221,731,713
344,477,357,348,359,352,354,362,355,109,97,96,98,503,504,636,637,499,497,498,581,564,565,10,12,218,217,221,731,713
344,477,357,348,359,352,354,362,356,107,97,96,98,503,505,666,8,637,499,497,498,5,564,565,613,215,182,218,217,221,731,713
344,477,357,348,359,352,351,353,356,107,97,96,98,503,504,666,8,637,499,497,498,581,564,565,613,216,182,218,217,605,458,712,713
344,477,357,345,347,349,351,353,356,107,97,96,98,503,504,636,637,499,5,564,565,613,215,182,218,217,221,731,713
344,477,357,348,359,349,351,353,356,107,97,96,98,503,504,636,22,497,498,581,564,565,613,216,182,218,217,605,458,712,713
344,342,475,346,384,350,26,372,373,390,108,21,636,637,499,497,498,581,564,565,10,12,218,217,221,731,713
344,342,345,347,349,351,353,356,107,97,108,21,636,637,499,5,639,638,10,12,218,217,221,731,713
344,342,345,347,349,351,353,356,107,97,96,98,503,505,666,8,637,499,5,498,581,568,566,215,182,218,217,221,731,713
344,342,345,347,349,351,353,356,107,97,96,21,636,637,499,5,639,638,11,459,219,217,221,731,713
344,477,357,348,359,349,351,353,356,107,97,96,98,503,505,666,8,637,499,497,498,5,564,565,613,215,182,218,217,221,731,713
344,477,357,348,359,352,354,362,355,107,97,96,98,503,505,666,8,637,499,497,498,5,581,564,565,613,216,182,218,217,221,731,713
344,342,345,347,349,351,353,356,107,390,108,21,636,637,499,5,639,638,11,459,219,217,221,731,713
344,477,357,348,359,352,354,353,356,107,97,96,98,503,505,666,8,637,499,5,639,638,10,12,216,182,218,217,221,731,713
344,477,357,348,359,352,354,362,355,109,97,96,98,503,505,666,8,637,499,497,498,5,639,638,11,459,219,217,221,731,713
344,342,345,347,349,351,26,372,373,390,214,18,19,22,497,498,581,564,566,215,182,218,217,221,731,713
344,342,345,347,349,351,353,372,373,390,108,21,19,22,497,498,581,564,566,215,182,218,217,221,731,713
344,477,357,348,347,349,351,353,356,107,97,96,98,503,505,666,8,637,499,5,581,564,566,215,182,218,217,221,731,713
344,477,357,345,347,349,351,353,356,107,97,96,98,503,505,666,8,637,499,5,639,638,10,11,459,460,468,469,642,221,731,713
344,342,345,347,349,351,353,356,373,390,108,21,19,22,497,498,581,564,566,215,182,218,217,221,731,713
344,477,357,348,359,352,354,362,356,107,97,96,98,503,504,666,8,637,499,5,639,638,10,12,218,217,221,731,713
344,342,345,347,349,351,353,356,107,97,96,98,503,504,636,22,497,499,5,639,565,613,216,182,218,217,221,731,713
344,342,345,347,349,351,353,356,107,97,108,18,19,22,497,498,581,564,565,10,12,218,217,221,731,713
344,342,345,347,349,351,353,356,107,97,96,98,503,505,666,8,4,499,5,639,638,11,459,219,217,221,731,713
344,477,357,348,359,352,354,353,356,107,97,96,98,503,505,666,8,637,499,497,498,581,568,566,567,612,179,180,605,458,712,713
344,477,357,348,359,352,354,362,356,107,97,96,98,503,504,636,637,499,5,639,638,11,459,219,642,221,731,713
344,477,357,348,359,352,354,362,356,107,97,96,98,503,505,666,8,637,499,497,498,581,564,565,10,12,216,182,218,217,221,731,713
344,477,357,348,359,352,354,362,355,109,97,96,98,503,505,666,8,637,499,5,564,565,10,11,459,460,468,469,642,221,731,713
344,477,357,348,359,352,354,362,355,107,97,96,98,503,504,636,637,499,497,498,581,564,566,215,182,218,217,221,731,713
344,477,357,348,359,352,354,353,356,107,97,96,98,503,504,666,8,637,499,5,564,565,613,216,182,218,217,605,458,712,713
344,342,345,347,349,351,353,356,107,97,96,98,503,504,636,22,497,498,5,639,565,10,12,218,217,221,731,713
344,476,723,477,357,348,359,352,354,362,355,109,97,96,98,503,504,636,637,499,497,498,581,564,565,613,216,182,218,217,221,731,713
344,477,357,348,359,349,351,353,356,107,97,96,98,503,504,666,8,637,499,5,639,638,10,12,218,217,221,731,713
344,342,345,347,349,351,353,356,107,97,96,98,503,504,636,22,497,498,5,639,638,11,459,460,468,469,642,221,731,713
344,477,357,348,359,349,351,353,356,107,97,96,98,503,504,636,637,499,5,639,638,11,459,219,642,221,731,713
344,476,723,477,357,348,359,352,354,362,355,107,97,96,98,503,505,666,8,637,499,5,639,638,10,12,218,217,605,458,712,713
344,342,345,347,349,351,353,372,373,390,108,21,636,637,499,497,498,581,564,565,10,12,218,217,221,731,713
344,342,345,347,384,350,26,372,373,390,214,18,19,22,497,498,581,564,566,215,182,218,217,221,731,713
344,477,357,348,359,349,351,353,356,107,97,96,98,503,505,666,8,637,499,497,498,581,564,565,10,12,216,182,218,217,221,731,713
344,342,345,347,349,351,353,356,373,390,108,21,636,637,499,497,498,581,564,565,10,12,218,217,221,731,713
344,342,345,346,384,30,27,25,23,24,214,18,19,22,497,498,581,564,566,215,182,218,217,221,731,713
344,477,357,348,359,352,354,362,355,107,97,96,98,503,504,636,22,497,498,581,564,565,10,12,218,217,221,731,713
344,477,357,345,347,349,351,353,356,107,97,96,98,503,505,666,8,637,499,497,498,5,639,638,10,12,218,217,221,731,713
344,477,357,345,347,349,351,353,356,107,97,96,98,503,504,636,637,499,497,498,581,564,565,613,215,182,218,217,221,731,713
344,342,345,346,384,350,26,372,373,390,108,21,636,637,499,5,564,566,215,182,218,217,221,731,713
344,342,345,347,349,350,26,372,373,390,214,18,19,22,497,498,581,564,566,215,182,218,217,221,731,713
344,342,345,347,384,350,27,25,23,24,214,18,19,22,497,498,581,564,565,10,12,218,217,221,731,713
344,342,345,347,349,351,26,372,373,390,108,21,636,22,497,498,581,564,565,613,215,182,218,217,221,731,713
344,342,345,347,349,351,353,356,107,97,96,21,636,637,499,5,564,565,10,12,218,217,221,731,713
344,477,357,348,359,352,354,362,355,107,97,96,98,503,505,666,8,637,499,5,564,565,10,12,218,180,605,458,712,713
344,342,345,347,349,351,353,356,107,390,108,21,636,637,499,5,564,565,10,12,218,217,221,731,713
344,477,357,348,359,352,354,362,355,109,97,96,98,503,505,666,8,637,499,497,498,5,564,565,10,12,218,217,221,731,713
344,477,357,348,359,352,351,353,356,107,97,96,98,503,504,636,637,499,5,639,638,10,12,218,217,221,731,713
344,477,357,348,359,352,354,362,356,107,97,96,98,503,504,636,637,499,5,639,638,11,459,219,217,221,731,713
344,476,723,477,357,348,359,352,351,353,356,107,97,96,98,503,505,666,8,637,499,5,639,565,10,12,218,217,221,731,713
344,477,357,348,359,352,354,353,356,107,97,96,98,503,505,666,8,637,499,5,639,638,461,459,460,468,469,642,221,731,713
344,476,723,477,357,348,359,352,351,353,356,107,97,96,98,503,505,666,8,637,499,5,639,638,11,459,460,468,469,642,221,731,713
344,342,345,347,349,351,353,356,107,97,96,98,503,505,666,8,4,499,5,564,565,10,12,218,217,221,731,713
344,342,345,347,349,351,353,356,107,97,96,98,503,504,636,22,497,498,581,568,566,215,612,179,180,605,458,712,713
344,477,357,348,359,352,354,362,355,109,97,96,98,503,505,666,8,637,499,5,564,565,613,215,612,179,180,605,458,712,713
344,477,357,348,359,352,354,362,355,109,97,96,98,503,504,666,8,637,499,5,639,638,11,459,219,642,221,731,713
344,477,357,348,347,349,351,353,356,107,97,96,98,503,504,666,8,637,499,5,639,638,11,459,460,469,642,221,731,713
344,342,345,347,349,350,27,25,23,24,214,18,19,22,497,498,581,564,565,10,12,218,217,221,731,713
344,342,345,347,349,351,353,356,107,97,108,21,636,637,499,5,564,565,613,215,182,218,217,221,731,713
344,477,357,348,359,349,351,353,356,107,97,96,98,503,504,636,637,499,5,639,638,11,459,219,217,221,731,713
344,477,357,348,359,352,354,362,355,109,97,96,98,503,505,666,8,637,499,497,498,581,564,565,10,11,459,460,468,469,642,221,731,713
344,477,357,348,359,352,354,353,356,107,97,96,98,503,504,666,8,637,499,497,498,581,564,565,613,216,182,218,217,605,458,712,713
344,342,345,347,349,351,353,356,107,97,96,21,19,22,497,498,581,564,566,215,182,218,217,221,731,713
344,477,357,348,359,352,354,362,356,107,97,96,98,503,504,666,8,637,499,5,564,565,613,215,182,218,217,221,731,713
344,342,345,347,384,350,26,372,373,390,108,21,636,22,497,498,581,564,565,613,215,182,218,217,221,731,713
344,342,345,347,349,351,353,356,107,390,108,21,19,22,497,498,581,564,566,215,182,218,217,221,731,713
344,342,475,346,384,350,26,372,373,390,108,18,19,22,497,498,581,564,566,215,182,218,217,221,731,713
344,476,723,477,357,348,359,352,354,362,355,107,97,96,98,503,505,666,8,637,499,5,564,565,613,216,182,179,180,605,458,712,713
344,476,723,477,357,348,359,352,354,362,355,107,97,96,98,503,504,636,22,497,498,581,564,565,613,216,182,218,217,221,731,713
344,342,475,346,29,30,27,25,23,24,214,18,19,22,497,498,581,564,565,10,12,218,217,221,731,713
344,477,357,345,347,349,351,353,356,107,97,96,98,503,505,666,8,637,499,5,564,565,10,12,216,182,218,217,221,731,713
344,477,357,348,359,352,354,362,355,107,97,96,98,503,505,666,8,637,499,497,498,5,564,566,215,182,218,217,221,731,713
344,342,345,346,384,350,26,25,23,24,214,18,19,22,497,498,581,564,566,215,182,218,217,221,731,713
344,342,345,347,349,350,26,372,373,390,108,21,636,22,497,498,581,564,565,613,215,182,218,217,221,731,713
344,477,357,348,359,352,354,362,355,109,97,96,98,503,505,666,8,637,499,497,582,568,566,215,182,218,217,605,458,712,713
344,477,357,345,347,349,351,353,356,107,97,96,98,503,504,636,22,497,498,581,564,565,613,216,182,218,217,605,458,712,713
344,342,345,347,349,351,353,356,107,97,96,98,503,505,666,8,637,499,497,498,5,639,565,10,12,218,180,605,458,712,713
344,476,723,477,357,348,359,352,354,362,355,107,97,96,98,503,505,666,8,637,499,5,564,565,613,216,182,218,180,605,458,712,713
344,476,723,477,357,348,359,352,354,362,355,109,97,96,98,503,505,666,8,637,499,497,498,5,564,565,613,216,182,218,217,221,731,713
344,477,357,348,359,352,351,353,356,107,97,96,98,503,505,666,8,637,499,5,581,568,566,215,182,218,217,221,731,713
344,477,357,348,359,349,351,353,356,107,97,96,98,503,504,666,8,637,499,5,564,565,613,215,182,218,217,221,731,713
344,477,357,348,359,352,354,362,355,107,97,96,98,503,504,666,8,637,499,5,581,564,565,613,216,182,218,217,221,731,713
344,342,345,347,349,351,353,356,107,97,96,98,503,504,636,637,499,497,498,581,5,564,565,613,216,182,218,217,605,458,712,713
344,477,357,348,359,352,354,362,355,109,97,96,98,503,504,666,8,637,499,5,639,638,11,459,219,217,221,731,713
344,477,357,348,359,352,354,362,356,107,97,96,98,503,504,636,637,499,5,564,565,10,12,218,217,221,731,713
344,477,357,348,359,352,354,362,356,107,97,96,98,503,505,666,8,637,499,5,639,565,10,11,459,219,642,221,731,713
344,476,723,477,357,348,359,352,354,362,355,107,97,96,98,503,505,666,8,637,499,5,564,565,613,215,182,218,217,605,458,712,713
344,342,345,346,384,350,26,372,373,390,108,21,636,637,499,497,498,581,564,566,215,182,218,217,221,731,713
344,342,345,347,349,351,353,356,107,97,96,98,503,504,636,637,499,5,639,565,613,216,12,218,217,221,731,713
344,342,345,347,349,351,353,356,107,97,96,21,636,637,499,497,498,581,564,565,10,12,218,217,221,731,713
344,477,357,348,359,352,354,362,355,107,97,96,98,503,505,666,8,637,499,497,498,581,564,565,10,12,218,180,605,458,712,713
344,342,345,347,349,351,353,356,107,390,108,21,636,637,499,497,498,581,564,565,10,12,218,217,221,731,713
344,477,357,345,347,349,351,353,356,107,97,96,98,503,505,666,8,637,499,497,498,5,564,565,613,215,182,218,217,221,731,713
344,342,345,347,349,351,353,356,107,97,96,98,503,505,666,8,4,499,497,498,581,564,565,10,12,218,217,221,731,713
344,477,357,348,359,352,354,362,355,109,97,96,98,503,505,666,8,637,499,497,498,581,564,565,613,215,612,179,180,605,458,712,713
344,477,357,348,359,349,351,353,356,107,97,96,98,503,504,636,637,499,5,564,565,10,12,218,217,221,731,713
344,477,357,348,359,349,351,353,356,107,97,96,98,503,505,666,8,637,499,5,639,565,10,11,459,219,642,221,731,713
344,342,345,347,349,351,353,356,107,97,96,98,503,504,636,637,499,5,639,638,10,12,216,182,218,217,605,458,712,713
344,342,345,347,349,351,353,372,373,390,108,18,19,22,497,498,581,564,566,215,182,218,217,221,731,713
344,477,357,348,359,352,351,353,356,107,97,96,98,503,504,636,637,499,5,564,565,613,215,182,218,217,221,731,713
344,342,345,347,349,351,353,356,373,390,108,18,19,22,497,498,581,564,566,215,182,218,217,221,731,713
344,476,723,477,357,348,359,352,354,362,355,107,97,96,98,503,505,666,8,637,499,5,639,638,10,11,459,460,469,642,221,731,713
344,342,345,347,349,351,353,356,107,97,108,21,636,637,499,497,498,581,564,565,613,215,182,218,217,221,731,713
344,342,345,346,384,350,26,372,373,390,108,21,636,22,497,498,581,564,565,10,12,218,217,221,731,713
344,342,345,347,349,351,26,372,373,390,108,21,636,637,499,5,581,564,565,613,216,182,218,217,221,731,713
344,477,357,348,359,352,354,362,356,107,97,96,98,503,504,666,8,637,499,497,498,581,564,565,613,215,182,218,217,221,731,713
344,477,357,345,347,349,351,353,356,107,97,96,98,503,504,666,8,637,499,5,639,638,10,12,218,217,221,731,713
344,477,357,348,359,352,354,362,356,107,97,96,98,503,505,666,8,637,499,497,498,5,639,638,11,459,219,642,221,731,713
344,477,357,348,359,352,354,362,356,107,97,96,98,503,505,666,8,637,499,5,639,565,10,11,459,219,217,221,731,713
344,477,357,345,347,349,351,353,356,107,97,96,98,503,504,636,637,499,5,639,638,11,459,219,642,221,731,713
344,476,723,477,357,348,359,352,354,362,355,107,97,96,98,503,505,666,8,637,499,497,498,581,564,565,613,216,182,179,180,605,458,712,713
344,477,357,345,347,349,351,353,356,107,97,96,98,503,505,666,8,637,499,497,498,581,564,565,10,12,216,182,218,217,221,731,713
344,477,357,348,359,352,351,353,356,107,97,96,98,503,505,666,8,637,499,5,639,638,10,11,459,460,468,469,642,221,731,713
344,476,723,477,357,348,359,352,354,362,356,107,97,96,98,503,504,636,637,499,5,564,565,613,216,182,218,217,221,731,713
344,477,357,348,359,352,354,353,356,107,97,96,98,503,504,636,637,499,5,639,638,10,12,218,217,221,731,713
344,476,723,477,357,348,359,352,354,353,356,107,97,96,98,503,505,666,8,637,499,5,639,565,10,12,218,217,221,731,713
344,477,357,348,359,352,354,362,355,109,97,96,98,503,504,666,8,637,499,5,564,565,10,12,218,217,221,731,713
344,342,345,347,349,351,26,372,373,24,214,18,19,22,497,498,581,564,566,215,182,218,217,221,731,713
344,477,357,348,359,352,354,362,355,109,97,96,98,503,505,666,8,637,499,5,639,638,10,12,218,180,605,458,712,713
344,477,357,348,359,352,354,362,355,107,97,96,98,503,504,636,637,499,5,639,565,613,216,182,218,217,605,458,712,713
344,476,723,477,357,348,359,352,354,353,356,107,97,96,98,503,505,666,8,637,499,5,639,638,11,459,460,468,469,642,221,731,713
344,476,723,477,357,348,359,352,354,362,355,107,97,96,98,503,505,666,8,637,499,497,498,581,564,565,613,216,182,218,180,605,458,712,713
344,477,357,348,359,349,351,353,356,107,97,96,98,503,504,666,8,637,499,497,498,581,564,565,613,215,182,218,217,221,731,713
344,477,357,348,359,352,354,362,356,107,97,96,98,503,504,636,637,499,497,498,581,564,565,10,12,218,217,221,731,713
344,477,357,348,359,349,351,353,356,107,97,96,98,503,505,666,8,637,499,497,498,5,639,638,11,459,219,642,221,731,713
344,477,357,348,359,349,351,353,356,107,97,96,98,503,505,666,8,637,499,5,639,565,10,11,459,219,217,221,731,713
344,476,723,477,357,348,359,352,354,362,355,107,97,96,98,503,505,666,8,637,499,497,498,581,564,565,613,215,182,218,217,605,458,712,713
344,342,345,347,384,350,26,372,373,390,108,21,636,637,499,5,581,564,565,613,216,182,218,217,221,731,713
344,476,723,477,357,348,359,349,351,353,356,107,97,96,98,503,504,636,637,499,5,564,565,613,216,182,218,217,221,731,713
344,342,345,347,349,351,353,356,107,97,96,98,503,504,636,637,499,5,639,588,638,11,459,460,469,642,221,731,713
344,342,345,347,349,350,26,372,373,390,108,21,636,637,499,5,581,564,565,613,216,182,218,217,221,731,713
344,342,475,346,384,350,26,372,373,390,214,18,19,22,497,498,581,564,566,215,182,218,217,221,731,713
344,477,357,348,359,349,351,353,356,107,97,96,98,503,504,636,637,499,497,498,581,564,565,10,12,218,217,221,731,713
