741,94,84,93,298,388,295,324,700,660,387,701,479,492,68,370
741,94,84,93,298,388,295,324,700,660,387,701,46,480,492,68,370
741,83,84,93,298,388,295,324,700,660,387,701,479,492,68,370
741,83,84,93,298,388,295,324,700,660,387,701,46,480,492,68,370
741,94,84,93,298,297,103,102,49,47,479,492,68,370
741,83,81,79,77,75,74,52,54,71,595,100,99,386,370
741,83,84,93,298,297,103,102,49,47,479,492,68,370
741,94,84,93,298,297,103,102,49,47,67,386,370
741,83,81,79,77,78,89,101,88,49,47,479,492,68,370
741,94,84,93,298,388,295,324,700,660,387,701,46,479,492,68,370
741,94,84,93,298,297,103,102,49,47,67,68,370
741,83,81,79,77,78,89,101,88,48,47,479,492,68,370
741,94,84,91,80,78,89,101,88,49,47,479,492,68,370
741,83,81,79,77,75,89,101,88,49,47,479,492,68,370
741,83,84,93,298,297,103,102,49,47,67,386,370
741,94,84,91,80,78,89,101,88,48,47,479,492,68,370
741,83,84,93,298,388,295,324,700,660,387,701,46,479,492,68,370
741,83,81,79,77,75,89,101,88,48,47,479,492,68,370
741,83,84,93,298,297,103,102,49,47,67,68,370
741,83,84,91,80,78,89,101,88,49,47,479,492,68,370
741,94,84,93,561,389,298,388,295,324,700,660,387,701,479,492,68,370
741,83,81,79,80,78,89,101,88,49,47,479,492,68,370
741,83,81,91,80,78,89,101,88,49,47,479,492,68,370
741,83,84,91,80,78,89,101,88,48,47,479,492,68,370
741,83,81,79,77,78,89,101,88,48,50,69,99,386,370
741,94,84,93,298,388,295,324,700,660,387,701,479,46,480,492,68,370
741,94,84,93,561,389,298,388,295,324,700,660,387,701,46,480,492,68,370
741,94,84,93,298,297,103,102,123,700,660,387,701,479,492,68,370
741,94,84,93,298,297,295,324,700,660,387,701,479,492,68,370
741,83,81,79,80,78,89,101,88,48,47,479,492,68,370
741,83,81,91,80,78,89,101,88,48,47,479,492,68,370
741,94,84,91,80,78,89,101,88,48,50,69,99,386,370
741,94,84,93,298,297,103,102,123,700,660,387,701,46,480,492,68,370
741,83,81,79,77,75,89,101,88,48,50,69,99,386,370
741,94,84,93,298,297,295,324,700,660,387,701,46,480,492,68,370
741,83,84,93,561,389,298,388,295,324,700,660,387,701,479,492,68,370
741,94,84,93,104,92,103,102,49,47,479,492,68,370
741,94,84,93,298,297,103,324,700,660,387,701,479,492,68,370
741,83,81,79,77,78,89,101,88,49,47,67,386,370
741,83,81,79,77,78,89,101,88,48,50,67,386,370
741,83,84,93,298,388,295,324,700,660,387,701,479,46,480,492,68,370
741,83,84,93,561,389,298,388,295,324,700,660,387,701,46,480,492,68,370
741,94,84,93,298,297,103,102,49,387,701,479,492,68,370
741,83,84,93,298,297,103,102,123,700,660,387,701,479,492,68,370
741,83,84,93,298,297,295,324,700,660,387,701,479,492,68,370
741,94,84,93,298,297,103,324,700,660,387,701,46,480,492,68,370
741,83,81,79,77,78,89,101,88,49,47,67,68,370
741,83,81,79,77,78,89,101,88,48,50,67,68,370
741,83,81,79,77,78,89,101,88,48,47,67,386,370
741,94,84,91,104,92,103,102,49,47,479,492,68,370
741,83,84,91,80,78,89,101,88,48,50,69,99,386,370
741,94,84,91,80,78,89,101,88,49,47,67,386,370
741,94,84,91,80,78,89,101,88,48,50,67,386,370
741,94,84,93,104,297,103,102,49,47,479,492,68,370
741,94,84,93,298,297,103,102,49,387,701,46,480,492,68,370
741,83,84,93,298,297,103,102,123,700,660,387,701,46,480,492,68,370
741,83,81,79,77,75,89,101,88,49,47,67,386,370
741,83,81,79,77,75,89,101,88,48,50,67,386,370
741,83,84,93,298,297,295,324,700,660,387,701,46,480,492,68,370
741,83,84,93,104,92,103,102,49,47,479,492,68,370
741,94,84,91,80,92,103,102,49,47,479,492,68,370
741,83,81,79,77,78,89,101,88,48,47,67,68,370
741,83,84,93,298,297,103,324,700,660,387,701,479,492,68,370
741,83,81,79,80,78,89,101,88,48,50,69,99,386,370
741,94,84,91,80,78,89,101,88,49,47,67,68,370
741,83,81,91,80,78,89,101,88,48,50,69,99,386,370
741,94,84,91,80,78,89,101,88,48,50,67,68,370
741,94,84,91,80,78,89,101,88,48,47,67,386,370
741,83,81,79,77,75,89,101,88,49,47,67,68,370
741,83,81,79,77,75,89,101,88,48,50,67,68,370
741,83,81,79,77,75,89,101,88,48,47,67,386,370
741,83,84,93,298,297,103,102,49,387,701,479,492,68,370
741,94,84,91,104,297,103,102,49,47,479,492,68,370
741,83,84,93,298,297,103,324,700,660,387,701,46,480,492,68,370
741,83,81,79,77,78,90,102,49,47,479,492,68,370
741,94,84,91,80,78,89,101,88,48,47,67,68,370
741,83,84,91,104,92,103,102,49,47,479,492,68,370
741,83,81,79,77,78,89,53,51,48,47,479,492,68,370
741,83,84,91,80,78,89,101,88,49,47,67,386,370
741,83,81,79,77,75,89,101,88,48,47,67,68,370
741,83,84,91,80,78,89,101,88,48,50,67,386,370
741,83,81,79,77,78,90,101,88,49,47,479,492,68,370
741,83,84,93,104,297,103,102,49,47,479,492,68,370
741,83,84,93,298,297,103,102,49,387,701,46,480,492,68,370
741,83,81,79,77,78,89,53,88,49,47,479,492,68,370
741,83,84,91,80,92,103,102,49,47,479,492,68,370
741,94,84,91,80,78,90,102,49,47,479,492,68,370
741,83,81,91,104,92,103,102,49,47,479,492,68,370
741,83,81,79,80,78,89,101,88,49,47,67,386,370
741,83,84,91,80,78,89,101,88,49,47,67,68,370
741,83,81,79,80,78,89,101,88,48,50,67,386,370
741,83,84,91,80,78,89,101,88,48,50,67,68,370
741,83,81,91,80,78,89,101,88,49,47,67,386,370
741,83,84,91,80,78,89,101,88,48,47,67,386,370
741,83,81,91,80,78,89,101,88,48,50,67,386,370
741,83,81,79,77,75,74,52,54,71,73,625,595,100,99,386,370
741,94,84,91,80,78,89,53,51,48,47,479,492,68,370
741,83,81,79,77,78,90,101,88,48,47,479,492,68,370
741,94,84,93,561,389,298,297,103,102,49,47,479,492,68,370
741,94,84,91,80,78,90,101,88,49,47,479,492,68,370
741,83,81,79,77,78,89,53,88,48,47,479,492,68,370
741,83,81,79,77,75,89,53,51,48,47,479,492,68,370
741,83,81,79,80,92,103,102,49,47,479,492,68,370
741,94,84,91,80,78,89,53,88,49,47,479,492,68,370
741,83,84,91,104,297,103,102,49,47,479,492,68,370
741,83,81,91,80,92,103,102,49,47,479,492,68,370
741,83,81,79,80,78,89,101,88,49,47,67,68,370
741,83,81,79,80,78,89,101,88,48,50,67,68,370
741,83,81,79,80,78,89,101,88,48,47,67,386,370
741,83,81,79,77,75,89,53,88,49,47,479,492,68,370
741,83,81,91,80,78,89,101,88,49,47,67,68,370
741,83,84,91,80,78,89,101,88,48,47,67,68,370
741,83,81,91,80,78,89,101,88,48,50,67,68,370
741,94,84,93,298,297,103,102,49,47,479,46,480,492,68,370
741,83,81,91,80,78,89,101,88,48,47,67,386,370
741,94,84,91,80,78,90,101,88,48,47,479,492,68,370
741,83,81,91,104,297,103,102,49,47,479,492,68,370
741,94,84,91,80,78,89,53,88,48,47,479,492,68,370
741,83,81,79,77,75,74,53,51,48,47,479,492,68,370
741,83,81,79,77,75,74,52,51,48,47,479,492,68,370
741,83,81,79,80,78,89,101,88,48,47,67,68,370
741,83,81,79,77,75,89,53,88,48,47,479,492,68,370
741,83,81,91,80,78,89,101,88,48,47,67,68,370
741,83,84,91,80,78,90,102,49,47,479,492,68,370
741,94,84,93,104,92,103,102,49,47,67,386,370
741,83,81,79,77,75,74,53,88,49,47,479,492,68,370
741,94,84,93,104,92,90,102,49,47,479,492,68,370
741,83,84,91,80,78,89,53,51,48,47,479,492,68,370
741,83,84,93,561,389,298,297,103,102,49,47,479,492,68,370
741,83,81,79,77,78,89,53,51,48,50,69,99,386,370
741,83,84,91,80,78,90,101,88,49,47,479,492,68,370
741,83,84,91,80,78,89,53,88,49,47,479,492,68,370
741,94,84,93,104,92,90,101,88,49,47,479,492,68,370
741,83,81,79,80,78,90,102,49,47,479,492,68,370
741,94,84,93,104,92,103,102,49,47,67,68,370
741,83,81,91,80,78,90,102,49,47,479,492,68,370
741,83,81,79,77,75,74,53,88,48,47,479,492,68,370
741,83,84,93,298,297,103,102,49,47,479,46,480,492,68,370
741,83,81,79,80,78,89,53,51,48,47,479,492,68,370
741,83,81,91,80,78,89,53,51,48,47,479,492,68,370
741,83,81,79,77,78,89,101,88,49,387,701,479,492,68,370
741,83,81,79,80,78,90,101,88,49,47,479,492,68,370
741,94,84,91,104,92,103,102,49,47,67,386,370
741,83,81,91,80,78,90,101,88,49,47,479,492,68,370
741,83,84,91,80,78,90,101,88,48,47,479,492,68,370
741,83,81,79,80,78,89,53,88,49,47,479,492,68,370
741,94,84,91,104,92,90,102,49,47,479,492,68,370
741,94,84,91,80,78,89,53,51,48,50,69,99,386,370
741,83,81,79,77,78,90,101,88,48,50,69,99,386,370
741,94,84,93,104,297,103,102,49,47,67,386,370
741,83,81,91,80,78,89,53,88,49,47,479,492,68,370
741,83,84,91,80,78,89,53,88,48,47,479,492,68,370
741,94,84,93,104,92,90,101,88,48,47,479,492,68,370
741,83,81,79,77,78,89,53,88,48,50,69,99,386,370
741,83,81,79,77,75,89,53,51,48,50,69,99,386,370
741,83,84,93,104,92,103,102,49,47,67,386,370
741,94,84,91,104,92,90,101,88,49,47,479,492,68,370
741,94,84,91,80,92,103,102,49,47,67,386,370
741,83,81,79,77,78,89,101,88,49,387,701,46,480,492,68,370
741,83,81,79,77,78,89,53,51,70,50,69,99,386,370
741,94,84,91,104,92,103,102,49,47,67,68,370
741,83,81,79,80,78,90,101,88,48,47,479,492,68,370
741,83,84,93,104,92,90,102,49,47,479,492,68,370
741,94,84,91,80,92,90,102,49,47,479,492,68,370
741,83,81,91,80,78,90,101,88,48,47,479,492,68,370
741,94,84,91,80,78,89,101,88,49,387,701,479,492,68,370
741,83,81,79,80,78,89,53,88,48,47,479,492,68,370
741,94,84,93,104,297,103,102,49,47,67,68,370
741,83,81,91,80,78,89,53,88,48,47,479,492,68,370
741,83,81,79,77,78,89,53,51,48,50,67,386,370
741,83,81,79,77,78,89,53,51,70,621,69,99,386,370
741,83,81,79,77,75,89,101,88,49,387,701,479,492,68,370
741,94,84,91,80,78,90,101,88,48,50,69,99,386,370
741,83,84,93,104,92,90,101,88,49,47,479,492,68,370
741,94,84,91,80,92,90,101,88,49,47,479,492,68,370
741,83,84,93,104,92,103,102,49,47,67,68,370
741,94,84,91,80,78,89,53,88,48,50,69,99,386,370
741,94,84,91,80,92,103,102,49,47,67,68,370
741,83,81,79,77,75,74,53,51,48,50,69,99,386,370
741,94,84,91,104,297,103,102,49,47,67,386,370
741,94,84,91,104,92,90,101,88,48,47,479,492,68,370
741,83,81,79,77,75,74,52,51,48,50,69,99,386,370
741,83,81,79,77,78,90,102,49,47,67,386,370
741,83,81,79,77,75,89,53,88,48,50,69,99,386,370
741,94,84,91,80,78,89,101,88,49,387,701,46,480,492,68,370
741,94,84,91,80,78,89,53,51,70,50,69,99,386,370
741,83,84,91,104,92,103,102,49,47,67,386,370
741,83,81,79,77,78,89,53,51,48,50,67,68,370
741,83,81,79,77,78,89,53,51,48,47,67,386,370
741,83,81,79,77,75,89,101,88,49,387,701,46,480,492,68,370
741,83,81,79,77,75,89,53,51,70,50,69,99,386,370
741,83,84,91,104,92,90,102,49,47,479,492,68,370
741,83,84,91,80,78,89,53,51,48,50,69,99,386,370
741,83,81,79,77,78,90,101,88,49,47,67,386,370
741,83,84,93,104,297,103,102,49,47,67,386,370
741,94,84,91,80,78,89,53,51,48,50,67,386,370
741,83,81,79,77,78,90,101,88,48,50,67,386,370
741,94,84,91,80,78,89,53,51,70,621,69,99,386,370
741,83,84,93,104,92,90,101,88,48,47,479,492,68,370
741,94,84,91,80,92,90,101,88,48,47,479,492,68,370
741,94,84,91,104,297,103,102,49,47,67,68,370
741,83,81,79,77,78,89,53,88,49,47,67,386,370
741,83,81,79,77,78,89,53,88,48,50,67,386,370
741,83,81,79,77,75,89,53,51,48,50,67,386,370
741,83,81,79,77,75,89,53,51,70,621,69,99,386,370
741,83,81,79,77,78,90,102,49,47,67,68,370
741,83,84,91,104,92,90,101,88,49,47,479,492,68,370
741,83,84,91,80,92,103,102,49,47,67,386,370
741,83,84,91,104,92,103,102,49,47,67,68,370
741,94,84,91,80,78,90,102,49,47,67,386,370
741,83,81,79,77,78,89,53,51,70,50,67,386,370
741,83,81,79,77,75,74,53,88,48,50,69,99,386,370
741,83,81,91,104,92,103,102,49,47,67,386,370
741,83,81,79,77,78,89,53,51,48,47,67,68,370
741,83,84,91,80,92,90,102,49,47,479,492,68,370
741,83,84,91,80,78,89,101,88,49,387,701,479,492,68,370
741,83,81,79,80,78,89,53,51,48,50,69,99,386,370
741,83,81,79,77,78,90,101,88,49,47,67,68,370
741,83,84,93,104,297,103,102,49,47,67,68,370
741,83,81,91,104,92,90,102,49,47,479,492,68,370
741,83,81,91,80,78,89,53,51,48,50,69,99,386,370
741,94,84,91,80,78,89,53,51,48,50,67,68,370
741,83,81,79,77,78,90,101,88,48,50,67,68,370
741,94,84,91,80,78,89,53,51,48,47,67,386,370
741,83,81,79,77,78,90,101,88,48,47,67,386,370
741,83,81,79,77,75,74,53,51,70,50,69,99,386,370
741,83,81,79,77,75,74,52,54,70,50,69,99,386,370
741,83,81,79,77,75,74,52,51,70,50,69,99,386,370
741,94,84,93,561,389,298,297,103,102,49,47,67,386,370
741,83,84,91,80,78,90,101,88,48,50,69,99,386,370
741,83,81,79,77,78,89,53,88,49,47,67,68,370
741,94,84,91,80,78,90,101,88,49,47,67,386,370
741,83,81,79,77,78,89,53,88,48,50,67,68,370
741,94,84,91,80,78,90,101,88,48,50,67,386,370
741,83,81,79,77,75,89,53,51,48,50,67,68,370
741,83,81,79,77,78,89,53,88,48,47,67,386,370
741,83,84,91,80,92,90,101,88,49,47,479,492,68,370
741,83,81,79,77,75,89,53,51,48,47,67,386,370
741,83,81,79,80,92,103,102,49,47,67,386,370
741,83,84,91,80,78,89,53,88,48,50,69,99,386,370
741,94,84,93,104,92,90,101,88,48,50,69,99,386,370
741,83,84,91,80,92,103,102,49,47,67,68,370
741,94,84,91,80,78,89,53,88,49,47,67,386,370
741,83,84,91,104,297,103,102,49,47,67,386,370
741,83,81,91,104,92,90,101,88,49,47,479,492,68,370
741,83,81,91,80,92,103,102,49,47,67,386,370
741,83,84,91,104,92,90,101,88,48,47,479,492,68,370
741,94,84,91,80,78,89,53,88,48,50,67,386,370
741,83,81,79,77,75,74,53,51,48,50,67,386,370
741,83,81,79,77,75,74,53,51,70,621,69,99,386,370
741,94,84,91,80,78,90,102,49,47,67,68,370
741,83,81,79,77,78,89,53,51,70,50,67,68,370
741,83,81,79,77,75,74,52,51,48,50,67,386,370
741,83,81,79,77,75,74,52,54,70,621,69,99,386,370
741,83,81,79,77,75,74,52,51,70,621,69,99,386,370
741,83,81,79,80,92,90,102,49,47,479,492,68,370
741,83,81,91,104,92,103,102,49,47,67,68,370
741,94,84,93,104,92,103,102,123,700,660,387,701,479,492,68,370
741,83,81,79,80,78,89,101,88,49,387,701,479,492,68,370
741,83,81,91,80,92,90,102,49,47,479,492,68,370
741,83,84,91,80,78,89,101,88,49,387,701,46,480,492,68,370
741,83,81,79,77,75,89,53,88,49,47,67,386,370
741,83,84,91,80,78,89,53,51,70,50,69,99,386,370
741,94,84,93,561,389,298,388,295,324,700,660,387,701,46,479,492,68,370
741,83,81,91,80,78,89,101,88,49,387,701,479,492,68,370
741,83,81,79,77,75,89,53,88,48,50,67,386,370
741,94,84,91,80,78,89,53,51,70,50,67,386,370
741,94,84,91,80,78,89,53,51,48,47,67,68,370
741,83,81,79,77,78,90,101,88,48,47,67,68,370
741,83,81,79,80,78,90,101,88,48,50,69,99,386,370
741,94,84,93,561,389,298,297,103,102,49,47,67,68,370
741,94,84,91,80,78,90,101,88,49,47,67,68,370
741,83,81,91,80,78,90,101,88,48,50,69,99,386,370
741,94,84,91,80,78,90,101,88,48,50,67,68,370
741,83,81,79,77,75,89,53,51,70,50,67,386,370
741,83,81,79,80,92,90,101,88,49,47,479,492,68,370
741,83,81,79,77,78,89,53,88,48,47,67,68,370
741,94,84,91,80,78,90,101,88,48,47,67,386,370
741,83,81,79,77,75,89,53,51,48,47,67,68,370
741,83,84,91,80,78,89,53,51,48,50,67,386,370
741,83,84,91,80,78,89,53,51,70,621,69,99,386,370
741,83,81,91,80,92,90,101,88,49,47,479,492,68,370
741,83,81,79,80,78,89,53,88,48,50,69,99,386,370
741,83,84,91,80,92,90,101,88,48,47,479,492,68,370
741,83,81,79,80,92,103,102,49,47,67,68,370
741,83,81,79,77,78,89,101,88,49,47,479,46,480,492,68,370
741,94,84,91,80,78,89,53,88,49,47,67,68,370
741,83,84,91,104,297,103,102,49,47,67,68,370
741,83,81,91,80,78,89,53,88,48,50,69,99,386,370
741,83,81,91,80,92,103,102,49,47,67,68,370
741,94,84,91,80,78,89,53,88,48,50,67,68,370
741,83,81,79,77,75,74,53,51,48,50,67,68,370
741,83,81,91,104,297,103,102,49,47,67,386,370
741,94,84,91,80,78,89,53,88,48,47,67,386,370
741,83,81,79,77,75,74,53,51,48,47,67,386,370
741,83,81,91,104,92,90,101,88,48,47,479,492,68,370
741,83,81,79,77,75,74,52,51,48,50,67,68,370
741,83,81,79,77,75,74,52,51,48,47,67,386,370
741,94,84,93,104,92,103,102,123,700,660,387,701,46,480,492,68,370
741,83,81,79,80,78,89,101,88,49,387,701,46,480,492,68,370
741,83,81,79,80,78,89,53,51,70,50,69,99,386,370
741,83,81,79,77,75,89,53,88,49,47,67,68,370
741,83,81,79,77,75,89,53,88,48,50,67,68,370
741,83,81,91,80,78,89,101,88,49,387,701,46,480,492,68,370
741,83,81,79,77,78,89,53,51,70,621,595,100,99,386,370
741,83,81,91,80,78,89,53,51,70,50,69,99,386,370
741,83,81,79,77,75,89,53,88,48,47,67,386,370
741,94,84,91,80,78,89,53,51,70,50,67,68,370
741,83,84,91,80,78,90,102,49,47,67,386,370
741,94,84,91,104,92,90,101,88,48,50,69,99,386,370
741,94,84,93,298,297,103,102,123,700,660,387,701,46,479,492,68,370
741,83,81,79,77,75,74,53,88,49,47,67,386,370
741,83,81,79,77,75,74,53,88,48,50,67,386,370
741,94,84,93,298,297,295,324,700,660,387,701,46,479,492,68,370
741,83,81,79,77,75,89,53,51,70,50,67,68,370
741,94,84,91,80,78,90,101,88,48,47,67,68,370
741,83,81,79,80,78,89,53,51,48,50,67,386,370
741,94,84,91,104,92,103,102,123,700,660,387,701,479,492,68,370
741,94,84,93,104,92,90,102,49,47,67,386,370
741,83,81,79,80,78,89,53,51,70,621,69,99,386,370
741,94,84,93,104,92,103,324,700,660,387,701,479,492,68,370
741,83,84,91,80,78,89,53,51,48,50,67,68,370
741,83,81,79,80,92,90,101,88,48,47,479,492,68,370
741,83,84,91,80,78,89,53,51,48,47,67,386,370
741,83,81,91,80,78,89,53,51,48,50,67,386,370
741,83,81,91,80,78,89,53,51,70,621,69,99,386,370
741,83,81,91,80,92,90,101,88,48,47,479,492,68,370
741,83,81,79,77,78,89,101,88,48,47,479,46,480,492,68,370
741,83,81,79,77,75,74,53,51,70,50,67,386,370
741,83,84,93,561,389,298,297,103,102,49,47,67,386,370
741,83,81,91,104,297,103,102,49,47,67,68,370
741,94,84,91,80,78,89,53,88,48,47,67,68,370
741,83,81,79,77,75,74,53,51,48,47,67,68,370
741,83,84,91,80,78,90,101,88,49,47,67,386,370
741,94,84,93,104,297,103,102,123,700,660,387,701,479,492,68,370
741,83,81,79,77,75,74,52,54,70,50,67,386,370
741,83,81,79,77,75,74,52,51,70,50,67,386,370
741,83,84,91,80,78,90,101,88,48,50,67,386,370
741,83,81,79,77,75,74,52,51,48,47,67,68,370
741,94,84,91,80,78,89,101,88,49,47,479,46,480,492,68,370
741,94,84,93,104,297,295,324,700,660,387,701,479,492,68,370
741,83,84,93,104,92,90,101,88,48,50,69,99,386,370
741,83,84,91,80,78,89,53,88,49,47,67,386,370
741,94,84,93,104,92,90,101,88,49,47,67,386,370
741,94,84,91,80,92,90,101,88,48,50,69,99,386,370
741,83,81,79,77,75,89,53,88,48,47,67,68,370
741,83,84,91,80,78,89,53,88,48,50,67,386,370
741,94,84,93,104,92,90,101,88,48,50,67,386,370
741,83,81,79,80,78,90,102,49,47,67,386,370
741,83,84,91,80,78,90,102,49,47,67,68,370
741,83,81,79,77,75,89,101,88,49,47,479,46,480,492,68,370
741,83,81,91,80,78,90,102,49,47,67,386,370
741,94,84,93,104,92,103,102,49,387,701,479,492,68,370
741,83,81,79,77,75,74,53,88,49,47,67,68,370
741,83,84,93,104,92,103,102,123,700,660,387,701,479,492,68,370
741,83,81,79,77,75,74,53,88,48,50,67,68,370
741,94,84,91,80,92,103,102,123,700,660,387,701,479,492,68,370
741,94,84,91,80,78,89,53,51,70,621,595,100,99,386,370
741,83,81,79,77,75,74,53,88,48,47,67,386,370
741,83,84,93,561,389,298,388,295,324,700,660,387,701,46,479,492,68,370
741,83,81,79,80,78,89,53,51,48,50,67,68,370
741,94,84,93,104,92,90,102,49,47,67,68,370
741,94,84,91,104,92,103,102,123,700,660,387,701,46,480,492,68,370
741,83,84,91,80,78,89,53,51,70,50,67,386,370
741,83,81,79,80,78,89,53,51,48,47,67,386,370
741,94,84,93,104,92,103,324,700,660,387,701,46,480,492,68,370
741,83,84,91,80,78,89,53,51,48,47,67,68,370
741,83,81,91,80,78,89,53,51,48,50,67,68,370
741,83,81,91,80,78,89,53,51,48,47,67,386,370
741,83,81,79,77,75,89,53,51,70,621,595,100,99,386,370
741,83,81,79,77,75,74,53,51,70,50,67,68,370
741,83,81,79,80,78,90,101,88,49,47,67,386,370
741,83,84,93,561,389,298,297,103,102,49,47,67,68,370
741,83,84,91,80,78,90,101,88,49,47,67,68,370
741,83,81,79,80,78,90,101,88,48,50,67,386,370
741,83,81,79,77,75,74,52,54,70,50,67,68,370
741,94,84,93,104,297,103,102,123,700,660,387,701,46,480,492,68,370
741,83,81,79,77,75,74,52,51,70,50,67,68,370
741,83,84,91,80,78,90,101,88,48,50,67,68,370
741,94,84,93,298,297,103,324,700,660,387,701,46,479,492,68,370
741,83,81,91,80,78,90,101,88,49,47,67,386,370
741,83,84,91,80,78,90,101,88,48,47,67,386,370
741,83,81,91,80,78,90,101,88,48,50,67,386,370
741,94,84,93,104,297,295,324,700,660,387,701,46,480,492,68,370
741,94,84,91,80,78,89,101,88,48,47,479,46,480,492,68,370
741,83,81,79,80,78,89,53,88,49,47,67,386,370
741,94,84,91,104,92,90,102,49,47,67,386,370
741,83,84,91,80,78,89,53,88,49,47,67,68,370
741,83,81,79,80,78,89,53,88,48,50,67,386,370
741,94,84,93,104,92,90,101,88,49,47,67,68,370
741,94,84,91,104,92,103,324,700,660,387,701,479,492,68,370
741,83,84,91,80,78,89,53,88,48,50,67,68,370
741,94,84,93,104,92,90,101,88,48,50,67,68,370
741,83,81,79,80,78,90,102,49,47,67,68,370
741,83,81,91,80,78,89,53,88,49,47,67,386,370
741,83,84,91,80,78,89,53,88,48,47,67,386,370
741,94,84,93,104,92,90,101,88,48,47,67,386,370
741,83,81,91,80,78,89,53,88,48,50,67,386,370
741,83,81,91,80,78,90,102,49,47,67,68,370
741,94,84,93,104,92,103,102,49,387,701,46,480,492,68,370
741,83,84,93,104,92,103,102,123,700,660,387,701,46,480,492,68,370
741,83,81,79,77,75,89,101,88,48,47,479,46,480,492,68,370
741,94,84,91,80,92,103,102,123,700,660,387,701,46,480,492,68,370
741,94,84,91,104,297,103,102,123,700,660,387,701,479,492,68,370
741,83,81,79,77,75,74,53,88,48,47,67,68,370
741,94,84,93,104,297,103,324,700,660,387,701,479,492,68,370
741,83,81,79,80,78,89,53,51,70,50,67,386,370
741,83,84,91,80,78,89,53,51,70,50,67,68,370
741,83,81,79,80,78,89,53,51,48,47,67,68,370
741,94,84,91,104,297,295,324,700,660,387,701,479,492,68,370
741,83,81,91,80,78,89,53,51,70,50,67,386,370
741,83,81,79,77,78,90,102,123,700,660,387,701,479,492,68,370
741,94,84,93,298,297,103,102,49,387,701,46,479,492,68,370
741,83,84,91,104,92,90,101,88,48,50,69,99,386,370
741,83,81,91,80,78,89,53,51,48,47,67,68,370
741,83,84,93,298,297,103,102,123,700,660,387,701,46,479,492,68,370
741,94,84,91,104,92,90,101,88,49,47,67,386,370
741,94,84,91,104,92,90,101,88,48,50,67,386,370
741,83,81,79,80,78,90,101,88,49,47,67,68,370
741,83,81,79,80,78,90,101,88,48,50,67,68,370
741,83,84,93,298,297,295,324,700,660,387,701,46,479,492,68,370
741,83,81,79,80,78,90,101,88,48,47,67,386,370
741,94,84,91,104,92,103,102,49,387,701,479,492,68,370
741,83,81,91,80,78,90,101,88,49,47,67,68,370
741,83,84,91,80,78,90,101,88,48,47,67,68,370
741,83,84,91,104,92,103,102,123,700,660,387,701,479,492,68,370
741,83,84,93,104,92,90,102,49,47,67,386,370
741,83,81,91,80,78,90,101,88,48,50,67,68,370
741,83,84,93,104,92,103,324,700,660,387,701,479,492,68,370
741,94,84,91,80,92,90,102,49,47,67,386,370
741,83,81,91,80,78,90,101,88,48,47,67,386,370
741,94,84,91,80,92,103,324,700,660,387,701,479,492,68,370
741,83,81,79,77,75,74,53,51,70,621,595,100,99,386,370
741,83,81,79,80,78,89,53,88,49,47,67,68,370
741,94,84,91,104,92,90,102,49,47,67,68,370
741,83,81,79,77,75,74,52,54,70,621,595,100,99,386,370
741,83,81,79,80,78,89,53,88,48,50,67,68,370
741,83,81,79,77,75,74,52,51,70,621,595,100,99,386,370
741,94,84,91,104,92,103,324,700,660,387,701,46,480,492,68,370
741,83,81,79,80,78,89,53,88,48,47,67,386,370
741,83,81,91,80,78,89,53,88,49,47,67,68,370
741,94,84,93,104,297,103,102,49,387,701,479,492,68,370
741,83,84,91,80,78,89,53,88,48,47,67,68,370
741,94,84,93,104,92,90,101,88,48,47,67,68,370
741,83,84,93,104,297,103,102,123,700,660,387,701,479,492,68,370
741,83,81,91,80,78,89,53,88,48,50,67,68,370
741,83,81,91,80,78,89,53,88,48,47,67,386,370
741,83,84,91,80,78,89,101,88,49,47,479,46,480,492,68,370
741,83,84,93,104,297,295,324,700,660,387,701,479,492,68,370
741,94,84,91,104,297,103,102,123,700,660,387,701,46,480,492,68,370
741,94,84,93,104,297,103,324,700,660,387,701,46,480,492,68,370
741,83,81,79,80,78,89,53,51,70,50,67,68,370
741,83,84,93,104,92,90,101,88,49,47,67,386,370
741,83,84,91,80,92,90,101,88,48,50,69,99,386,370
741,94,84,91,80,92,90,101,88,49,47,67,386,370
741,94,84,91,104,297,295,324,700,660,387,701,46,480,492,68,370
741,83,84,93,104,92,90,101,88,48,50,67,386,370
741,94,84,91,80,92,90,101,88,48,50,67,386,370
741,83,81,91,80,78,89,53,51,70,50,67,68,370
741,83,81,79,77,78,90,102,123,700,660,387,701,46,480,492,68,370
741,94,84,91,104,92,90,101,88,49,47,67,68,370
741,83,84,93,104,92,103,102,49,387,701,479,492,68,370
741,83,81,91,104,92,90,101,88,48,50,69,99,386,370
741,94,84,91,104,92,90,101,88,48,50,67,68,370
741,94,84,91,80,92,103,102,49,387,701,479,492,68,370
741,94,84,91,104,92,90,101,88,48,47,67,386,370
741,83,84,91,80,92,103,102,123,700,660,387,701,479,492,68,370
741,83,84,91,80,78,89,53,51,70,621,595,100,99,386,370
741,83,81,79,80,78,90,101,88,48,47,67,68,370
741,94,84,91,104,92,103,102,49,387,701,46,480,492,68,370
741,94,84,91,80,78,90,102,123,700,660,387,701,479,492,68,370
741,83,84,93,104,92,90,102,49,47,67,68,370
741,83,84,91,104,92,103,102,123,700,660,387,701,46,480,492,68,370
741,94,84,91,80,92,90,102,49,47,67,68,370
741,83,84,93,104,92,103,324,700,660,387,701,46,480,492,68,370
741,83,81,91,80,78,90,101,88,48,47,67,68,370
741,83,81,91,104,92,103,102,123,700,660,387,701,479,492,68,370
741,94,84,91,80,92,103,324,700,660,387,701,46,480,492,68,370
741,94,84,93,561,389,298,388,295,324,700,660,387,701,479,46,480,492,68,370
741,94,84,91,104,297,103,324,700,660,387,701,479,492,68,370
741,83,81,79,80,78,89,53,88,48,47,67,68,370
741,94,84,93,104,297,103,102,49,387,701,46,480,492,68,370
741,83,84,93,104,297,103,102,123,700,660,387,701,46,480,492,68,370
741,83,81,91,80,78,89,53,88,48,47,67,68,370
741,83,81,79,80,78,89,101,88,49,47,479,46,480,492,68,370
741,83,84,93,298,297,103,324,700,660,387,701,46,479,492,68,370
741,83,84,93,104,297,295,324,700,660,387,701,46,480,492,68,370
741,83,81,91,80,78,89,101,88,49,47,479,46,480,492,68,370
741,83,84,91,80,78,89,101,88,48,47,479,46,480,492,68,370
741,94,84,93,561,389,298,297,103,102,123,700,660,387,701,479,492,68,370
741,83,81,79,80,92,90,101,88,48,50,69,99,386,370
741,83,84,91,104,92,90,102,49,47,67,386,370
741,83,84,93,104,92,90,101,88,49,47,67,68,370
741,83,84,91,104,92,103,324,700,660,387,701,479,492,68,370
741,94,84,91,80,92,90,101,88,49,47,67,68,370
741,83,84,93,104,92,90,101,88,48,50,67,68,370
741,83,81,91,80,92,90,101,88,48,50,69,99,386,370
741,94,84,91,80,92,90,101,88,48,50,67,68,370
741,83,84,93,104,92,90,101,88,48,47,67,386,370
741,94,84,93,561,389,298,297,295,324,700,660,387,701,479,492,68,370
741,94,84,91,80,92,90,101,88,48,47,67,386,370
741,83,81,79,80,92,103,102,123,700,660,387,701,479,492,68,370
741,83,84,93,104,92,103,102,49,387,701,46,480,492,68,370
741,83,81,79,80,78,89,53,51,70,621,595,100,99,386,370
741,94,84,91,80,92,103,102,49,387,701,46,480,492,68,370
741,94,84,91,104,297,103,102,49,387,701,479,492,68,370
741,94,84,91,104,92,90,101,88,48,47,67,68,370
741,83,84,91,80,92,103,102,123,700,660,387,701,46,480,492,68,370
741,83,84,91,104,297,103,102,123,700,660,387,701,479,492,68,370
741,83,84,93,104,297,103,324,700,660,387,701,479,492,68,370
741,83,81,91,80,92,103,102,123,700,660,387,701,479,492,68,370
741,94,84,93,561,389,697,683,388,295,324,700,660,387,701,479,492,68,370
741,83,81,91,80,78,89,53,51,70,621,595,100,99,386,370
741,94,84,91,80,78,90,102,123,700,660,387,701,46,480,492,68,370
741,83,84,91,104,297,295,324,700,660,387,701,479,492,68,370
741,83,81,79,77,78,90,102,49,387,701,479,492,68,370
741,83,81,91,104,92,103,102,123,700,660,387,701,46,480,492,68,370
741,94,84,93,298,297,103,102,49,47,479,701,46,480,492,68,370
741,94,84,91,104,297,103,324,700,660,387,701,46,480,492,68,370
741,83,84,93,298,297,103,102,49,387,701,46,479,492,68,370
741,83,84,91,104,92,90,101,88,49,47,67,386,370
741,83,84,91,104,92,90,101,88,48,50,67,386,370
741,94,84,93,298,297,103,102,123,700,660,387,701,479,46,480,492,68,370
741,83,84,91,104,92,103,102,49,387,701,479,492,68,370
741,83,84,91,80,92,90,102,49,47,67,386,370
741,94,84,93,298,297,295,324,700,660,387,701,479,46,480,492,68,370
741,83,81,79,80,78,89,101,88,48,47,479,46,480,492,68,370
741,83,84,91,80,92,103,324,700,660,387,701,479,492,68,370
741,94,84,93,561,389,298,297,103,102,123,700,660,387,701,46,480,492,68,370
741,83,84,91,104,92,90,102,49,47,67,68,370
741,83,81,91,80,78,89,101,88,48,47,479,46,480,492,68,370
741,83,84,91,104,92,103,324,700,660,387,701,46,480,492,68,370
741,83,81,91,104,92,90,102,49,47,67,386,370
741,83,81,79,77,78,90,101,88,49,387,701,479,492,68,370
741,83,81,91,104,92,103,324,700,660,387,701,479,492,68,370
741,83,84,93,104,297,103,102,49,387,701,479,492,68,370
741,83,84,93,104,92,90,101,88,48,47,67,68,370
741,94,84,93,561,389,298,297,295,324,700,660,387,701,46,480,492,68,370
741,94,84,91,80,92,90,101,88,48,47,67,68,370
741,83,81,79,80,92,103,102,123,700,660,387,701,46,480,492,68,370
741,94,84,91,104,297,103,102,49,387,701,46,480,492,68,370
741,83,84,91,104,297,103,102,123,700,660,387,701,46,480,492,68,370
741,83,84,93,104,297,103,324,700,660,387,701,46,480,492,68,370
741,83,81,91,80,92,103,102,123,700,660,387,701,46,480,492,68,370
741,83,81,79,77,78,89,53,88,49,387,701,479,492,68,370
741,83,81,91,104,297,103,102,123,700,660,387,701,479,492,68,370
741,94,84,93,561,389,697,683,388,295,324,700,660,387,701,46,480,492,68,370
741,83,84,91,80,92,90,101,88,49,47,67,386,370
741,83,84,91,104,297,295,324,700,660,387,701,46,480,492,68,370
741,83,84,91,80,92,90,101,88,48,50,67,386,370
741,83,81,79,77,78,90,102,49,387,701,46,480,492,68,370
741,83,81,91,104,297,295,324,700,660,387,701,479,492,68,370
741,94,84,93,561,389,298,297,103,324,700,660,387,701,479,492,68,370
741,83,84,91,104,92,90,101,88,49,47,67,68,370
741,83,84,91,104,92,90,101,88,48,50,67,68,370
741,83,84,91,80,92,103,102,49,387,701,479,492,68,370
741,83,81,91,104,92,90,101,88,49,47,67,386,370
741,83,84,91,104,92,90,101,88,48,47,67,386,370
741,83,81,91,104,92,90,101,88,48,50,67,386,370
741,94,84,91,80,78,90,102,49,387,701,479,492,68,370
741,83,84,91,104,92,103,102,49,387,701,46,480,492,68,370
741,83,81,79,80,92,90,102,49,47,67,386,370
741,83,84,91,80,78,90,102,123,700,660,387,701,479,492,68,370
741,83,81,79,80,92,103,324,700,660,387,701,479,492,68,370
741,83,81,91,104,92,103,102,49,387,701,479,492,68,370
741,83,84,91,80,92,90,102,49,47,67,68,370
741,83,84,91,80,92,103,324,700,660,387,701,46,480,492,68,370
741,83,84,93,561,389,298,388,295,324,700,660,387,701,479,46,480,492,68,370
741,83,84,91,104,297,103,324,700,660,387,701,479,492,68,370
741,83,81,91,80,92,90,102,49,47,67,386,370
741,83,81,91,80,92,103,324,700,660,387,701,479,492,68,370
741,83,81,91,104,92,90,102,49,47,67,68,370
741,83,81,79,77,78,90,101,88,49,387,701,46,480,492,68,370
741,83,81,91,104,92,103,324,700,660,387,701,46,480,492,68,370
741,94,84,93,104,92,90,102,123,700,660,387,701,479,492,68,370
741,83,84,93,104,297,103,102,49,387,701,46,480,492,68,370
741,94,84,93,104,92,103,102,49,47,479,46,480,492,68,370
741,94,84,93,561,389,298,297,103,102,49,387,701,479,492,68,370
741,94,84,93,298,297,103,324,700,660,387,701,479,46,480,492,68,370
741,83,84,93,561,389,298,297,103,102,123,700,660,387,701,479,492,68,370
741,94,84,91,80,78,90,101,88,49,387,701,479,492,68,370
741,83,81,79,77,78,89,53,88,49,387,701,46,480,492,68,370
741,83,81,91,104,297,103,102,123,700,660,387,701,46,480,492,68,370
741,83,81,79,80,92,90,101,88,49,47,67,386,370
741,83,84,91,80,92,90,101,88,49,47,67,68,370
741,83,81,79,80,92,90,101,88,48,50,67,386,370
741,83,84,91,80,92,90,101,88,48,50,67,68,370
741,83,84,93,561,389,298,297,295,324,700,660,387,701,479,492,68,370
741,83,81,91,80,92,90,101,88,49,47,67,386,370
741,83,81,91,104,297,295,324,700,660,387,701,46,480,492,68,370
741,83,84,91,80,92,90,101,88,48,47,67,386,370
741,83,81,91,80,92,90,101,88,48,50,67,386,370
741,94,84,93,561,389,298,297,103,324,700,660,387,701,46,480,492,68,370
741,83,81,79,80,92,103,102,49,387,701,479,492,68,370
741,83,81,91,104,92,90,101,88,49,47,67,68,370
741,83,84,91,80,92,103,102,49,387,701,46,480,492,68,370
741,94,84,91,80,78,89,53,88,49,387,701,479,492,68,370
741,83,84,91,104,297,103,102,49,387,701,479,492,68,370
741,83,84,91,104,92,90,101,88,48,47,67,68,370
741,83,81,91,104,92,90,101,88,48,50,67,68,370
741,83,81,91,80,92,103,102,49,387,701,479,492,68,370
741,83,81,91,104,92,90,101,88,48,47,67,386,370
741,83,81,79,80,78,90,102,123,700,660,387,701,479,492,68,370
741,83,84,93,561,389,697,683,388,295,324,700,660,387,701,479,492,68,370
741,94,84,91,80,78,90,102,49,387,701,46,480,492,68,370
741,83,81,79,80,92,90,102,49,47,67,68,370
741,83,84,91,80,78,90,102,123,700,660,387,701,46,480,492,68,370
741,83,81,79,80,92,103,324,700,660,387,701,46,480,492,68,370
741,83,81,91,104,92,103,102,49,387,701,46,480,492,68,370
741,83,81,91,80,78,90,102,123,700,660,387,701,479,492,68,370
741,83,84,93,298,297,103,102,49,47,479,701,46,480,492,68,370
741,83,84,91,104,297,103,324,700,660,387,701,46,480,492,68,370
741,83,81,91,80,92,90,102,49,47,67,68,370
741,83,81,91,80,92,103,324,700,660,387,701,46,480,492,68,370
741,83,81,91,104,297,103,324,700,660,387,701,479,492,68,370
741,83,81,79,77,75,89,53,88,49,387,701,479,492,68,370
741,94,84,93,298,297,103,102,49,387,701,479,46,480,492,68,370
741,83,84,93,298,297,103,102,123,700,660,387,701,479,46,480,492,68,370
741,94,84,93,104,92,90,102,123,700,660,387,701,46,480,492,68,370
741,83,84,93,298,297,295,324,700,660,387,701,479,46,480,492,68,370
741,94,84,93,561,389,298,297,103,102,49,387,701,46,480,492,68,370
741,83,84,93,561,389,298,297,103,102,123,700,660,387,701,46,480,492,68,370
741,94,84,91,80,78,90,101,88,49,387,701,46,480,492,68,370
741,83,81,79,80,92,90,101,88,49,47,67,68,370
741,83,81,79,80,92,90,101,88,48,50,67,68,370
741,83,81,79,80,92,90,101,88,48,47,67,386,370
741,83,81,91,80,92,90,101,88,49,47,67,68,370
741,83,84,93,561,389,298,297,295,324,700,660,387,701,46,480,492,68,370
741,83,84,91,80,92,90,101,88,48,47,67,68,370
741,83,81,91,80,92,90,101,88,48,50,67,68,370
741,83,81,79,80,92,103,102,49,387,701,46,480,492,68,370
741,83,81,91,80,92,90,101,88,48,47,67,386,370
741,94,84,91,104,92,90,102,123,700,660,387,701,479,492,68,370
741,94,84,91,80,78,89,53,88,49,387,701,46,480,492,68,370
741,83,84,91,104,297,103,102,49,387,701,46,480,492,68,370
741,94,84,91,104,92,103,102,49,47,479,46,480,492,68,370
741,83,81,91,80,92,103,102,49,387,701,46,480,492,68,370
741,83,81,91,104,297,103,102,49,387,701,479,492,68,370
741,83,81,91,104,92,90,101,88,48,47,67,68,370
741,83,81,79,80,78,90,102,123,700,660,387,701,46,480,492,68,370
741,83,84,93,561,389,697,683,388,295,324,700,660,387,701,46,480,492,68,370
741,83,81,91,80,78,90,102,123,700,660,387,701,46,480,492,68,370
741,83,84,93,561,389,298,297,103,324,700,660,387,701,479,492,68,370
741,83,81,91,104,297,103,324,700,660,387,701,46,480,492,68,370
741,94,84,93,104,297,103,102,49,47,479,46,480,492,68,370
741,83,81,79,77,75,89,53,88,49,387,701,46,480,492,68,370
741,83,84,91,80,78,90,102,49,387,701,479,492,68,370
741,83,81,79,77,75,74,53,88,49,387,701,479,492,68,370
741,94,84,93,104,92,90,102,49,387,701,479,492,68,370
741,83,81,79,80,92,90,101,88,48,47,67,68,370
741,83,84,93,104,92,90,102,123,700,660,387,701,479,492,68,370
741,83,84,93,104,92,103,102,49,47,479,46,480,492,68,370
741,94,84,91,80,92,90,102,123,700,660,387,701,479,492,68,370
741,94,84,91,80,92,103,102,49,47,479,46,480,492,68,370
741,83,81,91,80,92,90,101,88,48,47,67,68,370
741,94,84,91,104,92,90,102,123,700,660,387,701,46,480,492,68,370
741,83,84,93,561,389,298,297,103,102,49,387,701,479,492,68,370
741,83,84,93,298,297,103,324,700,660,387,701,479,46,480,492,68,370
741,83,81,91,104,297,103,102,49,387,701,46,480,492,68,370
741,83,84,91,80,78,90,101,88,49,387,701,479,492,68,370
741,83,84,93,561,389,298,297,103,324,700,660,387,701,46,480,492,68,370
741,83,84,91,80,78,89,53,88,49,387,701,479,492,68,370
741,94,84,93,104,92,90,101,88,49,387,701,479,492,68,370
741,83,81,79,80,78,90,102,49,387,701,479,492,68,370
741,83,84,91,80,78,90,102,49,387,701,46,480,492,68,370
741,83,81,91,80,78,90,102,49,387,701,479,492,68,370
741,83,81,79,77,75,74,53,88,49,387,701,46,480,492,68,370
741,83,84,93,298,297,103,102,49,387,701,479,46,480,492,68,370
741,94,84,93,104,92,90,102,49,387,701,46,480,492,68,370
741,83,84,93,104,92,90,102,123,700,660,387,701,46,480,492,68,370
741,94,84,91,80,92,90,102,123,700,660,387,701,46,480,492,68,370
741,94,84,91,104,297,103,102,49,47,479,46,480,492,68,370
741,83,81,79,80,78,90,101,88,49,387,701,479,492,68,370
741,83,84,93,561,389,298,297,103,102,49,387,701,46,480,492,68,370
741,83,84,91,80,78,90,101,88,49,387,701,46,480,492,68,370
741,83,81,79,77,78,90,102,49,47,479,46,480,492,68,370
741,83,81,91,80,78,90,101,88,49,387,701,479,492,68,370
741,83,81,79,80,78,89,53,88,49,387,701,479,492,68,370
741,94,84,91,104,92,90,102,49,387,701,479,492,68,370
741,83,81,79,77,78,89,101,88,49,387,701,46,479,492,68,370
741,83,84,91,104,92,90,102,123,700,660,387,701,479,492,68,370
741,83,84,91,80,78,89,53,88,49,387,701,46,480,492,68,370
741,94,84,93,104,92,90,101,88,49,387,701,46,480,492,68,370
741,83,84,91,104,92,103,102,49,47,479,46,480,492,68,370
741,83,81,91,80,78,89,53,88,49,387,701,479,492,68,370
741,83,81,79,80,78,90,102,49,387,701,46,480,492,68,370
741,83,81,79,77,78,89,53,51,48,47,479,46,480,492,68,370
741,83,81,91,80,78,90,102,49,387,701,46,480,492,68,370
741,83,81,79,77,78,90,101,88,49,47,479,46,480,492,68,370
741,83,84,93,104,297,103,102,49,47,479,46,480,492,68,370
741,94,84,91,104,92,90,101,88,49,387,701,479,492,68,370
741,83,81,79,77,78,89,53,88,49,47,479,46,480,492,68,370
741,83,81,79,80,78,90,101,88,49,387,701,46,480,492,68,370
741,83,81,91,80,78,90,101,88,49,387,701,46,480,492,68,370
741,83,84,93,104,92,90,102,49,387,701,479,492,68,370
741,94,84,91,80,92,90,102,49,387,701,479,492,68,370
741,83,84,91,80,92,90,102,123,700,660,387,701,479,492,68,370
741,83,84,91,80,92,103,102,49,47,479,46,480,492,68,370
741,83,81,79,80,78,89,53,88,49,387,701,46,480,492,68,370
741,94,84,91,104,92,90,102,49,387,701,46,480,492,68,370
741,94,84,91,80,78,90,102,49,47,479,46,480,492,68,370
741,83,84,91,104,92,90,102,123,700,660,387,701,46,480,492,68,370
741,83,81,91,104,92,90,102,123,700,660,387,701,479,492,68,370
741,83,81,91,80,78,89,53,88,49,387,701,46,480,492,68,370
741,83,81,91,104,92,103,102,49,47,479,46,480,492,68,370
741,94,84,91,80,78,89,101,88,49,387,701,46,479,492,68,370
741,83,84,93,104,92,90,101,88,49,387,701,479,492,68,370
741,94,84,91,80,78,89,53,51,48,47,479,46,480,492,68,370
741,83,81,79,77,78,90,101,88,48,47,479,46,480,492,68,370
741,94,84,91,80,92,90,101,88,49,387,701,479,492,68,370
741,94,84,93,561,389,298,297,103,102,49,47,479,46,480,492,68,370
741,94,84,91,104,92,90,101,88,49,387,701,46,480,492,68,370
741,94,84,91,80,78,90,101,88,49,47,479,46,480,492,68,370
741,83,81,79,77,75,89,101,88,49,387,701,46,479,492,68,370
741,83,81,79,77,78,89,53,88,48,47,479,46,480,492,68,370
741,83,81,79,77,75,89,53,51,48,47,479,46,480,492,68,370
741,83,81,79,80,92,90,102,123,700,660,387,701,479,492,68,370
741,83,84,93,104,92,90,102,49,387,701,46,480,492,68,370
741,83,81,79,80,92,103,102,49,47,479,46,480,492,68,370
741,94,84,91,80,92,90,102,49,387,701,46,480,492,68,370
741,83,84,91,80,92,90,102,123,700,660,387,701,46,480,492,68,370
741,94,84,91,80,78,89,53,88,49,47,479,46,480,492,68,370
741,83,84,91,104,297,103,102,49,47,479,46,480,492,68,370
741,83,81,91,80,92,90,102,123,700,660,387,701,479,492,68,370
741,83,81,91,80,92,103,102,49,47,479,46,480,492,68,370
741,83,81,91,104,92,90,102,123,700,660,387,701,46,480,492,68,370
741,83,81,79,77,75,89,53,88,49,47,479,46,480,492,68,370
741,83,81,79,77,78,89,101,88,49,47,479,701,46,480,492,68,370
741,83,84,91,104,92,90,102,49,387,701,479,492,68,370
741,83,84,93,104,92,90,101,88,49,387,701,46,480,492,68,370
741,94,84,91,80,92,90,101,88,49,387,701,46,480,492,68,370
741,94,84,91,80,78,90,101,88,48,47,479,46,480,492,68,370
741,83,81,79,80,92,90,102,123,700,660,387,701,46,480,492,68,370
741,83,81,91,80,92,90,102,123,700,660,387,701,46,480,492,68,370
741,83,84,91,104,92,90,101,88,49,387,701,479,492,68,370
741,83,81,91,104,297,103,102,49,47,479,46,480,492,68,370
741,94,84,91,80,78,89,53,88,48,47,479,46,480,492,68,370
741,83,81,79,77,75,74,53,51,48,47,479,46,480,492,68,370
741,83,81,79,77,75,74,52,51,48,47,479,46,480,492,68,370
741,83,84,91,80,92,90,102,49,387,701,479,492,68,370
741,83,81,79,77,75,89,53,88,48,47,479,46,480,492,68,370
741,83,84,91,104,92,90,102,49,387,701,46,480,492,68,370
741,83,84,91,80,78,90,102,49,47,479,46,480,492,68,370
741,83,81,91,104,92,90,102,49,387,701,479,492,68,370
741,83,81,79,77,78,89,101,88,48,47,479,701,46,480,492,68,370
741,83,81,79,77,75,74,53,88,49,47,479,46,480,492,68,370
741,94,84,91,80,78,89,101,88,49,47,479,701,46,480,492,68,370
741,83,84,91,80,78,89,101,88,49,387,701,46,479,492,68,370
741,94,84,93,104,92,90,102,49,47,479,46,480,492,68,370
741,83,84,91,80,78,89,53,51,48,47,479,46,480,492,68,370
741,83,84,91,80,92,90,101,88,49,387,701,479,492,68,370
741,83,84,93,561,389,298,297,103,102,49,47,479,46,480,492,68,370
741,83,84,91,104,92,90,101,88,49,387,701,46,480,492,68,370
741,83,81,79,77,75,89,101,88,49,47,479,701,46,480,492,68,370
741,83,84,91,80,78,90,101,88,49,47,479,46,480,492,68,370
741,83,81,91,104,92,90,101,88,49,387,701,479,492,68,370
741,83,81,79,80,92,90,102,49,387,701,479,492,68,370
741,83,84,91,80,92,90,102,49,387,701,46,480,492,68,370
741,83,84,91,80,78,89,53,88,49,47,479,46,480,492,68,370
741,94,84,93,104,92,90,101,88,49,47,479,46,480,492,68,370
741,83,81,91,80,92,90,102,49,387,701,479,492,68,370
741,83,81,79,80,78,90,102,49,47,479,46,480,492,68,370
741,83,81,91,104,92,90,102,49,387,701,46,480,492,68,370
741,83,81,91,80,78,90,102,49,47,479,46,480,492,68,370
741,83,81,79,77,75,74,53,88,48,47,479,46,480,492,68,370
741,94,84,93,104,92,103,102,123,700,660,387,701,46,479,492,68,370
741,83,81,79,80,78,89,101,88,49,387,701,46,479,492,68,370
741,83,81,79,80,78,89,53,51,48,47,479,46,480,492,68,370
741,94,84,91,80,78,89,101,88,48,47,479,701,46,480,492,68,370
741,83,81,91,80,78,89,101,88,49,387,701,46,479,492,68,370
741,83,81,79,80,92,90,101,88,49,387,701,479,492,68,370
741,83,84,91,80,92,90,101,88,49,387,701,46,480,492,68,370
741,83,81,91,80,78,89,53,51,48,47,479,46,480,492,68,370
741,83,81,91,80,92,90,101,88,49,387,701,479,492,68,370
741,83,81,79,77,78,89,101,88,49,387,701,479,46,480,492,68,370
741,83,81,79,80,78,90,101,88,49,47,479,46,480,492,68,370
741,83,81,91,104,92,90,101,88,49,387,701,46,480,492,68,370
741,83,81,91,80,78,90,101,88,49,47,479,46,480,492,68,370
741,83,81,79,77,75,89,101,88,48,47,479,701,46,480,492,68,370
741,83,84,91,80,78,90,101,88,48,47,479,46,480,492,68,370
741,83,81,79,80,92,90,102,49,387,701,46,480,492,68,370
741,83,81,79,80,78,89,53,88,49,47,479,46,480,492,68,370
741,94,84,91,104,92,90,102,49,47,479,46,480,492,68,370
741,83,81,91,80,92,90,102,49,387,701,46,480,492,68,370
741,83,81,91,80,78,89,53,88,49,47,479,46,480,492,68,370
741,83,84,91,80,78,89,53,88,48,47,479,46,480,492,68,370
741,94,84,93,104,92,90,101,88,48,47,479,46,480,492,68,370
741,83,81,79,80,92,90,101,88,49,387,701,46,480,492,68,370
741,94,84,91,104,92,90,101,88,49,47,479,46,480,492,68,370
741,83,81,91,80,92,90,101,88,49,387,701,46,480,492,68,370
741,83,81,79,80,78,90,101,88,48,47,479,46,480,492,68,370
741,83,84,91,80,78,89,101,88,49,47,479,701,46,480,492,68,370
741,83,84,93,104,92,90,102,49,47,479,46,480,492,68,370
741,94,84,91,80,92,90,102,49,47,479,46,480,492,68,370
741,83,81,91,80,78,90,101,88,48,47,479,46,480,492,68,370
741,94,84,91,104,92,103,102,123,700,660,387,701,46,479,492,68,370
741,94,84,93,104,92,103,324,700,660,387,701,46,479,492,68,370
741,94,84,91,80,78,89,101,88,49,387,701,479,46,480,492,68,370
741,83,81,79,80,78,89,53,88,48,47,479,46,480,492,68,370
741,83,81,91,80,78,89,53,88,48,47,479,46,480,492,68,370
741,94,84,93,104,297,103,102,123,700,660,387,701,46,479,492,68,370
741,94,710,709,105,737,93,298,388,295,324,700,660,387,701,479,492,68,370
741,83,81,79,77,75,89,101,88,49,387,701,479,46,480,492,68,370
741,94,84,93,104,297,295,324,700,660,387,701,46,479,492,68,370
741,83,84,93,104,92,90,101,88,49,47,479,46,480,492,68,370
741,94,84,91,80,92,90,101,88,49,47,479,46,480,492,68,370
741,94,84,91,104,92,90,101,88,48,47,479,46,480,492,68,370
741,94,84,93,104,92,103,102,49,387,701,46,479,492,68,370
741,83,81,79,80,78,89,101,88,49,47,479,701,46,480,492,68,370
741,83,84,93,104,92,103,102,123,700,660,387,701,46,479,492,68,370
741,94,84,91,80,92,103,102,123,700,660,387,701,46,479,492,68,370
741,83,81,91,80,78,89,101,88,49,47,479,701,46,480,492,68,370
741,83,84,91,80,78,89,101,88,48,47,479,701,46,480,492,68,370
741,94,710,709,105,737,93,298,388,295,324,700,660,387,701,46,480,492,68,370
741,83,84,91,104,92,90,102,49,47,479,46,480,492,68,370
741,94,84,91,104,92,103,324,700,660,387,701,46,479,492,68,370
741,83,84,93,104,92,90,101,88,48,47,479,46,480,492,68,370
741,94,84,91,80,92,90,101,88,48,47,479,46,480,492,68,370
741,94,84,91,104,297,103,102,123,700,660,387,701,46,479,492,68,370
741,94,84,93,104,297,103,324,700,660,387,701,46,479,492,68,370
741,83,81,79,80,78,89,101,88,48,47,479,701,46,480,492,68,370
741,94,84,91,104,297,295,324,700,660,387,701,46,479,492,68,370
741,83,81,91,80,78,89,101,88,48,47,479,701,46,480,492,68,370
741,83,84,91,104,92,90,101,88,49,47,479,46,480,492,68,370
741,83,81,79,77,78,90,102,123,700,660,387,701,46,479,492,68,370
741,94,84,91,104,92,103,102,49,387,701,46,479,492,68,370
741,83,84,91,80,92,90,102,49,47,479,46,480,492,68,370
741,83,84,91,104,92,103,102,123,700,660,387,701,46,479,492,68,370
741,83,84,93,104,92,103,324,700,660,387,701,46,479,492,68,370
741,83,84,91,80,78,89,101,88,49,387,701,479,46,480,492,68,370
741,94,84,91,80,92,103,324,700,660,387,701,46,479,492,68,370
741,83,81,91,104,92,90,102,49,47,479,46,480,492,68,370
741,94,84,93,104,297,103,102,49,387,701,46,479,492,68,370
741,83,84,93,104,297,103,102,123,700,660,387,701,46,479,492,68,370
741,83,84,93,104,297,295,324,700,660,387,701,46,479,492,68,370
741,83,84,91,80,92,90,101,88,49,47,479,46,480,492,68,370
741,83,81,91,104,92,90,101,88,49,47,479,46,480,492,68,370
741,94,84,93,104,92,103,102,49,47,479,701,46,480,492,68,370
741,83,84,91,104,92,90,101,88,48,47,479,46,480,492,68,370
741,83,84,93,104,92,103,102,49,387,701,46,479,492,68,370
741,94,84,91,80,92,103,102,49,387,701,46,479,492,68,370
741,83,84,91,80,92,103,102,123,700,660,387,701,46,479,492,68,370
741,83,81,79,80,92,90,102,49,47,479,46,480,492,68,370
741,94,84,93,104,92,103,102,123,700,660,387,701,479,46,480,492,68,370
741,83,81,79,80,78,89,101,88,49,387,701,479,46,480,492,68,370
741,94,84,91,80,78,90,102,123,700,660,387,701,46,479,492,68,370
741,83,81,91,80,92,90,102,49,47,479,46,480,492,68,370
741,83,81,91,104,92,103,102,123,700,660,387,701,46,479,492,68,370
741,94,84,91,104,297,103,324,700,660,387,701,46,479,492,68,370
741,83,81,91,80,78,89,101,88,49,387,701,479,46,480,492,68,370
741,83,81,79,80,92,90,101,88,49,47,479,46,480,492,68,370
741,94,84,93,561,389,298,297,103,102,123,700,660,387,701,46,479,492,68,370
741,83,84,91,104,92,103,324,700,660,387,701,46,479,492,68,370
741,83,81,91,80,92,90,101,88,49,47,479,46,480,492,68,370
741,83,84,91,80,92,90,101,88,48,47,479,46,480,492,68,370
741,94,84,93,561,389,298,297,295,324,700,660,387,701,46,479,492,68,370
741,83,81,79,80,92,103,102,123,700,660,387,701,46,479,492,68,370
741,94,84,91,104,297,103,102,49,387,701,46,479,492,68,370
741,83,81,91,104,92,90,101,88,48,47,479,46,480,492,68,370
741,83,84,91,104,297,103,102,123,700,660,387,701,46,479,492,68,370
741,83,84,93,104,297,103,324,700,660,387,701,46,479,492,68,370
741,83,81,91,80,92,103,102,123,700,660,387,701,46,479,492,68,370
741,94,84,93,561,389,697,683,388,295,324,700,660,387,701,46,479,492,68,370
741,83,84,91,104,297,295,324,700,660,387,701,46,479,492,68,370
741,83,81,79,77,78,90,102,49,387,701,46,479,492,68,370
741,83,81,79,77,75,74,52,54,71,595,100,620,386,370
741,94,84,91,104,92,103,102,49,47,479,701,46,480,492,68,370
741,83,84,91,104,92,103,102,49,387,701,46,479,492,68,370
741,83,84,91,80,92,103,324,700,660,387,701,46,479,492,68,370
741,94,84,91,104,92,103,102,123,700,660,387,701,479,46,480,492,68,370
741,94,84,93,104,92,103,324,700,660,387,701,479,46,480,492,68,370
741,83,81,79,80,92,90,101,88,48,47,479,46,480,492,68,370
741,94,84,93,104,297,103,102,49,47,479,701,46,480,492,68,370
741,83,81,79,77,78,90,101,88,49,387,701,46,479,492,68,370
741,83,81,91,104,92,103,324,700,660,387,701,46,479,492,68,370
741,83,84,93,104,297,103,102,49,387,701,46,479,492,68,370
741,83,81,91,80,92,90,101,88,48,47,479,46,480,492,68,370
741,94,84,93,104,297,103,102,123,700,660,387,701,479,46,480,492,68,370
741,83,81,79,77,78,89,53,88,49,387,701,46,479,492,68,370
741,83,81,91,104,297,103,102,123,700,660,387,701,46,479,492,68,370
741,94,84,93,104,297,295,324,700,660,387,701,479,46,480,492,68,370
741,83,81,91,104,297,295,324,700,660,387,701,46,479,492,68,370
741,94,84,93,561,389,298,297,103,324,700,660,387,701,46,479,492,68,370
741,83,84,93,104,92,103,102,49,47,479,701,46,480,492,68,370
741,94,84,91,80,92,103,102,49,47,479,701,46,480,492,68,370
741,83,84,91,80,92,103,102,49,387,701,46,479,492,68,370
741,94,84,93,104,92,103,102,49,387,701,479,46,480,492,68,370
741,94,84,91,80,78,90,102,49,387,701,46,479,492,68,370
741,83,84,93,104,92,103,102,123,700,660,387,701,479,46,480,492,68,370
741,83,84,91,80,78,90,102,123,700,660,387,701,46,479,492,68,370
741,94,84,91,80,92,103,102,123,700,660,387,701,479,46,480,492,68,370
741,83,81,79,80,92,103,324,700,660,387,701,46,479,492,68,370
741,83,81,91,104,92,103,102,49,387,701,46,479,492,68,370
741,83,84,91,104,297,103,324,700,660,387,701,46,479,492,68,370
741,83,81,91,80,92,103,324,700,660,387,701,46,479,492,68,370
741,94,84,93,104,92,90,102,123,700,660,387,701,46,479,492,68,370
741,94,84,93,561,389,298,297,103,102,49,387,701,46,479,492,68,370
741,83,84,93,561,389,298,297,103,102,123,700,660,387,701,46,479,492,68,370
741,94,84,91,80,78,90,101,88,49,387,701,46,479,492,68,370
741,83,84,93,561,389,298,297,295,324,700,660,387,701,46,479,492,68,370
741,94,84,91,104,92,103,324,700,660,387,701,479,46,480,492,68,370
741,83,81,79,80,92,103,102,49,387,701,46,479,492,68,370
741,94,84,91,104,297,103,102,49,47,479,701,46,480,492,68,370
741,94,84,91,80,78,89,53,88,49,387,701,46,479,492,68,370
741,83,84,91,104,297,103,102,49,387,701,46,479,492,68,370
741,83,81,91,80,92,103,102,49,387,701,46,479,492,68,370
741,83,81,79,80,78,90,102,123,700,660,387,701,46,479,492,68,370
741,83,84,93,561,389,697,683,388,295,324,700,660,387,701,46,479,492,68,370
741,94,84,91,104,297,103,102,123,700,660,387,701,479,46,480,492,68,370
741,83,81,79,77,78,90,102,49,47,479,701,46,480,492,68,370
741,94,84,93,104,297,103,324,700,660,387,701,479,46,480,492,68,370
741,83,81,91,80,78,90,102,123,700,660,387,701,46,479,492,68,370
741,83,81,91,104,297,103,324,700,660,387,701,46,479,492,68,370
741,94,84,91,104,297,295,324,700,660,387,701,479,46,480,492,68,370
741,83,81,79,77,75,89,53,88,49,387,701,46,479,492,68,370
741,83,81,79,77,78,90,102,123,700,660,387,701,479,46,480,492,68,370
741,83,84,91,104,92,103,102,49,47,479,701,46,480,492,68,370
741,83,81,79,77,78,89,53,51,48,47,479,701,46,480,492,68,370
741,94,84,91,104,92,103,102,49,387,701,479,46,480,492,68,370
741,83,84,91,104,92,103,102,123,700,660,387,701,479,46,480,492,68,370
741,83,84,93,104,92,103,324,700,660,387,701,479,46,480,492,68,370
741,94,84,91,80,92,103,324,700,660,387,701,479,46,480,492,68,370
741,83,81,79,77,78,90,101,88,49,47,479,701,46,480,492,68,370
741,83,84,93,104,297,103,102,49,47,479,701,46,480,492,68,370
741,94,84,93,104,297,103,102,49,387,701,479,46,480,492,68,370
741,83,84,93,104,297,103,102,123,700,660,387,701,479,46,480,492,68,370
741,94,84,91,104,92,90,102,123,700,660,387,701,46,479,492,68,370
741,83,81,91,104,297,103,102,49,387,701,46,479,492,68,370
741,83,81,79,77,78,89,53,88,49,47,479,701,46,480,492,68,370
741,83,84,93,104,297,295,324,700,660,387,701,479,46,480,492,68,370
741,83,84,93,561,389,298,297,103,324,700,660,387,701,46,479,492,68,370
741,83,84,91,80,92,103,102,49,47,479,701,46,480,492,68,370
741,83,84,93,104,92,103,102,49,387,701,479,46,480,492,68,370
741,94,84,91,80,78,90,102,49,47,479,701,46,480,492,68,370
741,83,84,91,80,78,90,102,49,387,701,46,479,492,68,370
741,94,84,91,80,92,103,102,49,387,701,479,46,480,492,68,370
741,83,84,91,80,92,103,102,123,700,660,387,701,479,46,480,492,68,370
741,83,81,91,104,92,103,102,49,47,479,701,46,480,492,68,370
741,83,81,79,77,75,74,53,88,49,387,701,46,479,492,68,370
741,94,84,91,80,78,90,102,123,700,660,387,701,479,46,480,492,68,370
741,83,81,91,104,92,103,102,123,700,660,387,701,479,46,480,492,68,370
741,94,84,91,104,297,103,324,700,660,387,701,479,46,480,492,68,370
741,94,84,93,104,92,90,102,49,387,701,46,479,492,68,370
741,94,710,709,105,737,93,298,297,103,102,49,47,479,492,68,370
741,83,84,93,104,92,90,102,123,700,660,387,701,46,479,492,68,370
741,94,84,91,80,78,89,53,51,48,47,479,701,46,480,492,68,370
741,83,81,79,77,78,90,101,88,48,47,479,701,46,480,492,68,370
741,94,84,91,80,92,90,102,123,700,660,387,701,46,479,492,68,370
741,94,84,93,561,389,298,297,103,102,49,47,479,701,46,480,492,68,370
741,83,84,93,561,389,298,297,103,102,49,387,701,46,479,492,68,370
741,94,84,91,80,78,90,101,88,49,47,479,701,46,480,492,68,370
741,83,84,91,80,78,90,101,88,49,387,701,46,479,492,68,370
741,83,81,79,77,78,89,53,88,48,47,479,701,46,480,492,68,370
741,83,81,79,77,75,89,53,51,48,47,479,701,46,480,492,68,370
741,94,84,93,561,389,298,297,103,102,123,700,660,387,701,479,46,480,492,68,370
741,83,84,91,104,92,103,324,700,660,387,701,479,46,480,492,68,370
741,83,81,79,80,92,103,102,49,47,479,701,46,480,492,68,370
741,94,84,91,80,78,89,53,88,49,47,479,701,46,480,492,68,370
741,83,84,91,104,297,103,102,49,47,479,701,46,480,492,68,370
741,94,84,93,561,389,298,297,295,324,700,660,387,701,479,46,480,492,68,370
741,83,84,91,80,78,89,53,88,49,387,701,46,479,492,68,370
741,94,84,93,104,92,90,101,88,49,387,701,46,479,492,68,370
741,83,81,91,80,92,103,102,49,47,479,701,46,480,492,68,370
741,83,81,79,80,78,90,102,49,387,701,46,479,492,68,370
741,83,81,79,80,92,103,102,123,700,660,387,701,479,46,480,492,68,370
741,94,84,91,104,297,103,102,49,387,701,479,46,480,492,68,370
741,83,84,91,104,297,103,102,123,700,660,387,701,479,46,480,492,68,370
741,83,81,91,80,78,90,102,49,387,701,46,479,492,68,370
741,83,84,93,104,297,103,324,700,660,387,701,479,46,480,492,68,370
741,83,81,91,80,92,103,102,123,700,660,387,701,479,46,480,492,68,370
741,94,84,93,561,389,697,683,388,295,324,700,660,387,701,479,46,480,492,68,370
741,83,81,79,77,75,89,53,88,49,47,479,701,46,480,492,68,370
741,83,84,91,104,297,295,324,700,660,387,701,479,46,480,492,68,370
741,83,81,79,77,78,90,102,49,387,701,479,46,480,492,68,370
741,83,81,79,80,78,90,101,88,49,387,701,46,479,492,68,370
741,83,84,91,104,92,103,102,49,387,701,479,46,480,492,68,370
741,83,84,91,80,92,103,324,700,660,387,701,479,46,480,492,68,370
741,94,84,91,80,78,90,101,88,48,47,479,701,46,480,492,68,370
741,83,81,91,80,78,90,101,88,49,387,701,46,479,492,68,370
741,83,81,79,80,78,89,53,88,49,387,701,46,479,492,68,370
741,83,81,79,77,78,90,101,88,49,387,701,479,46,480,492,68,370
741,83,81,91,104,92,103,324,700,660,387,701,479,46,480,492,68,370
741,83,84,93,104,297,103,102,49,387,701,479,46,480,492,68,370
741,94,84,91,104,92,90,102,49,387,701,46,479,492,68,370
741,83,84,91,104,92,90,102,123,700,660,387,701,46,479,492,68,370
741,83,81,91,104,297,103,102,49,47,479,701,46,480,492,68,370
741,94,84,91,80,78,89,53,88,48,47,479,701,46,480,492,68,370
741,83,81,91,80,78,89,53,88,49,387,701,46,479,492,68,370
741,83,81,79,77,75,74,53,51,48,47,479,701,46,480,492,68,370
741,83,81,79,77,75,74,52,51,48,47,479,701,46,480,492,68,370
741,83,81,79,77,78,89,53,88,49,387,701,479,46,480,492,68,370
741,83,81,91,104,297,103,102,123,700,660,387,701,479,46,480,492,68,370
741,83,81,91,104,297,295,324,700,660,387,701,479,46,480,492,68,370
741,83,81,79,77,75,89,53,88,48,47,479,701,46,480,492,68,370
741,94,84,93,561,389,298,297,103,324,700,660,387,701,479,46,480,492,68,370
741,83,84,91,80,78,90,102,49,47,479,701,46,480,492,68,370
741,83,84,91,80,92,103,102,49,387,701,479,46,480,492,68,370
741,94,84,91,104,92,90,101,88,49,387,701,46,479,492,68,370
741,83,81,79,77,75,74,53,88,49,47,479,701,46,480,492,68,370
741,94,84,91,80,78,90,102,49,387,701,479,46,480,492,68,370
741,83,84,91,80,78,90,102,123,700,660,387,701,479,46,480,492,68,370
741,83,81,79,80,92,103,324,700,660,387,701,479,46,480,492,68,370
741,83,81,91,104,92,103,102,49,387,701,479,46,480,492,68,370
741,83,84,91,104,297,103,324,700,660,387,701,479,46,480,492,68,370
741,94,84,93,104,92,90,102,49,47,479,701,46,480,492,68,370
741,83,84,93,104,92,90,102,49,387,701,46,479,492,68,370
741,83,81,91,80,92,103,324,700,660,387,701,479,46,480,492,68,370
741,94,84,91,80,92,90,102,49,387,701,46,479,492,68,370
741,83,84,91,80,78,89,53,51,48,47,479,701,46,480,492,68,370
741,83,84,91,80,92,90,102,123,700,660,387,701,46,479,492,68,370
741,94,84,93,104,92,90,102,123,700,660,387,701,479,46,480,492,68,370
741,83,84,93,561,389,298,297,103,102,49,47,479,701,46,480,492,68,370
741,83,84,91,80,78,90,101,88,49,47,479,701,46,480,492,68,370
741,83,81,91,104,92,90,102,123,700,660,387,701,46,479,492,68,370
741,94,84,93,561,389,298,297,103,102,49,387,701,479,46,480,492,68,370
741,83,84,93,561,389,298,297,103,102,123,700,660,387,701,479,46,480,492,68,370
741,94,84,91,80,78,90,101,88,49,387,701,479,46,480,492,68,370
741,83,84,91,80,78,89,53,88,49,47,479,701,46,480,492,68,370
741,94,84,93,104,92,90,101,88,49,47,479,701,46,480,492,68,370
741,83,84,93,561,389,298,297,295,324,700,660,387,701,479,46,480,492,68,370
741,83,84,93,104,92,90,101,88,49,387,701,46,479,492,68,370
741,83,81,79,80,78,90,102,49,47,479,701,46,480,492,68,370
741,94,84,91,80,92,90,101,88,49,387,701,46,479,492,68,370
741,83,81,79,80,92,103,102,49,387,701,479,46,480,492,68,370
741,94,84,91,80,78,89,53,88,49,387,701,479,46,480,492,68,370
741,83,84,91,104,297,103,102,49,387,701,479,46,480,492,68,370
741,83,81,91,80,78,90,102,49,47,479,701,46,480,492,68,370
741,83,81,91,80,92,103,102,49,387,701,479,46,480,492,68,370
741,83,81,79,80,78,90,102,123,700,660,387,701,479,46,480,492,68,370
741,83,84,93,561,389,697,683,388,295,324,700,660,387,701,479,46,480,492,68,370
741,83,81,79,77,75,74,53,88,48,47,479,701,46,480,492,68,370
741,83,81,91,80,78,90,102,123,700,660,387,701,479,46,480,492,68,370
741,83,81,79,80,78,89,53,51,48,47,479,701,46,480,492,68,370
741,83,81,79,80,92,90,102,123,700,660,387,701,46,479,492,68,370
741,83,81,91,104,297,103,324,700,660,387,701,479,46,480,492,68,370
741,83,81,79,77,75,89,53,88,49,387,701,479,46,480,492,68,370
741,83,81,91,80,78,89,53,51,48,47,479,701,46,480,492,68,370
741,83,81,91,80,92,90,102,123,700,660,387,701,46,479,492,68,370
741,83,81,79,80,78,90,101,88,49,47,479,701,46,480,492,68,370
741,83,81,91,80,78,90,101,88,49,47,479,701,46,480,492,68,370
741,83,84,91,80,78,90,101,88,48,47,479,701,46,480,492,68,370
741,83,81,79,80,78,89,53,88,49,47,479,701,46,480,492,68,370
741,94,84,91,104,92,90,102,49,47,479,701,46,480,492,68,370
741,83,84,91,104,92,90,102,49,387,701,46,479,492,68,370
741,83,81,91,80,78,89,53,88,49,47,479,701,46,480,492,68,370
741,83,84,91,80,78,89,53,88,48,47,479,701,46,480,492,68,370
741,94,84,93,104,92,90,101,88,48,47,479,701,46,480,492,68,370
741,94,84,91,104,92,90,102,123,700,660,387,701,479,46,480,492,68,370
741,83,81,91,104,297,103,102,49,387,701,479,46,480,492,68,370
741,83,84,93,561,389,298,297,103,324,700,660,387,701,479,46,480,492,68,370
741,94,84,91,104,92,90,101,88,49,47,479,701,46,480,492,68,370
741,83,84,91,104,92,90,101,88,49,387,701,46,479,492,68,370
741,83,84,91,80,78,90,102,49,387,701,479,46,480,492,68,370
741,83,81,79,80,78,90,101,88,48,47,479,701,46,480,492,68,370
741,83,81,79,77,75,74,53,88,49,387,701,479,46,480,492,68,370
741,83,84,93,104,92,90,102,49,47,479,701,46,480,492,68,370
741,94,84,91,80,92,90,102,49,47,479,701,46,480,492,68,370
741,83,81,91,80,78,90,101,88,48,47,479,701,46,480,492,68,370
741,83,84,91,80,92,90,102,49,387,701,46,479,492,68,370
741,83,81,79,77,75,74,52,54,71,595,621,69,99,386,370
741,94,84,93,104,92,90,102,49,387,701,479,46,480,492,68,370
741,83,84,93,104,92,90,102,123,700,660,387,701,479,46,480,492,68,370
741,83,81,79,80,78,89,53,88,48,47,479,701,46,480,492,68,370
741,94,84,91,80,92,90,102,123,700,660,387,701,479,46,480,492,68,370
741,83,81,91,104,92,90,102,49,387,701,46,479,492,68,370
741,83,81,91,80,78,89,53,88,48,47,479,701,46,480,492,68,370
741,83,84,93,561,389,298,297,103,102,49,387,701,479,46,480,492,68,370
741,83,84,91,80,78,90,101,88,49,387,701,479,46,480,492,68,370
741,83,84,93,104,92,90,101,88,49,47,479,701,46,480,492,68,370
741,94,84,91,80,92,90,101,88,49,47,479,701,46,480,492,68,370
741,83,84,91,80,92,90,101,88,49,387,701,46,479,492,68,370
741,83,84,91,80,78,89,53,88,49,387,701,479,46,480,492,68,370
741,94,84,93,104,92,90,101,88,49,387,701,479,46,480,492,68,370
741,83,81,79,80,78,90,102,49,387,701,479,46,480,492,68,370
741,94,84,91,104,92,90,101,88,48,47,479,701,46,480,492,68,370
741,83,81,91,104,92,90,101,88,49,387,701,46,479,492,68,370
741,83,81,91,80,78,90,102,49,387,701,479,46,480,492,68,370
741,83,81,79,80,92,90,102,49,387,701,46,479,492,68,370
741,83,81,91,80,92,90,102,49,387,701,46,479,492,68,370
741,83,81,79,80,78,90,101,88,49,387,701,479,46,480,492,68,370
741,83,81,91,80,78,90,101,88,49,387,701,479,46,480,492,68,370
741,83,84,91,104,92,90,102,49,47,479,701,46,480,492,68,370
741,83,81,79,80,92,90,101,88,49,387,701,46,479,492,68,370
741,83,84,93,104,92,90,101,88,48,47,479,701,46,480,492,68,370
741,83,81,79,80,78,89,53,88,49,387,701,479,46,480,492,68,370
741,94,84,91,80,92,90,101,88,48,47,479,701,46,480,492,68,370
741,83,81,91,80,92,90,101,88,49,387,701,46,479,492,68,370
741,94,84,91,104,92,90,102,49,387,701,479,46,480,492,68,370
741,83,84,91,104,92,90,102,123,700,660,387,701,479,46,480,492,68,370
741,94,84,93,298,389,697,683,388,295,324,700,660,387,701,479,492,68,370
741,83,81,91,80,78,89,53,88,49,387,701,479,46,480,492,68,370
741,83,84,91,104,92,90,101,88,49,47,479,701,46,480,492,68,370
741,94,84,91,104,92,90,101,88,49,387,701,479,46,480,492,68,370
741,83,84,91,80,92,90,102,49,47,479,701,46,480,492,68,370
741,83,84,93,104,92,90,102,49,387,701,479,46,480,492,68,370
741,94,84,91,80,92,90,102,49,387,701,479,46,480,492,68,370
741,83,84,91,80,92,90,102,123,700,660,387,701,479,46,480,492,68,370
741,83,81,91,104,92,90,102,49,47,479,701,46,480,492,68,370
741,94,710,709,105,737,93,298,297,103,102,49,47,67,386,370
741,94,84,93,298,389,697,683,388,295,324,700,660,387,701,46,480,492,68,370
741,83,81,91,104,92,90,102,123,700,660,387,701,479,46,480,492,68,370
741,83,84,91,80,92,90,101,88,49,47,479,701,46,480,492,68,370
741,83,84,93,104,92,90,101,88,49,387,701,479,46,480,492,68,370
741,94,84,91,80,92,90,101,88,49,387,701,479,46,480,492,68,370
741,83,81,91,104,92,90,101,88,49,47,479,701,46,480,492,68,370
741,83,84,91,104,92,90,101,88,48,47,479,701,46,480,492,68,370
741,94,710,709,105,737,93,298,388,295,324,700,660,387,701,46,479,492,68,370
741,83,81,79,80,92,90,102,49,47,479,701,46,480,492,68,370
741,83,81,91,80,92,90,102,49,47,479,701,46,480,492,68,370
741,83,81,79,80,92,90,102,123,700,660,387,701,479,46,480,492,68,370
741,94,710,709,105,737,93,298,297,103,102,49,47,67,68,370
741,83,81,91,80,92,90,102,123,700,660,387,701,479,46,480,492,68,370
741,83,81,79,80,92,90,101,88,49,47,479,701,46,480,492,68,370
741,83,81,91,80,92,90,101,88,49,47,479,701,46,480,492,68,370
741,83,84,91,80,92,90,101,88,48,47,479,701,46,480,492,68,370
741,83,84,91,104,92,90,102,49,387,701,479,46,480,492,68,370
741,83,84,93,298,389,697,683,388,295,324,700,660,387,701,479,492,68,370
741,83,81,91,104,92,90,101,88,48,47,479,701,46,480,492,68,370
741,83,84,91,104,92,90,101,88,49,387,701,479,46,480,492,68,370
741,83,84,91,80,92,90,102,49,387,701,479,46,480,492,68,370
741,83,81,79,80,92,90,101,88,48,47,479,701,46,480,492,68,370
741,83,81,91,80,92,90,101,88,48,47,479,701,46,480,492,68,370
741,83,84,93,298,389,697,683,388,295,324,700,660,387,701,46,480,492,68,370
741,83,81,91,104,92,90,102,49,387,701,479,46,480,492,68,370
741,94,84,93,298,388,295,324,700,660,387,701,46,480,65,68,370
741,83,84,91,80,92,90,101,88,49,387,701,479,46,480,492,68,370
741,83,81,91,104,92,90,101,88,49,387,701,479,46,480,492,68,370
741,83,81,79,80,92,90,102,49,387,701,479,46,480,492,68,370
741,83,81,91,80,92,90,102,49,387,701,479,46,480,492,68,370
741,83,81,79,80,92,90,101,88,49,387,701,479,46,480,492,68,370
741,83,81,91,80,92,90,101,88,49,387,701,479,46,480,492,68,370
741,94,710,709,105,737,699,389,298,388,295,324,700,660,387,701,479,492,68,370
741,94,710,709,105,737,93,561,389,298,388,295,324,700,660,387,701,479,492,68,370
741,94,710,709,105,737,699,389,298,388,295,324,700,660,387,701,46,480,492,68,370
741,83,84,93,298,388,295,324,700,660,387,701,46,480,65,68,370
741,94,710,709,105,737,93,298,388,295,324,700,660,387,701,479,46,480,492,68,370
741,94,710,709,105,737,93,561,389,298,388,295,324,700,660,387,701,46,480,492,68,370
741,94,710,709,105,737,93,298,297,103,102,123,700,660,387,701,479,492,68,370
741,94,710,709,105,737,93,298,297,295,324,700,660,387,701,479,492,68,370
741,94,710,709,105,737,93,298,297,103,102,123,700,660,387,701,46,480,492,68,370
741,94,710,709,105,737,93,298,297,295,324,700,660,387,701,46,480,492,68,370
741,94,710,709,105,737,93,104,92,103,102,49,47,479,492,68,370
741,94,710,709,105,737,93,298,297,103,324,700,660,387,701,479,492,68,370
741,83,81,79,77,75,74,52,54,71,73,625,595,100,620,386,370
741,94,710,709,105,737,93,298,297,103,102,49,387,701,479,492,68,370
741,94,710,709,105,737,93,298,297,103,324,700,660,387,701,46,480,492,68,370
741,94,710,709,105,737,93,104,297,103,102,49,47,479,492,68,370
741,94,710,709,105,737,93,298,297,103,102,49,387,701,46,480,492,68,370
741,94,710,709,105,737,699,389,298,297,103,102,49,47,479,492,68,370
741,94,710,709,105,737,93,561,389,298,297,103,102,49,47,479,492,68,370
741,94,710,709,105,737,93,298,297,103,102,49,47,479,46,480,492,68,370
741,94,710,709,105,737,93,104,92,103,102,49,47,67,386,370
741,94,710,709,105,737,93,104,92,90,102,49,47,479,492,68,370
741,94,84,93,298,389,697,683,388,295,324,700,660,387,701,46,479,492,68,370
741,94,710,709,105,737,93,104,92,90,101,88,49,47,479,492,68,370
741,94,710,709,105,737,93,104,92,103,102,49,47,67,68,370
741,94,710,709,105,737,93,104,297,103,102,49,47,67,386,370
741,94,710,709,105,737,93,104,92,90,101,88,48,47,479,492,68,370
741,83,81,79,77,75,74,52,54,71,73,625,595,621,69,99,386,370
741,83,81,79,77,78,89,53,51,70,621,595,100,620,386,370
741,83,84,93,298,389,697,683,388,295,324,700,660,387,701,46,479,492,68,370
741,94,710,709,105,737,93,104,297,103,102,49,47,67,68,370
741,94,84,91,80,78,89,53,51,70,621,595,100,620,386,370
741,83,81,79,77,75,89,53,51,70,621,595,100,620,386,370
741,94,710,709,105,737,699,389,298,297,103,102,49,47,67,386,370
741,83,81,79,77,78,89,53,51,70,621,69,50,67,386,370
741,94,710,709,105,737,699,389,298,388,295,324,700,660,387,701,46,479,492,68,370
741,94,84,93,298,389,697,683,388,295,324,700,660,387,701,479,46,480,492,68,370
741,94,710,709,105,737,93,561,389,298,297,103,102,49,47,67,386,370
741,83,81,79,77,75,74,53,51,70,621,595,100,620,386,370
741,94,710,709,105,737,699,389,298,297,103,102,49,47,67,68,370
741,83,81,79,77,75,74,52,54,70,621,595,100,620,386,370
741,83,81,79,77,75,74,52,51,70,621,595,100,620,386,370
741,94,710,709,105,737,93,104,92,90,101,88,48,50,69,99,386,370
741,83,81,79,77,78,89,53,51,70,621,69,50,67,68,370
741,94,710,709,105,737,93,104,92,103,102,123,700,660,387,701,479,492,68,370
741,94,710,709,105,737,93,561,389,298,388,295,324,700,660,387,701,46,479,492,68,370
741,94,84,91,80,78,89,53,51,70,621,69,50,67,386,370
741,83,84,91,80,78,89,53,51,70,621,595,100,620,386,370
741,94,710,709,105,737,93,561,389,298,297,103,102,49,47,67,68,370
741,83,81,79,77,75,89,53,51,70,621,69,50,67,386,370
741,94,710,709,105,737,93,104,92,103,102,123,700,660,387,701,46,480,492,68,370
741,94,84,91,80,78,89,53,51,70,621,69,50,67,68,370
741,83,81,79,80,78,89,53,51,70,621,595,100,620,386,370
741,94,710,709,105,737,93,298,297,103,102,123,700,660,387,701,46,479,492,68,370
741,83,81,91,80,78,89,53,51,70,621,595,100,620,386,370
741,94,710,709,105,737,93,298,297,295,324,700,660,387,701,46,479,492,68,370
741,83,81,79,77,75,89,53,51,70,621,69,50,67,68,370
741,94,710,709,105,737,93,104,92,90,102,49,47,67,386,370
741,94,710,709,105,737,93,104,92,103,324,700,660,387,701,479,492,68,370
741,83,84,93,298,389,697,683,388,295,324,700,660,387,701,479,46,480,492,68,370
741,83,81,79,77,75,74,53,51,70,621,69,50,67,386,370
741,94,710,709,105,737,93,104,297,103,102,123,700,660,387,701,479,492,68,370
741,83,81,79,77,75,74,52,54,70,621,69,50,67,386,370
741,83,81,79,77,75,74,52,51,70,621,69,50,67,386,370
741,94,710,709,105,737,93,104,297,295,324,700,660,387,701,479,492,68,370
741,94,84,93,298,388,295,324,700,660,387,701,479,46,480,65,68,370
741,94,710,709,105,737,93,104,92,90,101,88,49,47,67,386,370
741,94,710,709,105,737,93,104,92,90,101,88,48,50,67,386,370
741,94,84,93,561,389,298,388,295,324,700,660,387,701,46,480,65,68,370
741,94,710,709,105,737,93,104,92,103,102,49,387,701,479,492,68,370
741,94,710,709,105,737,93,104,92,90,102,49,47,67,68,370
741,83,84,91,80,78,89,53,51,70,621,69,50,67,386,370
741,94,710,709,105,737,93,104,92,103,324,700,660,387,701,46,480,492,68,370
741,83,81,79,77,75,74,53,51,70,621,69,50,67,68,370
741,83,81,79,77,75,74,52,54,70,621,69,50,67,68,370
741,94,710,709,105,737,93,104,297,103,102,123,700,660,387,701,46,480,492,68,370
741,83,81,79,77,75,74,52,51,70,621,69,50,67,68,370
741,94,710,709,105,737,93,298,297,103,324,700,660,387,701,46,479,492,68,370
741,94,710,709,105,737,93,104,297,295,324,700,660,387,701,46,480,492,68,370
741,94,710,709,105,737,93,104,92,90,101,88,49,47,67,68,370
741,94,710,709,105,737,93,104,92,90,101,88,48,50,67,68,370
741,94,710,709,105,737,93,104,92,90,101,88,48,47,67,386,370
741,94,710,709,105,737,93,104,92,103,102,49,387,701,46,480,492,68,370
741,94,710,709,105,737,93,104,297,103,324,700,660,387,701,479,492,68,370
741,94,84,93,298,297,103,102,123,700,660,387,701,46,480,65,68,370
741,83,81,79,80,78,89,53,51,70,621,69,50,67,386,370
741,83,84,91,80,78,89,53,51,70,621,69,50,67,68,370
741,83,81,91,80,78,89,53,51,70,621,69,50,67,386,370
741,94,84,93,298,297,295,324,700,660,387,701,46,480,65,68,370
741,94,710,709,105,737,93,298,297,103,102,49,387,701,46,479,492,68,370
741,94,710,709,105,737,699,389,298,388,295,324,700,660,387,701,479,46,480,492,68,370
741,94,710,709,105,737,93,104,297,103,102,49,387,701,479,492,68,370
741,94,710,709,105,737,93,104,92,90,101,88,48,47,67,68,370
741,83,84,93,298,388,295,324,700,660,387,701,479,46,480,65,68,370
741,94,710,709,105,737,93,104,297,103,324,700,660,387,701,46,480,492,68,370
741,83,81,79,80,78,89,53,51,70,621,69,50,67,68,370
741,94,84,93,298,388,295,324,700,660,387,701,479,492,480,65,68,370
741,83,81,91,80,78,89,53,51,70,621,69,50,67,68,370
741,94,710,709,105,737,699,389,298,297,103,102,123,700,660,387,701,479,492,68,370
741,83,84,93,561,389,298,388,295,324,700,660,387,701,46,480,65,68,370
741,94,710,709,105,737,699,389,298,297,295,324,700,660,387,701,479,492,68,370
741,94,710,709,105,737,93,561,389,298,388,295,324,700,660,387,701,479,46,480,492,68,370
741,94,710,709,105,737,699,389,697,683,388,295,324,700,660,387,701,479,492,68,370
741,94,84,93,298,297,103,324,700,660,387,701,46,480,65,68,370
741,94,710,709,105,737,93,104,297,103,102,49,387,701,46,480,492,68,370
741,94,710,709,105,737,93,561,389,298,297,103,102,123,700,660,387,701,479,492,68,370
741,94,710,709,105,737,93,561,389,298,297,295,324,700,660,387,701,479,492,68,370
741,94,710,709,105,737,699,389,298,297,103,102,123,700,660,387,701,46,480,492,68,370
741,94,710,709,105,737,699,389,298,297,295,324,700,660,387,701,46,480,492,68,370
741,94,84,93,298,297,103,102,49,387,701,46,480,65,68,370
741,94,710,709,105,737,93,561,389,697,683,388,295,324,700,660,387,701,479,492,68,370
741,83,84,93,298,297,103,102,123,700,660,387,701,46,480,65,68,370
741,94,710,709,105,737,93,298,297,103,102,49,47,479,701,46,480,492,68,370
741,83,84,93,298,297,295,324,700,660,387,701,46,480,65,68,370
741,94,710,709,105,737,699,389,697,683,388,295,324,700,660,387,701,46,480,492,68,370
741,94,710,709,105,737,93,298,297,103,102,123,700,660,387,701,479,46,480,492,68,370
741,94,710,709,105,737,699,389,298,297,103,324,700,660,387,701,479,492,68,370
741,94,710,709,105,737,93,298,297,295,324,700,660,387,701,479,46,480,492,68,370
741,94,710,709,105,737,93,561,389,298,297,103,102,123,700,660,387,701,46,480,492,68,370
741,94,710,709,105,737,93,561,389,298,297,295,324,700,660,387,701,46,480,492,68,370
741,94,710,709,105,737,93,561,389,697,683,388,295,324,700,660,387,701,46,480,492,68,370
741,94,710,709,105,737,699,389,298,297,103,102,49,387,701,479,492,68,370
741,83,84,93,298,388,295,324,700,660,387,701,479,492,480,65,68,370
741,94,710,709,105,737,93,561,389,298,297,103,324,700,660,387,701,479,492,68,370
741,94,710,709,105,737,699,389,298,297,103,324,700,660,387,701,46,480,492,68,370
741,83,84,93,298,297,103,324,700,660,387,701,46,480,65,68,370
741,94,710,709,105,737,93,104,92,90,102,123,700,660,387,701,479,492,68,370
741,94,710,709,105,737,93,104,92,103,102,49,47,479,46,480,492,68,370
741,94,710,709,105,737,93,561,389,298,297,103,102,49,387,701,479,492,68,370
741,94,710,709,105,737,93,298,297,103,324,700,660,387,701,479,46,480,492,68,370
741,94,710,709,105,737,699,389,298,297,103,102,49,387,701,46,480,492,68,370
741,94,710,709,105,737,93,561,389,298,297,103,324,700,660,387,701,46,480,492,68,370
741,83,84,93,298,297,103,102,49,387,701,46,480,65,68,370
741,94,710,709,105,737,93,298,297,103,102,49,387,701,479,46,480,492,68,370
741,94,710,709,105,737,93,104,92,90,102,123,700,660,387,701,46,480,492,68,370
741,94,710,709,105,737,93,561,389,298,297,103,102,49,387,701,46,480,492,68,370
741,94,710,709,105,737,93,104,297,103,102,49,47,479,46,480,492,68,370
741,94,710,709,105,737,93,104,92,90,102,49,387,701,479,492,68,370
741,94,84,93,298,297,103,102,49,47,479,46,480,65,68,370
741,94,84,93,298,388,295,324,700,660,387,701,46,480,65,66,369,370
741,94,710,709,105,737,93,104,92,90,101,88,49,387,701,479,492,68,370
741,94,710,709,105,737,93,104,92,90,102,49,387,701,46,480,492,68,370
741,94,710,709,105,737,93,104,92,90,101,88,49,387,701,46,480,492,68,370
741,94,710,709,105,737,699,389,298,297,103,102,49,47,479,46,480,492,68,370
741,83,84,93,298,297,103,102,49,47,479,46,480,65,68,370
741,94,84,93,298,297,103,102,49,47,479,492,480,65,68,370
741,83,84,93,298,388,295,324,700,660,387,701,46,480,65,66,369,370
741,94,710,709,105,737,93,561,389,298,297,103,102,49,47,479,46,480,492,68,370
741,83,81,79,77,78,89,101,88,49,387,701,46,480,65,68,370
741,94,84,91,80,78,89,101,88,49,387,701,46,480,65,68,370
741,83,84,93,298,297,103,102,49,47,479,492,480,65,68,370
741,94,710,709,105,737,93,104,92,90,102,49,47,479,46,480,492,68,370
741,83,81,79,77,75,89,101,88,49,387,701,46,480,65,68,370
741,94,710,709,105,737,93,104,92,90,101,88,49,47,479,46,480,492,68,370
741,83,81,79,77,78,89,101,88,48,50,69,99,100,620,386,370
741,94,710,709,105,737,93,104,92,103,102,123,700,660,387,701,46,479,492,68,370
741,94,710,709,105,737,93,104,92,90,101,88,48,47,479,46,480,492,68,370
741,94,84,91,80,78,89,101,88,48,50,69,99,100,620,386,370
741,83,84,91,80,78,89,101,88,49,387,701,46,480,65,68,370
741,83,81,79,77,75,89,101,88,48,50,69,99,100,620,386,370
741,94,710,709,105,737,93,104,92,103,324,700,660,387,701,46,479,492,68,370
741,94,710,709,105,737,93,104,297,103,102,123,700,660,387,701,46,479,492,68,370
741,83,81,79,77,78,89,101,88,49,47,479,46,480,65,68,370
741,94,710,709,105,737,93,104,297,295,324,700,660,387,701,46,479,492,68,370
741,94,84,93,104,92,103,102,123,700,660,387,701,46,480,65,68,370
741,83,81,79,80,78,89,101,88,49,387,701,46,480,65,68,370
741,83,81,91,80,78,89,101,88,49,387,701,46,480,65,68,370
741,94,710,709,105,737,93,104,92,103,102,49,387,701,46,479,492,68,370
741,83,81,79,77,78,89,101,88,48,47,479,46,480,65,68,370
741,94,84,91,80,78,89,101,88,49,47,479,46,480,65,68,370
741,83,84,91,80,78,89,101,88,48,50,69,99,100,620,386,370
741,94,710,709,105,737,93,104,297,103,324,700,660,387,701,46,479,492,68,370
741,83,81,79,77,75,89,101,88,49,47,479,46,480,65,68,370
741,94,84,91,104,92,103,102,123,700,660,387,701,46,480,65,68,370
741,94,84,93,104,92,103,324,700,660,387,701,46,480,65,68,370
741,94,84,93,104,297,103,102,123,700,660,387,701,46,480,65,68,370
741,94,84,93,104,297,295,324,700,660,387,701,46,480,65,68,370
741,94,710,709,105,737,93,104,297,103,102,49,387,701,46,479,492,68,370
741,94,84,91,80,78,89,101,88,48,47,479,46,480,65,68,370
741,83,81,79,80,78,89,101,88,48,50,69,99,100,620,386,370
741,83,81,91,80,78,89,101,88,48,50,69,99,100,620,386,370
741,83,81,79,77,78,89,101,88,49,47,479,492,480,65,68,370
741,94,84,93,104,92,103,102,49,387,701,46,480,65,68,370
741,83,84,93,104,92,103,102,123,700,660,387,701,46,480,65,68,370
741,83,81,79,77,75,89,101,88,48,47,479,46,480,65,68,370
741,94,84,91,80,92,103,102,123,700,660,387,701,46,480,65,68,370
741,94,84,93,298,388,295,324,700,660,387,701,46,479,492,480,65,68,370
741,94,710,709,105,737,699,389,298,297,103,102,123,700,660,387,701,46,479,492,68,370
741,94,710,709,105,737,93,104,92,103,102,49,47,479,701,46,480,492,68,370
741,94,710,709,105,737,699,389,298,297,295,324,700,660,387,701,46,479,492,68,370
741,94,710,709,105,737,93,104,92,103,102,123,700,660,387,701,479,46,480,492,68,370
741,94,710,709,105,737,699,389,697,683,388,295,324,700,660,387,701,46,479,492,68,370
741,94,84,91,104,92,103,324,700,660,387,701,46,480,65,68,370
741,94,710,709,105,737,93,561,389,298,297,103,102,123,700,660,387,701,46,479,492,68,370
741,83,81,79,77,78,89,101,88,48,47,479,492,480,65,68,370
741,83,84,91,80,78,89,101,88,49,47,479,46,480,65,68,370
741,94,710,709,105,737,93,561,389,298,297,295,324,700,660,387,701,46,479,492,68,370
741,94,84,91,104,297,103,102,123,700,660,387,701,46,480,65,68,370
741,94,84,93,104,297,103,324,700,660,387,701,46,480,65,68,370
741,94,84,91,80,78,89,101,88,49,47,479,492,480,65,68,370
741,94,84,91,104,297,295,324,700,660,387,701,46,480,65,68,370
741,83,81,79,77,78,90,102,123,700,660,387,701,46,480,65,68,370
741,94,710,709,105,737,93,561,389,697,683,388,295,324,700,660,387,701,46,479,492,68,370
741,83,81,79,77,75,89,101,88,49,47,479,492,480,65,68,370
741,94,84,91,104,92,103,102,49,387,701,46,480,65,68,370
741,83,84,91,104,92,103,102,123,700,660,387,701,46,480,65,68,370
741,83,84,93,104,92,103,324,700,660,387,701,46,480,65,68,370
741,94,84,91,80,92,103,324,700,660,387,701,46,480,65,68,370
741,94,84,93,561,389,298,388,295,324,700,660,387,701,479,46,480,65,68,370
741,94,710,709,105,737,699,389,298,297,103,324,700,660,387,701,46,479,492,68,370
741,94,84,93,104,297,103,102,49,387,701,46,480,65,68,370
741,83,84,93,104,297,103,102,123,700,660,387,701,46,480,65,68,370
741,83,81,79,80,78,89,101,88,49,47,479,46,480,65,68,370
741,94,710,709,105,737,93,104,92,103,324,700,660,387,701,479,46,480,492,68,370
741,94,710,709,105,737,93,104,297,103,102,49,47,479,701,46,480,492,68,370
741,83,84,93,104,297,295,324,700,660,387,701,46,480,65,68,370
741,83,81,91,80,78,89,101,88,49,47,479,46,480,65,68,370
741,83,84,91,80,78,89,101,88,48,47,479,46,480,65,68,370
741,94,710,709,105,737,93,104,297,103,102,123,700,660,387,701,479,46,480,492,68,370
741,94,84,91,80,78,89,101,88,48,47,479,492,480,65,68,370
741,83,84,93,104,92,103,102,49,387,701,46,480,65,68,370
741,94,710,709,105,737,93,104,297,295,324,700,660,387,701,479,46,480,492,68,370
741,94,84,91,80,92,103,102,49,387,701,46,480,65,68,370
741,83,84,91,80,92,103,102,123,700,660,387,701,46,480,65,68,370
741,94,710,709,105,737,699,389,298,297,103,102,49,387,701,46,479,492,68,370
741,83,84,93,298,388,295,324,700,660,387,701,46,479,492,480,65,68,370
741,94,710,709,105,737,93,561,389,298,297,103,324,700,660,387,701,46,479,492,68,370
741,94,84,91,80,78,90,102,123,700,660,387,701,46,480,65,68,370
741,83,81,79,77,75,89,101,88,48,47,479,492,480,65,68,370
741,83,81,91,104,92,103,102,123,700,660,387,701,46,480,65,68,370
741,94,84,93,298,297,103,102,49,47,479,701,46,480,65,68,370
741,94,84,91,104,297,103,324,700,660,387,701,46,480,65,68,370
741,94,710,709,105,737,93,104,92,103,102,49,387,701,479,46,480,492,68,370
741,94,84,93,298,297,103,102,123,700,660,387,701,479,46,480,65,68,370
741,94,84,93,298,297,295,324,700,660,387,701,479,46,480,65,68,370
741,83,81,79,80,78,89,101,88,48,47,479,46,480,65,68,370
741,94,710,709,105,737,93,104,92,90,102,123,700,660,387,701,46,479,492,68,370
741,94,84,93,561,389,298,297,103,102,123,700,660,387,701,46,480,65,68,370
741,83,81,91,80,78,89,101,88,48,47,479,46,480,65,68,370
741,83,84,91,104,92,103,324,700,660,387,701,46,480,65,68,370
741,94,84,93,561,389,298,297,295,324,700,660,387,701,46,480,65,68,370
741,94,710,709,105,737,93,561,389,298,297,103,102,49,387,701,46,479,492,68,370
741,83,81,79,80,92,103,102,123,700,660,387,701,46,480,65,68,370
741,94,84,91,104,297,103,102,49,387,701,46,480,65,68,370
741,83,84,91,104,297,103,102,123,700,660,387,701,46,480,65,68,370
741,83,84,93,104,297,103,324,700,660,387,701,46,480,65,68,370
741,83,81,91,80,92,103,102,123,700,660,387,701,46,480,65,68,370
741,94,84,93,561,389,697,683,388,295,324,700,660,387,701,46,480,65,68,370
741,83,84,91,80,78,89,101,88,49,47,479,492,480,65,68,370
741,83,84,91,104,297,295,324,700,660,387,701,46,480,65,68,370
741,83,81,79,77,78,90,102,49,387,701,46,480,65,68,370
741,94,710,709,105,737,93,104,297,103,324,700,660,387,701,479,46,480,492,68,370
741,83,84,91,104,92,103,102,49,387,701,46,480,65,68,370
741,83,84,91,80,92,103,324,700,660,387,701,46,480,65,68,370
741,83,84,93,561,389,298,388,295,324,700,660,387,701,479,46,480,65,68,370
741,94,84,93,561,389,298,388,295,324,700,660,387,701,479,492,480,65,68,370
741,83,81,79,77,78,90,101,88,49,387,701,46,480,65,68,370
741,83,81,91,104,92,103,324,700,660,387,701,46,480,65,68,370
741,83,84,93,104,297,103,102,49,387,701,46,480,65,68,370
741,94,84,93,104,92,103,102,49,47,479,46,480,65,68,370
741,94,84,93,298,297,103,324,700,660,387,701,479,46,480,65,68,370
741,83,81,79,80,78,89,101,88,49,47,479,492,480,65,68,370
741,83,81,79,77,78,89,53,88,49,387,701,46,480,65,68,370
741,83,81,91,104,297,103,102,123,700,660,387,701,46,480,65,68,370
741,94,710,709,105,737,93,104,297,103,102,49,387,701,479,46,480,492,68,370
741,83,81,91,80,78,89,101,88,49,47,479,492,480,65,68,370
741,83,84,91,80,78,89,101,88,48,47,479,492,480,65,68,370
741,83,81,91,104,297,295,324,700,660,387,701,46,480,65,68,370
741,94,84,93,561,389,298,297,103,324,700,660,387,701,46,480,65,68,370
741,83,84,91,80,92,103,102,49,387,701,46,480,65,68,370
741,94,710,709,105,737,699,389,298,297,103,102,49,47,479,701,46,480,492,68,370
741,94,84,91,80,78,90,102,49,387,701,46,480,65,68,370
741,83,84,91,80,78,90,102,123,700,660,387,701,46,480,65,68,370
741,83,81,79,80,92,103,324,700,660,387,701,46,480,65,68,370
741,83,81,91,104,92,103,102,49,387,701,46,480,65,68,370
741,94,710,709,105,737,699,389,298,297,103,102,123,700,660,387,701,479,46,480,492,68,370
741,83,81,79,77,78,89,53,51,48,50,69,99,100,620,386,370
741,83,84,93,298,297,103,102,49,47,479,701,46,480,65,68,370
741,83,84,91,104,297,103,324,700,660,387,701,46,480,65,68,370
741,83,81,91,80,92,103,324,700,660,387,701,46,480,65,68,370
741,94,710,709,105,737,699,389,298,297,295,324,700,660,387,701,479,46,480,492,68,370
741,94,84,93,298,297,103,102,49,387,701,479,46,480,65,68,370
741,83,84,93,298,297,103,102,123,700,660,387,701,479,46,480,65,68,370
741,94,84,93,104,92,90,102,123,700,660,387,701,46,480,65,68,370
741,83,84,93,298,297,295,324,700,660,387,701,479,46,480,65,68,370
741,94,710,709,105,737,699,389,697,683,388,295,324,700,660,387,701,479,46,480,492,68,370
741,94,710,709,105,737,93,104,92,90,102,49,387,701,46,479,492,68,370
741,94,84,93,298,297,103,102,123,700,660,387,701,479,492,480,65,68,370
741,94,84,93,561,389,298,297,103,102,49,387,701,46,480,65,68,370
741,83,84,93,561,389,298,297,103,102,123,700,660,387,701,46,480,65,68,370
741,94,84,91,80,78,90,101,88,49,387,701,46,480,65,68,370
741,94,84,93,298,297,295,324,700,660,387,701,479,492,480,65,68,370
741,83,81,79,80,78,89,101,88,48,47,479,492,480,65,68,370
741,94,710,709,105,737,93,561,389,298,297,103,102,49,47,479,701,46,480,492,68,370
741,83,84,93,561,389,298,297,295,324,700,660,387,701,46,480,65,68,370
741,83,81,91,80,78,89,101,88,48,47,479,492,480,65,68,370
741,83,81,79,80,92,103,102,49,387,701,46,480,65,68,370
741,94,84,91,80,78,89,53,88,49,387,701,46,480,65,68,370
741,83,84,91,104,297,103,102,49,387,701,46,480,65,68,370
741,94,84,91,104,92,103,102,49,47,479,46,480,65,68,370
741,94,710,709,105,737,93,561,389,298,297,103,102,123,700,660,387,701,479,46,480,492,68,370
741,83,81,91,80,92,103,102,49,387,701,46,480,65,68,370
741,83,81,79,80,78,90,102,123,700,660,387,701,46,480,65,68,370
741,83,84,93,561,389,697,683,388,295,324,700,660,387,701,46,480,65,68,370
741,94,710,709,105,737,93,561,389,298,297,295,324,700,660,387,701,479,46,480,492,68,370
741,94,710,709,105,737,93,104,92,90,101,88,49,387,701,46,479,492,68,370
741,83,81,91,80,78,90,102,123,700,660,387,701,46,480,65,68,370
741,83,81,91,104,297,103,324,700,660,387,701,46,480,65,68,370
741,94,84,93,104,297,103,102,49,47,479,46,480,65,68,370
741,83,81,79,77,75,89,53,88,49,387,701,46,480,65,68,370
741,94,710,709,105,737,93,561,389,697,683,388,295,324,700,660,387,701,479,46,480,492,68,370
741,94,84,91,80,78,89,53,51,48,50,69,99,100,620,386,370
741,83,81,79,77,78,90,101,88,48,50,69,99,100,620,386,370
741,94,710,709,105,737,699,389,298,297,103,324,700,660,387,701,479,46,480,492,68,370
741,83,84,93,561,389,298,388,295,324,700,660,387,701,479,492,480,65,68,370
741,83,81,79,77,78,89,53,88,48,50,69,99,100,620,386,370
741,83,84,93,104,92,103,102,49,47,479,46,480,65,68,370
741,83,81,79,77,75,89,53,51,48,50,69,99,100,620,386,370
741,94,84,91,80,92,103,102,49,47,479,46,480,65,68,370
741,94,84,91,104,92,90,102,123,700,660,387,701,46,480,65,68,370
741,94,84,93,104,92,103,102,49,47,479,492,480,65,68,370
741,83,84,93,298,297,103,324,700,660,387,701,479,46,480,65,68,370
741,83,81,91,104,297,103,102,49,387,701,46,480,65,68,370
741,83,81,79,77,78,89,53,51,70,50,69,99,100,620,386,370
741,94,84,93,298,297,103,324,700,660,387,701,479,492,480,65,68,370
741,83,84,93,561,389,298,297,103,324,700,660,387,701,46,480,65,68,370
741,83,84,91,80,78,90,102,49,387,701,46,480,65,68,370
741,94,710,709,105,737,699,389,298,297,103,102,49,387,701,479,46,480,492,68,370
741,83,81,79,77,75,74,53,88,49,387,701,46,480,65,68,370
741,94,710,709,105,737,93,561,389,298,297,103,324,700,660,387,701,479,46,480,492,68,370
741,83,81,79,77,78,89,53,51,70,621,69,99,100,620,386,370
741,83,84,93,298,297,103,102,49,387,701,479,46,480,65,68,370
741,94,84,93,104,92,90,102,49,387,701,46,480,65,68,370
741,94,84,91,80,78,90,101,88,48,50,69,99,100,620,386,370
741,83,84,93,104,92,90,102,123,700,660,387,701,46,480,65,68,370
741,94,84,91,80,92,90,102,123,700,660,387,701,46,480,65,68,370
741,94,84,91,104,297,103,102,49,47,479,46,480,65,68,370
741,94,710,709,105,737,93,104,92,90,102,49,47,479,701,46,480,492,68,370
741,94,84,93,298,297,103,102,49,387,701,479,492,480,65,68,370
741,83,84,93,298,297,103,102,123,700,660,387,701,479,492,480,65,68,370
741,83,84,93,561,389,298,297,103,102,49,387,701,46,480,65,68,370
741,83,84,91,80,78,90,101,88,49,387,701,46,480,65,68,370
741,83,81,79,77,78,90,102,49,47,479,46,480,65,68,370
741,94,84,91,80,78,89,53,88,48,50,69,99,100,620,386,370
741,83,81,79,77,75,74,53,51,48,50,69,99,100,620,386,370
741,94,710,709,105,737,93,104,92,90,102,123,700,660,387,701,479,46,480,492,68,370
741,83,84,93,298,297,295,324,700,660,387,701,479,492,480,65,68,370
741,83,81,79,77,75,74,52,51,48,50,69,99,100,620,386,370
741,94,710,709,105,737,93,561,389,298,297,103,102,49,387,701,479,46,480,492,68,370
741,83,84,91,80,78,89,53,88,49,387,701,46,480,65,68,370
741,94,84,93,104,92,90,101,88,49,387,701,46,480,65,68,370
741,83,84,91,104,92,103,102,49,47,479,46,480,65,68,370
741,83,81,79,77,75,89,53,88,48,50,69,99,100,620,386,370
741,83,81,79,80,78,90,102,49,387,701,46,480,65,68,370
741,83,81,79,77,78,89,53,51,48,47,479,46,480,65,68,370
741,94,84,91,80,78,89,53,51,70,50,69,99,100,620,386,370
741,94,710,709,105,737,93,104,92,90,101,88,49,47,479,701,46,480,492,68,370
741,83,81,91,80,78,90,102,49,387,701,46,480,65,68,370
741,94,84,91,104,92,103,102,49,47,479,492,480,65,68,370
741,83,81,79,77,78,90,101,88,49,47,479,46,480,65,68,370
741,83,84,93,104,297,103,102,49,47,479,46,480,65,68,370
741,83,81,79,77,75,89,53,51,70,50,69,99,100,620,386,370
741,94,84,93,104,297,103,102,49,47,479,492,480,65,68,370
741,83,84,91,80,78,89,53,51,48,50,69,99,100,620,386,370
741,83,81,79,77,78,89,53,88,49,47,479,46,480,65,68,370
741,94,84,91,80,78,89,53,51,70,621,69,99,100,620,386,370
741,83,81,79,80,78,90,101,88,49,387,701,46,480,65,68,370
741,83,81,91,80,78,90,101,88,49,387,701,46,480,65,68,370
741,83,84,91,80,92,103,102,49,47,479,46,480,65,68,370
741,83,81,79,80,78,89,53,88,49,387,701,46,480,65,68,370
741,83,81,79,77,75,89,53,51,70,621,69,99,100,620,386,370
741,94,84,91,104,92,90,102,49,387,701,46,480,65,68,370
741,94,84,91,80,78,90,102,49,47,479,46,480,65,68,370
741,83,84,91,104,92,90,102,123,700,660,387,701,46,480,65,68,370
741,83,84,93,104,92,103,102,49,47,479,492,480,65,68,370
741,94,84,91,80,92,103,102,49,47,479,492,480,65,68,370
741,83,81,91,80,78,89,53,88,49,387,701,46,480,65,68,370
741,83,81,91,104,92,103,102,49,47,479,46,480,65,68,370
741,83,84,93,298,297,103,324,700,660,387,701,479,492,480,65,68,370
741,94,710,709,105,737,93,104,92,90,101,88,48,47,479,701,46,480,492,68,370
741,83,81,79,77,75,74,53,88,48,50,69,99,100,620,386,370
741,83,81,79,77,75,74,52,54,71,595,621,70,50,69,99,386,370
741,94,84,91,80,78,89,53,51,48,47,479,46,480,65,68,370
741,83,81,79,77,78,90,101,88,48,47,479,46,480,65,68,370
741,83,81,79,80,78,89,53,51,48,50,69,99,100,620,386,370
741,94,84,93,561,389,298,297,103,102,49,47,479,46,480,65,68,370
741,94,84,91,104,92,90,101,88,49,387,701,46,480,65,68,370
741,83,81,91,80,78,89,53,51,48,50,69,99,100,620,386,370
741,94,84,91,80,78,90,101,88,49,47,479,46,480,65,68,370
741,94,84,93,298,388,295,324,700,660,387,701,479,46,480,65,66,369,370
741,83,81,79,77,78,89,53,88,48,47,479,46,480,65,68,370
741,83,81,79,77,75,74,53,51,70,50,69,99,100,620,386,370
741,83,81,79,77,75,89,53,51,48,47,479,46,480,65,68,370
741,83,81,79,77,75,74,52,54,70,50,69,99,100,620,386,370
741,83,81,79,77,75,74,52,51,70,50,69,99,100,620,386,370
741,83,84,93,104,92,90,102,49,387,701,46,480,65,68,370
741,83,81,79,80,92,103,102,49,47,479,46,480,65,68,370
741,83,84,91,80,78,90,101,88,48,50,69,99,100,620,386,370
741,94,84,91,80,92,90,102,49,387,701,46,480,65,68,370
741,83,84,91,80,92,90,102,123,700,660,387,701,46,480,65,68,370
741,94,84,91,80,78,89,53,88,49,47,479,46,480,65,68,370
741,83,84,91,104,297,103,102,49,47,479,46,480,65,68,370
741,94,84,93,561,389,298,388,295,324,700,660,387,701,46,480,65,66,369,370
741,83,81,91,80,92,103,102,49,47,479,46,480,65,68,370
741,83,84,93,298,297,103,102,49,387,701,479,492,480,65,68,370
741,83,81,91,104,92,90,102,123,700,660,387,701,46,480,65,68,370
741,94,84,91,104,297,103,102,49,47,479,492,480,65,68,370
741,83,84,91,80,78,89,53,88,48,50,69,99,100,620,386,370
741,94,84,93,104,92,90,101,88,48,50,69,99,100,620,386,370
741,94,710,709,105,737,93,104,92,90,102,49,387,701,479,46,480,492,68,370
741,83,81,79,77,75,74,53,51,70,621,69,99,100,620,386,370
741,83,81,79,77,75,89,53,88,49,47,479,46,480,65,68,370
741,83,81,79,77,78,90,102,49,47,479,492,480,65,68,370
741,83,81,79,77,75,74,52,54,70,621,69,99,100,620,386,370
741,83,81,79,77,75,74,52,51,70,621,69,99,100,620,386,370
741,83,81,79,77,78,89,101,88,49,47,479,701,46,480,65,68,370
741,83,84,93,104,92,90,101,88,49,387,701,46,480,65,68,370
741,94,84,91,80,92,90,101,88,49,387,701,46,480,65,68,370
741,83,84,91,80,78,89,53,51,70,50,69,99,100,620,386,370
741,83,84,91,104,92,103,102,49,47,479,492,480,65,68,370
741,83,81,79,77,78,89,53,51,48,47,479,492,480,65,68,370
741,94,84,91,80,78,90,101,88,48,47,479,46,480,65,68,370
741,94,710,709,105,737,93,104,92,90,101,88,49,387,701,479,46,480,492,68,370
741,83,81,79,80,78,90,101,88,48,50,69,99,100,620,386,370
741,83,81,79,80,92,90,102,123,700,660,387,701,46,480,65,68,370
741,83,81,91,80,78,90,101,88,48,50,69,99,100,620,386,370
741,83,81,79,77,78,90,101,88,49,47,479,492,480,65,68,370
741,83,84,93,104,297,103,102,49,47,479,492,480,65,68,370
741,83,81,91,80,92,90,102,123,700,660,387,701,46,480,65,68,370
741,83,81,91,104,297,103,102,49,47,479,46,480,65,68,370
741,94,84,91,80,78,89,53,88,48,47,479,46,480,65,68,370
741,83,81,79,77,75,74,53,51,48,47,479,46,480,65,68,370
741,83,84,91,80,78,89,53,51,70,621,69,99,100,620,386,370
741,83,81,79,80,78,89,53,88,48,50,69,99,100,620,386,370
741,83,81,79,77,75,74,52,51,48,47,479,46,480,65,68,370
741,94,84,93,298,297,103,102,123,700,660,387,701,46,480,65,66,369,370
741,83,81,91,80,78,89,53,88,48,50,69,99,100,620,386,370
741,83,81,79,77,78,89,53,88,49,47,479,492,480,65,68,370
741,94,84,93,298,297,295,324,700,660,387,701,46,480,65,66,369,370
741,83,81,79,77,75,89,53,88,48,47,479,46,480,65,68,370
741,83,84,91,104,92,90,102,49,387,701,46,480,65,68,370
741,83,84,91,80,78,90,102,49,47,479,46,480,65,68,370
741,83,81,79,80,78,89,53,51,70,50,69,99,100,620,386,370
741,83,81,79,77,78,89,101,88,48,47,479,701,46,480,65,68,370
741,83,84,91,80,92,103,102,49,47,479,492,480,65,68,370
741,83,81,79,77,75,74,53,88,49,47,479,46,480,65,68,370
741,83,81,91,80,78,89,53,51,70,50,69,99,100,620,386,370
741,94,84,91,80,78,90,102,49,47,479,492,480,65,68,370
741,94,84,91,80,78,89,101,88,49,47,479,701,46,480,65,68,370
741,83,81,91,104,92,103,102,49,47,479,492,480,65,68,370
741,94,84,91,104,92,90,101,88,48,50,69,99,100,620,386,370
741,94,84,93,104,92,90,102,49,47,479,46,480,65,68,370
741,94,710,709,105,737,93,298,389,697,683,388,295,324,700,660,387,701,479,492,68,370
741,83,84,91,80,78,89,53,51,48,47,479,46,480,65,68,370
741,83,81,79,77,75,74,52,54,71,595,621,70,50,67,386,370
741,83,84,93,561,389,298,297,103,102,49,47,479,46,480,65,68,370
741,83,81,79,80,78,89,53,51,70,621,69,99,100,620,386,370
741,83,84,91,104,92,90,101,88,49,387,701,46,480,65,68,370
741,94,84,91,80,78,89,53,51,48,47,479,492,480,65,68,370
741,83,81,79,77,75,89,101,88,49,47,479,701,46,480,65,68,370
741,83,81,79,77,78,90,101,88,48,47,479,492,480,65,68,370
741,83,84,91,80,78,90,101,88,49,47,479,46,480,65,68,370
741,83,81,79,77,75,74,52,54,71,595,621,69,50,67,386,370
741,83,84,93,298,388,295,324,700,660,387,701,479,46,480,65,66,369,370
741,83,81,91,80,78,89,53,51,70,621,69,99,100,620,386,370
741,94,84,93,561,389,298,297,103,102,49,47,479,492,480,65,68,370
741,94,84,91,80,78,90,101,88,49,47,479,492,480,65,68,370
741,83,84,91,80,92,90,102,49,387,701,46,480,65,68,370
741,94,84,93,298,388,295,324,700,660,387,701,479,492,480,65,66,369,370
741,83,81,79,77,78,89,53,88,48,47,479,492,480,65,68,370
741,83,84,91,80,78,89,53,88,49,47,479,46,480,65,68,370
741,94,84,93,104,92,90,101,88,49,47,479,46,480,65,68,370
741,83,81,79,77,75,89,53,51,48,47,479,492,480,65,68,370
741,83,84,93,561,389,298,388,295,324,700,660,387,701,46,480,65,66,369,370
741,83,81,79,80,78,90,102,49,47,479,46,480,65,68,370
741,83,81,79,80,92,103,102,49,47,479,492,480,65,68,370
741,83,81,91,104,92,90,102,49,387,701,46,480,65,68,370
741,83,81,91,80,78,90,102,49,47,479,46,480,65,68,370
741,94,84,91,80,78,89,53,88,49,47,479,492,480,65,68,370
741,83,84,91,104,297,103,102,49,47,479,492,480,65,68,370
741,83,84,93,104,92,90,101,88,48,50,69,99,100,620,386,370
741,83,81,91,80,92,103,102,49,47,479,492,480,65,68,370
741,94,84,91,80,92,90,101,88,48,50,69,99,100,620,386,370
741,83,81,79,77,75,74,53,88,48,47,479,46,480,65,68,370
741,83,81,79,80,78,89,53,51,48,47,479,46,480,65,68,370
741,94,84,93,298,297,103,324,700,660,387,701,46,480,65,66,369,370
741,94,84,91,80,78,89,101,88,48,47,479,701,46,480,65,68,370
741,94,710,709,105,737,93,298,389,697,683,388,295,324,700,660,387,701,46,480,492,68,370
741,83,81,79,77,75,89,53,88,49,47,479,492,480,65,68,370
741,83,84,91,80,92,90,101,88,49,387,701,46,480,65,68,370
741,83,81,79,77,75,74,52,54,71,595,621,70,50,67,68,370
741,83,81,91,80,78,89,53,51,48,47,479,46,480,65,68,370
741,83,81,79,77,78,89,101,88,49,387,701,479,46,480,65,68,370
741,83,81,79,80,78,90,101,88,49,47,479,46,480,65,68,370
741,83,81,79,77,75,74,52,54,71,595,621,69,50,67,68,370
741,83,81,91,104,92,90,101,88,49,387,701,46,480,65,68,370
741,83,81,91,80,78,90,101,88,49,47,479,46,480,65,68,370
741,83,81,79,77,75,89,101,88,48,47,479,701,46,480,65,68,370
741,83,84,91,80,78,90,101,88,48,47,479,46,480,65,68,370
741,83,81,79,80,92,90,102,49,387,701,46,480,65,68,370
741,83,81,79,80,78,89,53,88,49,47,479,46,480,65,68,370
741,94,84,91,104,92,90,102,49,47,479,46,480,65,68,370
741,94,84,91,80,78,90,101,88,48,47,479,492,480,65,68,370
741,83,81,91,80,92,90,102,49,387,701,46,480,65,68,370
741,83,81,91,80,78,89,53,88,49,47,479,46,480,65,68,370
741,83,84,91,80,78,89,53,88,48,47,479,46,480,65,68,370
741,94,84,93,104,92,90,101,88,48,47,479,46,480,65,68,370
741,94,84,93,298,297,103,102,49,387,701,46,480,65,66,369,370
741,83,84,93,298,297,103,102,123,700,660,387,701,46,480,65,66,369,370
741,83,81,91,104,297,103,102,49,47,479,492,480,65,68,370
741,94,84,91,80,78,89,53,88,48,47,479,492,480,65,68,370
741,83,81,79,77,75,74,53,51,48,47,479,492,480,65,68,370
741,83,84,93,298,297,295,324,700,660,387,701,46,480,65,66,369,370
741,83,81,79,77,75,74,52,51,48,47,479,492,480,65,68,370
741,83,81,79,80,92,90,101,88,49,387,701,46,480,65,68,370
741,94,84,91,104,92,90,101,88,49,47,479,46,480,65,68,370
741,83,81,91,80,92,90,101,88,49,387,701,46,480,65,68,370
741,83,81,79,77,75,89,53,88,48,47,479,492,480,65,68,370
741,83,84,91,80,78,90,102,49,47,479,492,480,65,68,370
741,83,81,79,80,78,90,101,88,48,47,479,46,480,65,68,370
741,83,84,91,80,78,89,101,88,49,47,479,701,46,480,65,68,370
741,83,84,91,104,92,90,101,88,48,50,69,99,100,620,386,370
741,83,81,79,77,75,74,53,88,49,47,479,492,480,65,68,370
741,83,84,93,104,92,90,102,49,47,479,46,480,65,68,370
741,94,84,91,80,92,90,102,49,47,479,46,480,65,68,370
741,83,81,91,80,78,90,101,88,48,47,479,46,480,65,68,370
741,94,84,91,80,78,89,101,88,49,387,701,479,46,480,65,68,370
741,94,84,93,104,92,90,102,49,47,479,492,480,65,68,370
741,83,81,79,80,78,89,53,88,48,47,479,46,480,65,68,370
741,83,84,91,80,78,89,53,51,48,47,479,492,480,65,68,370
741,83,81,91,80,78,89,53,88,48,47,479,46,480,65,68,370
741,83,84,93,561,389,298,297,103,102,49,47,479,492,480,65,68,370
741,83,81,79,77,75,89,101,88,49,387,701,479,46,480,65,68,370
741,83,84,91,80,78,90,101,88,49,47,479,492,480,65,68,370
741,83,84,93,298,388,295,324,700,660,387,701,479,492,480,65,66,369,370
741,83,84,93,104,92,90,101,88,49,47,479,46,480,65,68,370
741,94,84,91,80,92,90,101,88,49,47,479,46,480,65,68,370
741,83,84,91,80,78,89,53,88,49,47,479,492,480,65,68,370
741,94,84,93,104,92,90,101,88,49,47,479,492,480,65,68,370
741,83,81,79,80,78,90,102,49,47,479,492,480,65,68,370
741,83,84,91,80,92,90,101,88,48,50,69,99,100,620,386,370
741,94,84,91,104,92,90,101,88,48,47,479,46,480,65,68,370
741,83,81,79,80,78,89,101,88,49,47,479,701,46,480,65,68,370
741,83,81,91,80,78,90,102,49,47,479,492,480,65,68,370
741,83,81,91,80,78,89,101,88,49,47,479,701,46,480,65,68,370
741,83,84,93,298,297,103,324,700,660,387,701,46,480,65,66,369,370
741,83,84,91,80,78,89,101,88,48,47,479,701,46,480,65,68,370
741,83,81,91,104,92,90,101,88,48,50,69,99,100,620,386,370
741,83,81,79,77,75,74,53,88,48,47,479,492,480,65,68,370
741,83,81,79,80,78,89,53,51,48,47,479,492,480,65,68,370
741,83,81,91,80,78,89,53,51,48,47,479,492,480,65,68,370
741,83,81,79,77,78,89,101,88,49,387,701,479,492,480,65,68,370
741,94,710,709,105,737,93,298,388,295,324,700,660,387,701,46,480,65,68,370
741,83,81,79,80,78,90,101,88,49,47,479,492,480,65,68,370
741,83,81,91,80,78,90,101,88,49,47,479,492,480,65,68,370
741,83,84,91,104,92,90,102,49,47,479,46,480,65,68,370
741,83,84,91,80,78,90,101,88,48,47,479,492,480,65,68,370
741,83,84,93,104,92,90,101,88,48,47,479,46,480,65,68,370
741,94,84,91,80,92,90,101,88,48,47,479,46,480,65,68,370
741,83,81,79,80,78,89,53,88,49,47,479,492,480,65,68,370
741,94,84,91,104,92,90,102,49,47,479,492,480,65,68,370
741,83,84,93,298,297,103,102,49,387,701,46,480,65,66,369,370
741,83,81,79,80,92,90,101,88,48,50,69,99,100,620,386,370
741,83,81,91,80,78,89,53,88,49,47,479,492,480,65,68,370
741,83,84,91,80,78,89,53,88,48,47,479,492,480,65,68,370
741,94,84,93,104,92,90,101,88,48,47,479,492,480,65,68,370
741,83,81,91,80,92,90,101,88,48,50,69,99,100,620,386,370
741,83,81,79,80,78,89,101,88,48,47,479,701,46,480,65,68,370
741,83,81,91,80,78,89,101,88,48,47,479,701,46,480,65,68,370
741,83,84,91,104,92,90,101,88,49,47,479,46,480,65,68,370
741,94,84,91,104,92,90,101,88,49,47,479,492,480,65,68,370
741,83,84,91,80,92,90,102,49,47,479,46,480,65,68,370
741,83,84,91,80,78,89,101,88,49,387,701,479,46,480,65,68,370
741,83,81,79,80,78,90,101,88,48,47,479,492,480,65,68,370
741,83,84,93,104,92,90,102,49,47,479,492,480,65,68,370
741,94,84,91,80,92,90,102,49,47,479,492,480,65,68,370
741,83,81,91,104,92,90,102,49,47,479,46,480,65,68,370
741,83,81,91,80,78,90,101,88,48,47,479,492,480,65,68,370
741,94,84,91,80,78,89,101,88,49,387,701,479,492,480,65,68,370
741,83,81,79,80,78,89,53,88,48,47,479,492,480,65,68,370
741,83,81,91,80,78,89,53,88,48,47,479,492,480,65,68,370
741,83,84,91,80,92,90,101,88,49,47,479,46,480,65,68,370
741,83,81,79,77,75,89,101,88,49,387,701,479,492,480,65,68,370
741,83,84,93,104,92,90,101,88,49,47,479,492,480,65,68,370
741,94,84,91,80,92,90,101,88,49,47,479,492,480,65,68,370
741,83,81,91,104,92,90,101,88,49,47,479,46,480,65,68,370
741,94,84,93,104,92,103,102,49,47,479,701,46,480,65,68,370
741,83,84,91,104,92,90,101,88,48,47,479,46,480,65,68,370
741,83,81,79,80,92,90,102,49,47,479,46,480,65,68,370
741,94,84,93,104,92,103,102,123,700,660,387,701,479,46,480,65,68,370
741,94,84,91,104,92,90,101,88,48,47,479,492,480,65,68,370
741,83,81,79,80,78,89,101,88,49,387,701,479,46,480,65,68,370
741,83,81,91,80,92,90,102,49,47,479,46,480,65,68,370
741,83,81,91,80,78,89,101,88,49,387,701,479,46,480,65,68,370
741,94,84,93,298,297,103,102,49,47,479,46,480,65,66,369,370
741,83,81,79,80,92,90,101,88,49,47,479,46,480,65,68,370
741,83,81,91,80,92,90,101,88,49,47,479,46,480,65,68,370
741,83,84,91,80,92,90,101,88,48,47,479,46,480,65,68,370
741,83,84,91,104,92,90,102,49,47,479,492,480,65,68,370
741,83,84,93,104,92,90,101,88,48,47,479,492,480,65,68,370
741,94,84,91,80,92,90,101,88,48,47,479,492,480,65,68,370
741,83,81,91,104,92,90,101,88,48,47,479,46,480,65,68,370
741,83,84,91,104,92,90,101,88,49,47,479,492,480,65,68,370
741,94,84,91,104,92,103,102,49,47,479,701,46,480,65,68,370
741,94,84,91,104,92,103,102,123,700,660,387,701,479,46,480,65,68,370
741,83,84,91,80,92,90,102,49,47,479,492,480,65,68,370
741,94,84,93,104,92,103,324,700,660,387,701,479,46,480,65,68,370
741,83,81,79,80,92,90,101,88,48,47,479,46,480,65,68,370
741,83,84,91,80,78,89,101,88,49,387,701,479,492,480,65,68,370
741,94,84,93,104,297,103,102,49,47,479,701,46,480,65,68,370
741,83,81,91,80,92,90,101,88,48,47,479,46,480,65,68,370
741,83,81,91,104,92,90,102,49,47,479,492,480,65,68,370
741,94,84,93,104,297,103,102,123,700,660,387,701,479,46,480,65,68,370
741,94,84,93,104,297,295,324,700,660,387,701,479,46,480,65,68,370
741,83,84,91,80,92,90,101,88,49,47,479,492,480,65,68,370
741,83,84,93,104,92,103,102,49,47,479,701,46,480,65,68,370
741,94,84,91,80,92,103,102,49,47,479,701,46,480,65,68,370
741,94,84,93,104,92,103,102,49,387,701,479,46,480,65,68,370
741,83,81,91,104,92,90,101,88,49,47,479,492,480,65,68,370
741,83,84,93,104,92,103,102,123,700,660,387,701,479,46,480,65,68,370
741,83,84,91,104,92,90,101,88,48,47,479,492,480,65,68,370
741,94,84,91,80,92,103,102,123,700,660,387,701,479,46,480,65,68,370
741,83,81,79,80,92,90,102,49,47,479,492,480,65,68,370
741,94,84,93,104,92,103,102,123,700,660,387,701,479,492,480,65,68,370
741,83,81,79,80,78,89,101,88,49,387,701,479,492,480,65,68,370
741,83,84,93,298,297,103,102,49,47,479,46,480,65,66,369,370
741,83,81,91,80,92,90,102,49,47,479,492,480,65,68,370
741,94,84,93,561,389,298,388,295,324,700,660,387,701,46,479,492,480,65,68,370
741,83,81,91,80,78,89,101,88,49,387,701,479,492,480,65,68,370
741,94,84,93,298,297,103,102,49,47,479,492,480,65,66,369,370
741,83,81,79,80,92,90,101,88,49,47,479,492,480,65,68,370
741,94,84,91,104,92,103,324,700,660,387,701,479,46,480,65,68,370
741,83,81,91,80,92,90,101,88,49,47,479,492,480,65,68,370
741,94,84,91,104,297,103,102,49,47,479,701,46,480,65,68,370
741,83,84,91,80,92,90,101,88,48,47,479,492,480,65,68,370
741,94,84,91,104,297,103,102,123,700,660,387,701,479,46,480,65,68,370
741,83,81,79,77,78,90,102,49,47,479,701,46,480,65,68,370
741,83,81,91,104,92,90,101,88,48,47,479,492,480,65,68,370
741,94,84,93,104,297,103,324,700,660,387,701,479,46,480,65,68,370
741,94,84,91,104,297,295,324,700,660,387,701,479,46,480,65,68,370
741,83,81,79,77,78,90,102,123,700,660,387,701,479,46,480,65,68,370
741,83,84,91,104,92,103,102,49,47,479,701,46,480,65,68,370
741,83,81,79,77,78,89,53,51,48,47,479,701,46,480,65,68,370
741,83,81,79,77,78,89,101,88,49,387,701,46,480,65,66,369,370
741,94,84,93,298,297,103,102,123,700,660,387,701,46,479,492,480,65,68,370
741,94,84,91,104,92,103,102,49,387,701,479,46,480,65,68,370
741,83,84,91,104,92,103,102,123,700,660,387,701,479,46,480,65,68,370
741,83,84,93,104,92,103,324,700,660,387,701,479,46,480,65,68,370
741,94,84,91,80,92,103,324,700,660,387,701,479,46,480,65,68,370
741,83,81,79,77,78,90,101,88,49,47,479,701,46,480,65,68,370
741,94,84,93,298,297,295,324,700,660,387,701,46,479,492,480,65,68,370
741,83,84,93,104,297,103,102,49,47,479,701,46,480,65,68,370
741,94,84,91,104,92,103,102,123,700,660,387,701,479,492,480,65,68,370
741,94,84,93,104,92,103,324,700,660,387,701,479,492,480,65,68,370
741,83,81,79,80,92,90,101,88,48,47,479,492,480,65,68,370
741,94,84,93,104,297,103,102,49,387,701,479,46,480,65,68,370
741,83,84,93,104,297,103,102,123,700,660,387,701,479,46,480,65,68,370
741,83,81,91,80,92,90,101,88,48,47,479,492,480,65,68,370
741,83,81,79,77,78,89,53,88,49,47,479,701,46,480,65,68,370
741,83,84,93,104,297,295,324,700,660,387,701,479,46,480,65,68,370
741,94,84,93,104,297,103,102,123,700,660,387,701,479,492,480,65,68,370
741,94,84,93,104,297,295,324,700,660,387,701,479,492,480,65,68,370
741,83,84,91,80,92,103,102,49,47,479,701,46,480,65,68,370
741,83,84,93,104,92,103,102,49,387,701,479,46,480,65,68,370
741,94,84,91,80,78,90,102,49,47,479,701,46,480,65,68,370
741,94,84,91,80,92,103,102,49,387,701,479,46,480,65,68,370
741,83,84,91,80,92,103,102,123,700,660,387,701,479,46,480,65,68,370
741,83,81,91,104,92,103,102,49,47,479,701,46,480,65,68,370
741,94,84,93,104,92,103,102,49,387,701,479,492,480,65,68,370
741,94,84,91,80,78,90,102,123,700,660,387,701,479,46,480,65,68,370
741,83,84,93,104,92,103,102,123,700,660,387,701,479,492,480,65,68,370
741,94,84,91,80,92,103,102,123,700,660,387,701,479,492,480,65,68,370
741,83,81,91,104,92,103,102,123,700,660,387,701,479,46,480,65,68,370
741,94,84,91,104,297,103,324,700,660,387,701,479,46,480,65,68,370
741,83,84,93,561,389,298,388,295,324,700,660,387,701,46,479,492,480,65,68,370
741,94,84,91,80,78,89,53,51,48,47,479,701,46,480,65,68,370
741,83,81,79,77,78,90,101,88,48,47,479,701,46,480,65,68,370
741,94,84,91,80,78,89,101,88,49,387,701,46,480,65,66,369,370
741,83,84,93,298,297,103,102,49,47,479,492,480,65,66,369,370
741,94,84,93,561,389,298,297,103,102,49,47,479,701,46,480,65,68,370
741,94,84,91,80,78,90,101,88,49,47,479,701,46,480,65,68,370
741,83,81,79,77,78,89,53,88,48,47,479,701,46,480,65,68,370
741,83,81,79,77,75,89,53,51,48,47,479,701,46,480,65,68,370
741,83,81,79,77,75,89,101,88,49,387,701,46,480,65,66,369,370
741,94,84,93,561,389,298,297,103,102,123,700,660,387,701,479,46,480,65,68,370
741,94,84,93,298,297,103,324,700,660,387,701,46,479,492,480,65,68,370
741,83,84,91,104,92,103,324,700,660,387,701,479,46,480,65,68,370
741,83,81,79,80,92,103,102,49,47,479,701,46,480,65,68,370
741,94,84,91,80,78,89,53,88,49,47,479,701,46,480,65,68,370
741,83,84,91,104,297,103,102,49,47,479,701,46,480,65,68,370
741,94,84,93,561,389,298,297,295,324,700,660,387,701,479,46,480,65,68,370
741,83,81,91,80,92,103,102,49,47,479,701,46,480,65,68,370
741,94,84,91,104,92,103,324,700,660,387,701,479,492,480,65,68,370
741,83,81,79,80,92,103,102,123,700,660,387,701,479,46,480,65,68,370
741,94,84,91,104,297,103,102,49,387,701,479,46,480,65,68,370
741,83,84,91,104,297,103,102,123,700,660,387,701,479,46,480,65,68,370
741,83,84,93,104,297,103,324,700,660,387,701,479,46,480,65,68,370
741,83,81,91,80,92,103,102,123,700,660,387,701,479,46,480,65,68,370
741,94,84,93,561,389,697,683,388,295,324,700,660,387,701,479,46,480,65,68,370
741,83,81,79,77,75,89,53,88,49,47,479,701,46,480,65,68,370
741,83,84,91,104,297,295,324,700,660,387,701,479,46,480,65,68,370
741,83,81,79,77,78,90,102,49,387,701,479,46,480,65,68,370
741,94,84,91,104,297,103,102,123,700,660,387,701,479,492,480,65,68,370
741,94,84,93,104,297,103,324,700,660,387,701,479,492,480,65,68,370
741,94,84,91,104,297,295,324,700,660,387,701,479,492,480,65,68,370
741,83,81,79,77,78,90,102,123,700,660,387,701,479,492,480,65,68,370
741,94,84,93,298,297,103,102,49,387,701,46,479,492,480,65,68,370
741,83,84,93,298,297,103,102,123,700,660,387,701,46,479,492,480,65,68,370
741,83,84,91,104,92,103,102,49,387,701,479,46,480,65,68,370
741,83,84,91,80,92,103,324,700,660,387,701,479,46,480,65,68,370
741,94,84,91,80,78,90,101,88,48,47,479,701,46,480,65,68,370
741,83,84,93,298,297,295,324,700,660,387,701,46,479,492,480,65,68,370
741,94,84,91,104,92,103,102,49,387,701,479,492,480,65,68,370
741,83,84,91,104,92,103,102,123,700,660,387,701,479,492,480,65,68,370
741,83,84,93,104,92,103,324,700,660,387,701,479,492,480,65,68,370
741,94,84,91,80,92,103,324,700,660,387,701,479,492,480,65,68,370
741,83,81,79,77,78,90,101,88,49,387,701,479,46,480,65,68,370
741,83,81,91,104,92,103,324,700,660,387,701,479,46,480,65,68,370
741,83,84,93,104,297,103,102,49,387,701,479,46,480,65,68,370
741,83,81,91,104,297,103,102,49,47,479,701,46,480,65,68,370
741,94,84,91,80,78,89,53,88,48,47,479,701,46,480,65,68,370
741,83,81,79,77,75,74,53,51,48,47,479,701,46,480,65,68,370
741,94,84,93,104,297,103,102,49,387,701,479,492,480,65,68,370
741,83,81,79,77,75,74,52,51,48,47,479,701,46,480,65,68,370
741,83,84,93,104,297,103,102,123,700,660,387,701,479,492,480,65,68,370
741,83,81,79,77,78,89,53,88,49,387,701,479,46,480,65,68,370
741,83,81,91,104,297,103,102,123,700,660,387,701,479,46,480,65,68,370
741,83,84,93,104,297,295,324,700,660,387,701,479,492,480,65,68,370
741,83,81,91,104,297,295,324,700,660,387,701,479,46,480,65,68,370
741,83,81,79,77,75,89,53,88,48,47,479,701,46,480,65,68,370
741,94,84,93,561,389,298,297,103,324,700,660,387,701,479,46,480,65,68,370
741,83,84,91,80,78,90,102,49,47,479,701,46,480,65,68,370
741,83,84,91,80,92,103,102,49,387,701,479,46,480,65,68,370
741,83,81,79,77,75,74,53,88,49,47,479,701,46,480,65,68,370
741,94,84,91,80,78,90,102,49,387,701,479,46,480,65,68,370
741,83,84,93,104,92,103,102,49,387,701,479,492,480,65,68,370
741,83,84,91,80,78,90,102,123,700,660,387,701,479,46,480,65,68,370
741,83,81,79,80,92,103,324,700,660,387,701,479,46,480,65,68,370
741,94,84,91,80,92,103,102,49,387,701,479,492,480,65,68,370
741,83,81,91,104,92,103,102,49,387,701,479,46,480,65,68,370
741,83,84,91,80,92,103,102,123,700,660,387,701,479,492,480,65,68,370
741,83,84,91,104,297,103,324,700,660,387,701,479,46,480,65,68,370
741,94,84,93,104,92,90,102,49,47,479,701,46,480,65,68,370
741,83,81,91,80,92,103,324,700,660,387,701,479,46,480,65,68,370
741,83,84,91,80,78,89,53,51,48,47,479,701,46,480,65,68,370
741,94,84,91,80,78,90,102,123,700,660,387,701,479,492,480,65,68,370
741,83,84,91,80,78,89,101,88,49,387,701,46,480,65,66,369,370
741,83,81,91,104,92,103,102,123,700,660,387,701,479,492,480,65,68,370
741,94,84,91,104,297,103,324,700,660,387,701,479,492,480,65,68,370
741,94,84,93,104,92,90,102,123,700,660,387,701,479,46,480,65,68,370
741,83,84,93,561,389,298,297,103,102,49,47,479,701,46,480,65,68,370
741,83,84,91,80,78,90,101,88,49,47,479,701,46,480,65,68,370
741,94,84,93,561,389,298,297,103,102,49,387,701,479,46,480,65,68,370
741,83,84,93,561,389,298,297,103,102,123,700,660,387,701,479,46,480,65,68,370
741,94,84,91,80,78,90,101,88,49,387,701,479,46,480,65,68,370
741,83,84,93,298,297,103,324,700,660,387,701,46,479,492,480,65,68,370
741,94,84,93,104,297,298,388,295,324,700,660,387,701,479,492,68,370
741,83,84,91,80,78,89,53,88,49,47,479,701,46,480,65,68,370
741,94,84,93,104,92,90,101,88,49,47,479,701,46,480,65,68,370
741,83,84,93,561,389,298,297,295,324,700,660,387,701,479,46,480,65,68,370
741,94,84,93,561,389,298,297,103,102,123,700,660,387,701,479,492,480,65,68,370
741,83,81,79,80,78,90,102,49,47,479,701,46,480,65,68,370
741,83,81,79,80,92,103,102,49,387,701,479,46,480,65,68,370
741,83,84,91,104,92,103,324,700,660,387,701,479,492,480,65,68,370
741,83,81,79,77,78,89,101,88,49,47,479,46,480,65,66,369,370
741,94,84,91,80,78,89,53,88,49,387,701,479,46,480,65,68,370
741,83,84,91,104,297,103,102,49,387,701,479,46,480,65,68,370
741,83,81,91,80,78,90,102,49,47,479,701,46,480,65,68,370
741,94,84,93,561,389,298,297,295,324,700,660,387,701,479,492,480,65,68,370
741,83,81,91,80,92,103,102,49,387,701,479,46,480,65,68,370
741,83,81,79,80,78,90,102,123,700,660,387,701,479,46,480,65,68,370
741,83,84,93,561,389,697,683,388,295,324,700,660,387,701,479,46,480,65,68,370
741,83,81,79,77,75,74,53,88,48,47,479,701,46,480,65,68,370
741,83,81,79,80,92,103,102,123,700,660,387,701,479,492,480,65,68,370
741,94,84,91,104,297,103,102,49,387,701,479,492,480,65,68,370
741,83,81,91,80,78,90,102,123,700,660,387,701,479,46,480,65,68,370
741,83,84,91,104,297,103,102,123,700,660,387,701,479,492,480,65,68,370
741,83,84,93,104,297,103,324,700,660,387,701,479,492,480,65,68,370
741,83,81,91,80,92,103,102,123,700,660,387,701,479,492,480,65,68,370
741,94,84,93,104,92,103,102,123,700,660,387,701,46,480,65,66,369,370
741,83,81,79,80,78,89,53,51,48,47,479,701,46,480,65,68,370
741,94,84,93,561,389,697,683,388,295,324,700,660,387,701,479,492,480,65,68,370
741,83,81,79,80,78,89,101,88,49,387,701,46,480,65,66,369,370
741,83,81,91,104,297,103,324,700,660,387,701,479,46,480,65,68,370
741,83,81,79,77,75,89,53,88,49,387,701,479,46,480,65,68,370
741,83,84,91,104,297,295,324,700,660,387,701,479,492,480,65,68,370
741,83,81,91,80,78,89,53,51,48,47,479,701,46,480,65,68,370
741,83,81,79,77,78,90,102,49,387,701,479,492,480,65,68,370
741,83,81,91,80,78,89,101,88,49,387,701,46,480,65,66,369,370
741,83,84,93,298,297,103,102,49,387,701,46,479,492,480,65,68,370
741,83,81,79,80,78,90,101,88,49,47,479,701,46,480,65,68,370
741,83,81,91,80,78,90,101,88,49,47,479,701,46,480,65,68,370
741,83,84,91,80,78,90,101,88,48,47,479,701,46,480,65,68,370
741,83,84,91,104,92,103,102,49,387,701,479,492,480,65,68,370
741,83,81,79,80,78,89,53,88,49,47,479,701,46,480,65,68,370
741,83,84,91,80,92,103,324,700,660,387,701,479,492,480,65,68,370
741,94,84,91,104,92,90,102,49,47,479,701,46,480,65,68,370
741,94,84,93,104,297,298,388,295,324,700,660,387,701,46,480,492,68,370
741,83,81,91,80,78,89,53,88,49,47,479,701,46,480,65,68,370
741,83,84,91,80,78,89,53,88,48,47,479,701,46,480,65,68,370
741,94,84,93,104,92,90,101,88,48,47,479,701,46,480,65,68,370
741,83,81,79,77,78,90,101,88,49,387,701,479,492,480,65,68,370
741,83,81,91,104,92,103,324,700,660,387,701,479,492,480,65,68,370
741,94,84,91,104,92,90,102,123,700,660,387,701,479,46,480,65,68,370
741,83,84,93,104,297,103,102,49,387,701,479,492,480,65,68,370
741,83,81,79,77,78,89,101,88,48,47,479,46,480,65,66,369,370
741,83,81,91,104,297,103,102,49,387,701,479,46,480,65,68,370
741,94,84,91,80,78,89,101,88,49,47,479,46,480,65,66,369,370
741,83,81,79,77,78,89,53,88,49,387,701,479,492,480,65,68,370
741,83,81,91,104,297,103,102,123,700,660,387,701,479,492,480,65,68,370
741,83,84,93,561,389,298,297,103,324,700,660,387,701,479,46,480,65,68,370
741,94,84,91,104,297,298,388,295,324,700,660,387,701,479,492,68,370
741,94,84,91,104,92,90,101,88,49,47,479,701,46,480,65,68,370
741,83,81,91,104,297,295,324,700,660,387,701,479,492,480,65,68,370
741,94,84,93,561,389,298,297,103,324,700,660,387,701,479,492,480,65,68,370
741,83,84,91,80,78,90,102,49,387,701,479,46,480,65,68,370
741,83,84,91,80,92,103,102,49,387,701,479,492,480,65,68,370
741,83,81,79,80,78,90,101,88,48,47,479,701,46,480,65,68,370
741,83,81,79,77,75,89,101,88,49,47,479,46,480,65,66,369,370
741,83,81,79,77,75,74,53,88,49,387,701,479,46,480,65,68,370
741,83,84,93,104,92,90,102,49,47,479,701,46,480,65,68,370
741,94,84,91,80,92,90,102,49,47,479,701,46,480,65,68,370
741,83,81,91,80,78,90,101,88,48,47,479,701,46,480,65,68,370
741,94,84,91,80,78,90,102,49,387,701,479,492,480,65,68,370
741,83,84,91,80,78,90,102,123,700,660,387,701,479,492,480,65,68,370
741,83,81,79,80,92,103,324,700,660,387,701,479,492,480,65,68,370
741,83,81,91,104,92,103,102,49,387,701,479,492,480,65,68,370
741,94,84,93,104,92,90,102,49,387,701,479,46,480,65,68,370
741,83,84,91,104,297,103,324,700,660,387,701,479,492,480,65,68,370
741,94,84,91,104,92,103,102,123,700,660,387,701,46,480,65,66,369,370
741,83,84,93,104,92,90,102,123,700,660,387,701,479,46,480,65,68,370
741,83,81,79,80,78,89,53,88,48,47,479,701,46,480,65,68,370
741,83,81,91,80,92,103,324,700,660,387,701,479,492,480,65,68,370
741,94,84,93,104,92,103,324,700,660,387,701,46,480,65,66,369,370
741,94,84,91,80,92,90,102,123,700,660,387,701,479,46,480,65,68,370
741,83,81,91,80,78,89,53,88,48,47,479,701,46,480,65,68,370
741,94,84,93,104,92,90,102,123,700,660,387,701,479,492,480,65,68,370
741,83,84,93,561,389,298,297,103,102,49,387,701,479,46,480,65,68,370
741,83,84,91,80,78,90,101,88,49,387,701,479,46,480,65,68,370
741,94,84,93,104,297,103,102,123,700,660,387,701,46,480,65,66,369,370
741,94,710,709,105,737,93,298,389,697,683,388,295,324,700,660,387,701,46,479,492,68,370
741,83,84,93,104,297,298,388,295,324,700,660,387,701,479,492,68,370
741,83,84,93,104,92,90,101,88,49,47,479,701,46,480,65,68,370
741,94,84,93,561,389,298,297,103,102,49,387,701,479,492,480,65,68,370
741,94,84,91,80,92,90,101,88,49,47,479,701,46,480,65,68,370
741,83,84,93,561,389,298,297,103,102,123,700,660,387,701,479,492,480,65,68,370
741,94,84,91,80,78,90,101,88,49,387,701,479,492,480,65,68,370
741,94,84,93,104,297,295,324,700,660,387,701,46,480,65,66,369,370
741,94,84,91,80,78,89,101,88,48,47,479,46,480,65,66,369,370
741,83,84,91,80,78,89,53,88,49,387,701,479,46,480,65,68,370
741,94,84,93,104,92,90,101,88,49,387,701,479,46,480,65,68,370
741,94,84,91,104,297,298,388,295,324,700,660,387,701,46,480,492,68,370
741,83,84,93,561,389,298,297,295,324,700,660,387,701,479,492,480,65,68,370
741,83,81,79,80,78,90,102,49,387,701,479,46,480,65,68,370
741,94,84,91,104,92,90,101,88,48,47,479,701,46,480,65,68,370
741,83,81,79,80,92,103,102,49,387,701,479,492,480,65,68,370
741,83,81,79,77,78,89,101,88,49,47,479,492,480,65,66,369,370
741,83,81,91,80,78,90,102,49,387,701,479,46,480,65,68,370
741,94,84,91,80,78,89,53,88,49,387,701,479,492,480,65,68,370
741,83,84,91,104,297,103,102,49,387,701,479,492,480,65,68,370
741,83,81,91,80,92,103,102,49,387,701,479,492,480,65,68,370
741,94,84,93,104,92,103,102,49,387,701,46,480,65,66,369,370
741,83,84,93,104,92,103,102,123,700,660,387,701,46,480,65,66,369,370
741,83,81,79,77,75,89,101,88,48,47,479,46,480,65,66,369,370
741,83,81,79,80,78,90,102,123,700,660,387,701,479,492,480,65,68,370
741,83,84,93,561,389,697,683,388,295,324,700,660,387,701,479,492,480,65,68,370
741,94,84,91,80,92,103,102,123,700,660,387,701,46,480,65,66,369,370
741,94,84,93,298,388,295,324,700,660,387,701,46,479,492,480,65,66,369,370
741,83,81,91,80,78,90,102,123,700,660,387,701,479,492,480,65,68,370
