398,660,387,49,88,53,74,56,58,578,575,579,727,753,674,673,610
398,660,387,49,88,53,74,56,58,578,575,579,727,752,754,673,610
398,660,387,49,88,53,74,56,58,578,575,579,727,753,754,673,610
398,660,387,49,88,53,74,56,58,578,577,579,727,753,674,673,610
398,660,387,49,88,53,74,56,58,578,575,579,727,752,754,753,674,673,610
398,660,387,49,88,53,74,56,58,578,577,579,727,752,754,673,610
398,660,387,49,88,53,74,56,58,578,577,579,727,753,754,673,610
398,660,387,49,88,53,74,56,58,578,577,579,727,752,754,753,674,673,610
398,660,387,49,88,53,74,56,58,578,575,579,727,752,611,668,673,610
398,660,387,49,88,53,74,56,58,578,577,579,727,752,611,668,673,610
398,660,387,49,88,53,74,56,58,578,575,579,727,753,754,752,611,668,673,610
398,660,387,49,88,53,74,56,58,578,577,579,727,753,754,752,611,668,673,610
398,660,387,49,88,101,89,75,76,391,393,574,576,589,609,610
398,660,700,123,102,90,101,89,75,76,391,393,574,576,589,609,610
398,660,700,123,102,90,78,77,124,126,128,573,131,130,328,134,609,610
398,660,700,123,102,90,78,77,124,126,128,573,131,130,328,589,609,610
398,660,700,123,102,90,78,77,124,126,128,573,131,130,576,589,609,610
398,660,387,49,88,101,89,75,76,391,393,574,576,589,674,673,610
398,660,387,701,479,47,48,51,52,55,57,72,392,577,579,727,753,674,673,610
398,660,700,123,102,90,101,89,75,76,391,393,574,576,589,674,673,610
398,660,700,123,102,90,78,77,124,126,391,393,574,576,589,609,610
398,660,700,123,102,90,78,77,75,76,391,393,574,576,589,609,610
398,660,700,123,102,90,78,77,124,76,391,393,574,576,589,609,610
398,660,387,49,88,53,74,56,58,578,575,574,576,589,609,610
398,660,700,123,102,90,78,77,124,126,128,573,131,574,576,589,609,610
398,660,700,123,102,90,78,77,124,126,128,573,393,574,576,589,609,610
398,660,700,123,102,90,78,89,75,76,391,393,574,576,589,609,610
398,660,387,49,88,53,74,56,76,391,393,574,576,589,609,610
398,660,387,49,88,48,51,52,55,57,72,392,577,579,727,753,674,673,610
398,660,387,49,88,53,74,56,58,578,393,574,576,589,609,610
398,660,387,49,88,53,74,52,55,57,72,392,577,579,727,753,674,673,610
398,660,387,49,88,53,51,52,55,57,72,392,577,579,727,753,674,673,610
398,660,387,701,479,47,48,51,52,55,57,72,392,577,579,727,752,754,673,610
398,660,387,49,88,53,74,56,58,57,72,392,577,579,727,753,674,673,610
398,660,387,49,47,48,51,52,55,57,72,392,577,579,727,753,674,673,610
398,660,387,49,88,53,89,75,76,391,393,574,576,589,609,610
398,748,749,730,700,123,102,90,101,89,75,76,391,393,574,576,589,609,610
398,660,387,49,88,53,74,56,55,57,72,392,577,579,727,753,674,673,610
398,660,387,49,88,53,74,75,76,391,393,574,576,589,609,610
398,660,387,701,479,47,48,51,52,55,57,72,392,577,579,727,753,754,673,610
398,660,700,123,102,90,78,77,124,126,128,573,131,130,328,589,674,673,610
398,660,700,123,102,90,78,77,124,126,128,573,131,130,576,589,674,673,610
398,660,387,49,88,53,74,56,58,391,393,574,576,589,609,610
398,660,387,49,88,48,51,52,55,57,72,392,577,579,727,752,754,673,610
398,660,387,49,88,53,74,52,55,57,72,392,577,579,727,752,754,673,610
398,660,387,49,88,53,51,52,55,57,72,392,577,579,727,752,754,673,610
398,660,700,123,102,90,78,77,124,126,391,393,574,576,589,674,673,610
398,660,387,49,88,53,74,56,58,57,72,392,577,579,727,752,754,673,610
398,660,387,49,47,48,51,52,55,57,72,392,577,579,727,752,754,673,610
398,660,387,701,479,47,48,51,52,55,57,72,392,624,672,611,752,754,673,610
398,660,387,49,88,53,74,56,55,57,72,392,577,579,727,752,754,673,610
398,660,700,123,102,90,78,77,75,76,391,393,574,576,589,674,673,610
398,660,700,123,102,90,78,77,124,76,391,393,574,576,589,674,673,610
398,660,387,49,88,48,51,52,55,57,72,392,577,579,727,753,754,673,610
398,660,387,49,88,53,74,56,58,578,575,574,576,589,674,673,610
398,660,387,49,88,53,74,52,55,57,72,392,577,579,727,753,754,673,610
398,660,700,123,102,90,78,77,124,126,128,573,131,574,576,589,674,673,610
398,660,387,49,88,53,51,52,55,57,72,392,577,579,727,753,754,673,610
398,660,700,123,102,90,78,77,124,126,128,573,393,574,576,589,674,673,610
398,660,387,49,88,53,74,56,58,57,72,392,577,579,727,753,754,673,610
398,660,387,49,47,48,51,52,55,57,72,392,577,579,727,753,754,673,610
398,660,700,123,102,90,78,89,75,76,391,393,574,576,589,674,673,610
398,748,749,730,700,123,102,90,78,77,124,126,128,573,131,130,328,134,609,610
398,660,387,49,88,53,74,56,76,391,393,574,576,589,674,673,610
398,660,387,701,479,47,48,51,52,55,57,72,590,624,672,611,752,754,673,610
398,660,387,49,88,53,74,56,58,578,393,574,576,589,674,673,610
398,748,749,730,700,123,102,90,78,77,124,126,128,573,131,130,328,589,609,610
398,660,387,49,88,53,74,56,55,57,72,392,577,579,727,753,754,673,610
398,748,749,730,700,123,102,90,78,77,124,126,128,573,131,130,576,589,609,610
398,660,387,49,88,53,89,75,76,391,393,574,576,589,674,673,610
398,660,387,49,88,48,51,52,55,57,72,392,624,672,611,752,754,673,610
398,660,387,49,88,53,74,52,55,57,72,392,624,672,611,752,754,673,610
398,660,387,49,88,53,51,52,55,57,72,392,624,672,611,752,754,673,610
398,660,387,701,479,47,48,51,52,55,57,72,392,577,579,727,752,754,753,674,673,610
398,748,749,730,700,123,102,90,101,89,75,76,391,393,574,576,589,674,673,610
398,660,387,49,88,53,74,56,58,57,72,392,624,672,611,752,754,673,610
398,748,749,730,700,123,102,90,78,77,124,126,391,393,574,576,589,609,610
398,660,387,49,47,48,51,52,55,57,72,392,624,672,611,752,754,673,610
398,660,387,49,88,53,74,75,76,391,393,574,576,589,674,673,610
398,660,387,49,88,53,74,56,55,57,72,392,624,672,611,752,754,673,610
398,748,749,730,700,123,102,90,78,77,75,76,391,393,574,576,589,609,610
398,748,749,730,700,123,102,90,78,77,124,76,391,393,574,576,589,609,610
398,660,387,49,88,53,74,56,58,391,393,574,576,589,674,673,610
398,748,749,730,700,123,102,90,78,77,124,126,128,573,131,574,576,589,609,610
398,660,387,49,88,48,51,52,55,57,72,590,624,672,611,752,754,673,610
398,660,387,49,88,53,74,52,55,57,72,590,624,672,611,752,754,673,610
398,660,387,49,88,53,51,52,55,57,72,590,624,672,611,752,754,673,610
398,748,749,730,700,123,102,90,78,77,124,126,128,573,393,574,576,589,609,610
398,660,387,49,88,53,74,56,58,57,72,590,624,672,611,752,754,673,610
398,660,387,49,47,48,51,52,55,57,72,590,624,672,611,752,754,673,610
398,748,749,730,700,123,102,90,78,89,75,76,391,393,574,576,589,609,610
398,660,387,49,88,48,51,52,55,57,72,392,577,579,727,752,754,753,674,673,610
398,660,387,49,88,53,74,52,55,57,72,392,577,579,727,752,754,753,674,673,610
398,660,387,49,88,53,74,56,55,57,72,590,624,672,611,752,754,673,610
398,660,387,49,88,53,51,52,55,57,72,392,577,579,727,752,754,753,674,673,610
398,660,387,49,88,101,89,75,76,391,393,574,576,727,753,674,673,610
398,660,387,49,88,53,74,56,58,57,72,392,577,579,727,752,754,753,674,673,610
398,660,387,49,47,48,51,52,55,57,72,392,577,579,727,752,754,753,674,673,610
398,660,387,701,479,47,48,51,52,55,57,72,392,624,672,611,752,754,753,674,673,610
398,660,387,701,46,479,47,48,51,52,55,57,72,392,577,579,727,753,674,673,610
398,660,700,123,102,90,101,89,75,76,391,393,574,576,727,753,674,673,610
398,660,387,49,88,53,74,56,55,57,72,392,577,579,727,752,754,753,674,673,610
398,748,749,730,700,123,102,90,78,77,124,126,128,573,131,130,328,589,674,673,610
398,748,749,730,700,123,102,90,78,77,124,126,128,573,131,130,576,589,674,673,610
398,660,387,701,479,47,48,51,52,55,57,72,392,624,672,611,752,727,753,674,673,610
398,660,387,701,479,47,48,51,52,55,57,72,392,624,672,611,668,673,610
398,660,387,701,479,47,48,51,52,55,57,72,590,624,672,611,752,754,753,674,673,610
398,748,749,730,700,123,102,90,78,77,124,126,391,393,574,576,589,674,673,610
398,660,387,49,88,48,51,52,55,57,72,392,624,672,611,752,754,753,674,673,610
398,660,387,49,88,101,89,75,76,391,393,574,576,727,752,754,673,610
398,660,387,49,88,53,74,52,55,57,72,392,624,672,611,752,754,753,674,673,610
398,660,387,49,88,53,51,52,55,57,72,392,624,672,611,752,754,753,674,673,610
398,660,387,701,479,47,48,51,52,55,57,72,590,624,392,577,579,727,753,674,673,610
398,660,387,49,88,53,74,56,58,57,72,392,624,672,611,752,754,753,674,673,610
398,660,387,701,46,479,47,48,51,52,55,57,72,392,577,579,727,752,754,673,610
398,660,700,123,102,90,101,89,75,76,391,393,574,576,727,752,754,673,610
398,660,387,49,47,48,51,52,55,57,72,392,624,672,611,752,754,753,674,673,610
398,660,387,701,479,47,48,51,52,55,57,72,590,624,672,611,752,727,753,674,673,610
398,660,387,701,479,47,48,51,52,55,57,72,590,624,672,611,668,673,610
398,748,749,730,700,123,102,90,78,77,75,76,391,393,574,576,589,674,673,610
398,748,749,730,700,123,102,90,78,77,124,76,391,393,574,576,589,674,673,610
398,748,749,730,700,123,102,90,78,77,124,126,128,573,131,574,576,589,674,673,610
398,748,749,730,700,123,102,90,78,77,124,126,128,573,393,574,576,589,674,673,610
398,660,387,49,88,53,74,56,55,57,72,392,624,672,611,752,754,753,674,673,610
398,660,387,49,88,101,89,75,76,391,393,574,576,589,674,753,754,673,610
398,660,387,49,88,48,51,52,55,57,72,392,624,672,611,752,727,753,674,673,610
398,660,387,49,88,101,89,75,76,391,393,574,576,727,753,754,673,610
398,660,387,49,88,48,51,52,55,57,72,392,624,672,611,668,673,610
398,660,387,49,88,53,74,52,55,57,72,392,624,672,611,752,727,753,674,673,610
398,660,387,49,88,53,74,52,55,57,72,392,624,672,611,668,673,610
398,748,749,730,700,123,102,90,78,89,75,76,391,393,574,576,589,674,673,610
398,660,387,49,88,53,51,52,55,57,72,392,624,672,611,752,727,753,674,673,610
398,660,387,49,88,53,51,52,55,57,72,392,624,672,611,668,673,610
398,660,700,123,102,90,101,89,75,76,391,393,574,576,589,674,753,754,673,610
398,660,387,49,88,48,51,52,55,57,72,590,624,672,611,752,754,753,674,673,610
398,660,387,49,88,53,74,56,58,57,72,392,624,672,611,752,727,753,674,673,610
398,660,387,49,88,53,74,56,58,57,72,392,624,672,611,668,673,610
398,660,387,701,46,479,47,48,51,52,55,57,72,392,577,579,727,753,754,673,610
398,660,700,123,102,90,101,89,75,76,391,393,574,576,727,753,754,673,610
398,660,387,49,88,53,74,52,55,57,72,590,624,672,611,752,754,753,674,673,610
398,660,387,49,47,48,51,52,55,57,72,392,624,672,611,752,727,753,674,673,610
398,660,387,49,47,48,51,52,55,57,72,392,624,672,611,668,673,610
398,660,387,49,88,53,51,52,55,57,72,590,624,672,611,752,754,753,674,673,610
398,660,700,123,102,90,78,77,124,126,128,573,131,130,576,727,753,674,673,610
398,660,387,49,88,53,74,56,58,57,72,590,624,672,611,752,754,753,674,673,610
398,660,387,49,47,48,51,52,55,57,72,590,624,672,611,752,754,753,674,673,610
398,660,387,49,88,53,74,56,55,57,72,392,624,672,611,752,727,753,674,673,610
398,660,387,49,88,53,74,56,55,57,72,392,624,672,611,668,673,610
398,660,387,701,479,47,48,51,52,55,57,72,392,577,579,727,752,611,668,673,610
398,660,387,49,88,48,51,52,55,57,72,590,624,392,577,579,727,753,674,673,610
398,660,700,123,102,90,78,77,124,126,391,393,574,576,727,753,674,673,610
398,660,387,49,88,53,74,52,55,57,72,590,624,392,577,579,727,753,674,673,610
398,660,387,49,88,53,51,52,55,57,72,590,624,392,577,579,727,753,674,673,610
398,660,387,49,88,53,74,56,55,57,72,590,624,672,611,752,754,753,674,673,610
398,660,387,701,479,47,48,51,52,55,57,72,590,624,392,577,579,727,752,754,673,610
398,660,387,701,479,47,48,51,52,55,57,72,392,624,672,611,752,727,753,754,673,610
398,660,387,49,88,53,74,56,58,57,72,590,624,392,577,579,727,753,674,673,610
398,660,387,49,88,48,51,52,55,57,72,590,624,672,611,752,727,753,674,673,610
398,660,387,49,88,48,51,52,55,57,72,590,624,672,611,668,673,610
398,660,387,49,47,48,51,52,55,57,72,590,624,392,577,579,727,753,674,673,610
398,660,387,49,88,53,74,52,55,57,72,590,624,672,611,752,727,753,674,673,610
398,660,387,49,88,53,74,52,55,57,72,590,624,672,611,668,673,610
398,660,387,49,88,53,51,52,55,57,72,590,624,672,611,752,727,753,674,673,610
398,660,387,49,88,53,51,52,55,57,72,590,624,672,611,668,673,610
398,660,387,701,46,479,47,48,51,52,55,57,72,392,624,672,611,752,754,673,610
398,660,387,49,88,53,74,56,58,57,72,590,624,672,611,752,727,753,674,673,610
398,660,387,49,88,53,74,56,58,57,72,590,624,672,611,668,673,610
398,660,387,49,47,48,51,52,55,57,72,590,624,672,611,752,727,753,674,673,610
398,660,387,49,47,48,51,52,55,57,72,590,624,672,611,668,673,610
398,660,700,123,102,90,78,77,75,76,391,393,574,576,727,753,674,673,610
398,660,700,123,102,90,78,77,124,76,391,393,574,576,727,753,674,673,610
398,660,387,49,88,53,74,56,55,57,72,590,624,392,577,579,727,753,674,673,610
398,660,387,49,88,53,74,56,58,578,575,574,576,727,753,674,673,610
398,660,700,123,102,90,78,77,124,126,128,573,131,574,576,727,753,674,673,610
398,660,700,123,102,90,78,77,124,126,128,573,393,574,576,727,753,674,673,610
398,660,387,49,88,53,74,56,55,57,72,590,624,672,611,752,727,753,674,673,610
398,660,387,49,88,53,74,56,55,57,72,590,624,672,611,668,673,610
398,660,387,701,479,47,48,51,52,55,57,72,590,624,392,577,579,727,753,754,673,610
398,660,387,49,88,53,74,56,58,578,575,579,727,752,611,668,669,673,610
398,660,700,123,102,90,78,89,75,76,391,393,574,576,727,753,674,673,610
398,660,387,49,88,53,74,56,76,391,393,574,576,727,753,674,673,610
398,660,700,123,102,90,78,77,124,126,128,573,131,130,576,727,752,754,673,610
398,660,387,701,479,47,48,51,52,55,57,72,590,624,672,611,752,727,753,754,673,610
398,660,387,49,88,53,74,56,58,578,393,574,576,727,753,674,673,610
398,660,387,49,88,48,51,52,55,57,72,392,577,579,727,752,611,668,673,610
398,660,387,701,46,479,47,48,51,52,55,57,72,590,624,672,611,752,754,673,610
398,660,387,49,88,53,74,52,55,57,72,392,577,579,727,752,611,668,673,610
398,660,387,49,88,53,51,52,55,57,72,392,577,579,727,752,611,668,673,610
398,660,387,49,88,53,74,56,58,57,72,392,577,579,727,752,611,668,673,610
398,660,387,49,47,48,51,52,55,57,72,392,577,579,727,752,611,668,673,610
398,660,387,49,88,53,89,75,76,391,393,574,576,727,753,674,673,610
398,660,387,49,88,48,51,52,55,57,72,590,624,392,577,579,727,752,754,673,610
398,660,700,123,102,90,78,77,124,126,391,393,574,576,727,752,754,673,610
398,660,387,49,88,48,51,52,55,57,72,392,624,672,611,752,727,753,754,673,610
398,660,387,49,88,53,74,52,55,57,72,590,624,392,577,579,727,752,754,673,610
398,660,387,49,88,53,74,52,55,57,72,392,624,672,611,752,727,753,754,673,610
398,660,387,49,88,53,51,52,55,57,72,590,624,392,577,579,727,752,754,673,610
398,660,387,49,88,53,51,52,55,57,72,392,624,672,611,752,727,753,754,673,610
398,660,700,123,102,90,78,77,124,126,128,573,131,130,328,589,674,753,754,673,610
398,660,387,49,88,101,89,75,76,391,393,574,576,727,752,754,753,674,673,610
398,660,387,49,88,53,74,56,58,57,72,590,624,392,577,579,727,752,754,673,610
398,660,387,49,88,53,74,56,58,57,72,392,624,672,611,752,727,753,754,673,610
398,748,749,730,700,123,102,90,101,89,75,76,391,393,574,576,727,753,674,673,610
398,660,700,123,102,90,78,77,124,126,128,573,131,130,576,589,674,753,754,673,610
398,660,387,49,47,48,51,52,55,57,72,590,624,392,577,579,727,752,754,673,610
398,660,700,123,102,90,78,77,124,126,128,573,131,130,328,134,609,589,674,673,610
398,660,387,49,47,48,51,52,55,57,72,392,624,672,611,752,727,753,754,673,610
398,660,700,123,102,90,78,77,124,126,128,573,131,130,576,727,753,754,673,610
398,660,387,701,46,479,47,48,51,52,55,57,72,392,577,579,727,752,754,753,674,673,610
398,660,700,123,102,90,101,89,75,76,391,393,574,576,727,752,754,753,674,673,610
398,660,387,49,88,53,74,56,55,57,72,392,577,579,727,752,611,668,673,610
398,660,387,49,88,53,74,75,76,391,393,574,576,727,753,674,673,610
398,660,700,123,102,90,78,77,75,76,391,393,574,576,727,752,754,673,610
398,660,700,123,102,90,78,77,124,76,391,393,574,576,727,752,754,673,610
398,660,387,49,88,53,74,56,55,57,72,590,624,392,577,579,727,752,754,673,610
398,660,387,49,88,53,74,56,55,57,72,392,624,672,611,752,727,753,754,673,610
398,660,387,49,88,53,74,56,58,578,575,574,576,727,752,754,673,610
398,660,700,123,102,90,78,77,124,126,391,393,574,576,589,674,753,754,673,610
398,660,700,123,102,90,78,77,124,126,128,573,131,574,576,727,752,754,673,610
398,660,387,49,88,48,51,52,55,57,72,590,624,392,577,579,727,753,754,673,610
398,660,700,123,102,90,78,77,124,126,391,393,574,576,727,753,754,673,610
398,660,387,49,88,53,74,52,55,57,72,590,624,392,577,579,727,753,754,673,610
398,660,700,123,102,90,78,77,124,126,128,573,393,574,576,727,752,754,673,610
398,660,387,49,88,53,51,52,55,57,72,590,624,392,577,579,727,753,754,673,610
398,660,387,49,88,53,74,56,58,391,393,574,576,727,753,674,673,610
398,660,387,49,88,53,74,56,58,57,72,590,624,392,577,579,727,753,754,673,610
398,660,387,49,88,48,51,52,55,57,72,590,624,672,611,752,727,753,754,673,610
398,660,700,123,102,90,78,89,75,76,391,393,574,576,727,752,754,673,610
398,660,387,49,47,48,51,52,55,57,72,590,624,392,577,579,727,753,754,673,610
398,660,387,49,88,53,74,52,55,57,72,590,624,672,611,752,727,753,754,673,610
398,660,387,49,88,53,51,52,55,57,72,590,624,672,611,752,727,753,754,673,610
398,660,387,49,88,53,74,56,76,391,393,574,576,727,752,754,673,610
398,660,387,49,88,53,74,56,58,57,72,590,624,672,611,752,727,753,754,673,610
398,660,387,49,88,53,74,56,58,578,393,574,576,727,752,754,673,610
398,660,387,49,47,48,51,52,55,57,72,590,624,672,611,752,727,753,754,673,610
398,660,700,123,102,90,78,77,75,76,391,393,574,576,589,674,753,754,673,610
398,660,700,123,102,90,78,77,124,76,391,393,574,576,589,674,753,754,673,610
398,660,700,123,102,90,78,77,75,76,391,393,574,576,727,753,754,673,610
398,660,700,123,102,90,78,77,124,76,391,393,574,576,727,753,754,673,610
398,660,387,49,88,53,74,56,58,578,575,574,576,589,674,753,754,673,610
398,660,700,123,102,90,78,77,124,126,128,573,131,574,576,589,674,753,754,673,610
398,660,387,49,88,53,74,56,55,57,72,590,624,392,577,579,727,753,754,673,610
398,660,387,49,88,53,74,56,58,578,575,574,576,727,753,754,673,610
398,660,700,123,102,90,78,77,124,126,128,573,131,574,576,727,753,754,673,610
398,660,700,123,102,90,78,77,124,126,128,573,393,574,576,589,674,753,754,673,610
398,660,387,49,88,53,89,75,76,391,393,574,576,727,752,754,673,610
398,660,700,123,102,90,78,77,124,126,128,573,393,574,576,727,753,754,673,610
398,660,387,49,88,53,74,56,55,57,72,590,624,672,611,752,727,753,754,673,610
398,660,700,123,102,90,78,89,75,76,391,393,574,576,589,674,753,754,673,610
398,748,749,730,700,123,102,90,101,89,75,76,391,393,574,576,727,752,754,673,610
398,660,700,123,102,90,78,89,75,76,391,393,574,576,727,753,754,673,610
398,660,387,49,88,53,74,56,76,391,393,574,576,589,674,753,754,673,610
398,660,387,701,479,47,48,51,52,55,57,72,590,624,392,577,579,727,752,754,753,674,673,610
398,660,387,49,88,53,74,56,76,391,393,574,576,727,753,754,673,610
398,660,387,49,88,53,74,56,58,578,393,574,576,589,674,753,754,673,610
398,660,387,49,88,53,74,56,58,578,393,574,576,727,753,754,673,610
398,660,387,701,46,479,47,48,51,52,55,57,72,392,624,672,611,752,754,753,674,673,610
398,660,387,49,88,53,74,75,76,391,393,574,576,727,752,754,673,610
398,660,387,49,88,53,89,75,76,391,393,574,576,589,674,753,754,673,610
398,660,387,49,88,53,89,75,76,391,393,574,576,727,753,754,673,610
398,748,749,730,700,123,102,90,101,89,75,76,391,393,574,576,589,674,753,754,673,610
398,660,387,49,88,53,74,56,58,391,393,574,576,727,752,754,673,610
398,748,749,730,700,123,102,90,101,89,75,76,391,393,574,576,727,753,754,673,610
398,748,749,730,700,123,102,90,78,77,124,126,128,573,131,130,576,727,753,674,673,610
398,660,700,123,102,90,78,77,124,126,128,573,131,130,576,727,752,754,753,674,673,610
398,660,387,49,88,53,74,75,76,391,393,574,576,589,674,753,754,673,610
398,660,387,701,46,479,47,48,51,52,55,57,72,392,624,672,611,752,727,753,674,673,610
398,660,387,701,46,479,47,48,51,52,55,57,72,392,624,672,611,668,673,610
398,660,387,49,88,53,74,75,76,391,393,574,576,727,753,754,673,610
398,660,387,701,46,479,47,48,51,52,55,57,72,590,624,672,611,752,754,753,674,673,610
398,748,749,730,700,123,102,90,78,77,124,126,391,393,574,576,727,753,674,673,610
398,660,387,49,88,53,74,56,58,391,393,574,576,589,674,753,754,673,610
398,660,387,49,88,101,89,75,76,391,393,574,576,589,674,753,727,752,754,673,610
398,660,387,49,88,48,51,52,55,57,72,590,624,392,577,579,727,752,754,753,674,673,610
398,660,700,123,102,90,78,77,124,126,391,393,574,576,727,752,754,753,674,673,610
398,660,387,49,88,53,74,56,58,391,393,574,576,727,753,754,673,610
398,660,387,49,88,53,74,52,55,57,72,590,624,392,577,579,727,752,754,753,674,673,610
398,660,387,49,88,53,51,52,55,57,72,590,624,392,577,579,727,752,754,753,674,673,610
398,660,387,49,88,53,74,56,58,57,72,590,624,392,577,579,727,752,754,753,674,673,610
398,660,700,123,102,90,101,89,75,76,391,393,574,576,589,674,753,727,752,754,673,610
398,660,387,49,47,48,51,52,55,57,72,590,624,392,577,579,727,752,754,753,674,673,610
398,660,387,701,46,479,47,48,51,52,55,57,72,590,624,392,577,579,727,753,674,673,610
398,660,387,701,46,480,492,479,47,48,51,52,55,57,72,392,577,579,727,753,674,673,610
398,748,749,730,700,123,102,90,78,77,75,76,391,393,574,576,727,753,674,673,610
398,748,749,730,700,123,102,90,78,77,124,76,391,393,574,576,727,753,674,673,610
398,660,387,49,88,53,74,56,58,578,577,579,727,752,611,668,669,673,610
398,660,387,701,46,479,47,48,51,52,55,57,72,590,624,672,611,752,727,753,674,673,610
398,660,387,701,46,479,47,48,51,52,55,57,72,590,624,672,611,668,673,610
398,748,749,730,700,123,102,90,78,77,124,126,128,573,131,574,576,727,753,674,673,610
398,660,700,123,102,90,78,77,75,76,391,393,574,576,727,752,754,753,674,673,610
398,660,700,123,102,90,78,77,124,76,391,393,574,576,727,752,754,753,674,673,610
398,660,387,49,88,53,74,56,55,57,72,590,624,392,577,579,727,752,754,753,674,673,610
398,748,749,730,700,123,102,90,78,77,124,126,128,573,393,574,576,727,753,674,673,610
398,660,387,49,88,53,74,56,58,578,575,574,576,727,752,754,753,674,673,610
398,660,387,701,479,47,48,51,52,55,57,72,392,577,579,727,753,754,752,611,668,673,610
398,660,700,123,102,90,78,77,124,126,128,573,131,574,576,727,752,754,753,674,673,610
398,660,700,123,102,90,78,77,124,126,128,573,393,574,576,727,752,754,753,674,673,610
398,748,749,730,700,123,102,90,78,89,75,76,391,393,574,576,727,753,674,673,610
398,748,749,730,700,123,102,90,78,77,124,126,128,573,131,130,576,727,752,754,673,610
398,660,700,123,102,90,78,89,75,76,391,393,574,576,727,752,754,753,674,673,610
398,660,387,49,88,53,74,56,76,391,393,574,576,727,752,754,753,674,673,610
398,660,387,49,88,53,74,56,58,578,393,574,576,727,752,754,753,674,673,610
398,748,749,730,700,123,102,90,78,77,124,126,391,393,574,576,727,752,754,673,610
398,660,387,49,88,101,89,75,76,391,393,574,576,727,752,611,668,673,610
398,748,749,730,700,123,102,90,78,77,124,126,128,573,131,130,328,589,674,753,754,673,610
398,660,387,49,88,53,89,75,76,391,393,574,576,727,752,754,753,674,673,610
398,748,749,730,700,123,102,90,78,77,124,126,128,573,131,130,576,589,674,753,754,673,610
398,748,749,730,700,123,102,90,78,77,124,126,128,573,131,130,328,134,609,589,674,673,610
398,660,387,701,46,479,47,48,51,52,55,57,72,392,577,579,727,752,611,668,673,610
398,660,700,123,102,90,101,89,75,76,391,393,574,576,727,752,611,668,673,610
398,748,749,730,700,123,102,90,78,77,124,126,128,573,131,130,576,727,753,754,673,610
398,748,749,730,700,123,102,90,101,89,75,76,391,393,574,576,727,752,754,753,674,673,610
398,660,387,49,88,53,74,56,58,578,575,579,727,753,754,752,611,668,669,673,610
398,660,387,701,46,479,47,48,51,52,55,57,72,590,624,392,577,579,727,752,754,673,610
398,660,387,701,46,480,492,479,47,48,51,52,55,57,72,392,577,579,727,752,754,673,610
398,660,387,701,46,479,47,48,51,52,55,57,72,392,624,672,611,752,727,753,754,673,610
398,748,749,730,700,123,102,90,78,77,75,76,391,393,574,576,727,752,754,673,610
398,748,749,730,700,123,102,90,78,77,124,76,391,393,574,576,727,752,754,673,610
398,660,387,49,88,53,74,75,76,391,393,574,576,727,752,754,753,674,673,610
398,748,749,730,700,123,102,90,78,77,124,126,391,393,574,576,589,674,753,754,673,610
398,660,387,49,88,48,51,52,55,57,72,392,577,579,727,753,754,752,611,668,673,610
398,748,749,730,700,123,102,90,78,77,124,126,128,573,131,574,576,727,752,754,673,610
398,660,387,49,88,53,74,52,55,57,72,392,577,579,727,753,754,752,611,668,673,610
398,748,749,730,700,123,102,90,78,77,124,126,391,393,574,576,727,753,754,673,610
398,660,387,49,88,53,51,52,55,57,72,392,577,579,727,753,754,752,611,668,673,610
398,748,749,730,700,123,102,90,78,77,124,126,128,573,393,574,576,727,752,754,673,610
398,660,387,49,88,53,74,56,58,57,72,392,577,579,727,753,754,752,611,668,673,610
398,660,387,49,47,48,51,52,55,57,72,392,577,579,727,753,754,752,611,668,673,610
398,748,749,730,700,123,102,90,78,89,75,76,391,393,574,576,727,752,754,673,610
398,660,700,123,102,90,78,77,124,126,128,573,131,130,328,589,674,753,727,752,754,673,610
398,660,387,49,88,53,74,56,58,391,393,574,576,727,752,754,753,674,673,610
398,660,700,123,102,90,78,77,124,126,128,573,131,130,576,589,674,753,727,752,754,673,610
398,660,387,701,46,479,47,48,51,52,55,57,72,590,624,392,577,579,727,753,754,673,610
398,748,749,730,700,123,102,90,78,77,75,76,391,393,574,576,589,674,753,754,673,610
398,660,387,701,46,480,492,479,47,48,51,52,55,57,72,392,577,579,727,753,754,673,610
398,748,749,730,700,123,102,90,78,77,124,76,391,393,574,576,589,674,753,754,673,610
398,748,749,730,700,123,102,90,78,77,75,76,391,393,574,576,727,753,754,673,610
398,748,749,730,700,123,102,90,78,77,124,76,391,393,574,576,727,753,754,673,610
398,660,387,49,88,53,74,56,55,57,72,392,577,579,727,753,754,752,611,668,673,610
398,748,749,730,700,123,102,90,78,77,124,126,128,573,131,574,576,589,674,753,754,673,610
398,660,387,701,46,479,47,48,51,52,55,57,72,590,624,672,611,752,727,753,754,673,610
398,748,749,730,700,123,102,90,78,77,124,126,128,573,131,574,576,727,753,754,673,610
398,748,749,730,700,123,102,90,78,77,124,126,128,573,393,574,576,589,674,753,754,673,610
398,748,749,730,700,123,102,90,78,77,124,126,128,573,393,574,576,727,753,754,673,610
398,660,700,123,102,90,78,77,124,126,391,393,574,576,589,674,753,727,752,754,673,610
398,748,749,730,700,123,102,90,78,89,75,76,391,393,574,576,589,674,753,754,673,610
398,660,387,701,479,47,48,51,52,55,57,72,590,624,392,577,579,727,752,611,668,673,610
398,748,749,730,700,123,102,90,78,89,75,76,391,393,574,576,727,753,754,673,610
398,660,387,701,46,480,492,479,47,48,51,52,55,57,72,392,624,672,611,752,754,673,610
398,660,700,123,102,90,78,77,75,76,391,393,574,576,589,674,753,727,752,754,673,610
398,660,700,123,102,90,78,77,124,76,391,393,574,576,589,674,753,727,752,754,673,610
398,660,387,49,88,53,74,56,58,578,575,574,576,589,674,753,727,752,754,673,610
398,660,700,123,102,90,78,77,124,126,128,573,131,574,576,589,674,753,727,752,754,673,610
398,660,700,123,102,90,78,77,124,126,128,573,393,574,576,589,674,753,727,752,754,673,610
398,660,700,123,102,90,78,77,124,126,128,573,131,130,328,589,576,727,753,674,673,610
398,660,700,123,102,90,78,89,75,76,391,393,574,576,589,674,753,727,752,754,673,610
398,660,700,123,102,90,78,77,124,126,128,573,131,130,576,727,752,611,668,673,610
398,660,387,49,88,53,74,56,76,391,393,574,576,589,674,753,727,752,754,673,610
398,748,749,730,700,123,102,90,78,77,124,126,128,573,131,130,576,727,752,754,753,674,673,610
398,660,387,49,88,53,74,56,58,578,393,574,576,589,674,753,727,752,754,673,610
398,660,387,49,88,48,51,52,55,57,72,590,624,392,577,579,727,752,611,668,673,610
398,660,700,123,102,90,78,77,124,126,391,393,574,576,727,752,611,668,673,610
398,660,387,701,46,480,492,479,47,48,51,52,55,57,72,590,624,672,611,752,754,673,610
398,660,387,49,88,53,74,52,55,57,72,590,624,392,577,579,727,752,611,668,673,610
398,660,387,49,88,53,51,52,55,57,72,590,624,392,577,579,727,752,611,668,673,610
398,660,387,49,88,53,89,75,76,391,393,574,576,589,674,753,727,752,754,673,610
398,748,749,730,700,123,102,90,78,77,124,126,391,393,574,576,727,752,754,753,674,673,610
398,660,387,49,88,53,74,56,58,57,72,590,624,392,577,579,727,752,611,668,673,610
398,660,387,49,47,48,51,52,55,57,72,590,624,392,577,579,727,752,611,668,673,610
398,748,749,730,700,123,102,90,101,89,75,76,391,393,574,576,589,674,753,727,752,754,673,610
398,660,387,49,88,53,74,56,58,578,575,579,727,753,674,589,609,610
398,660,700,123,102,90,78,77,75,76,391,393,574,576,727,752,611,668,673,610
398,660,387,49,88,53,74,75,76,391,393,574,576,589,674,753,727,752,754,673,610
398,660,700,123,102,90,78,77,124,76,391,393,574,576,727,752,611,668,673,610
398,660,387,701,46,479,47,48,51,52,55,57,72,590,624,392,577,579,727,752,754,753,674,673,610
398,660,387,701,46,480,492,479,47,48,51,52,55,57,72,392,577,579,727,752,754,753,674,673,610
398,660,387,49,88,53,74,56,55,57,72,590,624,392,577,579,727,752,611,668,673,610
398,748,749,730,700,123,102,90,78,77,75,76,391,393,574,576,727,752,754,753,674,673,610
398,660,387,49,88,53,74,56,58,578,575,574,576,727,752,611,668,673,610
398,748,749,730,700,123,102,90,78,77,124,76,391,393,574,576,727,752,754,753,674,673,610
398,660,700,123,102,90,78,77,124,126,128,573,131,574,576,727,752,611,668,673,610
398,748,749,730,700,123,102,90,78,77,124,126,128,573,131,574,576,727,752,754,753,674,673,610
398,660,700,123,102,90,78,77,124,126,128,573,393,574,576,727,752,611,668,673,610
398,748,749,730,700,123,102,90,78,77,124,126,128,573,393,574,576,727,752,754,753,674,673,610
398,660,700,123,102,90,78,77,124,126,128,573,131,130,328,589,576,727,752,754,673,610
398,660,700,123,102,90,78,89,75,76,391,393,574,576,727,752,611,668,673,610
398,660,387,49,88,53,74,56,58,391,393,574,576,589,674,753,727,752,754,673,610
398,660,700,123,102,90,78,77,124,126,128,573,131,130,328,134,609,589,674,753,754,673,610
398,660,387,49,88,53,74,56,76,391,393,574,576,727,752,611,668,673,610
398,748,749,730,700,123,102,90,78,89,75,76,391,393,574,576,727,752,754,753,674,673,610
398,660,387,49,88,53,74,56,58,578,393,574,576,727,752,611,668,673,610
398,660,387,49,88,53,74,56,58,578,577,579,727,753,754,752,611,668,669,673,610
398,660,387,49,88,53,89,75,76,391,393,574,576,727,752,611,668,673,610
398,660,700,123,102,90,78,77,124,126,128,573,131,130,328,589,576,727,753,754,673,610
398,748,749,730,700,123,102,90,101,89,75,76,391,393,574,576,727,752,611,668,673,610
398,660,387,49,88,53,74,75,76,391,393,574,576,727,752,611,668,673,610
398,660,387,701,46,480,492,479,47,48,51,52,55,57,72,392,624,672,611,752,754,753,674,673,610
398,660,387,49,88,101,89,75,76,391,393,574,576,589,674,753,754,752,611,668,673,610
398,660,387,49,88,53,74,56,58,391,393,574,576,727,752,611,668,673,610
398,660,387,49,88,101,89,75,76,391,393,574,576,727,753,754,752,611,668,673,610
398,748,749,730,700,123,102,90,78,77,124,126,128,573,131,130,328,589,674,753,727,752,754,673,610
398,660,700,123,102,90,101,89,75,76,391,393,574,576,589,674,753,754,752,611,668,673,610
398,748,749,730,700,123,102,90,78,77,124,126,128,573,131,130,576,589,674,753,727,752,754,673,610
398,660,387,701,46,479,47,48,51,52,55,57,72,392,577,579,727,753,754,752,611,668,673,610
398,660,700,123,102,90,101,89,75,76,391,393,574,576,727,753,754,752,611,668,673,610
398,660,387,701,46,480,492,479,47,48,51,52,55,57,72,392,624,672,611,752,727,753,674,673,610
398,660,387,701,46,480,492,479,47,48,51,52,55,57,72,392,624,672,611,668,673,610
398,748,749,730,700,123,102,90,78,77,124,126,391,393,574,576,589,674,753,727,752,754,673,610
398,660,387,49,88,101,89,75,76,391,393,574,576,589,674,753,727,752,611,668,673,610
398,660,387,701,46,480,492,479,47,48,51,52,55,57,72,590,624,672,611,752,754,753,674,673,610
398,660,387,49,88,53,74,56,58,578,575,579,727,576,589,609,610
398,660,700,123,102,90,101,89,75,76,391,393,574,576,589,674,753,727,752,611,668,673,610
398,748,749,730,700,123,102,90,78,77,75,76,391,393,574,576,589,674,753,727,752,754,673,610
398,748,749,730,700,123,102,90,78,77,124,76,391,393,574,576,589,674,753,727,752,754,673,610
398,660,387,701,46,480,492,479,47,48,51,52,55,57,72,590,624,392,577,579,727,753,674,673,610
398,748,749,730,700,123,102,90,78,77,124,126,128,573,131,574,576,589,674,753,727,752,754,673,610
398,748,749,730,700,123,102,90,78,77,124,126,128,573,393,574,576,589,674,753,727,752,754,673,610
398,748,749,730,700,123,102,90,78,77,124,126,128,573,131,130,328,589,576,727,753,674,673,610
398,660,387,701,46,480,492,479,47,48,51,52,55,57,72,590,624,672,611,752,727,753,674,673,610
398,660,387,701,46,480,492,479,47,48,51,52,55,57,72,590,624,672,611,668,673,610
398,660,700,123,102,90,78,77,124,126,128,573,131,130,328,589,576,727,752,754,753,674,673,610
398,748,749,730,700,123,102,90,78,89,75,76,391,393,574,576,589,674,753,727,752,754,673,610
398,748,749,730,700,123,102,90,78,77,124,126,128,573,131,130,576,727,752,611,668,673,610
398,660,387,701,479,47,48,51,52,55,57,72,590,624,392,577,579,727,753,754,752,611,668,673,610
398,660,387,49,88,53,74,56,58,578,577,579,727,753,674,589,609,610
398,748,749,730,700,123,102,90,78,77,124,126,391,393,574,576,727,752,611,668,673,610
398,660,700,123,102,90,78,77,124,126,128,573,131,130,328,589,674,753,754,752,611,668,673,610
398,660,700,123,102,90,78,77,124,126,128,573,131,130,576,589,674,753,754,752,611,668,673,610
398,660,700,123,102,90,78,77,124,126,128,573,131,130,576,727,753,754,752,611,668,673,610
398,660,387,49,88,53,74,56,58,578,575,579,727,752,754,753,674,589,609,610
398,660,387,701,46,479,47,48,51,52,55,57,72,590,624,392,577,579,727,752,611,668,673,610
398,660,387,701,46,480,492,479,47,48,51,52,55,57,72,392,577,579,727,752,611,668,673,610
398,748,749,730,700,123,102,90,78,77,75,76,391,393,574,576,727,752,611,668,673,610
398,748,749,730,700,123,102,90,78,77,124,76,391,393,574,576,727,752,611,668,673,610
398,748,749,730,700,123,102,90,78,77,124,126,128,573,131,574,576,727,752,611,668,673,610
398,660,387,701,46,480,492,479,47,48,51,52,55,57,72,590,624,392,577,579,727,752,754,673,610
398,660,387,701,46,480,492,479,47,48,51,52,55,57,72,392,624,672,611,752,727,753,754,673,610
398,748,749,730,700,123,102,90,78,77,124,126,128,573,393,574,576,727,752,611,668,673,610
398,660,700,123,102,90,78,77,124,126,391,393,574,576,589,674,753,754,752,611,668,673,610
398,748,749,730,700,123,102,90,78,77,124,126,128,573,131,130,328,589,576,727,752,754,673,610
398,660,387,49,88,48,51,52,55,57,72,590,624,392,577,579,727,753,754,752,611,668,673,610
398,660,700,123,102,90,78,77,124,126,391,393,574,576,727,753,754,752,611,668,673,610
398,748,749,730,700,123,102,90,78,89,75,76,391,393,574,576,727,752,611,668,673,610
398,660,387,49,88,53,74,52,55,57,72,590,624,392,577,579,727,753,754,752,611,668,673,610
398,660,387,49,88,53,51,52,55,57,72,590,624,392,577,579,727,753,754,752,611,668,673,610
398,748,749,730,700,123,102,90,78,77,124,126,128,573,131,130,328,134,609,589,674,753,754,673,610
398,660,700,123,102,90,78,77,124,126,128,573,131,130,328,589,674,753,727,752,611,668,673,610
398,660,387,49,88,53,74,56,58,57,72,590,624,392,577,579,727,753,754,752,611,668,673,610
398,660,700,123,102,90,78,77,124,126,128,573,131,130,576,589,674,753,727,752,611,668,673,610
398,660,387,49,47,48,51,52,55,57,72,590,624,392,577,579,727,753,754,752,611,668,673,610
398,660,700,123,102,90,78,77,75,76,391,393,574,576,589,674,753,754,752,611,668,673,610
398,660,700,123,102,90,78,77,124,76,391,393,574,576,589,674,753,754,752,611,668,673,610
398,660,387,701,46,480,492,479,47,48,51,52,55,57,72,590,624,392,577,579,727,753,754,673,610
398,660,387,49,88,53,74,56,58,578,575,579,727,576,589,674,673,610
398,660,700,123,102,90,78,77,75,76,391,393,574,576,727,753,754,752,611,668,673,610
398,660,700,123,102,90,78,77,124,76,391,393,574,576,727,753,754,752,611,668,673,610
398,660,387,49,88,53,74,56,58,578,575,574,576,589,674,753,754,752,611,668,673,610
398,660,700,123,102,90,78,77,124,126,128,573,131,574,576,589,674,753,754,752,611,668,673,610
398,660,387,49,88,53,74,56,55,57,72,590,624,392,577,579,727,753,754,752,611,668,673,610
398,660,387,49,88,53,74,56,58,578,575,574,576,727,753,754,752,611,668,673,610
398,660,700,123,102,90,78,77,124,126,391,393,574,576,589,674,753,727,752,611,668,673,610
398,660,700,123,102,90,78,77,124,126,128,573,131,574,576,727,753,754,752,611,668,673,610
398,748,749,730,700,123,102,90,78,77,124,126,128,573,131,130,328,589,576,727,753,754,673,610
398,660,700,123,102,90,78,77,124,126,128,573,393,574,576,589,674,753,754,752,611,668,673,610
398,660,387,701,46,480,492,479,47,48,51,52,55,57,72,590,624,672,611,752,727,753,754,673,610
398,660,700,123,102,90,78,77,124,126,128,573,393,574,576,727,753,754,752,611,668,673,610
398,660,700,123,102,90,78,89,75,76,391,393,574,576,589,674,753,754,752,611,668,673,610
398,660,700,123,102,90,78,89,75,76,391,393,574,576,727,753,754,752,611,668,673,610
398,660,387,49,88,53,74,56,76,391,393,574,576,589,674,753,754,752,611,668,673,610
398,660,700,123,102,90,78,77,124,126,128,573,131,130,328,134,609,589,674,753,727,752,754,673,610
398,660,387,49,88,53,74,56,76,391,393,574,576,727,753,754,752,611,668,673,610
398,660,387,49,88,53,74,56,58,578,393,574,576,589,674,753,754,752,611,668,673,610
398,660,387,49,88,53,74,56,58,578,393,574,576,727,753,754,752,611,668,673,610
398,660,700,123,102,90,78,77,75,76,391,393,574,576,589,674,753,727,752,611,668,673,610
398,660,700,123,102,90,78,77,124,76,391,393,574,576,589,674,753,727,752,611,668,673,610
398,660,387,49,88,53,74,56,58,578,575,574,576,589,674,753,727,752,611,668,673,610
398,660,700,123,102,90,78,77,124,126,128,573,131,574,576,589,674,753,727,752,611,668,673,610
398,660,387,49,88,53,89,75,76,391,393,574,576,589,674,753,754,752,611,668,673,610
398,660,700,123,102,90,78,77,124,126,128,573,393,574,576,589,674,753,727,752,611,668,673,610
398,660,387,49,88,53,89,75,76,391,393,574,576,727,753,754,752,611,668,673,610
398,748,749,730,700,123,102,90,101,89,75,76,391,393,574,576,589,674,753,754,752,611,668,673,610
398,660,700,123,102,90,78,89,75,76,391,393,574,576,589,674,753,727,752,611,668,673,610
398,748,749,730,700,123,102,90,101,89,75,76,391,393,574,576,727,753,754,752,611,668,673,610
398,660,387,49,88,53,74,56,76,391,393,574,576,589,674,753,727,752,611,668,673,610
398,660,387,49,88,53,74,56,58,578,393,574,576,589,674,753,727,752,611,668,673,610
398,660,387,49,88,53,74,75,76,391,393,574,576,589,674,753,754,752,611,668,673,610
398,660,387,49,88,53,74,56,58,578,577,579,727,576,589,609,610
398,660,387,49,88,53,74,75,76,391,393,574,576,727,753,754,752,611,668,673,610
398,660,387,49,88,53,89,75,76,391,393,574,576,589,674,753,727,752,611,668,673,610
398,660,387,49,88,53,74,56,58,391,393,574,576,589,674,753,754,752,611,668,673,610
398,748,749,730,700,123,102,90,101,89,75,76,391,393,574,576,589,674,753,727,752,611,668,673,610
398,660,387,49,88,53,74,56,58,391,393,574,576,727,753,754,752,611,668,673,610
398,660,700,123,102,90,78,77,124,126,128,573,131,130,328,134,609,589,576,727,753,674,673,610
398,660,387,49,88,53,74,75,76,391,393,574,576,589,674,753,727,752,611,668,673,610
398,660,387,701,46,480,492,479,47,48,51,52,55,57,72,590,624,392,577,579,727,752,754,753,674,673,610
398,660,700,123,102,90,78,77,124,126,128,573,131,130,328,589,576,727,752,611,668,673,610
398,660,387,49,88,53,74,56,58,578,575,579,727,752,754,673,674,589,609,610
398,748,749,730,700,123,102,90,78,77,124,126,128,573,131,130,328,589,576,727,752,754,753,674,673,610
398,660,387,49,88,53,74,56,58,391,393,574,576,589,674,753,727,752,611,668,673,610
398,660,387,49,88,53,74,56,58,578,577,579,727,752,754,753,674,589,609,610
398,660,387,49,88,53,74,56,58,578,575,579,727,753,754,673,674,589,609,610
398,748,749,730,700,123,102,90,78,77,124,126,128,573,131,130,328,589,674,753,754,752,611,668,673,610
398,660,700,123,102,90,78,77,124,126,128,573,131,130,328,134,609,589,576,727,752,754,673,610
398,748,749,730,700,123,102,90,78,77,124,126,128,573,131,130,576,589,674,753,754,752,611,668,673,610
398,748,749,730,700,123,102,90,78,77,124,126,128,573,131,130,576,727,753,754,752,611,668,673,610
398,748,749,730,700,123,102,90,78,77,124,126,391,393,574,576,589,674,753,754,752,611,668,673,610
398,748,749,730,700,123,102,90,78,77,124,126,391,393,574,576,727,753,754,752,611,668,673,610
398,748,749,730,700,123,102,90,78,77,124,126,128,573,131,130,328,589,674,753,727,752,611,668,673,610
398,660,387,49,88,53,74,56,58,578,577,579,727,576,589,674,673,610
398,660,700,123,102,90,78,77,124,126,128,573,131,130,328,134,609,589,576,727,753,754,673,610
398,748,749,730,700,123,102,90,78,77,124,126,128,573,131,130,576,589,674,753,727,752,611,668,673,610
398,660,387,701,46,479,47,48,51,52,55,57,72,590,624,392,577,579,727,753,754,752,611,668,673,610
398,748,749,730,700,123,102,90,78,77,75,76,391,393,574,576,589,674,753,754,752,611,668,673,610
398,660,387,701,46,480,492,479,47,48,51,52,55,57,72,392,577,579,727,753,754,752,611,668,673,610
398,748,749,730,700,123,102,90,78,77,124,76,391,393,574,576,589,674,753,754,752,611,668,673,610
398,748,749,730,700,123,102,90,78,77,75,76,391,393,574,576,727,753,754,752,611,668,673,610
398,748,749,730,700,123,102,90,78,77,124,76,391,393,574,576,727,753,754,752,611,668,673,610
398,748,749,730,700,123,102,90,78,77,124,126,128,573,131,574,576,589,674,753,754,752,611,668,673,610
398,748,749,730,700,123,102,90,78,77,124,126,391,393,574,576,589,674,753,727,752,611,668,673,610
398,748,749,730,700,123,102,90,78,77,124,126,128,573,131,574,576,727,753,754,752,611,668,673,610
398,748,749,730,700,123,102,90,78,77,124,126,128,573,393,574,576,589,674,753,754,752,611,668,673,610
398,748,749,730,700,123,102,90,78,77,124,126,128,573,393,574,576,727,753,754,752,611,668,673,610
398,748,749,730,700,123,102,90,78,89,75,76,391,393,574,576,589,674,753,754,752,611,668,673,610
398,748,749,730,700,123,102,90,78,89,75,76,391,393,574,576,727,753,754,752,611,668,673,610
398,748,749,730,700,123,102,90,78,77,124,126,128,573,131,130,328,134,609,589,674,753,727,752,754,673,610
398,748,749,730,700,123,102,90,78,77,75,76,391,393,574,576,589,674,753,727,752,611,668,673,610
398,748,749,730,700,123,102,90,78,77,124,76,391,393,574,576,589,674,753,727,752,611,668,673,610
398,748,749,730,700,123,102,90,78,77,124,126,128,573,131,574,576,589,674,753,727,752,611,668,673,610
398,748,749,730,700,123,102,90,78,77,124,126,128,573,393,574,576,589,674,753,727,752,611,668,673,610
398,748,749,730,700,123,102,90,78,89,75,76,391,393,574,576,589,674,753,727,752,611,668,673,610
398,660,387,49,88,53,74,56,58,578,577,392,624,672,611,752,754,673,610
398,748,749,730,700,123,102,90,78,77,124,126,128,573,131,130,328,134,609,589,576,727,753,674,673,610
398,660,700,123,102,90,78,77,124,126,128,573,131,130,328,134,609,589,576,727,752,754,753,674,673,610
398,660,387,49,88,53,74,56,58,578,577,579,727,752,754,673,674,589,609,610
398,660,387,701,46,480,492,479,47,48,51,52,55,57,72,590,624,392,577,579,727,752,611,668,673,610
398,748,749,730,700,123,102,90,78,77,124,126,128,573,131,130,328,589,576,727,752,611,668,673,610
398,660,700,123,102,90,78,77,124,126,128,573,131,130,328,134,609,589,674,753,754,752,611,668,673,610
398,660,387,49,88,53,74,56,58,578,577,579,727,753,754,673,674,589,609,610
398,660,700,123,102,90,78,77,124,126,128,573,131,130,328,589,576,727,753,754,752,611,668,673,610
398,748,749,730,700,123,102,90,78,77,124,126,128,573,131,130,328,134,609,589,576,727,752,754,673,610
398,660,700,123,102,90,78,77,124,126,128,573,131,130,328,134,609,589,674,753,727,752,611,668,673,610
398,660,387,49,88,53,74,56,58,578,575,579,727,576,589,674,753,754,673,610
398,748,749,730,700,123,102,90,78,77,124,126,128,573,131,130,328,134,609,589,576,727,753,754,673,610
398,660,387,49,88,53,74,56,58,578,577,392,624,672,611,752,754,753,674,673,610
398,660,387,49,88,101,89,75,74,56,58,578,575,579,727,753,674,673,610
398,660,387,49,88,53,74,56,58,578,577,392,624,672,611,752,727,753,674,673,610
398,660,387,49,88,53,74,56,58,578,577,392,624,672,611,668,673,610
398,660,700,123,102,90,101,89,75,74,56,58,578,575,579,727,753,674,673,610
398,660,387,49,88,101,89,53,74,56,58,578,575,579,727,753,674,673,610
398,660,387,701,479,47,48,51,52,55,57,72,392,624,672,611,668,669,673,610
398,660,387,49,88,53,74,56,58,578,575,579,727,752,611,668,673,674,589,609,610
398,660,700,123,102,90,101,89,53,74,56,58,578,575,579,727,753,674,673,610
398,660,387,49,88,101,89,75,76,391,58,578,575,579,727,753,674,673,610
398,660,700,123,102,90,101,89,75,76,391,58,578,575,579,727,753,674,673,610
398,660,387,49,88,101,89,75,76,391,393,578,575,579,727,753,674,673,610
398,660,387,701,479,47,48,51,52,55,57,72,590,624,672,611,668,669,673,610
398,660,700,123,102,90,78,77,124,126,128,573,131,130,328,134,609,589,576,727,752,611,668,673,610
398,660,387,49,88,101,89,75,76,391,393,574,575,579,727,753,674,673,610
398,660,387,49,88,101,89,75,76,56,58,578,575,579,727,753,674,673,610
398,660,387,49,88,101,89,75,74,56,58,578,575,579,727,752,754,673,610
398,660,700,123,102,90,101,89,75,76,391,393,578,575,579,727,753,674,673,610
398,748,749,730,700,123,102,90,78,77,124,126,128,573,131,130,328,134,609,589,576,727,752,754,753,674,673,610
398,660,700,123,102,90,101,89,75,76,391,393,574,575,579,727,753,674,673,610
398,660,700,123,102,90,101,89,75,76,56,58,578,575,579,727,753,674,673,610
398,660,700,123,102,90,101,89,75,74,56,58,578,575,579,727,752,754,673,610
398,660,387,49,88,48,51,52,55,57,72,392,624,672,611,668,669,673,610
398,660,387,49,88,53,74,52,55,57,72,392,624,672,611,668,669,673,610
398,660,387,49,88,53,51,52,55,57,72,392,624,672,611,668,669,673,610
398,660,387,49,88,101,89,53,74,56,58,578,575,579,727,752,754,673,610
398,660,387,49,88,53,74,56,58,57,72,392,624,672,611,668,669,673,610
398,660,387,49,47,48,51,52,55,57,72,392,624,672,611,668,669,673,610
398,660,387,701,479,47,48,51,53,74,56,58,578,575,579,727,753,674,673,610
398,660,387,701,479,47,48,51,52,74,56,58,578,575,579,727,753,674,673,610
398,660,700,123,102,90,101,89,53,74,56,58,578,575,579,727,752,754,673,610
398,660,387,49,88,101,89,75,74,56,58,578,575,579,727,753,754,673,610
398,660,387,701,479,47,49,88,53,74,56,58,578,575,579,727,753,674,673,610
398,748,749,730,700,123,102,90,78,77,124,126,128,573,131,130,328,134,609,589,674,753,754,752,611,668,673,610
398,660,387,701,479,47,48,51,52,55,56,58,578,575,579,727,753,674,673,610
398,660,387,49,88,53,74,56,55,57,72,392,624,672,611,668,669,673,610
398,660,387,49,88,53,74,56,58,578,577,392,624,672,611,752,727,753,754,673,610
398,660,387,701,479,47,48,51,52,55,57,72,392,577,579,727,752,611,668,669,673,610
398,660,700,123,102,90,101,89,75,74,56,58,578,575,579,727,753,754,673,610
398,660,387,49,88,101,89,75,76,391,58,578,575,579,727,752,754,673,610
398,660,387,49,88,101,89,53,74,56,58,578,575,579,727,753,754,673,610
398,660,387,701,479,47,48,88,53,74,56,58,578,575,579,727,753,674,673,610
398,660,387,49,88,48,51,52,55,57,72,590,624,672,611,668,669,673,610
398,660,387,49,88,53,74,52,55,57,72,590,624,672,611,668,669,673,610
398,660,387,701,46,480,492,479,47,48,51,52,55,57,72,590,624,392,577,579,727,753,754,752,611,668,673,610
398,660,387,49,88,53,51,52,55,57,72,590,624,672,611,668,669,673,610
398,660,700,123,102,90,101,89,75,76,391,58,578,575,579,727,752,754,673,610
398,660,387,49,88,101,89,75,76,391,393,578,575,579,727,752,754,673,610
398,660,700,123,102,90,101,89,53,74,56,58,578,575,579,727,753,754,673,610
398,660,387,49,88,53,74,56,58,57,72,590,624,672,611,668,669,673,610
398,748,749,730,700,123,102,90,78,77,124,126,128,573,131,130,328,589,576,727,753,754,752,611,668,673,610
398,660,387,49,47,48,51,52,55,57,72,590,624,672,611,668,669,673,610
398,660,387,701,479,47,48,51,52,55,57,58,578,575,579,727,753,674,673,610
398,660,387,49,88,101,89,75,76,391,393,574,575,579,727,752,754,673,610
398,660,387,49,88,101,89,75,76,56,58,578,575,579,727,752,754,673,610
398,660,700,123,102,90,101,89,75,76,391,393,578,575,579,727,752,754,673,610
398,660,387,49,88,53,74,56,58,578,577,579,727,576,589,674,753,754,673,610
398,748,749,730,700,123,102,90,78,77,124,126,128,573,131,130,328,134,609,589,674,753,727,752,611,668,673,610
398,660,700,123,102,90,101,89,75,76,391,393,574,575,579,727,752,754,673,610
398,660,700,123,102,90,101,89,75,76,56,58,578,575,579,727,752,754,673,610
398,660,387,49,88,101,89,75,76,391,58,578,575,579,727,753,754,673,610
398,660,387,49,88,53,74,56,55,57,72,590,624,672,611,668,669,673,610
398,660,387,49,88,48,51,53,74,56,58,578,575,579,727,753,674,673,610
398,660,387,49,88,48,51,52,74,56,58,578,575,579,727,753,674,673,610
398,660,387,49,88,53,51,52,74,56,58,578,575,579,727,753,674,673,610
398,660,700,123,102,90,101,89,75,76,391,58,578,575,579,727,753,754,673,610
398,660,387,49,88,101,89,75,76,391,393,578,575,579,727,753,754,673,610
398,660,700,123,102,90,78,77,75,74,56,58,578,575,579,727,753,674,673,610
398,660,387,701,479,47,48,51,53,74,56,58,578,575,579,727,752,754,673,610
398,660,387,701,479,47,48,51,52,55,57,72,392,577,578,575,579,727,753,674,673,610
398,660,387,701,479,47,48,51,52,74,56,58,578,575,579,727,752,754,673,610
398,660,387,49,47,48,51,53,74,56,58,578,575,579,727,753,674,673,610
398,660,387,49,88,53,74,56,58,578,575,579,577,392,624,672,611,752,754,673,610
398,660,387,49,88,48,51,52,55,56,58,578,575,579,727,753,674,673,610
398,660,387,49,47,48,51,52,74,56,58,578,575,579,727,753,674,673,610
398,660,387,49,88,53,74,52,55,56,58,578,575,579,727,753,674,673,610
398,660,387,49,88,101,89,75,76,391,393,574,575,579,727,753,754,673,610
398,660,387,49,88,53,51,52,55,56,58,578,575,579,727,753,674,673,610
398,660,387,49,88,101,89,75,76,56,58,578,575,579,727,753,754,673,610
398,660,700,123,102,90,101,89,75,76,391,393,578,575,579,727,753,754,673,610
398,660,387,701,479,47,49,88,53,74,56,58,578,575,579,727,752,754,673,610
398,660,387,49,88,48,51,52,55,57,72,392,577,579,727,752,611,668,669,673,610
398,660,387,49,88,53,74,52,55,57,72,392,577,579,727,752,611,668,669,673,610
398,660,387,701,479,47,48,51,52,55,56,58,578,575,579,727,752,754,673,610
398,660,387,49,88,53,51,52,55,57,72,392,577,579,727,752,611,668,669,673,610
398,660,387,49,47,48,51,52,55,56,58,578,575,579,727,753,674,673,610
398,660,700,123,102,90,78,89,75,74,56,58,578,575,579,727,753,674,673,610
398,660,700,123,102,90,101,89,75,76,391,393,574,575,579,727,753,754,673,610
398,660,387,49,88,53,74,56,58,57,72,392,577,579,727,752,611,668,669,673,610
398,660,700,123,102,90,101,89,75,76,56,58,578,575,579,727,753,754,673,610
398,660,387,49,47,48,51,52,55,57,72,392,577,579,727,752,611,668,669,673,610
398,660,700,123,102,90,78,77,124,126,391,58,578,575,579,727,753,674,673,610
398,660,387,49,88,101,89,75,74,56,58,578,577,579,727,753,674,673,610
398,660,387,701,479,47,48,88,53,74,56,58,578,575,579,727,752,754,673,610
398,660,387,49,47,48,88,53,74,56,58,578,575,579,727,753,674,673,610
398,660,700,123,102,90,78,77,124,126,391,393,578,575,579,727,753,674,673,610
398,660,387,49,88,48,51,52,55,57,58,578,575,579,727,753,674,673,610
398,660,387,701,479,47,48,51,53,74,56,58,578,575,579,727,753,754,673,610
398,660,387,49,88,53,74,52,55,57,58,578,575,579,727,753,674,673,610
398,660,700,123,102,90,101,89,75,74,56,58,578,577,579,727,753,674,673,610
398,660,387,701,479,47,48,51,52,74,56,58,578,575,579,727,753,754,673,610
398,660,700,123,102,90,78,89,53,74,56,58,578,575,579,727,753,674,673,610
398,660,387,49,88,53,51,52,55,57,58,578,575,579,727,753,674,673,610
398,660,387,49,88,53,74,56,55,57,72,392,577,579,727,752,611,668,669,673,610
398,660,387,701,479,47,48,51,52,55,57,58,578,575,579,727,752,754,673,610
398,660,700,123,102,90,78,77,124,126,391,393,574,575,579,727,753,674,673,610
398,660,387,49,88,53,89,75,74,56,58,578,575,579,727,753,674,673,610
398,660,387,701,479,47,49,88,53,74,56,58,578,575,579,727,753,754,673,610
398,660,387,49,47,48,51,52,55,57,58,578,575,579,727,753,674,673,610
398,660,387,49,88,101,89,53,74,56,58,578,577,579,727,753,674,673,610
398,660,387,701,479,47,48,51,52,55,56,58,578,575,579,727,753,754,673,610
398,660,700,123,102,90,78,77,75,76,391,58,578,575,579,727,753,674,673,610
398,660,700,123,102,90,78,77,124,76,391,58,578,575,579,727,753,674,673,610
398,660,387,49,88,101,89,75,74,56,58,578,575,579,727,752,754,753,674,673,610
398,748,749,730,700,123,102,90,101,89,75,74,56,58,578,575,579,727,753,674,673,610
398,660,387,49,88,53,74,56,58,578,577,579,727,752,611,668,673,674,589,609,610
398,660,700,123,102,90,101,89,53,74,56,58,578,577,579,727,753,674,673,610
398,660,700,123,102,90,78,77,75,76,391,393,578,575,579,727,753,674,673,610
398,660,700,123,102,90,101,89,75,74,56,58,578,575,579,727,752,754,753,674,673,610
398,660,700,123,102,90,78,77,124,76,391,393,578,575,579,727,753,674,673,610
398,660,387,49,88,48,51,53,74,56,58,578,575,579,727,752,754,673,610
398,660,387,49,88,48,51,52,55,57,72,392,577,578,575,579,727,753,674,673,610
398,660,387,49,88,53,74,56,55,57,58,578,575,579,727,753,674,673,610
398,660,387,701,479,47,48,88,53,74,56,58,578,575,579,727,753,754,673,610
398,660,387,49,88,48,51,52,74,56,58,578,575,579,727,752,754,673,610
398,660,387,49,88,53,74,52,55,57,72,392,577,578,575,579,727,753,674,673,610
398,660,387,49,88,53,51,52,55,57,72,392,577,578,575,579,727,753,674,673,610
398,660,700,123,102,90,78,89,75,76,391,58,578,575,579,727,753,674,673,610
398,660,387,49,88,53,51,52,74,56,58,578,575,579,727,752,754,673,610
398,660,700,123,102,90,78,77,75,76,391,393,574,575,579,727,753,674,673,610
398,660,387,49,88,101,89,53,74,56,58,578,575,579,727,752,754,753,674,673,610
398,660,700,123,102,90,78,77,124,76,391,393,574,575,579,727,753,674,673,610
398,660,700,123,102,90,78,77,75,76,56,58,578,575,579,727,753,674,673,610
398,660,700,123,102,90,78,77,75,74,56,58,578,575,579,727,752,754,673,610
398,660,700,123,102,90,78,77,124,76,56,58,578,575,579,727,753,674,673,610
398,660,700,123,102,90,78,77,124,126,128,573,393,578,575,579,727,753,674,673,610
398,660,387,701,479,47,48,51,52,55,57,72,392,577,578,575,579,727,752,754,673,610
398,660,387,49,88,53,74,56,76,391,58,578,575,579,727,753,674,673,610
398,748,749,730,700,123,102,90,101,89,53,74,56,58,578,575,579,727,753,674,673,610
398,660,387,49,88,53,74,56,58,57,72,392,577,578,575,579,727,753,674,673,610
398,660,387,49,47,48,51,53,74,56,58,578,575,579,727,752,754,673,610
398,660,387,49,47,48,51,52,55,57,72,392,577,578,575,579,727,753,674,673,610
398,660,700,123,102,90,78,77,124,126,128,573,131,574,575,579,727,753,674,673,610
398,660,387,49,88,48,51,52,55,56,58,578,575,579,727,752,754,673,610
398,660,387,49,47,48,51,52,74,56,58,578,575,579,727,752,754,673,610
398,660,387,49,88,101,89,75,76,391,58,578,577,579,727,753,674,673,610
398,660,387,701,479,47,48,51,52,55,57,58,578,575,579,727,753,754,673,610
398,660,387,49,88,53,74,52,55,56,58,578,575,579,727,752,754,673,610
398,660,700,123,102,90,78,89,75,76,391,393,578,575,579,727,753,674,673,610
398,660,387,49,88,53,51,52,55,56,58,578,575,579,727,752,754,673,610
398,660,700,123,102,90,101,89,53,74,56,58,578,575,579,727,752,754,753,674,673,610
398,660,700,123,102,90,78,77,124,126,128,573,393,574,575,579,727,753,674,673,610
398,660,387,49,88,53,74,56,76,391,393,578,575,579,727,753,674,673,610
398,660,387,49,47,48,51,52,55,56,58,578,575,579,727,752,754,673,610
398,660,700,123,102,90,101,89,75,76,391,58,578,577,579,727,753,674,673,610
398,660,387,49,88,101,89,75,76,391,393,578,577,579,727,753,674,673,610
398,660,700,123,102,90,78,89,75,76,391,393,574,575,579,727,753,674,673,610
398,660,700,123,102,90,78,89,75,76,56,58,578,575,579,727,753,674,673,610
398,660,700,123,102,90,78,89,75,74,56,58,578,575,579,727,752,754,673,610
398,660,387,49,88,53,74,56,76,391,393,574,575,579,727,753,674,673,610
398,660,387,49,88,53,89,75,76,391,58,578,575,579,727,753,674,673,610
398,660,387,49,88,53,74,56,55,57,72,392,577,578,575,579,727,753,674,673,610
398,660,700,123,102,90,78,77,124,126,391,58,578,575,579,727,752,754,673,610
398,660,387,49,88,53,74,56,58,578,393,574,575,579,727,753,674,673,610
398,660,387,49,88,101,89,75,76,56,58,578,577,579,727,753,674,673,610
398,660,387,49,88,101,89,75,74,56,58,578,577,579,727,752,754,673,610
398,660,700,123,102,49,88,53,74,56,58,578,575,579,727,753,674,673,610
398,660,700,123,102,90,101,89,75,76,391,393,578,577,579,727,753,674,673,610
398,660,387,49,88,48,51,53,74,56,58,578,575,579,727,753,754,673,610
398,660,387,49,88,101,89,75,76,391,58,578,575,579,727,752,754,753,674,673,610
398,660,387,49,88,48,51,52,74,56,58,578,575,579,727,753,754,673,610
398,748,749,730,700,123,102,90,101,89,75,76,391,58,578,575,579,727,753,674,673,610
398,660,387,49,47,48,88,53,74,56,58,578,575,579,727,752,754,673,610
398,660,387,49,88,53,51,52,74,56,58,578,575,579,727,753,754,673,610
398,660,387,49,88,53,89,75,76,391,393,578,575,579,727,753,674,673,610
398,660,700,123,102,90,78,77,124,126,391,393,578,575,579,727,752,754,673,610
398,660,700,123,102,90,78,77,75,74,56,58,578,575,579,727,753,754,673,610
398,660,387,49,88,48,51,52,55,57,58,578,575,579,727,752,754,673,610
398,660,387,701,479,47,48,51,52,55,57,72,392,577,578,575,579,727,753,754,673,610
398,660,700,123,102,90,101,89,75,76,56,58,578,577,579,727,753,674,673,610
398,660,387,49,88,53,74,52,55,57,58,578,575,579,727,752,754,673,610
398,660,700,123,102,90,101,89,75,74,56,58,578,577,579,727,752,754,673,610
398,660,700,123,102,90,78,89,53,74,56,58,578,575,579,727,752,754,673,610
398,660,387,49,88,53,51,52,55,57,58,578,575,579,727,752,754,673,610
398,660,387,49,47,48,51,53,74,56,58,578,575,579,727,753,754,673,610
398,660,700,123,102,90,101,89,75,76,391,58,578,575,579,727,752,754,753,674,673,610
398,660,387,49,88,48,51,52,55,56,58,578,575,579,727,753,754,673,610
398,660,387,49,88,101,89,75,76,391,393,578,575,579,727,752,754,753,674,673,610
398,660,387,49,47,48,51,52,74,56,58,578,575,579,727,753,754,673,610
398,748,749,730,700,123,102,90,78,77,124,126,128,573,131,130,328,134,609,589,576,727,752,611,668,673,610
398,660,387,49,88,53,74,52,55,56,58,578,575,579,727,753,754,673,610
398,660,387,49,88,53,89,75,76,391,393,574,575,579,727,753,674,673,610
398,748,749,730,700,123,102,90,101,89,75,76,391,393,578,575,579,727,753,674,673,610
398,660,387,49,88,53,89,75,76,56,58,578,575,579,727,753,674,673,610
398,660,387,49,88,53,74,56,58,578,575,579,727,753,754,752,611,668,673,674,589,609,610
398,660,700,123,102,90,78,77,124,126,391,393,574,575,579,727,752,754,673,610
398,660,387,49,88,53,89,75,74,56,58,578,575,579,727,752,754,673,610
398,660,387,49,88,53,51,52,55,56,58,578,575,579,727,753,754,673,610
398,660,387,49,47,48,51,52,55,57,58,578,575,579,727,752,754,673,610
398,660,387,49,88,101,89,53,74,56,58,578,577,579,727,752,754,673,610
398,660,387,49,88,53,74,75,76,391,58,578,575,579,727,753,674,673,610
398,660,387,49,88,101,89,75,76,391,393,574,575,579,727,752,754,753,674,673,610
398,660,700,123,102,90,78,77,75,76,391,58,578,575,579,727,752,754,673,610
398,660,387,49,88,101,89,75,76,56,58,578,575,579,727,752,754,753,674,673,610
398,660,700,123,102,90,78,77,124,76,391,58,578,575,579,727,752,754,673,610
398,660,700,123,102,90,101,89,75,76,391,393,578,575,579,727,752,754,753,674,673,610
398,660,387,49,47,48,51,52,55,56,58,578,575,579,727,753,754,673,610
398,748,749,730,700,123,102,90,101,89,75,76,391,393,574,575,579,727,753,674,673,610
398,748,749,730,700,123,102,90,101,89,75,76,56,58,578,575,579,727,753,674,673,610
398,660,387,701,479,47,48,51,53,74,56,58,578,577,579,727,753,674,673,610
398,748,749,730,700,123,102,90,101,89,75,74,56,58,578,575,579,727,752,754,673,610
398,660,700,123,102,90,78,89,75,74,56,58,578,575,579,727,753,754,673,610
398,660,387,701,479,47,48,51,52,74,56,58,578,577,579,727,753,674,673,610
398,660,700,123,102,90,101,89,53,74,56,58,578,577,579,727,752,754,673,610
398,660,387,701,479,47,67,50,70,54,71,72,392,577,579,727,753,674,673,610
398,660,387,49,88,53,74,75,76,391,393,578,575,579,727,753,674,673,610
398,660,700,123,102,90,78,77,124,126,391,58,578,575,579,727,753,754,673,610
398,660,700,123,102,90,101,89,75,76,391,393,574,575,579,727,752,754,753,674,673,610
398,660,700,123,102,90,101,89,75,76,56,58,578,575,579,727,752,754,753,674,673,610
398,660,700,123,102,90,78,77,75,76,391,393,578,575,579,727,752,754,673,610
398,660,700,123,102,90,78,77,124,76,391,393,578,575,579,727,752,754,673,610
398,660,387,49,88,101,89,75,74,56,58,578,577,579,727,753,754,673,610
398,660,387,701,479,47,49,88,53,74,56,58,578,577,579,727,753,674,673,610
398,660,387,49,88,48,51,52,55,57,72,392,577,578,575,579,727,752,754,673,610
398,660,387,49,88,53,74,56,55,57,58,578,575,579,727,752,754,673,610
398,660,387,701,479,47,48,51,52,55,56,58,578,577,579,727,753,674,673,610
398,660,387,49,88,53,74,75,76,391,393,574,575,579,727,753,674,673,610
398,660,387,49,88,53,74,52,55,57,72,392,577,578,575,579,727,752,754,673,610
398,660,387,49,88,53,74,75,76,56,58,578,575,579,727,753,674,673,610
398,660,387,49,88,53,51,52,55,57,72,392,577,578,575,579,727,752,754,673,610
398,660,387,49,47,48,88,53,74,56,58,578,575,579,727,753,754,673,610
398,660,700,123,102,90,78,89,75,76,391,58,578,575,579,727,752,754,673,610
398,660,700,123,102,90,78,77,124,126,391,393,578,575,579,727,753,754,673,610
398,660,387,49,88,48,51,52,55,57,58,578,575,579,727,753,754,673,610
398,660,700,123,102,90,78,77,75,76,391,393,574,575,579,727,752,754,673,610
398,660,700,123,102,90,78,77,124,76,391,393,574,575,579,727,752,754,673,610
398,660,700,123,102,90,78,77,75,76,56,58,578,575,579,727,752,754,673,610
398,660,700,123,102,90,78,77,124,76,56,58,578,575,579,727,752,754,673,610
398,660,700,123,102,90,78,77,124,126,128,573,393,578,575,579,727,752,754,673,610
398,660,387,49,88,53,74,52,55,57,58,578,575,579,727,753,754,673,610
398,660,700,123,102,90,101,89,75,74,56,58,578,577,579,727,753,754,673,610
398,660,387,49,88,53,74,56,76,391,58,578,575,579,727,752,754,673,610
398,748,749,730,700,123,102,90,101,89,53,74,56,58,578,575,579,727,752,754,673,610
398,660,700,123,102,90,78,89,53,74,56,58,578,575,579,727,753,754,673,610
398,660,387,49,88,53,74,56,58,57,72,392,577,578,575,579,727,752,754,673,610
398,660,387,49,88,53,51,52,55,57,58,578,575,579,727,753,754,673,610
398,660,387,49,47,48,51,52,55,57,72,392,577,578,575,579,727,752,754,673,610
398,660,700,123,102,90,78,77,124,126,128,573,131,574,575,579,727,752,754,673,610
398,660,387,49,88,53,74,56,58,391,393,578,575,579,727,753,674,673,610
398,660,387,701,479,47,48,51,53,74,56,58,578,575,579,727,752,754,753,674,673,610
398,660,387,49,88,101,89,75,76,391,58,578,577,579,727,752,754,673,610
398,660,700,123,102,90,78,77,124,126,391,393,574,575,579,727,753,754,673,610
398,660,387,701,479,47,48,51,52,74,56,58,578,575,579,727,752,754,753,674,673,610
398,660,387,49,88,53,89,75,74,56,58,578,575,579,727,753,754,673,610
398,660,387,701,46,479,47,48,51,52,55,57,72,392,624,672,611,668,669,673,610
398,660,700,123,102,90,78,89,75,76,391,393,578,575,579,727,752,754,673,610
398,660,700,123,102,90,78,77,124,126,128,573,393,574,575,579,727,752,754,673,610
398,660,387,49,88,53,74,56,58,578,575,579,577,392,624,672,611,752,754,753,674,673,610
398,660,387,49,47,48,51,52,55,57,58,578,575,579,727,753,754,673,610
398,660,387,49,88,101,89,53,74,56,58,578,577,579,727,753,754,673,610
398,660,387,701,479,47,48,51,70,54,71,72,392,577,579,727,753,674,673,610
398,660,387,701,479,47,48,88,53,74,56,58,578,577,579,727,753,674,673,610
398,660,387,49,88,53,74,56,76,391,393,578,575,579,727,752,754,673,610
398,660,700,123,102,90,78,77,75,76,391,58,578,575,579,727,753,754,673,610
398,660,700,123,102,90,78,77,124,76,391,58,578,575,579,727,753,754,673,610
398,660,700,123,102,90,78,77,124,126,128,573,131,130,328,134,609,589,576,727,753,754,752,611,668,673,610
398,660,387,49,88,53,74,56,58,391,393,574,575,579,727,753,674,673,610
398,660,387,701,479,47,48,50,70,54,71,72,392,577,579,727,753,674,673,610
398,660,387,701,479,47,49,88,53,74,56,58,578,575,579,727,752,754,753,674,673,610
398,660,700,123,102,90,101,89,75,76,391,58,578,577,579,727,752,754,673,610
398,660,387,49,88,101,89,75,76,391,393,578,577,579,727,752,754,673,610
398,748,749,730,700,123,102,90,101,89,75,74,56,58,578,575,579,727,753,754,673,610
398,660,700,123,102,90,78,89,75,76,391,393,574,575,579,727,752,754,673,610
398,660,387,701,479,47,48,51,52,55,56,58,578,575,579,727,752,754,753,674,673,610
398,660,700,123,102,90,78,89,75,76,56,58,578,575,579,727,752,754,673,610
398,660,700,123,102,90,101,88,53,74,56,58,578,575,579,727,753,674,673,610
398,660,700,123,102,90,101,89,53,74,56,58,578,577,579,727,753,754,673,610
398,660,387,49,88,53,74,56,76,391,393,574,575,579,727,752,754,673,610
398,660,387,49,88,53,89,75,76,391,58,578,575,579,727,752,754,673,610
398,660,387,49,88,53,74,56,55,57,72,392,577,578,575,579,727,752,754,673,610
398,660,387,701,479,47,48,51,52,55,57,58,578,577,579,727,753,674,673,610
398,660,700,123,102,90,78,77,75,76,391,393,578,575,579,727,753,754,673,610
398,660,700,123,102,90,78,77,124,76,391,393,578,575,579,727,753,754,673,610
398,660,387,49,88,53,74,56,58,578,393,574,575,579,727,752,754,673,610
398,660,387,49,88,101,89,75,76,56,58,578,577,579,727,752,754,673,610
398,660,700,123,102,49,88,53,74,56,58,578,575,579,727,752,754,673,610
398,660,700,123,102,90,101,89,75,76,391,393,578,577,579,727,752,754,673,610
398,660,387,49,88,48,51,52,55,57,72,392,577,578,575,579,727,753,754,673,610
398,660,387,49,88,53,74,56,55,57,58,578,575,579,727,753,754,673,610
398,660,387,701,479,47,48,51,52,54,71,72,392,577,579,727,753,674,673,610
398,660,387,49,88,53,74,52,55,57,72,392,577,578,575,579,727,753,754,673,610
398,660,387,49,88,53,51,52,55,57,72,392,577,578,575,579,727,753,754,673,610
398,748,749,730,700,123,102,90,101,89,75,76,391,58,578,575,579,727,752,754,673,610
398,660,700,123,102,90,78,89,75,76,391,58,578,575,579,727,753,754,673,610
398,660,387,49,88,53,89,75,76,391,393,578,575,579,727,752,754,673,610
398,660,700,123,102,90,78,77,75,76,391,393,574,575,579,727,753,754,673,610
398,660,700,123,102,90,78,77,124,76,391,393,574,575,579,727,753,754,673,610
398,660,700,123,102,90,78,77,75,76,56,58,578,575,579,727,753,754,673,610
398,660,700,123,102,90,78,77,124,76,56,58,578,575,579,727,753,754,673,610
398,660,387,701,479,47,48,88,53,74,56,58,578,575,579,727,752,754,753,674,673,610
398,660,700,123,102,90,78,77,124,126,128,573,393,578,575,579,727,753,754,673,610
398,660,700,123,102,90,101,89,75,76,56,58,578,577,579,727,752,754,673,610
398,660,387,49,88,53,74,56,76,391,58,578,575,579,727,753,754,673,610
398,748,749,730,700,123,102,90,101,89,53,74,56,58,578,575,579,727,753,754,673,610
398,660,387,49,88,53,74,56,58,57,72,392,577,578,575,579,727,753,754,673,610
398,660,387,49,47,48,51,52,55,57,72,392,577,578,575,579,727,753,754,673,610
398,660,700,123,102,90,78,77,124,126,128,573,131,574,575,579,727,753,754,673,610
398,660,387,49,88,101,89,75,76,391,58,578,577,579,727,753,754,673,610
398,660,387,49,88,53,89,75,76,391,393,574,575,579,727,752,754,673,610
398,748,749,730,700,123,102,90,101,89,75,76,391,393,578,575,579,727,752,754,673,610
398,660,387,49,88,53,89,75,76,56,58,578,575,579,727,752,754,673,610
398,660,700,123,102,90,78,89,75,76,391,393,578,575,579,727,753,754,673,610
398,660,700,123,102,90,78,77,124,126,128,573,393,574,575,579,727,753,754,673,610
398,660,387,49,88,53,74,56,58,578,575,579,577,392,624,672,611,752,727,753,674,673,610
398,660,387,49,88,53,74,56,58,578,575,579,577,392,624,672,611,668,673,610
398,660,387,49,88,48,51,53,74,56,58,578,577,579,727,753,674,673,610
398,660,387,49,88,53,74,75,76,391,58,578,575,579,727,752,754,673,610
398,660,387,49,88,48,51,52,74,56,58,578,577,579,727,753,674,673,610
398,660,387,49,88,53,74,56,76,391,393,578,575,579,727,753,754,673,610
398,660,387,701,479,47,48,51,52,55,57,58,578,575,579,727,752,754,753,674,673,610
398,660,387,49,88,53,51,52,74,56,58,578,577,579,727,753,674,673,610
398,660,700,123,102,90,101,89,75,76,391,58,578,577,579,727,753,754,673,610
398,660,387,49,88,101,89,75,76,391,393,578,577,579,727,753,754,673,610
398,660,387,701,46,479,47,48,51,52,55,57,72,590,624,672,611,668,669,673,610
398,660,700,123,102,90,78,77,75,74,56,58,578,577,579,727,753,674,673,610
398,748,749,730,700,123,102,90,101,89,75,76,391,393,574,575,579,727,752,754,673,610
398,660,700,123,102,90,78,89,75,76,391,393,574,575,579,727,753,754,673,610
398,748,749,730,700,123,102,90,101,89,75,76,56,58,578,575,579,727,752,754,673,610
398,660,387,701,479,47,48,51,53,74,56,58,578,577,579,727,752,754,673,610
398,660,700,123,102,90,78,89,75,76,56,58,578,575,579,727,753,754,673,610
398,660,387,701,479,47,48,51,52,74,56,58,578,577,579,727,752,754,673,610
398,660,387,49,88,53,74,56,58,578,577,579,575,574,576,589,609,610
398,660,387,701,479,47,67,50,70,54,71,72,392,577,579,727,752,754,673,610
398,660,387,49,47,48,51,53,74,56,58,578,577,579,727,753,674,673,610
398,660,387,49,88,53,74,56,76,391,393,574,575,579,727,753,754,673,610
398,660,387,49,88,53,74,75,76,391,393,578,575,579,727,752,754,673,610
398,660,387,49,88,48,51,52,55,56,58,578,577,579,727,753,674,673,610
398,660,387,49,88,53,89,75,76,391,58,578,575,579,727,753,754,673,610
398,660,387,49,47,48,51,52,74,56,58,578,577,579,727,753,674,673,610
398,660,387,49,88,53,74,56,55,57,72,392,577,578,575,579,727,753,754,673,610
398,660,387,49,88,53,74,52,55,56,58,578,577,579,727,753,674,673,610
398,660,387,701,479,47,48,51,52,55,57,72,392,577,579,727,753,754,752,611,668,669,673,610
398,660,387,49,47,67,50,70,54,71,72,392,577,579,727,753,674,673,610
398,660,387,49,88,53,74,56,58,578,393,574,575,579,727,753,754,673,610
398,660,387,49,88,53,51,52,55,56,58,578,577,579,727,753,674,673,610
398,660,387,49,88,101,89,75,76,56,58,578,577,579,727,753,754,673,610
398,660,700,123,102,49,88,53,74,56,58,578,575,579,727,753,754,673,610
398,660,700,123,102,90,101,89,75,76,391,393,578,577,579,727,753,754,673,610
398,660,387,701,479,47,49,88,53,74,56,58,578,577,579,727,752,754,673,610
398,660,387,701,479,47,48,51,52,55,56,58,578,577,579,727,752,754,673,610
398,660,387,49,88,53,74,75,76,391,393,574,575,579,727,752,754,673,610
398,660,387,49,88,53,74,75,76,56,58,578,575,579,727,752,754,673,610
398,748,749,730,700,123,102,90,101,89,75,76,391,58,578,575,579,727,753,754,673,610
398,748,749,730,700,123,102,90,78,77,75,74,56,58,578,575,579,727,753,674,673,610
398,660,387,49,47,48,51,52,55,56,58,578,577,579,727,753,674,673,610
398,660,387,49,88,53,89,75,76,391,393,578,575,579,727,753,754,673,610
398,660,387,49,88,48,51,53,74,56,58,578,575,579,727,752,754,753,674,673,610
398,660,387,49,88,48,51,52,74,56,58,578,575,579,727,752,754,753,674,673,610
398,660,700,123,102,90,78,89,75,74,56,58,578,577,579,727,753,674,673,610
398,660,700,123,102,90,101,89,75,76,56,58,578,577,579,727,753,754,673,610
398,748,749,730,700,660,387,49,88,53,74,56,58,578,575,579,727,753,674,673,610
398,660,387,49,88,48,51,70,54,71,72,392,577,579,727,753,674,673,610
398,660,387,49,88,53,51,52,74,56,58,578,575,579,727,752,754,753,674,673,610
398,660,700,123,102,90,78,77,75,74,56,58,578,575,579,727,752,754,753,674,673,610
398,660,700,123,102,90,78,77,124,126,391,58,578,577,579,727,753,674,673,610
398,660,387,49,88,53,74,56,58,391,393,578,575,579,727,752,754,673,610
398,660,387,701,479,47,48,51,52,55,57,72,392,577,578,575,579,727,752,754,753,674,673,610
398,660,387,49,88,53,51,70,54,71,72,392,577,579,727,753,674,673,610
398,660,387,49,88,53,89,75,76,391,393,574,575,579,727,753,754,673,610
398,660,387,49,88,48,50,70,54,71,72,392,577,579,727,753,674,673,610
398,748,749,730,700,123,102,90,101,89,75,76,391,393,578,575,579,727,753,754,673,610
398,660,387,49,88,53,89,75,76,56,58,578,575,579,727,753,754,673,610
398,660,387,49,47,48,51,53,74,56,58,578,575,579,727,752,754,753,674,673,610
398,660,387,49,88,48,51,52,55,56,58,578,575,579,727,752,754,753,674,673,610
398,660,387,701,479,47,48,51,70,54,71,72,392,577,579,727,752,754,673,610
398,660,387,49,88,53,74,75,76,391,58,578,575,579,727,753,754,673,610
398,660,387,49,47,48,51,52,74,56,58,578,575,579,727,752,754,753,674,673,610
398,660,387,701,479,47,48,88,53,74,56,58,578,577,579,727,752,754,673,610
398,660,387,49,88,53,74,52,55,56,58,578,575,579,727,752,754,753,674,673,610
398,660,387,49,47,48,51,70,54,71,72,392,577,579,727,753,674,673,610
398,660,387,49,88,53,51,52,55,56,58,578,575,579,727,752,754,753,674,673,610
398,660,387,701,46,479,47,48,51,53,74,56,58,578,575,579,727,753,674,673,610
398,660,387,49,47,48,88,53,74,56,58,578,577,579,727,753,674,673,610
398,660,387,49,88,53,74,56,58,391,393,574,575,579,727,752,754,673,610
398,660,387,701,479,47,48,50,70,54,71,72,392,577,579,727,752,754,673,610
398,660,700,123,102,90,78,77,124,126,391,393,578,577,579,727,753,674,673,610
398,660,387,701,46,479,47,48,51,52,74,56,58,578,575,579,727,753,674,673,610
398,660,387,49,88,48,51,52,55,57,58,578,577,579,727,753,674,673,610
398,748,749,730,700,123,102,90,78,89,75,74,56,58,578,575,579,727,753,674,673,610
398,748,749,730,700,123,102,90,101,89,75,76,391,393,574,575,579,727,753,754,673,610
398,748,749,730,700,123,102,90,101,89,75,76,56,58,578,575,579,727,753,754,673,610
398,660,387,701,479,47,48,51,53,74,56,58,578,577,579,727,753,754,673,610
398,660,387,49,47,48,50,70,54,71,72,392,577,579,727,753,674,673,610
398,660,387,49,88,53,74,52,55,57,58,578,577,579,727,753,674,673,610
398,660,700,123,102,90,101,88,53,74,56,58,578,575,579,727,752,754,673,610
398,660,387,701,479,47,48,51,52,74,56,58,578,577,579,727,753,754,673,610
398,660,700,123,102,90,78,89,53,74,56,58,578,577,579,727,753,674,673,610
398,660,387,49,88,53,51,52,55,57,58,578,577,579,727,753,674,673,610
398,660,387,701,479,47,67,50,70,54,71,72,392,577,579,727,753,754,673,610
398,660,387,49,88,53,74,75,76,391,393,578,575,579,727,753,754,673,610
398,660,387,49,47,48,51,52,55,56,58,578,575,579,727,752,754,753,674,673,610
398,748,749,730,700,123,102,90,78,77,124,126,391,58,578,575,579,727,753,674,673,610
398,660,387,49,88,101,89,75,76,391,393,574,576,727,752,611,668,669,673,610
398,660,387,49,88,48,51,52,54,71,72,392,577,579,727,753,674,673,610
398,660,387,701,46,479,47,49,88,53,74,56,58,578,575,579,727,753,674,673,610
398,660,387,701,479,47,48,51,52,55,57,58,578,577,579,727,752,754,673,610
398,660,700,123,102,90,78,89,75,74,56,58,578,575,579,727,752,754,753,674,673,610
398,660,387,49,88,53,74,52,54,71,72,392,577,579,727,753,674,673,610
398,660,387,49,88,53,89,75,74,56,58,578,577,579,727,753,674,673,610
398,660,387,49,88,53,51,52,54,71,72,392,577,579,727,753,674,673,610
398,660,387,701,46,479,47,48,51,52,55,56,58,578,575,579,727,753,674,673,610
398,660,387,701,479,47,49,88,53,74,56,58,578,577,579,727,753,754,673,610
398,660,387,49,47,48,51,52,55,57,58,578,577,579,727,753,674,673,610
398,660,700,123,102,90,78,77,124,126,391,58,578,575,579,727,752,754,753,674,673,610
398,660,387,701,479,47,48,51,52,55,56,58,578,577,579,727,753,754,673,610
398,660,387,701,479,47,48,51,52,54,71,72,392,577,579,727,752,754,673,610
398,660,387,49,88,53,74,75,76,391,393,574,575,579,727,753,754,673,610
398,660,387,49,88,53,74,75,76,56,58,578,575,579,727,753,754,673,610
398,660,700,123,102,90,78,77,75,76,391,58,578,577,579,727,753,674,673,610
398,660,387,701,46,479,47,48,51,52,55,57,72,392,577,579,727,752,611,668,669,673,610
398,660,700,123,102,90,78,77,124,76,391,58,578,577,579,727,753,674,673,610
398,660,387,49,88,101,89,75,74,56,58,578,577,579,727,752,754,753,674,673,610
398,748,749,730,700,123,102,90,78,77,124,126,391,393,578,575,579,727,753,674,673,610
398,660,700,123,102,90,101,89,75,76,391,393,574,576,727,752,611,668,669,673,610
398,660,387,49,47,48,51,52,54,71,72,392,577,579,727,753,674,673,610
398,748,749,730,700,123,102,90,101,89,75,74,56,58,578,577,579,727,753,674,673,610
398,748,749,730,700,123,102,90,78,89,53,74,56,58,578,575,579,727,753,674,673,610
398,660,387,49,88,53,74,56,58,578,575,579,727,752,611,668,673,754,753,674,589,609,610
398,660,387,49,47,48,88,53,74,56,58,578,575,579,727,752,754,753,674,673,610
398,660,700,123,102,90,78,77,124,126,391,393,578,575,579,727,752,754,753,674,673,610
398,660,387,49,88,48,51,52,55,57,58,578,575,579,727,752,754,753,674,673,610
398,660,387,49,88,53,74,56,58,391,393,578,575,579,727,753,754,673,610
398,748,749,730,700,123,102,90,78,77,124,126,391,393,574,575,579,727,753,674,673,610
398,660,700,123,102,90,78,77,75,76,391,393,578,577,579,727,753,674,673,610
398,660,387,49,88,53,74,52,55,57,58,578,575,579,727,752,754,753,674,673,610
398,660,700,123,102,90,101,89,75,74,56,58,578,577,579,727,752,754,753,674,673,610
398,660,700,123,102,90,78,77,124,76,391,393,578,577,579,727,753,674,673,610
398,660,700,123,102,90,78,89,53,74,56,58,578,575,579,727,752,754,753,674,673,610
398,660,387,701,46,479,47,48,88,53,74,56,58,578,575,579,727,753,674,673,610
398,660,387,49,88,53,51,52,55,57,58,578,575,579,727,752,754,753,674,673,610
398,660,387,49,88,101,89,75,74,56,58,578,575,579,727,752,611,668,673,610
398,660,387,701,479,47,48,51,70,54,71,72,392,577,579,727,753,754,673,610
398,660,387,49,88,48,51,53,74,56,58,578,577,579,727,752,754,673,610
398,660,387,49,88,53,74,56,55,57,58,578,577,579,727,753,674,673,610
398,660,387,701,479,47,48,88,53,74,56,58,578,577,579,727,753,754,673,610
398,660,387,49,88,48,51,52,74,56,58,578,577,579,727,752,754,673,610
398,748,749,730,700,123,102,90,78,77,75,76,391,58,578,575,579,727,753,674,673,610
398,748,749,730,700,123,102,90,78,77,124,76,391,58,578,575,579,727,753,674,673,610
398,660,700,123,102,90,78,77,124,126,391,393,574,575,579,727,752,754,753,674,673,610
398,660,387,49,88,53,89,75,74,56,58,578,575,579,727,752,754,753,674,673,610
398,660,387,49,88,53,74,56,58,391,393,574,575,579,727,753,754,673,610
398,660,387,701,479,47,48,50,70,54,71,72,392,577,579,727,753,754,673,610
398,660,700,123,102,90,78,89,75,76,391,58,578,577,579,727,753,674,673,610
398,660,387,49,88,53,51,52,74,56,58,578,577,579,727,752,754,673,610
398,660,387,49,47,48,51,52,55,57,58,578,575,579,727,752,754,753,674,673,610
398,660,387,49,88,101,89,53,74,56,58,578,577,579,727,752,754,753,674,673,610
398,660,700,123,102,90,78,77,75,76,56,58,578,577,579,727,753,674,673,610
398,660,700,123,102,90,78,77,75,74,56,58,578,577,579,727,752,754,673,610
398,660,387,49,88,48,51,52,55,57,72,392,577,579,727,753,754,752,611,668,669,673,610
398,660,700,123,102,90,78,77,124,76,56,58,578,577,579,727,753,674,673,610
398,660,700,123,102,90,78,77,124,126,128,573,393,578,577,579,727,753,674,673,610
398,660,700,123,102,90,101,88,53,74,56,58,578,575,579,727,753,754,673,610
398,660,387,49,88,53,74,56,76,391,58,578,577,579,727,753,674,673,610
398,748,749,730,700,123,102,90,101,89,53,74,56,58,578,577,579,727,753,674,673,610
398,660,387,49,88,53,74,52,55,57,72,392,577,579,727,753,754,752,611,668,669,673,610
398,660,700,123,102,90,101,89,75,74,56,58,578,575,579,727,752,611,668,673,610
398,660,700,123,102,90,78,77,75,76,391,58,578,575,579,727,752,754,753,674,673,610
398,660,700,123,102,90,78,77,124,76,391,58,578,575,579,727,752,754,753,674,673,610
398,660,387,49,88,53,51,52,55,57,72,392,577,579,727,753,754,752,611,668,669,673,610
398,660,387,701,46,479,47,48,51,52,55,57,58,578,575,579,727,753,674,673,610
398,660,387,49,47,48,51,53,74,56,58,578,577,579,727,752,754,673,610
398,660,387,49,88,48,51,52,55,56,58,578,577,579,727,752,754,673,610
398,660,387,49,47,48,51,52,74,56,58,578,577,579,727,752,754,673,610
398,748,749,730,700,123,102,90,78,77,75,76,391,393,578,575,579,727,753,674,673,610
398,748,749,730,700,123,102,90,101,89,75,74,56,58,578,575,579,727,752,754,753,674,673,610
398,660,387,701,479,47,48,51,52,55,57,58,578,577,579,727,753,754,673,610
398,748,749,730,700,123,102,90,78,77,124,76,391,393,578,575,579,727,753,674,673,610
398,660,387,49,88,53,74,52,55,56,58,578,577,579,727,752,754,673,610
398,660,387,49,47,67,50,70,54,71,72,392,577,579,727,752,754,673,610
398,660,700,123,102,90,78,89,75,76,391,393,578,577,579,727,753,674,673,610
398,660,387,49,88,53,74,56,58,57,72,392,577,579,727,753,754,752,611,668,669,673,610
398,660,387,49,88,53,51,52,55,56,58,578,577,579,727,752,754,673,610
398,660,700,123,102,90,101,89,53,74,56,58,578,577,579,727,752,754,753,674,673,610
398,660,387,701,479,47,67,50,70,54,71,72,392,624,672,611,752,754,673,610
398,660,387,49,47,48,51,52,55,57,72,392,577,579,727,753,754,752,611,668,669,673,610
398,660,387,49,88,101,89,53,74,56,58,578,575,579,727,752,611,668,673,610
398,660,387,49,88,53,74,56,76,391,393,578,577,579,727,753,674,673,610
398,660,387,701,479,47,48,51,52,54,71,72,392,577,579,727,753,754,673,610
398,660,700,123,102,90,78,77,75,76,391,393,578,575,579,727,752,754,753,674,673,610
398,660,700,123,102,90,78,77,124,76,391,393,578,575,579,727,752,754,753,674,673,610
398,748,749,730,700,123,102,90,78,89,75,76,391,58,578,575,579,727,753,674,673,610
398,748,749,730,700,123,102,90,78,77,75,76,391,393,574,575,579,727,753,674,673,610
398,748,749,730,700,123,102,90,78,77,124,76,391,393,574,575,579,727,753,674,673,610
398,748,749,730,700,123,102,90,78,77,75,76,56,58,578,575,579,727,753,674,673,610
398,748,749,730,700,123,102,90,78,77,75,74,56,58,578,575,579,727,752,754,673,610
398,660,387,49,47,48,51,52,55,56,58,578,577,579,727,752,754,673,610
398,748,749,730,700,123,102,90,78,77,124,76,56,58,578,575,579,727,753,674,673,610
398,748,749,730,700,123,102,90,78,77,124,126,128,573,393,578,575,579,727,753,674,673,610
398,660,387,49,88,48,51,52,55,57,72,392,577,578,575,579,727,752,754,753,674,673,610
398,660,387,49,88,53,74,56,55,57,58,578,575,579,727,752,754,753,674,673,610
398,660,700,123,102,90,78,89,75,76,56,58,578,577,579,727,753,674,673,610
398,660,700,123,102,90,78,89,75,74,56,58,578,577,579,727,752,754,673,610
398,660,387,49,88,53,74,52,55,57,72,392,577,578,575,579,727,752,754,753,674,673,610
398,748,749,730,700,660,387,49,88,53,74,56,58,578,575,579,727,752,754,673,610
398,660,387,49,88,53,51,52,55,57,72,392,577,578,575,579,727,752,754,753,674,673,610
398,660,700,123,102,90,101,89,53,74,56,58,578,575,579,727,752,611,668,673,610
398,748,749,730,700,123,102,90,78,77,124,126,128,573,131,574,575,579,727,753,674,673,610
398,660,387,49,88,48,51,70,54,71,72,392,577,579,727,752,754,673,610
398,660,700,123,102,90,78,89,75,76,391,58,578,575,579,727,752,754,753,674,673,610
398,660,700,123,102,90,78,77,75,76,391,393,574,575,579,727,752,754,753,674,673,610
398,660,387,49,88,53,89,75,76,391,58,578,577,579,727,753,674,673,610
398,660,700,123,102,90,78,77,124,76,391,393,574,575,579,727,752,754,753,674,673,610
398,660,700,123,102,90,78,77,75,76,56,58,578,575,579,727,752,754,753,674,673,610
398,660,700,123,102,90,78,77,124,126,391,58,578,577,579,727,752,754,673,610
398,660,700,123,102,90,78,77,124,76,56,58,578,575,579,727,752,754,753,674,673,610
398,660,700,123,102,90,78,77,124,126,128,573,393,578,575,579,727,752,754,753,674,673,610
398,748,749,730,700,123,102,90,78,89,75,76,391,393,578,575,579,727,753,674,673,610
398,660,387,49,88,53,51,70,54,71,72,392,577,579,727,752,754,673,610
398,660,387,49,88,53,74,56,76,391,58,578,575,579,727,752,754,753,674,673,610
398,748,749,730,700,123,102,90,101,89,53,74,56,58,578,575,579,727,752,754,753,674,673,610
398,748,749,730,700,123,102,90,78,77,124,126,128,573,393,574,575,579,727,753,674,673,610
398,660,387,49,88,48,50,70,54,71,72,392,577,579,727,752,754,673,610
398,660,387,49,88,53,74,56,58,57,72,392,577,578,575,579,727,752,754,753,674,673,610
398,660,700,123,102,49,88,53,74,56,58,578,577,579,727,753,674,673,610
398,660,387,49,88,53,74,56,58,578,575,579,577,392,624,672,611,752,727,753,754,673,610
398,660,387,49,88,48,51,53,74,56,58,578,577,579,727,753,754,673,610
398,660,387,49,47,48,51,52,55,57,72,392,577,578,575,579,727,752,754,753,674,673,610
398,660,700,123,102,90,78,77,124,126,128,573,131,574,575,579,727,752,754,753,674,673,610
398,660,387,49,88,53,74,56,55,57,72,392,577,579,727,753,754,752,611,668,669,673,610
398,660,387,49,88,101,89,75,76,391,58,578,577,579,727,752,754,753,674,673,610
398,660,387,49,88,48,51,52,74,56,58,578,577,579,727,753,754,673,610
398,660,387,49,47,48,51,70,54,71,72,392,577,579,727,752,754,673,610
398,660,700,123,102,90,78,89,75,76,391,393,578,575,579,727,752,754,753,674,673,610
398,748,749,730,700,123,102,90,101,89,75,76,391,58,578,577,579,727,753,674,673,610
398,660,387,701,46,479,47,48,51,53,74,56,58,578,575,579,727,752,754,673,610
398,660,387,701,46,479,47,48,51,52,55,57,72,392,577,578,575,579,727,753,674,673,610
398,660,700,123,102,90,78,77,124,126,128,573,393,574,575,579,727,752,754,753,674,673,610
398,660,387,49,47,48,88,53,74,56,58,578,577,579,727,752,754,673,610
398,660,387,49,88,53,51,52,74,56,58,578,577,579,727,753,754,673,610
398,660,387,49,88,53,89,75,76,391,393,578,577,579,727,753,674,673,610
398,748,749,730,700,123,102,90,78,89,75,76,391,393,574,575,579,727,753,674,673,610
398,660,700,123,102,90,78,77,124,126,391,393,578,577,579,727,752,754,673,610
398,660,387,701,46,479,47,48,51,52,74,56,58,578,575,579,727,752,754,673,610
398,748,749,730,700,123,102,90,78,89,75,76,56,58,578,575,579,727,753,674,673,610
398,660,700,123,102,90,78,77,75,74,56,58,578,577,579,727,753,754,673,610
398,660,387,49,88,48,51,52,55,57,58,578,577,579,727,752,754,673,610
398,660,387,701,479,47,48,51,70,54,71,72,392,624,672,611,752,754,673,610
398,748,749,730,700,123,102,90,78,89,75,74,56,58,578,575,579,727,752,754,673,610
398,660,387,49,88,53,74,56,76,391,393,578,575,579,727,752,754,753,674,673,610
398,660,387,49,47,48,50,70,54,71,72,392,577,579,727,752,754,673,610
398,660,387,49,88,53,74,52,55,57,58,578,577,579,727,752,754,673,610
398,660,700,123,102,90,78,89,53,74,56,58,578,577,579,727,752,754,673,610
398,660,387,49,88,53,51,52,55,57,58,578,577,579,727,752,754,673,610
398,660,387,49,47,48,51,53,74,56,58,578,577,579,727,753,754,673,610
398,660,387,701,479,47,48,50,70,54,71,72,392,624,672,611,752,754,673,610
398,748,749,730,700,123,102,90,78,77,124,126,391,58,578,575,579,727,752,754,673,610
398,660,700,123,102,90,101,89,75,76,391,58,578,577,579,727,752,754,753,674,673,610
398,660,387,49,88,48,51,52,55,56,58,578,577,579,727,753,754,673,610
398,660,387,49,88,101,89,75,76,391,393,578,577,579,727,752,754,753,674,673,610
398,660,387,49,88,48,51,52,54,71,72,392,577,579,727,752,754,673,610
398,660,387,49,47,48,51,52,74,56,58,578,577,579,727,753,754,673,610
398,660,700,123,102,90,78,89,75,76,391,393,574,575,579,727,752,754,753,674,673,610
398,660,387,49,88,101,89,75,76,391,58,578,575,579,727,752,611,668,673,610
398,660,387,701,46,479,47,49,88,53,74,56,58,578,575,579,727,752,754,673,610
398,660,700,123,102,90,78,89,75,76,56,58,578,575,579,727,752,754,753,674,673,610
398,660,387,49,88,53,74,52,55,56,58,578,577,579,727,753,754,673,610
398,660,387,49,47,67,50,70,54,71,72,392,577,579,727,753,754,673,610
398,660,387,49,88,53,74,52,54,71,72,392,577,579,727,752,754,673,610
398,748,749,730,700,123,102,49,88,53,74,56,58,578,575,579,727,753,674,673,610
398,748,749,730,700,123,102,90,101,89,75,76,391,393,578,577,579,727,753,674,673,610
398,660,387,49,88,53,89,75,76,56,58,578,577,579,727,753,674,673,610
398,660,387,49,88,53,74,56,58,578,577,579,727,753,754,752,611,668,673,674,589,609,610
398,660,387,49,88,53,89,75,74,56,58,578,577,579,727,752,754,673,610
398,660,387,49,88,53,51,52,55,56,58,578,577,579,727,753,754,673,610
398,660,387,49,88,53,51,52,54,71,72,392,577,579,727,752,754,673,610
398,660,387,701,46,479,47,48,51,52,55,56,58,578,575,579,727,752,754,673,610
398,660,387,49,88,53,74,56,76,391,393,574,575,579,727,752,754,753,674,673,610
398,660,387,701,479,47,67,50,70,54,71,73,590,624,672,611,752,754,673,610
398,660,387,49,47,48,51,52,55,57,58,578,577,579,727,752,754,673,610
398,660,387,49,88,53,74,75,76,391,58,578,577,579,727,753,674,673,610
398,660,387,701,479,47,48,51,52,55,57,72,590,624,392,577,579,727,752,611,668,669,673,610
398,660,387,49,88,53,89,75,76,391,58,578,575,579,727,752,754,753,674,673,610
398,660,387,49,88,53,74,56,55,57,72,392,577,578,575,579,727,752,754,753,674,673,610
398,660,387,49,88,53,74,56,58,578,393,574,575,579,727,752,754,753,674,673,610
398,660,700,123,102,90,78,77,75,76,391,58,578,577,579,727,752,754,673,610
398,660,387,49,88,101,89,75,76,56,58,578,577,579,727,752,754,753,674,673,610
398,660,700,123,102,90,78,77,124,76,391,58,578,577,579,727,752,754,673,610
398,660,700,123,102,49,88,53,74,56,58,578,575,579,727,752,754,753,674,673,610
398,748,749,730,700,123,102,90,78,77,124,126,391,393,578,575,579,727,752,754,673,610
398,660,700,123,102,90,101,89,75,76,391,393,578,577,579,727,752,754,753,674,673,610
398,748,749,730,700,123,102,90,78,77,75,74,56,58,578,575,579,727,753,754,673,610
398,660,387,49,47,48,51,52,55,56,58,578,577,579,727,753,754,673,610
398,660,387,49,47,48,51,52,54,71,72,392,577,579,727,752,754,673,610
398,660,700,123,102,90,101,89,75,76,391,58,578,575,579,727,752,611,668,673,610
398,660,387,49,88,101,89,75,76,391,393,578,575,579,727,752,611,668,673,610
398,748,749,730,700,123,102,90,101,89,75,76,56,58,578,577,579,727,753,674,673,610
398,748,749,730,700,123,102,90,101,89,75,74,56,58,578,577,579,727,752,754,673,610
398,660,387,701,479,47,67,50,70,54,71,72,590,624,672,611,752,754,673,610
398,660,700,123,102,90,78,89,75,74,56,58,578,577,579,727,753,754,673,610
398,660,387,701,479,47,48,51,52,54,71,72,392,624,672,611,752,754,673,610
398,748,749,730,700,123,102,90,78,89,53,74,56,58,578,575,579,727,752,754,673,610
398,748,749,730,700,660,387,49,88,53,74,56,58,578,575,579,727,753,754,673,610
398,660,387,49,88,48,51,70,54,71,72,392,577,579,727,753,754,673,610
398,748,749,730,700,123,102,90,101,89,75,76,391,58,578,575,579,727,752,754,753,674,673,610
398,660,387,49,88,53,74,75,76,391,393,578,577,579,727,753,674,673,610
398,660,387,49,88,53,89,75,76,391,393,578,575,579,727,752,754,753,674,673,610
398,660,700,123,102,90,78,77,124,126,391,58,578,577,579,727,753,754,673,610
398,748,749,730,700,123,102,90,78,77,124,126,391,393,574,575,579,727,752,754,673,610
398,660,387,49,88,53,51,70,54,71,72,392,577,579,727,753,754,673,610
398,660,387,49,88,53,74,56,58,578,577,579,575,574,576,589,674,673,610
398,660,700,123,102,90,101,89,75,76,56,58,578,577,579,727,752,754,753,674,673,610
398,660,700,123,102,90,78,77,75,76,391,393,578,577,579,727,752,754,673,610
398,660,387,49,88,48,50,70,54,71,72,392,577,579,727,753,754,673,610
398,660,700,123,102,90,78,77,124,76,391,393,578,577,579,727,752,754,673,610
398,660,387,49,88,101,89,75,76,391,393,574,575,579,727,752,611,668,673,610
398,660,387,701,46,479,47,48,88,53,74,56,58,578,575,579,727,752,754,673,610
398,660,387,49,88,101,89,75,76,56,58,578,575,579,727,752,611,668,673,610
398,660,700,123,102,90,101,89,75,76,391,393,578,575,579,727,752,611,668,673,610
398,660,387,49,88,53,74,56,55,57,58,578,577,579,727,752,754,673,610
398,748,749,730,700,123,102,90,78,77,75,76,391,58,578,575,579,727,752,754,673,610
398,660,387,49,88,53,89,75,76,391,393,574,575,579,727,752,754,753,674,673,610
398,660,387,49,88,53,74,75,76,56,58,578,577,579,727,753,674,673,610
398,748,749,730,700,123,102,90,78,77,124,76,391,58,578,575,579,727,752,754,673,610
398,748,749,730,700,123,102,90,101,89,75,76,391,393,578,575,579,727,752,754,753,674,673,610
398,660,387,49,88,53,89,75,76,56,58,578,575,579,727,752,754,753,674,673,610
398,660,387,49,47,48,51,70,54,71,72,392,577,579,727,753,754,673,610
398,660,387,701,46,479,47,48,51,53,74,56,58,578,575,579,727,753,754,673,610
398,660,387,49,47,48,88,53,74,56,58,578,577,579,727,753,754,673,610
398,660,700,123,102,90,78,89,75,76,391,58,578,577,579,727,752,754,673,610
398,660,700,123,102,90,78,77,124,126,391,393,578,577,579,727,753,754,673,610
398,660,387,701,46,479,47,48,51,52,74,56,58,578,575,579,727,753,754,673,610
398,660,387,49,88,48,51,52,55,57,58,578,577,579,727,753,754,673,610
398,748,749,730,700,123,102,90,78,89,75,74,56,58,578,575,579,727,753,754,673,610
398,660,387,49,88,53,74,75,76,391,58,578,575,579,727,752,754,753,674,673,610
398,660,700,123,102,90,78,77,75,76,56,58,578,577,579,727,752,754,673,610
398,660,387,701,479,47,48,51,70,54,71,73,590,624,672,611,752,754,673,610
398,660,700,123,102,90,78,77,124,76,56,58,578,577,579,727,752,754,673,610
398,660,700,123,102,90,78,77,124,126,128,573,393,578,577,579,727,752,754,673,610
398,660,387,49,47,48,50,70,54,71,72,392,577,579,727,753,754,673,610
398,660,387,49,88,53,74,52,55,57,58,578,577,579,727,753,754,673,610
398,660,700,123,102,90,101,89,75,76,391,393,574,575,579,727,752,611,668,673,610
398,660,700,123,102,90,101,89,75,76,56,58,578,575,579,727,752,611,668,673,610
398,660,387,49,88,53,74,56,76,391,58,578,577,579,727,752,754,673,610
398,748,749,730,700,123,102,90,101,89,53,74,56,58,578,577,579,727,752,754,673,610
398,660,700,123,102,90,78,89,53,74,56,58,578,577,579,727,753,754,673,610
398,660,387,49,88,53,51,52,55,57,58,578,577,579,727,753,754,673,610
398,660,387,701,46,479,47,48,51,52,55,57,58,578,575,579,727,752,754,673,610
398,748,749,730,700,123,102,90,78,77,124,126,391,58,578,575,579,727,753,754,673,610
398,660,387,701,479,47,48,50,70,54,71,73,590,624,672,611,752,754,673,610
398,660,387,49,88,48,51,52,54,71,72,392,577,579,727,753,754,673,610
398,748,749,730,700,123,102,90,101,89,75,76,391,393,574,575,579,727,752,754,753,674,673,610
398,660,387,49,88,53,74,56,58,391,393,578,577,579,727,753,674,673,610
398,748,749,730,700,123,102,90,101,89,75,76,56,58,578,575,579,727,752,754,753,674,673,610
398,660,387,701,479,47,48,51,53,74,56,58,578,577,579,727,752,754,753,674,673,610
398,660,387,701,479,47,48,51,52,55,57,72,392,577,579,727,753,674,589,609,610
398,748,749,730,700,123,102,90,78,77,75,76,391,393,578,575,579,727,752,754,673,610
398,660,387,701,46,479,47,49,88,53,74,56,58,578,575,579,727,753,754,673,610
398,748,749,730,700,123,102,90,78,77,124,76,391,393,578,575,579,727,752,754,673,610
398,660,387,49,88,53,74,52,54,71,72,392,577,579,727,753,754,673,610
398,660,387,701,479,47,48,51,70,54,71,72,590,624,672,611,752,754,673,610
398,660,387,701,479,47,48,51,52,74,56,58,578,577,579,727,752,754,753,674,673,610
398,660,387,49,88,53,89,75,74,56,58,578,577,579,727,753,754,673,610
398,660,387,49,88,53,51,52,54,71,72,392,577,579,727,753,754,673,610
398,660,700,123,102,90,78,89,75,76,391,393,578,577,579,727,752,754,673,610
398,660,387,701,46,479,47,48,51,52,55,56,58,578,575,579,727,753,754,673,610
398,660,387,701,479,47,67,50,70,54,71,72,392,577,579,727,752,754,753,674,673,610
398,660,387,49,47,48,51,52,55,57,58,578,577,579,727,753,754,673,610
398,660,387,49,88,53,74,75,76,391,393,578,575,579,727,752,754,753,674,673,610
398,660,387,701,479,47,48,50,70,54,71,72,590,624,672,611,752,754,673,610
398,660,387,49,88,53,74,56,76,391,393,578,577,579,727,752,754,673,610
398,660,387,49,47,67,50,70,54,71,72,392,624,672,611,752,754,673,610
398,660,700,123,102,90,78,77,75,76,391,58,578,577,579,727,753,754,673,610
398,748,749,730,700,123,102,90,78,89,75,76,391,58,578,575,579,727,752,754,673,610
398,660,700,123,102,90,78,77,124,76,391,58,578,577,579,727,753,754,673,610
398,748,749,730,700,123,102,90,78,77,124,126,391,393,578,575,579,727,753,754,673,610
398,660,387,701,479,47,49,88,53,74,56,58,578,577,579,727,752,754,753,674,673,610
398,748,749,730,700,123,102,90,78,77,75,76,391,393,574,575,579,727,752,754,673,610
398,748,749,730,700,123,102,90,78,77,124,76,391,393,574,575,579,727,752,754,673,610
398,660,387,49,47,48,51,52,54,71,72,392,577,579,727,753,754,673,610
398,748,749,730,700,123,102,90,78,77,75,76,56,58,578,575,579,727,752,754,673,610
398,748,749,730,700,123,102,90,78,77,124,76,56,58,578,575,579,727,752,754,673,610
398,748,749,730,700,123,102,90,78,77,124,126,128,573,393,578,575,579,727,752,754,673,610
398,660,387,49,88,53,74,56,58,578,575,579,727,576,589,674,753,754,752,611,668,673,610
398,748,749,730,700,123,102,90,101,89,75,74,56,58,578,577,579,727,753,754,673,610
398,660,700,123,102,90,78,77,124,126,128,573,131,130,576,727,752,611,668,669,673,610
398,660,387,701,479,47,48,51,52,55,56,58,578,577,579,727,752,754,753,674,673,610
398,660,387,701,479,47,48,51,53,74,56,58,578,575,579,727,752,611,668,673,610
398,660,700,123,102,90,78,89,75,76,56,58,578,577,579,727,752,754,673,610
398,660,700,123,102,90,101,88,53,74,56,58,578,577,579,727,753,674,673,610
398,748,749,730,700,123,102,90,78,89,53,74,56,58,578,575,579,727,753,754,673,610
398,660,387,701,479,47,48,51,52,54,71,73,590,624,672,611,752,754,673,610
398,660,387,49,88,53,74,75,76,391,393,574,575,579,727,752,754,753,674,673,610
398,660,387,49,88,53,74,75,76,56,58,578,575,579,727,752,754,753,674,673,610
398,660,387,701,479,47,48,51,52,74,56,58,578,575,579,727,752,611,668,673,610
398,748,749,730,700,123,102,90,78,77,124,126,128,573,131,574,575,579,727,752,754,673,610
398,660,387,49,88,53,89,75,76,391,58,578,577,579,727,752,754,673,610
398,748,749,730,700,123,102,90,78,77,124,126,391,393,574,575,579,727,753,754,673,610
398,660,700,123,102,90,78,77,75,76,391,393,578,577,579,727,753,754,673,610
398,748,749,730,700,123,102,90,78,89,75,76,391,393,578,575,579,727,752,754,673,610
398,660,700,123,102,90,78,77,124,76,391,393,578,577,579,727,753,754,673,610
398,748,749,730,700,123,102,90,78,77,124,126,128,573,393,574,575,579,727,752,754,673,610
398,660,387,701,46,479,47,48,88,53,74,56,58,578,575,579,727,753,754,673,610
398,660,700,123,102,49,88,53,74,56,58,578,577,579,727,752,754,673,610
398,660,387,701,479,47,48,51,52,54,71,72,590,624,672,611,752,754,673,610
398,660,387,701,479,47,49,88,53,74,56,58,578,575,579,727,752,611,668,673,610
398,660,387,49,88,48,51,70,54,71,72,392,624,672,611,752,754,673,610
398,660,387,49,88,53,74,56,55,57,58,578,577,579,727,753,754,673,610
398,660,387,49,88,53,74,56,58,391,393,578,575,579,727,752,754,753,674,673,610
398,660,387,701,479,47,48,51,52,55,57,72,590,624,392,577,578,575,579,727,753,674,673,610
398,660,387,701,479,47,48,51,52,55,56,58,578,575,579,727,752,611,668,673,610
398,748,749,730,700,123,102,90,78,77,75,76,391,58,578,575,579,727,753,754,673,610
398,748,749,730,700,123,102,90,78,77,124,76,391,58,578,575,579,727,753,754,673,610
398,748,749,730,700,123,102,90,78,77,124,126,128,573,131,130,328,134,609,589,576,727,753,754,752,611,668,673,610
398,660,387,49,88,53,51,70,54,71,72,392,624,672,611,752,754,673,610
398,660,387,49,88,48,50,70,54,71,72,392,624,672,611,752,754,673,610
398,748,749,730,700,123,102,90,101,89,75,76,391,58,578,577,579,727,752,754,673,610
398,660,700,123,102,90,78,89,75,76,391,58,578,577,579,727,753,754,673,610
398,660,387,701,46,479,47,48,51,52,55,57,72,392,577,578,575,579,727,752,754,673,610
398,660,387,49,88,53,89,75,76,391,393,578,577,579,727,752,754,673,610
398,660,387,701,479,47,48,51,70,54,71,72,392,577,579,727,752,754,753,674,673,610
398,748,749,730,700,123,102,90,78,89,75,76,391,393,574,575,579,727,752,754,673,610
398,660,700,123,102,90,78,77,75,76,56,58,578,577,579,727,753,754,673,610
398,748,749,730,700,123,102,90,78,89,75,76,56,58,578,575,579,727,752,754,673,610
398,748,749,730,700,123,102,90,101,88,53,74,56,58,578,575,579,727,753,674,673,610
398,660,700,123,102,90,78,77,124,76,56,58,578,577,579,727,753,754,673,610
398,660,387,701,479,47,48,88,53,74,56,58,578,577,579,727,752,754,753,674,673,610
398,660,700,123,102,90,78,77,124,126,128,573,393,578,577,579,727,753,754,673,610
398,660,387,49,88,53,74,56,76,391,58,578,577,579,727,753,754,673,610
398,748,749,730,700,123,102,90,101,89,53,74,56,58,578,577,579,727,753,754,673,610
398,660,387,49,47,48,51,70,54,71,72,392,624,672,611,752,754,673,610
398,660,387,49,88,53,74,56,58,391,393,574,575,579,727,752,754,753,674,673,610
398,660,387,701,46,479,47,48,51,52,55,57,58,578,575,579,727,753,754,673,610
398,660,387,701,479,47,48,50,70,54,71,72,392,577,579,727,752,754,753,674,673,610
398,660,387,49,88,48,51,52,55,57,72,590,624,392,577,579,727,752,611,668,669,673,610
398,660,700,123,102,90,78,77,124,126,391,393,574,576,727,752,611,668,669,673,610
398,660,387,49,88,53,74,52,55,57,72,590,624,392,577,579,727,752,611,668,669,673,610
398,748,749,730,700,123,102,90,78,77,75,76,391,393,578,575,579,727,753,754,673,610
398,748,749,730,700,123,102,90,78,77,124,76,391,393,578,575,579,727,753,754,673,610
398,660,700,123,102,90,101,88,53,74,56,58,578,575,579,727,752,754,753,674,673,610
398,660,387,49,88,53,51,52,55,57,72,590,624,392,577,579,727,752,611,668,669,673,610
398,660,387,49,47,48,50,70,54,71,72,392,624,672,611,752,754,673,610
398,748,749,730,700,123,102,49,88,53,74,56,58,578,575,579,727,752,754,673,610
398,748,749,730,700,123,102,90,101,89,75,76,391,393,578,577,579,727,752,754,673,610
398,660,387,49,88,53,89,75,76,56,58,578,577,579,727,752,754,673,610
398,660,700,123,102,90,78,89,75,76,391,393,578,577,579,727,753,754,673,610
398,660,387,49,88,53,74,75,76,391,58,578,577,579,727,752,754,673,610
398,660,387,49,88,48,51,52,54,71,72,392,624,672,611,752,754,673,610
398,660,387,701,479,47,48,88,53,74,56,58,578,575,579,727,752,611,668,673,610
398,660,387,49,88,53,74,56,76,391,393,578,577,579,727,753,754,673,610
398,660,387,701,479,47,48,51,52,55,57,58,578,577,579,727,752,754,753,674,673,610
398,660,387,49,88,53,74,56,58,57,72,590,624,392,577,579,727,752,611,668,669,673,610
398,660,387,49,88,53,74,52,54,71,72,392,624,672,611,752,754,673,610
398,660,387,49,47,67,50,70,54,71,73,590,624,672,611,752,754,673,610
398,748,749,730,700,123,102,90,78,89,75,76,391,58,578,575,579,727,753,754,673,610
398,660,387,49,47,48,51,52,55,57,72,590,624,392,577,579,727,752,611,668,669,673,610
398,748,749,730,700,123,102,90,78,77,75,76,391,393,574,575,579,727,753,754,673,610
398,660,387,49,88,53,51,52,54,71,72,392,624,672,611,752,754,673,610
398,748,749,730,700,123,102,90,78,77,124,76,391,393,574,575,579,727,753,754,673,610
398,748,749,730,700,123,102,90,78,77,75,76,56,58,578,575,579,727,753,754,673,610
398,748,749,730,700,123,102,90,78,77,124,76,56,58,578,575,579,727,753,754,673,610
398,748,749,730,700,123,102,90,78,77,124,126,128,573,393,578,575,579,727,753,754,673,610
398,748,749,730,700,123,102,90,101,89,75,76,56,58,578,577,579,727,752,754,673,610
398,660,700,123,102,90,78,89,75,76,56,58,578,577,579,727,753,754,673,610
398,660,387,701,479,47,48,51,52,54,71,72,392,577,579,727,752,754,753,674,673,610
398,748,749,730,700,123,102,90,78,77,124,126,128,573,131,574,575,579,727,753,754,673,610
398,660,387,49,47,67,50,70,54,71,72,590,624,672,611,752,754,673,610
398,660,387,49,88,53,74,75,76,391,393,578,577,579,727,752,754,673,610
398,660,387,49,47,48,51,52,54,71,72,392,624,672,611,752,754,673,610
398,660,387,49,88,53,89,75,76,391,58,578,577,579,727,753,754,673,610
398,660,387,701,479,47,48,51,52,55,57,58,578,575,579,727,752,611,668,673,610
398,748,749,730,700,123,102,90,78,89,75,76,391,393,578,575,579,727,753,754,673,610
398,748,749,730,700,123,102,90,78,77,124,126,128,573,393,574,575,579,727,753,754,673,610
398,660,700,123,102,49,88,53,74,56,58,578,577,579,727,753,754,673,610
398,660,387,49,88,48,51,70,54,71,73,590,624,672,611,752,754,673,610
398,660,700,123,102,90,78,77,75,76,391,393,574,576,727,752,611,668,669,673,610
398,660,700,123,102,90,78,77,124,76,391,393,574,576,727,752,611,668,669,673,610
398,660,387,49,88,53,51,70,54,71,73,590,624,672,611,752,754,673,610
398,660,387,49,88,53,74,75,76,56,58,578,577,579,727,752,754,673,610
398,660,387,49,88,48,50,70,54,71,73,590,624,672,611,752,754,673,610
398,748,749,730,700,123,102,90,101,89,75,76,391,58,578,577,579,727,753,754,673,610
398,660,387,701,46,479,47,48,51,52,55,57,72,392,577,578,575,579,727,753,754,673,610
398,748,749,730,700,123,102,90,78,77,75,74,56,58,578,577,579,727,753,674,673,610
398,660,387,49,88,53,89,75,76,391,393,578,577,579,727,753,754,673,610
398,660,387,49,88,53,74,56,55,57,72,590,624,392,577,579,727,752,611,668,669,673,610
398,660,387,49,88,48,51,53,74,56,58,578,577,579,727,752,754,753,674,673,610
398,748,749,730,700,123,102,90,78,89,75,76,391,393,574,575,579,727,753,754,673,610
398,660,387,49,88,48,51,52,55,57,72,392,577,579,727,753,674,589,609,610
398,748,749,730,700,123,102,90,78,89,75,76,56,58,578,575,579,727,753,754,673,610
398,660,387,49,88,53,74,56,58,578,575,574,576,727,752,611,668,669,673,610
398,660,387,49,88,48,51,70,54,71,72,590,624,672,611,752,754,673,610
398,660,387,49,88,48,51,52,74,56,58,578,577,579,727,752,754,753,674,673,610
398,660,387,49,88,53,74,52,55,57,72,392,577,579,727,753,674,589,609,610
398,748,749,730,700,660,387,49,88,53,74,56,58,578,577,579,727,753,674,673,610
398,660,700,123,102,90,78,77,124,126,128,573,131,574,576,727,752,611,668,669,673,610
398,660,387,49,88,53,51,52,55,57,72,392,577,579,727,753,674,589,609,610
398,660,387,49,47,48,51,70,54,71,73,590,624,672,611,752,754,673,610
398,660,387,49,88,53,51,70,54,71,72,590,624,672,611,752,754,673,610
398,660,387,49,88,53,51,52,74,56,58,578,577,579,727,752,754,753,674,673,610
398,660,387,49,88,48,50,70,54,71,72,590,624,672,611,752,754,673,610
398,660,700,123,102,90,78,77,75,74,56,58,578,577,579,727,752,754,753,674,673,610
398,660,700,123,102,90,78,77,124,126,128,573,393,574,576,727,752,611,668,669,673,610
398,660,387,49,88,53,74,56,58,391,393,578,577,579,727,752,754,673,610
398,748,749,730,700,123,102,49,88,53,74,56,58,578,575,579,727,753,754,673,610
398,748,749,730,700,123,102,90,101,89,75,76,391,393,578,577,579,727,753,754,673,610
398,660,387,49,88,53,74,56,58,57,72,392,577,579,727,753,674,589,609,610
398,660,387,49,88,53,89,75,76,56,58,578,577,579,727,753,754,673,610
398,660,387,49,47,48,50,70,54,71,73,590,624,672,611,752,754,673,610
398,660,387,49,47,48,51,53,74,56,58,578,577,579,727,752,754,753,674,673,610
398,660,387,49,47,48,51,52,55,57,72,392,577,579,727,753,674,589,609,610
398,660,387,49,88,48,51,52,55,56,58,578,577,579,727,752,754,753,674,673,610
398,660,387,49,88,53,74,75,76,391,58,578,577,579,727,753,754,673,610
398,660,387,49,88,48,51,53,74,56,58,578,575,579,727,752,611,668,673,610
398,660,387,49,47,48,51,70,54,71,72,590,624,672,611,752,754,673,610
398,660,387,49,47,48,51,52,74,56,58,578,577,579,727,752,754,753,674,673,610
398,660,387,49,88,48,51,52,54,71,73,590,624,672,611,752,754,673,610
398,660,387,49,88,48,51,52,74,56,58,578,575,579,727,752,611,668,673,610
398,660,387,49,88,53,74,52,55,56,58,578,577,579,727,752,754,753,674,673,610
398,660,387,49,47,67,50,70,54,71,72,392,577,579,727,752,754,753,674,673,610
398,660,387,49,88,53,74,52,54,71,73,590,624,672,611,752,754,673,610
398,660,700,123,102,90,78,89,75,76,391,393,574,576,727,752,611,668,669,673,610
398,660,387,49,88,53,51,52,55,56,58,578,577,579,727,752,754,753,674,673,610
398,660,387,701,46,479,47,48,51,53,74,56,58,578,577,579,727,753,674,673,610
398,660,387,49,88,53,51,52,54,71,73,590,624,672,611,752,754,673,610
398,660,387,701,479,47,67,50,70,54,71,72,392,624,672,611,752,754,753,674,673,610
398,660,387,49,47,48,50,70,54,71,72,590,624,672,611,752,754,673,610
398,660,387,701,46,479,47,48,51,52,74,56,58,578,577,579,727,753,674,673,610
398,660,387,49,88,53,51,52,74,56,58,578,575,579,727,752,611,668,673,610
398,748,749,730,700,123,102,90,78,89,75,74,56,58,578,577,579,727,753,674,673,610
398,748,749,730,700,123,102,90,101,89,75,76,56,58,578,577,579,727,753,754,673,610
398,660,700,123,102,90,78,77,75,74,56,58,578,575,579,727,752,611,668,673,610
398,660,387,701,46,479,47,67,50,70,54,71,72,392,577,579,727,753,674,673,610
398,660,387,49,88,53,74,56,76,391,393,574,576,727,752,611,668,669,673,610
398,660,387,701,479,47,48,51,52,55,57,72,392,577,578,575,579,727,752,611,668,673,610
398,660,700,123,102,90,101,88,53,74,56,58,578,577,579,727,752,754,673,610
398,660,387,701,479,492,68,67,50,70,54,71,72,392,577,579,727,753,674,673,610
398,660,387,49,88,48,51,52,54,71,72,590,624,672,611,752,754,673,610
398,660,387,49,88,53,74,75,76,391,393,578,577,579,727,753,754,673,610
398,748,749,730,700,123,102,90,78,77,75,74,56,58,578,575,579,727,752,754,753,674,673,610
398,660,387,49,47,48,51,52,55,56,58,578,577,579,727,752,754,753,674,673,610
398,748,749,730,700,123,102,90,78,77,124,126,391,58,578,577,579,727,753,674,673,610
398,660,387,49,88,53,74,52,54,71,72,590,624,672,611,752,754,673,610
398,660,387,49,47,48,51,53,74,56,58,578,575,579,727,752,611,668,673,610
398,660,387,49,88,53,74,56,58,578,393,574,576,727,752,611,668,669,673,610
398,660,387,49,88,48,51,52,55,57,72,590,624,392,577,578,575,579,727,753,674,673,610
398,660,387,49,47,48,51,52,54,71,73,590,624,672,611,752,754,673,610
398,660,387,49,88,48,51,52,55,56,58,578,575,579,727,752,611,668,673,610
398,660,387,49,88,53,51,52,54,71,72,590,624,672,611,752,754,673,610
398,660,387,49,47,48,51,52,74,56,58,578,575,579,727,752,611,668,673,610
398,660,387,701,46,479,47,49,88,53,74,56,58,578,577,579,727,753,674,673,610
398,660,700,123,102,90,78,89,75,74,56,58,578,577,579,727,752,754,753,674,673,610
398,660,387,49,88,53,74,52,55,57,72,590,624,392,577,578,575,579,727,753,674,673,610
398,660,387,49,88,53,74,52,55,56,58,578,575,579,727,752,611,668,673,610
398,748,749,730,700,660,387,49,88,53,74,56,58,578,575,579,727,752,754,753,674,673,610
398,660,387,49,88,53,51,52,55,57,72,590,624,392,577,578,575,579,727,753,674,673,610
398,660,387,701,46,479,47,48,51,52,55,56,58,578,577,579,727,753,674,673,610
398,660,387,49,88,53,51,52,55,56,58,578,575,579,727,752,611,668,673,610
398,660,387,49,88,48,51,70,54,71,72,392,577,579,727,752,754,753,674,673,610
398,660,387,49,88,53,74,56,55,57,72,392,577,579,727,753,674,589,609,610
398,660,700,123,102,90,78,77,124,126,391,58,578,577,579,727,752,754,753,674,673,610
398,660,387,701,479,47,48,51,52,55,57,72,590,624,392,577,578,575,579,727,752,754,673,610
398,660,387,49,88,53,51,70,54,71,72,392,577,579,727,752,754,753,674,673,610
398,660,387,49,47,48,51,52,54,71,72,590,624,672,611,752,754,673,610
398,660,387,49,88,53,74,75,76,56,58,578,577,579,727,753,754,673,610
398,660,387,49,88,53,74,56,58,57,72,590,624,392,577,578,575,579,727,753,674,673,610
398,660,387,49,88,48,50,70,54,71,72,392,577,579,727,752,754,753,674,673,610
398,748,749,730,700,123,102,90,78,77,124,126,391,393,578,577,579,727,753,674,673,610
398,660,387,49,47,48,51,52,55,57,72,590,624,392,577,578,575,579,727,753,674,673,610
398,660,387,49,47,48,51,52,55,56,58,578,575,579,727,752,611,668,673,610
398,748,749,730,700,123,102,90,101,88,53,74,56,58,578,575,579,727,752,754,673,610
398,748,749,730,700,123,102,90,78,89,53,74,56,58,578,577,579,727,753,674,673,610
398,660,700,123,102,90,78,89,75,74,56,58,578,575,579,727,752,611,668,673,610
398,660,387,49,47,48,51,70,54,71,72,392,577,579,727,752,754,753,674,673,610
398,660,387,701,46,480,492,68,67,50,70,54,71,72,392,577,579,727,753,674,673,610
398,660,387,701,46,479,47,48,51,53,74,56,58,578,575,579,727,752,754,753,674,673,610
398,660,387,49,88,53,74,56,58,578,577,579,727,752,611,668,673,754,753,674,589,609,610
398,660,387,49,47,48,88,53,74,56,58,578,577,579,727,752,754,753,674,673,610
398,660,387,49,88,53,89,75,76,391,393,574,576,727,752,611,668,669,673,610
398,660,700,123,102,90,78,77,124,126,391,393,578,577,579,727,752,754,753,674,673,610
398,660,387,701,46,479,47,48,51,52,74,56,58,578,575,579,727,752,754,753,674,673,610
398,660,387,49,88,48,51,52,55,57,58,578,577,579,727,752,754,753,674,673,610
398,660,387,701,479,47,48,51,70,54,71,72,392,624,672,611,752,754,753,674,673,610
398,748,749,730,700,123,102,90,78,89,75,74,56,58,578,575,579,727,752,754,753,674,673,610
398,660,387,49,88,53,74,56,58,391,393,578,577,579,727,753,754,673,610
398,660,700,123,102,90,78,77,124,126,391,58,578,575,579,727,752,611,668,673,610
398,660,387,49,47,48,50,70,54,71,72,392,577,579,727,752,754,753,674,673,610
398,660,387,49,88,53,74,52,55,57,58,578,577,579,727,752,754,753,674,673,610
398,660,387,701,46,479,47,48,51,70,54,71,72,392,577,579,727,753,674,673,610
398,660,700,123,102,90,78,89,53,74,56,58,578,577,579,727,752,754,753,674,673,610
398,660,387,701,46,479,47,48,88,53,74,56,58,578,577,579,727,753,674,673,610
398,660,387,49,88,53,51,52,55,57,58,578,577,579,727,752,754,753,674,673,610
398,660,387,49,88,101,89,75,74,56,58,578,577,579,727,752,611,668,673,610
398,660,387,701,479,47,48,50,70,54,71,72,392,624,672,611,752,754,753,674,673,610
398,748,749,730,700,123,102,90,78,77,124,126,391,58,578,575,579,727,752,754,753,674,673,610
398,660,387,49,88,48,51,52,54,71,72,392,577,579,727,752,754,753,674,673,610
398,660,387,701,46,479,47,48,50,70,54,71,72,392,577,579,727,753,674,673,610
398,660,387,701,46,479,47,49,88,53,74,56,58,578,575,579,727,752,754,753,674,673,610
398,748,749,730,700,123,102,90,78,77,75,76,391,58,578,577,579,727,753,674,673,610
398,660,387,49,88,53,74,52,54,71,72,392,577,579,727,752,754,753,674,673,610
398,748,749,730,700,123,102,90,78,77,124,76,391,58,578,577,579,727,753,674,673,610
398,748,749,730,700,123,102,90,101,89,75,76,391,393,574,576,727,752,611,668,669,673,610
398,660,387,49,88,53,89,75,74,56,58,578,577,579,727,752,754,753,674,673,610
398,660,387,49,88,53,51,52,54,71,72,392,577,579,727,752,754,753,674,673,610
398,660,387,701,46,479,47,48,51,52,55,56,58,578,575,579,727,752,754,753,674,673,610
398,660,387,701,479,47,67,50,70,54,71,72,392,624,672,611,752,727,753,674,673,610
398,660,387,701,479,47,67,50,70,54,71,72,392,624,672,611,668,673,610
398,660,387,49,47,48,88,53,74,56,58,578,575,579,727,752,611,668,673,610
398,660,387,701,479,47,67,50,70,54,71,73,590,624,672,611,752,754,753,674,673,610
398,660,387,49,47,48,51,52,55,57,58,578,577,579,727,752,754,753,674,673,610
398,660,700,123,102,90,78,77,124,126,391,393,578,575,579,727,752,611,668,673,610
398,660,387,49,88,53,74,56,55,57,72,590,624,392,577,578,575,579,727,753,674,673,610
398,660,387,49,88,48,51,52,55,57,58,578,575,579,727,752,611,668,673,610
398,660,700,123,102,90,101,88,53,74,56,58,578,577,579,727,753,754,673,610
398,660,387,49,88,53,74,52,55,57,58,578,575,579,727,752,611,668,673,610
398,660,700,123,102,90,101,89,75,74,56,58,578,577,579,727,752,611,668,673,610
398,660,700,123,102,90,78,77,75,76,391,58,578,577,579,727,752,754,753,674,673,610
398,660,700,123,102,90,78,89,53,74,56,58,578,575,579,727,752,611,668,673,610
398,660,700,123,102,90,78,77,124,76,391,58,578,577,579,727,752,754,753,674,673,610
398,660,387,701,46,479,47,48,51,52,55,57,58,578,577,579,727,753,674,673,610
398,748,749,730,700,123,102,90,78,77,124,126,391,393,578,575,579,727,752,754,753,674,673,610
398,660,387,49,88,53,51,52,55,57,58,578,575,579,727,752,611,668,673,610
398,660,387,49,47,48,51,52,54,71,72,392,577,579,727,752,754,753,674,673,610
398,748,749,730,700,123,102,90,78,77,75,76,391,393,578,577,579,727,753,674,673,610
398,748,749,730,700,123,102,90,101,89,75,74,56,58,578,577,579,727,752,754,753,674,673,610
398,660,387,701,479,47,67,50,70,54,71,72,590,624,672,611,752,754,753,674,673,610
398,748,749,730,700,123,102,90,78,77,124,76,391,393,578,577,579,727,753,674,673,610
398,660,387,701,479,47,48,51,52,54,71,72,392,624,672,611,752,754,753,674,673,610
398,748,749,730,700,123,102,90,78,89,53,74,56,58,578,575,579,727,752,754,753,674,673,610
398,660,700,123,102,90,78,77,124,126,391,393,574,575,579,727,752,611,668,673,610
398,660,387,49,88,53,89,75,74,56,58,578,575,579,727,752,611,668,673,610
398,660,387,701,46,479,47,48,51,52,54,71,72,392,577,579,727,753,674,673,610
398,660,387,49,88,53,74,75,76,391,393,574,576,727,752,611,668,669,673,610
398,660,387,49,47,48,51,52,55,57,58,578,575,579,727,752,611,668,673,610
398,660,387,49,88,101,89,53,74,56,58,578,577,579,727,752,611,668,673,610
398,660,387,701,479,47,67,50,70,54,71,73,590,72,392,577,579,727,753,674,673,610
398,660,387,701,479,47,48,51,52,55,57,72,590,624,392,577,578,575,579,727,753,754,673,610
398,748,749,730,700,123,102,90,78,77,124,126,391,393,574,575,579,727,752,754,753,674,673,610
398,660,700,123,102,90,78,77,75,76,391,393,578,577,579,727,752,754,753,674,673,610
398,660,700,123,102,90,78,77,124,76,391,393,578,577,579,727,752,754,753,674,673,610
398,748,749,730,700,123,102,90,78,89,75,76,391,58,578,577,579,727,753,674,673,610
398,660,387,701,46,479,47,48,88,53,74,56,58,578,575,579,727,752,754,753,674,673,610
398,660,700,123,102,90,78,77,75,76,391,58,578,575,579,727,752,611,668,673,610
398,660,700,123,102,90,78,77,124,76,391,58,578,575,579,727,752,611,668,673,610
398,748,749,730,700,123,102,90,78,77,75,76,56,58,578,577,579,727,753,674,673,610
398,748,749,730,700,123,102,90,78,77,75,74,56,58,578,577,579,727,752,754,673,610
398,748,749,730,700,123,102,90,78,77,124,76,56,58,578,577,579,727,753,674,673,610
398,748,749,730,700,123,102,90,78,77,124,126,128,573,393,578,577,579,727,753,674,673,610
398,660,387,49,88,53,74,56,55,57,58,578,577,579,727,752,754,753,674,673,610
398,748,749,730,700,123,102,90,101,88,53,74,56,58,578,575,579,727,753,754,673,610
398,748,749,730,700,123,102,90,101,89,75,74,56,58,578,575,579,727,752,611,668,673,610
398,660,387,701,479,47,48,51,52,55,57,72,392,577,579,727,576,589,609,610
398,748,749,730,700,123,102,90,78,77,75,76,391,58,578,575,579,727,752,754,753,674,673,610
398,748,749,730,700,660,387,49,88,53,74,56,58,578,577,579,727,752,754,673,610
398,748,749,730,700,123,102,90,78,77,124,76,391,58,578,575,579,727,752,754,753,674,673,610
398,660,700,123,102,90,101,89,53,74,56,58,578,577,579,727,752,611,668,673,610
398,660,700,123,102,90,78,89,75,76,391,58,578,577,579,727,752,754,753,674,673,610
398,660,387,701,479,47,48,51,70,54,71,72,392,624,672,611,752,727,753,674,673,610
398,660,700,123,102,90,78,77,75,76,56,58,578,577,579,727,752,754,753,674,673,610
398,660,387,701,479,47,48,51,70,54,71,72,392,624,672,611,668,673,610
398,660,387,701,479,47,48,51,70,54,71,73,590,624,672,611,752,754,753,674,673,610
398,660,700,123,102,90,78,77,124,76,56,58,578,577,579,727,752,754,753,674,673,610
398,660,700,123,102,90,78,77,124,126,128,573,393,578,577,579,727,752,754,753,674,673,610
398,660,387,49,88,101,89,75,76,391,393,574,575,578,577,579,727,753,674,673,610
398,660,387,701,479,47,67,50,70,54,71,73,590,624,392,577,579,727,753,674,673,610
398,748,749,730,700,123,102,90,78,89,75,76,391,393,578,577,579,727,753,674,673,610
398,660,387,49,88,53,74,56,76,391,58,578,577,579,727,752,754,753,674,673,610
398,748,749,730,700,123,102,90,101,89,53,74,56,58,578,577,579,727,752,754,753,674,673,610
398,660,700,123,102,90,78,77,75,76,391,393,578,575,579,727,752,611,668,673,610
398,660,700,123,102,90,78,77,124,126,128,573,131,574,393,578,575,579,727,753,674,673,610
398,660,700,123,102,90,78,77,124,76,391,393,578,575,579,727,752,611,668,673,610
398,660,387,49,88,101,89,75,76,391,393,574,576,589,674,753,754,752,611,668,669,673,610
398,660,387,701,46,479,47,48,51,52,55,57,58,578,575,579,727,752,754,753,674,673,610
398,660,387,701,479,47,48,50,70,54,71,72,392,624,672,611,752,727,753,674,673,610
398,660,387,701,479,47,48,50,70,54,71,72,392,624,672,611,668,673,610
398,660,387,701,479,47,48,50,70,54,71,73,590,624,672,611,752,754,753,674,673,610
398,660,387,49,88,48,51,52,55,57,72,392,577,578,575,579,727,752,611,668,673,610
398,660,387,49,88,53,74,56,58,391,393,574,576,727,752,611,668,669,673,610
398,660,387,49,88,53,74,56,55,57,58,578,575,579,727,752,611,668,673,610
398,660,387,49,88,101,89,75,76,391,393,574,576,727,753,754,752,611,668,669,673,610
398,748,749,730,700,123,102,90,78,77,75,76,391,393,578,575,579,727,752,754,753,674,673,610
398,748,749,730,700,123,102,90,78,77,124,76,391,393,578,575,579,727,752,754,753,674,673,610
398,660,387,701,479,47,48,51,70,54,71,72,590,624,672,611,752,754,753,674,673,610
398,660,387,49,88,53,74,52,55,57,72,392,577,578,575,579,727,752,611,668,673,610
398,660,700,123,102,90,78,89,75,76,391,393,578,577,579,727,752,754,753,674,673,610
398,660,387,701,479,47,67,50,70,54,71,72,590,624,392,577,579,727,753,674,673,610
398,660,387,701,46,479,47,48,51,53,74,56,58,578,577,579,727,752,754,673,610
398,660,387,49,88,53,51,52,55,57,72,392,577,578,575,579,727,752,611,668,673,610
398,660,387,701,479,47,67,50,70,54,71,73,590,624,672,611,752,727,753,674,673,610
398,660,387,701,479,47,67,50,70,54,71,73,590,624,672,611,668,673,610
398,660,700,123,102,90,78,89,75,76,391,58,578,575,579,727,752,611,668,673,610
398,660,700,123,102,90,101,89,75,76,391,393,574,575,578,577,579,727,753,674,673,610
398,660,387,701,46,479,47,48,51,52,74,56,58,578,577,579,727,752,754,673,610
398,748,749,730,700,123,102,90,78,89,75,76,56,58,578,577,579,727,753,674,673,610
398,660,700,123,102,90,78,77,75,76,391,393,574,575,579,727,752,611,668,673,610
398,748,749,730,700,123,102,90,78,89,75,74,56,58,578,577,579,727,752,754,673,610
398,660,700,123,102,90,78,77,124,76,391,393,574,575,579,727,752,611,668,673,610
398,660,700,123,102,90,78,77,75,76,56,58,578,575,579,727,752,611,668,673,610
398,660,700,123,102,90,78,77,124,76,56,58,578,575,579,727,752,611,668,673,610
398,660,387,701,479,47,48,50,70,54,71,72,590,624,672,611,752,754,753,674,673,610
398,660,387,49,88,53,74,56,76,391,393,578,577,579,727,752,754,753,674,673,610
398,660,387,701,46,479,47,67,50,70,54,71,72,392,577,579,727,752,754,673,610
398,660,700,123,102,90,78,77,124,126,128,573,393,578,575,579,727,752,611,668,673,610
398,660,387,701,479,47,48,51,70,54,71,73,590,72,392,577,579,727,753,674,673,610
398,660,700,123,102,90,101,89,75,76,391,393,574,576,589,674,753,754,752,611,668,669,673,610
398,660,387,49,47,67,50,70,54,71,72,392,624,672,611,752,754,753,674,673,610
398,660,387,49,88,53,74,56,76,391,58,578,575,579,727,752,611,668,673,610
398,748,749,730,700,123,102,90,101,89,53,74,56,58,578,575,579,727,752,611,668,673,610
398,660,387,701,479,492,68,67,50,70,54,71,72,392,577,579,727,752,754,673,610
398,748,749,730,700,123,102,90,78,89,75,76,391,58,578,575,579,727,752,754,753,674,673,610
398,660,387,49,88,53,74,56,58,57,72,392,577,578,575,579,727,752,611,668,673,610
398,748,749,730,700,123,102,90,78,77,75,76,391,393,574,575,579,727,752,754,753,674,673,610
398,660,387,701,46,479,47,48,51,52,55,57,72,392,577,579,727,753,754,752,611,668,669,673,610
398,748,749,730,700,123,102,90,78,77,124,76,391,393,574,575,579,727,752,754,753,674,673,610
398,748,749,730,700,123,102,90,78,77,75,76,56,58,578,575,579,727,752,754,753,674,673,610
398,748,749,730,700,123,102,90,78,77,124,126,391,58,578,577,579,727,752,754,673,610
398,748,749,730,700,123,102,90,78,77,124,76,56,58,578,575,579,727,752,754,753,674,673,610
398,660,700,123,102,90,101,89,75,76,391,393,574,576,727,753,754,752,611,668,669,673,610
398,660,387,49,47,48,51,52,55,57,72,392,577,578,575,579,727,752,611,668,673,610
398,748,749,730,700,123,102,90,78,77,124,126,128,573,393,578,575,579,727,752,754,753,674,673,610
398,660,387,49,88,48,51,52,55,57,72,590,624,392,577,578,575,579,727,752,754,673,610
398,660,700,123,102,90,78,77,124,126,128,573,131,574,575,579,727,752,611,668,673,610
398,660,387,701,479,47,48,50,70,54,71,73,590,72,392,577,579,727,753,674,673,610
398,660,387,701,479,47,67,50,70,54,71,72,590,624,672,611,752,727,753,674,673,610
398,660,387,701,479,47,67,50,70,54,71,72,590,624,672,611,668,673,610
398,660,387,49,88,101,89,75,76,391,58,578,577,579,727,752,611,668,673,610
398,660,387,701,46,479,47,49,88,53,74,56,58,578,577,579,727,752,754,673,610
398,660,700,123,102,90,78,89,75,76,56,58,578,577,579,727,752,754,753,674,673,610
398,660,387,701,479,47,48,51,52,54,71,72,392,624,672,611,752,727,753,674,673,610
398,660,387,701,479,47,48,51,52,54,71,72,392,624,672,611,668,673,610
398,660,387,49,88,53,74,52,55,57,72,590,624,392,577,578,575,579,727,752,754,673,610
398,660,387,701,479,47,48,51,52,54,71,73,590,624,672,611,752,754,753,674,673,610
398,748,749,730,700,123,102,49,88,53,74,56,58,578,577,579,727,753,674,673,610
398,660,387,49,88,53,51,52,55,57,72,590,624,392,577,578,575,579,727,752,754,673,610
398,660,700,123,102,90,78,89,75,76,391,393,578,575,579,727,752,611,668,673,610
398,660,387,701,46,479,47,48,51,52,55,56,58,578,577,579,727,752,754,673,610
398,748,749,730,700,123,102,90,78,77,124,126,128,573,131,574,575,579,727,752,754,753,674,673,610
398,660,700,123,102,90,78,77,124,126,128,573,393,574,575,579,727,752,611,668,673,610
398,660,387,49,88,53,89,75,76,391,58,578,577,579,727,752,754,753,674,673,610
398,660,387,49,88,53,74,56,76,391,393,578,575,579,727,752,611,668,673,610
398,748,749,730,700,123,102,90,78,89,75,76,391,393,578,575,579,727,752,754,753,674,673,610
398,748,749,730,700,123,102,90,78,77,124,126,128,573,393,574,575,579,727,752,754,753,674,673,610
398,660,387,701,479,47,48,51,70,54,71,73,590,624,392,577,579,727,753,674,673,610
398,660,387,49,88,53,74,56,58,57,72,590,624,392,577,578,575,579,727,752,754,673,610
398,660,700,123,102,49,88,53,74,56,58,578,577,579,727,752,754,753,674,673,610
398,748,749,730,700,123,102,90,78,77,124,126,391,393,578,577,579,727,752,754,673,610
398,660,387,701,479,47,48,51,52,54,71,72,590,624,672,611,752,754,753,674,673,610
398,748,749,730,700,123,102,90,78,77,75,74,56,58,578,577,579,727,753,754,673,610
398,660,387,49,88,48,51,70,54,71,72,392,624,672,611,752,754,753,674,673,610
398,660,387,49,47,48,51,52,55,57,72,590,624,392,577,578,575,579,727,752,754,673,610
398,660,387,49,88,101,89,75,74,56,58,578,575,579,727,753,754,752,611,668,673,610
398,660,700,123,102,90,101,89,75,76,391,58,578,577,579,727,752,611,668,673,610
398,660,387,49,88,101,89,75,76,391,393,578,577,579,727,752,611,668,673,610
398,660,700,123,102,90,78,89,75,76,391,393,574,575,579,727,752,611,668,673,610
398,660,387,701,479,47,48,50,70,54,71,73,590,624,392,577,579,727,753,674,673,610
398,660,700,123,102,90,78,89,75,76,56,58,578,575,579,727,752,611,668,673,610
398,748,749,730,700,123,102,90,78,89,53,74,56,58,578,577,579,727,752,754,673,610
398,748,749,730,700,660,387,49,88,53,74,56,58,578,577,579,727,753,754,673,610
398,660,387,49,88,53,51,70,54,71,72,392,624,672,611,752,754,753,674,673,610
398,660,387,49,88,48,50,70,54,71,72,392,624,672,611,752,754,753,674,673,610
398,660,387,701,46,480,492,479,47,48,51,52,55,57,72,392,624,672,611,668,669,673,610
398,660,387,701,479,47,48,51,52,54,71,73,590,72,392,577,579,727,753,674,673,610
398,748,749,730,700,123,102,90,101,89,75,76,391,58,578,577,579,727,752,754,753,674,673,610
398,660,387,701,46,480,492,68,67,50,70,54,71,72,392,577,579,727,752,754,673,610
398,660,387,701,46,479,47,48,51,52,55,57,72,392,577,578,575,579,727,752,754,753,674,673,610
398,660,387,49,88,53,74,56,76,391,393,574,575,579,727,752,611,668,673,610
398,660,387,701,479,47,48,51,70,54,71,72,590,624,392,577,579,727,753,674,673,610
398,660,387,49,88,53,89,75,76,391,393,578,577,579,727,752,754,753,674,673,610
398,748,749,730,700,123,102,90,78,89,75,76,391,393,574,575,579,727,752,754,753,674,673,610
398,660,387,701,479,47,48,51,70,54,71,73,590,624,672,611,752,727,753,674,673,610
398,748,749,730,700,123,102,90,78,89,75,76,56,58,578,575,579,727,752,754,753,674,673,610
398,660,387,701,479,47,48,51,70,54,71,73,590,624,672,611,668,673,610
398,660,387,49,88,53,89,75,76,391,58,578,575,579,727,752,611,668,673,610
398,660,387,49,88,53,74,56,55,57,72,392,577,578,575,579,727,752,611,668,673,610
398,660,387,701,46,479,47,48,51,70,54,71,72,392,577,579,727,752,754,673,610
398,660,387,49,88,101,89,75,76,391,393,574,576,589,674,753,727,752,611,668,669,673,610
398,660,387,49,88,53,74,56,58,578,393,574,575,579,727,752,611,668,673,610
398,660,387,701,479,47,48,50,70,54,71,72,590,624,392,577,579,727,753,674,673,610
398,660,387,701,46,479,47,48,88,53,74,56,58,578,577,579,727,752,754,673,610
398,660,387,49,47,48,51,70,54,71,72,392,624,672,611,752,754,753,674,673,610
398,660,387,49,88,101,89,75,76,56,58,578,577,579,727,752,611,668,673,610
398,660,700,123,102,90,101,89,75,74,56,58,578,575,579,727,753,754,752,611,668,673,610
398,660,700,123,102,49,88,53,74,56,58,578,575,579,727,752,611,668,673,610
398,660,700,123,102,90,101,89,75,76,391,393,578,577,579,727,752,611,668,673,610
398,660,387,701,479,47,48,50,70,54,71,73,590,624,672,611,752,727,753,674,673,610
398,660,387,701,479,47,48,50,70,54,71,73,590,624,672,611,668,673,610
398,660,387,701,46,479,47,48,50,70,54,71,72,392,577,579,727,752,754,673,610
398,748,749,730,700,123,102,90,78,77,75,76,391,58,578,577,579,727,752,754,673,610
398,660,387,701,479,47,48,51,70,54,71,72,590,624,672,611,752,727,753,674,673,610
398,660,387,701,479,47,48,51,70,54,71,72,590,624,672,611,668,673,610
398,660,387,49,47,48,50,70,54,71,72,392,624,672,611,752,754,753,674,673,610
398,748,749,730,700,123,102,90,78,77,124,76,391,58,578,577,579,727,752,754,673,610
398,748,749,730,700,123,102,49,88,53,74,56,58,578,575,579,727,752,754,753,674,673,610
398,748,749,730,700,123,102,90,101,89,75,76,391,393,578,577,579,727,752,754,753,674,673,610
398,660,387,49,88,53,89,75,76,56,58,578,577,579,727,752,754,753,674,673,610
398,660,387,701,46,479,47,48,51,53,74,56,58,578,577,579,727,753,754,673,610
398,748,749,730,700,123,102,90,101,89,75,76,391,58,578,575,579,727,752,611,668,673,610
398,660,387,701,479,47,48,51,52,54,71,73,590,624,392,577,579,727,753,674,673,610
398,660,387,701,46,479,47,48,51,52,74,56,58,578,577,579,727,753,754,673,610
398,660,387,49,88,53,89,75,76,391,393,578,575,579,727,752,611,668,673,610
398,748,749,730,700,123,102,90,78,89,75,74,56,58,578,577,579,727,753,754,673,610
398,660,387,49,88,53,74,75,76,391,58,578,577,579,727,752,754,753,674,673,610
398,660,387,49,88,53,74,56,55,57,72,590,624,392,577,578,575,579,727,752,754,673,610
398,660,387,49,88,48,51,52,54,71,72,392,624,672,611,752,754,753,674,673,610
398,660,387,701,479,47,48,50,70,54,71,72,590,624,672,611,752,727,753,674,673,610
398,660,387,701,46,479,47,67,50,70,54,71,72,392,577,579,727,753,754,673,610
398,660,387,701,479,47,48,50,70,54,71,72,590,624,672,611,668,673,610
398,660,387,49,88,101,89,53,74,56,58,578,575,579,727,753,754,752,611,668,673,610
398,660,700,123,102,90,101,89,75,76,391,393,574,576,589,674,753,727,752,611,668,669,673,610
398,660,387,49,47,67,50,70,54,71,72,392,624,672,611,752,727,753,674,673,610
398,660,700,123,102,90,101,89,75,76,56,58,578,577,579,727,752,611,668,673,610
398,660,387,49,47,67,50,70,54,71,72,392,624,672,611,668,673,610
398,660,387,49,88,53,74,52,54,71,72,392,624,672,611,752,754,753,674,673,610
398,660,387,49,47,67,50,70,54,71,73,590,624,672,611,752,754,753,674,673,610
398,660,387,701,479,492,68,67,50,70,54,71,72,392,577,579,727,753,754,673,610
398,660,387,49,88,53,51,52,54,71,72,392,624,672,611,752,754,753,674,673,610
398,660,387,701,46,479,47,48,51,52,55,57,58,578,577,579,727,752,754,673,610
398,748,749,730,700,123,102,90,78,77,124,126,391,58,578,577,579,727,753,754,673,610
398,660,387,49,88,48,51,52,55,57,72,590,624,392,577,578,575,579,727,753,754,673,610
398,748,749,730,700,123,102,90,101,89,75,76,56,58,578,577,579,727,752,754,753,674,673,610
398,660,387,701,479,47,48,51,52,54,71,72,590,624,392,577,579,727,753,674,673,610
398,748,749,730,700,123,102,90,78,77,75,76,391,393,578,577,579,727,752,754,673,610
398,660,387,701,46,479,47,49,88,53,74,56,58,578,577,579,727,753,754,673,610
398,748,749,730,700,123,102,90,78,77,124,76,391,393,578,577,579,727,752,754,673,610
398,660,387,49,88,53,74,52,55,57,72,590,624,392,577,578,575,579,727,753,754,673,610
398,660,387,701,479,47,48,51,52,54,71,73,590,624,672,611,752,727,753,674,673,610
398,660,387,701,479,47,48,51,52,54,71,73,590,624,672,611,668,673,610
398,660,387,49,88,53,89,75,76,391,393,574,575,579,727,752,611,668,673,610
398,748,749,730,700,123,102,90,101,89,75,76,391,393,578,575,579,727,752,611,668,673,610
398,660,387,49,88,53,51,52,55,57,72,590,624,392,577,578,575,579,727,753,754,673,610
398,660,387,49,88,53,89,75,76,56,58,578,575,579,727,752,611,668,673,610
398,660,387,701,46,479,47,48,51,52,55,56,58,578,577,579,727,753,754,673,610
398,660,387,701,46,479,47,48,51,52,54,71,72,392,577,579,727,752,754,673,610
398,660,387,49,47,67,50,70,54,71,72,590,624,672,611,752,754,753,674,673,610
398,660,387,49,88,53,74,75,76,391,393,578,577,579,727,752,754,753,674,673,610
398,660,387,49,47,48,51,52,54,71,72,392,624,672,611,752,754,753,674,673,610
398,660,700,123,102,90,101,89,53,74,56,58,578,575,579,727,753,754,752,611,668,673,610
398,660,387,49,88,53,74,75,76,391,58,578,575,579,727,752,611,668,673,610
398,660,387,49,88,48,51,52,55,57,72,392,577,579,727,576,589,609,610
398,660,387,701,479,47,67,50,70,54,71,73,590,72,392,577,579,727,752,754,673,610
398,660,387,49,88,53,74,52,55,57,72,392,577,579,727,576,589,609,610
398,660,387,49,88,53,74,56,58,57,72,590,624,392,577,578,575,579,727,753,754,673,610
398,748,749,730,700,123,102,90,78,89,75,76,391,58,578,577,579,727,752,754,673,610
398,748,749,730,700,123,102,90,78,77,124,126,391,393,578,577,579,727,753,754,673,610
398,660,387,701,479,47,48,51,52,54,71,72,590,624,672,611,752,727,753,674,673,610
398,660,387,49,47,67,50,70,54,71,73,590,72,392,577,579,727,753,674,673,610
398,660,387,701,479,47,48,51,52,54,71,72,590,624,672,611,668,673,610
398,660,387,49,88,53,51,52,55,57,72,392,577,579,727,576,589,609,610
398,660,387,49,88,48,51,70,54,71,72,392,624,672,611,752,727,753,674,673,610
398,660,387,49,47,48,51,52,55,57,72,590,624,392,577,578,575,579,727,753,754,673,610
398,660,387,49,88,48,51,70,54,71,72,392,624,672,611,668,673,610
398,660,387,49,88,48,51,70,54,71,73,590,624,672,611,752,754,753,674,673,610
398,748,749,730,700,123,102,90,78,77,75,76,56,58,578,577,579,727,752,754,673,610
398,748,749,730,700,123,102,90,78,77,124,76,56,58,578,577,579,727,752,754,673,610
398,748,749,730,700,123,102,90,78,77,124,126,128,573,393,578,577,579,727,752,754,673,610
398,660,387,49,88,53,74,56,58,578,577,579,727,576,589,674,753,754,752,611,668,673,610
398,748,749,730,700,123,102,90,101,89,75,76,391,393,574,575,579,727,752,611,668,673,610
398,748,749,730,700,123,102,90,101,89,75,76,56,58,578,575,579,727,752,611,668,673,610
398,660,387,701,479,47,48,51,53,74,56,58,578,577,579,727,752,611,668,673,610
398,748,749,730,700,123,102,90,78,89,53,74,56,58,578,577,579,727,753,754,673,610
398,660,387,49,88,53,51,70,54,71,72,392,624,672,611,752,727,753,674,673,610
398,660,387,49,88,53,51,70,54,71,72,392,624,672,611,668,673,610
398,660,387,49,88,53,51,70,54,71,73,590,624,672,611,752,754,753,674,673,610
398,660,387,49,88,53,74,75,76,56,58,578,577,579,727,752,754,753,674,673,610
398,660,387,701,479,47,48,51,52,74,56,58,578,577,579,727,752,611,668,673,610
398,660,387,49,88,48,50,70,54,71,72,392,624,672,611,752,727,753,674,673,610
398,660,387,49,88,48,50,70,54,71,72,392,624,672,611,668,673,610
398,660,387,49,88,48,50,70,54,71,73,590,624,672,611,752,754,753,674,673,610
398,660,387,49,88,53,74,56,58,57,72,392,577,579,727,576,589,609,610
398,660,387,701,46,480,492,68,67,50,70,54,71,72,392,577,579,727,753,754,673,610
398,660,387,701,479,47,67,50,70,54,71,72,392,577,579,727,752,611,668,673,610
398,660,387,49,88,53,74,75,76,391,393,578,575,579,727,752,611,668,673,610
398,660,387,49,47,48,51,52,55,57,72,392,577,579,727,576,589,609,610
398,660,387,49,88,48,51,70,54,71,72,590,624,672,611,752,754,753,674,673,610
398,660,387,49,88,101,89,75,76,391,393,574,575,578,577,579,727,752,754,673,610
398,660,387,701,479,47,67,50,70,54,71,73,590,624,392,577,579,727,752,754,673,610
398,748,749,730,700,123,102,90,78,89,75,76,391,393,578,577,579,727,752,754,673,610
398,660,387,701,46,479,47,48,51,70,54,71,72,392,577,579,727,753,754,673,610
398,660,700,123,102,90,78,77,124,126,128,573,131,574,393,578,575,579,727,752,754,673,610
398,660,387,701,46,479,47,48,88,53,74,56,58,578,577,579,727,753,754,673,610
398,660,387,49,47,48,51,70,54,71,72,392,624,672,611,752,727,753,674,673,610
398,660,387,49,47,48,51,70,54,71,72,392,624,672,611,668,673,610
398,660,387,49,47,48,51,70,54,71,73,590,624,672,611,752,754,753,674,673,610
398,660,387,701,479,47,49,88,53,74,56,58,578,577,579,727,752,611,668,673,610
398,660,387,49,88,53,51,70,54,71,72,590,624,672,611,752,754,753,674,673,610
398,660,387,49,47,67,50,70,54,71,73,590,624,392,577,579,727,753,674,673,610
398,660,387,49,88,48,50,70,54,71,72,590,624,672,611,752,754,753,674,673,610
398,660,387,701,46,480,492,479,47,48,51,52,55,57,72,590,624,672,611,668,669,673,610
398,660,387,49,88,48,51,70,54,71,73,590,72,392,577,579,727,753,674,673,610
398,660,387,49,88,53,74,56,58,391,393,578,577,579,727,752,754,753,674,673,610
398,660,387,701,46,479,47,48,50,70,54,71,72,392,577,579,727,753,754,673,610
398,660,387,701,479,47,48,51,52,55,57,72,392,577,579,727,752,754,753,674,589,609,610
398,660,387,701,479,47,48,51,52,55,56,58,578,577,579,727,752,611,668,673,610
398,748,749,730,700,123,102,90,78,77,75,76,391,58,578,577,579,727,753,754,673,610
398,748,749,730,700,123,102,90,78,77,124,76,391,58,578,577,579,727,753,754,673,610
398,660,387,49,47,48,50,70,54,71,72,392,624,672,611,752,727,753,674,673,610
398,660,387,49,47,48,50,70,54,71,72,392,624,672,611,668,673,610
398,660,387,49,88,53,74,75,76,391,393,574,575,579,727,752,611,668,673,610
398,660,387,49,47,48,50,70,54,71,73,590,624,672,611,752,754,753,674,673,610
398,660,387,49,88,101,89,75,76,391,58,578,575,579,727,753,754,752,611,668,673,610
398,660,387,49,88,53,74,75,76,56,58,578,575,579,727,752,611,668,673,610
398,660,387,701,479,47,67,50,70,54,71,72,590,624,392,577,579,727,752,754,673,610
398,660,387,49,88,53,51,70,54,71,73,590,72,392,577,579,727,753,674,673,610
398,660,387,701,479,47,67,50,70,54,71,72,392,624,672,611,752,727,753,754,673,610
398,660,387,49,88,48,50,70,54,71,73,590,72,392,577,579,727,753,674,673,610
398,748,749,730,700,123,102,90,78,77,124,126,128,573,131,130,576,727,752,611,668,669,673,610
398,660,700,123,102,90,101,89,75,76,391,393,574,575,578,577,579,727,752,754,673,610
398,660,387,49,88,53,74,56,55,57,72,590,624,392,577,578,575,579,727,753,754,673,610
398,748,749,730,700,123,102,90,78,89,75,76,56,58,578,577,579,727,752,754,673,610
398,660,387,49,47,48,51,70,54,71,72,590,624,672,611,752,754,753,674,673,610
398,660,387,49,88,48,51,52,54,71,72,392,624,672,611,752,727,753,674,673,610
398,748,749,730,700,123,102,90,101,88,53,74,56,58,578,577,579,727,753,674,673,610
398,660,387,49,88,48,51,52,54,71,72,392,624,672,611,668,673,610
398,660,387,49,88,48,51,52,54,71,73,590,624,672,611,752,754,753,674,673,610
398,660,387,701,479,47,48,51,52,55,57,72,590,624,392,577,579,727,753,754,752,611,668,669,673,610
398,660,387,49,47,67,50,70,54,71,72,590,624,392,577,579,727,753,674,673,610
398,660,387,701,479,47,48,51,70,54,71,73,590,72,392,577,579,727,752,754,673,610
398,660,387,49,88,53,74,52,54,71,72,392,624,672,611,752,727,753,674,673,610
398,660,387,49,47,67,50,70,54,71,73,590,624,672,611,752,727,753,674,673,610
398,660,387,49,88,53,74,52,54,71,72,392,624,672,611,668,673,610
398,660,387,49,47,67,50,70,54,71,73,590,624,672,611,668,673,610
398,660,387,49,88,53,74,52,54,71,73,590,624,672,611,752,754,753,674,673,610
398,660,387,49,88,53,51,52,54,71,72,392,624,672,611,752,727,753,674,673,610
398,660,387,701,46,479,47,48,51,52,55,57,58,578,577,579,727,753,754,673,610
398,660,387,49,88,53,51,52,54,71,72,392,624,672,611,668,673,610
398,660,387,49,88,53,51,52,54,71,73,590,624,672,611,752,754,753,674,673,610
398,660,387,49,47,48,50,70,54,71,72,590,624,672,611,752,754,753,674,673,610
398,660,387,49,47,48,51,70,54,71,73,590,72,392,577,579,727,753,674,673,610
398,748,749,730,700,123,102,90,78,77,75,76,391,393,578,577,579,727,753,754,673,610
398,660,387,701,479,47,48,50,70,54,71,73,590,72,392,577,579,727,752,754,673,610
398,660,387,49,88,53,74,56,55,57,72,392,577,579,727,576,589,609,610
398,660,387,49,88,53,74,56,58,391,393,578,575,579,727,752,611,668,673,610
398,748,749,730,700,123,102,90,78,77,124,76,391,393,578,577,579,727,753,754,673,610
398,660,700,123,102,90,101,89,75,76,391,58,578,575,579,727,753,754,752,611,668,673,610
398,660,387,49,88,48,51,70,54,71,73,590,624,392,577,579,727,753,674,673,610
398,660,387,49,88,101,89,75,76,391,393,578,575,579,727,753,754,752,611,668,673,610
398,660,387,701,46,479,47,67,50,70,54,71,72,392,624,672,611,752,754,673,610
398,660,700,123,102,90,101,88,53,74,56,58,578,577,579,727,752,754,753,674,673,610
398,660,387,49,88,48,51,52,54,71,72,590,624,672,611,752,754,753,674,673,610
398,748,749,730,700,123,102,49,88,53,74,56,58,578,577,579,727,752,754,673,610
398,660,387,701,479,492,68,67,50,70,54,71,72,392,624,672,611,752,754,673,610
398,660,387,701,46,479,47,48,51,52,54,71,72,392,577,579,727,753,754,673,610
398,660,387,49,47,48,50,70,54,71,73,590,72,392,577,579,727,753,674,673,610
398,660,387,49,47,67,50,70,54,71,72,590,624,672,611,752,727,753,674,673,610
398,660,387,49,47,67,50,70,54,71,72,590,624,672,611,668,673,610
398,660,387,49,88,53,74,52,54,71,72,590,624,672,611,752,754,753,674,673,610
398,660,387,49,88,53,51,70,54,71,73,590,624,392,577,579,727,753,674,673,610
398,660,387,49,47,48,51,52,54,71,72,392,624,672,611,752,727,753,674,673,610
398,660,387,49,47,48,51,52,54,71,72,392,624,672,611,668,673,610
398,660,387,49,47,48,51,52,54,71,73,590,624,672,611,752,754,753,674,673,610
398,660,387,701,479,47,48,51,70,54,71,72,392,577,579,727,752,611,668,673,610
398,660,387,49,88,48,50,70,54,71,73,590,624,392,577,579,727,753,674,673,610
398,660,387,701,479,47,67,50,70,54,71,73,590,72,392,577,579,727,753,754,673,610
398,660,387,49,88,53,51,52,54,71,72,590,624,672,611,752,754,753,674,673,610
398,660,387,701,479,47,48,88,53,74,56,58,578,577,579,727,752,611,668,673,610
398,660,387,49,88,48,51,52,54,71,73,590,72,392,577,579,727,753,674,673,610
398,748,749,730,700,123,102,90,78,89,75,76,391,58,578,577,579,727,753,754,673,610
398,660,387,701,479,47,48,51,70,54,71,73,590,624,392,577,579,727,752,754,673,610
398,660,387,49,88,48,51,70,54,71,72,590,624,392,577,579,727,753,674,673,610
398,660,387,49,88,53,74,52,54,71,73,590,72,392,577,579,727,753,674,673,610
398,660,387,49,88,53,74,56,58,391,393,574,575,579,727,752,611,668,673,610
398,748,749,730,700,123,102,90,78,77,75,76,56,58,578,577,579,727,753,754,673,610
398,660,387,701,479,47,48,50,70,54,71,72,392,577,579,727,752,611,668,673,610
398,660,387,49,88,48,51,70,54,71,73,590,624,672,611,752,727,753,674,673,610
398,660,387,49,88,48,51,70,54,71,73,590,624,672,611,668,673,610
398,660,387,49,88,101,89,75,76,391,393,574,575,579,727,753,754,752,611,668,673,610
398,748,749,730,700,123,102,90,78,77,124,76,56,58,578,577,579,727,753,754,673,610
398,748,749,730,700,123,102,90,78,77,124,126,128,573,393,578,577,579,727,753,754,673,610
398,660,387,49,88,101,89,75,76,56,58,578,575,579,727,753,754,752,611,668,673,610
398,660,387,49,88,53,51,52,54,71,73,590,72,392,577,579,727,753,674,673,610
398,660,700,123,102,90,101,89,75,76,391,393,578,575,579,727,753,754,752,611,668,673,610
398,660,387,49,47,48,51,70,54,71,73,590,624,392,577,579,727,753,674,673,610
398,660,387,701,479,47,48,51,52,55,57,72,590,624,392,577,578,575,579,727,752,754,753,674,673,610
398,660,387,49,88,53,51,70,54,71,72,590,624,392,577,579,727,753,674,673,610
398,660,387,701,479,47,48,50,70,54,71,73,590,624,392,577,579,727,752,754,673,610
398,660,387,49,47,48,51,52,54,71,72,590,624,672,611,752,754,753,674,673,610
398,660,387,49,88,48,50,70,54,71,72,590,624,392,577,579,727,753,674,673,610
398,660,700,123,102,90,101,88,53,74,56,58,578,575,579,727,752,611,668,673,610
398,660,387,49,88,53,51,70,54,71,73,590,624,672,611,752,727,753,674,673,610
398,660,387,49,88,53,51,70,54,71,73,590,624,672,611,668,673,610
398,660,387,49,88,48,50,70,54,71,73,590,624,672,611,752,727,753,674,673,610
398,660,387,49,88,48,50,70,54,71,73,590,624,672,611,668,673,610
398,748,749,730,700,123,102,90,78,77,124,126,391,393,574,576,727,752,611,668,669,673,610
398,660,387,701,479,47,48,51,52,54,71,73,590,72,392,577,579,727,752,754,673,610
398,660,387,49,47,48,50,70,54,71,73,590,624,392,577,579,727,753,674,673,610
398,660,387,701,479,47,48,51,70,54,71,72,590,624,392,577,579,727,752,754,673,610
398,660,387,701,479,47,48,51,70,54,71,72,392,624,672,611,752,727,753,754,673,610
398,748,749,730,700,123,102,90,101,88,53,74,56,58,578,575,579,727,752,754,753,674,673,610
398,660,387,49,88,48,51,70,54,71,72,590,624,672,611,752,727,753,674,673,610
398,660,387,49,88,48,51,70,54,71,72,590,624,672,611,668,673,610
398,660,387,49,88,101,89,75,76,391,393,574,575,578,577,579,727,753,754,673,610
398,660,387,49,47,48,51,52,54,71,73,590,72,392,577,579,727,753,674,673,610
398,660,387,701,479,47,67,50,70,54,71,73,590,624,392,577,579,727,753,754,673,610
398,660,387,701,479,47,48,51,52,55,57,58,578,577,579,727,752,611,668,673,610
398,748,749,730,700,123,102,90,78,89,75,76,391,393,578,577,579,727,753,754,673,610
398,660,387,49,47,48,51,70,54,71,72,590,624,392,577,579,727,753,674,673,610
398,660,700,123,102,90,78,77,124,126,128,573,131,574,393,578,575,579,727,753,754,673,610
398,660,387,49,88,48,51,52,54,71,73,590,624,392,577,579,727,753,674,673,610
398,660,700,123,102,90,101,89,75,76,391,393,574,575,579,727,753,754,752,611,668,673,610
398,660,387,701,46,480,492,479,47,48,51,53,74,56,58,578,575,579,727,753,674,673,610
398,660,387,49,47,48,51,70,54,71,73,590,624,672,611,752,727,753,674,673,610
398,660,700,123,102,90,101,89,75,76,56,58,578,575,579,727,753,754,752,611,668,673,610
398,660,387,701,479,47,48,50,70,54,71,72,590,624,392,577,579,727,752,754,673,610
398,660,387,49,47,48,51,70,54,71,73,590,624,672,611,668,673,610
398,660,387,49,88,53,51,70,54,71,72,590,624,672,611,752,727,753,674,673,610
398,660,387,701,46,480,492,68,67,50,70,54,71,72,392,624,672,611,752,754,673,610
398,660,387,701,479,47,48,50,70,54,71,72,392,624,672,611,752,727,753,754,673,610
398,660,387,49,88,53,74,56,58,578,575,579,727,753,674,673,669,617,455,610
398,660,387,49,88,53,51,70,54,71,72,590,624,672,611,668,673,610
398,660,387,49,88,53,74,52,54,71,73,590,624,392,577,579,727,753,674,673,610
398,660,387,701,46,480,492,479,47,48,51,52,74,56,58,578,575,579,727,753,674,673,610
398,660,387,49,88,48,50,70,54,71,72,590,624,672,611,752,727,753,674,673,610
398,660,387,49,88,48,50,70,54,71,72,590,624,672,611,668,673,610
398,660,387,49,88,53,51,52,54,71,73,590,624,392,577,579,727,753,674,673,610
398,660,387,49,47,48,50,70,54,71,72,590,624,392,577,579,727,753,674,673,610
398,660,387,701,479,47,48,51,52,54,71,72,392,577,579,727,752,611,668,673,610
398,660,387,49,47,48,50,70,54,71,73,590,624,672,611,752,727,753,674,673,610
398,660,387,49,47,48,50,70,54,71,73,590,624,672,611,668,673,610
398,660,387,701,46,479,47,48,51,70,54,71,72,392,624,672,611,752,754,673,610
398,660,387,701,479,47,67,50,70,54,71,72,590,624,392,577,579,727,753,754,673,610
398,660,387,701,479,47,67,50,70,54,71,73,590,624,672,611,752,727,753,754,673,610
398,660,387,701,479,47,48,51,52,54,71,73,590,624,392,577,579,727,752,754,673,610
398,660,700,123,102,90,78,77,124,126,128,573,131,130,328,589,674,753,754,752,611,668,669,673,610
398,660,387,49,88,48,51,52,54,71,72,590,624,392,577,579,727,753,674,673,610
398,660,700,123,102,90,101,89,75,76,391,393,574,575,578,577,579,727,753,754,673,610
398,748,749,730,700,123,102,90,78,89,75,76,56,58,578,577,579,727,753,754,673,610
398,660,387,49,47,48,51,70,54,71,72,590,624,672,611,752,727,753,674,673,610
398,660,387,49,47,48,51,70,54,71,72,590,624,672,611,668,673,610
398,660,387,49,88,48,51,52,54,71,73,590,624,672,611,752,727,753,674,673,610
398,660,387,49,88,48,51,52,54,71,73,590,624,672,611,668,673,610
398,660,387,701,46,480,492,479,47,49,88,53,74,56,58,578,575,579,727,753,674,673,610
398,660,387,49,88,53,74,52,54,71,72,590,624,392,577,579,727,753,674,673,610
398,660,387,701,479,47,48,51,70,54,71,73,590,72,392,577,579,727,753,754,673,610
398,660,387,701,46,479,47,48,50,70,54,71,72,392,624,672,611,752,754,673,610
398,660,387,49,47,48,51,52,54,71,73,590,624,392,577,579,727,753,674,673,610
398,660,387,49,88,53,74,52,54,71,73,590,624,672,611,752,727,753,674,673,610
398,660,387,49,88,53,74,52,54,71,73,590,624,672,611,668,673,610
398,660,387,49,88,53,51,52,54,71,72,590,624,392,577,579,727,753,674,673,610
398,660,387,701,46,480,492,479,47,48,51,52,55,56,58,578,575,579,727,753,674,673,610
398,660,387,49,88,53,51,52,54,71,73,590,624,672,611,752,727,753,674,673,610
398,660,387,49,88,53,51,52,54,71,73,590,624,672,611,668,673,610
398,660,387,49,47,48,50,70,54,71,72,590,624,672,611,752,727,753,674,673,610
398,660,387,49,47,48,50,70,54,71,72,590,624,672,611,668,673,610
398,660,700,123,102,90,78,77,124,126,128,573,131,130,576,589,674,753,754,752,611,668,669,673,610
398,660,387,701,479,47,48,50,70,54,71,73,590,72,392,577,579,727,753,754,673,610
398,660,387,701,479,47,48,51,52,55,57,72,392,577,579,727,576,589,674,673,610
398,660,387,701,479,47,67,50,70,54,71,72,590,624,672,611,752,727,753,754,673,610
398,660,387,701,479,47,48,51,52,54,71,72,590,624,392,577,579,727,752,754,673,610
398,660,387,701,479,47,48,51,52,54,71,72,392,624,672,611,752,727,753,754,673,610
398,660,387,701,46,479,47,67,50,70,54,71,73,590,624,672,611,752,754,673,610
398,660,700,123,102,90,78,77,124,126,128,573,131,130,576,727,753,754,752,611,668,669,673,610
398,748,749,730,700,123,102,49,88,53,74,56,58,578,577,579,727,753,754,673,610
398,660,387,49,88,48,51,52,54,71,72,590,624,672,611,752,727,753,674,673,610
398,660,387,49,88,48,51,52,54,71,72,590,624,672,611,668,673,610
398,660,387,701,479,47,48,51,53,74,56,58,578,575,579,727,753,754,752,611,668,673,610
398,660,387,701,46,479,47,48,51,52,55,57,72,590,624,392,577,579,727,752,611,668,669,673,610
398,660,387,701,46,480,492,479,47,48,51,52,55,57,72,392,577,579,727,752,611,668,669,673,610
398,660,387,701,479,492,68,67,50,70,54,71,73,590,624,672,611,752,754,673,610
398,660,387,701,479,47,48,51,52,74,56,58,578,575,579,727,753,754,752,611,668,673,610
398,660,387,49,47,48,51,52,54,71,72,590,624,392,577,579,727,753,674,673,610
398,660,387,49,88,53,74,52,54,71,72,590,624,672,611,752,727,753,674,673,610
398,660,387,49,88,53,74,52,54,71,72,590,624,672,611,668,673,610
398,660,387,49,47,48,51,52,54,71,73,590,624,672,611,752,727,753,674,673,610
398,660,387,49,88,48,51,53,74,56,58,578,577,579,727,752,611,668,673,610
398,660,387,49,47,48,51,52,54,71,73,590,624,672,611,668,673,610
398,660,387,49,88,53,51,52,54,71,72,590,624,672,611,752,727,753,674,673,610
398,660,387,49,88,53,51,52,54,71,72,590,624,672,611,668,673,610
398,748,749,730,700,123,102,90,78,77,75,76,391,393,574,576,727,752,611,668,669,673,610
398,748,749,730,700,123,102,90,78,77,124,76,391,393,574,576,727,752,611,668,669,673,610
398,660,387,49,88,48,51,52,74,56,58,578,577,579,727,752,611,668,673,610
398,660,387,49,88,53,74,56,58,578,577,579,575,574,576,727,753,674,673,610
398,660,387,701,479,47,48,51,70,54,71,73,590,624,392,577,579,727,753,754,673,610
398,660,387,701,46,479,47,67,50,70,54,71,72,590,624,672,611,752,754,673,610
398,660,387,49,47,67,50,70,54,71,73,590,72,392,577,579,727,752,754,673,610
398,660,387,701,46,479,47,48,51,52,54,71,72,392,624,672,611,752,754,673,610
398,660,387,49,88,53,51,52,74,56,58,578,577,579,727,752,611,668,673,610
398,660,387,701,479,492,68,67,50,70,54,71,72,590,624,672,611,752,754,673,610
398,660,387,701,479,47,49,88,53,74,56,58,578,575,579,727,753,754,752,611,668,673,610
398,660,700,123,102,90,78,77,75,74,56,58,578,577,579,727,752,611,668,673,610
398,748,749,730,700,123,102,90,78,77,124,126,128,573,131,574,576,727,752,611,668,669,673,610
398,660,387,701,479,47,67,50,70,54,71,73,590,72,392,624,672,611,752,754,673,610
398,660,387,701,479,47,48,50,70,54,71,73,590,624,392,577,579,727,753,754,673,610
398,660,387,49,47,48,51,52,54,71,72,590,624,672,611,752,727,753,674,673,610
398,660,387,49,47,48,51,52,54,71,72,590,624,672,611,668,673,610
398,660,387,701,479,47,48,51,52,55,56,58,578,575,579,727,753,754,752,611,668,673,610
398,660,387,701,46,480,492,479,47,48,88,53,74,56,58,578,575,579,727,753,674,673,610
398,660,387,701,479,47,48,51,52,54,71,73,590,72,392,577,579,727,753,754,673,610
398,748,749,730,700,123,102,90,78,77,75,74,56,58,578,577,579,727,752,754,753,674,673,610
398,660,387,49,47,48,51,53,74,56,58,578,577,579,727,752,611,668,673,610
398,660,387,701,479,47,48,51,70,54,71,72,590,624,392,577,579,727,753,754,673,610
398,748,749,730,700,123,102,90,78,77,124,126,128,573,393,574,576,727,752,611,668,669,673,610
398,660,387,49,88,48,51,52,55,57,72,392,577,579,727,752,754,753,674,589,609,610
398,660,387,49,88,48,51,52,55,56,58,578,577,579,727,752,611,668,673,610
398,660,387,701,479,47,48,51,70,54,71,73,590,624,672,611,752,727,753,754,673,610
398,660,700,123,102,90,78,77,124,126,391,393,574,575,578,577,579,727,753,674,673,610
398,660,387,49,47,48,51,52,74,56,58,578,577,579,727,752,611,668,673,610
398,660,387,49,88,53,74,52,55,57,72,392,577,579,727,752,754,753,674,589,609,610
398,660,387,49,88,53,74,52,55,56,58,578,577,579,727,752,611,668,673,610
398,748,749,730,700,660,387,49,88,53,74,56,58,578,577,579,727,752,754,753,674,673,610
398,660,387,49,47,67,50,70,54,71,72,392,577,579,727,752,611,668,673,610
398,660,700,123,102,90,78,77,124,126,391,393,574,576,589,674,753,754,752,611,668,669,673,610
398,660,387,49,88,53,51,52,55,57,72,392,577,579,727,752,754,753,674,589,609,610
398,660,387,701,479,47,48,50,70,54,71,72,590,624,392,577,579,727,753,754,673,610
398,660,387,49,88,53,51,52,55,56,58,578,577,579,727,752,611,668,673,610
398,660,387,701,46,480,492,68,67,50,70,54,71,73,590,624,672,611,752,754,673,610
398,660,387,701,479,47,48,50,70,54,71,73,590,624,672,611,752,727,753,754,673,610
398,660,387,49,47,67,50,70,54,71,73,590,624,392,577,579,727,752,754,673,610
398,660,387,49,88,48,51,52,55,57,72,590,624,392,577,579,727,753,754,752,611,668,669,673,610
398,660,387,49,88,101,89,75,76,391,393,574,576,727,753,674,589,609,610
398,660,700,123,102,90,78,77,124,126,391,393,574,576,727,753,754,752,611,668,669,673,610
398,660,387,49,88,48,51,70,54,71,73,590,72,392,577,579,727,752,754,673,610
398,748,749,730,700,123,102,90,78,89,75,76,391,393,574,576,727,752,611,668,669,673,610
398,660,387,49,88,53,74,52,55,57,72,590,624,392,577,579,727,753,754,752,611,668,669,673,610
398,660,387,701,479,47,48,51,70,54,71,72,590,624,672,611,752,727,753,754,673,610
398,660,387,49,88,53,74,56,58,57,72,392,577,579,727,752,754,753,674,589,609,610
398,660,387,701,46,479,47,48,51,70,54,71,73,590,624,672,611,752,754,673,610
398,660,387,49,88,53,51,52,55,57,72,590,624,392,577,579,727,753,754,752,611,668,669,673,610
398,660,387,701,46,480,492,479,47,48,51,52,55,57,58,578,575,579,727,753,674,673,610
398,660,387,49,88,53,51,70,54,71,73,590,72,392,577,579,727,752,754,673,610
398,660,387,701,479,47,48,51,52,54,71,73,590,624,392,577,579,727,753,754,673,610
398,660,700,123,102,90,78,77,124,126,128,573,131,130,328,589,674,753,727,752,611,668,669,673,610
398,660,387,49,47,48,51,52,55,57,72,392,577,579,727,752,754,753,674,589,609,610
398,748,749,730,700,123,102,90,78,77,75,74,56,58,578,575,579,727,752,611,668,673,610
398,660,387,49,47,48,51,52,55,56,58,578,577,579,727,752,611,668,673,610
398,660,387,49,88,48,50,70,54,71,73,590,72,392,577,579,727,752,754,673,610
398,748,749,730,700,123,102,90,101,88,53,74,56,58,578,577,579,727,752,754,673,610
398,660,387,701,46,480,492,68,67,50,70,54,71,72,590,624,672,611,752,754,673,610
398,660,387,701,479,47,48,50,70,54,71,72,590,624,672,611,752,727,753,754,673,610
398,660,387,49,47,67,50,70,54,71,72,590,624,392,577,579,727,752,754,673,610
398,660,387,701,479,47,48,51,52,55,57,72,392,624,672,611,752,754,753,674,589,609,610
398,660,700,123,102,90,78,89,75,74,56,58,578,577,579,727,752,611,668,673,610
398,660,387,701,46,479,47,48,50,70,54,71,73,590,624,672,611,752,754,673,610
398,660,387,49,47,67,50,70,54,71,72,392,624,672,611,752,727,753,754,673,610
398,660,387,701,479,47,48,88,53,74,56,58,578,575,579,727,753,754,752,611,668,673,610
398,748,749,730,700,660,387,49,88,53,74,56,58,578,575,579,727,752,611,668,673,610
398,660,387,49,88,53,74,56,58,57,72,590,624,392,577,579,727,753,754,752,611,668,669,673,610
398,660,387,701,46,479,47,48,51,53,74,56,58,578,577,579,727,752,754,753,674,673,610
398,660,387,701,46,479,47,48,51,52,55,57,72,392,577,579,727,753,674,589,609,610
398,660,387,49,88,48,51,70,54,71,72,392,577,579,727,752,611,668,673,610
398,660,700,123,102,90,101,89,75,76,391,393,574,576,727,753,674,589,609,610
398,660,700,123,102,90,78,77,124,126,128,573,131,130,576,589,674,753,727,752,611,668,669,673,610
398,660,387,49,47,48,51,52,55,57,72,590,624,392,577,579,727,753,754,752,611,668,669,673,610
398,660,387,701,46,479,47,48,51,70,54,71,72,590,624,672,611,752,754,673,610
398,660,387,701,46,479,47,48,51,52,74,56,58,578,577,579,727,752,754,753,674,673,610
398,660,387,49,47,48,51,70,54,71,73,590,72,392,577,579,727,752,754,673,610
398,748,749,730,700,123,102,90,78,89,75,74,56,58,578,577,579,727,752,754,753,674,673,610
398,660,387,701,479,47,48,51,52,54,71,72,590,624,392,577,579,727,753,754,673,610
398,660,700,123,102,90,78,77,124,126,391,58,578,577,579,727,752,611,668,673,610
398,660,387,701,46,479,47,67,50,70,54,71,72,392,577,579,727,752,754,753,674,673,610
398,660,387,701,479,47,48,51,52,54,71,73,590,624,672,611,752,727,753,754,673,610
398,660,387,49,88,48,51,70,54,71,73,590,624,392,577,579,727,752,754,673,610
398,660,387,49,88,53,51,70,54,71,72,392,577,579,727,752,611,668,673,610
398,660,387,701,479,47,48,51,70,54,71,73,590,72,392,624,672,611,752,754,673,610
398,660,387,701,479,492,68,67,50,70,54,71,72,392,577,579,727,752,754,753,674,673,610
398,660,387,49,88,48,50,70,54,71,72,392,577,579,727,752,611,668,673,610
398,660,387,701,46,479,47,48,50,70,54,71,72,590,624,672,611,752,754,673,610
398,660,387,49,47,48,50,70,54,71,73,590,72,392,577,579,727,752,754,673,610
398,748,749,730,700,123,102,90,78,77,124,126,391,58,578,577,579,727,752,754,753,674,673,610
398,660,387,49,88,53,51,70,54,71,73,590,624,392,577,579,727,752,754,673,610
