421,482,408,406,428,426,427,407,339,314,317,656,413,447,193,191,190,449,189,206,186,227,250,519,551,521,277,276,286,470,469,460,459,11,638,639,5,499,637,8,666,505,503,98,96,97,107,355,32,33,145,143,144,364,662
421,482,408,406,428,426,427,407,339,314,317,656,413,447,193,191,190,188,187,185,183,518,517,269,747,225,641,220,221,217,218,182,216,613,565,564,5,499,637,8,666,505,503,98,96,97,107,355,32,33,145,143,144,364,662
421,482,408,406,428,426,427,407,339,314,317,656,413,447,193,191,190,449,189,206,186,227,250,519,551,521,277,276,286,470,468,460,459,11,638,639,5,499,637,8,666,505,503,98,96,97,107,355,32,33,145,143,144,364,662
421,482,408,406,428,426,427,407,339,314,317,656,413,447,193,191,190,188,187,185,183,518,517,269,747,225,641,220,221,217,218,182,216,613,565,564,581,498,497,499,637,8,666,505,503,98,96,97,107,355,32,33,145,143,144,364,662
421,482,408,406,428,426,340,319,338,339,314,317,656,413,447,193,191,190,449,189,206,186,227,250,519,551,521,277,276,286,470,469,460,459,11,638,639,5,499,637,8,666,505,503,98,96,97,107,355,32,33,145,143,144,364,662
421,482,408,406,428,426,340,319,338,339,314,317,656,413,447,193,191,190,188,187,185,183,518,517,269,747,225,641,220,221,217,218,182,216,613,565,564,5,499,637,8,666,505,503,98,96,97,107,355,32,33,145,143,144,364,662
421,482,408,406,428,426,340,319,338,339,314,317,656,413,447,193,191,190,449,189,206,186,227,250,519,551,521,277,276,286,470,468,460,459,11,638,639,5,499,637,8,666,505,503,98,96,97,107,355,32,33,145,143,144,364,662
421,482,408,406,428,426,340,319,338,339,314,317,656,413,447,193,191,190,188,187,185,183,518,517,269,747,225,641,220,221,217,218,182,216,613,565,564,581,498,497,499,637,8,666,505,503,98,96,97,107,355,32,33,145,143,144,364,662
421,482,408,406,428,426,427,407,339,314,317,656,413,447,193,191,190,188,187,185,183,249,653,250,519,551,521,277,276,286,470,469,460,459,11,638,639,5,499,637,8,666,505,503,98,96,97,107,355,32,33,145,143,144,364,662
421,482,408,406,428,426,427,407,339,314,317,656,413,447,193,191,190,449,189,206,186,227,250,519,551,521,277,276,286,470,469,460,459,11,638,639,5,499,637,8,666,505,503,98,96,97,109,355,32,33,145,143,144,364,662
421,482,408,406,428,426,427,407,339,314,317,656,413,447,193,191,190,188,187,185,183,518,517,269,747,225,641,220,221,217,218,182,216,613,565,564,5,499,637,8,666,505,503,98,96,97,109,355,32,33,145,143,144,364,662
421,482,408,406,428,426,427,407,339,314,317,656,413,447,193,191,190,188,187,185,183,249,653,250,519,551,521,277,276,286,470,468,460,459,11,638,639,5,499,637,8,666,505,503,98,96,97,107,355,32,33,145,143,144,364,662
421,482,408,406,404,407,339,314,317,656,413,447,193,191,190,449,189,206,186,227,250,519,551,521,277,276,286,470,469,460,459,11,638,639,5,499,637,8,666,505,503,98,96,97,107,355,32,33,145,143,144,364,662
421,482,408,406,404,407,339,314,317,656,413,447,193,191,190,188,187,185,183,518,517,269,747,225,641,220,221,217,218,182,216,613,565,564,5,499,637,8,666,505,503,98,96,97,107,355,32,33,145,143,144,364,662
421,482,408,406,428,426,427,407,339,314,317,656,413,447,193,192,229,449,189,206,186,227,250,519,551,521,277,276,286,470,469,460,459,11,638,639,5,499,637,8,666,505,503,98,96,97,107,355,32,33,145,143,144,364,662
421,482,408,406,428,426,427,407,339,314,317,656,413,447,193,191,190,449,189,206,186,227,250,519,551,521,277,276,286,470,468,460,459,11,638,639,5,499,637,8,666,505,503,98,96,97,109,355,32,33,145,143,144,364,662
421,482,408,406,404,407,339,314,317,656,413,447,193,191,190,449,189,206,186,227,250,519,551,521,277,276,286,470,468,460,459,11,638,639,5,499,637,8,666,505,503,98,96,97,107,355,32,33,145,143,144,364,662
421,482,408,406,428,426,427,407,339,314,317,656,413,447,193,192,229,449,189,206,186,227,250,519,551,521,277,276,286,470,468,460,459,11,638,639,5,499,637,8,666,505,503,98,96,97,107,355,32,33,145,143,144,364,662
421,482,408,406,428,426,427,407,339,314,317,656,413,447,193,191,190,188,187,185,183,518,517,269,747,225,641,220,221,217,218,182,216,613,565,564,581,498,497,499,637,8,666,505,503,98,96,97,109,355,32,33,145,143,144,364,662
421,482,408,406,404,407,339,314,317,656,413,447,193,191,190,188,187,185,183,518,517,269,747,225,641,220,221,217,218,182,216,613,565,564,581,498,497,499,637,8,666,505,503,98,96,97,107,355,32,33,145,143,144,364,662
421,482,409,410,490,341,319,338,339,314,317,656,413,447,193,191,190,449,189,206,186,227,250,519,551,521,277,276,286,470,469,460,459,11,638,639,5,499,637,8,666,505,503,98,96,97,107,355,32,33,145,143,144,364,662
421,482,408,406,428,426,340,319,318,419,317,656,413,447,193,191,190,449,189,206,186,227,250,519,551,521,277,276,286,470,469,460,459,11,638,639,5,499,637,8,666,505,503,98,96,97,107,355,32,33,145,143,144,364,662
421,482,409,410,490,341,319,338,339,314,317,656,413,447,193,191,190,188,187,185,183,518,517,269,747,225,641,220,221,217,218,182,216,613,565,564,5,499,637,8,666,505,503,98,96,97,107,355,32,33,145,143,144,364,662
421,482,408,406,428,426,340,319,318,419,317,656,413,447,193,191,190,188,187,185,183,518,517,269,747,225,641,220,221,217,218,182,216,613,565,564,5,499,637,8,666,505,503,98,96,97,107,355,32,33,145,143,144,364,662
421,482,408,406,428,426,340,319,338,339,314,317,656,413,447,193,191,190,188,187,185,183,249,653,250,519,551,521,277,276,286,470,469,460,459,11,638,639,5,499,637,8,666,505,503,98,96,97,107,355,32,33,145,143,144,364,662
421,482,409,410,490,341,319,338,339,314,317,656,413,447,193,191,190,449,189,206,186,227,250,519,551,521,277,276,286,470,468,460,459,11,638,639,5,499,637,8,666,505,503,98,96,97,107,355,32,33,145,143,144,364,662
421,482,408,406,428,426,340,319,318,419,317,656,413,447,193,191,190,449,189,206,186,227,250,519,551,521,277,276,286,470,468,460,459,11,638,639,5,499,637,8,666,505,503,98,96,97,107,355,32,33,145,143,144,364,662
421,482,408,406,428,426,340,319,338,339,314,317,656,413,447,193,191,190,449,189,206,186,227,250,519,551,521,277,276,286,470,469,460,459,11,638,639,5,499,637,8,666,505,503,98,96,97,109,355,32,33,145,143,144,364,662
421,482,408,406,428,426,340,319,338,339,314,317,656,413,447,193,191,190,188,187,185,183,518,517,269,747,225,641,220,221,217,218,182,216,613,565,564,5,499,637,8,666,505,503,98,96,97,109,355,32,33,145,143,144,364,662
421,482,408,406,428,426,340,319,338,339,314,317,656,413,447,193,191,190,188,187,185,183,249,653,250,519,551,521,277,276,286,470,468,460,459,11,638,639,5,499,637,8,666,505,503,98,96,97,107,355,32,33,145,143,144,364,662
421,482,409,410,490,341,319,338,339,314,317,656,413,447,193,191,190,188,187,185,183,518,517,269,747,225,641,220,221,217,218,182,216,613,565,564,581,498,497,499,637,8,666,505,503,98,96,97,107,355,32,33,145,143,144,364,662
421,482,408,406,428,426,340,319,318,419,317,656,413,447,193,191,190,188,187,185,183,518,517,269,747,225,641,220,221,217,218,182,216,613,565,564,581,498,497,499,637,8,666,505,503,98,96,97,107,355,32,33,145,143,144,364,662
421,482,408,406,428,426,340,319,338,339,314,317,656,413,447,193,192,229,449,189,206,186,227,250,519,551,521,277,276,286,470,469,460,459,11,638,639,5,499,637,8,666,505,503,98,96,97,107,355,32,33,145,143,144,364,662
421,482,408,406,428,426,340,319,338,339,314,317,656,413,447,193,191,190,449,189,206,186,227,250,519,551,521,277,276,286,470,468,460,459,11,638,639,5,499,637,8,666,505,503,98,96,97,109,355,32,33,145,143,144,364,662
421,482,408,406,428,426,340,319,338,339,314,317,656,413,447,193,192,229,449,189,206,186,227,250,519,551,521,277,276,286,470,468,460,459,11,638,639,5,499,637,8,666,505,503,98,96,97,107,355,32,33,145,143,144,364,662
421,482,408,406,428,426,340,319,338,339,314,317,656,413,447,193,191,190,188,187,185,183,518,517,269,747,225,641,220,221,217,218,182,216,613,565,564,581,498,497,499,637,8,666,505,503,98,96,97,109,355,32,33,145,143,144,364,662
421,482,408,424,484,404,407,339,314,317,656,413,447,193,191,190,449,189,206,186,227,250,519,551,521,277,276,286,470,469,460,459,11,638,639,5,499,637,8,666,505,503,98,96,97,107,355,32,33,145,143,144,364,662
421,482,408,424,484,404,407,339,314,317,656,413,447,193,191,190,188,187,185,183,518,517,269,747,225,641,220,221,217,218,182,216,613,565,564,5,499,637,8,666,505,503,98,96,97,107,355,32,33,145,143,144,364,662
421,482,408,424,484,404,407,339,314,317,656,413,447,193,191,190,449,189,206,186,227,250,519,551,521,277,276,286,470,468,460,459,11,638,639,5,499,637,8,666,505,503,98,96,97,107,355,32,33,145,143,144,364,662
421,482,408,424,484,404,407,339,314,317,656,413,447,193,191,190,188,187,185,183,518,517,269,747,225,641,220,221,217,218,182,216,613,565,564,581,498,497,499,637,8,666,505,503,98,96,97,107,355,32,33,145,143,144,364,662
421,482,408,406,428,426,427,407,339,314,317,656,413,447,193,191,190,188,187,185,183,518,653,250,519,551,521,277,276,286,470,469,460,459,11,638,639,5,499,637,8,666,505,503,98,96,97,107,355,32,33,145,143,144,364,662
421,482,408,406,428,426,427,407,339,314,317,656,413,447,193,191,190,188,187,185,183,518,653,250,519,551,521,277,276,286,470,468,460,459,11,638,639,5,499,637,8,666,505,503,98,96,97,107,355,32,33,145,143,144,364,662
421,482,408,406,428,426,427,407,339,314,317,656,413,447,193,191,190,188,187,185,183,249,653,250,519,551,521,277,276,286,470,469,460,459,11,638,639,5,499,637,8,666,505,503,98,96,97,109,355,32,33,145,143,144,364,662
421,482,408,406,404,407,339,314,317,656,413,447,193,191,190,188,187,185,183,249,653,250,519,551,521,277,276,286,470,469,460,459,11,638,639,5,499,637,8,666,505,503,98,96,97,107,355,32,33,145,143,144,364,662
421,482,408,406,428,426,427,407,339,314,317,656,413,447,193,191,190,188,187,185,183,249,653,250,519,551,521,277,276,286,470,468,460,459,11,638,639,5,499,637,8,666,505,503,98,96,97,109,355,32,33,145,143,144,364,662
421,482,408,406,404,407,339,314,317,656,413,447,193,191,190,449,189,206,186,227,250,519,551,521,277,276,286,470,469,460,459,11,638,639,5,499,637,8,666,505,503,98,96,97,109,355,32,33,145,143,144,364,662
421,482,408,406,404,407,339,314,317,656,413,447,193,191,190,188,187,185,183,518,517,269,747,225,641,220,221,217,218,182,216,613,565,564,5,499,637,8,666,505,503,98,96,97,109,355,32,33,145,143,144,364,662
421,482,408,406,428,426,427,407,339,314,317,656,413,447,193,192,229,449,189,206,186,227,250,519,551,521,277,276,286,470,469,460,459,11,638,639,5,499,637,8,666,505,503,98,96,97,109,355,32,33,145,143,144,364,662
421,482,408,406,404,407,339,314,317,656,413,447,193,191,190,188,187,185,183,249,653,250,519,551,521,277,276,286,470,468,460,459,11,638,639,5,499,637,8,666,505,503,98,96,97,107,355,32,33,145,143,144,364,662
421,482,408,406,428,426,427,407,339,314,317,656,413,447,193,191,190,449,189,206,186,227,250,519,551,224,640,222,642,469,460,459,11,638,639,5,499,637,8,666,505,503,98,96,97,107,355,32,33,145,143,144,364,662
421,482,408,406,404,407,339,314,317,656,413,447,193,192,229,449,189,206,186,227,250,519,551,521,277,276,286,470,469,460,459,11,638,639,5,499,637,8,666,505,503,98,96,97,107,355,32,33,145,143,144,364,662
421,482,408,406,404,407,339,314,317,656,413,447,193,191,190,449,189,206,186,227,250,519,551,521,277,276,286,470,468,460,459,11,638,639,5,499,637,8,666,505,503,98,96,97,109,355,32,33,145,143,144,364,662
421,482,409,410,490,341,319,318,419,317,656,413,447,193,191,190,449,189,206,186,227,250,519,551,521,277,276,286,470,469,460,459,11,638,639,5,499,637,8,666,505,503,98,96,97,107,355,32,33,145,143,144,364,662
421,482,409,410,490,341,319,318,419,317,656,413,447,193,191,190,188,187,185,183,518,517,269,747,225,641,220,221,217,218,182,216,613,565,564,5,499,637,8,666,505,503,98,96,97,107,355,32,33,145,143,144,364,662
421,482,408,406,428,426,427,407,339,314,317,656,413,447,193,192,229,449,189,206,186,227,250,519,551,521,277,276,286,470,468,460,459,11,638,639,5,499,637,8,666,505,503,98,96,97,109,355,32,33,145,143,144,364,662
421,482,409,410,490,341,319,338,339,314,317,656,413,447,193,191,190,188,187,185,183,249,653,250,519,551,521,277,276,286,470,469,460,459,11,638,639,5,499,637,8,666,505,503,98,96,97,107,355,32,33,145,143,144,364,662
421,482,408,406,428,426,340,319,338,339,314,317,656,413,447,193,191,190,188,187,185,183,518,653,250,519,551,521,277,276,286,470,469,460,459,11,638,639,5,499,637,8,666,505,503,98,96,97,107,355,32,33,145,143,144,364,662
421,482,408,406,428,426,340,319,318,419,317,656,413,447,193,191,190,188,187,185,183,249,653,250,519,551,521,277,276,286,470,469,460,459,11,638,639,5,499,637,8,666,505,503,98,96,97,107,355,32,33,145,143,144,364,662
421,482,408,406,404,407,339,314,317,656,413,447,193,192,229,449,189,206,186,227,250,519,551,521,277,276,286,470,468,460,459,11,638,639,5,499,637,8,666,505,503,98,96,97,107,355,32,33,145,143,144,364,662
421,482,409,410,490,341,319,318,419,317,656,413,447,193,191,190,449,189,206,186,227,250,519,551,521,277,276,286,470,468,460,459,11,638,639,5,499,637,8,666,505,503,98,96,97,107,355,32,33,145,143,144,364,662
421,482,408,406,404,407,339,314,317,656,413,447,193,191,190,188,187,185,183,518,517,269,747,225,641,220,221,217,218,182,216,613,565,564,581,498,497,499,637,8,666,505,503,98,96,97,109,355,32,33,145,143,144,364,662
421,482,409,410,490,341,319,338,339,314,317,656,413,447,193,191,190,449,189,206,186,227,250,519,551,521,277,276,286,470,469,460,459,11,638,639,5,499,637,8,666,505,503,98,96,97,109,355,32,33,145,143,144,364,662
421,482,408,406,428,426,340,319,318,419,317,656,413,447,193,191,190,449,189,206,186,227,250,519,551,521,277,276,286,470,469,460,459,11,638,639,5,499,637,8,666,505,503,98,96,97,109,355,32,33,145,143,144,364,662
421,482,409,410,490,341,319,338,339,314,317,656,413,447,193,191,190,188,187,185,183,518,517,269,747,225,641,220,221,217,218,182,216,613,565,564,5,499,637,8,666,505,503,98,96,97,109,355,32,33,145,143,144,364,662
421,482,408,406,428,426,340,319,318,419,317,656,413,447,193,191,190,188,187,185,183,518,517,269,747,225,641,220,221,217,218,182,216,613,565,564,5,499,637,8,666,505,503,98,96,97,109,355,32,33,145,143,144,364,662
421,482,409,406,428,426,427,407,339,314,317,656,413,447,193,191,190,449,189,206,186,227,250,519,551,521,277,276,286,470,469,460,459,11,638,639,5,499,637,8,666,505,503,98,96,97,107,355,32,33,145,143,144,364,662
421,482,409,410,490,341,319,338,339,314,317,656,413,447,193,191,190,188,187,185,183,249,653,250,519,551,521,277,276,286,470,468,460,459,11,638,639,5,499,637,8,666,505,503,98,96,97,107,355,32,33,145,143,144,364,662
421,482,409,406,428,426,427,407,339,314,317,656,413,447,193,191,190,188,187,185,183,518,517,269,747,225,641,220,221,217,218,182,216,613,565,564,5,499,637,8,666,505,503,98,96,97,107,355,32,33,145,143,144,364,662
421,482,408,406,428,426,340,319,338,339,314,317,656,413,447,193,191,190,188,187,185,183,518,653,250,519,551,521,277,276,286,470,468,460,459,11,638,639,5,499,637,8,666,505,503,98,96,97,107,355,32,33,145,143,144,364,662
421,482,408,406,428,426,340,319,318,419,317,656,413,447,193,191,190,188,187,185,183,249,653,250,519,551,521,277,276,286,470,468,460,459,11,638,639,5,499,637,8,666,505,503,98,96,97,107,355,32,33,145,143,144,364,662
421,482,408,406,428,426,340,319,338,339,314,317,656,413,447,193,191,190,188,187,185,183,249,653,250,519,551,521,277,276,286,470,469,460,459,11,638,639,5,499,637,8,666,505,503,98,96,97,109,355,32,33,145,143,144,364,662
421,482,409,410,490,341,319,318,419,317,656,413,447,193,191,190,188,187,185,183,518,517,269,747,225,641,220,221,217,218,182,216,613,565,564,581,498,497,499,637,8,666,505,503,98,96,97,107,355,32,33,145,143,144,364,662
421,482,409,410,490,341,319,338,339,314,317,656,413,447,193,192,229,449,189,206,186,227,250,519,551,521,277,276,286,470,469,460,459,11,638,639,5,499,637,8,666,505,503,98,96,97,107,355,32,33,145,143,144,364,662
421,482,409,410,490,341,319,338,339,314,317,656,413,447,193,191,190,449,189,206,186,227,250,519,551,521,277,276,286,470,468,460,459,11,638,639,5,499,637,8,666,505,503,98,96,97,109,355,32,33,145,143,144,364,662
421,482,408,406,428,426,340,319,318,419,317,656,413,447,193,192,229,449,189,206,186,227,250,519,551,521,277,276,286,470,469,460,459,11,638,639,5,499,637,8,666,505,503,98,96,97,107,355,32,33,145,143,144,364,662
421,482,408,406,428,426,340,319,318,419,317,656,413,447,193,191,190,449,189,206,186,227,250,519,551,521,277,276,286,470,468,460,459,11,638,639,5,499,637,8,666,505,503,98,96,97,109,355,32,33,145,143,144,364,662
421,482,409,406,428,426,427,407,339,314,317,656,413,447,193,191,190,449,189,206,186,227,250,519,551,521,277,276,286,470,468,460,459,11,638,639,5,499,637,8,666,505,503,98,96,97,107,355,32,33,145,143,144,364,662
421,482,408,406,428,426,340,319,338,339,314,317,656,413,447,193,191,190,188,187,185,183,249,653,250,519,551,521,277,276,286,470,468,460,459,11,638,639,5,499,637,8,666,505,503,98,96,97,109,355,32,33,145,143,144,364,662
421,482,409,410,490,341,319,338,339,314,317,656,413,447,193,192,229,449,189,206,186,227,250,519,551,521,277,276,286,470,468,460,459,11,638,639,5,499,637,8,666,505,503,98,96,97,107,355,32,33,145,143,144,364,662
421,482,409,410,490,341,319,338,339,314,317,656,413,447,193,191,190,188,187,185,183,518,517,269,747,225,641,220,221,217,218,182,216,613,565,564,581,498,497,499,637,8,666,505,503,98,96,97,109,355,32,33,145,143,144,364,662
421,482,408,406,428,426,340,319,318,419,317,656,413,447,193,192,229,449,189,206,186,227,250,519,551,521,277,276,286,470,468,460,459,11,638,639,5,499,637,8,666,505,503,98,96,97,107,355,32,33,145,143,144,364,662
421,482,408,406,428,426,340,319,318,419,317,656,413,447,193,191,190,188,187,185,183,518,517,269,747,225,641,220,221,217,218,182,216,613,565,564,581,498,497,499,637,8,666,505,503,98,96,97,109,355,32,33,145,143,144,364,662
421,482,408,406,428,426,340,319,338,339,314,317,656,413,447,193,192,229,449,189,206,186,227,250,519,551,521,277,276,286,470,469,460,459,11,638,639,5,499,637,8,666,505,503,98,96,97,109,355,32,33,145,143,144,364,662
421,482,409,406,428,426,427,407,339,314,317,656,413,447,193,191,190,188,187,185,183,518,517,269,747,225,641,220,221,217,218,182,216,613,565,564,581,498,497,499,637,8,666,505,503,98,96,97,107,355,32,33,145,143,144,364,662
421,482,408,406,428,426,340,319,338,339,314,317,656,413,447,193,191,190,449,189,206,186,227,250,519,551,224,640,222,642,469,460,459,11,638,639,5,499,637,8,666,505,503,98,96,97,107,355,32,33,145,143,144,364,662
421,482,408,406,428,426,427,407,339,314,317,656,413,447,193,191,190,449,189,206,186,227,250,519,551,224,277,276,286,470,469,460,459,11,638,639,5,499,637,8,666,505,503,98,96,97,107,355,32,33,145,143,144,364,662
421,482,408,406,428,426,340,319,338,339,314,317,656,413,447,193,192,229,449,189,206,186,227,250,519,551,521,277,276,286,470,468,460,459,11,638,639,5,499,637,8,666,505,503,98,96,97,109,355,32,33,145,143,144,364,662
421,482,408,406,428,426,427,407,339,314,317,656,413,447,193,191,190,449,189,206,186,227,250,519,551,224,277,276,286,470,468,460,459,11,638,639,5,499,637,8,666,505,503,98,96,97,107,355,32,33,145,143,144,364,662
421,482,409,406,428,426,340,319,338,339,314,317,656,413,447,193,191,190,449,189,206,186,227,250,519,551,521,277,276,286,470,469,460,459,11,638,639,5,499,637,8,666,505,503,98,96,97,107,355,32,33,145,143,144,364,662
421,482,409,406,428,426,340,319,338,339,314,317,656,413,447,193,191,190,188,187,185,183,518,517,269,747,225,641,220,221,217,218,182,216,613,565,564,5,499,637,8,666,505,503,98,96,97,107,355,32,33,145,143,144,364,662
421,482,409,406,428,426,340,319,338,339,314,317,656,413,447,193,191,190,449,189,206,186,227,250,519,551,521,277,276,286,470,468,460,459,11,638,639,5,499,637,8,666,505,503,98,96,97,107,355,32,33,145,143,144,364,662
421,482,408,424,484,404,407,339,314,317,656,413,447,193,191,190,188,187,185,183,249,653,250,519,551,521,277,276,286,470,469,460,459,11,638,639,5,499,637,8,666,505,503,98,96,97,107,355,32,33,145,143,144,364,662
421,482,409,406,428,426,340,319,338,339,314,317,656,413,447,193,191,190,188,187,185,183,518,517,269,747,225,641,220,221,217,218,182,216,613,565,564,581,498,497,499,637,8,666,505,503,98,96,97,107,355,32,33,145,143,144,364,662
421,482,408,424,484,404,407,339,314,317,656,413,447,193,191,190,449,189,206,186,227,250,519,551,521,277,276,286,470,469,460,459,11,638,639,5,499,637,8,666,505,503,98,96,97,109,355,32,33,145,143,144,364,662
421,482,408,424,484,404,407,339,314,317,656,413,447,193,191,190,188,187,185,183,518,517,269,747,225,641,220,221,217,218,182,216,613,565,564,5,499,637,8,666,505,503,98,96,97,109,355,32,33,145,143,144,364,662
421,482,408,406,428,426,340,319,338,339,314,317,656,413,447,193,191,190,449,189,206,186,227,250,519,551,224,277,276,286,470,469,460,459,11,638,639,5,499,637,8,666,505,503,98,96,97,107,355,32,33,145,143,144,364,662
421,482,408,424,484,404,407,339,314,317,656,413,447,193,191,190,188,187,185,183,249,653,250,519,551,521,277,276,286,470,468,460,459,11,638,639,5,499,637,8,666,505,503,98,96,97,107,355,32,33,145,143,144,364,662
421,482,408,424,484,404,407,339,314,317,656,413,447,193,192,229,449,189,206,186,227,250,519,551,521,277,276,286,470,469,460,459,11,638,639,5,499,637,8,666,505,503,98,96,97,107,355,32,33,145,143,144,364,662
421,482,408,424,484,404,407,339,314,317,656,413,447,193,191,190,449,189,206,186,227,250,519,551,521,277,276,286,470,468,460,459,11,638,639,5,499,637,8,666,505,503,98,96,97,109,355,32,33,145,143,144,364,662
421,482,408,406,428,426,340,319,338,339,314,317,656,413,447,193,191,190,449,189,206,186,227,250,519,551,224,277,276,286,470,468,460,459,11,638,639,5,499,637,8,666,505,503,98,96,97,107,355,32,33,145,143,144,364,662
421,482,409,410,490,340,319,338,339,314,317,656,413,447,193,191,190,449,189,206,186,227,250,519,551,521,277,276,286,470,469,460,459,11,638,639,5,499,637,8,666,505,503,98,96,97,107,355,32,33,145,143,144,364,662
421,482,409,410,490,340,319,338,339,314,317,656,413,447,193,191,190,188,187,185,183,518,517,269,747,225,641,220,221,217,218,182,216,613,565,564,5,499,637,8,666,505,503,98,96,97,107,355,32,33,145,143,144,364,662
421,482,408,424,484,404,407,339,314,317,656,413,447,193,192,229,449,189,206,186,227,250,519,551,521,277,276,286,470,468,460,459,11,638,639,5,499,637,8,666,505,503,98,96,97,107,355,32,33,145,143,144,364,662
421,482,408,424,484,404,407,339,314,317,656,413,447,193,191,190,188,187,185,183,518,517,269,747,225,641,220,221,217,218,182,216,613,565,564,581,498,497,499,637,8,666,505,503,98,96,97,109,355,32,33,145,143,144,364,662
421,482,408,406,428,426,427,407,339,314,317,656,413,447,193,191,190,188,187,185,183,518,517,519,551,521,277,276,286,470,469,460,459,11,638,639,5,499,637,8,666,505,503,98,96,97,107,355,32,33,145,143,144,364,662
421,482,408,406,428,426,427,407,339,314,317,656,413,447,193,191,190,188,187,185,183,518,653,250,519,551,521,277,276,286,470,469,460,459,11,638,639,5,499,637,8,666,505,503,98,96,97,109,355,32,33,145,143,144,364,662
421,482,409,410,490,340,319,338,339,314,317,656,413,447,193,191,190,449,189,206,186,227,250,519,551,521,277,276,286,470,468,460,459,11,638,639,5,499,637,8,666,505,503,98,96,97,107,355,32,33,145,143,144,364,662
421,482,408,406,404,407,339,314,317,656,413,447,193,191,190,188,187,185,183,518,653,250,519,551,521,277,276,286,470,469,460,459,11,638,639,5,499,637,8,666,505,503,98,96,97,107,355,32,33,145,143,144,364,662
421,482,408,406,428,426,427,407,339,314,317,656,413,447,193,191,190,188,187,185,183,518,517,519,551,521,277,276,286,470,468,460,459,11,638,639,5,499,637,8,666,505,503,98,96,97,107,355,32,33,145,143,144,364,662
421,482,408,406,428,426,427,407,339,314,317,656,413,447,193,191,190,188,187,185,183,518,653,250,519,551,521,277,276,286,470,468,460,459,11,638,639,5,499,637,8,666,505,503,98,96,97,109,355,32,33,145,143,144,364,662
421,482,409,410,490,340,319,338,339,314,317,656,413,447,193,191,190,188,187,185,183,518,517,269,747,225,641,220,221,217,218,182,216,613,565,564,581,498,497,499,637,8,666,505,503,98,96,97,107,355,32,33,145,143,144,364,662
421,482,408,406,404,407,339,314,317,656,413,447,193,191,190,188,187,185,183,518,653,250,519,551,521,277,276,286,470,468,460,459,11,638,639,5,499,637,8,666,505,503,98,96,97,107,355,32,33,145,143,144,364,662
421,482,408,406,404,407,339,314,317,656,413,447,193,191,190,188,187,185,183,249,653,250,519,551,521,277,276,286,470,469,460,459,11,638,639,5,499,637,8,666,505,503,98,96,97,109,355,32,33,145,143,144,364,662
421,482,408,406,428,426,340,319,318,316,314,317,656,413,447,193,191,190,449,189,206,186,227,250,519,551,521,277,276,286,470,469,460,459,11,638,639,5,499,637,8,666,505,503,98,96,97,107,355,32,33,145,143,144,364,662
421,482,408,406,428,426,340,319,318,316,314,317,656,413,447,193,191,190,188,187,185,183,518,517,269,747,225,641,220,221,217,218,182,216,613,565,564,5,499,637,8,666,505,503,98,96,97,107,355,32,33,145,143,144,364,662
421,482,408,406,428,426,427,407,339,314,317,656,413,447,193,191,190,188,187,185,183,249,653,250,519,551,224,640,222,642,469,460,459,11,638,639,5,499,637,8,666,505,503,98,96,97,107,355,32,33,145,143,144,364,662
421,482,409,410,490,341,319,338,339,314,317,656,413,447,193,191,190,188,187,185,183,518,653,250,519,551,521,277,276,286,470,469,460,459,11,638,639,5,499,637,8,666,505,503,98,96,97,107,355,32,33,145,143,144,364,662
421,482,408,406,404,407,339,314,317,656,413,447,193,191,190,188,187,185,183,249,653,250,519,551,521,277,276,286,470,468,460,459,11,638,639,5,499,637,8,666,505,503,98,96,97,109,355,32,33,145,143,144,364,662
421,482,409,410,490,341,319,318,419,317,656,413,447,193,191,190,188,187,185,183,249,653,250,519,551,521,277,276,286,470,469,460,459,11,638,639,5,499,637,8,666,505,503,98,96,97,107,355,32,33,145,143,144,364,662
421,482,408,406,428,426,340,319,318,419,317,656,413,447,193,191,190,188,187,185,183,518,653,250,519,551,521,277,276,286,470,469,460,459,11,638,639,5,499,637,8,666,505,503,98,96,97,107,355,32,33,145,143,144,364,662
421,482,408,406,428,426,427,407,339,314,317,656,413,447,193,191,190,449,189,206,186,227,250,519,551,224,640,222,642,469,460,459,11,638,639,5,499,637,8,666,505,503,98,96,97,109,355,32,33,145,143,144,364,662
421,482,408,406,428,426,340,319,318,316,314,317,656,413,447,193,191,190,449,189,206,186,227,250,519,551,521,277,276,286,470,468,460,459,11,638,639,5,499,637,8,666,505,503,98,96,97,107,355,32,33,145,143,144,364,662
421,482,408,406,404,407,339,314,317,656,413,447,193,192,229,449,189,206,186,227,250,519,551,521,277,276,286,470,469,460,459,11,638,639,5,499,637,8,666,505,503,98,96,97,109,355,32,33,145,143,144,364,662
421,482,409,410,490,341,319,318,419,317,656,413,447,193,191,190,449,189,206,186,227,250,519,551,521,277,276,286,470,469,460,459,11,638,639,5,499,637,8,666,505,503,98,96,97,109,355,32,33,145,143,144,364,662
421,482,409,410,490,341,319,318,419,317,656,413,447,193,191,190,188,187,185,183,518,517,269,747,225,641,220,221,217,218,182,216,613,565,564,5,499,637,8,666,505,503,98,96,97,109,355,32,33,145,143,144,364,662
421,482,408,406,404,407,339,314,317,656,413,447,193,191,190,449,189,206,186,227,250,519,551,224,640,222,642,469,460,459,11,638,639,5,499,637,8,666,505,503,98,96,97,107,355,32,33,145,143,144,364,662
421,482,409,410,490,341,319,338,339,314,317,656,413,447,193,191,190,188,187,185,183,518,653,250,519,551,521,277,276,286,470,468,460,459,11,638,639,5,499,637,8,666,505,503,98,96,97,107,355,32,33,145,143,144,364,662
421,482,409,410,490,341,319,318,419,317,656,413,447,193,191,190,188,187,185,183,249,653,250,519,551,521,277,276,286,470,468,460,459,11,638,639,5,499,637,8,666,505,503,98,96,97,107,355,32,33,145,143,144,364,662
421,482,408,406,428,426,427,407,339,314,317,656,413,447,193,191,190,188,187,185,183,518,517,269,747,225,641,220,221,217,218,182,216,613,565,639,5,499,637,8,666,505,503,98,96,97,107,355,32,33,145,143,144,364,662
421,482,409,410,490,341,319,338,339,314,317,656,413,447,193,191,190,188,187,185,183,249,653,250,519,551,521,277,276,286,470,469,460,459,11,638,639,5,499,637,8,666,505,503,98,96,97,109,355,32,33,145,143,144,364,662
421,482,408,406,428,426,340,319,318,419,317,656,413,447,193,191,190,188,187,185,183,518,653,250,519,551,521,277,276,286,470,468,460,459,11,638,639,5,499,637,8,666,505,503,98,96,97,107,355,32,33,145,143,144,364,662
421,482,408,406,428,426,340,319,338,339,314,317,656,413,447,193,191,190,188,187,185,183,518,517,519,551,521,277,276,286,470,469,460,459,11,638,639,5,499,637,8,666,505,503,98,96,97,107,355,32,33,145,143,144,364,662
421,482,408,406,428,426,340,319,338,339,314,317,656,413,447,193,191,190,188,187,185,183,518,653,250,519,551,521,277,276,286,470,469,460,459,11,638,639,5,499,637,8,666,505,503,98,96,97,109,355,32,33,145,143,144,364,662
421,482,408,406,428,426,427,407,339,314,317,656,413,447,193,192,229,449,189,206,186,227,250,519,551,224,640,222,642,469,460,459,11,638,639,5,499,637,8,666,505,503,98,96,97,107,355,32,33,145,143,144,364,662
421,482,408,406,428,426,340,319,318,419,317,656,413,447,193,191,190,188,187,185,183,249,653,250,519,551,521,277,276,286,470,469,460,459,11,638,639,5,499,637,8,666,505,503,98,96,97,109,355,32,33,145,143,144,364,662
421,482,408,406,428,426,340,319,318,316,314,317,656,413,447,193,191,190,188,187,185,183,518,517,269,747,225,641,220,221,217,218,182,216,613,565,564,581,498,497,499,637,8,666,505,503,98,96,97,107,355,32,33,145,143,144,364,662
421,482,408,406,404,407,339,314,317,656,413,447,193,192,229,449,189,206,186,227,250,519,551,521,277,276,286,470,468,460,459,11,638,639,5,499,637,8,666,505,503,98,96,97,109,355,32,33,145,143,144,364,662
421,482,409,406,428,426,427,407,339,314,317,656,413,447,193,191,190,188,187,185,183,249,653,250,519,551,521,277,276,286,470,469,460,459,11,638,639,5,499,637,8,666,505,503,98,96,97,107,355,32,33,145,143,144,364,662
421,482,409,410,490,341,319,318,419,317,656,413,447,193,192,229,449,189,206,186,227,250,519,551,521,277,276,286,470,469,460,459,11,638,639,5,499,637,8,666,505,503,98,96,97,107,355,32,33,145,143,144,364,662
421,482,409,410,490,341,319,318,419,317,656,413,447,193,191,190,449,189,206,186,227,250,519,551,521,277,276,286,470,468,460,459,11,638,639,5,499,637,8,666,505,503,98,96,97,109,355,32,33,145,143,144,364,662
421,482,409,406,428,426,427,407,339,314,317,656,413,447,193,191,190,449,189,206,186,227,250,519,551,521,277,276,286,470,469,460,459,11,638,639,5,499,637,8,666,505,503,98,96,97,109,355,32,33,145,143,144,364,662
421,482,409,410,490,341,319,338,339,314,317,656,413,447,193,191,190,188,187,185,183,249,653,250,519,551,521,277,276,286,470,468,460,459,11,638,639,5,499,637,8,666,505,503,98,96,97,109,355,32,33,145,143,144,364,662
421,482,409,406,428,426,427,407,339,314,317,656,413,447,193,191,190,188,187,185,183,518,517,269,747,225,641,220,221,217,218,182,216,613,565,564,5,499,637,8,666,505,503,98,96,97,109,355,32,33,145,143,144,364,662
421,482,408,406,428,426,340,319,338,339,314,317,656,413,447,193,191,190,188,187,185,183,518,517,519,551,521,277,276,286,470,468,460,459,11,638,639,5,499,637,8,666,505,503,98,96,97,107,355,32,33,145,143,144,364,662
421,482,408,406,428,426,340,319,338,339,314,317,656,413,447,193,191,190,188,187,185,183,518,653,250,519,551,521,277,276,286,470,468,460,459,11,638,639,5,499,637,8,666,505,503,98,96,97,109,355,32,33,145,143,144,364,662
421,482,408,406,428,426,340,319,318,419,317,656,413,447,193,191,190,188,187,185,183,249,653,250,519,551,521,277,276,286,470,468,460,459,11,638,639,5,499,637,8,666,505,503,98,96,97,109,355,32,33,145,143,144,364,662
421,482,409,410,490,341,320,318,419,317,656,413,447,193,191,190,449,189,206,186,227,250,519,551,521,277,276,286,470,469,460,459,11,638,639,5,499,637,8,666,505,503,98,96,97,107,355,32,33,145,143,144,364,662
421,482,409,406,428,426,427,407,339,314,317,656,413,447,193,191,190,188,187,185,183,249,653,250,519,551,521,277,276,286,470,468,460,459,11,638,639,5,499,637,8,666,505,503,98,96,97,107,355,32,33,145,143,144,364,662
421,482,409,410,490,341,319,318,419,317,656,413,447,193,192,229,449,189,206,186,227,250,519,551,521,277,276,286,470,468,460,459,11,638,639,5,499,637,8,666,505,503,98,96,97,107,355,32,33,145,143,144,364,662
421,482,409,410,490,341,320,318,419,317,656,413,447,193,191,190,188,187,185,183,518,517,269,747,225,641,220,221,217,218,182,216,613,565,564,5,499,637,8,666,505,503,98,96,97,107,355,32,33,145,143,144,364,662
421,482,409,406,404,407,339,314,317,656,413,447,193,191,190,449,189,206,186,227,250,519,551,521,277,276,286,470,469,460,459,11,638,639,5,499,637,8,666,505,503,98,96,97,107,355,32,33,145,143,144,364,662
421,482,409,410,490,341,319,318,419,317,656,413,447,193,191,190,188,187,185,183,518,517,269,747,225,641,220,221,217,218,182,216,613,565,564,581,498,497,499,637,8,666,505,503,98,96,97,109,355,32,33,145,143,144,364,662
421,482,409,410,490,341,319,338,339,314,317,656,413,447,193,192,229,449,189,206,186,227,250,519,551,521,277,276,286,470,469,460,459,11,638,639,5,499,637,8,666,505,503,98,96,97,109,355,32,33,145,143,144,364,662
421,482,408,406,428,426,340,319,318,419,317,656,413,447,193,192,229,449,189,206,186,227,250,519,551,521,277,276,286,470,469,460,459,11,638,639,5,499,637,8,666,505,503,98,96,97,109,355,32,33,145,143,144,364,662
421,482,409,406,404,407,339,314,317,656,413,447,193,191,190,188,187,185,183,518,517,269,747,225,641,220,221,217,218,182,216,613,565,564,5,499,637,8,666,505,503,98,96,97,107,355,32,33,145,143,144,364,662
421,482,409,406,428,426,427,407,339,314,317,656,413,447,193,192,229,449,189,206,186,227,250,519,551,521,277,276,286,470,469,460,459,11,638,639,5,499,637,8,666,505,503,98,96,97,107,355,32,33,145,143,144,364,662
421,482,409,410,490,341,319,338,339,314,317,656,413,447,193,191,190,449,189,206,186,227,250,519,551,224,640,222,642,469,460,459,11,638,639,5,499,637,8,666,505,503,98,96,97,107,355,32,33,145,143,144,364,662
421,482,409,406,428,426,427,407,339,314,317,656,413,447,193,191,190,449,189,206,186,227,250,519,551,521,277,276,286,470,468,460,459,11,638,639,5,499,637,8,666,505,503,98,96,97,109,355,32,33,145,143,144,364,662
421,482,408,406,428,426,340,319,318,419,317,656,413,447,193,191,190,449,189,206,186,227,250,519,551,224,640,222,642,469,460,459,11,638,639,5,499,637,8,666,505,503,98,96,97,107,355,32,33,145,143,144,364,662
421,482,409,410,490,341,320,318,419,317,656,413,447,193,191,190,449,189,206,186,227,250,519,551,521,277,276,286,470,468,460,459,11,638,639,5,499,637,8,666,505,503,98,96,97,107,355,32,33,145,143,144,364,662
421,482,409,406,404,407,339,314,317,656,413,447,193,191,190,449,189,206,186,227,250,519,551,521,277,276,286,470,468,460,459,11,638,639,5,499,637,8,666,505,503,98,96,97,107,355,32,33,145,143,144,364,662
421,482,409,410,490,341,319,338,339,314,317,656,413,447,193,192,229,449,189,206,186,227,250,519,551,521,277,276,286,470,468,460,459,11,638,639,5,499,637,8,666,505,503,98,96,97,109,355,32,33,145,143,144,364,662
421,482,408,406,428,426,340,319,338,339,314,317,656,413,447,193,191,190,188,187,185,183,249,653,250,519,551,224,640,222,642,469,460,459,11,638,639,5,499,637,8,666,505,503,98,96,97,107,355,32,33,145,143,144,364,662
421,482,408,406,428,426,340,319,318,419,317,656,413,447,193,192,229,449,189,206,186,227,250,519,551,521,277,276,286,470,468,460,459,11,638,639,5,499,637,8,666,505,503,98,96,97,109,355,32,33,145,143,144,364,662
421,482,409,406,428,426,427,407,339,314,317,656,413,447,193,192,229,449,189,206,186,227,250,519,551,521,277,276,286,470,468,460,459,11,638,639,5,499,637,8,666,505,503,98,96,97,107,355,32,33,145,143,144,364,662
421,482,409,406,428,426,427,407,339,314,317,656,413,447,193,191,190,188,187,185,183,518,517,269,747,225,641,220,221,217,218,182,216,613,565,564,581,498,497,499,637,8,666,505,503,98,96,97,109,355,32,33,145,143,144,364,662
421,482,408,406,428,426,427,407,339,314,317,656,413,447,193,191,190,188,187,185,183,249,653,250,519,551,224,277,276,286,470,469,460,459,11,638,639,5,499,637,8,666,505,503,98,96,97,107,355,32,33,145,143,144,364,662
421,482,408,406,428,426,340,319,338,339,314,317,656,413,447,193,191,190,449,189,206,186,227,250,519,551,224,640,222,642,469,460,459,11,638,639,5,499,637,8,666,505,503,98,96,97,109,355,32,33,145,143,144,364,662
421,482,409,410,490,341,320,318,419,317,656,413,447,193,191,190,188,187,185,183,518,517,269,747,225,641,220,221,217,218,182,216,613,565,564,581,498,497,499,637,8,666,505,503,98,96,97,107,355,32,33,145,143,144,364,662
421,482,408,406,428,426,427,407,339,314,317,656,413,447,193,191,190,449,189,206,186,227,250,519,551,224,277,276,286,470,469,460,459,11,638,639,5,499,637,8,666,505,503,98,96,97,109,355,32,33,145,143,144,364,662
421,482,409,406,404,407,339,314,317,656,413,447,193,191,190,188,187,185,183,518,517,269,747,225,641,220,221,217,218,182,216,613,565,564,581,498,497,499,637,8,666,505,503,98,96,97,107,355,32,33,145,143,144,364,662
421,482,409,406,428,426,340,319,318,419,317,656,413,447,193,191,190,449,189,206,186,227,250,519,551,521,277,276,286,470,469,460,459,11,638,639,5,499,637,8,666,505,503,98,96,97,107,355,32,33,145,143,144,364,662
421,482,408,406,428,426,340,319,338,339,314,317,656,413,447,193,191,190,188,187,185,183,518,517,269,747,225,641,220,221,217,218,182,216,613,565,639,5,499,637,8,666,505,503,98,96,97,107,355,32,33,145,143,144,364,662
421,482,409,406,428,426,340,319,318,419,317,656,413,447,193,191,190,188,187,185,183,518,517,269,747,225,641,220,221,217,218,182,216,613,565,564,5,499,637,8,666,505,503,98,96,97,107,355,32,33,145,143,144,364,662
421,482,408,406,428,426,427,407,339,314,317,656,413,447,193,191,190,188,187,185,183,249,653,250,519,551,224,277,276,286,470,468,460,459,11,638,639,5,499,637,8,666,505,503,98,96,97,107,355,32,33,145,143,144,364,662
421,482,408,406,404,407,339,314,317,656,413,447,193,191,190,449,189,206,186,227,250,519,551,224,277,276,286,470,469,460,459,11,638,639,5,499,637,8,666,505,503,98,96,97,107,355,32,33,145,143,144,364,662
421,482,408,406,428,426,340,319,338,339,314,317,656,413,447,193,192,229,449,189,206,186,227,250,519,551,224,640,222,642,469,460,459,11,638,639,5,499,637,8,666,505,503,98,96,97,107,355,32,33,145,143,144,364,662
421,482,409,406,428,426,340,319,338,339,314,317,656,413,447,193,191,190,188,187,185,183,249,653,250,519,551,521,277,276,286,470,469,460,459,11,638,639,5,499,637,8,666,505,503,98,96,97,107,355,32,33,145,143,144,364,662
421,482,408,406,428,426,427,407,339,314,317,656,413,447,193,192,229,449,189,206,186,227,250,519,551,224,277,276,286,470,469,460,459,11,638,639,5,499,637,8,666,505,503,98,96,97,107,355,32,33,145,143,144,364,662
421,482,408,406,428,426,427,407,339,314,317,656,413,447,193,191,190,449,189,206,186,227,250,519,551,224,277,276,286,470,468,460,459,11,638,639,5,499,637,8,666,505,503,98,96,97,109,355,32,33,145,143,144,364,662
421,482,409,406,428,426,340,319,318,419,317,656,413,447,193,191,190,449,189,206,186,227,250,519,551,521,277,276,286,470,468,460,459,11,638,639,5,499,637,8,666,505,503,98,96,97,107,355,32,33,145,143,144,364,662
421,482,409,406,428,426,340,319,338,339,314,317,656,413,447,193,191,190,449,189,206,186,227,250,519,551,521,277,276,286,470,469,460,459,11,638,639,5,499,637,8,666,505,503,98,96,97,109,355,32,33,145,143,144,364,662
421,482,409,406,428,426,340,319,338,339,314,317,656,413,447,193,191,190,188,187,185,183,518,517,269,747,225,641,220,221,217,218,182,216,613,565,564,5,499,637,8,666,505,503,98,96,97,109,355,32,33,145,143,144,364,662
421,482,408,406,404,407,339,314,317,656,413,447,193,191,190,449,189,206,186,227,250,519,551,224,277,276,286,470,468,460,459,11,638,639,5,499,637,8,666,505,503,98,96,97,107,355,32,33,145,143,144,364,662
421,482,409,410,426,427,407,339,314,317,656,413,447,193,191,190,449,189,206,186,227,250,519,551,521,277,276,286,470,469,460,459,11,638,639,5,499,637,8,666,505,503,98,96,97,107,355,32,33,145,143,144,364,662
421,482,409,406,428,426,340,319,338,339,314,317,656,413,447,193,191,190,188,187,185,183,249,653,250,519,551,521,277,276,286,470,468,460,459,11,638,639,5,499,637,8,666,505,503,98,96,97,107,355,32,33,145,143,144,364,662
421,482,408,424,484,404,407,339,314,317,656,413,447,193,191,190,188,187,185,183,518,653,250,519,551,521,277,276,286,470,469,460,459,11,638,639,5,499,637,8,666,505,503,98,96,97,107,355,32,33,145,143,144,364,662
421,482,408,406,428,426,427,407,339,314,317,656,413,447,193,192,229,449,189,206,186,227,250,519,551,224,277,276,286,470,468,460,459,11,638,639,5,499,637,8,666,505,503,98,96,97,107,355,32,33,145,143,144,364,662
421,482,409,410,426,427,407,339,314,317,656,413,447,193,191,190,188,187,185,183,518,517,269,747,225,641,220,221,217,218,182,216,613,565,564,5,499,637,8,666,505,503,98,96,97,107,355,32,33,145,143,144,364,662
421,482,409,406,428,426,340,319,318,419,317,656,413,447,193,191,190,188,187,185,183,518,517,269,747,225,641,220,221,217,218,182,216,613,565,564,581,498,497,499,637,8,666,505,503,98,96,97,107,355,32,33,145,143,144,364,662
421,482,409,406,428,426,340,319,338,339,314,317,656,413,447,193,192,229,449,189,206,186,227,250,519,551,521,277,276,286,470,469,460,459,11,638,639,5,499,637,8,666,505,503,98,96,97,107,355,32,33,145,143,144,364,662
421,482,409,406,428,426,340,319,338,339,314,317,656,413,447,193,191,190,449,189,206,186,227,250,519,551,521,277,276,286,470,468,460,459,11,638,639,5,499,637,8,666,505,503,98,96,97,109,355,32,33,145,143,144,364,662
421,482,409,410,490,341,319,338,339,314,317,656,413,447,193,191,190,449,189,206,186,227,250,519,551,224,277,276,286,470,469,460,459,11,638,639,5,499,637,8,666,505,503,98,96,97,107,355,32,33,145,143,144,364,662
421,482,408,406,428,426,340,319,318,419,317,656,413,447,193,191,190,449,189,206,186,227,250,519,551,224,277,276,286,470,469,460,459,11,638,639,5,499,637,8,666,505,503,98,96,97,107,355,32,33,145,143,144,364,662
421,482,409,410,426,427,407,339,314,317,656,413,447,193,191,190,449,189,206,186,227,250,519,551,521,277,276,286,470,468,460,459,11,638,639,5,499,637,8,666,505,503,98,96,97,107,355,32,33,145,143,144,364,662
421,482,408,424,484,404,407,339,314,317,656,413,447,193,191,190,188,187,185,183,518,653,250,519,551,521,277,276,286,470,468,460,459,11,638,639,5,499,637,8,666,505,503,98,96,97,107,355,32,33,145,143,144,364,662
421,482,408,424,484,404,407,339,314,317,656,413,447,193,191,190,188,187,185,183,249,653,250,519,551,521,277,276,286,470,469,460,459,11,638,639,5,499,637,8,666,505,503,98,96,97,109,355,32,33,145,143,144,364,662
421,482,409,406,428,426,340,319,338,339,314,317,656,413,447,193,192,229,449,189,206,186,227,250,519,551,521,277,276,286,470,468,460,459,11,638,639,5,499,637,8,666,505,503,98,96,97,107,355,32,33,145,143,144,364,662
421,482,409,406,428,426,340,319,338,339,314,317,656,413,447,193,191,190,188,187,185,183,518,517,269,747,225,641,220,221,217,218,182,216,613,565,564,581,498,497,499,637,8,666,505,503,98,96,97,109,355,32,33,145,143,144,364,662
421,482,408,406,428,426,340,319,338,339,314,317,656,413,447,193,191,190,188,187,185,183,249,653,250,519,551,224,277,276,286,470,469,460,459,11,638,639,5,499,637,8,666,505,503,98,96,97,107,355,32,33,145,143,144,364,662
421,482,409,410,490,341,319,338,339,314,317,656,413,447,193,191,190,449,189,206,186,227,250,519,551,224,277,276,286,470,468,460,459,11,638,639,5,499,637,8,666,505,503,98,96,97,107,355,32,33,145,143,144,364,662
421,482,408,406,428,426,340,319,318,419,317,656,413,447,193,191,190,449,189,206,186,227,250,519,551,224,277,276,286,470,468,460,459,11,638,639,5,499,637,8,666,505,503,98,96,97,107,355,32,33,145,143,144,364,662
421,482,409,410,426,427,407,339,314,317,656,413,447,193,191,190,188,187,185,183,518,517,269,747,225,641,220,221,217,218,182,216,613,565,564,581,498,497,499,637,8,666,505,503,98,96,97,107,355,32,33,145,143,144,364,662
421,482,408,406,428,426,340,319,338,339,314,317,656,413,447,193,191,190,449,189,206,186,227,250,519,551,224,277,276,286,470,469,460,459,11,638,639,5,499,637,8,666,505,503,98,96,97,109,355,32,33,145,143,144,364,662
421,482,409,410,490,340,319,318,419,317,656,413,447,193,191,190,449,189,206,186,227,250,519,551,521,277,276,286,470,469,460,459,11,638,639,5,499,637,8,666,505,503,98,96,97,107,355,32,33,145,143,144,364,662
421,482,408,424,484,404,407,339,314,317,656,413,447,193,191,190,188,187,185,183,249,653,250,519,551,521,277,276,286,470,468,460,459,11,638,639,5,499,637,8,666,505,503,98,96,97,109,355,32,33,145,143,144,364,662
421,482,409,410,490,340,319,318,419,317,656,413,447,193,191,190,188,187,185,183,518,517,269,747,225,641,220,221,217,218,182,216,613,565,564,5,499,637,8,666,505,503,98,96,97,107,355,32,33,145,143,144,364,662
421,482,408,424,484,404,407,339,314,317,656,413,447,193,192,229,449,189,206,186,227,250,519,551,521,277,276,286,470,469,460,459,11,638,639,5,499,637,8,666,505,503,98,96,97,109,355,32,33,145,143,144,364,662
421,482,408,406,428,426,340,319,338,339,314,317,656,413,447,193,191,190,188,187,185,183,249,653,250,519,551,224,277,276,286,470,468,460,459,11,638,639,5,499,637,8,666,505,503,98,96,97,107,355,32,33,145,143,144,364,662
421,482,409,410,490,340,319,338,339,314,317,656,413,447,193,191,190,188,187,185,183,249,653,250,519,551,521,277,276,286,470,469,460,459,11,638,639,5,499,637,8,666,505,503,98,96,97,107,355,32,33,145,143,144,364,662
421,482,408,424,484,404,407,339,314,317,656,413,447,193,191,190,449,189,206,186,227,250,519,551,224,640,222,642,469,460,459,11,638,639,5,499,637,8,666,505,503,98,96,97,107,355,32,33,145,143,144,364,662
421,482,408,406,428,426,340,319,338,339,314,317,656,413,447,193,192,229,449,189,206,186,227,250,519,551,224,277,276,286,470,469,460,459,11,638,639,5,499,637,8,666,505,503,98,96,97,107,355,32,33,145,143,144,364,662
421,482,408,406,428,426,340,319,338,339,314,317,656,413,447,193,191,190,449,189,206,186,227,250,519,551,224,277,276,286,470,468,460,459,11,638,639,5,499,637,8,666,505,503,98,96,97,109,355,32,33,145,143,144,364,662
421,482,409,410,490,340,319,318,419,317,656,413,447,193,191,190,449,189,206,186,227,250,519,551,521,277,276,286,470,468,460,459,11,638,639,5,499,637,8,666,505,503,98,96,97,107,355,32,33,145,143,144,364,662
421,482,409,410,490,340,319,338,339,314,317,656,413,447,193,191,190,449,189,206,186,227,250,519,551,521,277,276,286,470,469,460,459,11,638,639,5,499,637,8,666,505,503,98,96,97,109,355,32,33,145,143,144,364,662
421,482,408,406,428,426,427,407,339,314,317,656,413,447,193,191,190,449,189,206,186,227,250,519,551,521,277,276,286,470,468,177,461,638,639,5,499,637,8,666,505,503,98,96,97,107,355,32,33,145,143,144,364,662
421,482,409,410,490,340,319,338,339,314,317,656,413,447,193,191,190,188,187,185,183,518,517,269,747,225,641,220,221,217,218,182,216,613,565,564,5,499,637,8,666,505,503,98,96,97,109,355,32,33,145,143,144,364,662
421,482,408,424,484,404,407,339,314,317,656,413,447,193,192,229,449,189,206,186,227,250,519,551,521,277,276,286,470,468,460,459,11,638,639,5,499,637,8,666,505,503,98,96,97,109,355,32,33,145,143,144,364,662
421,482,409,410,490,340,319,338,339,314,317,656,413,447,193,191,190,188,187,185,183,249,653,250,519,551,521,277,276,286,470,468,460,459,11,638,639,5,499,637,8,666,505,503,98,96,97,107,355,32,33,145,143,144,364,662
421,482,409,410,426,340,319,338,339,314,317,656,413,447,193,191,190,449,189,206,186,227,250,519,551,521,277,276,286,470,469,460,459,11,638,639,5,499,637,8,666,505,503,98,96,97,107,355,32,33,145,143,144,364,662
421,482,408,406,428,426,427,407,339,314,317,656,413,447,193,191,190,188,187,185,183,518,517,519,551,521,277,276,286,470,469,460,459,11,638,639,5,499,637,8,666,505,503,98,96,97,109,355,32,33,145,143,144,364,662
421,482,408,406,428,426,340,319,338,339,314,317,656,413,447,193,192,229,449,189,206,186,227,250,519,551,224,277,276,286,470,468,460,459,11,638,639,5,499,637,8,666,505,503,98,96,97,107,355,32,33,145,143,144,364,662
421,482,409,410,426,340,319,338,339,314,317,656,413,447,193,191,190,188,187,185,183,518,517,269,747,225,641,220,221,217,218,182,216,613,565,564,5,499,637,8,666,505,503,98,96,97,107,355,32,33,145,143,144,364,662
421,482,409,410,490,340,319,318,419,317,656,413,447,193,191,190,188,187,185,183,518,517,269,747,225,641,220,221,217,218,182,216,613,565,564,581,498,497,499,637,8,666,505,503,98,96,97,107,355,32,33,145,143,144,364,662
421,482,409,410,490,340,319,338,339,314,317,656,413,447,193,192,229,449,189,206,186,227,250,519,551,521,277,276,286,470,469,460,459,11,638,639,5,499,637,8,666,505,503,98,96,97,107,355,32,33,145,143,144,364,662
421,482,409,410,490,340,319,338,339,314,317,656,413,447,193,191,190,449,189,206,186,227,250,519,551,521,277,276,286,470,468,460,459,11,638,639,5,499,637,8,666,505,503,98,96,97,109,355,32,33,145,143,144,364,662
421,482,408,406,404,407,339,314,317,656,413,447,193,191,190,188,187,185,183,518,517,519,551,521,277,276,286,470,469,460,459,11,638,639,5,499,637,8,666,505,503,98,96,97,107,355,32,33,145,143,144,364,662
421,482,408,406,404,407,339,314,317,656,413,447,193,191,190,188,187,185,183,518,653,250,519,551,521,277,276,286,470,469,460,459,11,638,639,5,499,637,8,666,505,503,98,96,97,109,355,32,33,145,143,144,364,662
421,482,409,410,490,341,319,318,316,314,317,656,413,447,193,191,190,449,189,206,186,227,250,519,551,521,277,276,286,470,469,460,459,11,638,639,5,499,637,8,666,505,503,98,96,97,107,355,32,33,145,143,144,364,662
421,482,409,410,426,340,319,338,339,314,317,656,413,447,193,191,190,449,189,206,186,227,250,519,551,521,277,276,286,470,468,460,459,11,638,639,5,499,637,8,666,505,503,98,96,97,107,355,32,33,145,143,144,364,662
421,482,408,406,428,426,427,407,339,314,317,656,413,447,193,191,190,188,187,185,183,518,517,519,551,521,277,276,286,470,468,460,459,11,638,639,5,499,637,8,666,505,503,98,96,97,109,355,32,33,145,143,144,364,662
421,482,409,410,490,341,319,318,316,314,317,656,413,447,193,191,190,188,187,185,183,518,517,269,747,225,641,220,221,217,218,182,216,613,565,564,5,499,637,8,666,505,503,98,96,97,107,355,32,33,145,143,144,364,662
421,482,409,410,490,340,319,338,339,314,317,656,413,447,193,192,229,449,189,206,186,227,250,519,551,521,277,276,286,470,468,460,459,11,638,639,5,499,637,8,666,505,503,98,96,97,107,355,32,33,145,143,144,364,662
421,482,409,410,490,340,319,338,339,314,317,656,413,447,193,191,190,188,187,185,183,518,517,269,747,225,641,220,221,217,218,182,216,613,565,564,581,498,497,499,637,8,666,505,503,98,96,97,109,355,32,33,145,143,144,364,662
421,482,408,406,428,426,427,407,339,314,317,656,413,447,193,191,190,188,187,185,183,518,653,250,519,551,224,640,222,642,469,460,459,11,638,639,5,499,637,8,666,505,503,98,96,97,107,355,32,33,145,143,144,364,662
421,482,408,406,428,426,340,319,318,316,314,317,656,413,447,193,191,190,188,187,185,183,249,653,250,519,551,521,277,276,286,470,469,460,459,11,638,639,5,499,637,8,666,505,503,98,96,97,107,355,32,33,145,143,144,364,662
421,482,408,406,404,407,339,314,317,656,413,447,193,191,190,188,187,185,183,518,517,519,551,521,277,276,286,470,468,460,459,11,638,639,5,499,637,8,666,505,503,98,96,97,107,355,32,33,145,143,144,364,662
421,482,408,406,404,407,339,314,317,656,413,447,193,191,190,188,187,185,183,518,653,250,519,551,521,277,276,286,470,468,460,459,11,638,639,5,499,637,8,666,505,503,98,96,97,109,355,32,33,145,143,144,364,662
421,482,409,410,490,341,319,318,419,317,656,413,447,193,191,190,188,187,185,183,518,653,250,519,551,521,277,276,286,470,469,460,459,11,638,639,5,499,637,8,666,505,503,98,96,97,107,355,32,33,145,143,144,364,662
421,482,409,410,490,341,319,318,316,314,317,656,413,447,193,191,190,449,189,206,186,227,250,519,551,521,277,276,286,470,468,460,459,11,638,639,5,499,637,8,666,505,503,98,96,97,107,355,32,33,145,143,144,364,662
421,482,409,410,426,340,319,338,339,314,317,656,413,447,193,191,190,188,187,185,183,518,517,269,747,225,641,220,221,217,218,182,216,613,565,564,581,498,497,499,637,8,666,505,503,98,96,97,107,355,32,33,145,143,144,364,662
421,482,408,406,428,426,340,319,318,316,314,317,656,413,447,193,191,190,449,189,206,186,227,250,519,551,521,277,276,286,470,469,460,459,11,638,639,5,499,637,8,666,505,503,98,96,97,109,355,32,33,145,143,144,364,662
421,482,408,406,428,426,340,319,318,316,314,317,656,413,447,193,191,190,188,187,185,183,518,517,269,747,225,641,220,221,217,218,182,216,613,565,564,5,499,637,8,666,505,503,98,96,97,109,355,32,33,145,143,144,364,662
421,482,408,406,428,426,427,407,339,314,317,656,413,447,193,191,190,188,187,185,183,249,653,250,519,551,224,640,222,642,469,460,459,11,638,639,5,499,637,8,666,505,503,98,96,97,109,355,32,33,145,143,144,364,662
421,482,408,406,428,426,340,319,318,316,314,317,656,413,447,193,191,190,188,187,185,183,249,653,250,519,551,521,277,276,286,470,468,460,459,11,638,639,5,499,637,8,666,505,503,98,96,97,107,355,32,33,145,143,144,364,662
421,482,409,410,490,341,319,318,419,317,656,413,447,193,191,190,188,187,185,183,518,653,250,519,551,521,277,276,286,470,468,460,459,11,638,639,5,499,637,8,666,505,503,98,96,97,107,355,32,33,145,143,144,364,662
421,482,409,410,490,341,319,338,339,314,317,656,413,447,193,191,190,188,187,185,183,518,517,519,551,521,277,276,286,470,469,460,459,11,638,639,5,499,637,8,666,505,503,98,96,97,107,355,32,33,145,143,144,364,662
421,482,409,410,490,341,319,338,339,314,317,656,413,447,193,191,190,188,187,185,183,518,653,250,519,551,521,277,276,286,470,469,460,459,11,638,639,5,499,637,8,666,505,503,98,96,97,109,355,32,33,145,143,144,364,662
421,482,409,410,490,341,319,318,419,317,656,413,447,193,191,190,188,187,185,183,249,653,250,519,551,521,277,276,286,470,469,460,459,11,638,639,5,499,637,8,666,505,503,98,96,97,109,355,32,33,145,143,144,364,662
421,482,408,406,428,426,340,319,318,419,317,656,413,447,193,191,190,188,187,185,183,518,517,519,551,521,277,276,286,470,469,460,459,11,638,639,5,499,637,8,666,505,503,98,96,97,107,355,32,33,145,143,144,364,662
421,482,408,406,428,426,340,319,318,419,317,656,413,447,193,191,190,188,187,185,183,518,653,250,519,551,521,277,276,286,470,469,460,459,11,638,639,5,499,637,8,666,505,503,98,96,97,109,355,32,33,145,143,144,364,662
421,482,409,410,490,341,319,318,316,314,317,656,413,447,193,191,190,188,187,185,183,518,517,269,747,225,641,220,221,217,218,182,216,613,565,564,581,498,497,499,637,8,666,505,503,98,96,97,107,355,32,33,145,143,144,364,662
421,482,408,406,428,426,340,319,318,316,314,317,656,413,447,193,192,229,449,189,206,186,227,250,519,551,521,277,276,286,470,469,460,459,11,638,639,5,499,637,8,666,505,503,98,96,97,107,355,32,33,145,143,144,364,662
421,482,408,406,428,426,340,319,318,316,314,317,656,413,447,193,191,190,449,189,206,186,227,250,519,551,521,277,276,286,470,468,460,459,11,638,639,5,499,637,8,666,505,503,98,96,97,109,355,32,33,145,143,144,364,662
421,482,408,406,404,407,339,314,317,656,413,447,193,191,190,188,187,185,183,249,653,250,519,551,224,640,222,642,469,460,459,11,638,639,5,499,637,8,666,505,503,98,96,97,107,355,32,33,145,143,144,364,662
421,482,409,406,428,426,427,407,339,314,317,656,413,447,193,191,190,188,187,185,183,518,653,250,519,551,521,277,276,286,470,469,460,459,11,638,639,5,499,637,8,666,505,503,98,96,97,107,355,32,33,145,143,144,364,662
421,482,408,406,428,426,340,319,338,339,314,317,656,413,447,193,191,190,449,189,206,186,227,250,519,551,521,277,276,286,470,468,177,461,638,639,5,499,637,8,666,505,503,98,96,97,107,355,32,33,145,143,144,364,662
421,482,408,424,484,404,407,339,314,317,656,413,447,193,191,190,449,189,206,186,227,250,519,551,224,277,276,286,470,469,460,459,11,638,639,5,499,637,8,666,505,503,98,96,97,107,355,32,33,145,143,144,364,662
421,482,408,406,404,407,339,314,317,656,413,447,193,191,190,449,189,206,186,227,250,519,551,224,640,222,642,469,460,459,11,638,639,5,499,637,8,666,505,503,98,96,97,109,355,32,33,145,143,144,364,662
421,482,409,410,490,341,319,338,339,314,317,656,413,447,193,191,190,188,187,185,183,518,517,519,551,521,277,276,286,470,468,460,459,11,638,639,5,499,637,8,666,505,503,98,96,97,107,355,32,33,145,143,144,364,662
421,482,409,410,490,341,319,338,339,314,317,656,413,447,193,191,190,188,187,185,183,518,653,250,519,551,521,277,276,286,470,468,460,459,11,638,639,5,499,637,8,666,505,503,98,96,97,109,355,32,33,145,143,144,364,662
421,482,409,410,490,341,319,318,419,317,656,413,447,193,191,190,188,187,185,183,249,653,250,519,551,521,277,276,286,470,468,460,459,11,638,639,5,499,637,8,666,505,503,98,96,97,109,355,32,33,145,143,144,364,662
421,482,408,406,428,426,427,407,339,314,317,656,413,447,193,191,190,188,187,185,183,518,517,269,747,225,641,220,221,217,218,182,216,613,565,639,5,499,637,8,666,505,503,98,96,97,109,355,32,33,145,143,144,364,662
421,482,408,406,428,426,340,319,318,419,317,656,413,447,193,191,190,188,187,185,183,518,517,519,551,521,277,276,286,470,468,460,459,11,638,639,5,499,637,8,666,505,503,98,96,97,107,355,32,33,145,143,144,364,662
421,482,408,406,428,426,340,319,318,419,317,656,413,447,193,191,190,188,187,185,183,518,653,250,519,551,521,277,276,286,470,468,460,459,11,638,639,5,499,637,8,666,505,503,98,96,97,109,355,32,33,145,143,144,364,662
421,482,408,406,428,426,340,319,338,339,314,317,656,413,447,193,191,190,188,187,185,183,518,517,519,551,521,277,276,286,470,469,460,459,11,638,639,5,499,637,8,666,505,503,98,96,97,109,355,32,33,145,143,144,364,662
421,482,408,406,428,426,427,407,339,314,317,656,413,447,193,192,229,449,189,206,186,227,250,519,551,224,640,222,642,469,460,459,11,638,639,5,499,637,8,666,505,503,98,96,97,109,355,32,33,145,143,144,364,662
421,482,408,406,428,426,340,319,318,316,314,317,656,413,447,193,192,229,449,189,206,186,227,250,519,551,521,277,276,286,470,468,460,459,11,638,639,5,499,637,8,666,505,503,98,96,97,107,355,32,33,145,143,144,364,662
421,482,408,406,428,426,340,319,318,316,314,317,656,413,447,193,191,190,188,187,185,183,518,517,269,747,225,641,220,221,217,218,182,216,613,565,564,581,498,497,499,637,8,666,505,503,98,96,97,109,355,32,33,145,143,144,364,662
421,482,409,406,428,426,427,407,339,314,317,656,413,447,193,191,190,188,187,185,183,518,653,250,519,551,521,277,276,286,470,468,460,459,11,638,639,5,499,637,8,666,505,503,98,96,97,107,355,32,33,145,143,144,364,662
421,482,409,406,428,426,427,407,339,314,317,656,413,447,193,191,190,188,187,185,183,249,653,250,519,551,521,277,276,286,470,469,460,459,11,638,639,5,499,637,8,666,505,503,98,96,97,109,355,32,33,145,143,144,364,662
421,482,409,410,490,341,319,318,419,317,656,413,447,193,192,229,449,189,206,186,227,250,519,551,521,277,276,286,470,469,460,459,11,638,639,5,499,637,8,666,505,503,98,96,97,109,355,32,33,145,143,144,364,662
421,482,409,410,490,341,320,321,411,419,317,656,413,447,193,191,190,449,189,206,186,227,250,519,551,521,277,276,286,470,469,460,459,11,638,639,5,499,637,8,666,505,503,98,96,97,107,355,32,33,145,143,144,364,662
421,482,408,424,484,404,407,339,314,317,656,413,447,193,191,190,449,189,206,186,227,250,519,551,224,277,276,286,470,468,460,459,11,638,639,5,499,637,8,666,505,503,98,96,97,107,355,32,33,145,143,144,364,662
421,482,408,406,404,407,339,314,317,656,413,447,193,191,190,188,187,185,183,518,517,269,747,225,641,220,221,217,218,182,216,613,565,639,5,499,637,8,666,505,503,98,96,97,107,355,32,33,145,143,144,364,662
421,482,409,410,490,341,320,321,411,419,317,656,413,447,193,191,190,188,187,185,183,518,517,269,747,225,641,220,221,217,218,182,216,613,565,564,5,499,637,8,666,505,503,98,96,97,107,355,32,33,145,143,144,364,662
421,482,409,410,490,341,320,318,419,317,656,413,447,193,191,190,188,187,185,183,249,653,250,519,551,521,277,276,286,470,469,460,459,11,638,639,5,499,637,8,666,505,503,98,96,97,107,355,32,33,145,143,144,364,662
421,482,408,406,404,407,339,314,317,656,413,447,193,192,229,449,189,206,186,227,250,519,551,224,640,222,642,469,460,459,11,638,639,5,499,637,8,666,505,503,98,96,97,107,355,32,33,145,143,144,364,662
421,482,409,410,490,341,319,318,419,317,656,413,447,193,191,190,449,189,206,186,227,250,519,551,224,640,222,642,469,460,459,11,638,639,5,499,637,8,666,505,503,98,96,97,107,355,32,33,145,143,144,364,662
421,482,409,406,404,407,339,314,317,656,413,447,193,191,190,188,187,185,183,249,653,250,519,551,521,277,276,286,470,469,460,459,11,638,639,5,499,637,8,666,505,503,98,96,97,107,355,32,33,145,143,144,364,662
421,482,408,406,428,426,340,319,338,339,314,317,656,413,447,193,191,190,188,187,185,183,518,517,519,551,521,277,276,286,470,468,460,459,11,638,639,5,499,637,8,666,505,503,98,96,97,109,355,32,33,145,143,144,364,662
421,482,409,410,490,341,320,318,419,317,656,413,447,193,191,190,449,189,206,186,227,250,519,551,521,277,276,286,470,469,460,459,11,638,639,5,499,637,8,666,505,503,98,96,97,109,355,32,33,145,143,144,364,662
421,482,409,410,490,341,319,338,339,314,317,656,413,447,193,191,190,188,187,185,183,249,653,250,519,551,224,640,222,642,469,460,459,11,638,639,5,499,637,8,666,505,503,98,96,97,107,355,32,33,145,143,144,364,662
421,482,409,406,428,426,427,407,339,314,317,656,413,447,193,191,190,188,187,185,183,249,653,250,519,551,521,277,276,286,470,468,460,459,11,638,639,5,499,637,8,666,505,503,98,96,97,109,355,32,33,145,143,144,364,662
421,482,409,410,490,341,319,318,419,317,656,413,447,193,192,229,449,189,206,186,227,250,519,551,521,277,276,286,470,468,460,459,11,638,639,5,499,637,8,666,505,503,98,96,97,109,355,32,33,145,143,144,364,662
421,482,409,410,490,341,320,318,419,317,656,413,447,193,191,190,188,187,185,183,518,517,269,747,225,641,220,221,217,218,182,216,613,565,564,5,499,637,8,666,505,503,98,96,97,109,355,32,33,145,143,144,364,662
421,482,409,406,404,407,339,314,317,656,413,447,193,191,190,449,189,206,186,227,250,519,551,521,277,276,286,470,469,460,459,11,638,639,5,499,637,8,666,505,503,98,96,97,109,355,32,33,145,143,144,364,662
421,482,409,410,490,341,320,321,411,419,317,656,413,447,193,191,190,449,189,206,186,227,250,519,551,521,277,276,286,470,468,460,459,11,638,639,5,499,637,8,666,505,503,98,96,97,107,355,32,33,145,143,144,364,662
421,482,408,406,428,426,340,319,338,339,314,317,656,413,447,193,191,190,188,187,185,183,518,653,250,519,551,224,640,222,642,469,460,459,11,638,639,5,499,637,8,666,505,503,98,96,97,107,355,32,33,145,143,144,364,662
421,482,408,406,428,426,340,319,318,419,317,656,413,447,193,191,190,188,187,185,183,249,653,250,519,551,224,640,222,642,469,460,459,11,638,639,5,499,637,8,666,505,503,98,96,97,107,355,32,33,145,143,144,364,662
421,482,409,406,404,407,339,314,317,656,413,447,193,191,190,188,187,185,183,518,517,269,747,225,641,220,221,217,218,182,216,613,565,564,5,499,637,8,666,505,503,98,96,97,109,355,32,33,145,143,144,364,662
421,482,409,410,490,341,320,318,419,317,656,413,447,193,191,190,188,187,185,183,249,653,250,519,551,521,277,276,286,470,468,460,459,11,638,639,5,499,637,8,666,505,503,98,96,97,107,355,32,33,145,143,144,364,662
421,482,409,406,428,426,427,407,339,314,317,656,413,447,193,192,229,449,189,206,186,227,250,519,551,521,277,276,286,470,469,460,459,11,638,639,5,499,637,8,666,505,503,98,96,97,109,355,32,33,145,143,144,364,662
421,482,408,406,428,426,427,407,339,314,317,656,413,447,193,191,190,188,187,185,183,518,653,250,519,551,224,277,276,286,470,469,460,459,11,638,639,5,499,637,8,666,505,503,98,96,97,107,355,32,33,145,143,144,364,662
421,482,409,410,490,341,319,338,339,314,317,656,413,447,193,191,190,449,189,206,186,227,250,519,551,224,640,222,642,469,460,459,11,638,639,5,499,637,8,666,505,503,98,96,97,109,355,32,33,145,143,144,364,662
421,482,408,406,428,426,340,319,318,419,317,656,413,447,193,191,190,449,189,206,186,227,250,519,551,224,640,222,642,469,460,459,11,638,639,5,499,637,8,666,505,503,98,96,97,109,355,32,33,145,143,144,364,662
421,482,409,406,404,407,339,314,317,656,413,447,193,191,190,188,187,185,183,249,653,250,519,551,521,277,276,286,470,468,460,459,11,638,639,5,499,637,8,666,505,503,98,96,97,107,355,32,33,145,143,144,364,662
421,482,409,410,490,341,320,318,419,317,656,413,447,193,192,229,449,189,206,186,227,250,519,551,521,277,276,286,470,469,460,459,11,638,639,5,499,637,8,666,505,503,98,96,97,107,355,32,33,145,143,144,364,662
421,482,409,410,490,341,320,318,419,317,656,413,447,193,191,190,449,189,206,186,227,250,519,551,521,277,276,286,470,468,460,459,11,638,639,5,499,637,8,666,505,503,98,96,97,109,355,32,33,145,143,144,364,662
421,482,409,406,428,426,427,407,339,314,317,656,413,447,193,191,190,449,189,206,186,227,250,519,551,224,640,222,642,469,460,459,11,638,639,5,499,637,8,666,505,503,98,96,97,107,355,32,33,145,143,144,364,662
421,482,408,406,428,426,427,407,339,314,317,656,413,447,193,191,190,449,189,206,186,227,250,519,551,224,640,222,642,219,459,11,638,639,5,499,637,8,666,505,503,98,96,97,107,355,32,33,145,143,144,364,662
421,482,409,406,404,407,339,314,317,656,413,447,193,192,229,449,189,206,186,227,250,519,551,521,277,276,286,470,469,460,459,11,638,639,5,499,637,8,666,505,503,98,96,97,107,355,32,33,145,143,144,364,662
421,482,409,406,404,407,339,314,317,656,413,447,193,191,190,449,189,206,186,227,250,519,551,521,277,276,286,470,468,460,459,11,638,639,5,499,637,8,666,505,503,98,96,97,109,355,32,33,145,143,144,364,662
421,482,409,410,490,341,320,321,411,419,317,656,413,447,193,191,190,188,187,185,183,518,517,269,747,225,641,220,221,217,218,182,216,613,565,564,581,498,497,499,637,8,666,505,503,98,96,97,107,355,32,33,145,143,144,364,662
421,482,408,406,428,426,340,319,338,339,314,317,656,413,447,193,191,190,188,187,185,183,249,653,250,519,551,224,640,222,642,469,460,459,11,638,639,5,499,637,8,666,505,503,98,96,97,109,355,32,33,145,143,144,364,662
421,482,409,410,490,341,319,338,339,314,317,656,413,447,193,191,190,188,187,185,183,518,517,269,747,225,641,220,221,217,218,182,216,613,565,639,5,499,637,8,666,505,503,98,96,97,107,355,32,33,145,143,144,364,662
421,482,408,406,428,426,340,319,318,419,317,656,413,447,193,191,190,188,187,185,183,518,517,269,747,225,641,220,221,217,218,182,216,613,565,639,5,499,637,8,666,505,503,98,96,97,107,355,32,33,145,143,144,364,662
421,482,409,410,490,341,319,338,339,314,317,656,413,447,193,192,229,449,189,206,186,227,250,519,551,224,640,222,642,469,460,459,11,638,639,5,499,637,8,666,505,503,98,96,97,107,355,32,33,145,143,144,364,662
421,482,409,406,428,426,427,407,339,314,317,656,413,447,193,192,229,449,189,206,186,227,250,519,551,521,277,276,286,470,468,460,459,11,638,639,5,499,637,8,666,505,503,98,96,97,109,355,32,33,145,143,144,364,662
421,482,408,406,428,426,427,407,339,314,317,656,413,447,193,191,190,188,187,185,183,518,653,250,519,551,224,277,276,286,470,468,460,459,11,638,639,5,499,637,8,666,505,503,98,96,97,107,355,32,33,145,143,144,364,662
421,482,408,406,428,426,340,319,318,419,317,656,413,447,193,192,229,449,189,206,186,227,250,519,551,224,640,222,642,469,460,459,11,638,639,5,499,637,8,666,505,503,98,96,97,107,355,32,33,145,143,144,364,662
421,482,408,406,428,426,427,407,339,314,317,656,413,447,193,191,190,188,187,185,183,249,653,250,519,551,224,277,276,286,470,469,460,459,11,638,639,5,499,637,8,666,505,503,98,96,97,109,355,32,33,145,143,144,364,662
421,482,408,406,428,426,427,407,339,314,317,656,413,447,193,191,190,449,189,206,186,227,250,519,551,224,640,222,286,470,469,460,459,11,638,639,5,499,637,8,666,505,503,98,96,97,107,355,32,33,145,143,144,364,662
421,482,409,406,428,426,340,319,338,339,314,317,656,413,447,193,191,190,188,187,185,183,518,653,250,519,551,521,277,276,286,470,469,460,459,11,638,639,5,499,637,8,666,505,503,98,96,97,107,355,32,33,145,143,144,364,662
421,482,409,410,490,341,320,318,419,317,656,413,447,193,192,229,449,189,206,186,227,250,519,551,521,277,276,286,470,468,460,459,11,638,639,5,499,637,8,666,505,503,98,96,97,107,355,32,33,145,143,144,364,662
421,482,409,406,428,426,340,319,318,419,317,656,413,447,193,191,190,188,187,185,183,249,653,250,519,551,521,277,276,286,470,469,460,459,11,638,639,5,499,637,8,666,505,503,98,96,97,107,355,32,33,145,143,144,364,662
421,482,409,410,490,341,320,318,419,317,656,413,447,193,191,190,188,187,185,183,518,517,269,747,225,641,220,221,217,218,182,216,613,565,564,581,498,497,499,637,8,666,505,503,98,96,97,109,355,32,33,145,143,144,364,662
421,482,409,406,404,407,339,314,317,656,413,447,193,192,229,449,189,206,186,227,250,519,551,521,277,276,286,470,468,460,459,11,638,639,5,499,637,8,666,505,503,98,96,97,107,355,32,33,145,143,144,364,662
421,482,409,406,404,407,339,314,317,656,413,447,193,191,190,188,187,185,183,518,517,269,747,225,641,220,221,217,218,182,216,613,565,564,581,498,497,499,637,8,666,505,503,98,96,97,109,355,32,33,145,143,144,364,662
421,482,408,406,404,407,339,314,317,656,413,447,193,191,190,188,187,185,183,249,653,250,519,551,224,277,276,286,470,469,460,459,11,638,639,5,499,637,8,666,505,503,98,96,97,107,355,32,33,145,143,144,364,662
421,482,409,406,428,426,340,319,318,419,317,656,413,447,193,191,190,449,189,206,186,227,250,519,551,521,277,276,286,470,469,460,459,11,638,639,5,499,637,8,666,505,503,98,96,97,109,355,32,33,145,143,144,364,662
421,482,408,406,428,426,340,319,338,339,314,317,656,413,447,193,191,190,188,187,185,183,518,517,269,747,225,641,220,221,217,218,182,216,613,565,639,5,499,637,8,666,505,503,98,96,97,109,355,32,33,145,143,144,364,662
421,482,409,406,428,426,340,319,318,419,317,656,413,447,193,191,190,188,187,185,183,518,517,269,747,225,641,220,221,217,218,182,216,613,565,564,5,499,637,8,666,505,503,98,96,97,109,355,32,33,145,143,144,364,662
421,482,408,406,428,426,427,407,339,314,317,656,413,447,193,191,190,188,187,185,183,249,653,250,519,551,224,277,276,286,470,468,460,459,11,638,639,5,499,637,8,666,505,503,98,96,97,109,355,32,33,145,143,144,364,662
421,482,408,406,404,407,339,314,317,656,413,447,193,191,190,449,189,206,186,227,250,519,551,224,277,276,286,470,469,460,459,11,638,639,5,499,637,8,666,505,503,98,96,97,109,355,32,33,145,143,144,364,662
421,482,408,406,428,426,427,407,339,314,317,656,413,447,193,191,190,449,189,206,186,227,250,519,551,224,640,222,286,470,468,460,459,11,638,639,5,499,637,8,666,505,503,98,96,97,107,355,32,33,145,143,144,364,662
421,482,408,406,428,426,340,319,338,339,314,317,656,413,447,193,192,229,449,189,206,186,227,250,519,551,224,640,222,642,469,460,459,11,638,639,5,499,637,8,666,505,503,98,96,97,109,355,32,33,145,143,144,364,662
421,482,409,406,428,426,340,319,338,339,314,317,656,413,447,193,191,190,188,187,185,183,518,653,250,519,551,521,277,276,286,470,468,460,459,11,638,639,5,499,637,8,666,505,503,98,96,97,107,355,32,33,145,143,144,364,662
421,482,409,406,428,426,340,319,318,419,317,656,413,447,193,191,190,188,187,185,183,249,653,250,519,551,521,277,276,286,470,468,460,459,11,638,639,5,499,637,8,666,505,503,98,96,97,107,355,32,33,145,143,144,364,662
421,482,409,406,428,426,340,319,338,339,314,317,656,413,447,193,191,190,188,187,185,183,249,653,250,519,551,521,277,276,286,470,469,460,459,11,638,639,5,499,637,8,666,505,503,98,96,97,109,355,32,33,145,143,144,364,662
421,482,408,406,428,426,427,407,339,314,317,656,413,447,193,192,229,449,189,206,186,227,250,519,551,224,277,276,286,470,469,460,459,11,638,639,5,499,637,8,666,505,503,98,96,97,109,355,32,33,145,143,144,364,662
421,482,408,406,404,407,339,314,317,656,413,447,193,191,190,188,187,185,183,249,653,250,519,551,224,277,276,286,470,468,460,459,11,638,639,5,499,637,8,666,505,503,98,96,97,107,355,32,33,145,143,144,364,662
421,482,409,406,428,426,340,319,318,419,317,656,413,447,193,192,229,449,189,206,186,227,250,519,551,521,277,276,286,470,469,460,459,11,638,639,5,499,637,8,666,505,503,98,96,97,107,355,32,33,145,143,144,364,662
421,482,409,406,428,426,340,319,318,419,317,656,413,447,193,191,190,449,189,206,186,227,250,519,551,521,277,276,286,470,468,460,459,11,638,639,5,499,637,8,666,505,503,98,96,97,109,355,32,33,145,143,144,364,662
421,482,409,410,426,427,407,339,314,317,656,413,447,193,191,190,188,187,185,183,249,653,250,519,551,521,277,276,286,470,469,460,459,11,638,639,5,499,637,8,666,505,503,98,96,97,107,355,32,33,145,143,144,364,662
421,482,408,406,404,407,339,314,317,656,413,447,193,192,229,449,189,206,186,227,250,519,551,224,277,276,286,470,469,460,459,11,638,639,5,499,637,8,666,505,503,98,96,97,107,355,32,33,145,143,144,364,662
421,482,408,406,404,407,339,314,317,656,413,447,193,191,190,449,189,206,186,227,250,519,551,224,277,276,286,470,468,460,459,11,638,639,5,499,637,8,666,505,503,98,96,97,109,355,32,33,145,143,144,364,662
421,482,409,410,490,341,319,318,419,317,656,413,447,193,191,190,449,189,206,186,227,250,519,551,224,277,276,286,470,469,460,459,11,638,639,5,499,637,8,666,505,503,98,96,97,107,355,32,33,145,143,144,364,662
421,482,409,410,426,427,407,339,314,317,656,413,447,193,191,190,449,189,206,186,227,250,519,551,521,277,276,286,470,469,460,459,11,638,639,5,499,637,8,666,505,503,98,96,97,109,355,32,33,145,143,144,364,662
421,482,408,424,484,404,407,339,314,317,656,413,447,193,191,190,188,187,185,183,518,517,519,551,521,277,276,286,470,469,460,459,11,638,639,5,499,637,8,666,505,503,98,96,97,107,355,32,33,145,143,144,364,662
421,482,409,406,428,426,340,319,338,339,314,317,656,413,447,193,191,190,188,187,185,183,249,653,250,519,551,521,277,276,286,470,468,460,459,11,638,639,5,499,637,8,666,505,503,98,96,97,109,355,32,33,145,143,144,364,662
421,482,408,424,484,404,407,339,314,317,656,413,447,193,191,190,188,187,185,183,518,653,250,519,551,521,277,276,286,470,469,460,459,11,638,639,5,499,637,8,666,505,503,98,96,97,109,355,32,33,145,143,144,364,662
421,482,408,406,428,426,427,407,339,314,317,656,413,447,193,192,229,449,189,206,186,227,250,519,551,224,277,276,286,470,468,460,459,11,638,639,5,499,637,8,666,505,503,98,96,97,109,355,32,33,145,143,144,364,662
421,482,409,410,426,427,407,339,314,317,656,413,447,193,191,190,188,187,185,183,518,517,269,747,225,641,220,221,217,218,182,216,613,565,564,5,499,637,8,666,505,503,98,96,97,109,355,32,33,145,143,144,364,662
421,482,409,406,428,426,340,319,318,419,317,656,413,447,193,192,229,449,189,206,186,227,250,519,551,521,277,276,286,470,468,460,459,11,638,639,5,499,637,8,666,505,503,98,96,97,107,355,32,33,145,143,144,364,662
421,482,409,410,490,341,319,338,339,314,317,656,413,447,193,191,190,188,187,185,183,249,653,250,519,551,224,277,276,286,470,469,460,459,11,638,639,5,499,637,8,666,505,503,98,96,97,107,355,32,33,145,143,144,364,662
421,482,409,406,428,426,340,319,318,419,317,656,413,447,193,191,190,188,187,185,183,518,517,269,747,225,641,220,221,217,218,182,216,613,565,564,581,498,497,499,637,8,666,505,503,98,96,97,109,355,32,33,145,143,144,364,662
421,482,409,406,428,426,340,319,338,339,314,317,656,413,447,193,192,229,449,189,206,186,227,250,519,551,521,277,276,286,470,469,460,459,11,638,639,5,499,637,8,666,505,503,98,96,97,109,355,32,33,145,143,144,364,662
421,482,408,406,428,426,340,319,338,339,314,317,656,413,447,193,191,190,188,187,185,183,518,653,250,519,551,224,277,276,286,470,469,460,459,11,638,639,5,499,637,8,666,505,503,98,96,97,107,355,32,33,145,143,144,364,662
421,482,408,406,428,426,340,319,318,419,317,656,413,447,193,191,190,188,187,185,183,249,653,250,519,551,224,277,276,286,470,469,460,459,11,638,639,5,499,637,8,666,505,503,98,96,97,107,355,32,33,145,143,144,364,662
421,482,409,410,426,427,407,339,314,317,656,413,447,193,191,190,188,187,185,183,249,653,250,519,551,521,277,276,286,470,468,460,459,11,638,639,5,499,637,8,666,505,503,98,96,97,107,355,32,33,145,143,144,364,662
421,482,408,406,404,407,339,314,317,656,413,447,193,192,229,449,189,206,186,227,250,519,551,224,277,276,286,470,468,460,459,11,638,639,5,499,637,8,666,505,503,98,96,97,107,355,32,33,145,143,144,364,662
421,482,409,410,490,341,319,318,419,317,656,413,447,193,191,190,449,189,206,186,227,250,519,551,224,277,276,286,470,468,460,459,11,638,639,5,499,637,8,666,505,503,98,96,97,107,355,32,33,145,143,144,364,662
421,482,409,406,428,426,340,319,338,339,314,317,656,413,447,193,191,190,449,189,206,186,227,250,519,551,224,640,222,642,469,460,459,11,638,639,5,499,637,8,666,505,503,98,96,97,107,355,32,33,145,143,144,364,662
421,482,409,410,490,341,319,338,339,314,317,656,413,447,193,191,190,449,189,206,186,227,250,519,551,224,277,276,286,470,469,460,459,11,638,639,5,499,637,8,666,505,503,98,96,97,109,355,32,33,145,143,144,364,662
421,482,409,410,426,427,407,339,314,317,656,413,447,193,192,229,449,189,206,186,227,250,519,551,521,277,276,286,470,469,460,459,11,638,639,5,499,637,8,666,505,503,98,96,97,107,355,32,33,145,143,144,364,662
421,482,408,406,428,426,340,319,338,339,314,317,656,413,447,193,191,190,449,189,206,186,227,250,519,551,224,640,222,642,219,459,11,638,639,5,499,637,8,666,505,503,98,96,97,107,355,32,33,145,143,144,364,662
421,482,408,406,428,426,340,319,318,419,317,656,413,447,193,191,190,449,189,206,186,227,250,519,551,224,277,276,286,470,469,460,459,11,638,639,5,499,637,8,666,505,503,98,96,97,109,355,32,33,145,143,144,364,662
421,482,409,410,426,427,407,339,314,317,656,413,447,193,191,190,449,189,206,186,227,250,519,551,521,277,276,286,470,468,460,459,11,638,639,5,499,637,8,666,505,503,98,96,97,109,355,32,33,145,143,144,364,662
421,482,408,424,484,404,407,339,314,317,656,413,447,193,191,190,188,187,185,183,518,517,519,551,521,277,276,286,470,468,460,459,11,638,639,5,499,637,8,666,505,503,98,96,97,107,355,32,33,145,143,144,364,662
421,482,408,424,484,404,407,339,314,317,656,413,447,193,191,190,188,187,185,183,518,653,250,519,551,521,277,276,286,470,468,460,459,11,638,639,5,499,637,8,666,505,503,98,96,97,109,355,32,33,145,143,144,364,662
421,482,409,406,428,426,427,407,339,314,317,656,413,447,193,191,190,449,189,206,186,227,250,519,551,224,277,276,286,470,469,460,459,11,638,639,5,499,637,8,666,505,503,98,96,97,107,355,32,33,145,143,144,364,662
421,482,408,406,428,426,427,407,339,314,317,656,413,447,193,191,190,188,187,185,183,249,227,250,519,551,521,277,276,286,470,469,460,459,11,638,639,5,499,637,8,666,505,503,98,96,97,107,355,32,33,145,143,144,364,662
421,482,409,410,490,341,319,338,339,314,317,656,413,447,193,191,190,188,187,185,183,249,653,250,519,551,224,277,276,286,470,468,460,459,11,638,639,5,499,637,8,666,505,503,98,96,97,107,355,32,33,145,143,144,364,662
421,482,409,406,428,426,340,319,338,339,314,317,656,413,447,193,192,229,449,189,206,186,227,250,519,551,521,277,276,286,470,468,460,459,11,638,639,5,499,637,8,666,505,503,98,96,97,109,355,32,33,145,143,144,364,662
421,482,408,406,428,426,340,319,338,339,314,317,656,413,447,193,191,190,188,187,185,183,518,653,250,519,551,224,277,276,286,470,468,460,459,11,638,639,5,499,637,8,666,505,503,98,96,97,107,355,32,33,145,143,144,364,662
421,482,408,406,428,426,340,319,318,419,317,656,413,447,193,191,190,188,187,185,183,249,653,250,519,551,224,277,276,286,470,468,460,459,11,638,639,5,499,637,8,666,505,503,98,96,97,107,355,32,33,145,143,144,364,662
421,482,409,410,490,340,319,338,339,314,317,656,413,447,193,191,190,188,187,185,183,518,653,250,519,551,521,277,276,286,470,469,460,459,11,638,639,5,499,637,8,666,505,503,98,96,97,107,355,32,33,145,143,144,364,662
421,482,408,406,428,426,340,319,338,339,314,317,656,413,447,193,191,190,188,187,185,183,249,653,250,519,551,224,277,276,286,470,469,460,459,11,638,639,5,499,637,8,666,505,503,98,96,97,109,355,32,33,145,143,144,364,662
421,482,409,410,490,340,319,318,419,317,656,413,447,193,191,190,188,187,185,183,249,653,250,519,551,521,277,276,286,470,469,460,459,11,638,639,5,499,637,8,666,505,503,98,96,97,107,355,32,33,145,143,144,364,662
421,482,408,406,428,426,340,319,338,339,314,317,656,413,447,193,191,190,449,189,206,186,227,250,519,551,224,640,222,286,470,469,460,459,11,638,639,5,499,637,8,666,505,503,98,96,97,107,355,32,33,145,143,144,364,662
421,482,408,406,428,426,427,407,339,314,317,656,413,447,193,191,190,188,187,206,186,227,250,519,551,521,277,276,286,470,469,460,459,11,638,639,5,499,637,8,666,505,503,98,96,97,107,355,32,33,145,143,144,364,662
421,482,409,410,490,341,319,338,339,314,317,656,413,447,193,192,229,449,189,206,186,227,250,519,551,224,277,276,286,470,469,460,459,11,638,639,5,499,637,8,666,505,503,98,96,97,107,355,32,33,145,143,144,364,662
421,482,409,410,490,341,319,338,339,314,317,656,413,447,193,191,190,449,189,206,186,227,250,519,551,224,277,276,286,470,468,460,459,11,638,639,5,499,637,8,666,505,503,98,96,97,109,355,32,33,145,143,144,364,662
421,482,408,406,428,426,340,319,318,419,317,656,413,447,193,192,229,449,189,206,186,227,250,519,551,224,277,276,286,470,469,460,459,11,638,639,5,499,637,8,666,505,503,98,96,97,107,355,32,33,145,143,144,364,662
421,482,409,410,426,427,407,339,314,317,656,413,447,193,192,229,449,189,206,186,227,250,519,551,521,277,276,286,470,468,460,459,11,638,639,5,499,637,8,666,505,503,98,96,97,107,355,32,33,145,143,144,364,662
421,482,408,406,428,426,340,319,318,419,317,656,413,447,193,191,190,449,189,206,186,227,250,519,551,224,277,276,286,470,468,460,459,11,638,639,5,499,637,8,666,505,503,98,96,97,109,355,32,33,145,143,144,364,662
421,482,409,410,426,427,407,339,314,317,656,413,447,193,191,190,188,187,185,183,518,517,269,747,225,641,220,221,217,218,182,216,613,565,564,581,498,497,499,637,8,666,505,503,98,96,97,109,355,32,33,145,143,144,364,662
421,482,409,410,490,340,319,318,419,317,656,413,447,193,191,190,449,189,206,186,227,250,519,551,521,277,276,286,470,469,460,459,11,638,639,5,499,637,8,666,505,503,98,96,97,109,355,32,33,145,143,144,364,662
421,482,409,406,428,426,427,407,339,314,317,656,413,447,193,191,190,449,189,206,186,227,250,519,551,224,277,276,286,470,468,460,459,11,638,639,5,499,637,8,666,505,503,98,96,97,107,355,32,33,145,143,144,364,662
421,482,409,410,490,340,319,318,419,317,656,413,447,193,191,190,188,187,185,183,518,517,269,747,225,641,220,221,217,218,182,216,613,565,564,5,499,637,8,666,505,503,98,96,97,109,355,32,33,145,143,144,364,662
421,482,408,406,428,426,427,407,339,314,317,656,413,447,193,191,190,188,187,185,183,249,227,250,519,551,521,277,276,286,470,468,460,459,11,638,639,5,499,637,8,666,505,503,98,96,97,107,355,32,33,145,143,144,364,662
421,482,408,424,484,404,407,339,314,317,656,413,447,193,191,190,188,187,185,183,249,653,250,519,551,224,640,222,642,469,460,459,11,638,639,5,499,637,8,666,505,503,98,96,97,107,355,32,33,145,143,144,364,662
421,482,409,410,490,340,319,338,339,314,317,656,413,447,193,191,190,188,187,185,183,518,653,250,519,551,521,277,276,286,470,468,460,459,11,638,639,5,499,637,8,666,505,503,98,96,97,107,355,32,33,145,143,144,364,662
421,482,408,406,428,426,340,319,338,339,314,317,656,413,447,193,191,190,188,187,185,183,249,653,250,519,551,224,277,276,286,470,468,460,459,11,638,639,5,499,637,8,666,505,503,98,96,97,109,355,32,33,145,143,144,364,662
421,482,409,410,490,340,319,318,419,317,656,413,447,193,191,190,188,187,185,183,249,653,250,519,551,521,277,276,286,470,468,460,459,11,638,639,5,499,637,8,666,505,503,98,96,97,107,355,32,33,145,143,144,364,662
421,482,408,406,428,426,340,319,338,339,314,317,656,413,447,193,191,190,449,189,206,186,227,250,519,551,224,640,222,286,470,468,460,459,11,638,639,5,499,637,8,666,505,503,98,96,97,107,355,32,33,145,143,144,364,662
421,482,409,410,490,340,319,338,339,314,317,656,413,447,193,191,190,188,187,185,183,249,653,250,519,551,521,277,276,286,470,469,460,459,11,638,639,5,499,637,8,666,505,503,98,96,97,109,355,32,33,145,143,144,364,662
421,482,408,406,428,426,427,407,339,314,317,656,413,447,193,191,190,188,187,185,183,249,653,250,519,551,521,277,276,286,470,468,177,461,638,639,5,499,637,8,666,505,503,98,96,97,107,355,32,33,145,143,144,364,662
421,482,408,406,428,426,427,407,339,314,317,656,413,447,193,191,190,188,187,206,186,227,250,519,551,521,277,276,286,470,468,460,459,11,638,639,5,499,637,8,666,505,503,98,96,97,107,355,32,33,145,143,144,364,662
421,482,409,410,426,340,319,318,419,317,656,413,447,193,191,190,449,189,206,186,227,250,519,551,521,277,276,286,470,469,460,459,11,638,639,5,499,637,8,666,505,503,98,96,97,107,355,32,33,145,143,144,364,662
421,482,409,410,490,341,319,338,339,314,317,656,413,447,193,192,229,449,189,206,186,227,250,519,551,224,277,276,286,470,468,460,459,11,638,639,5,499,637,8,666,505,503,98,96,97,107,355,32,33,145,143,144,364,662
421,482,408,406,428,426,340,319,318,419,317,656,413,447,193,192,229,449,189,206,186,227,250,519,551,224,277,276,286,470,468,460,459,11,638,639,5,499,637,8,666,505,503,98,96,97,107,355,32,33,145,143,144,364,662
421,482,408,424,484,404,407,339,314,317,656,413,447,193,191,190,449,189,206,186,227,250,519,551,224,640,222,642,469,460,459,11,638,639,5,499,637,8,666,505,503,98,96,97,109,355,32,33,145,143,144,364,662
421,482,409,410,426,340,319,318,419,317,656,413,447,193,191,190,188,187,185,183,518,517,269,747,225,641,220,221,217,218,182,216,613,565,564,5,499,637,8,666,505,503,98,96,97,107,355,32,33,145,143,144,364,662
421,482,408,406,428,426,340,319,338,339,314,317,656,413,447,193,192,229,449,189,206,186,227,250,519,551,224,277,276,286,470,469,460,459,11,638,639,5,499,637,8,666,505,503,98,96,97,109,355,32,33,145,143,144,364,662
421,482,409,410,490,340,319,318,419,317,656,413,447,193,192,229,449,189,206,186,227,250,519,551,521,277,276,286,470,469,460,459,11,638,639,5,499,637,8,666,505,503,98,96,97,107,355,32,33,145,143,144,364,662
421,482,409,410,490,340,319,318,419,317,656,413,447,193,191,190,449,189,206,186,227,250,519,551,521,277,276,286,470,468,460,459,11,638,639,5,499,637,8,666,505,503,98,96,97,109,355,32,33,145,143,144,364,662
421,482,408,406,428,426,427,407,339,314,317,656,413,447,193,191,190,449,189,206,186,227,250,519,551,521,277,276,286,470,468,177,461,638,639,5,499,637,8,666,505,503,98,96,97,109,355,32,33,145,143,144,364,662
421,482,409,410,426,340,319,338,339,314,317,656,413,447,193,191,190,188,187,185,183,249,653,250,519,551,521,277,276,286,470,469,460,459,11,638,639,5,499,637,8,666,505,503,98,96,97,107,355,32,33,145,143,144,364,662
421,482,409,410,490,340,319,338,339,314,317,656,413,447,193,191,190,188,187,185,183,249,653,250,519,551,521,277,276,286,470,468,460,459,11,638,639,5,499,637,8,666,505,503,98,96,97,109,355,32,33,145,143,144,364,662
421,482,408,406,404,407,339,314,317,656,413,447,193,191,190,449,189,206,186,227,250,519,551,521,277,276,286,470,468,177,461,638,639,5,499,637,8,666,505,503,98,96,97,107,355,32,33,145,143,144,364,662
421,482,409,410,426,340,319,318,419,317,656,413,447,193,191,190,449,189,206,186,227,250,519,551,521,277,276,286,470,468,460,459,11,638,639,5,499,637,8,666,505,503,98,96,97,107,355,32,33,145,143,144,364,662
421,482,408,424,484,404,407,339,314,317,656,413,447,193,191,190,188,187,185,183,518,517,269,747,225,641,220,221,217,218,182,216,613,565,639,5,499,637,8,666,505,503,98,96,97,107,355,32,33,145,143,144,364,662
421,482,409,410,426,340,319,338,339,314,317,656,413,447,193,191,190,449,189,206,186,227,250,519,551,521,277,276,286,470,469,460,459,11,638,639,5,499,637,8,666,505,503,98,96,97,109,355,32,33,145,143,144,364,662
421,482,408,424,484,404,407,339,314,317,656,413,447,193,192,229,449,189,206,186,227,250,519,551,224,640,222,642,469,460,459,11,638,639,5,499,637,8,666,505,503,98,96,97,107,355,32,33,145,143,144,364,662
421,482,408,406,428,426,340,319,338,339,314,317,656,413,447,193,192,229,449,189,206,186,227,250,519,551,224,277,276,286,470,468,460,459,11,638,639,5,499,637,8,666,505,503,98,96,97,109,355,32,33,145,143,144,364,662
421,482,409,410,490,340,319,318,419,317,656,413,447,193,192,229,449,189,206,186,227,250,519,551,521,277,276,286,470,468,460,459,11,638,639,5,499,637,8,666,505,503,98,96,97,107,355,32,33,145,143,144,364,662
421,482,409,410,426,340,319,338,339,314,317,656,413,447,193,191,190,188,187,185,183,518,517,269,747,225,641,220,221,217,218,182,216,613,565,564,5,499,637,8,666,505,503,98,96,97,109,355,32,33,145,143,144,364,662
421,482,409,410,490,340,319,318,419,317,656,413,447,193,191,190,188,187,185,183,518,517,269,747,225,641,220,221,217,218,182,216,613,565,564,581,498,497,499,637,8,666,505,503,98,96,97,109,355,32,33,145,143,144,364,662
421,482,409,410,490,340,319,338,339,314,317,656,413,447,193,192,229,449,189,206,186,227,250,519,551,521,277,276,286,470,469,460,459,11,638,639,5,499,637,8,666,505,503,98,96,97,109,355,32,33,145,143,144,364,662
421,482,408,406,428,426,427,407,339,314,317,656,413,447,193,192,229,449,189,206,186,227,250,519,551,521,277,276,286,470,468,177,461,638,639,5,499,637,8,666,505,503,98,96,97,107,355,32,33,145,143,144,364,662
421,482,409,410,490,341,319,318,316,314,317,656,413,447,193,191,190,188,187,185,183,249,653,250,519,551,521,277,276,286,470,469,460,459,11,638,639,5,499,637,8,666,505,503,98,96,97,107,355,32,33,145,143,144,364,662
421,482,408,406,428,426,340,319,318,316,314,317,656,413,447,193,191,190,188,187,185,183,518,653,250,519,551,521,277,276,286,470,469,460,459,11,638,639,5,499,637,8,666,505,503,98,96,97,107,355,32,33,145,143,144,364,662
421,482,409,410,426,340,319,338,339,314,317,656,413,447,193,191,190,188,187,185,183,249,653,250,519,551,521,277,276,286,470,468,460,459,11,638,639,5,499,637,8,666,505,503,98,96,97,107,355,32,33,145,143,144,364,662
421,482,408,406,404,407,339,314,317,656,413,447,193,191,190,188,187,185,183,518,517,519,551,521,277,276,286,470,469,460,459,11,638,639,5,499,637,8,666,505,503,98,96,97,109,355,32,33,145,143,144,364,662
421,482,409,410,490,340,319,338,339,314,317,656,413,447,193,191,190,449,189,206,186,227,250,519,551,224,640,222,642,469,460,459,11,638,639,5,499,637,8,666,505,503,98,96,97,107,355,32,33,145,143,144,364,662
421,482,408,406,428,426,427,407,339,314,317,656,413,447,193,191,190,188,189,206,186,227,250,519,551,521,277,276,286,470,469,460,459,11,638,639,5,499,637,8,666,505,503,98,96,97,107,355,32,33,145,143,144,364,662
421,482,409,410,490,341,319,318,316,314,317,656,413,447,193,191,190,449,189,206,186,227,250,519,551,521,277,276,286,470,469,460,459,11,638,639,5,499,637,8,666,505,503,98,96,97,109,355,32,33,145,143,144,364,662
421,482,409,410,426,340,319,318,419,317,656,413,447,193,191,190,188,187,185,183,518,517,269,747,225,641,220,221,217,218,182,216,613,565,564,581,498,497,499,637,8,666,505,503,98,96,97,107,355,32,33,145,143,144,364,662
421,482,409,410,426,340,319,338,339,314,317,656,413,447,193,192,229,449,189,206,186,227,250,519,551,521,277,276,286,470,469,460,459,11,638,639,5,499,637,8,666,505,503,98,96,97,107,355,32,33,145,143,144,364,662
421,482,409,410,426,340,319,338,339,314,317,656,413,447,193,191,190,449,189,206,186,227,250,519,551,521,277,276,286,470,468,460,459,11,638,639,5,499,637,8,666,505,503,98,96,97,109,355,32,33,145,143,144,364,662
421,482,409,410,490,341,319,318,316,314,317,656,413,447,193,191,190,188,187,185,183,518,517,269,747,225,641,220,221,217,218,182,216,613,565,564,5,499,637,8,666,505,503,98,96,97,109,355,32,33,145,143,144,364,662
421,482,409,406,428,426,340,319,338,339,314,317,656,413,447,193,191,190,449,189,206,186,227,250,519,551,224,277,276,286,470,469,460,459,11,638,639,5,499,637,8,666,505,503,98,96,97,107,355,32,33,145,143,144,364,662
421,482,408,406,428,426,427,407,339,314,317,656,413,447,193,191,190,188,187,185,186,227,250,519,551,521,277,276,286,470,469,460,459,11,638,639,5,499,637,8,666,505,503,98,96,97,107,355,32,33,145,143,144,364,662
421,482,409,410,490,340,319,338,339,314,317,656,413,447,193,192,229,449,189,206,186,227,250,519,551,521,277,276,286,470,468,460,459,11,638,639,5,499,637,8,666,505,503,98,96,97,109,355,32,33,145,143,144,364,662
421,482,408,406,428,426,340,319,338,339,314,317,656,413,447,193,191,190,188,187,185,183,249,227,250,519,551,521,277,276,286,470,469,460,459,11,638,639,5,499,637,8,666,505,503,98,96,97,107,355,32,33,145,143,144,364,662
421,482,408,406,428,426,427,407,339,314,317,656,413,447,193,191,190,188,187,185,183,518,517,519,551,224,640,222,642,469,460,459,11,638,639,5,499,637,8,666,505,503,98,96,97,107,355,32,33,145,143,144,364,662
421,482,409,410,490,341,319,318,316,314,317,656,413,447,193,191,190,188,187,185,183,249,653,250,519,551,521,277,276,286,470,468,460,459,11,638,639,5,499,637,8,666,505,503,98,96,97,107,355,32,33,145,143,144,364,662
421,482,408,406,428,426,427,407,339,314,317,656,413,447,193,191,190,188,187,185,183,518,653,250,519,551,224,640,222,642,469,460,459,11,638,639,5,499,637,8,666,505,503,98,96,97,109,355,32,33,145,143,144,364,662
421,482,408,406,428,426,427,407,339,314,317,656,413,447,193,191,190,188,187,185,183,518,517,269,747,225,641,220,222,642,469,460,459,11,638,639,5,499,637,8,666,505,503,98,96,97,107,355,32,33,145,143,144,364,662
421,482,408,406,428,426,340,319,318,316,314,317,656,413,447,193,191,190,188,187,185,183,518,653,250,519,551,521,277,276,286,470,468,460,459,11,638,639,5,499,637,8,666,505,503,98,96,97,107,355,32,33,145,143,144,364,662
421,482,408,406,428,426,340,319,318,316,314,317,656,413,447,193,191,190,188,187,185,183,249,653,250,519,551,521,277,276,286,470,469,460,459,11,638,639,5,499,637,8,666,505,503,98,96,97,109,355,32,33,145,143,144,364,662
421,482,408,406,404,407,339,314,317,656,413,447,193,191,190,188,187,185,183,518,517,519,551,521,277,276,286,470,468,460,459,11,638,639,5,499,637,8,666,505,503,98,96,97,109,355,32,33,145,143,144,364,662
421,482,409,410,490,341,319,318,419,317,656,413,447,193,191,190,188,187,185,183,518,517,519,551,521,277,276,286,470,469,460,459,11,638,639,5,499,637,8,666,505,503,98,96,97,107,355,32,33,145,143,144,364,662
421,482,409,410,490,341,319,318,419,317,656,413,447,193,191,190,188,187,185,183,518,653,250,519,551,521,277,276,286,470,469,460,459,11,638,639,5,499,637,8,666,505,503,98,96,97,109,355,32,33,145,143,144,364,662
421,482,408,406,428,426,340,319,338,339,314,317,656,413,447,193,191,190,188,187,206,186,227,250,519,551,521,277,276,286,470,469,460,459,11,638,639,5,499,637,8,666,505,503,98,96,97,107,355,32,33,145,143,144,364,662
421,482,409,410,490,341,319,318,316,314,317,656,413,447,193,192,229,449,189,206,186,227,250,519,551,521,277,276,286,470,469,460,459,11,638,639,5,499,637,8,666,505,503,98,96,97,107,355,32,33,145,143,144,364,662
421,482,408,406,428,426,427,407,339,314,317,656,413,447,193,191,190,188,189,206,186,227,250,519,551,521,277,276,286,470,468,460,459,11,638,639,5,499,637,8,666,505,503,98,96,97,107,355,32,33,145,143,144,364,662
421,482,409,410,490,341,319,318,316,314,317,656,413,447,193,191,190,449,189,206,186,227,250,519,551,521,277,276,286,470,468,460,459,11,638,639,5,499,637,8,666,505,503,98,96,97,109,355,32,33,145,143,144,364,662
421,482,409,410,426,340,319,338,339,314,317,656,413,447,193,192,229,449,189,206,186,227,250,519,551,521,277,276,286,470,468,460,459,11,638,639,5,499,637,8,666,505,503,98,96,97,107,355,32,33,145,143,144,364,662
421,482,409,410,490,341,319,338,339,314,317,656,413,447,193,191,190,449,189,206,186,227,250,519,551,521,277,276,286,470,468,177,461,638,639,5,499,637,8,666,505,503,98,96,97,107,355,32,33,145,143,144,364,662
421,482,408,406,404,407,339,314,317,656,413,447,193,191,190,188,187,185,183,518,653,250,519,551,224,640,222,642,469,460,459,11,638,639,5,499,637,8,666,505,503,98,96,97,107,355,32,33,145,143,144,364,662
421,482,409,410,426,340,319,338,339,314,317,656,413,447,193,191,190,188,187,185,183,518,517,269,747,225,641,220,221,217,218,182,216,613,565,564,581,498,497,499,637,8,666,505,503,98,96,97,109,355,32,33,145,143,144,364,662
421,482,408,406,428,426,340,319,318,419,317,656,413,447,193,191,190,449,189,206,186,227,250,519,551,521,277,276,286,470,468,177,461,638,639,5,499,637,8,666,505,503,98,96,97,107,355,32,33,145,143,144,364,662
421,482,409,406,428,426,340,319,338,339,314,317,656,413,447,193,191,190,449,189,206,186,227,250,519,551,224,277,276,286,470,468,460,459,11,638,639,5,499,637,8,666,505,503,98,96,97,107,355,32,33,145,143,144,364,662
421,482,408,406,428,426,427,407,339,314,317,656,413,447,193,191,190,188,187,185,186,227,250,519,551,521,277,276,286,470,468,460,459,11,638,639,5,499,637,8,666,505,503,98,96,97,107,355,32,33,145,143,144,364,662
421,482,408,406,428,426,340,319,338,339,314,317,656,413,447,193,191,190,188,187,185,183,249,227,250,519,551,521,277,276,286,470,468,460,459,11,638,639,5,499,637,8,666,505,503,98,96,97,107,355,32,33,145,143,144,364,662
421,482,408,406,428,426,340,319,318,316,314,317,656,413,447,193,191,190,188,187,185,183,249,653,250,519,551,521,277,276,286,470,468,460,459,11,638,639,5,499,637,8,666,505,503,98,96,97,109,355,32,33,145,143,144,364,662
421,482,409,410,490,341,320,318,316,314,317,656,413,447,193,191,190,449,189,206,186,227,250,519,551,521,277,276,286,470,469,460,459,11,638,639,5,499,637,8,666,505,503,98,96,97,107,355,32,33,145,143,144,364,662
421,482,409,410,490,341,319,318,419,317,656,413,447,193,191,190,188,187,185,183,518,517,519,551,521,277,276,286,470,468,460,459,11,638,639,5,499,637,8,666,505,503,98,96,97,107,355,32,33,145,143,144,364,662
421,482,408,406,428,426,340,319,338,339,314,317,656,413,447,193,191,190,188,187,185,183,249,653,250,519,551,521,277,276,286,470,468,177,461,638,639,5,499,637,8,666,505,503,98,96,97,107,355,32,33,145,143,144,364,662
421,482,409,410,490,341,319,318,419,317,656,413,447,193,191,190,188,187,185,183,518,653,250,519,551,521,277,276,286,470,468,460,459,11,638,639,5,499,637,8,666,505,503,98,96,97,109,355,32,33,145,143,144,364,662
421,482,408,406,428,426,340,319,338,339,314,317,656,413,447,193,191,190,188,187,206,186,227,250,519,551,521,277,276,286,470,468,460,459,11,638,639,5,499,637,8,666,505,503,98,96,97,107,355,32,33,145,143,144,364,662
421,482,409,410,490,341,319,338,339,314,317,656,413,447,193,191,190,188,187,185,183,518,517,519,551,521,277,276,286,470,469,460,459,11,638,639,5,499,637,8,666,505,503,98,96,97,109,355,32,33,145,143,144,364,662
421,482,408,406,428,426,340,319,318,419,317,656,413,447,193,191,190,188,187,185,183,518,517,519,551,521,277,276,286,470,469,460,459,11,638,639,5,499,637,8,666,505,503,98,96,97,109,355,32,33,145,143,144,364,662
421,482,409,410,490,341,319,318,316,314,317,656,413,447,193,192,229,449,189,206,186,227,250,519,551,521,277,276,286,470,468,460,459,11,638,639,5,499,637,8,666,505,503,98,96,97,107,355,32,33,145,143,144,364,662
421,482,409,410,490,341,320,318,316,314,317,656,413,447,193,191,190,188,187,185,183,518,517,269,747,225,641,220,221,217,218,182,216,613,565,564,5,499,637,8,666,505,503,98,96,97,107,355,32,33,145,143,144,364,662
421,482,408,406,428,426,427,407,339,314,317,656,413,447,193,191,190,188,187,185,183,518,517,269,747,225,641,220,221,642,469,460,459,11,638,639,5,499,637,8,666,505,503,98,96,97,107,355,32,33,145,143,144,364,662
421,482,408,424,484,404,407,339,314,317,656,413,447,193,191,190,188,187,185,183,249,653,250,519,551,224,277,276,286,470,469,460,459,11,638,639,5,499,637,8,666,505,503,98,96,97,107,355,32,33,145,143,144,364,662
421,482,409,410,490,341,319,318,316,314,317,656,413,447,193,191,190,188,187,185,183,518,517,269,747,225,641,220,221,217,218,182,216,613,565,564,581,498,497,499,637,8,666,505,503,98,96,97,109,355,32,33,145,143,144,364,662
421,482,408,406,428,426,340,319,318,316,314,317,656,413,447,193,192,229,449,189,206,186,227,250,519,551,521,277,276,286,470,469,460,459,11,638,639,5,499,637,8,666,505,503,98,96,97,109,355,32,33,145,143,144,364,662
421,482,409,406,428,426,427,407,339,314,317,656,413,447,193,191,190,188,187,185,183,518,517,519,551,521,277,276,286,470,469,460,459,11,638,639,5,499,637,8,666,505,503,98,96,97,107,355,32,33,145,143,144,364,662
421,482,408,406,404,407,339,314,317,656,413,447,193,191,190,188,187,185,183,249,653,250,519,551,224,640,222,642,469,460,459,11,638,639,5,499,637,8,666,505,503,98,96,97,109,355,32,33,145,143,144,364,662
421,482,409,406,428,426,427,407,339,314,317,656,413,447,193,191,190,188,187,185,183,518,653,250,519,551,521,277,276,286,470,469,460,459,11,638,639,5,499,637,8,666,505,503,98,96,97,109,355,32,33,145,143,144,364,662
421,482,408,406,428,426,340,319,338,339,314,317,656,413,447,193,191,190,449,189,206,186,227,250,519,551,521,277,276,286,470,468,177,461,638,639,5,499,637,8,666,505,503,98,96,97,109,355,32,33,145,143,144,364,662
421,482,408,424,484,404,407,339,314,317,656,413,447,193,191,190,449,189,206,186,227,250,519,551,224,277,276,286,470,469,460,459,11,638,639,5,499,637,8,666,505,503,98,96,97,109,355,32,33,145,143,144,364,662
421,482,408,406,428,426,340,319,318,316,314,317,656,413,447,193,191,190,449,189,206,186,227,250,519,551,224,640,222,642,469,460,459,11,638,639,5,499,637,8,666,505,503,98,96,97,107,355,32,33,145,143,144,364,662
421,482,409,410,490,341,320,318,419,317,656,413,447,193,191,190,188,187,185,183,518,653,250,519,551,521,277,276,286,470,469,460,459,11,638,639,5,499,637,8,666,505,503,98,96,97,107,355,32,33,145,143,144,364,662
421,482,409,410,490,341,320,318,316,314,317,656,413,447,193,191,190,449,189,206,186,227,250,519,551,521,277,276,286,470,468,460,459,11,638,639,5,499,637,8,666,505,503,98,96,97,107,355,32,33,145,143,144,364,662
421,482,409,406,404,407,339,314,317,656,413,447,193,191,190,188,187,185,183,518,653,250,519,551,521,277,276,286,470,469,460,459,11,638,639,5,499,637,8,666,505,503,98,96,97,107,355,32,33,145,143,144,364,662
421,482,409,410,490,341,319,338,339,314,317,656,413,447,193,191,190,188,187,185,183,518,517,519,551,521,277,276,286,470,468,460,459,11,638,639,5,499,637,8,666,505,503,98,96,97,109,355,32,33,145,143,144,364,662
421,482,409,410,490,341,320,321,411,419,317,656,413,447,193,191,190,188,187,185,183,249,653,250,519,551,521,277,276,286,470,469,460,459,11,638,639,5,499,637,8,666,505,503,98,96,97,107,355,32,33,145,143,144,364,662
421,482,408,406,428,426,340,319,318,419,317,656,413,447,193,191,190,188,187,185,183,518,517,519,551,521,277,276,286,470,468,460,459,11,638,639,5,499,637,8,666,505,503,98,96,97,109,355,32,33,145,143,144,364,662
421,482,408,424,484,404,407,339,314,317,656,413,447,193,191,190,188,187,185,183,249,653,250,519,551,224,277,276,286,470,468,460,459,11,638,639,5,499,637,8,666,505,503,98,96,97,107,355,32,33,145,143,144,364,662
421,482,408,406,428,426,340,319,318,316,314,317,656,413,447,193,192,229,449,189,206,186,227,250,519,551,521,277,276,286,470,468,460,459,11,638,639,5,499,637,8,666,505,503,98,96,97,109,355,32,33,145,143,144,364,662
421,482,409,406,428,426,427,407,339,314,317,656,413,447,193,191,190,188,187,185,183,518,517,519,551,521,277,276,286,470,468,460,459,11,638,639,5,499,637,8,666,505,503,98,96,97,107,355,32,33,145,143,144,364,662
421,482,408,406,428,426,340,319,338,339,314,317,656,413,447,193,192,229,449,189,206,186,227,250,519,551,521,277,276,286,470,468,177,461,638,639,5,499,637,8,666,505,503,98,96,97,107,355,32,33,145,143,144,364,662
421,482,409,410,490,341,319,338,339,314,317,656,413,447,193,191,190,188,187,185,183,518,653,250,519,551,224,640,222,642,469,460,459,11,638,639,5,499,637,8,666,505,503,98,96,97,107,355,32,33,145,143,144,364,662
421,482,409,410,490,341,319,318,419,317,656,413,447,193,191,190,188,187,185,183,249,653,250,519,551,224,640,222,642,469,460,459,11,638,639,5,499,637,8,666,505,503,98,96,97,107,355,32,33,145,143,144,364,662
421,482,409,406,428,426,427,407,339,314,317,656,413,447,193,191,190,188,187,185,183,518,653,250,519,551,521,277,276,286,470,468,460,459,11,638,639,5,499,637,8,666,505,503,98,96,97,109,355,32,33,145,143,144,364,662
421,482,408,406,428,426,340,319,318,419,317,656,413,447,193,191,190,188,187,185,183,518,653,250,519,551,224,640,222,642,469,460,459,11,638,639,5,499,637,8,666,505,503,98,96,97,107,355,32,33,145,143,144,364,662
421,482,409,410,490,341,320,321,411,419,317,656,413,447,193,191,190,449,189,206,186,227,250,519,551,521,277,276,286,470,469,460,459,11,638,639,5,499,637,8,666,505,503,98,96,97,109,355,32,33,145,143,144,364,662
421,482,408,424,484,404,407,339,314,317,656,413,447,193,192,229,449,189,206,186,227,250,519,551,224,277,276,286,470,469,460,459,11,638,639,5,499,637,8,666,505,503,98,96,97,107,355,32,33,145,143,144,364,662
421,482,408,424,484,404,407,339,314,317,656,413,447,193,191,190,449,189,206,186,227,250,519,551,224,277,276,286,470,468,460,459,11,638,639,5,499,637,8,666,505,503,98,96,97,109,355,32,33,145,143,144,364,662
421,482,408,406,404,407,339,314,317,656,413,447,193,191,190,188,187,185,183,518,517,269,747,225,641,220,221,217,218,182,216,613,565,639,5,499,637,8,666,505,503,98,96,97,109,355,32,33,145,143,144,364,662
421,482,409,410,490,341,320,318,419,317,656,413,447,193,191,190,188,187,185,183,518,653,250,519,551,521,277,276,286,470,468,460,459,11,638,639,5,499,637,8,666,505,503,98,96,97,107,355,32,33,145,143,144,364,662
421,482,409,410,490,341,320,321,411,419,317,656,413,447,193,191,190,188,187,185,183,518,517,269,747,225,641,220,221,217,218,182,216,613,565,564,5,499,637,8,666,505,503,98,96,97,109,355,32,33,145,143,144,364,662
421,482,409,410,490,341,320,318,419,317,656,413,447,193,191,190,188,187,185,183,249,653,250,519,551,521,277,276,286,470,469,460,459,11,638,639,5,499,637,8,666,505,503,98,96,97,109,355,32,33,145,143,144,364,662
421,482,408,406,404,407,339,314,317,656,413,447,193,192,229,449,189,206,186,227,250,519,551,224,640,222,642,469,460,459,11,638,639,5,499,637,8,666,505,503,98,96,97,109,355,32,33,145,143,144,364,662
421,482,409,410,490,341,319,318,419,317,656,413,447,193,191,190,449,189,206,186,227,250,519,551,224,640,222,642,469,460,459,11,638,639,5,499,637,8,666,505,503,98,96,97,109,355,32,33,145,143,144,364,662
421,482,409,410,490,341,320,318,316,314,317,656,413,447,193,191,190,188,187,185,183,518,517,269,747,225,641,220,221,217,218,182,216,613,565,564,581,498,497,499,637,8,666,505,503,98,96,97,107,355,32,33,145,143,144,364,662
421,482,408,406,428,426,340,319,338,339,314,317,656,413,447,193,191,190,188,189,206,186,227,250,519,551,521,277,276,286,470,469,460,459,11,638,639,5,499,637,8,666,505,503,98,96,97,107,355,32,33,145,143,144,364,662
421,482,409,406,404,407,339,314,317,656,413,447,193,191,190,188,187,185,183,518,653,250,519,551,521,277,276,286,470,468,460,459,11,638,639,5,499,637,8,666,505,503,98,96,97,107,355,32,33,145,143,144,364,662
421,482,409,406,404,407,339,314,317,656,413,447,193,191,190,188,187,185,183,249,653,250,519,551,521,277,276,286,470,469,460,459,11,638,639,5,499,637,8,666,505,503,98,96,97,109,355,32,33,145,143,144,364,662
421,482,409,410,490,341,320,321,411,419,317,656,413,447,193,191,190,188,187,185,183,249,653,250,519,551,521,277,276,286,470,468,460,459,11,638,639,5,499,637,8,666,505,503,98,96,97,107,355,32,33,145,143,144,364,662
421,482,409,410,490,340,319,338,339,314,317,656,413,447,193,191,190,449,189,206,186,227,250,519,551,224,277,276,286,470,469,460,459,11,638,639,5,499,637,8,666,505,503,98,96,97,107,355,32,33,145,143,144,364,662
421,482,409,406,428,426,340,319,318,316,314,317,656,413,447,193,191,190,449,189,206,186,227,250,519,551,521,277,276,286,470,469,460,459,11,638,639,5,499,637,8,666,505,503,98,96,97,107,355,32,33,145,143,144,364,662
421,482,408,406,428,426,340,319,338,339,314,317,656,413,447,193,191,190,188,187,185,186,227,250,519,551,521,277,276,286,470,469,460,459,11,638,639,5,499,637,8,666,505,503,98,96,97,107,355,32,33,145,143,144,364,662
421,482,409,410,490,341,320,321,411,419,317,656,413,447,193,192,229,449,189,206,186,227,250,519,551,521,277,276,286,470,469,460,459,11,638,639,5,499,637,8,666,505,503,98,96,97,107,355,32,33,145,143,144,364,662
421,482,409,410,490,341,319,338,339,314,317,656,413,447,193,191,190,188,187,185,183,249,653,250,519,551,224,640,222,642,469,460,459,11,638,639,5,499,637,8,666,505,503,98,96,97,109,355,32,33,145,143,144,364,662
421,482,408,406,428,426,340,319,338,339,314,317,656,413,447,193,191,190,188,187,185,183,518,517,519,551,224,640,222,642,469,460,459,11,638,639,5,499,637,8,666,505,503,98,96,97,107,355,32,33,145,143,144,364,662
421,482,409,410,490,341,320,321,411,419,317,656,413,447,193,191,190,449,189,206,186,227,250,519,551,521,277,276,286,470,468,460,459,11,638,639,5,499,637,8,666,505,503,98,96,97,109,355,32,33,145,143,144,364,662
421,482,409,406,428,426,340,319,318,316,314,317,656,413,447,193,191,190,188,187,185,183,518,517,269,747,225,641,220,221,217,218,182,216,613,565,564,5,499,637,8,666,505,503,98,96,97,107,355,32,33,145,143,144,364,662
421,482,408,406,428,426,340,319,338,339,314,317,656,413,447,193,191,190,188,187,185,183,518,653,250,519,551,224,640,222,642,469,460,459,11,638,639,5,499,637,8,666,505,503,98,96,97,109,355,32,33,145,143,144,364,662
421,482,408,406,428,426,340,319,318,419,317,656,413,447,193,191,190,188,187,185,183,249,653,250,519,551,224,640,222,642,469,460,459,11,638,639,5,499,637,8,666,505,503,98,96,97,109,355,32,33,145,143,144,364,662
421,482,408,406,428,426,340,319,338,339,314,317,656,413,447,193,191,190,188,187,185,183,518,517,269,747,225,641,220,222,642,469,460,459,11,638,639,5,499,637,8,666,505,503,98,96,97,107,355,32,33,145,143,144,364,662
421,482,408,424,484,404,407,339,314,317,656,413,447,193,192,229,449,189,206,186,227,250,519,551,224,277,276,286,470,468,460,459,11,638,639,5,499,637,8,666,505,503,98,96,97,107,355,32,33,145,143,144,364,662
421,482,409,410,490,341,319,318,419,317,656,413,447,193,191,190,188,187,185,183,518,517,269,747,225,641,220,221,217,218,182,216,613,565,639,5,499,637,8,666,505,503,98,96,97,107,355,32,33,145,143,144,364,662
421,482,409,410,490,341,320,318,419,317,656,413,447,193,191,190,188,187,185,183,249,653,250,519,551,521,277,276,286,470,468,460,459,11,638,639,5,499,637,8,666,505,503,98,96,97,109,355,32,33,145,143,144,364,662
421,482,409,406,428,426,427,407,339,314,317,656,413,447,193,191,190,188,187,185,183,249,653,250,519,551,224,640,222,642,469,460,459,11,638,639,5,499,637,8,666,505,503,98,96,97,107,355,32,33,145,143,144,364,662
421,482,409,410,490,341,319,318,419,317,656,413,447,193,192,229,449,189,206,186,227,250,519,551,224,640,222,642,469,460,459,11,638,639,5,499,637,8,666,505,503,98,96,97,107,355,32,33,145,143,144,364,662
421,482,408,406,428,426,427,407,339,314,317,656,413,447,193,191,190,188,187,185,183,518,517,519,551,224,277,276,286,470,469,460,459,11,638,639,5,499,637,8,666,505,503,98,96,97,107,355,32,33,145,143,144,364,662
421,482,408,406,428,426,427,407,339,314,317,656,413,447,193,191,190,188,187,185,183,249,653,250,519,551,224,640,222,642,219,459,11,638,639,5,499,637,8,666,505,503,98,96,97,107,355,32,33,145,143,144,364,662
421,482,408,406,428,426,427,407,339,314,317,656,413,447,193,191,190,188,187,185,183,518,653,250,519,551,224,277,276,286,470,469,460,459,11,638,639,5,499,637,8,666,505,503,98,96,97,109,355,32,33,145,143,144,364,662
421,482,408,406,428,426,340,319,338,339,314,317,656,413,447,193,191,190,188,189,206,186,227,250,519,551,521,277,276,286,470,468,460,459,11,638,639,5,499,637,8,666,505,503,98,96,97,107,355,32,33,145,143,144,364,662
421,482,409,406,404,407,339,314,317,656,413,447,193,191,190,188,187,185,183,249,653,250,519,551,521,277,276,286,470,468,460,459,11,638,639,5,499,637,8,666,505,503,98,96,97,109,355,32,33,145,143,144,364,662
421,482,409,410,490,340,319,338,339,314,317,656,413,447,193,191,190,449,189,206,186,227,250,519,551,224,277,276,286,470,468,460,459,11,638,639,5,499,637,8,666,505,503,98,96,97,107,355,32,33,145,143,144,364,662
421,482,409,406,428,426,340,319,318,419,317,656,413,447,193,191,190,188,187,185,183,518,653,250,519,551,521,277,276,286,470,469,460,459,11,638,639,5,499,637,8,666,505,503,98,96,97,107,355,32,33,145,143,144,364,662
421,482,409,410,490,341,320,318,419,317,656,413,447,193,192,229,449,189,206,186,227,250,519,551,521,277,276,286,470,469,460,459,11,638,639,5,499,637,8,666,505,503,98,96,97,109,355,32,33,145,143,144,364,662
421,482,409,406,428,426,427,407,339,314,317,656,413,447,193,191,190,449,189,206,186,227,250,519,551,224,640,222,642,469,460,459,11,638,639,5,499,637,8,666,505,503,98,96,97,109,355,32,33,145,143,144,364,662
421,482,409,406,428,426,340,319,318,316,314,317,656,413,447,193,191,190,449,189,206,186,227,250,519,551,521,277,276,286,470,468,460,459,11,638,639,5,499,637,8,666,505,503,98,96,97,107,355,32,33,145,143,144,364,662
421,482,408,406,428,426,427,407,339,314,317,656,413,447,193,191,190,449,189,206,186,227,250,519,551,521,277,276,286,470,468,469,460,459,11,638,639,5,499,637,8,666,505,503,98,96,97,107,355,32,33,145,143,144,364,662
421,482,408,406,428,426,427,407,339,314,317,656,413,447,193,191,190,449,189,206,186,227,250,519,551,224,640,222,642,219,459,11,638,639,5,499,637,8,666,505,503,98,96,97,109,355,32,33,145,143,144,364,662
421,482,408,406,428,426,340,319,338,339,314,317,656,413,447,193,191,190,188,187,185,186,227,250,519,551,521,277,276,286,470,468,460,459,11,638,639,5,499,637,8,666,505,503,98,96,97,107,355,32,33,145,143,144,364,662
421,482,409,406,404,407,339,314,317,656,413,447,193,192,229,449,189,206,186,227,250,519,551,521,277,276,286,470,469,460,459,11,638,639,5,499,637,8,666,505,503,98,96,97,109,355,32,33,145,143,144,364,662
421,482,409,410,490,341,320,321,411,419,317,656,413,447,193,192,229,449,189,206,186,227,250,519,551,521,277,276,286,470,468,460,459,11,638,639,5,499,637,8,666,505,503,98,96,97,107,355,32,33,145,143,144,364,662
421,482,408,406,404,407,339,314,317,656,413,447,193,191,190,188,187,185,183,518,653,250,519,551,224,277,276,286,470,469,460,459,11,638,639,5,499,637,8,666,505,503,98,96,97,107,355,32,33,145,143,144,364,662
421,482,409,410,490,341,320,321,411,419,317,656,413,447,193,191,190,188,187,185,183,518,517,269,747,225,641,220,221,217,218,182,216,613,565,564,581,498,497,499,637,8,666,505,503,98,96,97,109,355,32,33,145,143,144,364,662
421,482,408,406,428,426,427,407,339,314,317,656,413,447,193,191,190,188,187,185,183,249,653,250,519,551,224,640,222,286,470,469,460,459,11,638,639,5,499,637,8,666,505,503,98,96,97,107,355,32,33,145,143,144,364,662
421,482,409,410,490,341,320,318,419,317,656,413,447,193,191,190,449,189,206,186,227,250,519,551,224,640,222,642,469,460,459,11,638,639,5,499,637,8,666,505,503,98,96,97,107,355,32,33,145,143,144,364,662
421,482,408,406,428,426,427,407,339,314,317,656,413,447,193,191,190,449,189,206,186,227,250,519,551,521,277,276,286,470,469,460,459,11,638,639,5,499,637,8,666,505,503,98,96,97,107,355,362,708,33,145,143,144,364,662
421,482,409,410,490,341,319,338,339,314,317,656,413,447,193,191,190,188,187,185,183,518,517,269,747,225,641,220,221,217,218,182,216,613,565,639,5,499,637,8,666,505,503,98,96,97,109,355,32,33,145,143,144,364,662
421,482,408,406,428,426,340,319,318,419,317,656,413,447,193,191,190,188,187,185,183,518,517,269,747,225,641,220,221,217,218,182,216,613,565,639,5,499,637,8,666,505,503,98,96,97,109,355,32,33,145,143,144,364,662
421,482,409,406,404,407,339,314,317,656,413,447,193,191,190,449,189,206,186,227,250,519,551,224,640,222,642,469,460,459,11,638,639,5,499,637,8,666,505,503,98,96,97,107,355,32,33,145,143,144,364,662
421,482,408,406,428,426,427,407,339,314,317,656,413,447,193,191,190,188,187,185,183,518,517,269,747,225,641,220,221,217,218,182,216,613,565,564,5,499,637,8,666,505,503,98,96,97,107,355,362,708,33,145,143,144,364,662
421,482,408,406,428,426,427,407,339,314,317,656,413,447,193,191,190,188,187,185,183,518,517,519,551,224,277,276,286,470,468,460,459,11,638,639,5,499,637,8,666,505,503,98,96,97,107,355,32,33,145,143,144,364,662
421,482,409,410,490,341,319,338,339,314,317,656,413,447,193,192,229,449,189,206,186,227,250,519,551,224,640,222,642,469,460,459,11,638,639,5,499,637,8,666,505,503,98,96,97,109,355,32,33,145,143,144,364,662
421,482,408,406,428,426,427,407,339,314,317,656,413,447,193,191,190,188,187,185,183,518,653,250,519,551,224,277,276,286,470,468,460,459,11,638,639,5,499,637,8,666,505,503,98,96,97,109,355,32,33,145,143,144,364,662
421,482,408,406,404,407,339,314,317,656,413,447,193,191,190,449,189,206,186,227,250,519,551,224,640,222,642,219,459,11,638,639,5,499,637,8,666,505,503,98,96,97,107,355,32,33,145,143,144,364,662
421,482,408,406,428,426,340,319,338,339,314,317,656,413,447,193,191,190,188,187,185,183,518,517,269,747,225,641,220,221,642,469,460,459,11,638,639,5,499,637,8,666,505,503,98,96,97,107,355,32,33,145,143,144,364,662
421,482,408,406,428,426,340,319,318,419,317,656,413,447,193,192,229,449,189,206,186,227,250,519,551,224,640,222,642,469,460,459,11,638,639,5,499,637,8,666,505,503,98,96,97,109,355,32,33,145,143,144,364,662
421,482,408,406,428,426,427,407,339,314,317,656,413,447,193,191,190,449,189,206,186,227,250,519,551,224,640,222,286,470,469,460,459,11,638,639,5,499,637,8,666,505,503,98,96,97,109,355,32,33,145,143,144,364,662
421,482,409,406,428,426,427,407,339,314,317,656,413,447,193,191,190,188,187,185,183,518,517,269,747,225,641,220,221,217,218,182,216,613,565,639,5,499,637,8,666,505,503,98,96,97,107,355,32,33,145,143,144,364,662
421,482,409,406,428,426,340,319,318,419,317,656,413,447,193,191,190,188,187,185,183,518,653,250,519,551,521,277,276,286,470,468,460,459,11,638,639,5,499,637,8,666,505,503,98,96,97,107,355,32,33,145,143,144,364,662
421,482,409,406,428,426,340,319,338,339,314,317,656,413,447,193,191,190,188,187,185,183,518,517,519,551,521,277,276,286,470,469,460,459,11,638,639,5,499,637,8,666,505,503,98,96,97,107,355,32,33,145,143,144,364,662
421,482,409,406,428,426,340,319,338,339,314,317,656,413,447,193,191,190,188,187,185,183,518,653,250,519,551,521,277,276,286,470,469,460,459,11,638,639,5,499,637,8,666,505,503,98,96,97,109,355,32,33,145,143,144,364,662
421,482,409,410,490,341,320,318,419,317,656,413,447,193,192,229,449,189,206,186,227,250,519,551,521,277,276,286,470,468,460,459,11,638,639,5,499,637,8,666,505,503,98,96,97,109,355,32,33,145,143,144,364,662
421,482,409,406,428,426,427,407,339,314,317,656,413,447,193,192,229,449,189,206,186,227,250,519,551,224,640,222,642,469,460,459,11,638,639,5,499,637,8,666,505,503,98,96,97,107,355,32,33,145,143,144,364,662
421,482,409,406,428,426,340,319,318,419,317,656,413,447,193,191,190,188,187,185,183,249,653,250,519,551,521,277,276,286,470,469,460,459,11,638,639,5,499,637,8,666,505,503,98,96,97,109,355,32,33,145,143,144,364,662
421,482,409,406,428,426,340,319,318,316,314,317,656,413,447,193,191,190,188,187,185,183,518,517,269,747,225,641,220,221,217,218,182,216,613,565,564,581,498,497,499,637,8,666,505,503,98,96,97,107,355,32,33,145,143,144,364,662
421,482,408,406,428,426,427,407,339,314,317,656,413,447,193,192,229,449,189,206,186,227,250,519,551,224,640,222,642,219,459,11,638,639,5,499,637,8,666,505,503,98,96,97,107,355,32,33,145,143,144,364,662
421,482,409,406,404,407,339,314,317,656,413,447,193,192,229,449,189,206,186,227,250,519,551,521,277,276,286,470,468,460,459,11,638,639,5,499,637,8,666,505,503,98,96,97,109,355,32,33,145,143,144,364,662
421,482,408,406,404,407,339,314,317,656,413,447,193,191,190,188,187,185,183,518,653,250,519,551,224,277,276,286,470,468,460,459,11,638,639,5,499,637,8,666,505,503,98,96,97,107,355,32,33,145,143,144,364,662
421,482,408,406,404,407,339,314,317,656,413,447,193,191,190,188,187,185,183,249,653,250,519,551,224,277,276,286,470,469,460,459,11,638,639,5,499,637,8,666,505,503,98,96,97,109,355,32,33,145,143,144,364,662
421,482,408,406,428,426,427,407,339,314,317,656,413,447,193,191,190,188,187,185,183,249,653,250,519,551,224,640,222,286,470,468,460,459,11,638,639,5,499,637,8,666,505,503,98,96,97,107,355,32,33,145,143,144,364,662
421,482,408,406,404,407,339,314,317,656,413,447,193,191,190,449,189,206,186,227,250,519,551,224,640,222,286,470,469,460,459,11,638,639,5,499,637,8,666,505,503,98,96,97,107,355,32,33,145,143,144,364,662
421,482,408,406,428,426,427,407,339,314,317,656,413,447,193,191,190,449,189,206,186,227,250,519,551,521,277,276,286,470,468,460,459,11,638,639,5,499,637,8,666,505,503,98,96,97,107,355,362,708,33,145,143,144,364,662
421,482,409,410,426,427,407,339,314,317,656,413,447,193,191,190,188,187,185,183,518,653,250,519,551,521,277,276,286,470,469,460,459,11,638,639,5,499,637,8,666,505,503,98,96,97,107,355,32,33,145,143,144,364,662
421,482,408,406,428,426,340,319,318,316,314,317,656,413,447,193,191,190,449,189,206,186,227,250,519,551,224,277,276,286,470,469,460,459,11,638,639,5,499,637,8,666,505,503,98,96,97,107,355,32,33,145,143,144,364,662
421,482,408,406,428,426,427,407,339,314,317,656,413,447,193,192,229,449,189,206,186,227,250,519,551,224,640,222,286,470,469,460,459,11,638,639,5,499,637,8,666,505,503,98,96,97,107,355,32,33,145,143,144,364,662
421,482,408,406,428,426,427,407,339,314,317,656,413,447,193,191,190,449,189,206,186,227,250,519,551,224,640,222,286,470,468,460,459,11,638,639,5,499,637,8,666,505,503,98,96,97,109,355,32,33,145,143,144,364,662
421,482,409,406,428,426,340,319,338,339,314,317,656,413,447,193,191,190,188,187,185,183,518,517,519,551,521,277,276,286,470,468,460,459,11,638,639,5,499,637,8,666,505,503,98,96,97,107,355,32,33,145,143,144,364,662
421,482,409,406,428,426,340,319,338,339,314,317,656,413,447,193,191,190,188,187,185,183,518,653,250,519,551,521,277,276,286,470,468,460,459,11,638,639,5,499,637,8,666,505,503,98,96,97,109,355,32,33,145,143,144,364,662
421,482,409,406,428,426,340,319,318,419,317,656,413,447,193,191,190,188,187,185,183,249,653,250,519,551,521,277,276,286,470,468,460,459,11,638,639,5,499,637,8,666,505,503,98,96,97,109,355,32,33,145,143,144,364,662
421,482,408,424,484,404,407,339,314,317,656,413,447,193,191,190,449,189,206,186,227,250,519,551,521,277,276,286,470,468,177,461,638,639,5,499,637,8,666,505,503,98,96,97,107,355,32,33,145,143,144,364,662
421,482,409,410,490,341,319,338,339,314,317,656,413,447,193,191,190,188,187,185,183,518,653,250,519,551,224,277,276,286,470,469,460,459,11,638,639,5,499,637,8,666,505,503,98,96,97,107,355,32,33,145,143,144,364,662
421,482,408,406,404,407,339,314,317,656,413,447,193,191,190,188,187,185,183,249,653,250,519,551,224,277,276,286,470,468,460,459,11,638,639,5,499,637,8,666,505,503,98,96,97,109,355,32,33,145,143,144,364,662
421,482,409,410,490,341,319,318,419,317,656,413,447,193,191,190,188,187,185,183,249,653,250,519,551,224,277,276,286,470,469,460,459,11,638,639,5,499,637,8,666,505,503,98,96,97,107,355,32,33,145,143,144,364,662
421,482,408,406,404,407,339,314,317,656,413,447,193,191,190,449,189,206,186,227,250,519,551,224,640,222,286,470,468,460,459,11,638,639,5,499,637,8,666,505,503,98,96,97,107,355,32,33,145,143,144,364,662
421,482,409,406,428,426,340,319,318,419,317,656,413,447,193,192,229,449,189,206,186,227,250,519,551,521,277,276,286,470,469,460,459,11,638,639,5,499,637,8,666,505,503,98,96,97,109,355,32,33,145,143,144,364,662
421,482,408,406,428,426,340,319,318,419,317,656,413,447,193,191,190,188,187,185,183,518,653,250,519,551,224,277,276,286,470,469,460,459,11,638,639,5,499,637,8,666,505,503,98,96,97,107,355,32,33,145,143,144,364,662
421,482,408,406,428,426,427,407,339,314,317,656,413,447,193,191,190,188,187,185,183,518,517,269,747,225,641,220,221,217,218,182,216,613,565,564,581,498,497,499,637,8,666,505,503,98,96,97,107,355,362,708,33,145,143,144,364,662
421,482,409,410,426,427,407,339,314,317,656,413,447,193,191,190,188,187,185,183,518,653,250,519,551,521,277,276,286,470,468,460,459,11,638,639,5,499,637,8,666,505,503,98,96,97,107,355,32,33,145,143,144,364,662
421,482,409,410,426,427,407,339,314,317,656,413,447,193,191,190,188,187,185,183,249,653,250,519,551,521,277,276,286,470,469,460,459,11,638,639,5,499,637,8,666,505,503,98,96,97,109,355,32,33,145,143,144,364,662
421,482,408,406,428,426,340,319,318,316,314,317,656,413,447,193,191,190,449,189,206,186,227,250,519,551,224,277,276,286,470,468,460,459,11,638,639,5,499,637,8,666,505,503,98,96,97,107,355,32,33,145,143,144,364,662
421,482,409,410,490,340,319,318,316,314,317,656,413,447,193,191,190,449,189,206,186,227,250,519,551,521,277,276,286,470,469,460,459,11,638,639,5,499,637,8,666,505,503,98,96,97,107,355,32,33,145,143,144,364,662
421,482,408,406,404,407,339,314,317,656,413,447,193,192,229,449,189,206,186,227,250,519,551,224,277,276,286,470,469,460,459,11,638,639,5,499,637,8,666,505,503,98,96,97,109,355,32,33,145,143,144,364,662
421,482,408,406,428,426,427,407,339,314,317,656,413,447,193,192,229,449,189,206,186,227,250,519,551,224,640,222,286,470,468,460,459,11,638,639,5,499,637,8,666,505,503,98,96,97,107,355,32,33,145,143,144,364,662
421,482,409,406,428,426,340,319,318,419,317,656,413,447,193,191,190,449,189,206,186,227,250,519,551,224,640,222,642,469,460,459,11,638,639,5,499,637,8,666,505,503,98,96,97,107,355,32,33,145,143,144,364,662
421,482,409,410,490,341,319,338,339,314,317,656,413,447,193,191,190,449,189,206,186,227,250,519,551,224,640,222,642,219,459,11,638,639,5,499,637,8,666,505,503,98,96,97,107,355,32,33,145,143,144,364,662
421,482,409,410,490,341,319,318,419,317,656,413,447,193,191,190,449,189,206,186,227,250,519,551,224,277,276,286,470,469,460,459,11,638,639,5,499,637,8,666,505,503,98,96,97,109,355,32,33,145,143,144,364,662
421,482,408,406,428,426,340,319,318,419,317,656,413,447,193,191,190,449,189,206,186,227,250,519,551,224,640,222,642,219,459,11,638,639,5,499,637,8,666,505,503,98,96,97,107,355,32,33,145,143,144,364,662
421,482,409,410,490,340,319,318,316,314,317,656,413,447,193,191,190,188,187,185,183,518,517,269,747,225,641,220,221,217,218,182,216,613,565,564,5,499,637,8,666,505,503,98,96,97,107,355,32,33,145,143,144,364,662
421,482,408,424,484,404,407,339,314,317,656,413,447,193,191,190,188,187,185,183,518,517,519,551,521,277,276,286,470,469,460,459,11,638,639,5,499,637,8,666,505,503,98,96,97,109,355,32,33,145,143,144,364,662
421,482,409,410,490,341,319,338,339,314,317,656,413,447,193,191,190,188,187,185,183,518,653,250,519,551,224,277,276,286,470,468,460,459,11,638,639,5,499,637,8,666,505,503,98,96,97,107,355,32,33,145,143,144,364,662
421,482,409,410,490,341,319,318,419,317,656,413,447,193,191,190,188,187,185,183,249,653,250,519,551,224,277,276,286,470,468,460,459,11,638,639,5,499,637,8,666,505,503,98,96,97,107,355,32,33,145,143,144,364,662
421,482,409,406,428,426,340,319,338,339,314,317,656,413,447,193,191,190,188,187,185,183,249,653,250,519,551,224,640,222,642,469,460,459,11,638,639,5,499,637,8,666,505,503,98,96,97,107,355,32,33,145,143,144,364,662
421,482,409,406,428,426,340,319,318,419,317,656,413,447,193,192,229,449,189,206,186,227,250,519,551,521,277,276,286,470,468,460,459,11,638,639,5,499,637,8,666,505,503,98,96,97,109,355,32,33,145,143,144,364,662
421,482,409,410,490,341,319,338,339,314,317,656,413,447,193,191,190,188,187,185,183,249,653,250,519,551,224,277,276,286,470,469,460,459,11,638,639,5,499,637,8,666,505,503,98,96,97,109,355,32,33,145,143,144,364,662
421,482,408,406,428,426,340,319,318,419,317,656,413,447,193,191,190,188,187,185,183,518,653,250,519,551,224,277,276,286,470,468,460,459,11,638,639,5,499,637,8,666,505,503,98,96,97,107,355,32,33,145,143,144,364,662
421,482,408,406,428,426,340,319,338,339,314,317,656,413,447,193,191,190,188,187,185,183,518,517,519,551,224,277,276,286,470,469,460,459,11,638,639,5,499,637,8,666,505,503,98,96,97,107,355,32,33,145,143,144,364,662
421,482,409,410,490,341,319,338,339,314,317,656,413,447,193,191,190,449,189,206,186,227,250,519,551,224,640,222,286,470,469,460,459,11,638,639,5,499,637,8,666,505,503,98,96,97,107,355,32,33,145,143,144,364,662
421,482,408,406,428,426,340,319,338,339,314,317,656,413,447,193,191,190,188,187,185,183,249,653,250,519,551,224,640,222,642,219,459,11,638,639,5,499,637,8,666,505,503,98,96,97,107,355,32,33,145,143,144,364,662
421,482,408,406,428,426,340,319,338,339,314,317,656,413,447,193,191,190,188,187,185,183,518,653,250,519,551,224,277,276,286,470,469,460,459,11,638,639,5,499,637,8,666,505,503,98,96,97,109,355,32,33,145,143,144,364,662
421,482,409,410,490,340,319,318,419,317,656,413,447,193,191,190,188,187,185,183,518,653,250,519,551,521,277,276,286,470,469,460,459,11,638,639,5,499,637,8,666,505,503,98,96,97,107,355,32,33,145,143,144,364,662
421,482,408,406,428,426,340,319,318,419,317,656,413,447,193,191,190,188,187,185,183,249,653,250,519,551,224,277,276,286,470,469,460,459,11,638,639,5,499,637,8,666,505,503,98,96,97,109,355,32,33,145,143,144,364,662
421,482,408,406,428,426,340,319,318,419,317,656,413,447,193,191,190,449,189,206,186,227,250,519,551,224,640,222,286,470,469,460,459,11,638,639,5,499,637,8,666,505,503,98,96,97,107,355,32,33,145,143,144,364,662
421,482,409,410,426,427,407,339,314,317,656,413,447,193,191,190,188,187,185,183,249,653,250,519,551,521,277,276,286,470,468,460,459,11,638,639,5,499,637,8,666,505,503,98,96,97,109,355,32,33,145,143,144,364,662
421,482,408,406,428,426,427,407,339,314,317,656,413,447,193,191,190,449,189,206,186,227,250,519,551,521,277,276,286,470,469,468,460,459,11,638,639,5,499,637,8,666,505,503,98,96,97,107,355,32,33,145,143,144,364,662
421,482,409,410,490,340,319,318,316,314,317,656,413,447,193,191,190,449,189,206,186,227,250,519,551,521,277,276,286,470,468,460,459,11,638,639,5,499,637,8,666,505,503,98,96,97,107,355,32,33,145,143,144,364,662
421,482,408,406,404,407,339,314,317,656,413,447,193,192,229,449,189,206,186,227,250,519,551,224,277,276,286,470,468,460,459,11,638,639,5,499,637,8,666,505,503,98,96,97,109,355,32,33,145,143,144,364,662
421,482,409,406,428,426,427,407,339,314,317,656,413,447,193,191,190,188,187,185,183,249,653,250,519,551,224,277,276,286,470,469,460,459,11,638,639,5,499,637,8,666,505,503,98,96,97,107,355,32,33,145,143,144,364,662
421,482,409,410,490,341,319,318,419,317,656,413,447,193,192,229,449,189,206,186,227,250,519,551,224,277,276,286,470,469,460,459,11,638,639,5,499,637,8,666,505,503,98,96,97,107,355,32,33,145,143,144,364,662
421,482,409,410,490,341,319,318,419,317,656,413,447,193,191,190,449,189,206,186,227,250,519,551,224,277,276,286,470,468,460,459,11,638,639,5,499,637,8,666,505,503,98,96,97,109,355,32,33,145,143,144,364,662
421,482,409,406,428,426,340,319,338,339,314,317,656,413,447,193,191,190,449,189,206,186,227,250,519,551,224,640,222,642,469,460,459,11,638,639,5,499,637,8,666,505,503,98,96,97,109,355,32,33,145,143,144,364,662
421,482,409,410,426,427,407,339,314,317,656,413,447,193,192,229,449,189,206,186,227,250,519,551,521,277,276,286,470,469,460,459,11,638,639,5,499,637,8,666,505,503,98,96,97,109,355,32,33,145,143,144,364,662
421,482,408,406,428,426,340,319,338,339,314,317,656,413,447,193,191,190,449,189,206,186,227,250,519,551,521,277,276,286,470,468,469,460,459,11,638,639,5,499,637,8,666,505,503,98,96,97,107,355,32,33,145,143,144,364,662
421,482,408,406,428,426,340,319,338,339,314,317,656,413,447,193,191,190,449,189,206,186,227,250,519,551,224,640,222,642,219,459,11,638,639,5,499,637,8,666,505,503,98,96,97,109,355,32,33,145,143,144,364,662
421,482,408,424,484,404,407,339,314,317,656,413,447,193,191,190,188,187,185,183,518,517,519,551,521,277,276,286,470,468,460,459,11,638,639,5,499,637,8,666,505,503,98,96,97,109,355,32,33,145,143,144,364,662
421,482,408,406,428,426,340,319,338,339,314,317,656,413,447,193,191,190,188,187,185,183,249,653,250,519,551,224,640,222,286,470,469,460,459,11,638,639,5,499,637,8,666,505,503,98,96,97,107,355,32,33,145,143,144,364,662
421,482,409,406,428,426,427,407,339,314,317,656,413,447,193,191,190,449,189,206,186,227,250,519,551,224,277,276,286,470,469,460,459,11,638,639,5,499,637,8,666,505,503,98,96,97,109,355,32,33,145,143,144,364,662
421,482,408,406,428,426,340,319,338,339,314,317,656,413,447,193,191,190,449,189,206,186,227,250,519,551,521,277,276,286,470,469,460,459,11,638,639,5,499,637,8,666,505,503,98,96,97,107,355,362,708,33,145,143,144,364,662
421,482,408,406,428,426,427,407,339,314,317,656,413,447,193,191,190,188,187,185,183,249,227,250,519,551,521,277,276,286,470,469,460,459,11,638,639,5,499,637,8,666,505,503,98,96,97,109,355,32,33,145,143,144,364,662
421,482,409,410,426,427,407,339,314,317,656,413,447,193,191,190,449,189,206,186,227,250,519,551,224,640,222,642,469,460,459,11,638,639,5,499,637,8,666,505,503,98,96,97,107,355,32,33,145,143,144,364,662
421,482,408,424,484,404,407,339,314,317,656,413,447,193,191,190,188,187,185,183,518,653,250,519,551,224,640,222,642,469,460,459,11,638,639,5,499,637,8,666,505,503,98,96,97,107,355,32,33,145,143,144,364,662
421,482,409,410,490,341,319,338,339,314,317,656,413,447,193,191,190,188,187,185,183,249,653,250,519,551,224,277,276,286,470,468,460,459,11,638,639,5,499,637,8,666,505,503,98,96,97,109,355,32,33,145,143,144,364,662
421,482,408,406,428,426,340,319,338,339,314,317,656,413,447,193,191,190,188,187,185,183,518,517,269,747,225,641,220,221,217,218,182,216,613,565,564,5,499,637,8,666,505,503,98,96,97,107,355,362,708,33,145,143,144,364,662
421,482,408,406,428,426,340,319,338,339,314,317,656,413,447,193,191,190,188,187,185,183,518,517,519,551,224,277,276,286,470,468,460,459,11,638,639,5,499,637,8,666,505,503,98,96,97,107,355,32,33,145,143,144,364,662
421,482,409,410,490,341,319,338,339,314,317,656,413,447,193,191,190,449,189,206,186,227,250,519,551,224,640,222,286,470,468,460,459,11,638,639,5,499,637,8,666,505,503,98,96,97,107,355,32,33,145,143,144,364,662
421,482,408,406,428,426,340,319,338,339,314,317,656,413,447,193,191,190,188,187,185,183,518,653,250,519,551,224,277,276,286,470,468,460,459,11,638,639,5,499,637,8,666,505,503,98,96,97,109,355,32,33,145,143,144,364,662
421,482,409,410,490,340,319,318,419,317,656,413,447,193,191,190,188,187,185,183,518,653,250,519,551,521,277,276,286,470,468,460,459,11,638,639,5,499,637,8,666,505,503,98,96,97,107,355,32,33,145,143,144,364,662
421,482,408,406,428,426,340,319,318,419,317,656,413,447,193,191,190,188,187,185,183,249,653,250,519,551,224,277,276,286,470,468,460,459,11,638,639,5,499,637,8,666,505,503,98,96,97,109,355,32,33,145,143,144,364,662
421,482,409,410,490,340,319,338,339,314,317,656,413,447,193,191,190,188,187,185,183,518,517,519,551,521,277,276,286,470,469,460,459,11,638,639,5,499,637,8,666,505,503,98,96,97,107,355,32,33,145,143,144,364,662
421,482,409,410,490,341,320,318,419,317,656,413,447,193,191,190,449,189,206,186,227,250,519,551,224,277,276,286,470,469,460,459,11,638,639,5,499,637,8,666,505,503,98,96,97,107,355,32,33,145,143,144,364,662
421,482,408,406,428,426,340,319,318,419,317,656,413,447,193,191,190,449,189,206,186,227,250,519,551,224,640,222,286,470,468,460,459,11,638,639,5,499,637,8,666,505,503,98,96,97,107,355,32,33,145,143,144,364,662
421,482,408,406,428,426,427,407,339,314,317,656,413,447,193,191,190,449,189,206,186,227,250,519,551,521,277,276,175,287,177,461,638,639,5,499,637,8,666,505,503,98,96,97,107,355,32,33,145,143,144,364,662
421,482,409,410,490,340,319,338,339,314,317,656,413,447,193,191,190,188,187,185,183,518,653,250,519,551,521,277,276,286,470,469,460,459,11,638,639,5,499,637,8,666,505,503,98,96,97,109,355,32,33,145,143,144,364,662
421,482,409,410,490,340,319,318,419,317,656,413,447,193,191,190,188,187,185,183,249,653,250,519,551,521,277,276,286,470,469,460,459,11,638,639,5,499,637,8,666,505,503,98,96,97,109,355,32,33,145,143,144,364,662
421,482,408,406,428,426,427,407,339,314,317,656,413,447,193,191,190,188,187,185,183,518,653,250,519,551,521,277,276,286,470,468,177,461,638,639,5,499,637,8,666,505,503,98,96,97,107,355,32,33,145,143,144,364,662
421,482,408,406,428,426,340,319,338,339,314,317,656,413,447,193,191,190,449,189,206,186,227,250,519,551,224,640,222,286,470,469,460,459,11,638,639,5,499,637,8,666,505,503,98,96,97,109,355,32,33,145,143,144,364,662
421,482,409,406,428,426,340,319,338,339,314,317,656,413,447,193,191,190,188,187,185,183,518,517,269,747,225,641,220,221,217,218,182,216,613,565,639,5,499,637,8,666,505,503,98,96,97,107,355,32,33,145,143,144,364,662
421,482,408,406,428,426,427,407,339,314,317,656,413,447,193,191,190,188,187,206,186,227,250,519,551,521,277,276,286,470,469,460,459,11,638,639,5,499,637,8,666,505,503,98,96,97,109,355,32,33,145,143,144,364,662
421,482,409,410,490,340,319,318,316,314,317,656,413,447,193,191,190,188,187,185,183,518,517,269,747,225,641,220,221,217,218,182,216,613,565,564,581,498,497,499,637,8,666,505,503,98,96,97,107,355,32,33,145,143,144,364,662
421,482,409,406,428,426,427,407,339,314,317,656,413,447,193,191,190,188,187,185,183,249,653,250,519,551,224,277,276,286,470,468,460,459,11,638,639,5,499,637,8,666,505,503,98,96,97,107,355,32,33,145,143,144,364,662
421,482,409,410,490,341,319,318,419,317,656,413,447,193,192,229,449,189,206,186,227,250,519,551,224,277,276,286,470,468,460,459,11,638,639,5,499,637,8,666,505,503,98,96,97,107,355,32,33,145,143,144,364,662
421,482,409,406,404,407,339,314,317,656,413,447,193,191,190,449,189,206,186,227,250,519,551,224,277,276,286,470,469,460,459,11,638,639,5,499,637,8,666,505,503,98,96,97,107,355,32,33,145,143,144,364,662
421,482,409,406,428,426,340,319,338,339,314,317,656,413,447,193,192,229,449,189,206,186,227,250,519,551,224,640,222,642,469,460,459,11,638,639,5,499,637,8,666,505,503,98,96,97,107,355,32,33,145,143,144,364,662
421,482,409,410,490,341,319,338,339,314,317,656,413,447,193,192,229,449,189,206,186,227,250,519,551,224,277,276,286,470,469,460,459,11,638,639,5,499,637,8,666,505,503,98,96,97,109,355,32,33,145,143,144,364,662
421,482,408,406,404,407,339,314,317,656,413,447,193,191,190,188,187,185,183,249,227,250,519,551,521,277,276,286,470,469,460,459,11,638,639,5,499,637,8,666,505,503,98,96,97,107,355,32,33,145,143,144,364,662
421,482,408,406,428,426,340,319,338,339,314,317,656,413,447,193,192,229,449,189,206,186,227,250,519,551,224,640,222,642,219,459,11,638,639,5,499,637,8,666,505,503,98,96,97,107,355,32,33,145,143,144,364,662
421,482,408,406,428,426,340,319,318,419,317,656,413,447,193,192,229,449,189,206,186,227,250,519,551,224,277,276,286,470,469,460,459,11,638,639,5,499,637,8,666,505,503,98,96,97,109,355,32,33,145,143,144,364,662
421,482,409,410,426,427,407,339,314,317,656,413,447,193,192,229,449,189,206,186,227,250,519,551,521,277,276,286,470,468,460,459,11,638,639,5,499,637,8,666,505,503,98,96,97,109,355,32,33,145,143,144,364,662
421,482,408,406,428,426,340,319,338,339,314,317,656,413,447,193,191,190,188,187,185,183,249,653,250,519,551,224,640,222,286,470,468,460,459,11,638,639,5,499,637,8,666,505,503,98,96,97,107,355,32,33,145,143,144,364,662
421,482,409,406,428,426,427,407,339,314,317,656,413,447,193,192,229,449,189,206,186,227,250,519,551,224,277,276,286,470,469,460,459,11,638,639,5,499,637,8,666,505,503,98,96,97,107,355,32,33,145,143,144,364,662
421,482,409,406,428,426,427,407,339,314,317,656,413,447,193,191,190,449,189,206,186,227,250,519,551,224,277,276,286,470,468,460,459,11,638,639,5,499,637,8,666,505,503,98,96,97,109,355,32,33,145,143,144,364,662
421,482,408,406,428,426,340,319,338,339,314,317,656,413,447,193,191,190,449,189,206,186,227,250,519,551,521,277,276,286,470,468,460,459,11,638,639,5,499,637,8,666,505,503,98,96,97,107,355,362,708,33,145,143,144,364,662
421,482,408,406,404,407,339,314,317,656,413,447,193,191,190,188,187,206,186,227,250,519,551,521,277,276,286,470,469,460,459,11,638,639,5,499,637,8,666,505,503,98,96,97,107,355,32,33,145,143,144,364,662
421,482,409,410,426,340,319,338,339,314,317,656,413,447,193,191,190,188,187,185,183,518,653,250,519,551,521,277,276,286,470,469,460,459,11,638,639,5,499,637,8,666,505,503,98,96,97,107,355,32,33,145,143,144,364,662
421,482,409,410,426,340,319,318,419,317,656,413,447,193,191,190,188,187,185,183,249,653,250,519,551,521,277,276,286,470,469,460,459,11,638,639,5,499,637,8,666,505,503,98,96,97,107,355,32,33,145,143,144,364,662
421,482,408,406,428,426,427,407,339,314,317,656,413,447,193,191,190,188,187,185,183,249,227,250,519,551,521,277,276,286,470,468,460,459,11,638,639,5,499,637,8,666,505,503,98,96,97,109,355,32,33,145,143,144,364,662
421,482,408,424,484,404,407,339,314,317,656,413,447,193,191,190,188,187,185,183,249,653,250,519,551,224,640,222,642,469,460,459,11,638,639,5,499,637,8,666,505,503,98,96,97,109,355,32,33,145,143,144,364,662
421,482,409,410,490,340,319,338,339,314,317,656,413,447,193,191,190,188,187,185,183,518,517,519,551,521,277,276,286,470,468,460,459,11,638,639,5,499,637,8,666,505,503,98,96,97,107,355,32,33,145,143,144,364,662
421,482,409,410,490,341,320,318,419,317,656,413,447,193,191,190,449,189,206,186,227,250,519,551,224,277,276,286,470,468,460,459,11,638,639,5,499,637,8,666,505,503,98,96,97,107,355,32,33,145,143,144,364,662
421,482,408,406,428,426,340,319,338,339,314,317,656,413,447,193,192,229,449,189,206,186,227,250,519,551,224,640,222,286,470,469,460,459,11,638,639,5,499,637,8,666,505,503,98,96,97,107,355,32,33,145,143,144,364,662
421,482,409,410,490,340,319,338,339,314,317,656,413,447,193,191,190,188,187,185,183,518,653,250,519,551,521,277,276,286,470,468,460,459,11,638,639,5,499,637,8,666,505,503,98,96,97,109,355,32,33,145,143,144,364,662
421,482,409,410,490,340,319,318,419,317,656,413,447,193,191,190,188,187,185,183,249,653,250,519,551,521,277,276,286,470,468,460,459,11,638,639,5,499,637,8,666,505,503,98,96,97,109,355,32,33,145,143,144,364,662
421,482,408,406,428,426,340,319,338,339,314,317,656,413,447,193,191,190,449,189,206,186,227,250,519,551,224,640,222,286,470,468,460,459,11,638,639,5,499,637,8,666,505,503,98,96,97,109,355,32,33,145,143,144,364,662
421,482,408,406,428,426,427,407,339,314,317,656,413,447,193,191,190,188,187,185,183,249,653,250,519,551,521,277,276,286,470,468,177,461,638,639,5,499,637,8,666,505,503,98,96,97,109,355,32,33,145,143,144,364,662
421,482,408,406,428,426,427,407,339,314,317,656,413,447,193,191,190,188,187,206,186,227,250,519,551,521,277,276,286,470,468,460,459,11,638,639,5,499,637,8,666,505,503,98,96,97,109,355,32,33,145,143,144,364,662
421,482,409,410,426,340,319,318,419,317,656,413,447,193,191,190,449,189,206,186,227,250,519,551,521,277,276,286,470,469,460,459,11,638,639,5,499,637,8,666,505,503,98,96,97,109,355,32,33,145,143,144,364,662
421,482,409,406,404,407,339,314,317,656,413,447,193,191,190,449,189,206,186,227,250,519,551,224,277,276,286,470,468,460,459,11,638,639,5,499,637,8,666,505,503,98,96,97,107,355,32,33,145,143,144,364,662
421,482,409,410,490,341,319,338,339,314,317,656,413,447,193,192,229,449,189,206,186,227,250,519,551,224,277,276,286,470,468,460,459,11,638,639,5,499,637,8,666,505,503,98,96,97,109,355,32,33,145,143,144,364,662
421,482,408,406,404,407,339,314,317,656,413,447,193,191,190,188,187,185,183,249,227,250,519,551,521,277,276,286,470,468,460,459,11,638,639,5,499,637,8,666,505,503,98,96,97,107,355,32,33,145,143,144,364,662
421,482,408,406,428,426,340,319,318,419,317,656,413,447,193,192,229,449,189,206,186,227,250,519,551,224,277,276,286,470,468,460,459,11,638,639,5,499,637,8,666,505,503,98,96,97,109,355,32,33,145,143,144,364,662
421,482,409,410,426,340,319,318,419,317,656,413,447,193,191,190,188,187,185,183,518,517,269,747,225,641,220,221,217,218,182,216,613,565,564,5,499,637,8,666,505,503,98,96,97,109,355,32,33,145,143,144,364,662
421,482,409,410,490,340,319,318,419,317,656,413,447,193,192,229,449,189,206,186,227,250,519,551,521,277,276,286,470,469,460,459,11,638,639,5,499,637,8,666,505,503,98,96,97,109,355,32,33,145,143,144,364,662
421,482,409,410,490,341,319,318,316,314,317,656,413,447,193,191,190,188,187,185,183,518,653,250,519,551,521,277,276,286,470,469,460,459,11,638,639,5,499,637,8,666,505,503,98,96,97,107,355,32,33,145,143,144,364,662
421,482,409,406,428,426,427,407,339,314,317,656,413,447,193,192,229,449,189,206,186,227,250,519,551,224,277,276,286,470,468,460,459,11,638,639,5,499,637,8,666,505,503,98,96,97,107,355,32,33,145,143,144,364,662
421,482,408,406,428,426,340,319,338,339,314,317,656,413,447,193,191,190,188,187,185,183,518,517,269,747,225,641,220,221,217,218,182,216,613,565,564,581,498,497,499,637,8,666,505,503,98,96,97,107,355,362,708,33,145,143,144,364,662
421,482,408,406,404,407,339,314,317,656,413,447,193,191,190,188,187,185,183,249,653,250,519,551,521,277,276,286,470,468,177,461,638,639,5,499,637,8,666,505,503,98,96,97,107,355,32,33,145,143,144,364,662
421,482,408,406,404,407,339,314,317,656,413,447,193,191,190,188,187,206,186,227,250,519,551,521,277,276,286,470,468,460,459,11,638,639,5,499,637,8,666,505,503,98,96,97,107,355,32,33,145,143,144,364,662
421,482,409,410,426,340,319,338,339,314,317,656,413,447,193,191,190,188,187,185,183,518,653,250,519,551,521,277,276,286,470,468,460,459,11,638,639,5,499,637,8,666,505,503,98,96,97,107,355,32,33,145,143,144,364,662
421,482,409,410,426,340,319,318,419,317,656,413,447,193,191,190,188,187,185,183,249,653,250,519,551,521,277,276,286,470,468,460,459,11,638,639,5,499,637,8,666,505,503,98,96,97,107,355,32,33,145,143,144,364,662
421,482,409,410,426,340,319,338,339,314,317,656,413,447,193,191,190,188,187,185,183,249,653,250,519,551,521,277,276,286,470,469,460,459,11,638,639,5,499,637,8,666,505,503,98,96,97,109,355,32,33,145,143,144,364,662
421,482,409,410,490,340,319,318,419,317,656,413,447,193,191,190,449,189,206,186,227,250,519,551,224,640,222,642,469,460,459,11,638,639,5,499,637,8,666,505,503,98,96,97,107,355,32,33,145,143,144,364,662
421,482,408,406,428,426,340,319,338,339,314,317,656,413,447,193,192,229,449,189,206,186,227,250,519,551,224,640,222,286,470,468,460,459,11,638,639,5,499,637,8,666,505,503,98,96,97,107,355,32,33,145,143,144,364,662
421,482,409,410,426,340,319,318,419,317,656,413,447,193,192,229,449,189,206,186,227,250,519,551,521,277,276,286,470,469,460,459,11,638,639,5,499,637,8,666,505,503,98,96,97,107,355,32,33,145,143,144,364,662
421,482,408,406,404,407,339,314,317,656,413,447,193,191,190,449,189,206,186,227,250,519,551,521,277,276,286,470,468,177,461,638,639,5,499,637,8,666,505,503,98,96,97,109,355,32,33,145,143,144,364,662
421,482,409,410,426,340,319,318,419,317,656,413,447,193,191,190,449,189,206,186,227,250,519,551,521,277,276,286,470,468,460,459,11,638,639,5,499,637,8,666,505,503,98,96,97,109,355,32,33,145,143,144,364,662
421,482,408,424,484,404,407,339,314,317,656,413,447,193,191,190,188,187,185,183,518,517,269,747,225,641,220,221,217,218,182,216,613,565,639,5,499,637,8,666,505,503,98,96,97,109,355,32,33,145,143,144,364,662
421,482,408,424,484,404,407,339,314,317,656,413,447,193,192,229,449,189,206,186,227,250,519,551,224,640,222,642,469,460,459,11,638,639,5,499,637,8,666,505,503,98,96,97,109,355,32,33,145,143,144,364,662
421,482,409,410,490,341,319,338,339,314,317,656,413,447,193,191,190,188,187,185,183,249,227,250,519,551,521,277,276,286,470,469,460,459,11,638,639,5,499,637,8,666,505,503,98,96,97,107,355,32,33,145,143,144,364,662
421,482,409,406,428,426,340,319,318,419,317,656,413,447,193,191,190,449,189,206,186,227,250,519,551,224,277,276,286,470,469,460,459,11,638,639,5,499,637,8,666,505,503,98,96,97,107,355,32,33,145,143,144,364,662
421,482,409,410,490,340,319,338,339,314,317,656,413,447,193,191,190,188,187,185,183,249,653,250,519,551,224,640,222,642,469,460,459,11,638,639,5,499,637,8,666,505,503,98,96,97,107,355,32,33,145,143,144,364,662
421,482,409,410,490,340,319,318,419,317,656,413,447,193,192,229,449,189,206,186,227,250,519,551,521,277,276,286,470,468,460,459,11,638,639,5,499,637,8,666,505,503,98,96,97,109,355,32,33,145,143,144,364,662
421,482,408,406,428,426,340,319,318,419,317,656,413,447,193,191,190,188,187,185,183,249,227,250,519,551,521,277,276,286,470,469,460,459,11,638,639,5,499,637,8,666,505,503,98,96,97,107,355,32,33,145,143,144,364,662
421,482,408,406,428,426,427,407,339,314,317,656,413,447,193,192,229,449,189,206,186,227,250,519,551,521,277,276,286,470,468,177,461,638,639,5,499,637,8,666,505,503,98,96,97,109,355,32,33,145,143,144,364,662
421,482,409,410,490,341,319,318,316,314,317,656,413,447,193,191,190,188,187,185,183,518,653,250,519,551,521,277,276,286,470,468,460,459,11,638,639,5,499,637,8,666,505,503,98,96,97,107,355,32,33,145,143,144,364,662
421,482,409,410,490,341,319,318,316,314,317,656,413,447,193,191,190,188,187,185,183,249,653,250,519,551,521,277,276,286,470,469,460,459,11,638,639,5,499,637,8,666,505,503,98,96,97,109,355,32,33,145,143,144,364,662
421,482,408,406,428,426,340,319,318,316,314,317,656,413,447,193,191,190,188,187,185,183,518,517,519,551,521,277,276,286,470,469,460,459,11,638,639,5,499,637,8,666,505,503,98,96,97,107,355,32,33,145,143,144,364,662
421,482,408,406,428,426,340,319,318,316,314,317,656,413,447,193,191,190,188,187,185,183,518,653,250,519,551,521,277,276,286,470,469,460,459,11,638,639,5,499,637,8,666,505,503,98,96,97,109,355,32,33,145,143,144,364,662
421,482,409,410,490,341,319,338,339,314,317,656,413,447,193,191,190,188,187,206,186,227,250,519,551,521,277,276,286,470,469,460,459,11,638,639,5,499,637,8,666,505,503,98,96,97,107,355,32,33,145,143,144,364,662
421,482,409,410,426,340,319,338,339,314,317,656,413,447,193,191,190,188,187,185,183,249,653,250,519,551,521,277,276,286,470,468,460,459,11,638,639,5,499,637,8,666,505,503,98,96,97,109,355,32,33,145,143,144,364,662
421,482,408,406,428,426,340,319,338,339,314,317,656,413,447,193,191,190,449,189,206,186,227,250,519,551,521,277,276,286,470,469,468,460,459,11,638,639,5,499,637,8,666,505,503,98,96,97,107,355,32,33,145,143,144,364,662
421,482,408,406,428,426,340,319,318,419,317,656,413,447,193,191,190,188,187,206,186,227,250,519,551,521,277,276,286,470,469,460,459,11,638,639,5,499,637,8,666,505,503,98,96,97,107,355,32,33,145,143,144,364,662
421,482,409,410,490,340,319,338,339,314,317,656,413,447,193,191,190,449,189,206,186,227,250,519,551,224,640,222,642,469,460,459,11,638,639,5,499,637,8,666,505,503,98,96,97,109,355,32,33,145,143,144,364,662
421,482,409,406,428,426,340,319,338,339,314,317,656,413,447,193,191,190,188,187,185,183,249,653,250,519,551,224,277,276,286,470,469,460,459,11,638,639,5,499,637,8,666,505,503,98,96,97,107,355,32,33,145,143,144,364,662
421,482,408,406,428,426,427,407,339,314,317,656,413,447,193,191,190,188,189,206,186,227,250,519,551,521,277,276,286,470,469,460,459,11,638,639,5,499,637,8,666,505,503,98,96,97,109,355,32,33,145,143,144,364,662
421,482,408,406,404,407,339,314,317,656,413,447,193,192,229,449,189,206,186,227,250,519,551,521,277,276,286,470,468,177,461,638,639,5,499,637,8,666,505,503,98,96,97,107,355,32,33,145,143,144,364,662
421,482,409,410,426,340,319,318,419,317,656,413,447,193,192,229,449,189,206,186,227,250,519,551,521,277,276,286,470,468,460,459,11,638,639,5,499,637,8,666,505,503,98,96,97,107,355,32,33,145,143,144,364,662
421,482,409,410,490,341,319,318,419,317,656,413,447,193,191,190,449,189,206,186,227,250,519,551,521,277,276,286,470,468,177,461,638,639,5,499,637,8,666,505,503,98,96,97,107,355,32,33,145,143,144,364,662
421,482,409,410,426,340,319,318,419,317,656,413,447,193,191,190,188,187,185,183,518,517,269,747,225,641,220,221,217,218,182,216,613,565,564,581,498,497,499,637,8,666,505,503,98,96,97,109,355,32,33,145,143,144,364,662
421,482,409,410,426,340,319,338,339,314,317,656,413,447,193,192,229,449,189,206,186,227,250,519,551,521,277,276,286,470,469,460,459,11,638,639,5,499,637,8,666,505,503,98,96,97,109,355,32,33,145,143,144,364,662
421,482,409,410,490,341,319,338,339,314,317,656,413,447,193,191,190,188,187,185,183,249,227,250,519,551,521,277,276,286,470,468,460,459,11,638,639,5,499,637,8,666,505,503,98,96,97,107,355,32,33,145,143,144,364,662
421,482,409,406,428,426,340,319,318,419,317,656,413,447,193,191,190,449,189,206,186,227,250,519,551,224,277,276,286,470,468,460,459,11,638,639,5,499,637,8,666,505,503,98,96,97,107,355,32,33,145,143,144,364,662
421,482,409,406,428,426,340,319,338,339,314,317,656,413,447,193,191,190,449,189,206,186,227,250,519,551,224,277,276,286,470,469,460,459,11,638,639,5,499,637,8,666,505,503,98,96,97,109,355,32,33,145,143,144,364,662
421,482,408,406,428,426,340,319,318,419,317,656,413,447,193,191,190,188,187,185,183,249,227,250,519,551,521,277,276,286,470,468,460,459,11,638,639,5,499,637,8,666,505,503,98,96,97,107,355,32,33,145,143,144,364,662
421,482,408,406,428,426,427,407,339,314,317,656,413,447,193,191,190,188,187,185,186,227,250,519,551,521,277,276,286,470,469,460,459,11,638,639,5,499,637,8,666,505,503,98,96,97,109,355,32,33,145,143,144,364,662
421,482,408,406,428,426,340,319,338,339,314,317,656,413,447,193,191,190,188,187,185,183,249,227,250,519,551,521,277,276,286,470,469,460,459,11,638,639,5,499,637,8,666,505,503,98,96,97,109,355,32,33,145,143,144,364,662
421,482,409,410,426,340,319,338,339,314,317,656,413,447,193,191,190,449,189,206,186,227,250,519,551,224,640,222,642,469,460,459,11,638,639,5,499,637,8,666,505,503,98,96,97,107,355,32,33,145,143,144,364,662
421,482,408,406,404,407,339,314,317,656,413,447,193,191,190,188,189,206,186,227,250,519,551,521,277,276,286,470,469,460,459,11,638,639,5,499,637,8,666,505,503,98,96,97,107,355,32,33,145,143,144,364,662
421,482,408,406,428,426,427,407,339,314,317,656,413,447,193,191,190,188,187,185,183,518,517,519,551,224,640,222,642,469,460,459,11,638,639,5,499,637,8,666,505,503,98,96,97,109,355,32,33,145,143,144,364,662
421,482,409,410,490,341,319,318,316,314,317,656,413,447,193,191,190,188,187,185,183,249,653,250,519,551,521,277,276,286,470,468,460,459,11,638,639,5,499,637,8,666,505,503,98,96,97,109,355,32,33,145,143,144,364,662
421,482,408,406,428,426,340,319,318,316,314,317,656,413,447,193,191,190,188,187,185,183,518,517,519,551,521,277,276,286,470,468,460,459,11,638,639,5,499,637,8,666,505,503,98,96,97,107,355,32,33,145,143,144,364,662
421,482,409,410,490,340,319,338,339,314,317,656,413,447,193,191,190,188,187,185,183,518,517,269,747,225,641,220,221,217,218,182,216,613,565,639,5,499,637,8,666,505,503,98,96,97,107,355,32,33,145,143,144,364,662
421,482,408,406,428,426,427,407,339,314,317,656,413,447,193,191,190,188,187,185,183,518,517,269,747,225,641,220,222,642,469,460,459,11,638,639,5,499,637,8,666,505,503,98,96,97,109,355,32,33,145,143,144,364,662
421,482,408,406,428,426,340,319,318,316,314,317,656,413,447,193,191,190,188,187,185,183,518,653,250,519,551,521,277,276,286,470,468,460,459,11,638,639,5,499,637,8,666,505,503,98,96,97,109,355,32,33,145,143,144,364,662
421,482,409,410,490,341,319,338,339,314,317,656,413,447,193,191,190,188,187,185,183,249,653,250,519,551,521,277,276,286,470,468,177,461,638,639,5,499,637,8,666,505,503,98,96,97,107,355,32,33,145,143,144,364,662
421,482,409,410,490,341,319,338,339,314,317,656,413,447,193,191,190,188,187,206,186,227,250,519,551,521,277,276,286,470,468,460,459,11,638,639,5,499,637,8,666,505,503,98,96,97,107,355,32,33,145,143,144,364,662
421,482,408,406,428,426,340,319,338,339,314,317,656,413,447,193,191,190,449,189,206,186,227,250,519,551,521,277,276,175,287,177,461,638,639,5,499,637,8,666,505,503,98,96,97,107,355,32,33,145,143,144,364,662
421,482,409,410,490,340,319,338,339,314,317,656,413,447,193,192,229,449,189,206,186,227,250,519,551,224,640,222,642,469,460,459,11,638,639,5,499,637,8,666,505,503,98,96,97,107,355,32,33,145,143,144,364,662
421,482,408,406,428,426,340,319,338,339,314,317,656,413,447,193,191,190,188,187,185,183,518,653,250,519,551,521,277,276,286,470,468,177,461,638,639,5,499,637,8,666,505,503,98,96,97,107,355,32,33,145,143,144,364,662
421,482,408,406,428,426,340,319,318,419,317,656,413,447,193,191,190,188,187,185,183,249,653,250,519,551,521,277,276,286,470,468,177,461,638,639,5,499,637,8,666,505,503,98,96,97,107,355,32,33,145,143,144,364,662
421,482,408,406,428,426,340,319,318,419,317,656,413,447,193,191,190,188,187,206,186,227,250,519,551,521,277,276,286,470,468,460,459,11,638,639,5,499,637,8,666,505,503,98,96,97,107,355,32,33,145,143,144,364,662
421,482,409,410,490,341,319,318,419,317,656,413,447,193,191,190,188,187,185,183,518,517,519,551,521,277,276,286,470,469,460,459,11,638,639,5,499,637,8,666,505,503,98,96,97,109,355,32,33,145,143,144,364,662
421,482,409,410,426,427,407,339,314,317,656,413,447,193,191,190,449,189,206,186,227,250,519,551,224,277,276,286,470,469,460,459,11,638,639,5,499,637,8,666,505,503,98,96,97,107,355,32,33,145,143,144,364,662
421,482,408,406,428,426,340,319,338,339,314,317,656,413,447,193,191,190,188,187,206,186,227,250,519,551,521,277,276,286,470,469,460,459,11,638,639,5,499,637,8,666,505,503,98,96,97,109,355,32,33,145,143,144,364,662
421,482,409,406,428,426,340,319,338,339,314,317,656,413,447,193,191,190,188,187,185,183,249,653,250,519,551,224,277,276,286,470,468,460,459,11,638,639,5,499,637,8,666,505,503,98,96,97,107,355,32,33,145,143,144,364,662
421,482,408,424,484,404,407,339,314,317,656,413,447,193,191,190,188,187,185,183,518,653,250,519,551,224,277,276,286,470,469,460,459,11,638,639,5,499,637,8,666,505,503,98,96,97,107,355,32,33,145,143,144,364,662
421,482,409,410,490,341,319,318,316,314,317,656,413,447,193,192,229,449,189,206,186,227,250,519,551,521,277,276,286,470,469,460,459,11,638,639,5,499,637,8,666,505,503,98,96,97,109,355,32,33,145,143,144,364,662
421,482,408,406,428,426,427,407,339,314,317,656,413,447,193,191,190,188,189,206,186,227,250,519,551,521,277,276,286,470,468,460,459,11,638,639,5,499,637,8,666,505,503,98,96,97,109,355,32,33,145,143,144,364,662
421,482,408,406,404,407,339,314,317,656,413,447,193,191,190,188,187,185,186,227,250,519,551,521,277,276,286,470,469,460,459,11,638,639,5,499,637,8,666,505,503,98,96,97,107,355,32,33,145,143,144,364,662
421,482,409,410,426,340,319,338,339,314,317,656,413,447,193,192,229,449,189,206,186,227,250,519,551,521,277,276,286,470,468,460,459,11,638,639,5,499,637,8,666,505,503,98,96,97,109,355,32,33,145,143,144,364,662
421,482,408,406,404,407,339,314,317,656,413,447,193,191,190,188,187,185,183,518,517,519,551,224,640,222,642,469,460,459,11,638,639,5,499,637,8,666,505,503,98,96,97,107,355,32,33,145,143,144,364,662
421,482,409,410,490,341,319,338,339,314,317,656,413,447,193,191,190,449,189,206,186,227,250,519,551,521,277,276,286,470,468,177,461,638,639,5,499,637,8,666,505,503,98,96,97,109,355,32,33,145,143,144,364,662
421,482,408,406,404,407,339,314,317,656,413,447,193,191,190,188,187,185,183,518,653,250,519,551,224,640,222,642,469,460,459,11,638,639,5,499,637,8,666,505,503,98,96,97,109,355,32,33,145,143,144,364,662
421,482,408,406,404,407,339,314,317,656,413,447,193,191,190,188,187,185,183,518,517,269,747,225,641,220,222,642,469,460,459,11,638,639,5,499,637,8,666,505,503,98,96,97,107,355,32,33,145,143,144,364,662
421,482,408,406,428,426,340,319,318,419,317,656,413,447,193,191,190,449,189,206,186,227,250,519,551,521,277,276,286,470,468,177,461,638,639,5,499,637,8,666,505,503,98,96,97,109,355,32,33,145,143,144,364,662
421,482,409,410,490,341,320,318,316,314,317,656,413,447,193,191,190,188,187,185,183,249,653,250,519,551,521,277,276,286,470,469,460,459,11,638,639,5,499,637,8,666,505,503,98,96,97,107,355,32,33,145,143,144,364,662
421,482,409,406,428,426,340,319,338,339,314,317,656,413,447,193,192,229,449,189,206,186,227,250,519,551,224,277,276,286,470,469,460,459,11,638,639,5,499,637,8,666,505,503,98,96,97,107,355,32,33,145,143,144,364,662
421,482,409,410,490,341,319,318,316,314,317,656,413,447,193,191,190,449,189,206,186,227,250,519,551,224,640,222,642,469,460,459,11,638,639,5,499,637,8,666,505,503,98,96,97,107,355,32,33,145,143,144,364,662
421,482,409,406,428,426,340,319,338,339,314,317,656,413,447,193,191,190,449,189,206,186,227,250,519,551,224,277,276,286,470,468,460,459,11,638,639,5,499,637,8,666,505,503,98,96,97,109,355,32,33,145,143,144,364,662
421,482,408,424,484,404,407,339,314,317,656,413,447,193,191,190,449,189,206,186,227,250,519,551,224,640,222,642,219,459,11,638,639,5,499,637,8,666,505,503,98,96,97,107,355,32,33,145,143,144,364,662
421,482,408,406,428,426,427,407,339,314,317,656,413,447,193,191,190,188,187,185,186,227,250,519,551,521,277,276,286,470,468,460,459,11,638,639,5,499,637,8,666,505,503,98,96,97,109,355,32,33,145,143,144,364,662
421,482,408,406,428,426,340,319,338,339,314,317,656,413,447,193,191,190,188,187,185,183,249,227,250,519,551,521,277,276,286,470,468,460,459,11,638,639,5,499,637,8,666,505,503,98,96,97,109,355,32,33,145,143,144,364,662
421,482,409,406,428,426,427,407,339,314,317,656,413,447,193,191,190,449,189,206,186,227,250,519,551,521,277,276,286,470,468,177,461,638,639,5,499,637,8,666,505,503,98,96,97,107,355,32,33,145,143,144,364,662
421,482,408,406,404,407,339,314,317,656,413,447,193,191,190,188,189,206,186,227,250,519,551,521,277,276,286,470,468,460,459,11,638,639,5,499,637,8,666,505,503,98,96,97,107,355,32,33,145,143,144,364,662
421,482,409,410,490,341,320,318,316,314,317,656,413,447,193,191,190,449,189,206,186,227,250,519,551,521,277,276,286,470,469,460,459,11,638,639,5,499,637,8,666,505,503,98,96,97,109,355,32,33,145,143,144,364,662
421,482,409,410,490,341,319,318,419,317,656,413,447,193,191,190,188,187,185,183,518,517,519,551,521,277,276,286,470,468,460,459,11,638,639,5,499,637,8,666,505,503,98,96,97,109,355,32,33,145,143,144,364,662
421,482,409,410,490,341,320,321,411,419,317,656,413,447,193,191,190,188,187,185,183,518,653,250,519,551,521,277,276,286,470,469,460,459,11,638,639,5,499,637,8,666,505,503,98,96,97,107,355,32,33,145,143,144,364,662
421,482,408,406,428,426,340,319,338,339,314,317,656,413,447,193,191,190,188,187,185,183,249,653,250,519,551,521,277,276,286,470,468,177,461,638,639,5,499,637,8,666,505,503,98,96,97,109,355,32,33,145,143,144,364,662
421,482,409,410,426,427,407,339,314,317,656,413,447,193,191,190,449,189,206,186,227,250,519,551,224,277,276,286,470,468,460,459,11,638,639,5,499,637,8,666,505,503,98,96,97,107,355,32,33,145,143,144,364,662
421,482,408,406,428,426,340,319,338,339,314,317,656,413,447,193,191,190,188,187,206,186,227,250,519,551,521,277,276,286,470,468,460,459,11,638,639,5,499,637,8,666,505,503,98,96,97,109,355,32,33,145,143,144,364,662
421,482,408,424,484,404,407,339,314,317,656,413,447,193,191,190,188,187,185,183,518,653,250,519,551,224,277,276,286,470,468,460,459,11,638,639,5,499,637,8,666,505,503,98,96,97,107,355,32,33,145,143,144,364,662
421,482,409,410,490,341,319,318,316,314,317,656,413,447,193,192,229,449,189,206,186,227,250,519,551,521,277,276,286,470,468,460,459,11,638,639,5,499,637,8,666,505,503,98,96,97,109,355,32,33,145,143,144,364,662
421,482,409,410,490,341,320,318,316,314,317,656,413,447,193,191,190,188,187,185,183,518,517,269,747,225,641,220,221,217,218,182,216,613,565,564,5,499,637,8,666,505,503,98,96,97,109,355,32,33,145,143,144,364,662
421,482,408,406,404,407,339,314,317,656,413,447,193,191,190,188,187,185,186,227,250,519,551,521,277,276,286,470,468,460,459,11,638,639,5,499,637,8,666,505,503,98,96,97,107,355,32,33,145,143,144,364,662
421,482,408,406,428,426,427,407,339,314,317,656,413,447,193,191,190,188,187,185,183,518,517,269,747,225,641,220,221,642,469,460,459,11,638,639,5,499,637,8,666,505,503,98,96,97,109,355,32,33,145,143,144,364,662
421,482,408,424,484,404,407,339,314,317,656,413,447,193,191,190,188,187,185,183,249,653,250,519,551,224,277,276,286,470,469,460,459,11,638,639,5,499,637,8,666,505,503,98,96,97,109,355,32,33,145,143,144,364,662
421,482,408,406,428,426,340,319,318,316,314,317,656,413,447,193,191,190,188,187,185,183,249,653,250,519,551,224,640,222,642,469,460,459,11,638,639,5,499,637,8,666,505,503,98,96,97,107,355,32,33,145,143,144,364,662
421,482,408,424,484,404,407,339,314,317,656,413,447,193,191,190,449,189,206,186,227,250,519,551,224,640,222,286,470,469,460,459,11,638,639,5,499,637,8,666,505,503,98,96,97,107,355,32,33,145,143,144,364,662
421,482,409,410,490,341,319,338,339,314,317,656,413,447,193,192,229,449,189,206,186,227,250,519,551,521,277,276,286,470,468,177,461,638,639,5,499,637,8,666,505,503,98,96,97,107,355,32,33,145,143,144,364,662
421,482,408,406,428,426,340,319,318,419,317,656,413,447,193,192,229,449,189,206,186,227,250,519,551,521,277,276,286,470,468,177,461,638,639,5,499,637,8,666,505,503,98,96,97,107,355,32,33,145,143,144,364,662
421,482,409,410,490,341,319,318,419,317,656,413,447,193,191,190,188,187,185,183,518,653,250,519,551,224,640,222,642,469,460,459,11,638,639,5,499,637,8,666,505,503,98,96,97,107,355,32,33,145,143,144,364,662
421,482,409,406,428,426,427,407,339,314,317,656,413,447,193,191,190,188,187,185,183,518,517,519,551,521,277,276,286,470,469,460,459,11,638,639,5,499,637,8,666,505,503,98,96,97,109,355,32,33,145,143,144,364,662
421,482,409,410,490,341,320,318,316,314,317,656,413,447,193,191,190,188,187,185,183,249,653,250,519,551,521,277,276,286,470,468,460,459,11,638,639,5,499,637,8,666,505,503,98,96,97,107,355,32,33,145,143,144,364,662
421,482,409,406,428,426,340,319,338,339,314,317,656,413,447,193,192,229,449,189,206,186,227,250,519,551,224,277,276,286,470,468,460,459,11,638,639,5,499,637,8,666,505,503,98,96,97,107,355,32,33,145,143,144,364,662
421,482,408,406,428,426,340,319,318,316,314,317,656,413,447,193,191,190,449,189,206,186,227,250,519,551,224,640,222,642,469,460,459,11,638,639,5,499,637,8,666,505,503,98,96,97,109,355,32,33,145,143,144,364,662
421,482,409,410,490,341,320,318,419,317,656,413,447,193,191,190,188,187,185,183,518,517,519,551,521,277,276,286,470,469,460,459,11,638,639,5,499,637,8,666,505,503,98,96,97,107,355,32,33,145,143,144,364,662
421,482,409,410,490,341,320,318,419,317,656,413,447,193,191,190,188,187,185,183,518,653,250,519,551,521,277,276,286,470,469,460,459,11,638,639,5,499,637,8,666,505,503,98,96,97,109,355,32,33,145,143,144,364,662
421,482,408,406,404,407,339,314,317,656,413,447,193,191,190,188,187,185,183,518,517,269,747,225,641,220,221,642,469,460,459,11,638,639,5,499,637,8,666,505,503,98,96,97,107,355,32,33,145,143,144,364,662
421,482,409,410,490,341,319,338,339,314,317,656,413,447,193,191,190,188,189,206,186,227,250,519,551,521,277,276,286,470,469,460,459,11,638,639,5,499,637,8,666,505,503,98,96,97,107,355,32,33,145,143,144,364,662
421,482,409,410,490,341,320,318,316,314,317,656,413,447,193,192,229,449,189,206,186,227,250,519,551,521,277,276,286,470,469,460,459,11,638,639,5,499,637,8,666,505,503,98,96,97,107,355,32,33,145,143,144,364,662
421,482,408,406,428,426,340,319,318,419,317,656,413,447,193,191,190,188,189,206,186,227,250,519,551,521,277,276,286,470,469,460,459,11,638,639,5,499,637,8,666,505,503,98,96,97,107,355,32,33,145,143,144,364,662
421,482,409,410,490,341,320,318,316,314,317,656,413,447,193,191,190,449,189,206,186,227,250,519,551,521,277,276,286,470,468,460,459,11,638,639,5,499,637,8,666,505,503,98,96,97,109,355,32,33,145,143,144,364,662
421,482,409,406,404,407,339,314,317,656,413,447,193,191,190,188,187,185,183,518,517,519,551,521,277,276,286,470,469,460,459,11,638,639,5,499,637,8,666,505,503,98,96,97,107,355,32,33,145,143,144,364,662
421,482,409,406,404,407,339,314,317,656,413,447,193,191,190,188,187,185,183,518,653,250,519,551,521,277,276,286,470,469,460,459,11,638,639,5,499,637,8,666,505,503,98,96,97,109,355,32,33,145,143,144,364,662
421,482,409,410,490,341,320,321,411,419,317,656,413,447,193,191,190,188,187,185,183,518,653,250,519,551,521,277,276,286,470,468,460,459,11,638,639,5,499,637,8,666,505,503,98,96,97,107,355,32,33,145,143,144,364,662
421,482,409,410,490,340,319,318,419,317,656,413,447,193,191,190,449,189,206,186,227,250,519,551,224,277,276,286,470,469,460,459,11,638,639,5,499,637,8,666,505,503,98,96,97,107,355,32,33,145,143,144,364,662
421,482,409,410,490,341,320,321,411,419,317,656,413,447,193,191,190,188,187,185,183,249,653,250,519,551,521,277,276,286,470,469,460,459,11,638,639,5,499,637,8,666,505,503,98,96,97,109,355,32,33,145,143,144,364,662
421,482,408,424,484,404,407,339,314,317,656,413,447,193,191,190,188,187,185,183,249,653,250,519,551,224,277,276,286,470,468,460,459,11,638,639,5,499,637,8,666,505,503,98,96,97,109,355,32,33,145,143,144,364,662
421,482,408,424,484,404,407,339,314,317,656,413,447,193,191,190,449,189,206,186,227,250,519,551,224,640,222,286,470,468,460,459,11,638,639,5,499,637,8,666,505,503,98,96,97,107,355,32,33,145,143,144,364,662
421,482,409,410,490,341,319,338,339,314,317,656,413,447,193,191,190,188,187,185,186,227,250,519,551,521,277,276,286,470,469,460,459,11,638,639,5,499,637,8,666,505,503,98,96,97,107,355,32,33,145,143,144,364,662
421,482,408,406,428,426,340,319,318,419,317,656,413,447,193,191,190,188,187,185,186,227,250,519,551,521,277,276,286,470,469,460,459,11,638,639,5,499,637,8,666,505,503,98,96,97,107,355,32,33,145,143,144,364,662
421,482,409,410,490,341,319,338,339,314,317,656,413,447,193,191,190,188,187,185,183,518,517,519,551,224,640,222,642,469,460,459,11,638,639,5,499,637,8,666,505,503,98,96,97,107,355,32,33,145,143,144,364,662
421,482,409,406,428,426,427,407,339,314,317,656,413,447,193,191,190,188,187,185,183,518,517,519,551,521,277,276,286,470,468,460,459,11,638,639,5,499,637,8,666,505,503,98,96,97,109,355,32,33,145,143,144,364,662
421,482,408,406,428,426,340,319,338,339,314,317,656,413,447,193,192,229,449,189,206,186,227,250,519,551,521,277,276,286,470,468,177,461,638,639,5,499,637,8,666,505,503,98,96,97,109,355,32,33,145,143,144,364,662
421,482,409,410,490,341,319,338,339,314,317,656,413,447,193,191,190,188,187,185,183,518,653,250,519,551,224,640,222,642,469,460,459,11,638,639,5,499,637,8,666,505,503,98,96,97,109,355,32,33,145,143,144,364,662
421,482,409,410,490,341,319,318,419,317,656,413,447,193,191,190,188,187,185,183,249,653,250,519,551,224,640,222,642,469,460,459,11,638,639,5,499,637,8,666,505,503,98,96,97,109,355,32,33,145,143,144,364,662
421,482,408,406,428,426,340,319,318,419,317,656,413,447,193,191,190,188,187,185,183,518,517,519,551,224,640,222,642,469,460,459,11,638,639,5,499,637,8,666,505,503,98,96,97,107,355,32,33,145,143,144,364,662
421,482,409,410,490,341,319,338,339,314,317,656,413,447,193,191,190,188,187,185,183,518,517,269,747,225,641,220,222,642,469,460,459,11,638,639,5,499,637,8,666,505,503,98,96,97,107,355,32,33,145,143,144,364,662
421,482,408,406,428,426,340,319,318,316,314,317,656,413,447,193,191,190,188,187,185,183,518,517,269,747,225,641,220,221,217,218,182,216,613,565,639,5,499,637,8,666,505,503,98,96,97,107,355,32,33,145,143,144,364,662
421,482,408,406,428,426,340,319,318,419,317,656,413,447,193,191,190,188,187,185,183,518,653,250,519,551,224,640,222,642,469,460,459,11,638,639,5,499,637,8,666,505,503,98,96,97,109,355,32,33,145,143,144,364,662
421,482,408,406,428,426,340,319,318,419,317,656,413,447,193,191,190,188,187,185,183,518,517,269,747,225,641,220,222,642,469,460,459,11,638,639,5,499,637,8,666,505,503,98,96,97,107,355,32,33,145,143,144,364,662
421,482,408,424,484,404,407,339,314,317,656,413,447,193,192,229,449,189,206,186,227,250,519,551,224,277,276,286,470,469,460,459,11,638,639,5,499,637,8,666,505,503,98,96,97,109,355,32,33,145,143,144,364,662
421,482,408,406,428,426,340,319,318,316,314,317,656,413,447,193,192,229,449,189,206,186,227,250,519,551,224,640,222,642,469,460,459,11,638,639,5,499,637,8,666,505,503,98,96,97,107,355,32,33,145,143,144,364,662
421,482,409,410,490,340,319,338,339,314,317,656,413,447,193,191,190,188,187,185,183,249,653,250,519,551,224,277,276,286,470,469,460,459,11,638,639,5,499,637,8,666,505,503,98,96,97,107,355,32,33,145,143,144,364,662
421,482,409,410,490,341,320,318,419,317,656,413,447,193,191,190,188,187,185,183,518,517,519,551,521,277,276,286,470,468,460,459,11,638,639,5,499,637,8,666,505,503,98,96,97,107,355,32,33,145,143,144,364,662
421,482,409,410,490,341,320,318,419,317,656,413,447,193,191,190,188,187,185,183,518,653,250,519,551,521,277,276,286,470,468,460,459,11,638,639,5,499,637,8,666,505,503,98,96,97,109,355,32,33,145,143,144,364,662
421,482,409,406,428,426,427,407,339,314,317,656,413,447,193,191,190,188,187,185,183,518,653,250,519,551,224,640,222,642,469,460,459,11,638,639,5,499,637,8,666,505,503,98,96,97,107,355,32,33,145,143,144,364,662
421,482,409,410,490,341,319,338,339,314,317,656,413,447,193,191,190,188,189,206,186,227,250,519,551,521,277,276,286,470,468,460,459,11,638,639,5,499,637,8,666,505,503,98,96,97,107,355,32,33,145,143,144,364,662
421,482,408,406,428,426,427,407,339,314,317,656,413,447,193,191,190,188,187,185,183,518,653,250,519,551,224,640,222,642,219,459,11,638,639,5,499,637,8,666,505,503,98,96,97,107,355,32,33,145,143,144,364,662
421,482,409,410,490,341,320,318,316,314,317,656,413,447,193,192,229,449,189,206,186,227,250,519,551,521,277,276,286,470,468,460,459,11,638,639,5,499,637,8,666,505,503,98,96,97,107,355,32,33,145,143,144,364,662
421,482,409,406,428,426,340,319,318,316,314,317,656,413,447,193,191,190,188,187,185,183,249,653,250,519,551,521,277,276,286,470,469,460,459,11,638,639,5,499,637,8,666,505,503,98,96,97,107,355,32,33,145,143,144,364,662
421,482,408,406,428,426,340,319,318,419,317,656,413,447,193,191,190,188,189,206,186,227,250,519,551,521,277,276,286,470,468,460,459,11,638,639,5,499,637,8,666,505,503,98,96,97,107,355,32,33,145,143,144,364,662
421,482,409,410,490,341,320,318,316,314,317,656,413,447,193,191,190,188,187,185,183,518,517,269,747,225,641,220,221,217,218,182,216,613,565,564,581,498,497,499,637,8,666,505,503,98,96,97,109,355,32,33,145,143,144,364,662
421,482,409,406,404,407,339,314,317,656,413,447,193,191,190,188,187,185,183,518,517,519,551,521,277,276,286,470,468,460,459,11,638,639,5,499,637,8,666,505,503,98,96,97,107,355,32,33,145,143,144,364,662
421,482,408,406,428,426,340,319,338,339,314,317,656,413,447,193,191,190,188,189,206,186,227,250,519,551,521,277,276,286,470,469,460,459,11,638,639,5,499,637,8,666,505,503,98,96,97,109,355,32,33,145,143,144,364,662
421,482,409,406,404,407,339,314,317,656,413,447,193,191,190,188,187,185,183,518,653,250,519,551,521,277,276,286,470,468,460,459,11,638,639,5,499,637,8,666,505,503,98,96,97,109,355,32,33,145,143,144,364,662
421,482,409,410,490,340,319,318,419,317,656,413,447,193,191,190,449,189,206,186,227,250,519,551,224,277,276,286,470,468,460,459,11,638,639,5,499,637,8,666,505,503,98,96,97,107,355,32,33,145,143,144,364,662
421,482,409,410,490,341,320,321,411,419,317,656,413,447,193,191,190,188,187,185,183,249,653,250,519,551,521,277,276,286,470,468,460,459,11,638,639,5,499,637,8,666,505,503,98,96,97,109,355,32,33,145,143,144,364,662
421,482,409,410,490,340,319,338,339,314,317,656,413,447,193,191,190,449,189,206,186,227,250,519,551,224,277,276,286,470,469,460,459,11,638,639,5,499,637,8,666,505,503,98,96,97,109,355,32,33,145,143,144,364,662
421,482,408,406,428,426,427,407,339,314,317,656,413,447,193,191,190,449,189,206,186,227,250,519,551,224,277,276,286,470,468,177,461,638,639,5,499,637,8,666,505,503,98,96,97,107,355,32,33,145,143,144,364,662
421,482,409,410,490,341,319,338,339,314,317,656,413,447,193,191,190,188,187,185,186,227,250,519,551,521,277,276,286,470,468,460,459,11,638,639,5,499,637,8,666,505,503,98,96,97,107,355,32,33,145,143,144,364,662
421,482,408,406,428,426,340,319,318,419,317,656,413,447,193,191,190,188,187,185,186,227,250,519,551,521,277,276,286,470,468,460,459,11,638,639,5,499,637,8,666,505,503,98,96,97,107,355,32,33,145,143,144,364,662
421,482,409,406,428,426,340,319,318,316,314,317,656,413,447,193,191,190,449,189,206,186,227,250,519,551,521,277,276,286,470,469,460,459,11,638,639,5,499,637,8,666,505,503,98,96,97,109,355,32,33,145,143,144,364,662
421,482,408,406,428,426,340,319,338,339,314,317,656,413,447,193,191,190,188,187,185,186,227,250,519,551,521,277,276,286,470,469,460,459,11,638,639,5,499,637,8,666,505,503,98,96,97,109,355,32,33,145,143,144,364,662
421,482,409,410,490,341,320,321,411,419,317,656,413,447,193,192,229,449,189,206,186,227,250,519,551,521,277,276,286,470,469,460,459,11,638,639,5,499,637,8,666,505,503,98,96,97,109,355,32,33,145,143,144,364,662
421,482,408,406,428,426,427,407,339,314,317,656,413,447,193,191,190,188,187,185,183,518,653,250,519,551,224,640,222,286,470,469,460,459,11,638,639,5,499,637,8,666,505,503,98,96,97,107,355,32,33,145,143,144,364,662
421,482,408,406,428,426,340,319,338,339,314,317,656,413,447,193,191,190,188,187,185,183,518,517,519,551,224,640,222,642,469,460,459,11,638,639,5,499,637,8,666,505,503,98,96,97,109,355,32,33,145,143,144,364,662
421,482,409,406,428,426,340,319,318,316,314,317,656,413,447,193,191,190,188,187,185,183,518,517,269,747,225,641,220,221,217,218,182,216,613,565,564,5,499,637,8,666,505,503,98,96,97,109,355,32,33,145,143,144,364,662
421,482,408,406,428,426,340,319,338,339,314,317,656,413,447,193,191,190,188,187,185,183,518,517,269,747,225,641,220,222,642,469,460,459,11,638,639,5,499,637,8,666,505,503,98,96,97,109,355,32,33,145,143,144,364,662
421,482,408,424,484,404,407,339,314,317,656,413,447,193,192,229,449,189,206,186,227,250,519,551,224,277,276,286,470,468,460,459,11,638,639,5,499,637,8,666,505,503,98,96,97,109,355,32,33,145,143,144,364,662
421,482,409,410,490,340,319,338,339,314,317,656,413,447,193,191,190,188,187,185,183,249,653,250,519,551,224,277,276,286,470,468,460,459,11,638,639,5,499,637,8,666,505,503,98,96,97,107,355,32,33,145,143,144,364,662
421,482,409,410,490,341,319,318,419,317,656,413,447,193,191,190,188,187,185,183,518,517,269,747,225,641,220,221,217,218,182,216,613,565,639,5,499,637,8,666,505,503,98,96,97,109,355,32,33,145,143,144,364,662
421,482,409,410,490,341,319,338,339,314,317,656,413,447,193,191,190,188,187,185,183,518,517,269,747,225,641,220,221,642,469,460,459,11,638,639,5,499,637,8,666,505,503,98,96,97,107,355,32,33,145,143,144,364,662
421,482,409,410,426,340,319,338,339,314,317,656,413,447,193,191,190,449,189,206,186,227,250,519,551,224,277,276,286,470,469,460,459,11,638,639,5,499,637,8,666,505,503,98,96,97,107,355,32,33,145,143,144,364,662
421,482,409,406,428,426,427,407,339,314,317,656,413,447,193,191,190,188,187,185,183,249,653,250,519,551,224,640,222,642,469,460,459,11,638,639,5,499,637,8,666,505,503,98,96,97,109,355,32,33,145,143,144,364,662
421,482,409,410,490,341,319,318,419,317,656,413,447,193,192,229,449,189,206,186,227,250,519,551,224,640,222,642,469,460,459,11,638,639,5,499,637,8,666,505,503,98,96,97,109,355,32,33,145,143,144,364,662
421,482,409,410,490,341,320,321,411,419,317,656,413,447,193,191,190,449,189,206,186,227,250,519,551,224,640,222,642,469,460,459,11,638,639,5,499,637,8,666,505,503,98,96,97,107,355,32,33,145,143,144,364,662
421,482,409,406,428,426,340,319,318,316,314,317,656,413,447,193,191,190,188,187,185,183,249,653,250,519,551,521,277,276,286,470,468,460,459,11,638,639,5,499,637,8,666,505,503,98,96,97,107,355,32,33,145,143,144,364,662
421,482,408,406,428,426,427,407,339,314,317,656,413,447,193,191,190,188,187,185,183,518,517,519,551,224,277,276,286,470,469,460,459,11,638,639,5,499,637,8,666,505,503,98,96,97,109,355,32,33,145,143,144,364,662
421,482,408,406,428,426,340,319,318,419,317,656,413,447,193,191,190,188,187,185,183,518,517,269,747,225,641,220,221,642,469,460,459,11,638,639,5,499,637,8,666,505,503,98,96,97,107,355,32,33,145,143,144,364,662
421,482,408,406,428,426,427,407,339,314,317,656,413,447,193,191,190,188,187,185,183,249,653,250,519,551,521,277,276,286,470,468,469,460,459,11,638,639,5,499,637,8,666,505,503,98,96,97,107,355,32,33,145,143,144,364,662
421,482,408,406,428,426,427,407,339,314,317,656,413,447,193,191,190,188,187,185,183,249,653,250,519,551,224,640,222,642,219,459,11,638,639,5,499,637,8,666,505,503,98,96,97,109,355,32,33,145,143,144,364,662
421,482,408,406,428,426,340,319,338,339,314,317,656,413,447,193,191,190,188,189,206,186,227,250,519,551,521,277,276,286,470,468,460,459,11,638,639,5,499,637,8,666,505,503,98,96,97,109,355,32,33,145,143,144,364,662
421,482,409,410,490,340,319,338,339,314,317,656,413,447,193,192,229,449,189,206,186,227,250,519,551,224,277,276,286,470,469,460,459,11,638,639,5,499,637,8,666,505,503,98,96,97,107,355,32,33,145,143,144,364,662
421,482,409,406,428,426,340,319,318,419,317,656,413,447,193,191,190,188,187,185,183,518,517,519,551,521,277,276,286,470,469,460,459,11,638,639,5,499,637,8,666,505,503,98,96,97,107,355,32,33,145,143,144,364,662
421,482,409,410,490,340,319,338,339,314,317,656,413,447,193,191,190,449,189,206,186,227,250,519,551,224,277,276,286,470,468,460,459,11,638,639,5,499,637,8,666,505,503,98,96,97,109,355,32,33,145,143,144,364,662
421,482,409,410,490,341,320,318,419,317,656,413,447,193,191,190,188,187,185,183,249,653,250,519,551,224,640,222,642,469,460,459,11,638,639,5,499,637,8,666,505,503,98,96,97,107,355,32,33,145,143,144,364,662
421,482,409,406,428,426,340,319,318,419,317,656,413,447,193,191,190,188,187,185,183,518,653,250,519,551,521,277,276,286,470,469,460,459,11,638,639,5,499,637,8,666,505,503,98,96,97,109,355,32,33,145,143,144,364,662
421,482,408,406,428,426,427,407,339,314,317,656,413,447,193,191,190,188,187,185,183,249,653,250,519,551,521,277,276,286,470,469,460,459,11,638,639,5,499,637,8,666,505,503,98,96,97,107,355,362,708,33,145,143,144,364,662
421,482,409,406,428,426,340,319,318,316,314,317,656,413,447,193,192,229,449,189,206,186,227,250,519,551,521,277,276,286,470,469,460,459,11,638,639,5,499,637,8,666,505,503,98,96,97,107,355,32,33,145,143,144,364,662
421,482,409,406,428,426,340,319,318,316,314,317,656,413,447,193,191,190,449,189,206,186,227,250,519,551,521,277,276,286,470,468,460,459,11,638,639,5,499,637,8,666,505,503,98,96,97,109,355,32,33,145,143,144,364,662
421,482,408,406,428,426,427,407,339,314,317,656,413,447,193,191,190,449,189,206,186,227,250,519,551,521,277,276,286,470,468,469,460,459,11,638,639,5,499,637,8,666,505,503,98,96,97,109,355,32,33,145,143,144,364,662
421,482,409,406,404,407,339,314,317,656,413,447,193,191,190,188,187,185,183,249,653,250,519,551,224,640,222,642,469,460,459,11,638,639,5,499,637,8,666,505,503,98,96,97,107,355,32,33,145,143,144,364,662
421,482,408,406,428,426,340,319,338,339,314,317,656,413,447,193,191,190,188,187,185,186,227,250,519,551,521,277,276,286,470,468,460,459,11,638,639,5,499,637,8,666,505,503,98,96,97,109,355,32,33,145,143,144,364,662
421,482,409,406,428,426,340,319,338,339,314,317,656,413,447,193,191,190,449,189,206,186,227,250,519,551,521,277,276,286,470,468,177,461,638,639,5,499,637,8,666,505,503,98,96,97,107,355,32,33,145,143,144,364,662
421,482,408,406,404,407,339,314,317,656,413,447,193,191,190,188,187,185,183,518,517,519,551,224,277,276,286,470,469,460,459,11,638,639,5,499,637,8,666,505,503,98,96,97,107,355,32,33,145,143,144,364,662
421,482,409,410,490,341,320,321,411,419,317,656,413,447,193,192,229,449,189,206,186,227,250,519,551,521,277,276,286,470,468,460,459,11,638,639,5,499,637,8,666,505,503,98,96,97,109,355,32,33,145,143,144,364,662
421,482,408,406,404,407,339,314,317,656,413,447,193,191,190,188,187,185,183,249,653,250,519,551,224,640,222,642,219,459,11,638,639,5,499,637,8,666,505,503,98,96,97,107,355,32,33,145,143,144,364,662
421,482,408,406,404,407,339,314,317,656,413,447,193,191,190,188,187,185,183,518,653,250,519,551,224,277,276,286,470,469,460,459,11,638,639,5,499,637,8,666,505,503,98,96,97,109,355,32,33,145,143,144,364,662
421,482,408,406,428,426,427,407,339,314,317,656,413,447,193,191,190,188,187,185,183,518,653,250,519,551,224,640,222,286,470,468,460,459,11,638,639,5,499,637,8,666,505,503,98,96,97,107,355,32,33,145,143,144,364,662
421,482,408,406,428,426,427,407,339,314,317,656,413,447,193,191,190,188,187,185,183,249,653,250,519,551,224,640,222,286,470,469,460,459,11,638,639,5,499,637,8,666,505,503,98,96,97,109,355,32,33,145,143,144,364,662
421,482,409,410,490,341,320,318,419,317,656,413,447,193,191,190,449,189,206,186,227,250,519,551,224,640,222,642,469,460,459,11,638,639,5,499,637,8,666,505,503,98,96,97,109,355,32,33,145,143,144,364,662
421,482,408,406,428,426,427,407,339,314,317,656,413,447,193,191,190,449,189,206,186,227,250,519,551,521,277,276,286,470,469,460,459,11,638,639,5,499,637,8,666,505,503,98,96,97,109,355,362,708,33,145,143,144,364,662
421,482,409,410,490,341,319,318,316,314,317,656,413,447,193,191,190,449,189,206,186,227,250,519,551,224,277,276,286,470,469,460,459,11,638,639,5,499,637,8,666,505,503,98,96,97,107,355,32,33,145,143,144,364,662
421,482,408,424,484,404,407,339,314,317,656,413,447,193,191,190,188,187,185,183,249,227,250,519,551,521,277,276,286,470,469,460,459,11,638,639,5,499,637,8,666,505,503,98,96,97,107,355,32,33,145,143,144,364,662
421,482,409,410,426,340,319,338,339,314,317,656,413,447,193,191,190,449,189,206,186,227,250,519,551,224,277,276,286,470,468,460,459,11,638,639,5,499,637,8,666,505,503,98,96,97,107,355,32,33,145,143,144,364,662
421,482,409,406,404,407,339,314,317,656,413,447,193,191,190,449,189,206,186,227,250,519,551,224,640,222,642,469,460,459,11,638,639,5,499,637,8,666,505,503,98,96,97,109,355,32,33,145,143,144,364,662
421,482,408,406,428,426,427,407,339,314,317,656,413,447,193,191,190,188,187,185,183,518,517,269,747,225,641,220,221,217,218,182,216,613,565,564,5,499,637,8,666,505,503,98,96,97,109,355,362,708,33,145,143,144,364,662
421,482,408,406,428,426,427,407,339,314,317,656,413,447,193,191,190,188,187,185,183,518,517,519,551,224,277,276,286,470,468,460,459,11,638,639,5,499,637,8,666,505,503,98,96,97,109,355,32,33,145,143,144,364,662
421,482,408,406,404,407,339,314,317,656,413,447,193,191,190,449,189,206,186,227,250,519,551,521,277,276,286,470,468,469,460,459,11,638,639,5,499,637,8,666,505,503,98,96,97,107,355,32,33,145,143,144,364,662
421,482,408,406,404,407,339,314,317,656,413,447,193,191,190,449,189,206,186,227,250,519,551,224,640,222,642,219,459,11,638,639,5,499,637,8,666,505,503,98,96,97,109,355,32,33,145,143,144,364,662
421,482,408,406,428,426,340,319,338,339,314,317,656,413,447,193,191,190,188,187,185,183,518,517,269,747,225,641,220,221,642,469,460,459,11,638,639,5,499,637,8,666,505,503,98,96,97,109,355,32,33,145,143,144,364,662
421,482,409,410,490,340,319,338,339,314,317,656,413,447,193,192,229,449,189,206,186,227,250,519,551,224,277,276,286,470,468,460,459,11,638,639,5,499,637,8,666,505,503,98,96,97,107,355,32,33,145,143,144,364,662
421,482,409,406,428,426,427,407,339,314,317,656,413,447,193,191,190,188,187,185,183,518,517,269,747,225,641,220,221,217,218,182,216,613,565,639,5,499,637,8,666,505,503,98,96,97,109,355,32,33,145,143,144,364,662
421,482,409,406,428,426,340,319,318,419,317,656,413,447,193,191,190,188,187,185,183,518,517,519,551,521,277,276,286,470,468,460,459,11,638,639,5,499,637,8,666,505,503,98,96,97,107,355,32,33,145,143,144,364,662
421,482,408,424,484,404,407,339,314,317,656,413,447,193,191,190,188,187,206,186,227,250,519,551,521,277,276,286,470,469,460,459,11,638,639,5,499,637,8,666,505,503,98,96,97,107,355,32,33,145,143,144,364,662
421,482,409,406,428,426,340,319,318,419,317,656,413,447,193,191,190,188,187,185,183,518,653,250,519,551,521,277,276,286,470,468,460,459,11,638,639,5,499,637,8,666,505,503,98,96,97,109,355,32,33,145,143,144,364,662
421,482,408,406,404,407,339,314,317,656,413,447,193,191,190,188,187,185,183,249,653,250,519,551,224,640,222,286,470,469,460,459,11,638,639,5,499,637,8,666,505,503,98,96,97,107,355,32,33,145,143,144,364,662
421,482,409,406,428,426,340,319,338,339,314,317,656,413,447,193,191,190,188,187,185,183,518,517,519,551,521,277,276,286,470,469,460,459,11,638,639,5,499,637,8,666,505,503,98,96,97,109,355,32,33,145,143,144,364,662
421,482,408,406,428,426,427,407,339,314,317,656,413,447,193,191,190,188,187,185,183,249,653,250,519,551,521,277,276,286,470,468,460,459,11,638,639,5,499,637,8,666,505,503,98,96,97,107,355,362,708,33,145,143,144,364,662
421,482,408,406,404,407,339,314,317,656,413,447,193,191,190,449,189,206,186,227,250,519,551,521,277,276,286,470,469,460,459,11,638,639,5,499,637,8,666,505,503,98,96,97,107,355,362,708,33,145,143,144,364,662
421,482,409,406,428,426,427,407,339,314,317,656,413,447,193,192,229,449,189,206,186,227,250,519,551,224,640,222,642,469,460,459,11,638,639,5,499,637,8,666,505,503,98,96,97,109,355,32,33,145,143,144,364,662
421,482,409,406,428,426,340,319,318,316,314,317,656,413,447,193,192,229,449,189,206,186,227,250,519,551,521,277,276,286,470,468,460,459,11,638,639,5,499,637,8,666,505,503,98,96,97,107,355,32,33,145,143,144,364,662
421,482,408,406,428,426,427,407,339,314,317,656,413,447,193,192,229,449,189,206,186,227,250,519,551,521,277,276,286,470,468,469,460,459,11,638,639,5,499,637,8,666,505,503,98,96,97,107,355,32,33,145,143,144,364,662
421,482,409,406,428,426,340,319,318,316,314,317,656,413,447,193,191,190,188,187,185,183,518,517,269,747,225,641,220,221,217,218,182,216,613,565,564,581,498,497,499,637,8,666,505,503,98,96,97,109,355,32,33,145,143,144,364,662
421,482,408,406,428,426,427,407,339,314,317,656,413,447,193,192,229,449,189,206,186,227,250,519,551,224,640,222,642,219,459,11,638,639,5,499,637,8,666,505,503,98,96,97,109,355,32,33,145,143,144,364,662
421,482,408,406,428,426,340,319,318,316,314,317,656,413,447,193,191,190,188,187,185,183,249,653,250,519,551,224,277,276,286,470,469,460,459,11,638,639,5,499,637,8,666,505,503,98,96,97,107,355,32,33,145,143,144,364,662
421,482,409,410,490,341,320,318,419,317,656,413,447,193,191,190,188,187,185,183,518,517,269,747,225,641,220,221,217,218,182,216,613,565,639,5,499,637,8,666,505,503,98,96,97,107,355,32,33,145,143,144,364,662
421,482,408,406,404,407,339,314,317,656,413,447,193,191,190,188,187,185,183,518,517,269,747,225,641,220,221,217,218,182,216,613,565,564,5,499,637,8,666,505,503,98,96,97,107,355,362,708,33,145,143,144,364,662
421,482,408,406,404,407,339,314,317,656,413,447,193,191,190,188,187,185,183,518,517,519,551,224,277,276,286,470,468,460,459,11,638,639,5,499,637,8,666,505,503,98,96,97,107,355,32,33,145,143,144,364,662
421,482,408,406,404,407,339,314,317,656,413,447,193,191,190,188,187,185,183,518,653,250,519,551,224,277,276,286,470,468,460,459,11,638,639,5,499,637,8,666,505,503,98,96,97,109,355,32,33,145,143,144,364,662
421,482,409,410,490,341,319,318,419,317,656,413,447,193,191,190,188,187,185,183,518,653,250,519,551,224,277,276,286,470,469,460,459,11,638,639,5,499,637,8,666,505,503,98,96,97,107,355,32,33,145,143,144,364,662
421,482,409,410,490,341,320,318,419,317,656,413,447,193,192,229,449,189,206,186,227,250,519,551,224,640,222,642,469,460,459,11,638,639,5,499,637,8,666,505,503,98,96,97,107,355,32,33,145,143,144,364,662
421,482,408,406,428,426,427,407,339,314,317,656,413,447,193,191,190,188,187,185,183,249,653,250,519,551,224,640,222,286,470,468,460,459,11,638,639,5,499,637,8,666,505,503,98,96,97,109,355,32,33,145,143,144,364,662
421,482,408,406,428,426,427,407,339,314,317,656,413,447,193,192,229,449,189,206,186,227,250,519,551,521,277,276,286,470,469,460,459,11,638,639,5,499,637,8,666,505,503,98,96,97,107,355,362,708,33,145,143,144,364,662
421,482,408,406,404,407,339,314,317,656,413,447,193,191,190,449,189,206,186,227,250,519,551,224,640,222,286,470,469,460,459,11,638,639,5,499,637,8,666,505,503,98,96,97,109,355,32,33,145,143,144,364,662
421,482,409,410,426,427,407,339,314,317,656,413,447,193,191,190,188,187,185,183,518,517,519,551,521,277,276,286,470,469,460,459,11,638,639,5,499,637,8,666,505,503,98,96,97,107,355,32,33,145,143,144,364,662
421,482,408,406,428,426,427,407,339,314,317,656,413,447,193,191,190,449,189,206,186,227,250,519,551,521,277,276,286,470,468,460,459,11,638,639,5,499,637,8,666,505,503,98,96,97,109,355,362,708,33,145,143,144,364,662
421,482,409,406,404,407,339,314,317,656,413,447,193,191,190,188,187,185,183,518,517,269,747,225,641,220,221,217,218,182,216,613,565,639,5,499,637,8,666,505,503,98,96,97,107,355,32,33,145,143,144,364,662
421,482,409,410,490,341,319,318,316,314,317,656,413,447,193,191,190,449,189,206,186,227,250,519,551,224,277,276,286,470,468,460,459,11,638,639,5,499,637,8,666,505,503,98,96,97,107,355,32,33,145,143,144,364,662
421,482,409,410,426,427,407,339,314,317,656,413,447,193,191,190,188,187,185,183,518,653,250,519,551,521,277,276,286,470,469,460,459,11,638,639,5,499,637,8,666,505,503,98,96,97,109,355,32,33,145,143,144,364,662
421,482,408,424,484,404,407,339,314,317,656,413,447,193,191,190,188,187,185,183,249,227,250,519,551,521,277,276,286,470,468,460,459,11,638,639,5,499,637,8,666,505,503,98,96,97,107,355,32,33,145,143,144,364,662
421,482,409,406,404,407,339,314,317,656,413,447,193,192,229,449,189,206,186,227,250,519,551,224,640,222,642,469,460,459,11,638,639,5,499,637,8,666,505,503,98,96,97,107,355,32,33,145,143,144,364,662
421,482,408,406,428,426,340,319,318,316,314,317,656,413,447,193,191,190,449,189,206,186,227,250,519,551,224,277,276,286,470,469,460,459,11,638,639,5,499,637,8,666,505,503,98,96,97,109,355,32,33,145,143,144,364,662
421,482,408,406,404,407,339,314,317,656,413,447,193,192,229,449,189,206,186,227,250,519,551,224,640,222,642,219,459,11,638,639,5,499,637,8,666,505,503,98,96,97,107,355,32,33,145,143,144,364,662
421,482,409,410,490,341,319,318,419,317,656,413,447,193,191,190,449,189,206,186,227,250,519,551,224,640,222,642,219,459,11,638,639,5,499,637,8,666,505,503,98,96,97,107,355,32,33,145,143,144,364,662
421,482,408,406,428,426,427,407,339,314,317,656,413,447,193,192,229,449,189,206,186,227,250,519,551,224,640,222,286,470,469,460,459,11,638,639,5,499,637,8,666,505,503,98,96,97,109,355,32,33,145,143,144,364,662
421,482,408,424,484,404,407,339,314,317,656,413,447,193,191,190,188,187,185,183,249,653,250,519,551,521,277,276,286,470,468,177,461,638,639,5,499,637,8,666,505,503,98,96,97,107,355,32,33,145,143,144,364,662
421,482,408,424,484,404,407,339,314,317,656,413,447,193,191,190,188,187,206,186,227,250,519,551,521,277,276,286,470,468,460,459,11,638,639,5,499,637,8,666,505,503,98,96,97,107,355,32,33,145,143,144,364,662
421,482,408,406,404,407,339,314,317,656,413,447,193,191,190,188,187,185,183,249,653,250,519,551,224,640,222,286,470,468,460,459,11,638,639,5,499,637,8,666,505,503,98,96,97,107,355,32,33,145,143,144,364,662
421,482,409,406,428,426,340,319,338,339,314,317,656,413,447,193,191,190,188,187,185,183,518,517,519,551,521,277,276,286,470,468,460,459,11,638,639,5,499,637,8,666,505,503,98,96,97,109,355,32,33,145,143,144,364,662
421,482,408,406,404,407,339,314,317,656,413,447,193,191,190,449,189,206,186,227,250,519,551,521,277,276,286,470,468,460,459,11,638,639,5,499,637,8,666,505,503,98,96,97,107,355,362,708,33,145,143,144,364,662
421,482,408,406,428,426,340,319,318,316,314,317,656,413,447,193,191,190,188,187,185,183,249,653,250,519,551,224,277,276,286,470,468,460,459,11,638,639,5,499,637,8,666,505,503,98,96,97,107,355,32,33,145,143,144,364,662
421,482,409,410,490,340,319,318,316,314,317,656,413,447,193,191,190,188,187,185,183,249,653,250,519,551,521,277,276,286,470,469,460,459,11,638,639,5,499,637,8,666,505,503,98,96,97,107,355,32,33,145,143,144,364,662
421,482,409,410,490,341,319,318,419,317,656,413,447,193,191,190,188,187,185,183,518,653,250,519,551,224,277,276,286,470,468,460,459,11,638,639,5,499,637,8,666,505,503,98,96,97,107,355,32,33,145,143,144,364,662
421,482,409,410,490,341,319,338,339,314,317,656,413,447,193,191,190,188,187,185,183,518,517,519,551,224,277,276,286,470,469,460,459,11,638,639,5,499,637,8,666,505,503,98,96,97,107,355,32,33,145,143,144,364,662
421,482,409,406,428,426,340,319,338,339,314,317,656,413,447,193,191,190,188,187,185,183,518,653,250,519,551,224,640,222,642,469,460,459,11,638,639,5,499,637,8,666,505,503,98,96,97,107,355,32,33,145,143,144,364,662
421,482,408,424,484,404,407,339,314,317,656,413,447,193,191,190,449,189,206,186,227,250,519,551,521,277,276,286,470,468,177,461,638,639,5,499,637,8,666,505,503,98,96,97,109,355,32,33,145,143,144,364,662
421,482,409,406,428,426,340,319,318,419,317,656,413,447,193,191,190,188,187,185,183,249,653,250,519,551,224,640,222,642,469,460,459,11,638,639,5,499,637,8,666,505,503,98,96,97,107,355,32,33,145,143,144,364,662
421,482,408,406,404,407,339,314,317,656,413,447,193,192,229,449,189,206,186,227,250,519,551,224,640,222,286,470,469,460,459,11,638,639,5,499,637,8,666,505,503,98,96,97,107,355,32,33,145,143,144,364,662
421,482,409,410,490,341,319,338,339,314,317,656,413,447,193,191,190,188,187,185,183,249,653,250,519,551,224,640,222,642,219,459,11,638,639,5,499,637,8,666,505,503,98,96,97,107,355,32,33,145,143,144,364,662
421,482,409,410,490,341,319,338,339,314,317,656,413,447,193,191,190,188,187,185,183,518,653,250,519,551,224,277,276,286,470,469,460,459,11,638,639,5,499,637,8,666,505,503,98,96,97,109,355,32,33,145,143,144,364,662
421,482,409,410,490,341,319,318,419,317,656,413,447,193,191,190,188,187,185,183,249,653,250,519,551,224,277,276,286,470,469,460,459,11,638,639,5,499,637,8,666,505,503,98,96,97,109,355,32,33,145,143,144,364,662
421,482,408,406,428,426,427,407,339,314,317,656,413,447,193,192,229,449,189,206,186,227,250,519,551,521,277,276,286,470,468,460,459,11,638,639,5,499,637,8,666,505,503,98,96,97,107,355,362,708,33,145,143,144,364,662
421,482,408,406,428,426,340,319,318,419,317,656,413,447,193,191,190,188,187,185,183,518,517,519,551,224,277,276,286,470,469,460,459,11,638,639,5,499,637,8,666,505,503,98,96,97,107,355,32,33,145,143,144,364,662
421,482,408,406,404,407,339,314,317,656,413,447,193,191,190,449,189,206,186,227,250,519,551,224,640,222,286,470,468,460,459,11,638,639,5,499,637,8,666,505,503,98,96,97,109,355,32,33,145,143,144,364,662
421,482,409,410,490,341,319,318,419,317,656,413,447,193,191,190,449,189,206,186,227,250,519,551,224,640,222,286,470,469,460,459,11,638,639,5,499,637,8,666,505,503,98,96,97,107,355,32,33,145,143,144,364,662
421,482,409,410,426,427,407,339,314,317,656,413,447,193,191,190,188,187,185,183,518,517,519,551,521,277,276,286,470,468,460,459,11,638,639,5,499,637,8,666,505,503,98,96,97,107,355,32,33,145,143,144,364,662
421,482,408,406,428,426,340,319,338,339,314,317,656,413,447,193,191,190,188,187,185,183,518,653,250,519,551,224,640,222,642,219,459,11,638,639,5,499,637,8,666,505,503,98,96,97,107,355,32,33,145,143,144,364,662
421,482,408,406,428,426,340,319,318,419,317,656,413,447,193,191,190,188,187,185,183,249,653,250,519,551,224,640,222,642,219,459,11,638,639,5,499,637,8,666,505,503,98,96,97,107,355,32,33,145,143,144,364,662
421,482,408,406,428,426,340,319,318,419,317,656,413,447,193,191,190,188,187,185,183,518,653,250,519,551,224,277,276,286,470,469,460,459,11,638,639,5,499,637,8,666,505,503,98,96,97,109,355,32,33,145,143,144,364,662
421,482,408,406,428,426,427,407,339,314,317,656,413,447,193,191,190,188,187,185,183,518,517,269,747,225,641,220,221,217,218,182,216,613,565,564,581,498,497,499,637,8,666,505,503,98,96,97,109,355,362,708,33,145,143,144,364,662
421,482,409,410,426,427,407,339,314,317,656,413,447,193,191,190,188,187,185,183,518,653,250,519,551,521,277,276,286,470,468,460,459,11,638,639,5,499,637,8,666,505,503,98,96,97,109,355,32,33,145,143,144,364,662
421,482,408,406,428,426,340,319,318,316,314,317,656,413,447,193,192,229,449,189,206,186,227,250,519,551,224,277,276,286,470,469,460,459,11,638,639,5,499,637,8,666,505,503,98,96,97,107,355,32,33,145,143,144,364,662
421,482,408,406,428,426,340,319,318,316,314,317,656,413,447,193,191,190,449,189,206,186,227,250,519,551,224,277,276,286,470,468,460,459,11,638,639,5,499,637,8,666,505,503,98,96,97,109,355,32,33,145,143,144,364,662
421,482,408,406,428,426,427,407,339,314,317,656,413,447,193,191,190,449,189,206,186,227,250,519,551,521,277,276,286,287,177,461,638,639,5,499,637,8,666,505,503,98,96,97,107,355,32,33,145,143,144,364,662
421,482,409,406,428,426,427,407,339,314,317,656,413,447,193,191,190,188,187,185,183,518,653,250,519,551,224,277,276,286,470,469,460,459,11,638,639,5,499,637,8,666,505,503,98,96,97,107,355,32,33,145,143,144,364,662
421,482,409,410,490,340,319,318,316,314,317,656,413,447,193,191,190,449,189,206,186,227,250,519,551,521,277,276,286,470,469,460,459,11,638,639,5,499,637,8,666,505,503,98,96,97,109,355,32,33,145,143,144,364,662
421,482,408,406,428,426,340,319,338,339,314,317,656,413,447,193,191,190,449,189,206,186,227,250,519,551,224,277,276,286,470,468,177,461,638,639,5,499,637,8,666,505,503,98,96,97,107,355,32,33,145,143,144,364,662
421,482,408,406,428,426,427,407,339,314,317,656,413,447,193,192,229,449,189,206,186,227,250,519,551,224,640,222,286,470,468,460,459,11,638,639,5,499,637,8,666,505,503,98,96,97,109,355,32,33,145,143,144,364,662
421,482,409,406,428,426,340,319,318,419,317,656,413,447,193,191,190,449,189,206,186,227,250,519,551,224,640,222,642,469,460,459,11,638,639,5,499,637,8,666,505,503,98,96,97,109,355,32,33,145,143,144,364,662
421,482,409,410,490,341,319,338,339,314,317,656,413,447,193,191,190,449,189,206,186,227,250,519,551,521,277,276,286,470,468,469,460,459,11,638,639,5,499,637,8,666,505,503,98,96,97,107,355,32,33,145,143,144,364,662
421,482,409,410,490,341,319,338,339,314,317,656,413,447,193,191,190,449,189,206,186,227,250,519,551,224,640,222,642,219,459,11,638,639,5,499,637,8,666,505,503,98,96,97,109,355,32,33,145,143,144,364,662
421,482,408,406,428,426,340,319,318,419,317,656,413,447,193,191,190,449,189,206,186,227,250,519,551,521,277,276,286,470,468,469,460,459,11,638,639,5,499,637,8,666,505,503,98,96,97,107,355,32,33,145,143,144,364,662
421,482,408,406,428,426,340,319,318,419,317,656,413,447,193,191,190,449,189,206,186,227,250,519,551,224,640,222,642,219,459,11,638,639,5,499,637,8,666,505,503,98,96,97,109,355,32,33,145,143,144,364,662
421,482,409,410,490,340,319,318,316,314,317,656,413,447,193,191,190,188,187,185,183,518,517,269,747,225,641,220,221,217,218,182,216,613,565,564,5,499,637,8,666,505,503,98,96,97,109,355,32,33,145,143,144,364,662
421,482,408,406,404,407,339,314,317,656,413,447,193,191,190,188,187,185,183,518,517,269,747,225,641,220,221,217,218,182,216,613,565,564,581,498,497,499,637,8,666,505,503,98,96,97,107,355,362,708,33,145,143,144,364,662
421,482,409,410,490,341,319,338,339,314,317,656,413,447,193,191,190,188,187,185,183,249,653,250,519,551,224,640,222,286,470,469,460,459,11,638,639,5,499,637,8,666,505,503,98,96,97,107,355,32,33,145,143,144,364,662
421,482,409,410,490,341,319,338,339,314,317,656,413,447,193,191,190,449,189,206,186,227,250,519,551,521,277,276,286,470,469,460,459,11,638,639,5,499,637,8,666,505,503,98,96,97,107,355,362,708,33,145,143,144,364,662
421,482,408,406,428,426,340,319,338,339,314,317,656,413,447,193,191,190,188,187,185,183,518,653,250,519,551,224,640,222,286,470,469,460,459,11,638,639,5,499,637,8,666,505,503,98,96,97,107,355,32,33,145,143,144,364,662
421,482,408,406,428,426,340,319,318,419,317,656,413,447,193,191,190,188,187,185,183,249,653,250,519,551,224,640,222,286,470,469,460,459,11,638,639,5,499,637,8,666,505,503,98,96,97,107,355,32,33,145,143,144,364,662
421,482,408,406,428,426,427,407,339,314,317,656,413,447,193,191,190,188,187,185,183,249,653,250,519,551,521,277,276,286,470,469,468,460,459,11,638,639,5,499,637,8,666,505,503,98,96,97,107,355,32,33,145,143,144,364,662
421,482,409,406,428,426,427,407,339,314,317,656,413,447,193,191,190,449,189,206,186,227,250,519,551,224,640,222,642,219,459,11,638,639,5,499,637,8,666,505,503,98,96,97,107,355,32,33,145,143,144,364,662
421,482,408,406,428,426,340,319,318,419,317,656,413,447,193,191,190,449,189,206,186,227,250,519,551,521,277,276,286,470,469,460,459,11,638,639,5,499,637,8,666,505,503,98,96,97,107,355,362,708,33,145,143,144,364,662
421,482,409,410,490,340,319,318,316,314,317,656,413,447,193,191,190,188,187,185,183,249,653,250,519,551,521,277,276,286,470,468,460,459,11,638,639,5,499,637,8,666,505,503,98,96,97,107,355,32,33,145,143,144,364,662
421,482,408,424,484,404,407,339,314,317,656,413,447,193,192,229,449,189,206,186,227,250,519,551,521,277,276,286,470,468,177,461,638,639,5,499,637,8,666,505,503,98,96,97,107,355,32,33,145,143,144,364,662
421,482,409,410,490,341,319,338,339,314,317,656,413,447,193,191,190,188,187,185,183,518,517,269,747,225,641,220,221,217,218,182,216,613,565,564,5,499,637,8,666,505,503,98,96,97,107,355,362,708,33,145,143,144,364,662
421,482,409,410,490,341,319,338,339,314,317,656,413,447,193,191,190,188,187,185,183,518,517,519,551,224,277,276,286,470,468,460,459,11,638,639,5,499,637,8,666,505,503,98,96,97,107,355,32,33,145,143,144,364,662
421,482,408,406,404,407,339,314,317,656,413,447,193,192,229,449,189,206,186,227,250,519,551,224,640,222,286,470,468,460,459,11,638,639,5,499,637,8,666,505,503,98,96,97,107,355,32,33,145,143,144,364,662
421,482,409,410,490,341,319,338,339,314,317,656,413,447,193,191,190,188,187,185,183,518,653,250,519,551,224,277,276,286,470,468,460,459,11,638,639,5,499,637,8,666,505,503,98,96,97,109,355,32,33,145,143,144,364,662
421,482,409,410,490,341,319,318,419,317,656,413,447,193,191,190,188,187,185,183,249,653,250,519,551,224,277,276,286,470,468,460,459,11,638,639,5,499,637,8,666,505,503,98,96,97,109,355,32,33,145,143,144,364,662
421,482,409,410,426,340,319,318,316,314,317,656,413,447,193,191,190,449,189,206,186,227,250,519,551,521,277,276,286,470,469,460,459,11,638,639,5,499,637,8,666,505,503,98,96,97,107,355,32,33,145,143,144,364,662
421,482,408,406,428,426,340,319,318,419,317,656,413,447,193,191,190,188,187,185,183,518,517,269,747,225,641,220,221,217,218,182,216,613,565,564,5,499,637,8,666,505,503,98,96,97,107,355,362,708,33,145,143,144,364,662
421,482,408,406,428,426,340,319,318,419,317,656,413,447,193,191,190,188,187,185,183,518,517,519,551,224,277,276,286,470,468,460,459,11,638,639,5,499,637,8,666,505,503,98,96,97,107,355,32,33,145,143,144,364,662
421,482,409,406,428,426,340,319,338,339,314,317,656,413,447,193,191,190,188,187,185,183,249,653,250,519,551,224,640,222,642,469,460,459,11,638,639,5,499,637,8,666,505,503,98,96,97,109,355,32,33,145,143,144,364,662
421,482,409,410,490,341,319,318,419,317,656,413,447,193,191,190,449,189,206,186,227,250,519,551,224,640,222,286,470,468,460,459,11,638,639,5,499,637,8,666,505,503,98,96,97,107,355,32,33,145,143,144,364,662
421,482,408,406,428,426,340,319,318,419,317,656,413,447,193,191,190,188,187,185,183,518,653,250,519,551,224,277,276,286,470,468,460,459,11,638,639,5,499,637,8,666,505,503,98,96,97,109,355,32,33,145,143,144,364,662
421,482,408,406,428,426,340,319,338,339,314,317,656,413,447,193,191,190,188,187,185,183,518,517,519,551,224,277,276,286,470,469,460,459,11,638,639,5,499,637,8,666,505,503,98,96,97,109,355,32,33,145,143,144,364,662
421,482,409,410,490,340,319,318,419,317,656,413,447,193,191,190,188,187,185,183,518,517,519,551,521,277,276,286,470,469,460,459,11,638,639,5,499,637,8,666,505,503,98,96,97,107,355,32,33,145,143,144,364,662
421,482,409,410,490,341,319,338,339,314,317,656,413,447,193,191,190,449,189,206,186,227,250,519,551,224,640,222,286,470,469,460,459,11,638,639,5,499,637,8,666,505,503,98,96,97,109,355,32,33,145,143,144,364,662
421,482,408,406,428,426,340,319,338,339,314,317,656,413,447,193,191,190,188,187,185,183,249,653,250,519,551,521,277,276,286,470,468,469,460,459,11,638,639,5,499,637,8,666,505,503,98,96,97,107,355,32,33,145,143,144,364,662
421,482,408,406,428,426,340,319,338,339,314,317,656,413,447,193,191,190,188,187,185,183,249,653,250,519,551,224,640,222,642,219,459,11,638,639,5,499,637,8,666,505,503,98,96,97,109,355,32,33,145,143,144,364,662
421,482,409,410,490,340,319,318,419,317,656,413,447,193,191,190,188,187,185,183,518,653,250,519,551,521,277,276,286,470,469,460,459,11,638,639,5,499,637,8,666,505,503,98,96,97,109,355,32,33,145,143,144,364,662
421,482,408,406,428,426,340,319,318,419,317,656,413,447,193,191,190,449,189,206,186,227,250,519,551,224,640,222,286,470,469,460,459,11,638,639,5,499,637,8,666,505,503,98,96,97,109,355,32,33,145,143,144,364,662
421,482,408,406,428,426,340,319,318,316,314,317,656,413,447,193,192,229,449,189,206,186,227,250,519,551,224,277,276,286,470,468,460,459,11,638,639,5,499,637,8,666,505,503,98,96,97,107,355,32,33,145,143,144,364,662
421,482,408,406,428,426,427,407,339,314,317,656,413,447,193,191,190,449,189,206,186,227,250,519,551,521,277,276,286,470,469,468,460,459,11,638,639,5,499,637,8,666,505,503,98,96,97,109,355,32,33,145,143,144,364,662
421,482,409,406,428,426,340,319,318,419,317,656,413,447,193,191,190,188,187,185,183,518,517,269,747,225,641,220,221,217,218,182,216,613,565,639,5,499,637,8,666,505,503,98,96,97,107,355,32,33,145,143,144,364,662
421,482,409,410,426,340,319,318,316,314,317,656,413,447,193,191,190,188,187,185,183,518,517,269,747,225,641,220,221,217,218,182,216,613,565,564,5,499,637,8,666,505,503,98,96,97,107,355,32,33,145,143,144,364,662
421,482,409,410,490,340,319,318,316,314,317,656,413,447,193,192,229,449,189,206,186,227,250,519,551,521,277,276,286,470,469,460,459,11,638,639,5,499,637,8,666,505,503,98,96,97,107,355,32,33,145,143,144,364,662
421,482,409,406,428,426,427,407,339,314,317,656,413,447,193,191,190,188,187,185,183,518,653,250,519,551,224,277,276,286,470,468,460,459,11,638,639,5,499,637,8,666,505,503,98,96,97,107,355,32,33,145,143,144,364,662
421,482,409,410,490,340,319,318,316,314,317,656,413,447,193,191,190,449,189,206,186,227,250,519,551,521,277,276,286,470,468,460,459,11,638,639,5,499,637,8,666,505,503,98,96,97,109,355,32,33,145,143,144,364,662
421,482,409,406,428,426,340,319,318,419,317,656,413,447,193,192,229,449,189,206,186,227,250,519,551,224,640,222,642,469,460,459,11,638,639,5,499,637,8,666,505,503,98,96,97,107,355,32,33,145,143,144,364,662
421,482,409,410,490,341,319,338,339,314,317,656,413,447,193,192,229,449,189,206,186,227,250,519,551,224,640,222,642,219,459,11,638,639,5,499,637,8,666,505,503,98,96,97,107,355,32,33,145,143,144,364,662
421,482,409,406,428,426,427,407,339,314,317,656,413,447,193,191,190,188,187,185,183,249,653,250,519,551,224,277,276,286,470,469,460,459,11,638,639,5,499,637,8,666,505,503,98,96,97,109,355,32,33,145,143,144,364,662
421,482,408,406,428,426,340,319,338,339,314,317,656,413,447,193,191,190,188,187,185,183,249,653,250,519,551,521,277,276,286,470,469,460,459,11,638,639,5,499,637,8,666,505,503,98,96,97,107,355,362,708,33,145,143,144,364,662
421,482,409,410,490,341,319,318,419,317,656,413,447,193,192,229,449,189,206,186,227,250,519,551,224,277,276,286,470,469,460,459,11,638,639,5,499,637,8,666,505,503,98,96,97,109,355,32,33,145,143,144,364,662
421,482,409,410,490,341,320,321,411,419,317,656,413,447,193,191,190,449,189,206,186,227,250,519,551,224,277,276,286,470,469,460,459,11,638,639,5,499,637,8,666,505,503,98,96,97,107,355,32,33,145,143,144,364,662
421,482,409,410,490,340,319,338,339,314,317,656,413,447,193,191,190,449,189,206,186,227,250,519,551,521,277,276,286,470,468,177,461,638,639,5,499,637,8,666,505,503,98,96,97,107,355,32,33,145,143,144,364,662
421,482,409,406,428,426,427,407,339,314,317,656,413,447,193,191,190,449,189,206,186,227,250,519,551,224,640,222,286,470,469,460,459,11,638,639,5,499,637,8,666,505,503,98,96,97,107,355,32,33,145,143,144,364,662
421,482,408,424,484,404,407,339,314,317,656,413,447,193,191,190,188,189,206,186,227,250,519,551,521,277,276,286,470,469,460,459,11,638,639,5,499,637,8,666,505,503,98,96,97,107,355,32,33,145,143,144,364,662
421,482,408,406,428,426,340,319,318,419,317,656,413,447,193,192,229,449,189,206,186,227,250,519,551,224,640,222,642,219,459,11,638,639,5,499,637,8,666,505,503,98,96,97,107,355,32,33,145,143,144,364,662
421,482,409,410,426,427,407,339,314,317,656,413,447,193,191,190,188,187,185,183,249,653,250,519,551,224,640,222,642,469,460,459,11,638,639,5,499,637,8,666,505,503,98,96,97,107,355,32,33,145,143,144,364,662
421,482,408,406,428,426,340,319,338,339,314,317,656,413,447,193,191,190,449,189,206,186,227,250,519,551,521,277,276,286,470,468,469,460,459,11,638,639,5,499,637,8,666,505,503,98,96,97,109,355,32,33,145,143,144,364,662
421,482,409,410,490,341,319,338,339,314,317,656,413,447,193,191,190,188,187,185,183,249,653,250,519,551,224,640,222,286,470,468,460,459,11,638,639,5,499,637,8,666,505,503,98,96,97,107,355,32,33,145,143,144,364,662
421,482,409,410,490,341,319,338,339,314,317,656,413,447,193,191,190,449,189,206,186,227,250,519,551,521,277,276,286,470,468,460,459,11,638,639,5,499,637,8,666,505,503,98,96,97,107,355,362,708,33,145,143,144,364,662
421,482,409,410,490,341,320,318,419,317,656,413,447,193,191,190,188,187,185,183,249,653,250,519,551,224,277,276,286,470,469,460,459,11,638,639,5,499,637,8,666,505,503,98,96,97,107,355,32,33,145,143,144,364,662
421,482,408,406,428,426,340,319,338,339,314,317,656,413,447,193,191,190,188,187,185,183,518,653,250,519,551,224,640,222,286,470,468,460,459,11,638,639,5,499,637,8,666,505,503,98,96,97,107,355,32,33,145,143,144,364,662
421,482,408,406,428,426,340,319,318,419,317,656,413,447,193,191,190,188,187,185,183,249,653,250,519,551,224,640,222,286,470,468,460,459,11,638,639,5,499,637,8,666,505,503,98,96,97,107,355,32,33,145,143,144,364,662
421,482,408,406,428,426,427,407,339,314,317,656,413,447,193,191,190,188,187,185,183,249,653,250,519,551,521,277,276,175,287,177,461,638,639,5,499,637,8,666,505,503,98,96,97,107,355,32,33,145,143,144,364,662
421,482,408,406,404,407,339,314,317,656,413,447,193,191,190,449,189,206,186,227,250,519,551,521,277,276,286,470,469,468,460,459,11,638,639,5,499,637,8,666,505,503,98,96,97,107,355,32,33,145,143,144,364,662
421,482,408,406,428,426,340,319,318,419,317,656,413,447,193,191,190,449,189,206,186,227,250,519,551,521,277,276,286,470,468,460,459,11,638,639,5,499,637,8,666,505,503,98,96,97,107,355,362,708,33,145,143,144,364,662
421,482,408,406,428,426,340,319,338,339,314,317,656,413,447,193,191,190,188,187,185,183,249,653,250,519,551,224,640,222,286,470,469,460,459,11,638,639,5,499,637,8,666,505,503,98,96,97,109,355,32,33,145,143,144,364,662
421,482,409,410,426,340,319,318,419,317,656,413,447,193,191,190,188,187,185,183,518,653,250,519,551,521,277,276,286,470,469,460,459,11,638,639,5,499,637,8,666,505,503,98,96,97,107,355,32,33,145,143,144,364,662
421,482,408,406,428,426,340,319,338,339,314,317,656,413,447,193,191,190,449,189,206,186,227,250,519,551,521,277,276,286,470,469,460,459,11,638,639,5,499,637,8,666,505,503,98,96,97,109,355,362,708,33,145,143,144,364,662
421,482,408,424,484,404,407,339,314,317,656,413,447,193,191,190,188,187,185,186,227,250,519,551,521,277,276,286,470,469,460,459,11,638,639,5,499,637,8,666,505,503,98,96,97,107,355,32,33,145,143,144,364,662
421,482,409,410,426,427,407,339,314,317,656,413,447,193,191,190,449,189,206,186,227,250,519,551,224,640,222,642,469,460,459,11,638,639,5,499,637,8,666,505,503,98,96,97,109,355,32,33,145,143,144,364,662
421,482,409,406,404,407,339,314,317,656,413,447,193,191,190,188,187,185,183,249,653,250,519,551,224,277,276,286,470,469,460,459,11,638,639,5,499,637,8,666,505,503,98,96,97,107,355,32,33,145,143,144,364,662
421,482,409,410,426,340,319,318,316,314,317,656,413,447,193,191,190,449,189,206,186,227,250,519,551,521,277,276,286,470,468,460,459,11,638,639,5,499,637,8,666,505,503,98,96,97,107,355,32,33,145,143,144,364,662
421,482,408,424,484,404,407,339,314,317,656,413,447,193,191,190,188,187,185,183,518,517,519,551,224,640,222,642,469,460,459,11,638,639,5,499,637,8,666,505,503,98,96,97,107,355,32,33,145,143,144,364,662
421,482,409,410,490,341,319,338,339,314,317,656,413,447,193,192,229,449,189,206,186,227,250,519,551,224,640,222,286,470,469,460,459,11,638,639,5,499,637,8,666,505,503,98,96,97,107,355,32,33,145,143,144,364,662
421,482,408,424,484,404,407,339,314,317,656,413,447,193,191,190,188,187,185,183,518,653,250,519,551,224,640,222,642,469,460,459,11,638,639,5,499,637,8,666,505,503,98,96,97,109,355,32,33,145,143,144,364,662
421,482,408,406,428,426,340,319,338,339,314,317,656,413,447,193,191,190,188,187,185,183,518,517,269,747,225,641,220,221,217,218,182,216,613,565,564,5,499,637,8,666,505,503,98,96,97,109,355,362,708,33,145,143,144,364,662
421,482,408,406,428,426,340,319,338,339,314,317,656,413,447,193,191,190,188,187,185,183,518,517,519,551,224,277,276,286,470,468,460,459,11,638,639,5,499,637,8,666,505,503,98,96,97,109,355,32,33,145,143,144,364,662
421,482,408,424,484,404,407,339,314,317,656,413,447,193,191,190,188,187,185,183,518,517,269,747,225,641,220,222,642,469,460,459,11,638,639,5,499,637,8,666,505,503,98,96,97,107,355,32,33,145,143,144,364,662
421,482,409,410,490,340,319,318,419,317,656,413,447,193,191,190,188,187,185,183,518,517,519,551,521,277,276,286,470,468,460,459,11,638,639,5,499,637,8,666,505,503,98,96,97,107,355,32,33,145,143,144,364,662
421,482,409,410,490,341,319,338,339,314,317,656,413,447,193,191,190,449,189,206,186,227,250,519,551,224,640,222,286,470,468,460,459,11,638,639,5,499,637,8,666,505,503,98,96,97,109,355,32,33,145,143,144,364,662
421,482,408,406,428,426,340,319,318,419,317,656,413,447,193,192,229,449,189,206,186,227,250,519,551,224,640,222,286,470,469,460,459,11,638,639,5,499,637,8,666,505,503,98,96,97,107,355,32,33,145,143,144,364,662
421,482,409,410,490,340,319,318,419,317,656,413,447,193,191,190,188,187,185,183,518,653,250,519,551,521,277,276,286,470,468,460,459,11,638,639,5,499,637,8,666,505,503,98,96,97,109,355,32,33,145,143,144,364,662
421,482,408,406,428,426,427,407,339,314,317,656,413,447,193,192,229,449,189,206,186,227,250,519,551,521,277,276,286,470,469,468,460,459,11,638,639,5,499,637,8,666,505,503,98,96,97,107,355,32,33,145,143,144,364,662
421,482,409,410,490,340,319,338,339,314,317,656,413,447,193,191,190,188,187,185,183,518,517,519,551,521,277,276,286,470,469,460,459,11,638,639,5,499,637,8,666,505,503,98,96,97,109,355,32,33,145,143,144,364,662
421,482,409,410,490,341,320,318,419,317,656,413,447,193,191,190,449,189,206,186,227,250,519,551,224,277,276,286,470,469,460,459,11,638,639,5,499,637,8,666,505,503,98,96,97,109,355,32,33,145,143,144,364,662
421,482,408,406,428,426,427,407,339,314,317,656,413,447,193,191,190,188,187,185,183,518,517,519,551,521,277,276,286,470,468,177,461,638,639,5,499,637,8,666,505,503,98,96,97,107,355,32,33,145,143,144,364,662
421,482,408,406,428,426,340,319,318,419,317,656,413,447,193,191,190,449,189,206,186,227,250,519,551,224,640,222,286,470,468,460,459,11,638,639,5,499,637,8,666,505,503,98,96,97,109,355,32,33,145,143,144,364,662
421,482,408,406,428,426,427,407,339,314,317,656,413,447,193,191,190,449,189,206,186,227,250,519,551,521,277,276,175,287,177,461,638,639,5,499,637,8,666,505,503,98,96,97,109,355,32,33,145,143,144,364,662
421,482,408,406,428,426,427,407,339,314,317,656,413,447,193,191,190,188,187,185,183,518,653,250,519,551,521,277,276,286,470,468,177,461,638,639,5,499,637,8,666,505,503,98,96,97,109,355,32,33,145,143,144,364,662
421,482,409,410,490,340,319,318,316,314,317,656,413,447,193,192,229,449,189,206,186,227,250,519,551,521,277,276,286,470,468,460,459,11,638,639,5,499,637,8,666,505,503,98,96,97,107,355,32,33,145,143,144,364,662
421,482,409,406,428,426,340,319,338,339,314,317,656,413,447,193,191,190,188,187,185,183,518,517,269,747,225,641,220,221,217,218,182,216,613,565,639,5,499,637,8,666,505,503,98,96,97,109,355,32,33,145,143,144,364,662
421,482,409,410,490,340,319,318,316,314,317,656,413,447,193,191,190,188,187,185,183,518,517,269,747,225,641,220,221,217,218,182,216,613,565,564,581,498,497,499,637,8,666,505,503,98,96,97,109,355,32,33,145,143,144,364,662
421,482,409,406,428,426,427,407,339,314,317,656,413,447,193,191,190,188,187,185,183,249,653,250,519,551,224,277,276,286,470,468,460,459,11,638,639,5,499,637,8,666,505,503,98,96,97,109,355,32,33,145,143,144,364,662
421,482,408,406,428,426,340,319,338,339,314,317,656,413,447,193,191,190,188,187,185,183,249,653,250,519,551,521,277,276,286,470,468,460,459,11,638,639,5,499,637,8,666,505,503,98,96,97,107,355,362,708,33,145,143,144,364,662
421,482,409,410,490,341,319,318,419,317,656,413,447,193,192,229,449,189,206,186,227,250,519,551,224,277,276,286,470,468,460,459,11,638,639,5,499,637,8,666,505,503,98,96,97,109,355,32,33,145,143,144,364,662
421,482,409,406,404,407,339,314,317,656,413,447,193,191,190,449,189,206,186,227,250,519,551,224,277,276,286,470,469,460,459,11,638,639,5,499,637,8,666,505,503,98,96,97,109,355,32,33,145,143,144,364,662
421,482,409,410,490,341,320,321,411,419,317,656,413,447,193,191,190,449,189,206,186,227,250,519,551,224,277,276,286,470,468,460,459,11,638,639,5,499,637,8,666,505,503,98,96,97,107,355,32,33,145,143,144,364,662
421,482,409,406,428,426,427,407,339,314,317,656,413,447,193,191,190,449,189,206,186,227,250,519,551,224,640,222,286,470,468,460,459,11,638,639,5,499,637,8,666,505,503,98,96,97,107,355,32,33,145,143,144,364,662
421,482,409,406,428,426,340,319,338,339,314,317,656,413,447,193,192,229,449,189,206,186,227,250,519,551,224,640,222,642,469,460,459,11,638,639,5,499,637,8,666,505,503,98,96,97,109,355,32,33,145,143,144,364,662
421,482,408,424,484,404,407,339,314,317,656,413,447,193,191,190,188,189,206,186,227,250,519,551,521,277,276,286,470,468,460,459,11,638,639,5,499,637,8,666,505,503,98,96,97,107,355,32,33,145,143,144,364,662
421,482,408,406,404,407,339,314,317,656,413,447,193,191,190,188,187,185,183,249,227,250,519,551,521,277,276,286,470,469,460,459,11,638,639,5,499,637,8,666,505,503,98,96,97,109,355,32,33,145,143,144,364,662
421,482,408,406,428,426,340,319,338,339,314,317,656,413,447,193,192,229,449,189,206,186,227,250,519,551,521,277,276,286,470,468,469,460,459,11,638,639,5,499,637,8,666,505,503,98,96,97,107,355,32,33,145,143,144,364,662
421,482,408,406,428,426,340,319,338,339,314,317,656,413,447,193,192,229,449,189,206,186,227,250,519,551,224,640,222,642,219,459,11,638,639,5,499,637,8,666,505,503,98,96,97,109,355,32,33,145,143,144,364,662
421,482,409,410,490,341,319,338,339,314,317,656,413,447,193,191,190,188,187,185,183,518,517,269,747,225,641,220,221,217,218,182,216,613,565,564,581,498,497,499,637,8,666,505,503,98,96,97,107,355,362,708,33,145,143,144,364,662
421,482,409,410,490,341,320,318,419,317,656,413,447,193,191,190,188,187,185,183,249,653,250,519,551,224,277,276,286,470,468,460,459,11,638,639,5,499,637,8,666,505,503,98,96,97,107,355,32,33,145,143,144,364,662
421,482,408,406,404,407,339,314,317,656,413,447,193,191,190,449,189,206,186,227,250,519,551,521,277,276,175,287,177,461,638,639,5,499,637,8,666,505,503,98,96,97,107,355,32,33,145,143,144,364,662
421,482,409,410,426,427,407,339,314,317,656,413,447,193,191,190,188,187,185,183,518,517,269,747,225,641,220,221,217,218,182,216,613,565,639,5,499,637,8,666,505,503,98,96,97,107,355,32,33,145,143,144,364,662
421,482,408,406,404,407,339,314,317,656,413,447,193,191,190,188,187,185,183,518,653,250,519,551,521,277,276,286,470,468,177,461,638,639,5,499,637,8,666,505,503,98,96,97,107,355,32,33,145,143,144,364,662
421,482,408,406,428,426,340,319,318,419,317,656,413,447,193,191,190,188,187,185,183,518,517,269,747,225,641,220,221,217,218,182,216,613,565,564,581,498,497,499,637,8,666,505,503,98,96,97,107,355,362,708,33,145,143,144,364,662
421,482,408,406,428,426,340,319,338,339,314,317,656,413,447,193,191,190,188,187,185,183,249,653,250,519,551,224,640,222,286,470,468,460,459,11,638,639,5,499,637,8,666,505,503,98,96,97,109,355,32,33,145,143,144,364,662
421,482,409,406,428,426,427,407,339,314,317,656,413,447,193,192,229,449,189,206,186,227,250,519,551,224,277,276,286,470,469,460,459,11,638,639,5,499,637,8,666,505,503,98,96,97,109,355,32,33,145,143,144,364,662
421,482,408,406,428,426,340,319,338,339,314,317,656,413,447,193,192,229,449,189,206,186,227,250,519,551,521,277,276,286,470,469,460,459,11,638,639,5,499,637,8,666,505,503,98,96,97,107,355,362,708,33,145,143,144,364,662
421,482,409,410,426,340,319,318,419,317,656,413,447,193,191,190,188,187,185,183,518,653,250,519,551,521,277,276,286,470,468,460,459,11,638,639,5,499,637,8,666,505,503,98,96,97,107,355,32,33,145,143,144,364,662
421,482,409,410,426,340,319,338,339,314,317,656,413,447,193,191,190,188,187,185,183,518,517,519,551,521,277,276,286,470,469,460,459,11,638,639,5,499,637,8,666,505,503,98,96,97,107,355,32,33,145,143,144,364,662
421,482,408,406,428,426,340,319,338,339,314,317,656,413,447,193,191,190,449,189,206,186,227,250,519,551,521,277,276,286,470,468,460,459,11,638,639,5,499,637,8,666,505,503,98,96,97,109,355,362,708,33,145,143,144,364,662
421,482,408,424,484,404,407,339,314,317,656,413,447,193,191,190,188,187,185,186,227,250,519,551,521,277,276,286,470,468,460,459,11,638,639,5,499,637,8,666,505,503,98,96,97,107,355,32,33,145,143,144,364,662
421,482,408,406,404,407,339,314,317,656,413,447,193,191,190,188,187,206,186,227,250,519,551,521,277,276,286,470,469,460,459,11,638,639,5,499,637,8,666,505,503,98,96,97,109,355,32,33,145,143,144,364,662
421,482,409,410,426,340,319,338,339,314,317,656,413,447,193,191,190,188,187,185,183,518,653,250,519,551,521,277,276,286,470,469,460,459,11,638,639,5,499,637,8,666,505,503,98,96,97,109,355,32,33,145,143,144,364,662
421,482,409,410,426,427,407,339,314,317,656,413,447,193,192,229,449,189,206,186,227,250,519,551,224,640,222,642,469,460,459,11,638,639,5,499,637,8,666,505,503,98,96,97,107,355,32,33,145,143,144,364,662
421,482,409,410,426,340,319,318,419,317,656,413,447,193,191,190,188,187,185,183,249,653,250,519,551,521,277,276,286,470,469,460,459,11,638,639,5,499,637,8,666,505,503,98,96,97,109,355,32,33,145,143,144,364,662
421,482,409,406,404,407,339,314,317,656,413,447,193,191,190,188,187,185,183,249,653,250,519,551,224,277,276,286,470,468,460,459,11,638,639,5,499,637,8,666,505,503,98,96,97,107,355,32,33,145,143,144,364,662
421,482,409,410,426,340,319,318,316,314,317,656,413,447,193,191,190,188,187,185,183,518,517,269,747,225,641,220,221,217,218,182,216,613,565,564,581,498,497,499,637,8,666,505,503,98,96,97,107,355,32,33,145,143,144,364,662
421,482,409,410,490,341,319,338,339,314,317,656,413,447,193,192,229,449,189,206,186,227,250,519,551,224,640,222,286,470,468,460,459,11,638,639,5,499,637,8,666,505,503,98,96,97,107,355,32,33,145,143,144,364,662
421,482,409,410,490,341,320,318,419,317,656,413,447,193,192,229,449,189,206,186,227,250,519,551,224,277,276,286,470,469,460,459,11,638,639,5,499,637,8,666,505,503,98,96,97,107,355,32,33,145,143,144,364,662
421,482,408,406,428,426,340,319,318,419,317,656,413,447,193,192,229,449,189,206,186,227,250,519,551,224,640,222,286,470,468,460,459,11,638,639,5,499,637,8,666,505,503,98,96,97,107,355,32,33,145,143,144,364,662
421,482,408,406,428,426,427,407,339,314,317,656,413,447,193,192,229,449,189,206,186,227,250,519,551,521,277,276,175,287,177,461,638,639,5,499,637,8,666,505,503,98,96,97,107,355,32,33,145,143,144,364,662
421,482,409,410,490,340,319,338,339,314,317,656,413,447,193,191,190,188,187,185,183,518,517,519,551,521,277,276,286,470,468,460,459,11,638,639,5,499,637,8,666,505,503,98,96,97,109,355,32,33,145,143,144,364,662
421,482,409,410,490,341,320,318,419,317,656,413,447,193,191,190,449,189,206,186,227,250,519,551,224,277,276,286,470,468,460,459,11,638,639,5,499,637,8,666,505,503,98,96,97,109,355,32,33,145,143,144,364,662
421,482,408,406,428,426,340,319,338,339,314,317,656,413,447,193,192,229,449,189,206,186,227,250,519,551,224,640,222,286,470,469,460,459,11,638,639,5,499,637,8,666,505,503,98,96,97,109,355,32,33,145,143,144,364,662
421,482,408,406,428,426,427,407,339,314,317,656,413,447,193,191,190,188,187,185,183,249,227,250,519,551,224,640,222,642,469,460,459,11,638,639,5,499,637,8,666,505,503,98,96,97,107,355,32,33,145,143,144,364,662
421,482,409,406,404,407,339,314,317,656,413,447,193,192,229,449,189,206,186,227,250,519,551,224,277,276,286,470,469,460,459,11,638,639,5,499,637,8,666,505,503,98,96,97,107,355,32,33,145,143,144,364,662
421,482,408,406,428,426,427,407,339,314,317,656,413,447,193,191,190,188,187,185,183,518,517,269,747,225,641,220,221,217,218,12,10,638,639,5,499,637,8,666,505,503,98,96,97,107,355,32,33,145,143,144,364,662
421,482,409,406,404,407,339,314,317,656,413,447,193,191,190,449,189,206,186,227,250,519,551,224,277,276,286,470,468,460,459,11,638,639,5,499,637,8,666,505,503,98,96,97,109,355,32,33,145,143,144,364,662
421,482,408,406,428,426,427,407,339,314,317,656,413,447,193,191,190,449,189,206,186,227,250,519,551,521,277,276,286,470,469,460,459,11,638,639,5,499,637,8,666,505,503,98,96,97,107,356,362,708,33,145,143,144,364,662
421,482,408,424,484,404,407,339,314,317,656,413,447,193,191,190,188,187,185,183,518,517,269,747,225,641,220,221,642,469,460,459,11,638,639,5,499,637,8,666,505,503,98,96,97,107,355,32,33,145,143,144,364,662
421,482,408,406,404,407,339,314,317,656,413,447,193,191,190,188,187,185,183,249,227,250,519,551,521,277,276,286,470,468,460,459,11,638,639,5,499,637,8,666,505,503,98,96,97,109,355,32,33,145,143,144,364,662
421,482,409,410,490,341,319,318,419,317,656,413,447,193,191,190,188,187,185,183,249,227,250,519,551,521,277,276,286,470,469,460,459,11,638,639,5,499,637,8,666,505,503,98,96,97,107,355,32,33,145,143,144,364,662
421,482,408,406,428,426,427,407,339,314,317,656,413,447,193,191,190,449,189,206,186,227,250,519,551,521,277,270,175,287,177,461,638,639,5,499,637,8,666,505,503,98,96,97,107,355,32,33,145,143,144,364,662
421,482,409,410,490,340,319,338,339,314,317,656,413,447,193,191,190,188,187,185,183,518,653,250,519,551,224,640,222,642,469,460,459,11,638,639,5,499,637,8,666,505,503,98,96,97,107,355,32,33,145,143,144,364,662
421,482,409,410,490,340,319,318,419,317,656,413,447,193,191,190,188,187,185,183,249,653,250,519,551,224,640,222,642,469,460,459,11,638,639,5,499,637,8,666,505,503,98,96,97,107,355,32,33,145,143,144,364,662
421,482,408,406,428,426,427,407,339,314,317,656,413,447,193,191,190,188,187,206,186,227,250,519,551,224,640,222,642,469,460,459,11,638,639,5,499,637,8,666,505,503,98,96,97,107,355,32,33,145,143,144,364,662
421,482,408,406,428,426,427,407,339,314,317,656,413,447,193,191,190,188,187,185,183,518,517,269,747,225,641,220,221,217,218,182,216,613,565,564,5,499,637,8,666,505,503,98,96,97,107,356,362,708,33,145,143,144,364,662
421,482,409,410,490,341,319,318,316,314,317,656,413,447,193,191,190,188,187,185,183,518,517,519,551,521,277,276,286,470,469,460,459,11,638,639,5,499,637,8,666,505,503,98,96,97,107,355,32,33,145,143,144,364,662
421,482,409,410,490,341,319,318,316,314,317,656,413,447,193,191,190,188,187,185,183,518,653,250,519,551,521,277,276,286,470,469,460,459,11,638,639,5,499,637,8,666,505,503,98,96,97,109,355,32,33,145,143,144,364,662
421,482,409,406,428,426,427,407,339,314,317,656,413,447,193,192,229,449,189,206,186,227,250,519,551,224,277,276,286,470,468,460,459,11,638,639,5,499,637,8,666,505,503,98,96,97,109,355,32,33,145,143,144,364,662
421,482,408,406,428,426,340,319,338,339,314,317,656,413,447,193,192,229,449,189,206,186,227,250,519,551,521,277,276,286,470,468,460,459,11,638,639,5,499,637,8,666,505,503,98,96,97,107,355,362,708,33,145,143,144,364,662
421,482,409,410,426,340,319,338,339,314,317,656,413,447,193,191,190,188,187,185,183,518,517,519,551,521,277,276,286,470,468,460,459,11,638,639,5,499,637,8,666,505,503,98,96,97,107,355,32,33,145,143,144,364,662
421,482,409,410,490,341,319,338,339,314,317,656,413,447,193,191,190,449,189,206,186,227,250,519,551,521,277,276,286,470,469,468,460,459,11,638,639,5,499,637,8,666,505,503,98,96,97,107,355,32,33,145,143,144,364,662
421,482,408,406,428,426,340,319,338,339,314,317,656,413,447,193,191,190,188,187,185,183,518,517,269,747,225,641,220,221,217,218,182,216,613,565,564,581,498,497,499,637,8,666,505,503,98,96,97,109,355,362,708,33,145,143,144,364,662
421,482,408,406,404,407,339,314,317,656,413,447,193,191,190,188,187,185,183,249,653,250,519,551,521,277,276,286,470,468,177,461,638,639,5,499,637,8,666,505,503,98,96,97,109,355,32,33,145,143,144,364,662
421,482,408,406,404,407,339,314,317,656,413,447,193,191,190,188,187,206,186,227,250,519,551,521,277,276,286,470,468,460,459,11,638,639,5,499,637,8,666,505,503,98,96,97,109,355,32,33,145,143,144,364,662
421,482,409,410,426,340,319,338,339,314,317,656,413,447,193,191,190,188,187,185,183,518,653,250,519,551,521,277,276,286,470,468,460,459,11,638,639,5,499,637,8,666,505,503,98,96,97,109,355,32,33,145,143,144,364,662
421,482,409,410,490,341,319,318,419,317,656,413,447,193,191,190,188,187,206,186,227,250,519,551,521,277,276,286,470,469,460,459,11,638,639,5,499,637,8,666,505,503,98,96,97,107,355,32,33,145,143,144,364,662
421,482,409,410,426,340,319,318,419,317,656,413,447,193,191,190,188,187,185,183,249,653,250,519,551,521,277,276,286,470,468,460,459,11,638,639,5,499,637,8,666,505,503,98,96,97,109,355,32,33,145,143,144,364,662
421,482,408,406,428,426,340,319,318,419,317,656,413,447,193,191,190,449,189,206,186,227,250,519,551,521,277,276,286,470,469,468,460,459,11,638,639,5,499,637,8,666,505,503,98,96,97,107,355,32,33,145,143,144,364,662
421,482,409,410,490,340,319,318,419,317,656,413,447,193,191,190,449,189,206,186,227,250,519,551,224,640,222,642,469,460,459,11,638,639,5,499,637,8,666,505,503,98,96,97,109,355,32,33,145,143,144,364,662
421,482,408,406,428,426,340,319,338,339,314,317,656,413,447,193,191,190,449,189,206,186,227,250,519,551,521,277,276,286,287,177,461,638,639,5,499,637,8,666,505,503,98,96,97,107,355,32,33,145,143,144,364,662
421,482,409,406,428,426,340,319,338,339,314,317,656,413,447,193,191,190,188,187,185,183,518,653,250,519,551,224,277,276,286,470,469,460,459,11,638,639,5,499,637,8,666,505,503,98,96,97,107,355,32,33,145,143,144,364,662
421,482,409,410,490,341,320,318,419,317,656,413,447,193,192,229,449,189,206,186,227,250,519,551,224,277,276,286,470,468,460,459,11,638,639,5,499,637,8,666,505,503,98,96,97,107,355,32,33,145,143,144,364,662
421,482,409,406,428,426,340,319,318,419,317,656,413,447,193,191,190,188,187,185,183,249,653,250,519,551,224,277,276,286,470,469,460,459,11,638,639,5,499,637,8,666,505,503,98,96,97,107,355,32,33,145,143,144,364,662
421,482,408,406,428,426,340,319,318,316,314,317,656,413,447,193,191,190,449,189,206,186,227,250,519,551,521,277,276,286,470,468,177,461,638,639,5,499,637,8,666,505,503,98,96,97,107,355,32,33,145,143,144,364,662
421,482,408,406,428,426,340,319,338,339,314,317,656,413,447,193,192,229,449,189,206,186,227,250,519,551,224,640,222,286,470,468,460,459,11,638,639,5,499,637,8,666,505,503,98,96,97,109,355,32,33,145,143,144,364,662
421,482,409,410,426,340,319,318,419,317,656,413,447,193,192,229,449,189,206,186,227,250,519,551,521,277,276,286,470,469,460,459,11,638,639,5,499,637,8,666,505,503,98,96,97,109,355,32,33,145,143,144,364,662
421,482,409,406,404,407,339,314,317,656,413,447,193,192,229,449,189,206,186,227,250,519,551,224,277,276,286,470,468,460,459,11,638,639,5,499,637,8,666,505,503,98,96,97,107,355,32,33,145,143,144,364,662
421,482,408,406,428,426,427,407,339,314,317,656,413,447,193,191,190,449,189,206,186,227,250,519,551,521,277,276,286,470,468,460,459,11,638,639,5,499,637,8,666,505,503,98,96,97,107,356,362,708,33,145,143,144,364,662
421,482,409,410,490,341,319,318,419,317,656,413,447,193,191,190,188,187,185,183,249,227,250,519,551,521,277,276,286,470,468,460,459,11,638,639,5,499,637,8,666,505,503,98,96,97,107,355,32,33,145,143,144,364,662
421,482,408,406,428,426,340,319,338,339,314,317,656,413,447,193,191,190,188,187,185,183,249,653,250,519,551,521,277,276,286,470,469,468,460,459,11,638,639,5,499,637,8,666,505,503,98,96,97,107,355,32,33,145,143,144,364,662
421,482,409,406,428,426,340,319,338,339,314,317,656,413,447,193,191,190,449,189,206,186,227,250,519,551,224,640,222,642,219,459,11,638,639,5,499,637,8,666,505,503,98,96,97,107,355,32,33,145,143,144,364,662
421,482,409,410,490,341,319,338,339,314,317,656,413,447,193,191,190,188,187,185,183,249,227,250,519,551,521,277,276,286,470,469,460,459,11,638,639,5,499,637,8,666,505,503,98,96,97,109,355,32,33,145,143,144,364,662
421,482,409,406,428,426,340,319,318,419,317,656,413,447,193,191,190,449,189,206,186,227,250,519,551,224,277,276,286,470,469,460,459,11,638,639,5,499,637,8,666,505,503,98,96,97,109,355,32,33,145,143,144,364,662
421,482,409,410,490,340,319,338,339,314,317,656,413,447,193,191,190,188,187,185,183,249,653,250,519,551,224,640,222,642,469,460,459,11,638,639,5,499,637,8,666,505,503,98,96,97,109,355,32,33,145,143,144,364,662
421,482,408,406,428,426,340,319,318,419,317,656,413,447,193,191,190,188,187,185,183,249,227,250,519,551,521,277,276,286,470,469,460,459,11,638,639,5,499,637,8,666,505,503,98,96,97,109,355,32,33,145,143,144,364,662
421,482,409,410,426,340,319,318,419,317,656,413,447,193,191,190,449,189,206,186,227,250,519,551,224,640,222,642,469,460,459,11,638,639,5,499,637,8,666,505,503,98,96,97,107,355,32,33,145,143,144,364,662
421,482,409,410,490,341,319,318,316,314,317,656,413,447,193,191,190,188,187,185,183,518,517,519,551,521,277,276,286,470,468,460,459,11,638,639,5,499,637,8,666,505,503,98,96,97,107,355,32,33,145,143,144,364,662
421,482,409,410,490,341,319,318,316,314,317,656,413,447,193,191,190,188,187,185,183,518,653,250,519,551,521,277,276,286,470,468,460,459,11,638,639,5,499,637,8,666,505,503,98,96,97,109,355,32,33,145,143,144,364,662
421,482,409,410,490,340,319,318,419,317,656,413,447,193,191,190,188,187,185,183,518,517,269,747,225,641,220,221,217,218,182,216,613,565,639,5,499,637,8,666,505,503,98,96,97,107,355,32,33,145,143,144,364,662
421,482,409,410,490,341,319,338,339,314,317,656,413,447,193,191,190,449,189,206,186,227,250,519,551,521,277,276,175,287,177,461,638,639,5,499,637,8,666,505,503,98,96,97,107,355,32,33,145,143,144,364,662
421,482,408,406,428,426,340,319,318,316,314,317,656,413,447,193,191,190,188,187,185,183,518,517,519,551,521,277,276,286,470,469,460,459,11,638,639,5,499,637,8,666,505,503,98,96,97,109,355,32,33,145,143,144,364,662
421,482,409,410,490,341,319,338,339,314,317,656,413,447,193,191,190,188,187,185,183,518,653,250,519,551,521,277,276,286,470,468,177,461,638,639,5,499,637,8,666,505,503,98,96,97,107,355,32,33,145,143,144,364,662
421,482,409,410,490,341,319,318,419,317,656,413,447,193,191,190,188,187,185,183,249,653,250,519,551,521,277,276,286,470,468,177,461,638,639,5,499,637,8,666,505,503,98,96,97,107,355,32,33,145,143,144,364,662
421,482,409,410,490,341,319,318,419,317,656,413,447,193,191,190,188,187,206,186,227,250,519,551,521,277,276,286,470,468,460,459,11,638,639,5,499,637,8,666,505,503,98,96,97,107,355,32,33,145,143,144,364,662
421,482,408,406,428,426,340,319,318,419,317,656,413,447,193,191,190,449,189,206,186,227,250,519,551,521,277,276,175,287,177,461,638,639,5,499,637,8,666,505,503,98,96,97,107,355,32,33,145,143,144,364,662
421,482,409,406,428,426,427,407,339,314,317,656,413,447,193,191,190,188,187,185,183,249,227,250,519,551,521,277,276,286,470,469,460,459,11,638,639,5,499,637,8,666,505,503,98,96,97,107,355,32,33,145,143,144,364,662
421,482,409,410,490,340,319,318,419,317,656,413,447,193,192,229,449,189,206,186,227,250,519,551,224,640,222,642,469,460,459,11,638,639,5,499,637,8,666,505,503,98,96,97,107,355,32,33,145,143,144,364,662
421,482,408,406,428,426,340,319,318,419,317,656,413,447,193,191,190,188,187,185,183,518,653,250,519,551,521,277,276,286,470,468,177,461,638,639,5,499,637,8,666,505,503,98,96,97,107,355,32,33,145,143,144,364,662
421,482,409,410,490,341,319,338,339,314,317,656,413,447,193,191,190,188,187,206,186,227,250,519,551,521,277,276,286,470,469,460,459,11,638,639,5,499,637,8,666,505,503,98,96,97,109,355,32,33,145,143,144,364,662
421,482,408,406,428,426,340,319,338,339,314,317,656,413,447,193,191,190,449,189,206,186,227,250,519,551,521,277,276,286,470,469,468,460,459,11,638,639,5,499,637,8,666,505,503,98,96,97,109,355,32,33,145,143,144,364,662
421,482,408,406,428,426,340,319,318,419,317,656,413,447,193,191,190,188,187,206,186,227,250,519,551,521,277,276,286,470,469,460,459,11,638,639,5,499,637,8,666,505,503,98,96,97,109,355,32,33,145,143,144,364,662
421,482,409,406,428,426,340,319,338,339,314,317,656,413,447,193,191,190,188,187,185,183,518,653,250,519,551,224,277,276,286,470,468,460,459,11,638,639,5,499,637,8,666,505,503,98,96,97,107,355,32,33,145,143,144,364,662
421,482,409,406,428,426,340,319,318,419,317,656,413,447,193,191,190,188,187,185,183,249,653,250,519,551,224,277,276,286,470,468,460,459,11,638,639,5,499,637,8,666,505,503,98,96,97,107,355,32,33,145,143,144,364,662
421,482,409,406,428,426,340,319,338,339,314,317,656,413,447,193,191,190,188,187,185,183,249,653,250,519,551,224,277,276,286,470,469,460,459,11,638,639,5,499,637,8,666,505,503,98,96,97,109,355,32,33,145,143,144,364,662
421,482,409,406,428,426,340,319,338,339,314,317,656,413,447,193,191,190,449,189,206,186,227,250,519,551,224,640,222,286,470,469,460,459,11,638,639,5,499,637,8,666,505,503,98,96,97,107,355,32,33,145,143,144,364,662
421,482,408,406,404,407,339,314,317,656,413,447,193,192,229,449,189,206,186,227,250,519,551,521,277,276,286,470,468,177,461,638,639,5,499,637,8,666,505,503,98,96,97,109,355,32,33,145,143,144,364,662
421,482,409,410,426,340,319,338,339,314,317,656,413,447,193,191,190,188,187,185,183,249,653,250,519,551,224,640,222,642,469,460,459,11,638,639,5,499,637,8,666,505,503,98,96,97,107,355,32,33,145,143,144,364,662
421,482,409,406,428,426,427,407,339,314,317,656,413,447,193,191,190,188,187,206,186,227,250,519,551,521,277,276,286,470,469,460,459,11,638,639,5,499,637,8,666,505,503,98,96,97,107,355,32,33,145,143,144,364,662
421,482,409,410,426,340,319,318,419,317,656,413,447,193,192,229,449,189,206,186,227,250,519,551,521,277,276,286,470,468,460,459,11,638,639,5,499,637,8,666,505,503,98,96,97,109,355,32,33,145,143,144,364,662
421,482,409,410,490,341,319,318,419,317,656,413,447,193,191,190,449,189,206,186,227,250,519,551,521,277,276,286,470,468,177,461,638,639,5,499,637,8,666,505,503,98,96,97,109,355,32,33,145,143,144,364,662
421,482,408,406,428,426,427,407,339,314,317,656,413,447,193,191,190,188,187,185,183,518,517,269,747,225,641,220,221,217,218,182,216,613,565,564,581,498,497,499,637,8,666,505,503,98,96,97,107,356,362,708,33,145,143,144,364,662
421,482,409,410,490,341,320,318,316,314,317,656,413,447,193,191,190,188,187,185,183,518,653,250,519,551,521,277,276,286,470,469,460,459,11,638,639,5,499,637,8,666,505,503,98,96,97,107,355,32,33,145,143,144,364,662
421,482,408,406,428,426,340,319,338,339,314,317,656,413,447,193,191,190,188,187,185,183,249,653,250,519,551,521,277,276,175,287,177,461,638,639,5,499,637,8,666,505,503,98,96,97,107,355,32,33,145,143,144,364,662
421,482,409,406,428,426,340,319,318,419,317,656,413,447,193,192,229,449,189,206,186,227,250,519,551,224,277,276,286,470,469,460,459,11,638,639,5,499,637,8,666,505,503,98,96,97,107,355,32,33,145,143,144,364,662
421,482,408,406,428,426,427,407,339,314,317,656,413,447,193,191,190,188,187,185,183,518,517,269,747,225,641,220,221,217,218,182,215,613,565,564,5,499,637,8,666,505,503,98,96,97,107,355,32,33,145,143,144,364,662
421,482,409,410,490,341,319,338,339,314,317,656,413,447,193,191,190,188,187,185,183,249,227,250,519,551,521,277,276,286,470,468,460,459,11,638,639,5,499,637,8,666,505,503,98,96,97,109,355,32,33,145,143,144,364,662
421,482,409,406,428,426,340,319,318,419,317,656,413,447,193,191,190,449,189,206,186,227,250,519,551,224,277,276,286,470,468,460,459,11,638,639,5,499,637,8,666,505,503,98,96,97,109,355,32,33,145,143,144,364,662
421,482,408,406,428,426,340,319,318,419,317,656,413,447,193,191,190,188,187,185,183,249,227,250,519,551,521,277,276,286,470,468,460,459,11,638,639,5,499,637,8,666,505,503,98,96,97,109,355,32,33,145,143,144,364,662
421,482,409,410,426,427,407,339,314,317,656,413,447,193,191,190,188,187,185,183,249,653,250,519,551,224,277,276,286,470,469,460,459,11,638,639,5,499,637,8,666,505,503,98,96,97,107,355,32,33,145,143,144,364,662
421,482,409,410,426,340,319,338,339,314,317,656,413,447,193,191,190,449,189,206,186,227,250,519,551,224,640,222,642,469,460,459,11,638,639,5,499,637,8,666,505,503,98,96,97,109,355,32,33,145,143,144,364,662
421,482,408,406,404,407,339,314,317,656,413,447,193,191,190,188,189,206,186,227,250,519,551,521,277,276,286,470,469,460,459,11,638,639,5,499,637,8,666,505,503,98,96,97,109,355,32,33,145,143,144,364,662
421,482,408,406,428,426,340,319,318,316,314,317,656,413,447,193,191,190,188,187,185,183,518,517,519,551,521,277,276,286,470,468,460,459,11,638,639,5,499,637,8,666,505,503,98,96,97,109,355,32,33,145,143,144,364,662
421,482,409,410,490,340,319,338,339,314,317,656,413,447,193,191,190,188,187,185,183,518,517,269,747,225,641,220,221,217,218,182,216,613,565,639,5,499,637,8,666,505,503,98,96,97,109,355,32,33,145,143,144,364,662
421,482,409,406,428,426,427,407,339,314,317,656,413,447,193,191,190,188,187,185,183,249,227,250,519,551,521,277,276,286,470,468,460,459,11,638,639,5,499,637,8,666,505,503,98,96,97,107,355,32,33,145,143,144,364,662
421,482,409,410,490,341,319,338,339,314,317,656,413,447,193,191,190,188,187,185,183,249,653,250,519,551,521,277,276,286,470,468,177,461,638,639,5,499,637,8,666,505,503,98,96,97,109,355,32,33,145,143,144,364,662
421,482,408,406,428,426,340,319,338,339,314,317,656,413,447,193,192,229,449,189,206,186,227,250,519,551,521,277,276,286,470,469,468,460,459,11,638,639,5,499,637,8,666,505,503,98,96,97,107,355,32,33,145,143,144,364,662
421,482,409,410,490,341,319,338,339,314,317,656,413,447,193,191,190,188,187,206,186,227,250,519,551,521,277,276,286,470,468,460,459,11,638,639,5,499,637,8,666,505,503,98,96,97,109,355,32,33,145,143,144,364,662
421,482,408,406,428,426,340,319,338,339,314,317,656,413,447,193,191,190,188,187,185,183,518,517,519,551,521,277,276,286,470,468,177,461,638,639,5,499,637,8,666,505,503,98,96,97,107,355,32,33,145,143,144,364,662
421,482,408,406,428,426,340,319,338,339,314,317,656,413,447,193,191,190,449,189,206,186,227,250,519,551,521,277,276,175,287,177,461,638,639,5,499,637,8,666,505,503,98,96,97,109,355,32,33,145,143,144,364,662
421,482,409,410,490,340,319,338,339,314,317,656,413,447,193,192,229,449,189,206,186,227,250,519,551,224,640,222,642,469,460,459,11,638,639,5,499,637,8,666,505,503,98,96,97,109,355,32,33,145,143,144,364,662
421,482,408,406,428,426,340,319,338,339,314,317,656,413,447,193,191,190,188,187,185,183,518,653,250,519,551,521,277,276,286,470,468,177,461,638,639,5,499,637,8,666,505,503,98,96,97,109,355,32,33,145,143,144,364,662
421,482,408,406,428,426,340,319,318,419,317,656,413,447,193,191,190,188,187,185,183,249,653,250,519,551,521,277,276,286,470,468,177,461,638,639,5,499,637,8,666,505,503,98,96,97,109,355,32,33,145,143,144,364,662
421,482,408,406,428,426,340,319,318,419,317,656,413,447,193,191,190,188,187,206,186,227,250,519,551,521,277,276,286,470,468,460,459,11,638,639,5,499,637,8,666,505,503,98,96,97,109,355,32,33,145,143,144,364,662
421,482,409,410,426,427,407,339,314,317,656,413,447,193,191,190,449,189,206,186,227,250,519,551,224,277,276,286,470,469,460,459,11,638,639,5,499,637,8,666,505,503,98,96,97,109,355,32,33,145,143,144,364,662
421,482,409,410,490,341,319,318,316,314,317,656,413,447,193,191,190,188,187,185,183,249,653,250,519,551,224,640,222,642,469,460,459,11,638,639,5,499,637,8,666,505,503,98,96,97,107,355,32,33,145,143,144,364,662
421,482,408,424,484,404,407,339,314,317,656,413,447,193,191,190,188,187,185,183,518,517,519,551,224,277,276,286,470,469,460,459,11,638,639,5,499,637,8,666,505,503,98,96,97,107,355,32,33,145,143,144,364,662
421,482,409,406,428,426,340,319,338,339,314,317,656,413,447,193,191,190,188,187,185,183,249,653,250,519,551,224,277,276,286,470,468,460,459,11,638,639,5,499,637,8,666,505,503,98,96,97,109,355,32,33,145,143,144,364,662
421,482,408,424,484,404,407,339,314,317,656,413,447,193,191,190,188,187,185,183,249,653,250,519,551,224,640,222,642,219,459,11,638,639,5,499,637,8,666,505,503,98,96,97,107,355,32,33,145,143,144,364,662
421,482,408,424,484,404,407,339,314,317,656,413,447,193,191,190,188,187,185,183,518,653,250,519,551,224,277,276,286,470,469,460,459,11,638,639,5,499,637,8,666,505,503,98,96,97,109,355,32,33,145,143,144,364,662
421,482,409,406,428,426,340,319,338,339,314,317,656,413,447,193,191,190,449,189,206,186,227,250,519,551,224,640,222,286,470,468,460,459,11,638,639,5,499,637,8,666,505,503,98,96,97,107,355,32,33,145,143,144,364,662
421,482,408,406,428,426,340,319,318,316,314,317,656,413,447,193,191,190,188,187,185,183,518,653,250,519,551,224,640,222,642,469,460,459,11,638,639,5,499,637,8,666,505,503,98,96,97,107,355,32,33,145,143,144,364,662
421,482,408,406,404,407,339,314,317,656,413,447,193,191,190,188,187,185,186,227,250,519,551,521,277,276,286,470,469,460,459,11,638,639,5,499,637,8,666,505,503,98,96,97,109,355,32,33,145,143,144,364,662
421,482,409,406,428,426,427,407,339,314,317,656,413,447,193,191,190,188,187,185,183,249,653,250,519,551,521,277,276,286,470,468,177,461,638,639,5,499,637,8,666,505,503,98,96,97,107,355,32,33,145,143,144,364,662
421,482,409,410,490,341,319,318,419,317,656,413,447,193,192,229,449,189,206,186,227,250,519,551,521,277,276,286,470,468,177,461,638,639,5,499,637,8,666,505,503,98,96,97,107,355,32,33,145,143,144,364,662
421,482,409,406,428,426,427,407,339,314,317,656,413,447,193,191,190,188,187,206,186,227,250,519,551,521,277,276,286,470,468,460,459,11,638,639,5,499,637,8,666,505,503,98,96,97,107,355,32,33,145,143,144,364,662
421,482,408,406,404,407,339,314,317,656,413,447,193,191,190,188,187,185,183,518,517,519,551,224,640,222,642,469,460,459,11,638,639,5,499,637,8,666,505,503,98,96,97,109,355,32,33,145,143,144,364,662
421,482,408,406,404,407,339,314,317,656,413,447,193,191,190,188,187,185,183,518,517,269,747,225,641,220,222,642,469,460,459,11,638,639,5,499,637,8,666,505,503,98,96,97,109,355,32,33,145,143,144,364,662
421,482,409,410,490,341,320,318,316,314,317,656,413,447,193,191,190,188,187,185,183,518,653,250,519,551,521,277,276,286,470,468,460,459,11,638,639,5,499,637,8,666,505,503,98,96,97,107,355,32,33,145,143,144,364,662
421,482,409,406,428,426,340,319,318,419,317,656,413,447,193,192,229,449,189,206,186,227,250,519,551,224,277,276,286,470,468,460,459,11,638,639,5,499,637,8,666,505,503,98,96,97,107,355,32,33,145,143,144,364,662
421,482,409,410,490,341,320,318,316,314,317,656,413,447,193,191,190,188,187,185,183,249,653,250,519,551,521,277,276,286,470,469,460,459,11,638,639,5,499,637,8,666,505,503,98,96,97,109,355,32,33,145,143,144,364,662
421,482,409,410,426,340,319,338,339,314,317,656,413,447,193,191,190,188,187,185,183,518,517,269,747,225,641,220,221,217,218,182,216,613,565,639,5,499,637,8,666,505,503,98,96,97,107,355,32,33,145,143,144,364,662
421,482,408,406,428,426,427,407,339,314,317,656,413,447,193,191,190,188,189,206,186,227,250,519,551,224,640,222,642,469,460,459,11,638,639,5,499,637,8,666,505,503,98,96,97,107,355,32,33,145,143,144,364,662
421,482,409,406,428,426,340,319,338,339,314,317,656,413,447,193,192,229,449,189,206,186,227,250,519,551,224,277,276,286,470,469,460,459,11,638,639,5,499,637,8,666,505,503,98,96,97,109,355,32,33,145,143,144,364,662
421,482,409,410,490,341,319,318,316,314,317,656,413,447,193,191,190,449,189,206,186,227,250,519,551,224,640,222,642,469,460,459,11,638,639,5,499,637,8,666,505,503,98,96,97,109,355,32,33,145,143,144,364,662
421,482,409,410,426,427,407,339,314,317,656,413,447,193,191,190,188,187,185,183,249,653,250,519,551,224,277,276,286,470,468,460,459,11,638,639,5,499,637,8,666,505,503,98,96,97,107,355,32,33,145,143,144,364,662
421,482,408,424,484,404,407,339,314,317,656,413,447,193,191,190,449,189,206,186,227,250,519,551,521,277,276,286,470,468,469,460,459,11,638,639,5,499,637,8,666,505,503,98,96,97,107,355,32,33,145,143,144,364,662
421,482,408,424,484,404,407,339,314,317,656,413,447,193,191,190,449,189,206,186,227,250,519,551,224,640,222,642,219,459,11,638,639,5,499,637,8,666,505,503,98,96,97,109,355,32,33,145,143,144,364,662
421,482,409,410,426,340,319,338,339,314,317,656,413,447,193,192,229,449,189,206,186,227,250,519,551,224,640,222,642,469,460,459,11,638,639,5,499,637,8,666,505,503,98,96,97,107,355,32,33,145,143,144,364,662
421,482,409,406,428,426,427,407,339,314,317,656,413,447,193,191,190,449,189,206,186,227,250,519,551,521,277,276,286,470,468,177,461,638,639,5,499,637,8,666,505,503,98,96,97,109,355,32,33,145,143,144,364,662
421,482,408,406,404,407,339,314,317,656,413,447,193,191,190,188,189,206,186,227,250,519,551,521,277,276,286,470,468,460,459,11,638,639,5,499,637,8,666,505,503,98,96,97,109,355,32,33,145,143,144,364,662
421,482,409,410,490,341,319,318,419,317,656,413,447,193,191,190,188,189,206,186,227,250,519,551,521,277,276,286,470,469,460,459,11,638,639,5,499,637,8,666,505,503,98,96,97,107,355,32,33,145,143,144,364,662
421,482,408,424,484,404,407,339,314,317,656,413,447,193,191,190,188,187,185,183,249,653,250,519,551,224,640,222,286,470,469,460,459,11,638,639,5,499,637,8,666,505,503,98,96,97,107,355,32,33,145,143,144,364,662
421,482,408,406,428,426,340,319,338,339,314,317,656,413,447,193,192,229,449,189,206,186,227,250,519,551,521,277,276,175,287,177,461,638,639,5,499,637,8,666,505,503,98,96,97,107,355,32,33,145,143,144,364,662
421,482,408,424,484,404,407,339,314,317,656,413,447,193,191,190,449,189,206,186,227,250,519,551,521,277,276,286,470,469,460,459,11,638,639,5,499,637,8,666,505,503,98,96,97,107,355,362,708,33,145,143,144,364,662
421,482,408,406,428,426,427,407,339,314,317,656,413,447,193,191,190,188,187,185,186,227,250,519,551,224,640,222,642,469,460,459,11,638,639,5,499,637,8,666,505,503,98,96,97,107,355,32,33,145,143,144,364,662
421,482,409,410,490,341,320,321,411,419,317,656,413,447,193,191,190,188,187,185,183,518,517,519,551,521,277,276,286,470,469,460,459,11,638,639,5,499,637,8,666,505,503,98,96,97,107,355,32,33,145,143,144,364,662
421,482,409,410,490,341,320,318,419,317,656,413,447,193,191,190,449,189,206,186,227,250,519,551,521,277,276,286,470,468,177,461,638,639,5,499,637,8,666,505,503,98,96,97,107,355,32,33,145,143,144,364,662
421,482,408,406,428,426,340,319,338,339,314,317,656,413,447,193,191,190,188,187,185,183,249,227,250,519,551,224,640,222,642,469,460,459,11,638,639,5,499,637,8,666,505,503,98,96,97,107,355,32,33,145,143,144,364,662
421,482,409,410,426,427,407,339,314,317,656,413,447,193,192,229,449,189,206,186,227,250,519,551,224,277,276,286,470,469,460,459,11,638,639,5,499,637,8,666,505,503,98,96,97,107,355,32,33,145,143,144,364,662
421,482,409,410,490,341,320,321,411,419,317,656,413,447,193,191,190,188,187,185,183,518,653,250,519,551,521,277,276,286,470,469,460,459,11,638,639,5,499,637,8,666,505,503,98,96,97,109,355,32,33,145,143,144,364,662
421,482,409,410,426,427,407,339,314,317,656,413,447,193,191,190,449,189,206,186,227,250,519,551,224,277,276,286,470,468,460,459,11,638,639,5,499,637,8,666,505,503,98,96,97,109,355,32,33,145,143,144,364,662
421,482,408,424,484,404,407,339,314,317,656,413,447,193,191,190,188,187,185,183,518,517,269,747,225,641,220,221,217,218,182,216,613,565,564,5,499,637,8,666,505,503,98,96,97,107,355,362,708,33,145,143,144,364,662
421,482,408,424,484,404,407,339,314,317,656,413,447,193,191,190,188,187,185,183,518,517,519,551,224,277,276,286,470,468,460,459,11,638,639,5,499,637,8,666,505,503,98,96,97,107,355,32,33,145,143,144,364,662
421,482,408,406,428,426,340,319,338,339,314,317,656,413,447,193,191,190,188,187,185,183,518,517,269,747,225,641,220,221,217,218,12,10,638,639,5,499,637,8,666,505,503,98,96,97,107,355,32,33,145,143,144,364,662
421,482,408,424,483,445,402,199,198,200,488,333,252,233,234,507,520,665,717,618,263,265,266,269,747,225,641,220,221,217,218,182,216,613,565,564,5,499,637,8,666,505,503,98,96,97,107,355,32,33,145,143,144,364,662
421,482,408,424,484,404,407,339,314,317,656,413,447,193,191,190,188,187,185,183,518,653,250,519,551,224,277,276,286,470,468,460,459,11,638,639,5,499,637,8,666,505,503,98,96,97,109,355,32,33,145,143,144,364,662
421,482,408,406,428,426,340,319,338,339,314,317,656,413,447,193,191,190,449,189,206,186,227,250,519,551,521,277,276,286,470,469,460,459,11,638,639,5,499,637,8,666,505,503,98,96,97,107,356,362,708,33,145,143,144,364,662
421,482,408,406,404,407,339,314,317,656,413,447,193,191,190,188,187,185,186,227,250,519,551,521,277,276,286,470,468,460,459,11,638,639,5,499,637,8,666,505,503,98,96,97,109,355,32,33,145,143,144,364,662
421,482,409,410,490,341,319,318,419,317,656,413,447,193,191,190,188,187,185,186,227,250,519,551,521,277,276,286,470,469,460,459,11,638,639,5,499,637,8,666,505,503,98,96,97,107,355,32,33,145,143,144,364,662
421,482,409,406,404,407,339,314,317,656,413,447,193,191,190,449,189,206,186,227,250,519,551,521,277,276,286,470,468,177,461,638,639,5,499,637,8,666,505,503,98,96,97,107,355,32,33,145,143,144,364,662
421,482,408,406,428,426,340,319,338,339,314,317,656,413,447,193,191,190,449,189,206,186,227,250,519,551,521,277,270,175,287,177,461,638,639,5,499,637,8,666,505,503,98,96,97,107,355,32,33,145,143,144,364,662
421,482,408,406,428,426,340,319,318,316,314,317,656,413,447,193,191,190,188,187,185,183,249,653,250,519,551,224,640,222,642,469,460,459,11,638,639,5,499,637,8,666,505,503,98,96,97,109,355,32,33,145,143,144,364,662
421,482,408,406,428,426,427,407,339,314,317,656,413,447,193,191,190,188,187,185,183,518,517,269,747,225,641,220,221,217,218,182,215,613,565,564,581,498,497,499,637,8,666,505,503,98,96,97,107,355,32,33,145,143,144,364,662
421,482,408,424,484,404,407,339,314,317,656,413,447,193,191,190,449,189,206,186,227,250,519,551,224,640,222,286,470,469,460,459,11,638,639,5,499,637,8,666,505,503,98,96,97,109,355,32,33,145,143,144,364,662
421,482,409,410,490,341,319,338,339,314,317,656,413,447,193,192,229,449,189,206,186,227,250,519,551,521,277,276,286,470,468,177,461,638,639,5,499,637,8,666,505,503,98,96,97,109,355,32,33,145,143,144,364,662
421,482,409,410,490,341,319,318,419,317,656,413,447,193,191,190,188,187,185,183,518,517,519,551,224,640,222,642,469,460,459,11,638,639,5,499,637,8,666,505,503,98,96,97,107,355,32,33,145,143,144,364,662
421,482,408,406,428,426,427,407,339,314,317,656,413,447,193,191,190,188,187,185,183,249,227,250,519,551,224,277,276,286,470,469,460,459,11,638,639,5,499,637,8,666,505,503,98,96,97,107,355,32,33,145,143,144,364,662
421,482,409,410,490,341,319,318,316,314,317,656,413,447,193,191,190,188,187,185,183,518,517,269,747,225,641,220,221,217,218,182,216,613,565,639,5,499,637,8,666,505,503,98,96,97,107,355,32,33,145,143,144,364,662
421,482,408,406,428,426,340,319,318,419,317,656,413,447,193,192,229,449,189,206,186,227,250,519,551,521,277,276,286,470,468,177,461,638,639,5,499,637,8,666,505,503,98,96,97,109,355,32,33,145,143,144,364,662
421,482,409,410,490,341,319,318,419,317,656,413,447,193,191,190,188,187,185,183,518,653,250,519,551,224,640,222,642,469,460,459,11,638,639,5,499,637,8,666,505,503,98,96,97,109,355,32,33,145,143,144,364,662
421,482,408,406,428,426,340,319,338,339,314,317,656,413,447,193,191,190,188,187,206,186,227,250,519,551,224,640,222,642,469,460,459,11,638,639,5,499,637,8,666,505,503,98,96,97,107,355,32,33,145,143,144,364,662
421,482,409,410,490,341,319,318,419,317,656,413,447,193,191,190,188,187,185,183,518,517,269,747,225,641,220,222,642,469,460,459,11,638,639,5,499,637,8,666,505,503,98,96,97,107,355,32,33,145,143,144,364,662
421,482,408,406,428,426,340,319,338,339,314,317,656,413,447,193,191,190,188,187,185,183,518,517,269,747,225,641,220,221,217,218,182,216,613,565,564,5,499,637,8,666,505,503,98,96,97,107,356,362,708,33,145,143,144,364,662
421,482,409,410,490,341,320,318,316,314,317,656,413,447,193,191,190,188,187,185,183,249,653,250,519,551,521,277,276,286,470,468,460,459,11,638,639,5,499,637,8,666,505,503,98,96,97,109,355,32,33,145,143,144,364,662
421,482,409,410,490,341,319,318,316,314,317,656,413,447,193,192,229,449,189,206,186,227,250,519,551,224,640,222,642,469,460,459,11,638,639,5,499,637,8,666,505,503,98,96,97,107,355,32,33,145,143,144,364,662
421,482,409,406,428,426,340,319,338,339,314,317,656,413,447,193,192,229,449,189,206,186,227,250,519,551,224,277,276,286,470,468,460,459,11,638,639,5,499,637,8,666,505,503,98,96,97,109,355,32,33,145,143,144,364,662
421,482,408,424,484,404,407,339,314,317,656,413,447,193,192,229,449,189,206,186,227,250,519,551,224,640,222,642,219,459,11,638,639,5,499,637,8,666,505,503,98,96,97,107,355,32,33,145,143,144,364,662
421,482,409,406,428,426,427,407,339,314,317,656,413,447,193,192,229,449,189,206,186,227,250,519,551,521,277,276,286,470,468,177,461,638,639,5,499,637,8,666,505,503,98,96,97,107,355,32,33,145,143,144,364,662
421,482,409,410,490,340,319,338,339,314,317,656,413,447,193,191,190,188,187,185,183,518,653,250,519,551,224,277,276,286,470,469,460,459,11,638,639,5,499,637,8,666,505,503,98,96,97,107,355,32,33,145,143,144,364,662
421,482,409,410,490,340,319,318,419,317,656,413,447,193,191,190,188,187,185,183,249,653,250,519,551,224,277,276,286,470,469,460,459,11,638,639,5,499,637,8,666,505,503,98,96,97,107,355,32,33,145,143,144,364,662
421,482,409,410,490,341,320,318,419,317,656,413,447,193,191,190,188,187,185,183,518,517,519,551,521,277,276,286,470,469,460,459,11,638,639,5,499,637,8,666,505,503,98,96,97,109,355,32,33,145,143,144,364,662
421,482,408,406,428,426,427,407,339,314,317,656,413,447,193,191,190,188,187,206,186,227,250,519,551,224,277,276,286,470,469,460,459,11,638,639,5,499,637,8,666,505,503,98,96,97,107,355,32,33,145,143,144,364,662
421,482,409,410,490,341,319,318,419,317,656,413,447,193,191,190,188,189,206,186,227,250,519,551,521,277,276,286,470,468,460,459,11,638,639,5,499,637,8,666,505,503,98,96,97,107,355,32,33,145,143,144,364,662
421,482,408,406,404,407,339,314,317,656,413,447,193,191,190,188,187,185,183,518,517,269,747,225,641,220,221,642,469,460,459,11,638,639,5,499,637,8,666,505,503,98,96,97,109,355,32,33,145,143,144,364,662
421,482,408,424,484,404,407,339,314,317,656,413,447,193,191,190,188,187,185,183,249,653,250,519,551,224,640,222,286,470,468,460,459,11,638,639,5,499,637,8,666,505,503,98,96,97,107,355,32,33,145,143,144,364,662
421,482,409,406,428,426,340,319,318,316,314,317,656,413,447,193,191,190,188,187,185,183,518,653,250,519,551,521,277,276,286,470,469,460,459,11,638,639,5,499,637,8,666,505,503,98,96,97,107,355,32,33,145,143,144,364,662
421,482,409,410,490,341,319,338,339,314,317,656,413,447,193,191,190,188,189,206,186,227,250,519,551,521,277,276,286,470,469,460,459,11,638,639,5,499,637,8,666,505,503,98,96,97,109,355,32,33,145,143,144,364,662
421,482,408,424,484,404,407,339,314,317,656,413,447,193,191,190,449,189,206,186,227,250,519,551,521,277,276,286,470,468,460,459,11,638,639,5,499,637,8,666,505,503,98,96,97,107,355,362,708,33,145,143,144,364,662
421,482,409,410,490,341,320,318,316,314,317,656,413,447,193,192,229,449,189,206,186,227,250,519,551,521,277,276,286,470,469,460,459,11,638,639,5,499,637,8,666,505,503,98,96,97,109,355,32,33,145,143,144,364,662
421,482,408,406,428,426,340,319,318,419,317,656,413,447,193,191,190,188,189,206,186,227,250,519,551,521,277,276,286,470,469,460,459,11,638,639,5,499,637,8,666,505,503,98,96,97,109,355,32,33,145,143,144,364,662
421,482,409,406,404,407,339,314,317,656,413,447,193,191,190,188,187,185,183,518,517,519,551,521,277,276,286,470,469,460,459,11,638,639,5,499,637,8,666,505,503,98,96,97,109,355,32,33,145,143,144,364,662
421,482,409,410,490,341,320,321,411,419,317,656,413,447,193,191,190,188,187,185,183,518,517,519,551,521,277,276,286,470,468,460,459,11,638,639,5,499,637,8,666,505,503,98,96,97,107,355,32,33,145,143,144,364,662
421,482,409,410,426,427,407,339,314,317,656,413,447,193,192,229,449,189,206,186,227,250,519,551,224,277,276,286,470,468,460,459,11,638,639,5,499,637,8,666,505,503,98,96,97,107,355,32,33,145,143,144,364,662
421,482,409,410,490,341,320,321,411,419,317,656,413,447,193,191,190,188,187,185,183,518,653,250,519,551,521,277,276,286,470,468,460,459,11,638,639,5,499,637,8,666,505,503,98,96,97,109,355,32,33,145,143,144,364,662
421,482,409,410,490,340,319,338,339,314,317,656,413,447,193,191,190,449,189,206,186,227,250,519,551,224,640,222,642,219,459,11,638,639,5,499,637,8,666,505,503,98,96,97,107,355,32,33,145,143,144,364,662
421,482,409,410,490,340,319,318,419,317,656,413,447,193,191,190,449,189,206,186,227,250,519,551,224,277,276,286,470,469,460,459,11,638,639,5,499,637,8,666,505,503,98,96,97,109,355,32,33,145,143,144,364,662
421,482,409,406,428,426,427,407,339,314,317,656,413,447,193,191,190,188,189,206,186,227,250,519,551,521,277,276,286,470,469,460,459,11,638,639,5,499,637,8,666,505,503,98,96,97,107,355,32,33,145,143,144,364,662
421,482,408,406,428,426,340,319,338,339,314,317,656,413,447,193,191,190,449,189,206,186,227,250,519,551,521,277,276,286,470,468,460,459,11,638,639,5,499,637,8,666,505,503,98,96,97,107,356,362,708,33,145,143,144,364,662
421,482,409,410,490,341,319,318,419,317,656,413,447,193,191,190,188,187,185,186,227,250,519,551,521,277,276,286,470,468,460,459,11,638,639,5,499,637,8,666,505,503,98,96,97,107,355,32,33,145,143,144,364,662
421,482,408,424,484,404,407,339,314,317,656,413,447,193,192,229,449,189,206,186,227,250,519,551,224,640,222,286,470,469,460,459,11,638,639,5,499,637,8,666,505,503,98,96,97,107,355,32,33,145,143,144,364,662
421,482,409,410,490,341,320,318,316,314,317,656,413,447,193,191,190,449,189,206,186,227,250,519,551,224,640,222,642,469,460,459,11,638,639,5,499,637,8,666,505,503,98,96,97,107,355,32,33,145,143,144,364,662
421,482,408,424,484,404,407,339,314,317,656,413,447,193,191,190,449,189,206,186,227,250,519,551,224,640,222,286,470,468,460,459,11,638,639,5,499,637,8,666,505,503,98,96,97,109,355,32,33,145,143,144,364,662
421,482,409,410,490,341,319,338,339,314,317,656,413,447,193,191,190,188,187,185,186,227,250,519,551,521,277,276,286,470,469,460,459,11,638,639,5,499,637,8,666,505,503,98,96,97,109,355,32,33,145,143,144,364,662
421,482,408,406,428,426,340,319,318,419,317,656,413,447,193,191,190,188,187,185,186,227,250,519,551,521,277,276,286,470,469,460,459,11,638,639,5,499,637,8,666,505,503,98,96,97,109,355,32,33,145,143,144,364,662
421,482,408,406,428,426,427,407,339,314,317,656,413,447,193,191,190,188,187,185,183,249,227,250,519,551,224,277,276,286,470,468,460,459,11,638,639,5,499,637,8,666,505,503,98,96,97,107,355,32,33,145,143,144,364,662
421,482,409,410,490,341,319,338,339,314,317,656,413,447,193,191,190,188,187,185,183,518,517,519,551,224,640,222,642,469,460,459,11,638,639,5,499,637,8,666,505,503,98,96,97,109,355,32,33,145,143,144,364,662
421,482,408,406,428,426,340,319,318,419,317,656,413,447,193,191,190,188,187,185,183,518,517,519,551,224,640,222,642,469,460,459,11,638,639,5,499,637,8,666,505,503,98,96,97,109,355,32,33,145,143,144,364,662
421,482,409,410,490,341,319,338,339,314,317,656,413,447,193,191,190,188,187,185,183,518,517,269,747,225,641,220,222,642,469,460,459,11,638,639,5,499,637,8,666,505,503,98,96,97,109,355,32,33,145,143,144,364,662
421,482,408,406,428,426,340,319,318,316,314,317,656,413,447,193,191,190,188,187,185,183,518,517,269,747,225,641,220,221,217,218,182,216,613,565,639,5,499,637,8,666,505,503,98,96,97,109,355,32,33,145,143,144,364,662
421,482,408,406,428,426,340,319,318,419,317,656,413,447,193,191,190,188,187,185,183,518,517,269,747,225,641,220,222,642,469,460,459,11,638,639,5,499,637,8,666,505,503,98,96,97,109,355,32,33,145,143,144,364,662
421,482,409,406,428,426,427,407,339,314,317,656,413,447,193,191,190,188,187,185,186,227,250,519,551,521,277,276,286,470,469,460,459,11,638,639,5,499,637,8,666,505,503,98,96,97,107,355,32,33,145,143,144,364,662
421,482,409,410,490,340,319,338,339,314,317,656,413,447,193,191,190,188,187,185,183,518,653,250,519,551,224,277,276,286,470,468,460,459,11,638,639,5,499,637,8,666,505,503,98,96,97,107,355,32,33,145,143,144,364,662
421,482,409,406,428,426,340,319,338,339,314,317,656,413,447,193,191,190,188,187,185,183,249,227,250,519,551,521,277,276,286,470,469,460,459,11,638,639,5,499,637,8,666,505,503,98,96,97,107,355,32,33,145,143,144,364,662
421,482,409,410,490,340,319,318,419,317,656,413,447,193,191,190,188,187,185,183,249,653,250,519,551,224,277,276,286,470,468,460,459,11,638,639,5,499,637,8,666,505,503,98,96,97,107,355,32,33,145,143,144,364,662
421,482,408,406,428,426,340,319,318,316,314,317,656,413,447,193,192,229,449,189,206,186,227,250,519,551,224,640,222,642,469,460,459,11,638,639,5,499,637,8,666,505,503,98,96,97,109,355,32,33,145,143,144,364,662
421,482,409,410,490,340,319,338,339,314,317,656,413,447,193,191,190,188,187,185,183,249,653,250,519,551,224,277,276,286,470,469,460,459,11,638,639,5,499,637,8,666,505,503,98,96,97,109,355,32,33,145,143,144,364,662
421,482,409,410,490,341,320,318,419,317,656,413,447,193,191,190,188,187,185,183,518,517,519,551,521,277,276,286,470,468,460,459,11,638,639,5,499,637,8,666,505,503,98,96,97,109,355,32,33,145,143,144,364,662
421,482,409,406,428,426,427,407,339,314,317,656,413,447,193,191,190,188,187,185,183,518,517,519,551,224,640,222,642,469,460,459,11,638,639,5,499,637,8,666,505,503,98,96,97,107,355,32,33,145,143,144,364,662
421,482,408,406,428,426,427,407,339,314,317,656,413,447,193,191,190,188,187,185,183,249,653,250,519,551,224,277,276,286,470,468,177,461,638,639,5,499,637,8,666,505,503,98,96,97,107,355,32,33,145,143,144,364,662
421,482,409,410,490,340,319,338,339,314,317,656,413,447,193,191,190,449,189,206,186,227,250,519,551,224,640,222,286,470,469,460,459,11,638,639,5,499,637,8,666,505,503,98,96,97,107,355,32,33,145,143,144,364,662
421,482,408,406,428,426,427,407,339,314,317,656,413,447,193,191,190,188,187,206,186,227,250,519,551,224,277,276,286,470,468,460,459,11,638,639,5,499,637,8,666,505,503,98,96,97,107,355,32,33,145,143,144,364,662
421,482,409,406,428,426,427,407,339,314,317,656,413,447,193,191,190,188,187,185,183,518,653,250,519,551,224,640,222,642,469,460,459,11,638,639,5,499,637,8,666,505,503,98,96,97,109,355,32,33,145,143,144,364,662
421,482,409,410,490,341,319,318,419,317,656,413,447,193,191,190,188,187,185,183,518,517,269,747,225,641,220,221,642,469,460,459,11,638,639,5,499,637,8,666,505,503,98,96,97,107,355,32,33,145,143,144,364,662
421,482,409,410,426,340,319,318,419,317,656,413,447,193,191,190,449,189,206,186,227,250,519,551,224,277,276,286,470,469,460,459,11,638,639,5,499,637,8,666,505,503,98,96,97,107,355,32,33,145,143,144,364,662
421,482,409,406,428,426,427,407,339,314,317,656,413,447,193,191,190,188,187,185,183,518,517,269,747,225,641,220,222,642,469,460,459,11,638,639,5,499,637,8,666,505,503,98,96,97,107,355,32,33,145,143,144,364,662
421,482,409,406,428,426,340,319,318,316,314,317,656,413,447,193,191,190,188,187,185,183,518,653,250,519,551,521,277,276,286,470,468,460,459,11,638,639,5,499,637,8,666,505,503,98,96,97,107,355,32,33,145,143,144,364,662
421,482,409,410,490,341,319,338,339,314,317,656,413,447,193,191,190,188,189,206,186,227,250,519,551,521,277,276,286,470,468,460,459,11,638,639,5,499,637,8,666,505,503,98,96,97,109,355,32,33,145,143,144,364,662
421,482,408,406,428,426,427,407,339,314,317,656,413,447,193,191,190,188,187,185,183,518,517,519,551,224,640,222,642,219,459,11,638,639,5,499,637,8,666,505,503,98,96,97,107,355,32,33,145,143,144,364,662
421,482,408,406,428,426,427,407,339,314,317,656,413,447,193,191,190,188,187,185,183,518,653,250,519,551,521,277,276,286,470,468,469,460,459,11,638,639,5,499,637,8,666,505,503,98,96,97,107,355,32,33,145,143,144,364,662
421,482,408,424,484,404,407,339,314,317,656,413,447,193,191,190,188,187,185,183,518,517,269,747,225,641,220,221,217,218,182,216,613,565,564,581,498,497,499,637,8,666,505,503,98,96,97,107,355,362,708,33,145,143,144,364,662
421,482,408,406,428,426,427,407,339,314,317,656,413,447,193,191,190,188,187,185,183,518,653,250,519,551,224,640,222,642,219,459,11,638,639,5,499,637,8,666,505,503,98,96,97,109,355,32,33,145,143,144,364,662
421,482,409,410,490,341,320,318,316,314,317,656,413,447,193,192,229,449,189,206,186,227,250,519,551,521,277,276,286,470,468,460,459,11,638,639,5,499,637,8,666,505,503,98,96,97,109,355,32,33,145,143,144,364,662
421,482,409,406,428,426,340,319,318,316,314,317,656,413,447,193,191,190,188,187,185,183,249,653,250,519,551,521,277,276,286,470,469,460,459,11,638,639,5,499,637,8,666,505,503,98,96,97,109,355,32,33,145,143,144,364,662
421,482,408,406,428,426,340,319,318,419,317,656,413,447,193,191,190,188,189,206,186,227,250,519,551,521,277,276,286,470,468,460,459,11,638,639,5,499,637,8,666,505,503,98,96,97,109,355,32,33,145,143,144,364,662
421,482,408,406,428,426,427,407,339,314,317,656,413,447,193,191,190,188,187,185,183,518,517,269,747,225,641,220,222,642,219,459,11,638,639,5,499,637,8,666,505,503,98,96,97,107,355,32,33,145,143,144,364,662
421,482,408,424,483,445,402,199,198,200,488,333,252,233,234,507,520,665,717,618,263,265,266,269,747,225,641,220,221,217,218,182,216,613,565,564,581,498,497,499,637,8,666,505,503,98,96,97,107,355,32,33,145,143,144,364,662
421,482,409,406,404,407,339,314,317,656,413,447,193,191,190,188,187,185,183,518,517,519,551,521,277,276,286,470,468,460,459,11,638,639,5,499,637,8,666,505,503,98,96,97,109,355,32,33,145,143,144,364,662
421,482,409,406,428,426,340,319,338,339,314,317,656,413,447,193,191,190,188,187,206,186,227,250,519,551,521,277,276,286,470,469,460,459,11,638,639,5,499,637,8,666,505,503,98,96,97,107,355,32,33,145,143,144,364,662
421,482,409,410,490,340,319,318,419,317,656,413,447,193,192,229,449,189,206,186,227,250,519,551,224,277,276,286,470,469,460,459,11,638,639,5,499,637,8,666,505,503,98,96,97,107,355,32,33,145,143,144,364,662
421,482,409,410,490,341,320,318,419,317,656,413,447,193,191,190,188,187,185,183,518,653,250,519,551,224,640,222,642,469,460,459,11,638,639,5,499,637,8,666,505,503,98,96,97,107,355,32,33,145,143,144,364,662
421,482,409,410,490,340,319,318,419,317,656,413,447,193,191,190,449,189,206,186,227,250,519,551,224,277,276,286,470,468,460,459,11,638,639,5,499,637,8,666,505,503,98,96,97,109,355,32,33,145,143,144,364,662
421,482,408,406,428,426,427,407,339,314,317,656,413,447,193,191,190,188,187,185,183,518,653,250,519,551,521,277,276,286,470,469,460,459,11,638,639,5,499,637,8,666,505,503,98,96,97,107,355,362,708,33,145,143,144,364,662
421,482,409,406,428,426,427,407,339,314,317,656,413,447,193,191,190,188,189,206,186,227,250,519,551,521,277,276,286,470,468,460,459,11,638,639,5,499,637,8,666,505,503,98,96,97,107,355,32,33,145,143,144,364,662
421,482,408,406,428,426,427,407,339,314,317,656,413,447,193,191,190,449,189,206,186,227,250,519,551,224,277,276,286,470,468,177,461,638,639,5,499,637,8,666,505,503,98,96,97,109,355,32,33,145,143,144,364,662
421,482,408,406,428,426,340,319,338,339,314,317,656,413,447,193,191,190,188,187,185,183,518,517,269,747,225,641,220,221,217,218,182,216,613,565,564,581,498,497,499,637,8,666,505,503,98,96,97,107,356,362,708,33,145,143,144,364,662
421,482,408,424,484,404,407,339,314,317,656,413,447,193,192,229,449,189,206,186,227,250,519,551,224,640,222,286,470,468,460,459,11,638,639,5,499,637,8,666,505,503,98,96,97,107,355,32,33,145,143,144,364,662
421,482,408,406,428,426,340,319,338,339,314,317,656,413,447,193,191,190,188,187,185,183,518,517,269,747,225,641,220,221,217,218,182,215,613,565,564,5,499,637,8,666,505,503,98,96,97,107,355,32,33,145,143,144,364,662
421,482,409,410,490,341,319,338,339,314,317,656,413,447,193,191,190,188,187,185,186,227,250,519,551,521,277,276,286,470,468,460,459,11,638,639,5,499,637,8,666,505,503,98,96,97,109,355,32,33,145,143,144,364,662
421,482,409,406,404,407,339,314,317,656,413,447,193,191,190,188,187,185,183,518,653,250,519,551,224,640,222,642,469,460,459,11,638,639,5,499,637,8,666,505,503,98,96,97,107,355,32,33,145,143,144,364,662
421,482,408,406,428,426,340,319,318,419,317,656,413,447,193,191,190,188,187,185,186,227,250,519,551,521,277,276,286,470,468,460,459,11,638,639,5,499,637,8,666,505,503,98,96,97,109,355,32,33,145,143,144,364,662
421,482,409,406,428,426,340,319,318,419,317,656,413,447,193,191,190,449,189,206,186,227,250,519,551,521,277,276,286,470,468,177,461,638,639,5,499,637,8,666,505,503,98,96,97,107,355,32,33,145,143,144,364,662
421,482,409,410,426,340,319,338,339,314,317,656,413,447,193,191,190,188,187,185,183,249,653,250,519,551,224,277,276,286,470,469,460,459,11,638,639,5,499,637,8,666,505,503,98,96,97,107,355,32,33,145,143,144,364,662
421,482,409,410,490,341,320,321,411,419,317,656,413,447,193,191,190,188,187,185,183,249,653,250,519,551,224,640,222,642,469,460,459,11,638,639,5,499,637,8,666,505,503,98,96,97,107,355,32,33,145,143,144,364,662
421,482,408,406,404,407,339,314,317,656,413,447,193,191,190,188,187,185,183,518,653,250,519,551,224,640,222,642,219,459,11,638,639,5,499,637,8,666,505,503,98,96,97,107,355,32,33,145,143,144,364,662
421,482,408,406,428,426,427,407,339,314,317,656,413,447,193,191,190,188,187,185,183,518,517,519,551,224,640,222,286,470,469,460,459,11,638,639,5,499,637,8,666,505,503,98,96,97,107,355,32,33,145,143,144,364,662
421,482,408,406,428,426,427,407,339,314,317,656,413,447,193,191,190,188,187,185,183,518,653,250,519,551,224,640,222,286,470,469,460,459,11,638,639,5,499,637,8,666,505,503,98,96,97,109,355,32,33,145,143,144,364,662
421,482,408,406,428,426,427,407,339,314,317,656,413,447,193,191,190,188,187,185,183,518,517,269,747,225,641,220,222,286,470,469,460,459,11,638,639,5,499,637,8,666,505,503,98,96,97,107,355,32,33,145,143,144,364,662
421,482,409,406,428,426,427,407,339,314,317,656,413,447,193,191,190,188,187,185,186,227,250,519,551,521,277,276,286,470,468,460,459,11,638,639,5,499,637,8,666,505,503,98,96,97,107,355,32,33,145,143,144,364,662
421,482,409,406,428,426,340,319,338,339,314,317,656,413,447,193,191,190,188,187,185,183,249,227,250,519,551,521,277,276,286,470,468,460,459,11,638,639,5,499,637,8,666,505,503,98,96,97,107,355,32,33,145,143,144,364,662
421,482,409,410,490,340,319,338,339,314,317,656,413,447,193,191,190,188,187,185,183,249,653,250,519,551,224,277,276,286,470,468,460,459,11,638,639,5,499,637,8,666,505,503,98,96,97,109,355,32,33,145,143,144,364,662
421,482,409,410,490,340,319,338,339,314,317,656,413,447,193,191,190,449,189,206,186,227,250,519,551,224,640,222,286,470,468,460,459,11,638,639,5,499,637,8,666,505,503,98,96,97,107,355,32,33,145,143,144,364,662
421,482,408,406,404,407,339,314,317,656,413,447,193,191,190,449,189,206,186,227,250,519,551,224,277,276,286,470,468,177,461,638,639,5,499,637,8,666,505,503,98,96,97,107,355,32,33,145,143,144,364,662
421,482,409,410,426,340,319,318,419,317,656,413,447,193,191,190,449,189,206,186,227,250,519,551,224,277,276,286,470,468,460,459,11,638,639,5,499,637,8,666,505,503,98,96,97,107,355,32,33,145,143,144,364,662
421,482,409,410,490,341,319,338,339,314,317,656,413,447,193,191,190,188,187,185,183,518,517,269,747,225,641,220,221,642,469,460,459,11,638,639,5,499,637,8,666,505,503,98,96,97,109,355,32,33,145,143,144,364,662
421,482,409,410,426,340,319,338,339,314,317,656,413,447,193,191,190,449,189,206,186,227,250,519,551,224,277,276,286,470,469,460,459,11,638,639,5,499,637,8,666,505,503,98,96,97,109,355,32,33,145,143,144,364,662
421,482,409,410,490,341,320,321,411,419,317,656,413,447,193,191,190,449,189,206,186,227,250,519,551,224,640,222,642,469,460,459,11,638,639,5,499,637,8,666,505,503,98,96,97,109,355,32,33,145,143,144,364,662
421,482,409,406,428,426,340,319,318,316,314,317,656,413,447,193,191,190,188,187,185,183,249,653,250,519,551,521,277,276,286,470,468,460,459,11,638,639,5,499,637,8,666,505,503,98,96,97,109,355,32,33,145,143,144,364,662
421,482,408,406,428,426,340,319,318,419,317,656,413,447,193,191,190,188,187,185,183,518,517,269,747,225,641,220,221,642,469,460,459,11,638,639,5,499,637,8,666,505,503,98,96,97,109,355,32,33,145,143,144,364,662
421,482,408,406,428,426,427,407,339,314,317,656,413,447,193,191,190,188,187,185,183,249,653,250,519,551,521,277,276,286,470,468,469,460,459,11,638,639,5,499,637,8,666,505,503,98,96,97,109,355,32,33,145,143,144,364,662
421,482,408,424,483,405,403,401,199,198,200,488,333,252,233,234,507,520,665,717,618,263,265,266,269,747,225,641,220,221,217,218,182,216,613,565,564,5,499,637,8,666,505,503,98,96,97,107,355,32,33,145,143,144,364,662
421,482,409,406,428,426,340,319,338,339,314,317,656,413,447,193,191,190,188,187,185,183,249,653,250,519,551,521,277,276,286,470,468,177,461,638,639,5,499,637,8,666,505,503,98,96,97,107,355,32,33,145,143,144,364,662
421,482,408,424,484,404,407,339,314,317,656,413,447,193,191,190,449,189,206,186,227,250,519,551,521,277,276,286,470,469,468,460,459,11,638,639,5,499,637,8,666,505,503,98,96,97,107,355,32,33,145,143,144,364,662
421,482,409,406,428,426,340,319,338,339,314,317,656,413,447,193,191,190,188,187,206,186,227,250,519,551,521,277,276,286,470,468,460,459,11,638,639,5,499,637,8,666,505,503,98,96,97,107,355,32,33,145,143,144,364,662
421,482,409,410,490,340,319,318,419,317,656,413,447,193,192,229,449,189,206,186,227,250,519,551,224,277,276,286,470,468,460,459,11,638,639,5,499,637,8,666,505,503,98,96,97,107,355,32,33,145,143,144,364,662
421,482,408,406,404,407,339,314,317,656,413,447,193,191,190,188,187,185,183,518,653,250,519,551,224,640,222,286,470,469,460,459,11,638,639,5,499,637,8,666,505,503,98,96,97,107,355,32,33,145,143,144,364,662
421,482,409,410,490,340,319,338,339,314,317,656,413,447,193,192,229,449,189,206,186,227,250,519,551,224,277,276,286,470,469,460,459,11,638,639,5,499,637,8,666,505,503,98,96,97,109,355,32,33,145,143,144,364,662
421,482,408,406,428,426,427,407,339,314,317,656,413,447,193,192,229,449,189,206,186,227,250,519,551,224,277,276,286,470,468,177,461,638,639,5,499,637,8,666,505,503,98,96,97,107,355,32,33,145,143,144,364,662
421,482,409,406,428,426,340,319,318,419,317,656,413,447,193,191,190,188,187,185,183,518,517,519,551,521,277,276,286,470,469,460,459,11,638,639,5,499,637,8,666,505,503,98,96,97,109,355,32,33,145,143,144,364,662
421,482,408,406,428,426,427,407,339,314,317,656,413,447,193,191,190,188,187,185,183,518,653,250,519,551,521,277,276,286,470,468,460,459,11,638,639,5,499,637,8,666,505,503,98,96,97,107,355,362,708,33,145,143,144,364,662
421,482,409,410,490,341,320,318,419,317,656,413,447,193,191,190,188,187,185,183,249,653,250,519,551,224,640,222,642,469,460,459,11,638,639,5,499,637,8,666,505,503,98,96,97,109,355,32,33,145,143,144,364,662
421,482,409,406,428,426,427,407,339,314,317,656,413,447,193,191,190,188,187,185,183,518,517,269,747,225,641,220,221,642,469,460,459,11,638,639,5,499,637,8,666,505,503,98,96,97,107,355,32,33,145,143,144,364,662
421,482,408,406,428,426,427,407,339,314,317,656,413,447,193,191,190,188,187,185,183,249,653,250,519,551,521,277,276,286,470,469,460,459,11,638,639,5,499,637,8,666,505,503,98,96,97,109,355,362,708,33,145,143,144,364,662
421,482,409,410,490,341,319,318,316,314,317,656,413,447,193,191,190,188,187,185,183,249,653,250,519,551,224,277,276,286,470,469,460,459,11,638,639,5,499,637,8,666,505,503,98,96,97,107,355,32,33,145,143,144,364,662
421,482,408,406,428,426,427,407,339,314,317,656,413,447,193,191,190,188,187,185,183,518,517,269,747,225,641,220,221,642,219,459,11,638,639,5,499,637,8,666,505,503,98,96,97,107,355,32,33,145,143,144,364,662
421,482,408,406,428,426,340,319,338,339,314,317,656,413,447,193,191,190,188,189,206,186,227,250,519,551,224,640,222,642,469,460,459,11,638,639,5,499,637,8,666,505,503,98,96,97,107,355,32,33,145,143,144,364,662
421,482,409,406,428,426,340,319,318,316,314,317,656,413,447,193,192,229,449,189,206,186,227,250,519,551,521,277,276,286,470,469,460,459,11,638,639,5,499,637,8,666,505,503,98,96,97,109,355,32,33,145,143,144,364,662
421,482,408,406,428,426,340,319,318,316,314,317,656,413,447,193,191,190,188,187,185,183,518,653,250,519,551,224,277,276,286,470,469,460,459,11,638,639,5,499,637,8,666,505,503,98,96,97,107,355,32,33,145,143,144,364,662
421,482,409,410,426,340,319,338,339,314,317,656,413,447,193,191,190,188,187,185,183,249,653,250,519,551,224,277,276,286,470,468,460,459,11,638,639,5,499,637,8,666,505,503,98,96,97,107,355,32,33,145,143,144,364,662
421,482,409,406,404,407,339,314,317,656,413,447,193,191,190,188,187,185,183,249,653,250,519,551,224,640,222,642,469,460,459,11,638,639,5,499,637,8,666,505,503,98,96,97,109,355,32,33,145,143,144,364,662
421,482,409,406,428,426,340,319,338,339,314,317,656,413,447,193,191,190,449,189,206,186,227,250,519,551,521,277,276,286,470,468,177,461,638,639,5,499,637,8,666,505,503,98,96,97,109,355,32,33,145,143,144,364,662
421,482,408,406,404,407,339,314,317,656,413,447,193,191,190,188,187,185,183,518,517,519,551,224,277,276,286,470,469,460,459,11,638,639,5,499,637,8,666,505,503,98,96,97,109,355,32,33,145,143,144,364,662
421,482,408,406,428,426,427,407,339,314,317,656,413,447,193,191,190,188,187,185,183,518,517,519,551,224,640,222,286,470,468,460,459,11,638,639,5,499,637,8,666,505,503,98,96,97,107,355,32,33,145,143,144,364,662
421,482,408,406,404,407,339,314,317,656,413,447,193,191,190,188,187,185,183,249,653,250,519,551,521,277,276,286,470,468,469,460,459,11,638,639,5,499,637,8,666,505,503,98,96,97,107,355,32,33,145,143,144,364,662
421,482,408,406,404,407,339,314,317,656,413,447,193,191,190,188,187,185,183,249,653,250,519,551,224,640,222,642,219,459,11,638,639,5,499,637,8,666,505,503,98,96,97,109,355,32,33,145,143,144,364,662
421,482,408,406,428,426,427,407,339,314,317,656,413,447,193,191,190,188,187,185,183,518,653,250,519,551,224,640,222,286,470,468,460,459,11,638,639,5,499,637,8,666,505,503,98,96,97,109,355,32,33,145,143,144,364,662
421,482,408,406,428,426,427,407,339,314,317,656,413,447,193,191,190,188,187,185,183,518,517,269,747,225,641,220,222,286,470,468,460,459,11,638,639,5,499,637,8,666,505,503,98,96,97,107,355,32,33,145,143,144,364,662
421,482,408,406,428,426,427,407,339,314,317,656,413,447,193,191,190,188,189,206,186,227,250,519,551,224,277,276,286,470,469,460,459,11,638,639,5,499,637,8,666,505,503,98,96,97,107,355,32,33,145,143,144,364,662
421,482,409,406,428,426,340,319,318,316,314,317,656,413,447,193,191,190,449,189,206,186,227,250,519,551,224,640,222,642,469,460,459,11,638,639,5,499,637,8,666,505,503,98,96,97,107,355,32,33,145,143,144,364,662
421,482,409,410,490,341,320,321,411,419,317,656,413,447,193,191,190,188,187,185,183,518,517,269,747,225,641,220,221,217,218,182,216,613,565,639,5,499,637,8,666,505,503,98,96,97,107,355,32,33,145,143,144,364,662
421,482,409,410,490,341,319,318,316,314,317,656,413,447,193,191,190,449,189,206,186,227,250,519,551,224,277,276,286,470,469,460,459,11,638,639,5,499,637,8,666,505,503,98,96,97,109,355,32,33,145,143,144,364,662
421,482,408,406,428,426,340,319,338,339,314,317,656,413,447,193,191,190,188,187,185,186,227,250,519,551,224,640,222,642,469,460,459,11,638,639,5,499,637,8,666,505,503,98,96,97,107,355,32,33,145,143,144,364,662
421,482,408,424,484,404,407,339,314,317,656,413,447,193,191,190,188,187,185,183,249,227,250,519,551,521,277,276,286,470,469,460,459,11,638,639,5,499,637,8,666,505,503,98,96,97,109,355,32,33,145,143,144,364,662
421,482,408,406,428,426,340,319,318,316,314,317,656,413,447,193,191,190,449,189,206,186,227,250,519,551,224,640,222,642,219,459,11,638,639,5,499,637,8,666,505,503,98,96,97,107,355,32,33,145,143,144,364,662
421,482,408,406,404,407,339,314,317,656,413,447,193,191,190,188,187,185,183,249,653,250,519,551,521,277,276,286,470,469,460,459,11,638,639,5,499,637,8,666,505,503,98,96,97,107,355,362,708,33,145,143,144,364,662
421,482,409,410,426,340,319,338,339,314,317,656,413,447,193,192,229,449,189,206,186,227,250,519,551,224,277,276,286,470,469,460,459,11,638,639,5,499,637,8,666,505,503,98,96,97,107,355,32,33,145,143,144,364,662
421,482,409,410,490,341,320,321,411,419,317,656,413,447,193,192,229,449,189,206,186,227,250,519,551,224,640,222,642,469,460,459,11,638,639,5,499,637,8,666,505,503,98,96,97,107,355,32,33,145,143,144,364,662
421,482,409,410,426,340,319,338,339,314,317,656,413,447,193,191,190,449,189,206,186,227,250,519,551,224,277,276,286,470,468,460,459,11,638,639,5,499,637,8,666,505,503,98,96,97,109,355,32,33,145,143,144,364,662
421,482,409,410,426,427,407,339,314,317,656,413,447,193,191,190,449,189,206,186,227,250,519,551,521,277,276,286,470,468,177,461,638,639,5,499,637,8,666,505,503,98,96,97,107,355,32,33,145,143,144,364,662
421,482,408,406,404,407,339,314,317,656,413,447,193,191,190,449,189,206,186,227,250,519,551,521,277,276,286,470,468,469,460,459,11,638,639,5,499,637,8,666,505,503,98,96,97,109,355,32,33,145,143,144,364,662
421,482,408,424,484,404,407,339,314,317,656,413,447,193,191,190,449,189,206,186,227,250,519,551,521,277,276,175,287,177,461,638,639,5,499,637,8,666,505,503,98,96,97,107,355,32,33,145,143,144,364,662
421,482,408,424,484,404,407,339,314,317,656,413,447,193,191,190,188,187,185,183,518,653,250,519,551,521,277,276,286,470,468,177,461,638,639,5,499,637,8,666,505,503,98,96,97,107,355,32,33,145,143,144,364,662
421,482,408,406,428,426,340,319,338,339,314,317,656,413,447,193,191,190,188,187,185,183,518,517,269,747,225,641,220,221,217,218,182,215,613,565,564,581,498,497,499,637,8,666,505,503,98,96,97,107,355,32,33,145,143,144,364,662
421,482,408,406,404,407,339,314,317,656,413,447,193,191,190,188,187,185,183,518,653,250,519,551,224,640,222,286,470,468,460,459,11,638,639,5,499,637,8,666,505,503,98,96,97,107,355,32,33,145,143,144,364,662
421,482,408,406,428,426,427,407,339,314,317,656,413,447,193,191,190,188,187,185,186,227,250,519,551,224,277,276,286,470,469,460,459,11,638,639,5,499,637,8,666,505,503,98,96,97,107,355,32,33,145,143,144,364,662
421,482,409,410,490,340,319,338,339,314,317,656,413,447,193,192,229,449,189,206,186,227,250,519,551,224,277,276,286,470,468,460,459,11,638,639,5,499,637,8,666,505,503,98,96,97,109,355,32,33,145,143,144,364,662
421,482,409,406,428,426,340,319,318,419,317,656,413,447,193,191,190,188,187,185,183,518,517,519,551,521,277,276,286,470,468,460,459,11,638,639,5,499,637,8,666,505,503,98,96,97,109,355,32,33,145,143,144,364,662
421,482,408,424,484,404,407,339,314,317,656,413,447,193,191,190,188,187,206,186,227,250,519,551,521,277,276,286,470,469,460,459,11,638,639,5,499,637,8,666,505,503,98,96,97,109,355,32,33,145,143,144,364,662
421,482,408,406,428,426,340,319,338,339,314,317,656,413,447,193,191,190,188,187,185,183,249,227,250,519,551,224,277,276,286,470,469,460,459,11,638,639,5,499,637,8,666,505,503,98,96,97,107,355,32,33,145,143,144,364,662
421,482,408,406,428,426,427,407,339,314,317,656,413,447,193,191,190,449,189,206,186,227,250,519,551,521,277,276,286,470,469,460,459,461,638,639,5,499,637,8,666,505,503,98,96,97,107,355,32,33,145,143,144,364,662
421,482,408,406,404,407,339,314,317,656,413,447,193,191,190,188,187,185,183,249,653,250,519,551,224,640,222,286,470,469,460,459,11,638,639,5,499,637,8,666,505,503,98,96,97,109,355,32,33,145,143,144,364,662
421,482,408,406,428,426,427,407,339,314,317,656,413,447,193,191,190,188,187,185,183,249,653,250,519,551,521,277,276,286,470,468,460,459,11,638,639,5,499,637,8,666,505,503,98,96,97,109,355,362,708,33,145,143,144,364,662
421,482,408,406,404,407,339,314,317,656,413,447,193,191,190,449,189,206,186,227,250,519,551,521,277,276,286,470,469,460,459,11,638,639,5,499,637,8,666,505,503,98,96,97,109,355,362,708,33,145,143,144,364,662
421,482,409,410,490,341,319,318,316,314,317,656,413,447,193,191,190,188,187,185,183,249,653,250,519,551,224,277,276,286,470,468,460,459,11,638,639,5,499,637,8,666,505,503,98,96,97,107,355,32,33,145,143,144,364,662
421,482,409,406,428,426,340,319,318,316,314,317,656,413,447,193,192,229,449,189,206,186,227,250,519,551,521,277,276,286,470,468,460,459,11,638,639,5,499,637,8,666,505,503,98,96,97,109,355,32,33,145,143,144,364,662
421,482,408,406,428,426,340,319,318,316,314,317,656,413,447,193,191,190,188,187,185,183,518,653,250,519,551,224,277,276,286,470,468,460,459,11,638,639,5,499,637,8,666,505,503,98,96,97,107,355,32,33,145,143,144,364,662
421,482,408,406,428,426,427,407,339,314,317,656,413,447,193,192,229,449,189,206,186,227,250,519,551,521,277,276,286,470,468,469,460,459,11,638,639,5,499,637,8,666,505,503,98,96,97,109,355,32,33,145,143,144,364,662
421,482,409,410,490,340,319,318,316,314,317,656,413,447,193,191,190,188,187,185,183,518,653,250,519,551,521,277,276,286,470,469,460,459,11,638,639,5,499,637,8,666,505,503,98,96,97,107,355,32,33,145,143,144,364,662
421,482,409,406,428,426,340,319,338,339,314,317,656,413,447,193,192,229,449,189,206,186,227,250,519,551,521,277,276,286,470,468,177,461,638,639,5,499,637,8,666,505,503,98,96,97,107,355,32,33,145,143,144,364,662
421,482,408,406,428,426,340,319,318,316,314,317,656,413,447,193,191,190,188,187,185,183,249,653,250,519,551,224,277,276,286,470,469,460,459,11,638,639,5,499,637,8,666,505,503,98,96,97,109,355,32,33,145,143,144,364,662
421,482,409,410,490,341,320,318,419,317,656,413,447,193,191,190,188,187,185,183,518,517,269,747,225,641,220,221,217,218,182,216,613,565,639,5,499,637,8,666,505,503,98,96,97,109,355,32,33,145,143,144,364,662
421,482,408,406,428,426,340,319,318,316,314,317,656,413,447,193,191,190,449,189,206,186,227,250,519,551,224,640,222,286,470,469,460,459,11,638,639,5,499,637,8,666,505,503,98,96,97,107,355,32,33,145,143,144,364,662
421,482,408,406,404,407,339,314,317,656,413,447,193,191,190,188,187,185,183,518,517,269,747,225,641,220,221,217,218,182,216,613,565,564,5,499,637,8,666,505,503,98,96,97,109,355,362,708,33,145,143,144,364,662
421,482,408,406,404,407,339,314,317,656,413,447,193,191,190,188,187,185,183,518,517,519,551,224,277,276,286,470,468,460,459,11,638,639,5,499,637,8,666,505,503,98,96,97,109,355,32,33,145,143,144,364,662
421,482,409,410,490,341,319,318,419,317,656,413,447,193,191,190,188,187,185,183,518,517,519,551,224,277,276,286,470,469,460,459,11,638,639,5,499,637,8,666,505,503,98,96,97,107,355,32,33,145,143,144,364,662
421,482,409,406,428,426,340,319,318,419,317,656,413,447,193,191,190,188,187,185,183,518,653,250,519,551,224,640,222,642,469,460,459,11,638,639,5,499,637,8,666,505,503,98,96,97,107,355,32,33,145,143,144,364,662
421,482,408,406,428,426,427,407,339,314,317,656,413,447,193,191,190,188,187,185,183,518,517,269,747,225,641,220,221,217,219,459,11,638,639,5,499,637,8,666,505,503,98,96,97,107,355,32,33,145,143,144,364,662
421,482,409,410,490,341,319,338,339,314,317,656,413,447,193,191,190,188,187,185,183,518,653,250,519,551,224,640,222,642,219,459,11,638,639,5,499,637,8,666,505,503,98,96,97,107,355,32,33,145,143,144,364,662
421,482,409,410,490,341,319,318,419,317,656,413,447,193,191,190,188,187,185,183,249,653,250,519,551,224,640,222,642,219,459,11,638,639,5,499,637,8,666,505,503,98,96,97,107,355,32,33,145,143,144,364,662
421,482,409,410,490,341,319,318,419,317,656,413,447,193,191,190,188,187,185,183,518,653,250,519,551,224,277,276,286,470,469,460,459,11,638,639,5,499,637,8,666,505,503,98,96,97,109,355,32,33,145,143,144,364,662
421,482,408,406,428,426,340,319,338,339,314,317,656,413,447,193,191,190,188,187,206,186,227,250,519,551,224,277,276,286,470,469,460,459,11,638,639,5,499,637,8,666,505,503,98,96,97,107,355,32,33,145,143,144,364,662
421,482,409,410,490,341,320,318,419,317,656,413,447,193,192,229,449,189,206,186,227,250,519,551,224,640,222,642,469,460,459,11,638,639,5,499,637,8,666,505,503,98,96,97,109,355,32,33,145,143,144,364,662
421,482,408,406,428,426,340,319,318,419,317,656,413,447,193,191,190,188,187,185,183,518,653,250,519,551,224,640,222,642,219,459,11,638,639,5,499,637,8,666,505,503,98,96,97,107,355,32,33,145,143,144,364,662
421,482,408,406,428,426,427,407,339,314,317,656,413,447,193,192,229,449,189,206,186,227,250,519,551,521,277,276,286,470,469,460,459,11,638,639,5,499,637,8,666,505,503,98,96,97,109,355,362,708,33,145,143,144,364,662
421,482,409,410,490,341,319,318,316,314,317,656,413,447,193,192,229,449,189,206,186,227,250,519,551,224,277,276,286,470,469,460,459,11,638,639,5,499,637,8,666,505,503,98,96,97,107,355,32,33,145,143,144,364,662
421,482,408,406,428,426,427,407,339,314,317,656,413,447,193,191,190,188,189,206,186,227,250,519,551,224,277,276,286,470,468,460,459,11,638,639,5,499,637,8,666,505,503,98,96,97,107,355,32,33,145,143,144,364,662
421,482,409,410,426,427,407,339,314,317,656,413,447,193,191,190,188,187,185,183,518,517,519,551,521,277,276,286,470,469,460,459,11,638,639,5,499,637,8,666,505,503,98,96,97,109,355,32,33,145,143,144,364,662
421,482,409,406,404,407,339,314,317,656,413,447,193,191,190,188,187,185,183,518,517,269,747,225,641,220,221,217,218,182,216,613,565,639,5,499,637,8,666,505,503,98,96,97,109,355,32,33,145,143,144,364,662
421,482,409,410,490,341,319,318,316,314,317,656,413,447,193,191,190,449,189,206,186,227,250,519,551,224,277,276,286,470,468,460,459,11,638,639,5,499,637,8,666,505,503,98,96,97,109,355,32,33,145,143,144,364,662
421,482,408,424,484,404,407,339,314,317,656,413,447,193,191,190,188,187,185,183,249,227,250,519,551,521,277,276,286,470,468,460,459,11,638,639,5,499,637,8,666,505,503,98,96,97,109,355,32,33,145,143,144,364,662
421,482,408,424,483,405,403,401,199,198,200,488,333,252,233,234,507,520,665,717,618,263,265,266,269,747,225,641,220,221,217,218,182,216,613,565,564,581,498,497,499,637,8,666,505,503,98,96,97,107,355,32,33,145,143,144,364,662
421,482,408,406,404,407,339,314,317,656,413,447,193,191,190,188,187,185,183,249,653,250,519,551,521,277,276,286,470,468,460,459,11,638,639,5,499,637,8,666,505,503,98,96,97,107,355,362,708,33,145,143,144,364,662
421,482,409,410,426,340,319,338,339,314,317,656,413,447,193,192,229,449,189,206,186,227,250,519,551,224,277,276,286,470,468,460,459,11,638,639,5,499,637,8,666,505,503,98,96,97,107,355,32,33,145,143,144,364,662
421,482,409,410,490,341,319,338,339,314,317,656,413,447,193,191,190,449,189,206,186,227,250,519,551,224,277,276,286,470,468,177,461,638,639,5,499,637,8,666,505,503,98,96,97,107,355,32,33,145,143,144,364,662
421,482,409,406,404,407,339,314,317,656,413,447,193,192,229,449,189,206,186,227,250,519,551,224,640,222,642,469,460,459,11,638,639,5,499,637,8,666,505,503,98,96,97,109,355,32,33,145,143,144,364,662
421,482,408,406,428,426,340,319,318,419,317,656,413,447,193,191,190,449,189,206,186,227,250,519,551,224,277,276,286,470,468,177,461,638,639,5,499,637,8,666,505,503,98,96,97,107,355,32,33,145,143,144,364,662
421,482,408,406,404,407,339,314,317,656,413,447,193,192,229,449,189,206,186,227,250,519,551,521,277,276,286,470,468,469,460,459,11,638,639,5,499,637,8,666,505,503,98,96,97,107,355,32,33,145,143,144,364,662
421,482,408,406,404,407,339,314,317,656,413,447,193,192,229,449,189,206,186,227,250,519,551,224,640,222,642,219,459,11,638,639,5,499,637,8,666,505,503,98,96,97,109,355,32,33,145,143,144,364,662
421,482,409,406,428,426,340,319,338,339,314,317,656,413,447,193,191,190,188,189,206,186,227,250,519,551,521,277,276,286,470,469,460,459,11,638,639,5,499,637,8,666,505,503,98,96,97,107,355,32,33,145,143,144,364,662
421,482,409,410,490,341,319,318,419,317,656,413,447,193,191,190,449,189,206,186,227,250,519,551,521,277,276,286,470,468,469,460,459,11,638,639,5,499,637,8,666,505,503,98,96,97,107,355,32,33,145,143,144,364,662
421,482,409,410,490,341,319,318,419,317,656,413,447,193,191,190,449,189,206,186,227,250,519,551,224,640,222,642,219,459,11,638,639,5,499,637,8,666,505,503,98,96,97,109,355,32,33,145,143,144,364,662
421,482,408,406,428,426,427,407,339,314,317,656,413,447,193,191,190,449,189,206,186,227,250,519,551,224,640,222,642,469,460,459,11,638,639,5,499,637,8,666,505,503,98,96,97,107,355,362,708,33,145,143,144,364,662
421,482,408,406,428,426,427,407,339,314,317,656,413,447,193,191,190,188,187,185,186,227,250,519,551,224,277,276,286,470,468,460,459,11,638,639,5,499,637,8,666,505,503,98,96,97,107,355,32,33,145,143,144,364,662
421,482,408,424,484,404,407,339,314,317,656,413,447,193,191,190,188,187,185,183,249,653,250,519,551,521,277,276,286,470,468,177,461,638,639,5,499,637,8,666,505,503,98,96,97,109,355,32,33,145,143,144,364,662
421,482,408,424,484,404,407,339,314,317,656,413,447,193,191,190,188,187,206,186,227,250,519,551,521,277,276,286,470,468,460,459,11,638,639,5,499,637,8,666,505,503,98,96,97,109,355,32,33,145,143,144,364,662
421,482,408,406,428,426,340,319,338,339,314,317,656,413,447,193,191,190,188,187,185,183,249,227,250,519,551,224,277,276,286,470,468,460,459,11,638,639,5,499,637,8,666,505,503,98,96,97,107,355,32,33,145,143,144,364,662
421,482,408,406,428,426,427,407,339,314,317,656,413,447,193,191,190,449,189,206,186,227,250,519,551,521,277,276,286,470,468,460,459,461,638,639,5,499,637,8,666,505,503,98,96,97,107,355,32,33,145,143,144,364,662
421,482,409,410,490,341,319,338,339,314,317,656,413,447,193,191,190,188,187,185,183,518,653,250,519,551,224,640,222,286,470,469,460,459,11,638,639,5,499,637,8,666,505,503,98,96,97,107,355,32,33,145,143,144,364,662
421,482,408,406,404,407,339,314,317,656,413,447,193,191,190,188,187,185,183,249,653,250,519,551,224,640,222,286,470,468,460,459,11,638,639,5,499,637,8,666,505,503,98,96,97,109,355,32,33,145,143,144,364,662
421,482,409,410,490,341,319,318,419,317,656,413,447,193,191,190,188,187,185,183,249,653,250,519,551,224,640,222,286,470,469,460,459,11,638,639,5,499,637,8,666,505,503,98,96,97,107,355,32,33,145,143,144,364,662
421,482,408,406,404,407,339,314,317,656,413,447,193,192,229,449,189,206,186,227,250,519,551,521,277,276,286,470,469,460,459,11,638,639,5,499,637,8,666,505,503,98,96,97,107,355,362,708,33,145,143,144,364,662
421,482,409,410,490,340,319,338,339,314,317,656,413,447,193,191,190,188,187,185,183,249,227,250,519,551,521,277,276,286,470,469,460,459,11,638,639,5,499,637,8,666,505,503,98,96,97,107,355,32,33,145,143,144,364,662
421,482,408,406,404,407,339,314,317,656,413,447,193,191,190,449,189,206,186,227,250,519,551,521,277,276,286,470,468,460,459,11,638,639,5,499,637,8,666,505,503,98,96,97,109,355,362,708,33,145,143,144,364,662
421,482,409,410,490,341,319,318,419,317,656,413,447,193,191,190,449,189,206,186,227,250,519,551,521,277,276,286,470,469,460,459,11,638,639,5,499,637,8,666,505,503,98,96,97,107,355,362,708,33,145,143,144,364,662
421,482,408,406,428,426,340,319,318,419,317,656,413,447,193,191,190,188,187,185,183,518,653,250,519,551,224,640,222,286,470,469,460,459,11,638,639,5,499,637,8,666,505,503,98,96,97,107,355,32,33,145,143,144,364,662
421,482,408,406,428,426,427,407,339,314,317,656,413,447,193,191,190,188,187,185,183,518,653,250,519,551,521,277,276,286,470,469,468,460,459,11,638,639,5,499,637,8,666,505,503,98,96,97,107,355,32,33,145,143,144,364,662
421,482,409,406,428,426,340,319,338,339,314,317,656,413,447,193,191,190,188,187,185,186,227,250,519,551,521,277,276,286,470,469,460,459,11,638,639,5,499,637,8,666,505,503,98,96,97,107,355,32,33,145,143,144,364,662
421,482,409,410,490,340,319,318,316,314,317,656,413,447,193,191,190,188,187,185,183,518,653,250,519,551,521,277,276,286,470,468,460,459,11,638,639,5,499,637,8,666,505,503,98,96,97,107,355,32,33,145,143,144,364,662
421,482,408,406,428,426,340,319,318,316,314,317,656,413,447,193,191,190,188,187,185,183,249,653,250,519,551,224,277,276,286,470,468,460,459,11,638,639,5,499,637,8,666,505,503,98,96,97,109,355,32,33,145,143,144,364,662
421,482,409,410,490,341,320,318,316,314,317,656,413,447,193,191,190,449,189,206,186,227,250,519,551,224,277,276,286,470,469,460,459,11,638,639,5,499,637,8,666,505,503,98,96,97,107,355,32,33,145,143,144,364,662
421,482,408,406,428,426,427,407,339,314,317,656,413,447,193,191,190,188,187,185,183,249,653,250,519,551,521,277,276,286,287,177,461,638,639,5,499,637,8,666,505,503,98,96,97,107,355,32,33,145,143,144,364,662
421,482,408,406,428,426,340,319,318,316,314,317,656,413,447,193,191,190,449,189,206,186,227,250,519,551,224,640,222,286,470,468,460,459,11,638,639,5,499,637,8,666,505,503,98,96,97,107,355,32,33,145,143,144,364,662
421,482,409,410,490,341,319,318,419,317,656,413,447,193,191,190,188,187,185,183,518,517,269,747,225,641,220,221,217,218,182,216,613,565,564,5,499,637,8,666,505,503,98,96,97,107,355,362,708,33,145,143,144,364,662
421,482,409,410,490,340,319,318,316,314,317,656,413,447,193,191,190,188,187,185,183,249,653,250,519,551,521,277,276,286,470,469,460,459,11,638,639,5,499,637,8,666,505,503,98,96,97,109,355,32,33,145,143,144,364,662
421,482,409,410,490,341,319,318,419,317,656,413,447,193,191,190,188,187,185,183,518,517,519,551,224,277,276,286,470,468,460,459,11,638,639,5,499,637,8,666,505,503,98,96,97,107,355,32,33,145,143,144,364,662
421,482,409,406,428,426,340,319,338,339,314,317,656,413,447,193,191,190,188,187,185,183,518,517,519,551,224,640,222,642,469,460,459,11,638,639,5,499,637,8,666,505,503,98,96,97,107,355,32,33,145,143,144,364,662
421,482,408,406,428,426,340,319,338,339,314,317,656,413,447,193,191,190,188,187,185,183,249,653,250,519,551,224,277,276,286,470,468,177,461,638,639,5,499,637,8,666,505,503,98,96,97,107,355,32,33,145,143,144,364,662
421,482,409,410,490,341,319,318,419,317,656,413,447,193,191,190,188,187,185,183,518,653,250,519,551,224,277,276,286,470,468,460,459,11,638,639,5,499,637,8,666,505,503,98,96,97,109,355,32,33,145,143,144,364,662
421,482,408,406,428,426,340,319,338,339,314,317,656,413,447,193,191,190,188,187,206,186,227,250,519,551,224,277,276,286,470,468,460,459,11,638,639,5,499,637,8,666,505,503,98,96,97,107,355,32,33,145,143,144,364,662
421,482,409,410,490,341,319,338,339,314,317,656,413,447,193,191,190,188,187,185,183,518,517,519,551,224,277,276,286,470,469,460,459,11,638,639,5,499,637,8,666,505,503,98,96,97,109,355,32,33,145,143,144,364,662
421,482,409,406,428,426,340,319,338,339,314,317,656,413,447,193,191,190,188,187,185,183,518,653,250,519,551,224,640,222,642,469,460,459,11,638,639,5,499,637,8,666,505,503,98,96,97,109,355,32,33,145,143,144,364,662
421,482,409,406,428,426,340,319,318,419,317,656,413,447,193,191,190,188,187,185,183,249,653,250,519,551,224,640,222,642,469,460,459,11,638,639,5,499,637,8,666,505,503,98,96,97,109,355,32,33,145,143,144,364,662
421,482,408,406,404,407,339,314,317,656,413,447,193,192,229,449,189,206,186,227,250,519,551,224,640,222,286,470,469,460,459,11,638,639,5,499,637,8,666,505,503,98,96,97,109,355,32,33,145,143,144,364,662
421,482,409,410,490,341,319,338,339,314,317,656,413,447,193,191,190,188,187,185,183,249,653,250,519,551,521,277,276,286,470,468,469,460,459,11,638,639,5,499,637,8,666,505,503,98,96,97,107,355,32,33,145,143,144,364,662
421,482,409,410,490,341,319,338,339,314,317,656,413,447,193,191,190,188,187,185,183,249,653,250,519,551,224,640,222,642,219,459,11,638,639,5,499,637,8,666,505,503,98,96,97,109,355,32,33,145,143,144,364,662
421,482,409,406,428,426,340,319,338,339,314,317,656,413,447,193,191,190,188,187,185,183,518,517,269,747,225,641,220,222,642,469,460,459,11,638,639,5,499,637,8,666,505,503,98,96,97,107,355,32,33,145,143,144,364,662
421,482,409,410,490,340,319,338,339,314,317,656,413,447,193,191,190,188,187,206,186,227,250,519,551,521,277,276,286,470,469,460,459,11,638,639,5,499,637,8,666,505,503,98,96,97,107,355,32,33,145,143,144,364,662
421,482,408,406,428,426,340,319,338,339,314,317,656,413,447,193,191,190,188,187,185,183,518,517,519,551,224,640,222,642,219,459,11,638,639,5,499,637,8,666,505,503,98,96,97,107,355,32,33,145,143,144,364,662
421,482,408,406,428,426,427,407,339,314,317,656,413,447,193,192,229,449,189,206,186,227,250,519,551,521,277,276,286,470,468,460,459,11,638,639,5,499,637,8,666,505,503,98,96,97,109,355,362,708,33,145,143,144,364,662
421,482,408,406,428,426,340,319,318,419,317,656,413,447,193,191,190,188,187,185,183,518,517,519,551,224,277,276,286,470,469,460,459,11,638,639,5,499,637,8,666,505,503,98,96,97,109,355,32,33,145,143,144,364,662
421,482,409,410,490,341,319,318,419,317,656,413,447,193,191,190,449,189,206,186,227,250,519,551,224,640,222,286,470,469,460,459,11,638,639,5,499,637,8,666,505,503,98,96,97,109,355,32,33,145,143,144,364,662
421,482,409,410,490,341,319,318,316,314,317,656,413,447,193,192,229,449,189,206,186,227,250,519,551,224,277,276,286,470,468,460,459,11,638,639,5,499,637,8,666,505,503,98,96,97,107,355,32,33,145,143,144,364,662
421,482,409,410,426,427,407,339,314,317,656,413,447,193,191,190,188,187,185,183,518,517,519,551,521,277,276,286,470,468,460,459,11,638,639,5,499,637,8,666,505,503,98,96,97,109,355,32,33,145,143,144,364,662
421,482,408,406,428,426,340,319,338,339,314,317,656,413,447,193,191,190,188,187,185,183,518,653,250,519,551,521,277,276,286,470,468,469,460,459,11,638,639,5,499,637,8,666,505,503,98,96,97,107,355,32,33,145,143,144,364,662
421,482,408,406,428,426,340,319,338,339,314,317,656,413,447,193,191,190,188,187,185,183,518,653,250,519,551,224,640,222,642,219,459,11,638,639,5,499,637,8,666,505,503,98,96,97,109,355,32,33,145,143,144,364,662
421,482,408,406,428,426,340,319,318,419,317,656,413,447,193,191,190,188,187,185,183,249,653,250,519,551,521,277,276,286,470,468,469,460,459,11,638,639,5,499,637,8,666,505,503,98,96,97,107,355,32,33,145,143,144,364,662
421,482,408,406,428,426,340,319,318,419,317,656,413,447,193,191,190,188,187,185,183,249,653,250,519,551,224,640,222,642,219,459,11,638,639,5,499,637,8,666,505,503,98,96,97,109,355,32,33,145,143,144,364,662
421,482,408,406,428,426,340,319,338,339,314,317,656,413,447,193,191,190,188,187,185,183,518,517,269,747,225,641,220,222,642,219,459,11,638,639,5,499,637,8,666,505,503,98,96,97,107,355,32,33,145,143,144,364,662
421,482,408,406,428,426,340,319,318,316,314,317,656,413,447,193,192,229,449,189,206,186,227,250,519,551,224,277,276,286,470,469,460,459,11,638,639,5,499,637,8,666,505,503,98,96,97,109,355,32,33,145,143,144,364,662
421,482,409,410,490,341,319,338,339,314,317,656,413,447,193,191,190,188,187,185,183,249,653,250,519,551,521,277,276,286,470,469,460,459,11,638,639,5,499,637,8,666,505,503,98,96,97,107,355,362,708,33,145,143,144,364,662
421,482,408,406,428,426,427,407,339,314,317,656,413,447,193,191,190,449,189,206,186,227,250,519,551,521,277,276,286,287,177,461,638,639,5,499,637,8,666,505,503,98,96,97,109,355,32,33,145,143,144,364,662
421,482,409,406,428,426,427,407,339,314,317,656,413,447,193,191,190,188,187,185,183,518,517,519,551,224,277,276,286,470,469,460,459,11,638,639,5,499,637,8,666,505,503,98,96,97,107,355,32,33,145,143,144,364,662
421,482,409,406,428,426,427,407,339,314,317,656,413,447,193,191,190,188,187,185,183,249,653,250,519,551,224,640,222,642,219,459,11,638,639,5,499,637,8,666,505,503,98,96,97,107,355,32,33,145,143,144,364,662
421,482,409,410,490,341,319,318,419,317,656,413,447,193,192,229,449,189,206,186,227,250,519,551,224,640,222,642,219,459,11,638,639,5,499,637,8,666,505,503,98,96,97,107,355,32,33,145,143,144,364,662
421,482,409,406,428,426,427,407,339,314,317,656,413,447,193,191,190,188,187,185,183,518,653,250,519,551,224,277,276,286,470,469,460,459,11,638,639,5,499,637,8,666,505,503,98,96,97,109,355,32,33,145,143,144,364,662
421,482,408,406,428,426,340,319,338,339,314,317,656,413,447,193,191,190,188,187,185,183,518,653,250,519,551,521,277,276,286,470,469,460,459,11,638,639,5,499,637,8,666,505,503,98,96,97,107,355,362,708,33,145,143,144,364,662
421,482,408,406,428,426,340,319,318,419,317,656,413,447,193,191,190,188,187,185,183,249,653,250,519,551,521,277,276,286,470,469,460,459,11,638,639,5,499,637,8,666,505,503,98,96,97,107,355,362,708,33,145,143,144,364,662
421,482,409,406,428,426,340,319,338,339,314,317,656,413,447,193,191,190,188,189,206,186,227,250,519,551,521,277,276,286,470,468,460,459,11,638,639,5,499,637,8,666,505,503,98,96,97,107,355,32,33,145,143,144,364,662
421,482,408,406,428,426,340,319,338,339,314,317,656,413,447,193,191,190,449,189,206,186,227,250,519,551,224,277,276,286,470,468,177,461,638,639,5,499,637,8,666,505,503,98,96,97,109,355,32,33,145,143,144,364,662
421,482,409,410,490,340,319,318,419,317,656,413,447,193,191,190,449,189,206,186,227,250,519,551,521,277,276,286,470,468,177,461,638,639,5,499,637,8,666,505,503,98,96,97,107,355,32,33,145,143,144,364,662
421,482,408,406,428,426,427,407,339,314,317,656,413,447,193,191,190,188,187,185,183,518,517,269,747,225,641,220,221,217,218,12,10,565,564,5,499,637,8,666,505,503,98,96,97,107,355,32,33,145,143,144,364,662
421,482,409,410,426,427,407,339,314,317,656,413,447,193,191,190,188,187,185,183,518,653,250,519,551,224,640,222,642,469,460,459,11,638,639,5,499,637,8,666,505,503,98,96,97,107,355,32,33,145,143,144,364,662
421,482,409,410,490,341,319,338,339,314,317,656,413,447,193,191,190,449,189,206,186,227,250,519,551,521,277,276,286,470,468,469,460,459,11,638,639,5,499,637,8,666,505,503,98,96,97,109,355,32,33,145,143,144,364,662
421,482,408,406,428,426,340,319,318,419,317,656,413,447,193,191,190,449,189,206,186,227,250,519,551,521,277,276,286,470,468,469,460,459,11,638,639,5,499,637,8,666,505,503,98,96,97,109,355,32,33,145,143,144,364,662
421,482,409,410,426,340,319,318,316,314,317,656,413,447,193,191,190,188,187,185,183,249,653,250,519,551,521,277,276,286,470,469,460,459,11,638,639,5,499,637,8,666,505,503,98,96,97,107,355,32,33,145,143,144,364,662
421,482,409,410,490,341,319,338,339,314,317,656,413,447,193,191,190,188,187,185,183,518,653,250,519,551,224,640,222,286,470,468,460,459,11,638,639,5,499,637,8,666,505,503,98,96,97,107,355,32,33,145,143,144,364,662
421,482,409,410,490,341,319,318,419,317,656,413,447,193,191,190,188,187,185,183,249,653,250,519,551,224,640,222,286,470,468,460,459,11,638,639,5,499,637,8,666,505,503,98,96,97,107,355,32,33,145,143,144,364,662
421,482,408,406,404,407,339,314,317,656,413,447,193,192,229,449,189,206,186,227,250,519,551,521,277,276,286,470,468,460,459,11,638,639,5,499,637,8,666,505,503,98,96,97,107,355,362,708,33,145,143,144,364,662
421,482,409,410,490,340,319,338,339,314,317,656,413,447,193,191,190,188,187,185,183,249,227,250,519,551,521,277,276,286,470,468,460,459,11,638,639,5,499,637,8,666,505,503,98,96,97,107,355,32,33,145,143,144,364,662
421,482,409,410,490,341,319,318,419,317,656,413,447,193,191,190,449,189,206,186,227,250,519,551,521,277,276,286,470,468,460,459,11,638,639,5,499,637,8,666,505,503,98,96,97,107,355,362,708,33,145,143,144,364,662
421,482,409,410,490,341,320,318,419,317,656,413,447,193,191,190,188,187,185,183,518,653,250,519,551,224,277,276,286,470,469,460,459,11,638,639,5,499,637,8,666,505,503,98,96,97,107,355,32,33,145,143,144,364,662
421,482,408,406,404,407,339,314,317,656,413,447,193,191,190,188,187,185,183,518,517,269,747,225,641,220,221,217,218,182,216,613,565,564,581,498,497,499,637,8,666,505,503,98,96,97,109,355,362,708,33,145,143,144,364,662
421,482,409,410,490,341,319,338,339,314,317,656,413,447,193,191,190,188,187,185,183,249,653,250,519,551,224,640,222,286,470,469,460,459,11,638,639,5,499,637,8,666,505,503,98,96,97,109,355,32,33,145,143,144,364,662
421,482,408,406,428,426,340,319,318,419,317,656,413,447,193,191,190,188,187,185,183,518,653,250,519,551,224,640,222,286,470,468,460,459,11,638,639,5,499,637,8,666,505,503,98,96,97,107,355,32,33,145,143,144,364,662
421,482,408,406,428,426,427,407,339,314,317,656,413,447,193,191,190,188,187,185,183,518,653,250,519,551,521,277,276,175,287,177,461,638,639,5,499,637,8,666,505,503,98,96,97,107,355,32,33,145,143,144,364,662
421,482,408,406,428,426,340,319,338,339,314,317,656,413,447,193,191,190,188,187,185,183,518,517,519,551,224,640,222,286,470,469,460,459,11,638,639,5,499,637,8,666,505,503,98,96,97,107,355,32,33,145,143,144,364,662
421,482,409,410,490,341,319,338,339,314,317,656,413,447,193,191,190,449,189,206,186,227,250,519,551,521,277,276,286,470,469,460,459,11,638,639,5,499,637,8,666,505,503,98,96,97,109,355,362,708,33,145,143,144,364,662
421,482,408,406,428,426,340,319,338,339,314,317,656,413,447,193,191,190,188,187,185,183,518,653,250,519,551,224,640,222,286,470,469,460,459,11,638,639,5,499,637,8,666,505,503,98,96,97,109,355,32,33,145,143,144,364,662
421,482,408,406,428,426,340,319,318,419,317,656,413,447,193,191,190,188,187,185,183,249,653,250,519,551,224,640,222,286,470,469,460,459,11,638,639,5,499,637,8,666,505,503,98,96,97,109,355,32,33,145,143,144,364,662
421,482,408,406,428,426,340,319,338,339,314,317,656,413,447,193,191,190,188,187,185,183,518,517,269,747,225,641,220,222,286,470,469,460,459,11,638,639,5,499,637,8,666,505,503,98,96,97,107,355,32,33,145,143,144,364,662
421,482,408,406,428,426,427,407,339,314,317,656,413,447,193,191,190,188,187,185,183,249,653,250,519,551,521,277,276,286,470,469,468,460,459,11,638,639,5,499,637,8,666,505,503,98,96,97,109,355,32,33,145,143,144,364,662
421,482,409,406,428,426,427,407,339,314,317,656,413,447,193,191,190,449,189,206,186,227,250,519,551,521,277,276,286,470,468,469,460,459,11,638,639,5,499,637,8,666,505,503,98,96,97,107,355,32,33,145,143,144,364,662
421,482,409,406,428,426,427,407,339,314,317,656,413,447,193,191,190,449,189,206,186,227,250,519,551,224,640,222,642,219,459,11,638,639,5,499,637,8,666,505,503,98,96,97,109,355,32,33,145,143,144,364,662
421,482,409,406,428,426,340,319,338,339,314,317,656,413,447,193,191,190,188,187,185,186,227,250,519,551,521,277,276,286,470,468,460,459,11,638,639,5,499,637,8,666,505,503,98,96,97,107,355,32,33,145,143,144,364,662
421,482,408,406,428,426,340,319,318,419,317,656,413,447,193,191,190,449,189,206,186,227,250,519,551,521,277,276,286,470,469,460,459,11,638,639,5,499,637,8,666,505,503,98,96,97,109,355,362,708,33,145,143,144,364,662
421,482,409,410,490,341,320,318,316,314,317,656,413,447,193,191,190,449,189,206,186,227,250,519,551,224,277,276,286,470,468,460,459,11,638,639,5,499,637,8,666,505,503,98,96,97,107,355,32,33,145,143,144,364,662
421,482,408,406,404,407,339,314,317,656,413,447,193,191,190,449,189,206,186,227,250,519,551,521,277,276,286,287,177,461,638,639,5,499,637,8,666,505,503,98,96,97,107,355,32,33,145,143,144,364,662
421,482,409,410,490,340,319,318,316,314,317,656,413,447,193,191,190,188,187,185,183,249,653,250,519,551,521,277,276,286,470,468,460,459,11,638,639,5,499,637,8,666,505,503,98,96,97,109,355,32,33,145,143,144,364,662
421,482,409,406,404,407,339,314,317,656,413,447,193,191,190,188,187,185,183,518,653,250,519,551,224,277,276,286,470,469,460,459,11,638,639,5,499,637,8,666,505,503,98,96,97,107,355,32,33,145,143,144,364,662
421,482,408,424,484,404,407,339,314,317,656,413,447,193,192,229,449,189,206,186,227,250,519,551,521,277,276,286,470,468,177,461,638,639,5,499,637,8,666,505,503,98,96,97,109,355,32,33,145,143,144,364,662
421,482,409,410,490,341,319,338,339,314,317,656,413,447,193,191,190,188,187,185,183,518,517,269,747,225,641,220,221,217,218,182,216,613,565,564,5,499,637,8,666,505,503,98,96,97,109,355,362,708,33,145,143,144,364,662
421,482,409,410,490,341,319,338,339,314,317,656,413,447,193,191,190,188,187,185,183,518,517,519,551,224,277,276,286,470,468,460,459,11,638,639,5,499,637,8,666,505,503,98,96,97,109,355,32,33,145,143,144,364,662
421,482,409,410,490,341,320,321,411,419,317,656,413,447,193,191,190,188,187,185,183,249,653,250,519,551,224,277,276,286,470,469,460,459,11,638,639,5,499,637,8,666,505,503,98,96,97,107,355,32,33,145,143,144,364,662
421,482,409,410,490,340,319,338,339,314,317,656,413,447,193,191,190,188,187,185,183,249,653,250,519,551,521,277,276,286,470,468,177,461,638,639,5,499,637,8,666,505,503,98,96,97,107,355,32,33,145,143,144,364,662
421,482,408,406,404,407,339,314,317,656,413,447,193,192,229,449,189,206,186,227,250,519,551,224,640,222,286,470,468,460,459,11,638,639,5,499,637,8,666,505,503,98,96,97,109,355,32,33,145,143,144,364,662
421,482,409,406,428,426,427,407,339,314,317,656,413,447,193,191,190,188,187,185,183,249,653,250,519,551,224,640,222,286,470,469,460,459,11,638,639,5,499,637,8,666,505,503,98,96,97,107,355,32,33,145,143,144,364,662
421,482,409,410,490,341,319,318,419,317,656,413,447,193,192,229,449,189,206,186,227,250,519,551,224,640,222,286,470,469,460,459,11,638,639,5,499,637,8,666,505,503,98,96,97,107,355,32,33,145,143,144,364,662
421,482,409,410,490,340,319,338,339,314,317,656,413,447,193,191,190,188,187,206,186,227,250,519,551,521,277,276,286,470,468,460,459,11,638,639,5,499,637,8,666,505,503,98,96,97,107,355,32,33,145,143,144,364,662
421,482,409,410,426,340,319,318,316,314,317,656,413,447,193,191,190,449,189,206,186,227,250,519,551,521,277,276,286,470,469,460,459,11,638,639,5,499,637,8,666,505,503,98,96,97,109,355,32,33,145,143,144,364,662
421,482,408,406,428,426,340,319,318,419,317,656,413,447,193,191,190,188,187,185,183,518,517,269,747,225,641,220,221,217,218,182,216,613,565,564,5,499,637,8,666,505,503,98,96,97,109,355,362,708,33,145,143,144,364,662
421,482,408,406,428,426,340,319,318,419,317,656,413,447,193,191,190,188,187,185,183,518,517,519,551,224,277,276,286,470,468,460,459,11,638,639,5,499,637,8,666,505,503,98,96,97,109,355,32,33,145,143,144,364,662
421,482,409,410,490,341,319,318,419,317,656,413,447,193,191,190,449,189,206,186,227,250,519,551,224,640,222,286,470,468,460,459,11,638,639,5,499,637,8,666,505,503,98,96,97,109,355,32,33,145,143,144,364,662
421,482,409,406,428,426,427,407,339,314,317,656,413,447,193,191,190,449,189,206,186,227,250,519,551,521,277,276,286,470,469,460,459,11,638,639,5,499,637,8,666,505,503,98,96,97,107,355,362,708,33,145,143,144,364,662
421,482,409,410,490,341,320,318,419,317,656,413,447,193,191,190,449,189,206,186,227,250,519,551,224,640,222,642,219,459,11,638,639,5,499,637,8,666,505,503,98,96,97,107,355,32,33,145,143,144,364,662
421,482,409,410,490,340,319,318,419,317,656,413,447,193,191,190,188,187,185,183,518,517,519,551,521,277,276,286,470,469,460,459,11,638,639,5,499,637,8,666,505,503,98,96,97,109,355,32,33,145,143,144,364,662
421,482,408,406,428,426,340,319,338,339,314,317,656,413,447,193,191,190,188,187,185,183,249,653,250,519,551,521,277,276,286,470,468,469,460,459,11,638,639,5,499,637,8,666,505,503,98,96,97,109,355,32,33,145,143,144,364,662
421,482,408,406,428,426,340,319,318,316,314,317,656,413,447,193,192,229,449,189,206,186,227,250,519,551,224,277,276,286,470,468,460,459,11,638,639,5,499,637,8,666,505,503,98,96,97,109,355,32,33,145,143,144,364,662
421,482,408,406,428,426,427,407,339,314,317,656,413,447,193,192,229,449,189,206,186,227,250,519,551,521,277,276,286,287,177,461,638,639,5,499,637,8,666,505,503,98,96,97,107,355,32,33,145,143,144,364,662
421,482,409,406,428,426,340,319,318,419,317,656,413,447,193,191,190,188,187,185,183,518,517,269,747,225,641,220,221,217,218,182,216,613,565,639,5,499,637,8,666,505,503,98,96,97,109,355,32,33,145,143,144,364,662
421,482,409,410,426,340,319,318,316,314,317,656,413,447,193,191,190,188,187,185,183,518,517,269,747,225,641,220,221,217,218,182,216,613,565,564,5,499,637,8,666,505,503,98,96,97,109,355,32,33,145,143,144,364,662
421,482,409,410,490,341,319,338,339,314,317,656,413,447,193,191,190,188,187,185,183,249,653,250,519,551,521,277,276,286,470,468,460,459,11,638,639,5,499,637,8,666,505,503,98,96,97,107,355,362,708,33,145,143,144,364,662
421,482,409,406,428,426,427,407,339,314,317,656,413,447,193,191,190,188,187,185,183,518,517,269,747,225,641,220,221,217,218,182,216,613,565,564,5,499,637,8,666,505,503,98,96,97,107,355,362,708,33,145,143,144,364,662
421,482,409,410,490,340,319,318,316,314,317,656,413,447,193,192,229,449,189,206,186,227,250,519,551,521,277,276,286,470,469,460,459,11,638,639,5,499,637,8,666,505,503,98,96,97,109,355,32,33,145,143,144,364,662
421,482,409,406,428,426,427,407,339,314,317,656,413,447,193,191,190,188,187,185,183,518,517,519,551,224,277,276,286,470,468,460,459,11,638,639,5,499,637,8,666,505,503,98,96,97,107,355,32,33,145,143,144,364,662
421,482,408,406,428,426,340,319,338,339,314,317,656,413,447,193,192,229,449,189,206,186,227,250,519,551,224,277,276,286,470,468,177,461,638,639,5,499,637,8,666,505,503,98,96,97,107,355,32,33,145,143,144,364,662
421,482,409,406,428,426,427,407,339,314,317,656,413,447,193,191,190,188,187,185,183,518,653,250,519,551,224,277,276,286,470,468,460,459,11,638,639,5,499,637,8,666,505,503,98,96,97,109,355,32,33,145,143,144,364,662
421,482,408,406,428,426,340,319,338,339,314,317,656,413,447,193,191,190,188,187,185,183,518,653,250,519,551,521,277,276,286,470,468,460,459,11,638,639,5,499,637,8,666,505,503,98,96,97,107,355,362,708,33,145,143,144,364,662
421,482,408,406,404,407,339,314,317,656,413,447,193,191,190,188,187,185,183,249,653,250,519,551,521,277,276,286,470,469,468,460,459,11,638,639,5,499,637,8,666,505,503,98,96,97,107,355,32,33,145,143,144,364,662
421,482,408,406,428,426,340,319,318,419,317,656,413,447,193,191,190,188,187,185,183,249,653,250,519,551,521,277,276,286,470,468,460,459,11,638,639,5,499,637,8,666,505,503,98,96,97,107,355,362,708,33,145,143,144,364,662
421,482,409,406,404,407,339,314,317,656,413,447,193,191,190,449,189,206,186,227,250,519,551,224,640,222,642,219,459,11,638,639,5,499,637,8,666,505,503,98,96,97,107,355,32,33,145,143,144,364,662
421,482,409,406,428,426,340,319,338,339,314,317,656,413,447,193,191,190,188,187,185,183,518,517,269,747,225,641,220,221,642,469,460,459,11,638,639,5,499,637,8,666,505,503,98,96,97,107,355,32,33,145,143,144,364,662
421,482,409,406,428,426,340,319,318,419,317,656,413,447,193,192,229,449,189,206,186,227,250,519,551,224,640,222,642,469,460,459,11,638,639,5,499,637,8,666,505,503,98,96,97,109,355,32,33,145,143,144,364,662
421,482,409,410,490,341,319,338,339,314,317,656,413,447,193,192,229,449,189,206,186,227,250,519,551,521,277,276,286,470,468,469,460,459,11,638,639,5,499,637,8,666,505,503,98,96,97,107,355,32,33,145,143,144,364,662
421,482,409,410,490,341,319,338,339,314,317,656,413,447,193,192,229,449,189,206,186,227,250,519,551,224,640,222,642,219,459,11,638,639,5,499,637,8,666,505,503,98,96,97,109,355,32,33,145,143,144,364,662
421,482,408,406,428,426,340,319,338,339,314,317,656,413,447,193,191,190,188,187,185,183,249,653,250,519,551,521,277,276,286,470,469,460,459,11,638,639,5,499,637,8,666,505,503,98,96,97,109,355,362,708,33,145,143,144,364,662
421,482,409,410,490,341,320,321,411,419,317,656,413,447,193,191,190,449,189,206,186,227,250,519,551,224,277,276,286,470,469,460,459,11,638,639,5,499,637,8,666,505,503,98,96,97,109,355,32,33,145,143,144,364,662
421,482,409,410,490,340,319,338,339,314,317,656,413,447,193,191,190,449,189,206,186,227,250,519,551,521,277,276,286,470,468,177,461,638,639,5,499,637,8,666,505,503,98,96,97,109,355,32,33,145,143,144,364,662
421,482,409,406,428,426,427,407,339,314,317,656,413,447,193,191,190,449,189,206,186,227,250,519,551,224,640,222,286,470,469,460,459,11,638,639,5,499,637,8,666,505,503,98,96,97,109,355,32,33,145,143,144,364,662
421,482,408,424,484,404,407,339,314,317,656,413,447,193,191,190,188,189,206,186,227,250,519,551,521,277,276,286,470,469,460,459,11,638,639,5,499,637,8,666,505,503,98,96,97,109,355,32,33,145,143,144,364,662
421,482,408,406,428,426,340,319,338,339,314,317,656,413,447,193,191,190,188,187,185,183,518,517,269,747,225,641,220,221,642,219,459,11,638,639,5,499,637,8,666,505,503,98,96,97,107,355,32,33,145,143,144,364,662
421,482,408,406,428,426,340,319,318,419,317,656,413,447,193,192,229,449,189,206,186,227,250,519,551,521,277,276,286,470,468,469,460,459,11,638,639,5,499,637,8,666,505,503,98,96,97,107,355,32,33,145,143,144,364,662
421,482,408,406,428,426,340,319,318,419,317,656,413,447,193,192,229,449,189,206,186,227,250,519,551,224,640,222,642,219,459,11,638,639,5,499,637,8,666,505,503,98,96,97,109,355,32,33,145,143,144,364,662
421,482,409,410,426,427,407,339,314,317,656,413,447,193,191,190,188,187,185,183,249,653,250,519,551,224,640,222,642,469,460,459,11,638,639,5,499,637,8,666,505,503,98,96,97,109,355,32,33,145,143,144,364,662
421,482,409,410,426,340,319,318,316,314,317,656,413,447,193,191,190,188,187,185,183,249,653,250,519,551,521,277,276,286,470,468,460,459,11,638,639,5,499,637,8,666,505,503,98,96,97,107,355,32,33,145,143,144,364,662
421,482,409,410,490,341,320,318,419,317,656,413,447,193,191,190,188,187,185,183,518,653,250,519,551,224,277,276,286,470,468,460,459,11,638,639,5,499,637,8,666,505,503,98,96,97,107,355,32,33,145,143,144,364,662
421,482,409,410,490,340,319,318,316,314,317,656,413,447,193,191,190,449,189,206,186,227,250,519,551,224,640,222,642,469,460,459,11,638,639,5,499,637,8,666,505,503,98,96,97,107,355,32,33,145,143,144,364,662
421,482,409,410,490,341,319,318,419,317,656,413,447,193,191,190,188,187,185,183,518,517,269,747,225,641,220,221,217,218,182,216,613,565,564,581,498,497,499,637,8,666,505,503,98,96,97,107,355,362,708,33,145,143,144,364,662
421,482,409,410,490,341,319,338,339,314,317,656,413,447,193,191,190,188,187,185,183,249,653,250,519,551,224,640,222,286,470,468,460,459,11,638,639,5,499,637,8,666,505,503,98,96,97,109,355,32,33,145,143,144,364,662
421,482,409,410,490,341,319,338,339,314,317,656,413,447,193,192,229,449,189,206,186,227,250,519,551,521,277,276,286,470,469,460,459,11,638,639,5,499,637,8,666,505,503,98,96,97,107,355,362,708,33,145,143,144,364,662
421,482,408,406,428,426,340,319,338,339,314,317,656,413,447,193,191,190,188,187,185,183,518,517,519,551,224,640,222,286,470,468,460,459,11,638,639,5,499,637,8,666,505,503,98,96,97,107,355,32,33,145,143,144,364,662
421,482,409,410,490,341,319,338,339,314,317,656,413,447,193,191,190,449,189,206,186,227,250,519,551,521,277,276,286,470,468,460,459,11,638,639,5,499,637,8,666,505,503,98,96,97,109,355,362,708,33,145,143,144,364,662
421,482,409,410,490,341,320,318,419,317,656,413,447,193,191,190,188,187,185,183,249,653,250,519,551,224,277,276,286,470,469,460,459,11,638,639,5,499,637,8,666,505,503,98,96,97,109,355,32,33,145,143,144,364,662
421,482,408,406,428,426,340,319,338,339,314,317,656,413,447,193,191,190,188,187,185,183,518,653,250,519,551,224,640,222,286,470,468,460,459,11,638,639,5,499,637,8,666,505,503,98,96,97,109,355,32,33,145,143,144,364,662
421,482,409,406,428,426,427,407,339,314,317,656,413,447,193,192,229,449,189,206,186,227,250,519,551,224,640,222,642,219,459,11,638,639,5,499,637,8,666,505,503,98,96,97,107,355,32,33,145,143,144,364,662
421,482,408,406,428,426,340,319,318,419,317,656,413,447,193,191,190,188,187,185,183,249,653,250,519,551,224,640,222,286,470,468,460,459,11,638,639,5,499,637,8,666,505,503,98,96,97,109,355,32,33,145,143,144,364,662
421,482,408,406,428,426,427,407,339,314,317,656,413,447,193,191,190,188,187,185,183,249,653,250,519,551,521,277,276,175,287,177,461,638,639,5,499,637,8,666,505,503,98,96,97,109,355,32,33,145,143,144,364,662
421,482,408,406,428,426,340,319,318,419,317,656,413,447,193,192,229,449,189,206,186,227,250,519,551,521,277,276,286,470,469,460,459,11,638,639,5,499,637,8,666,505,503,98,96,97,107,355,362,708,33,145,143,144,364,662
421,482,409,410,490,341,320,318,419,317,656,413,447,193,191,190,449,189,206,186,227,250,519,551,224,640,222,286,470,469,460,459,11,638,639,5,499,637,8,666,505,503,98,96,97,107,355,32,33,145,143,144,364,662
421,482,408,406,428,426,340,319,338,339,314,317,656,413,447,193,191,190,188,187,185,183,518,517,269,747,225,641,220,222,286,470,468,460,459,11,638,639,5,499,637,8,666,505,503,98,96,97,107,355,32,33,145,143,144,364,662
421,482,409,410,426,340,319,318,419,317,656,413,447,193,191,190,188,187,185,183,518,517,519,551,521,277,276,286,470,469,460,459,11,638,639,5,499,637,8,666,505,503,98,96,97,107,355,32,33,145,143,144,364,662
421,482,408,406,404,407,339,314,317,656,413,447,193,191,190,449,189,206,186,227,250,519,551,521,277,276,286,470,469,468,460,459,11,638,639,5,499,637,8,666,505,503,98,96,97,109,355,32,33,145,143,144,364,662
421,482,408,406,428,426,340,319,318,419,317,656,413,447,193,191,190,449,189,206,186,227,250,519,551,521,277,276,286,470,468,460,459,11,638,639,5,499,637,8,666,505,503,98,96,97,109,355,362,708,33,145,143,144,364,662
421,482,409,410,426,340,319,318,419,317,656,413,447,193,191,190,188,187,185,183,518,653,250,519,551,521,277,276,286,470,469,460,459,11,638,639,5,499,637,8,666,505,503,98,96,97,109,355,32,33,145,143,144,364,662
421,482,408,406,428,426,340,319,338,339,314,317,656,413,447,193,191,190,188,189,206,186,227,250,519,551,224,277,276,286,470,469,460,459,11,638,639,5,499,637,8,666,505,503,98,96,97,107,355,32,33,145,143,144,364,662
421,482,408,424,484,404,407,339,314,317,656,413,447,193,191,190,188,187,185,186,227,250,519,551,521,277,276,286,470,469,460,459,11,638,639,5,499,637,8,666,505,503,98,96,97,109,355,32,33,145,143,144,364,662
421,482,409,406,404,407,339,314,317,656,413,447,193,191,190,188,187,185,183,518,653,250,519,551,224,277,276,286,470,468,460,459,11,638,639,5,499,637,8,666,505,503,98,96,97,107,355,32,33,145,143,144,364,662
421,482,409,410,426,340,319,318,316,314,317,656,413,447,193,192,229,449,189,206,186,227,250,519,551,521,277,276,286,470,469,460,459,11,638,639,5,499,637,8,666,505,503,98,96,97,107,355,32,33,145,143,144,364,662
421,482,409,406,404,407,339,314,317,656,413,447,193,191,190,188,187,185,183,249,653,250,519,551,224,277,276,286,470,469,460,459,11,638,639,5,499,637,8,666,505,503,98,96,97,109,355,32,33,145,143,144,364,662
421,482,409,410,490,341,320,321,411,419,317,656,413,447,193,191,190,188,187,185,183,249,653,250,519,551,224,277,276,286,470,468,460,459,11,638,639,5,499,637,8,666,505,503,98,96,97,107,355,32,33,145,143,144,364,662
421,482,409,406,428,426,427,407,339,314,317,656,413,447,193,191,190,188,187,185,183,249,653,250,519,551,224,640,222,286,470,468,460,459,11,638,639,5,499,637,8,666,505,503,98,96,97,107,355,32,33,145,143,144,364,662
421,482,409,410,490,341,319,318,419,317,656,413,447,193,192,229,449,189,206,186,227,250,519,551,224,640,222,286,470,468,460,459,11,638,639,5,499,637,8,666,505,503,98,96,97,107,355,32,33,145,143,144,364,662
421,482,409,406,404,407,339,314,317,656,413,447,193,191,190,449,189,206,186,227,250,519,551,224,640,222,286,470,469,460,459,11,638,639,5,499,637,8,666,505,503,98,96,97,107,355,32,33,145,143,144,364,662
421,482,409,410,426,340,319,318,316,314,317,656,413,447,193,191,190,449,189,206,186,227,250,519,551,521,277,276,286,470,468,460,459,11,638,639,5,499,637,8,666,505,503,98,96,97,109,355,32,33,145,143,144,364,662
421,482,408,424,484,404,407,339,314,317,656,413,447,193,191,190,188,187,185,183,518,517,519,551,224,640,222,642,469,460,459,11,638,639,5,499,637,8,666,505,503,98,96,97,109,355,32,33,145,143,144,364,662
421,482,409,406,428,426,427,407,339,314,317,656,413,447,193,191,190,449,189,206,186,227,250,519,551,521,277,276,286,470,468,460,459,11,638,639,5,499,637,8,666,505,503,98,96,97,107,355,362,708,33,145,143,144,364,662
421,482,409,410,490,341,319,338,339,314,317,656,413,447,193,192,229,449,189,206,186,227,250,519,551,224,640,222,286,470,469,460,459,11,638,639,5,499,637,8,666,505,503,98,96,97,109,355,32,33,145,143,144,364,662
421,482,408,424,484,404,407,339,314,317,656,413,447,193,191,190,188,187,185,183,518,517,269,747,225,641,220,222,642,469,460,459,11,638,639,5,499,637,8,666,505,503,98,96,97,109,355,32,33,145,143,144,364,662
421,482,409,410,490,340,319,318,419,317,656,413,447,193,191,190,188,187,185,183,518,517,519,551,521,277,276,286,470,468,460,459,11,638,639,5,499,637,8,666,505,503,98,96,97,109,355,32,33,145,143,144,364,662
421,482,409,410,426,340,319,338,339,314,317,656,413,447,193,191,190,449,189,206,186,227,250,519,551,521,277,276,286,470,468,177,461,638,639,5,499,637,8,666,505,503,98,96,97,107,355,32,33,145,143,144,364,662
421,482,408,406,428,426,340,319,318,419,317,656,413,447,193,192,229,449,189,206,186,227,250,519,551,224,640,222,286,470,469,460,459,11,638,639,5,499,637,8,666,505,503,98,96,97,109,355,32,33,145,143,144,364,662
421,482,408,406,428,426,427,407,339,314,317,656,413,447,193,191,190,188,187,185,183,518,517,269,747,225,641,220,221,217,218,12,10,565,564,581,498,497,499,637,8,666,505,503,98,96,97,107,355,32,33,145,143,144,364,662
421,482,408,406,428,426,427,407,339,314,317,656,413,447,193,192,229,449,189,206,186,227,250,519,551,521,277,276,286,470,469,468,460,459,11,638,639,5,499,637,8,666,505,503,98,96,97,109,355,32,33,145,143,144,364,662
421,482,408,406,428,426,427,407,339,314,317,656,413,447,193,191,190,188,187,185,183,518,517,519,551,521,277,276,286,470,468,177,461,638,639,5,499,637,8,666,505,503,98,96,97,109,355,32,33,145,143,144,364,662
421,482,409,406,428,426,340,319,318,316,314,317,656,413,447,193,191,190,449,189,206,186,227,250,519,551,224,277,276,286,470,469,460,459,11,638,639,5,499,637,8,666,505,503,98,96,97,107,355,32,33,145,143,144,364,662
421,482,409,410,490,340,319,318,316,314,317,656,413,447,193,192,229,449,189,206,186,227,250,519,551,521,277,276,286,470,468,460,459,11,638,639,5,499,637,8,666,505,503,98,96,97,109,355,32,33,145,143,144,364,662
421,482,408,406,428,426,340,319,338,339,314,317,656,413,447,193,191,190,188,187,185,186,227,250,519,551,224,277,276,286,470,469,460,459,11,638,639,5,499,637,8,666,505,503,98,96,97,107,355,32,33,145,143,144,364,662
421,482,408,406,404,407,339,314,317,656,413,447,193,191,190,188,187,185,183,249,653,250,519,551,521,277,276,175,287,177,461,638,639,5,499,637,8,666,505,503,98,96,97,107,355,32,33,145,143,144,364,662
421,482,408,406,428,426,340,319,318,316,314,317,656,413,447,193,191,190,188,187,185,183,249,227,250,519,551,521,277,276,286,470,469,460,459,11,638,639,5,499,637,8,666,505,503,98,96,97,107,355,32,33,145,143,144,364,662
421,482,408,406,428,426,340,319,338,339,314,317,656,413,447,193,191,190,449,189,206,186,227,250,519,551,521,277,276,286,470,469,460,459,461,638,639,5,499,637,8,666,505,503,98,96,97,107,355,32,33,145,143,144,364,662
421,482,409,410,490,341,320,321,411,419,317,656,413,447,193,192,229,449,189,206,186,227,250,519,551,224,277,276,286,470,469,460,459,11,638,639,5,499,637,8,666,505,503,98,96,97,107,355,32,33,145,143,144,364,662
421,482,409,410,490,340,319,338,339,314,317,656,413,447,193,192,229,449,189,206,186,227,250,519,551,521,277,276,286,470,468,177,461,638,639,5,499,637,8,666,505,503,98,96,97,107,355,32,33,145,143,144,364,662
421,482,409,406,428,426,427,407,339,314,317,656,413,447,193,192,229,449,189,206,186,227,250,519,551,224,640,222,286,470,469,460,459,11,638,639,5,499,637,8,666,505,503,98,96,97,107,355,32,33,145,143,144,364,662
421,482,408,406,428,426,340,319,338,339,314,317,656,413,447,193,191,190,188,187,185,183,249,653,250,519,551,521,277,276,286,470,468,460,459,11,638,639,5,499,637,8,666,505,503,98,96,97,109,355,362,708,33,145,143,144,364,662
421,482,409,410,490,341,320,321,411,419,317,656,413,447,193,191,190,449,189,206,186,227,250,519,551,224,277,276,286,470,468,460,459,11,638,639,5,499,637,8,666,505,503,98,96,97,109,355,32,33,145,143,144,364,662
421,482,409,406,428,426,427,407,339,314,317,656,413,447,193,191,190,449,189,206,186,227,250,519,551,224,640,222,286,470,468,460,459,11,638,639,5,499,637,8,666,505,503,98,96,97,109,355,32,33,145,143,144,364,662
421,482,408,424,484,404,407,339,314,317,656,413,447,193,191,190,188,189,206,186,227,250,519,551,521,277,276,286,470,468,460,459,11,638,639,5,499,637,8,666,505,503,98,96,97,109,355,32,33,145,143,144,364,662
421,482,409,410,490,340,319,318,419,317,656,413,447,193,191,190,188,187,185,183,518,653,250,519,551,224,640,222,642,469,460,459,11,638,639,5,499,637,8,666,505,503,98,96,97,107,355,32,33,145,143,144,364,662
421,482,408,406,428,426,427,407,339,314,317,656,413,447,193,191,190,449,189,206,186,227,250,519,551,224,640,222,642,469,468,460,459,11,638,639,5,499,637,8,666,505,503,98,96,97,107,355,32,33,145,143,144,364,662
421,482,408,406,428,426,340,319,338,339,314,317,656,413,447,193,192,229,449,189,206,186,227,250,519,551,521,277,276,286,470,468,469,460,459,11,638,639,5,499,637,8,666,505,503,98,96,97,109,355,32,33,145,143,144,364,662
421,482,409,410,490,341,319,338,339,314,317,656,413,447,193,192,229,449,189,206,186,227,250,519,551,521,277,276,286,470,468,460,459,11,638,639,5,499,637,8,666,505,503,98,96,97,107,355,362,708,33,145,143,144,364,662
421,482,408,406,428,426,340,319,338,339,314,317,656,413,447,193,191,190,188,187,185,183,518,517,269,747,225,641,220,221,217,219,459,11,638,639,5,499,637,8,666,505,503,98,96,97,107,355,32,33,145,143,144,364,662
421,482,408,406,428,426,340,319,318,316,314,317,656,413,447,193,191,190,188,187,206,186,227,250,519,551,521,277,276,286,470,469,460,459,11,638,639,5,499,637,8,666,505,503,98,96,97,107,355,32,33,145,143,144,364,662
421,482,409,410,490,341,319,338,339,314,317,656,413,447,193,191,190,188,187,185,183,518,517,269,747,225,641,220,221,217,218,182,216,613,565,564,581,498,497,499,637,8,666,505,503,98,96,97,109,355,362,708,33,145,143,144,364,662
421,482,409,410,490,341,320,318,419,317,656,413,447,193,191,190,188,187,185,183,249,653,250,519,551,224,277,276,286,470,468,460,459,11,638,639,5,499,637,8,666,505,503,98,96,97,109,355,32,33,145,143,144,364,662
421,482,408,406,404,407,339,314,317,656,413,447,193,192,229,449,189,206,186,227,250,519,551,521,277,276,286,470,469,468,460,459,11,638,639,5,499,637,8,666,505,503,98,96,97,107,355,32,33,145,143,144,364,662
421,482,408,406,428,426,340,319,318,419,317,656,413,447,193,192,229,449,189,206,186,227,250,519,551,521,277,276,286,470,468,460,459,11,638,639,5,499,637,8,666,505,503,98,96,97,107,355,362,708,33,145,143,144,364,662
421,482,408,406,404,407,339,314,317,656,413,447,193,191,190,188,187,185,183,518,517,519,551,521,277,276,286,470,468,177,461,638,639,5,499,637,8,666,505,503,98,96,97,107,355,32,33,145,143,144,364,662
421,482,409,410,490,341,320,318,419,317,656,413,447,193,191,190,449,189,206,186,227,250,519,551,224,640,222,286,470,468,460,459,11,638,639,5,499,637,8,666,505,503,98,96,97,107,355,32,33,145,143,144,364,662
421,482,408,406,404,407,339,314,317,656,413,447,193,191,190,449,189,206,186,227,250,519,551,521,277,276,175,287,177,461,638,639,5,499,637,8,666,505,503,98,96,97,109,355,32,33,145,143,144,364,662
421,482,409,410,426,427,407,339,314,317,656,413,447,193,191,190,188,187,185,183,518,517,269,747,225,641,220,221,217,218,182,216,613,565,639,5,499,637,8,666,505,503,98,96,97,109,355,32,33,145,143,144,364,662
421,482,409,410,426,340,319,318,419,317,656,413,447,193,191,190,188,187,185,183,518,517,519,551,521,277,276,286,470,468,460,459,11,638,639,5,499,637,8,666,505,503,98,96,97,107,355,32,33,145,143,144,364,662
421,482,409,410,490,341,319,318,419,317,656,413,447,193,191,190,449,189,206,186,227,250,519,551,521,277,276,286,470,469,468,460,459,11,638,639,5,499,637,8,666,505,503,98,96,97,107,355,32,33,145,143,144,364,662
421,482,408,406,404,407,339,314,317,656,413,447,193,191,190,188,187,185,183,518,653,250,519,551,521,277,276,286,470,468,177,461,638,639,5,499,637,8,666,505,503,98,96,97,109,355,32,33,145,143,144,364,662
421,482,408,406,428,426,340,319,318,419,317,656,413,447,193,191,190,188,187,185,183,518,517,269,747,225,641,220,221,217,218,182,216,613,565,564,581,498,497,499,637,8,666,505,503,98,96,97,109,355,362,708,33,145,143,144,364,662
421,482,408,406,428,426,340,319,338,339,314,317,656,413,447,193,192,229,449,189,206,186,227,250,519,551,521,277,276,286,470,469,460,459,11,638,639,5,499,637,8,666,505,503,98,96,97,109,355,362,708,33,145,143,144,364,662
421,482,409,410,426,340,319,318,419,317,656,413,447,193,191,190,188,187,185,183,518,653,250,519,551,521,277,276,286,470,468,460,459,11,638,639,5,499,637,8,666,505,503,98,96,97,109,355,32,33,145,143,144,364,662
421,482,408,406,428,426,340,319,338,339,314,317,656,413,447,193,191,190,188,189,206,186,227,250,519,551,224,277,276,286,470,468,460,459,11,638,639,5,499,637,8,666,505,503,98,96,97,107,355,32,33,145,143,144,364,662
421,482,409,410,426,340,319,338,339,314,317,656,413,447,193,191,190,188,187,185,183,518,517,519,551,521,277,276,286,470,469,460,459,11,638,639,5,499,637,8,666,505,503,98,96,97,109,355,32,33,145,143,144,364,662
421,482,408,424,484,404,407,339,314,317,656,413,447,193,191,190,188,187,185,186,227,250,519,551,521,277,276,286,470,468,460,459,11,638,639,5,499,637,8,666,505,503,98,96,97,109,355,32,33,145,143,144,364,662
421,482,409,410,426,427,407,339,314,317,656,413,447,193,192,229,449,189,206,186,227,250,519,551,224,640,222,642,469,460,459,11,638,639,5,499,637,8,666,505,503,98,96,97,109,355,32,33,145,143,144,364,662
421,482,409,410,490,341,319,338,339,314,317,656,413,447,193,191,190,449,189,206,186,227,250,519,551,521,277,276,286,287,177,461,638,639,5,499,637,8,666,505,503,98,96,97,107,355,32,33,145,143,144,364,662
421,482,409,410,490,340,319,338,339,314,317,656,413,447,193,191,190,188,189,206,186,227,250,519,551,521,277,276,286,470,469,460,459,11,638,639,5,499,637,8,666,505,503,98,96,97,107,355,32,33,145,143,144,364,662
421,482,409,410,426,340,319,318,316,314,317,656,413,447,193,192,229,449,189,206,186,227,250,519,551,521,277,276,286,470,468,460,459,11,638,639,5,499,637,8,666,505,503,98,96,97,107,355,32,33,145,143,144,364,662
421,482,409,406,404,407,339,314,317,656,413,447,193,191,190,188,187,185,183,249,653,250,519,551,224,277,276,286,470,468,460,459,11,638,639,5,499,637,8,666,505,503,98,96,97,109,355,32,33,145,143,144,364,662
421,482,409,410,490,341,319,318,316,314,317,656,413,447,193,191,190,449,189,206,186,227,250,519,551,521,277,276,286,470,468,177,461,638,639,5,499,637,8,666,505,503,98,96,97,107,355,32,33,145,143,144,364,662
421,482,408,406,428,426,340,319,318,419,317,656,413,447,193,191,190,449,189,206,186,227,250,519,551,521,277,276,286,287,177,461,638,639,5,499,637,8,666,505,503,98,96,97,107,355,32,33,145,143,144,364,662
421,482,409,406,404,407,339,314,317,656,413,447,193,191,190,449,189,206,186,227,250,519,551,224,640,222,286,470,468,460,459,11,638,639,5,499,637,8,666,505,503,98,96,97,107,355,32,33,145,143,144,364,662
421,482,408,406,428,426,427,407,339,314,317,656,413,447,193,191,190,188,187,185,183,249,653,250,519,551,521,277,276,286,470,469,460,459,11,638,639,5,499,637,8,666,505,503,98,96,97,107,356,362,708,33,145,143,144,364,662
421,482,409,410,426,340,319,318,316,314,317,656,413,447,193,191,190,188,187,185,183,518,517,269,747,225,641,220,221,217,218,182,216,613,565,564,581,498,497,499,637,8,666,505,503,98,96,97,109,355,32,33,145,143,144,364,662
421,482,409,406,428,426,340,319,318,419,317,656,413,447,193,191,190,188,187,185,183,518,653,250,519,551,224,277,276,286,470,469,460,459,11,638,639,5,499,637,8,666,505,503,98,96,97,107,355,32,33,145,143,144,364,662
421,482,409,406,428,426,427,407,339,314,317,656,413,447,193,191,190,188,187,185,183,518,517,269,747,225,641,220,221,217,218,182,216,613,565,564,581,498,497,499,637,8,666,505,503,98,96,97,107,355,362,708,33,145,143,144,364,662
421,482,409,410,490,341,319,338,339,314,317,656,413,447,193,192,229,449,189,206,186,227,250,519,551,224,640,222,286,470,468,460,459,11,638,639,5,499,637,8,666,505,503,98,96,97,109,355,32,33,145,143,144,364,662
421,482,408,406,428,426,427,407,339,314,317,656,413,447,193,191,190,188,187,185,183,249,653,250,519,551,521,277,270,175,287,177,461,638,639,5,499,637,8,666,505,503,98,96,97,107,355,32,33,145,143,144,364,662
421,482,409,410,490,341,320,318,419,317,656,413,447,193,192,229,449,189,206,186,227,250,519,551,224,277,276,286,470,469,460,459,11,638,639,5,499,637,8,666,505,503,98,96,97,109,355,32,33,145,143,144,364,662
421,482,408,406,428,426,340,319,318,419,317,656,413,447,193,192,229,449,189,206,186,227,250,519,551,224,640,222,286,470,468,460,459,11,638,639,5,499,637,8,666,505,503,98,96,97,109,355,32,33,145,143,144,364,662
421,482,408,406,428,426,427,407,339,314,317,656,413,447,193,192,229,449,189,206,186,227,250,519,551,521,277,276,175,287,177,461,638,639,5,499,637,8,666,505,503,98,96,97,109,355,32,33,145,143,144,364,662
421,482,408,406,428,426,340,319,338,339,314,317,656,413,447,193,191,190,449,189,206,186,227,250,519,551,224,640,222,642,469,460,459,11,638,639,5,499,637,8,666,505,503,98,96,97,107,355,362,708,33,145,143,144,364,662
421,482,409,406,428,426,340,319,318,316,314,317,656,413,447,193,191,190,449,189,206,186,227,250,519,551,224,277,276,286,470,468,460,459,11,638,639,5,499,637,8,666,505,503,98,96,97,107,355,32,33,145,143,144,364,662
421,482,408,406,428,426,427,407,339,314,317,656,413,447,193,191,190,188,187,185,183,249,227,250,519,551,224,640,222,642,469,460,459,11,638,639,5,499,637,8,666,505,503,98,96,97,109,355,32,33,145,143,144,364,662
421,482,408,406,428,426,427,407,339,314,317,656,413,447,193,191,190,449,189,206,186,227,250,519,551,224,277,276,286,470,468,469,460,459,11,638,639,5,499,637,8,666,505,503,98,96,97,107,355,32,33,145,143,144,364,662
421,482,408,406,428,426,340,319,338,339,314,317,656,413,447,193,191,190,188,187,185,186,227,250,519,551,224,277,276,286,470,468,460,459,11,638,639,5,499,637,8,666,505,503,98,96,97,107,355,32,33,145,143,144,364,662
421,482,408,406,428,426,340,319,318,316,314,317,656,413,447,193,191,190,188,187,185,183,249,227,250,519,551,521,277,276,286,470,468,460,459,11,638,639,5,499,637,8,666,505,503,98,96,97,107,355,32,33,145,143,144,364,662
421,482,408,406,428,426,340,319,338,339,314,317,656,413,447,193,191,190,449,189,206,186,227,250,519,551,521,277,276,286,470,468,460,459,461,638,639,5,499,637,8,666,505,503,98,96,97,107,355,32,33,145,143,144,364,662
421,482,409,410,490,340,319,338,339,314,317,656,413,447,193,191,190,188,187,185,186,227,250,519,551,521,277,276,286,470,469,460,459,11,638,639,5,499,637,8,666,505,503,98,96,97,107,355,32,33,145,143,144,364,662
421,482,409,406,404,407,339,314,317,656,413,447,193,192,229,449,189,206,186,227,250,519,551,224,277,276,286,470,469,460,459,11,638,639,5,499,637,8,666,505,503,98,96,97,109,355,32,33,145,143,144,364,662
421,482,409,410,490,341,320,321,411,419,317,656,413,447,193,192,229,449,189,206,186,227,250,519,551,224,277,276,286,470,468,460,459,11,638,639,5,499,637,8,666,505,503,98,96,97,107,355,32,33,145,143,144,364,662
421,482,409,406,428,426,427,407,339,314,317,656,413,447,193,192,229,449,189,206,186,227,250,519,551,224,640,222,286,470,468,460,459,11,638,639,5,499,637,8,666,505,503,98,96,97,107,355,32,33,145,143,144,364,662
421,482,409,410,490,341,319,338,339,314,317,656,413,447,193,191,190,188,187,185,183,249,653,250,519,551,521,277,276,286,470,469,468,460,459,11,638,639,5,499,637,8,666,505,503,98,96,97,107,355,32,33,145,143,144,364,662
421,482,408,406,428,426,427,407,339,314,317,656,413,447,193,191,190,188,187,185,183,518,517,269,747,225,641,220,221,217,218,12,10,638,639,5,499,637,8,666,505,503,98,96,97,109,355,32,33,145,143,144,364,662
421,482,408,424,484,404,407,339,314,317,656,413,447,193,191,190,188,187,185,183,518,517,269,747,225,641,220,221,642,469,460,459,11,638,639,5,499,637,8,666,505,503,98,96,97,109,355,32,33,145,143,144,364,662
421,482,408,406,428,426,340,319,338,339,314,317,656,413,447,193,191,190,188,187,185,183,518,653,250,519,551,521,277,276,286,470,469,468,460,459,11,638,639,5,499,637,8,666,505,503,98,96,97,107,355,32,33,145,143,144,364,662
421,482,408,406,428,426,340,319,318,419,317,656,413,447,193,191,190,188,187,185,183,249,653,250,519,551,521,277,276,286,470,469,468,460,459,11,638,639,5,499,637,8,666,505,503,98,96,97,107,355,32,33,145,143,144,364,662
421,482,409,410,490,340,319,338,339,314,317,656,413,447,193,191,190,188,187,185,183,518,517,519,551,224,640,222,642,469,460,459,11,638,639,5,499,637,8,666,505,503,98,96,97,107,355,32,33,145,143,144,364,662
421,482,409,406,428,426,340,319,318,419,317,656,413,447,193,191,190,449,189,206,186,227,250,519,551,224,640,222,642,219,459,11,638,639,5,499,637,8,666,505,503,98,96,97,107,355,32,33,145,143,144,364,662
421,482,409,410,490,341,319,318,419,317,656,413,447,193,191,190,188,187,185,183,249,227,250,519,551,521,277,276,286,470,469,460,459,11,638,639,5,499,637,8,666,505,503,98,96,97,109,355,32,33,145,143,144,364,662
421,482,408,406,428,426,427,407,339,314,317,656,413,447,193,191,190,449,189,206,186,227,250,519,551,521,277,270,175,287,177,461,638,639,5,499,637,8,666,505,503,98,96,97,109,355,32,33,145,143,144,364,662
421,482,409,410,490,340,319,338,339,314,317,656,413,447,193,191,190,188,187,185,183,518,653,250,519,551,224,640,222,642,469,460,459,11,638,639,5,499,637,8,666,505,503,98,96,97,109,355,32,33,145,143,144,364,662
421,482,409,410,490,340,319,318,419,317,656,413,447,193,191,190,188,187,185,183,249,653,250,519,551,224,640,222,642,469,460,459,11,638,639,5,499,637,8,666,505,503,98,96,97,109,355,32,33,145,143,144,364,662
421,482,408,406,428,426,427,407,339,314,317,656,413,447,193,191,190,449,189,206,186,227,250,519,551,224,277,276,286,470,469,460,459,11,638,639,5,499,637,8,666,505,503,98,96,97,107,355,362,708,33,145,143,144,364,662
421,482,409,410,490,340,319,338,339,314,317,656,413,447,193,191,190,188,187,185,183,518,517,269,747,225,641,220,222,642,469,460,459,11,638,639,5,499,637,8,666,505,503,98,96,97,107,355,32,33,145,143,144,364,662
421,482,408,406,428,426,340,319,338,339,314,317,656,413,447,193,191,190,188,187,185,183,249,653,250,519,551,521,277,276,286,287,177,461,638,639,5,499,637,8,666,505,503,98,96,97,107,355,32,33,145,143,144,364,662
421,482,408,406,428,426,427,407,339,314,317,656,413,447,193,191,190,188,187,206,186,227,250,519,551,224,640,222,642,469,460,459,11,638,639,5,499,637,8,666,505,503,98,96,97,109,355,32,33,145,143,144,364,662
421,482,408,406,428,426,340,319,318,316,314,317,656,413,447,193,191,190,188,187,185,183,249,653,250,519,551,521,277,276,286,470,468,177,461,638,639,5,499,637,8,666,505,503,98,96,97,107,355,32,33,145,143,144,364,662
421,482,408,406,428,426,340,319,318,316,314,317,656,413,447,193,191,190,188,187,206,186,227,250,519,551,521,277,276,286,470,468,460,459,11,638,639,5,499,637,8,666,505,503,98,96,97,107,355,32,33,145,143,144,364,662
421,482,408,406,404,407,339,314,317,656,413,447,193,192,229,449,189,206,186,227,250,519,551,521,277,276,175,287,177,461,638,639,5,499,637,8,666,505,503,98,96,97,107,355,32,33,145,143,144,364,662
421,482,408,424,483,445,402,199,198,200,488,201,202,332,254,235,236,729,510,305,267,306,266,269,747,225,641,220,221,217,218,182,216,613,565,564,5,499,637,8,666,505,503,98,96,97,107,355,32,33,145,143,144,364,662
421,482,409,410,490,341,319,318,316,314,317,656,413,447,193,191,190,188,187,185,183,518,517,519,551,521,277,276,286,470,469,460,459,11,638,639,5,499,637,8,666,505,503,98,96,97,109,355,32,33,145,143,144,364,662
421,482,409,410,490,341,319,318,419,317,656,413,447,193,191,190,449,189,206,186,227,250,519,551,521,277,276,175,287,177,461,638,639,5,499,637,8,666,505,503,98,96,97,107,355,32,33,145,143,144,364,662
421,482,409,410,490,341,319,318,419,317,656,413,447,193,191,190,188,187,185,183,518,653,250,519,551,521,277,276,286,470,468,177,461,638,639,5,499,637,8,666,505,503,98,96,97,107,355,32,33,145,143,144,364,662
421,482,408,406,428,426,340,319,338,339,314,317,656,413,447,193,192,229,449,189,206,186,227,250,519,551,521,277,276,286,470,468,460,459,11,638,639,5,499,637,8,666,505,503,98,96,97,109,355,362,708,33,145,143,144,364,662
421,482,408,406,404,407,339,314,317,656,413,447,193,191,190,188,187,185,183,249,227,250,519,551,224,640,222,642,469,460,459,11,638,639,5,499,637,8,666,505,503,98,96,97,107,355,32,33,145,143,144,364,662
421,482,409,410,426,340,319,338,339,314,317,656,413,447,193,191,190,188,187,185,183,518,517,519,551,521,277,276,286,470,468,460,459,11,638,639,5,499,637,8,666,505,503,98,96,97,109,355,32,33,145,143,144,364,662
421,482,409,410,490,341,319,338,339,314,317,656,413,447,193,191,190,449,189,206,186,227,250,519,551,521,277,276,286,470,469,468,460,459,11,638,639,5,499,637,8,666,505,503,98,96,97,109,355,32,33,145,143,144,364,662
421,482,409,410,490,341,319,318,419,317,656,413,447,193,191,190,188,187,206,186,227,250,519,551,521,277,276,286,470,469,460,459,11,638,639,5,499,637,8,666,505,503,98,96,97,109,355,32,33,145,143,144,364,662
421,482,409,410,490,340,319,338,339,314,317,656,413,447,193,191,190,188,189,206,186,227,250,519,551,521,277,276,286,470,468,460,459,11,638,639,5,499,637,8,666,505,503,98,96,97,107,355,32,33,145,143,144,364,662
421,482,408,406,428,426,340,319,318,419,317,656,413,447,193,191,190,449,189,206,186,227,250,519,551,521,277,276,286,470,469,468,460,459,11,638,639,5,499,637,8,666,505,503,98,96,97,109,355,32,33,145,143,144,364,662
421,482,408,406,404,407,339,314,317,656,413,447,193,191,190,188,187,185,183,518,517,269,747,225,641,220,221,217,218,12,10,638,639,5,499,637,8,666,505,503,98,96,97,107,355,32,33,145,143,144,364,662
421,482,408,406,428,426,427,407,339,314,317,656,413,447,193,191,190,188,187,185,183,249,653,250,519,551,521,277,276,286,470,468,460,459,11,638,639,5,499,637,8,666,505,503,98,96,97,107,356,362,708,33,145,143,144,364,662
421,482,408,406,404,407,339,314,317,656,413,447,193,191,190,449,189,206,186,227,250,519,551,521,277,276,286,470,469,460,459,11,638,639,5,499,637,8,666,505,503,98,96,97,107,356,362,708,33,145,143,144,364,662
421,482,409,406,428,426,340,319,318,419,317,656,413,447,193,191,190,188,187,185,183,518,653,250,519,551,224,277,276,286,470,468,460,459,11,638,639,5,499,637,8,666,505,503,98,96,97,107,355,32,33,145,143,144,364,662
421,482,408,406,428,426,340,319,338,339,314,317,656,413,447,193,191,190,449,189,206,186,227,250,519,551,521,277,276,286,287,177,461,638,639,5,499,637,8,666,505,503,98,96,97,109,355,32,33,145,143,144,364,662
421,482,409,406,428,426,340,319,338,339,314,317,656,413,447,193,191,190,188,187,185,183,518,517,519,551,224,277,276,286,470,469,460,459,11,638,639,5,499,637,8,666,505,503,98,96,97,107,355,32,33,145,143,144,364,662
421,482,408,406,404,407,339,314,317,656,413,447,193,191,190,449,189,206,186,227,250,519,551,521,277,270,175,287,177,461,638,639,5,499,637,8,666,505,503,98,96,97,107,355,32,33,145,143,144,364,662
421,482,409,406,428,426,340,319,338,339,314,317,656,413,447,193,191,190,188,187,185,183,249,653,250,519,551,224,640,222,642,219,459,11,638,639,5,499,637,8,666,505,503,98,96,97,107,355,32,33,145,143,144,364,662
421,482,409,406,428,426,340,319,338,339,314,317,656,413,447,193,191,190,188,187,185,183,518,653,250,519,551,224,277,276,286,470,469,460,459,11,638,639,5,499,637,8,666,505,503,98,96,97,109,355,32,33,145,143,144,364,662
421,482,409,410,490,341,320,318,419,317,656,413,447,193,192,229,449,189,206,186,227,250,519,551,224,277,276,286,470,468,460,459,11,638,639,5,499,637,8,666,505,503,98,96,97,109,355,32,33,145,143,144,364,662
421,482,409,406,428,426,340,319,318,419,317,656,413,447,193,191,190,188,187,185,183,249,653,250,519,551,224,277,276,286,470,469,460,459,11,638,639,5,499,637,8,666,505,503,98,96,97,109,355,32,33,145,143,144,364,662
421,482,408,406,428,426,340,319,318,316,314,317,656,413,447,193,191,190,449,189,206,186,227,250,519,551,521,277,276,286,470,468,177,461,638,639,5,499,637,8,666,505,503,98,96,97,109,355,32,33,145,143,144,364,662
421,482,409,406,428,426,340,319,318,419,317,656,413,447,193,191,190,449,189,206,186,227,250,519,551,224,640,222,286,470,469,460,459,11,638,639,5,499,637,8,666,505,503,98,96,97,107,355,32,33,145,143,144,364,662
421,482,408,406,428,426,340,319,338,339,314,317,656,413,447,193,191,190,188,187,185,183,518,517,269,747,225,641,220,221,217,218,12,10,565,564,5,499,637,8,666,505,503,98,96,97,107,355,32,33,145,143,144,364,662
421,482,408,406,428,426,427,407,339,314,317,656,413,447,193,191,190,449,189,206,186,227,250,519,551,521,277,276,286,470,469,460,459,11,10,638,639,5,499,637,8,666,505,503,98,96,97,107,355,32,33,145,143,144,364,662
421,482,409,406,428,426,427,407,339,314,317,656,413,447,193,191,190,449,189,206,186,227,250,519,551,521,277,276,286,470,469,468,460,459,11,638,639,5,499,637,8,666,505,503,98,96,97,107,355,32,33,145,143,144,364,662
421,482,408,406,404,407,339,314,317,656,413,447,193,191,190,188,187,206,186,227,250,519,551,224,640,222,642,469,460,459,11,638,639,5,499,637,8,666,505,503,98,96,97,107,355,32,33,145,143,144,364,662
421,482,409,410,426,340,319,338,339,314,317,656,413,447,193,191,190,188,187,185,183,518,653,250,519,551,224,640,222,642,469,460,459,11,638,639,5,499,637,8,666,505,503,98,96,97,107,355,32,33,145,143,144,364,662
421,482,409,410,426,340,319,318,419,317,656,413,447,193,191,190,188,187,185,183,249,653,250,519,551,224,640,222,642,469,460,459,11,638,639,5,499,637,8,666,505,503,98,96,97,107,355,32,33,145,143,144,364,662
421,482,408,406,404,407,339,314,317,656,413,447,193,191,190,188,187,185,183,518,517,269,747,225,641,220,221,217,218,182,216,613,565,564,5,499,637,8,666,505,503,98,96,97,107,356,362,708,33,145,143,144,364,662
421,482,409,410,490,340,319,338,339,314,317,656,413,447,193,191,190,188,187,185,186,227,250,519,551,521,277,276,286,470,468,460,459,11,638,639,5,499,637,8,666,505,503,98,96,97,107,355,32,33,145,143,144,364,662
421,482,409,406,404,407,339,314,317,656,413,447,193,192,229,449,189,206,186,227,250,519,551,224,277,276,286,470,468,460,459,11,638,639,5,499,637,8,666,505,503,98,96,97,109,355,32,33,145,143,144,364,662
421,482,409,410,490,341,319,338,339,314,317,656,413,447,193,191,190,188,187,185,183,249,653,250,519,551,521,277,276,175,287,177,461,638,639,5,499,637,8,666,505,503,98,96,97,107,355,32,33,145,143,144,364,662
421,482,408,406,428,426,427,407,339,314,317,656,413,447,193,192,229,449,189,206,186,227,250,519,551,521,277,276,286,470,469,460,459,11,638,639,5,499,637,8,666,505,503,98,96,97,107,356,362,708,33,145,143,144,364,662
421,482,408,406,428,426,340,319,338,339,314,317,656,413,447,193,191,190,188,187,185,183,518,653,250,519,551,521,277,276,175,287,177,461,638,639,5,499,637,8,666,505,503,98,96,97,107,355,32,33,145,143,144,364,662
421,482,408,406,428,426,340,319,318,419,317,656,413,447,193,191,190,188,187,185,183,249,653,250,519,551,521,277,276,175,287,177,461,638,639,5,499,637,8,666,505,503,98,96,97,107,355,32,33,145,143,144,364,662
421,482,408,406,428,426,427,407,339,314,317,656,413,447,193,192,229,449,189,206,186,227,250,519,551,521,277,270,175,287,177,461,638,639,5,499,637,8,666,505,503,98,96,97,107,355,32,33,145,143,144,364,662
421,482,409,410,490,341,319,318,419,317,656,413,447,193,191,190,188,187,185,183,249,227,250,519,551,521,277,276,286,470,468,460,459,11,638,639,5,499,637,8,666,505,503,98,96,97,109,355,32,33,145,143,144,364,662
421,482,408,406,428,426,427,407,339,314,317,656,413,447,193,191,190,449,189,206,186,227,250,519,551,224,277,276,286,470,468,460,459,11,638,639,5,499,637,8,666,505,503,98,96,97,107,355,362,708,33,145,143,144,364,662
421,482,408,406,428,426,340,319,338,339,314,317,656,413,447,193,191,190,188,187,185,183,249,653,250,519,551,521,277,276,286,470,469,468,460,459,11,638,639,5,499,637,8,666,505,503,98,96,97,109,355,32,33,145,143,144,364,662
421,482,409,406,428,426,340,319,338,339,314,317,656,413,447,193,191,190,449,189,206,186,227,250,519,551,521,277,276,286,470,468,469,460,459,11,638,639,5,499,637,8,666,505,503,98,96,97,107,355,32,33,145,143,144,364,662
421,482,409,406,428,426,340,319,338,339,314,317,656,413,447,193,191,190,449,189,206,186,227,250,519,551,224,640,222,642,219,459,11,638,639,5,499,637,8,666,505,503,98,96,97,109,355,32,33,145,143,144,364,662
421,482,409,410,426,427,407,339,314,317,656,413,447,193,191,190,188,187,185,183,518,653,250,519,551,224,277,276,286,470,469,460,459,11,638,639,5,499,637,8,666,505,503,98,96,97,107,355,32,33,145,143,144,364,662
421,482,409,410,426,340,319,318,419,317,656,413,447,193,191,190,449,189,206,186,227,250,519,551,224,640,222,642,469,460,459,11,638,639,5,499,637,8,666,505,503,98,96,97,109,355,32,33,145,143,144,364,662
421,482,409,410,490,341,319,318,316,314,317,656,413,447,193,191,190,188,187,185,183,518,517,519,551,521,277,276,286,470,468,460,459,11,638,639,5,499,637,8,666,505,503,98,96,97,109,355,32,33,145,143,144,364,662
421,482,409,406,428,426,340,319,338,339,314,317,656,413,447,193,191,190,188,187,185,183,249,653,250,519,551,224,640,222,286,470,469,460,459,11,638,639,5,499,637,8,666,505,503,98,96,97,107,355,32,33,145,143,144,364,662
421,482,409,410,490,341,319,338,339,314,317,656,413,447,193,192,229,449,189,206,186,227,250,519,551,521,277,276,286,470,469,468,460,459,11,638,639,5,499,637,8,666,505,503,98,96,97,107,355,32,33,145,143,144,364,662
421,482,409,410,490,340,319,318,419,317,656,413,447,193,191,190,188,187,185,183,518,517,269,747,225,641,220,221,217,218,182,216,613,565,639,5,499,637,8,666,505,503,98,96,97,109,355,32,33,145,143,144,364,662
421,482,409,410,490,341,319,338,339,314,317,656,413,447,193,191,190,188,187,185,183,518,517,519,551,521,277,276,286,470,468,177,461,638,639,5,499,637,8,666,505,503,98,96,97,107,355,32,33,145,143,144,364,662
421,482,409,410,490,341,319,338,339,314,317,656,413,447,193,191,190,449,189,206,186,227,250,519,551,521,277,276,175,287,177,461,638,639,5,499,637,8,666,505,503,98,96,97,109,355,32,33,145,143,144,364,662
421,482,409,406,428,426,340,319,338,339,314,317,656,413,447,193,191,190,449,189,206,186,227,250,519,551,521,277,276,286,470,469,460,459,11,638,639,5,499,637,8,666,505,503,98,96,97,107,355,362,708,33,145,143,144,364,662
421,482,409,410,490,341,319,338,339,314,317,656,413,447,193,191,190,188,187,185,183,518,653,250,519,551,521,277,276,286,470,468,177,461,638,639,5,499,637,8,666,505,503,98,96,97,109,355,32,33,145,143,144,364,662
421,482,409,410,490,341,319,318,419,317,656,413,447,193,191,190,188,187,185,183,249,653,250,519,551,521,277,276,286,470,468,177,461,638,639,5,499,637,8,666,505,503,98,96,97,109,355,32,33,145,143,144,364,662
421,482,408,406,428,426,340,319,318,419,317,656,413,447,193,192,229,449,189,206,186,227,250,519,551,521,277,276,286,470,469,468,460,459,11,638,639,5,499,637,8,666,505,503,98,96,97,107,355,32,33,145,143,144,364,662
421,482,409,410,490,341,319,318,419,317,656,413,447,193,191,190,188,187,206,186,227,250,519,551,521,277,276,286,470,468,460,459,11,638,639,5,499,637,8,666,505,503,98,96,97,109,355,32,33,145,143,144,364,662
421,482,408,406,428,426,340,319,318,419,317,656,413,447,193,191,190,188,187,185,183,518,517,519,551,521,277,276,286,470,468,177,461,638,639,5,499,637,8,666,505,503,98,96,97,107,355,32,33,145,143,144,364,662
421,482,408,406,428,426,340,319,318,419,317,656,413,447,193,191,190,449,189,206,186,227,250,519,551,521,277,276,175,287,177,461,638,639,5,499,637,8,666,505,503,98,96,97,109,355,32,33,145,143,144,364,662
421,482,409,406,428,426,427,407,339,314,317,656,413,447,193,191,190,188,187,185,183,249,227,250,519,551,521,277,276,286,470,469,460,459,11,638,639,5,499,637,8,666,505,503,98,96,97,109,355,32,33,145,143,144,364,662
421,482,409,410,490,340,319,338,339,314,317,656,413,447,193,191,190,188,187,185,183,518,517,269,747,225,641,220,221,642,469,460,459,11,638,639,5,499,637,8,666,505,503,98,96,97,107,355,32,33,145,143,144,364,662
421,482,409,410,490,340,319,318,419,317,656,413,447,193,192,229,449,189,206,186,227,250,519,551,224,640,222,642,469,460,459,11,638,639,5,499,637,8,666,505,503,98,96,97,109,355,32,33,145,143,144,364,662
421,482,408,406,428,426,340,319,318,419,317,656,413,447,193,191,190,188,187,185,183,518,653,250,519,551,521,277,276,286,470,468,177,461,638,639,5,499,637,8,666,505,503,98,96,97,109,355,32,33,145,143,144,364,662
421,482,408,406,428,426,340,319,338,339,314,317,656,413,447,193,192,229,449,189,206,186,227,250,519,551,521,277,276,286,287,177,461,638,639,5,499,637,8,666,505,503,98,96,97,107,355,32,33,145,143,144,364,662
421,482,408,406,404,407,339,314,317,656,413,447,193,191,190,449,189,206,186,227,250,519,551,521,277,276,286,470,468,460,459,11,638,639,5,499,637,8,666,505,503,98,96,97,107,356,362,708,33,145,143,144,364,662
421,482,409,410,426,427,407,339,314,317,656,413,447,193,191,190,449,189,206,186,227,250,519,551,224,640,222,642,219,459,11,638,639,5,499,637,8,666,505,503,98,96,97,107,355,32,33,145,143,144,364,662
421,482,409,406,428,426,340,319,338,339,314,317,656,413,447,193,191,190,188,187,185,183,518,517,269,747,225,641,220,221,217,218,182,216,613,565,564,5,499,637,8,666,505,503,98,96,97,107,355,362,708,33,145,143,144,364,662
421,482,409,406,428,426,340,319,338,339,314,317,656,413,447,193,191,190,188,187,185,183,518,517,519,551,224,277,276,286,470,468,460,459,11,638,639,5,499,637,8,666,505,503,98,96,97,107,355,32,33,145,143,144,364,662
421,482,408,406,428,426,340,319,318,316,314,317,656,413,447,193,192,229,449,189,206,186,227,250,519,551,521,277,276,286,470,468,177,461,638,639,5,499,637,8,666,505,503,98,96,97,107,355,32,33,145,143,144,364,662
421,482,409,410,490,341,319,318,316,314,317,656,413,447,193,191,190,188,187,185,183,518,653,250,519,551,224,640,222,642,469,460,459,11,638,639,5,499,637,8,666,505,503,98,96,97,107,355,32,33,145,143,144,364,662
421,482,409,406,428,426,340,319,338,339,314,317,656,413,447,193,191,190,188,187,185,183,518,653,250,519,551,224,277,276,286,470,468,460,459,11,638,639,5,499,637,8,666,505,503,98,96,97,109,355,32,33,145,143,144,364,662
421,482,409,406,428,426,340,319,318,419,317,656,413,447,193,191,190,188,187,185,183,249,653,250,519,551,224,277,276,286,470,468,460,459,11,638,639,5,499,637,8,666,505,503,98,96,97,109,355,32,33,145,143,144,364,662
421,482,408,424,484,404,407,339,314,317,656,413,447,193,191,190,188,187,185,183,518,653,250,519,551,224,640,222,642,219,459,11,638,639,5,499,637,8,666,505,503,98,96,97,107,355,32,33,145,143,144,364,662
421,482,409,406,428,426,340,319,318,419,317,656,413,447,193,191,190,449,189,206,186,227,250,519,551,224,640,222,286,470,468,460,459,11,638,639,5,499,637,8,666,505,503,98,96,97,107,355,32,33,145,143,144,364,662
421,482,409,406,428,426,427,407,339,314,317,656,413,447,193,191,190,449,189,206,186,227,250,519,551,521,277,276,175,287,177,461,638,639,5,499,637,8,666,505,503,98,96,97,107,355,32,33,145,143,144,364,662
421,482,408,406,428,426,427,407,339,314,317,656,413,447,193,191,190,449,189,206,186,227,250,519,551,521,277,276,286,470,468,460,459,11,10,638,639,5,499,637,8,666,505,503,98,96,97,107,355,32,33,145,143,144,364,662
421,482,409,406,428,426,427,407,339,314,317,656,413,447,193,191,190,188,187,185,183,518,653,250,519,551,521,277,276,286,470,468,177,461,638,639,5,499,637,8,666,505,503,98,96,97,107,355,32,33,145,143,144,364,662
421,482,409,410,490,341,320,318,419,317,656,413,447,193,191,190,188,187,185,183,249,227,250,519,551,521,277,276,286,470,469,460,459,11,638,639,5,499,637,8,666,505,503,98,96,97,107,355,32,33,145,143,144,364,662
421,482,409,406,428,426,340,319,338,339,314,317,656,413,447,193,191,190,449,189,206,186,227,250,519,551,224,640,222,286,470,469,460,459,11,638,639,5,499,637,8,666,505,503,98,96,97,109,355,32,33,145,143,144,364,662
421,482,409,410,426,340,319,338,339,314,317,656,413,447,193,191,190,188,187,185,183,249,653,250,519,551,224,640,222,642,469,460,459,11,638,639,5,499,637,8,666,505,503,98,96,97,109,355,32,33,145,143,144,364,662
421,482,409,406,428,426,427,407,339,314,317,656,413,447,193,191,190,188,187,206,186,227,250,519,551,521,277,276,286,470,469,460,459,11,638,639,5,499,637,8,666,505,503,98,96,97,109,355,32,33,145,143,144,364,662
421,482,408,406,428,426,427,407,339,314,317,656,413,447,193,192,229,449,189,206,186,227,250,519,551,521,277,276,286,470,468,460,459,11,638,639,5,499,637,8,666,505,503,98,96,97,107,356,362,708,33,145,143,144,364,662
421,482,409,410,490,341,320,318,316,314,317,656,413,447,193,191,190,188,187,185,183,518,517,519,551,521,277,276,286,470,469,460,459,11,638,639,5,499,637,8,666,505,503,98,96,97,107,355,32,33,145,143,144,364,662
421,482,408,424,484,404,407,339,314,317,656,413,447,193,191,190,449,189,206,186,227,250,519,551,224,277,276,286,470,468,177,461,638,639,5,499,637,8,666,505,503,98,96,97,107,355,32,33,145,143,144,364,662
421,482,409,406,404,407,339,314,317,656,413,447,193,191,190,188,187,185,183,249,227,250,519,551,521,277,276,286,470,469,460,459,11,638,639,5,499,637,8,666,505,503,98,96,97,107,355,32,33,145,143,144,364,662
421,482,409,410,490,341,320,318,316,314,317,656,413,447,193,191,190,188,187,185,183,518,653,250,519,551,521,277,276,286,470,469,460,459,11,638,639,5,499,637,8,666,505,503,98,96,97,109,355,32,33,145,143,144,364,662
421,482,408,424,483,445,402,199,198,200,488,201,202,332,254,235,236,729,510,305,267,306,266,269,747,225,641,220,221,217,218,182,216,613,565,564,581,498,497,499,637,8,666,505,503,98,96,97,107,355,32,33,145,143,144,364,662
421,482,409,410,426,340,319,318,419,317,656,413,447,193,191,190,188,187,185,183,518,517,269,747,225,641,220,221,217,218,182,216,613,565,639,5,499,637,8,666,505,503,98,96,97,107,355,32,33,145,143,144,364,662
421,482,409,406,428,426,340,319,338,339,314,317,656,413,447,193,192,229,449,189,206,186,227,250,519,551,224,640,222,642,219,459,11,638,639,5,499,637,8,666,505,503,98,96,97,107,355,32,33,145,143,144,364,662
421,482,408,406,428,426,340,319,338,339,314,317,656,413,447,193,191,190,188,187,185,183,249,653,250,519,551,521,277,276,175,287,177,461,638,639,5,499,637,8,666,505,503,98,96,97,109,355,32,33,145,143,144,364,662
421,482,409,406,428,426,340,319,318,419,317,656,413,447,193,192,229,449,189,206,186,227,250,519,551,224,277,276,286,470,469,460,459,11,638,639,5,499,637,8,666,505,503,98,96,97,109,355,32,33,145,143,144,364,662
421,482,408,406,428,426,427,407,339,314,317,656,413,447,193,191,190,188,187,185,183,518,517,269,747,225,641,220,221,217,218,182,215,613,565,564,5,499,637,8,666,505,503,98,96,97,109,355,32,33,145,143,144,364,662
421,482,409,410,426,427,407,339,314,317,656,413,447,193,191,190,188,187,185,183,518,653,250,519,551,224,277,276,286,470,468,460,459,11,638,639,5,499,637,8,666,505,503,98,96,97,107,355,32,33,145,143,144,364,662
421,482,408,406,428,426,340,319,318,316,314,317,656,413,447,193,191,190,188,189,206,186,227,250,519,551,521,277,276,286,470,469,460,459,11,638,639,5,499,637,8,666,505,503,98,96,97,107,355,32,33,145,143,144,364,662
421,482,409,410,490,341,320,318,419,317,656,413,447,193,191,190,188,187,206,186,227,250,519,551,521,277,276,286,470,469,460,459,11,638,639,5,499,637,8,666,505,503,98,96,97,107,355,32,33,145,143,144,364,662
421,482,409,410,426,340,319,318,419,317,656,413,447,193,192,229,449,189,206,186,227,250,519,551,224,640,222,642,469,460,459,11,638,639,5,499,637,8,666,505,503,98,96,97,107,355,32,33,145,143,144,364,662
421,482,409,410,426,427,407,339,314,317,656,413,447,193,191,190,188,187,185,183,249,653,250,519,551,224,277,276,286,470,469,460,459,11,638,639,5,499,637,8,666,505,503,98,96,97,109,355,32,33,145,143,144,364,662
421,482,409,410,426,427,407,339,314,317,656,413,447,193,191,190,449,189,206,186,227,250,519,551,224,640,222,286,470,469,460,459,11,638,639,5,499,637,8,666,505,503,98,96,97,107,355,32,33,145,143,144,364,662
421,482,409,406,428,426,340,319,338,339,314,317,656,413,447,193,191,190,188,187,185,183,249,653,250,519,551,224,640,222,286,470,468,460,459,11,638,639,5,499,637,8,666,505,503,98,96,97,107,355,32,33,145,143,144,364,662
421,482,409,410,490,341,319,338,339,314,317,656,413,447,193,192,229,449,189,206,186,227,250,519,551,521,277,276,175,287,177,461,638,639,5,499,637,8,666,505,503,98,96,97,107,355,32,33,145,143,144,364,662
421,482,408,424,484,404,407,339,314,317,656,413,447,193,191,190,188,187,185,183,518,653,250,519,551,224,640,222,286,470,469,460,459,11,638,639,5,499,637,8,666,505,503,98,96,97,107,355,32,33,145,143,144,364,662
421,482,409,410,490,340,319,318,316,314,317,656,413,447,193,191,190,449,189,206,186,227,250,519,551,224,277,276,286,470,469,460,459,11,638,639,5,499,637,8,666,505,503,98,96,97,107,355,32,33,145,143,144,364,662
421,482,409,406,428,426,340,319,338,339,314,317,656,413,447,193,191,190,449,189,206,186,227,250,519,551,521,277,276,286,470,468,460,459,11,638,639,5,499,637,8,666,505,503,98,96,97,107,355,362,708,33,145,143,144,364,662
421,482,408,406,428,426,340,319,318,419,317,656,413,447,193,192,229,449,189,206,186,227,250,519,551,521,277,276,175,287,177,461,638,639,5,499,637,8,666,505,503,98,96,97,107,355,32,33,145,143,144,364,662
421,482,409,406,404,407,339,314,317,656,413,447,193,191,190,188,187,206,186,227,250,519,551,521,277,276,286,470,469,460,459,11,638,639,5,499,637,8,666,505,503,98,96,97,107,355,32,33,145,143,144,364,662
421,482,409,410,490,341,319,338,339,314,317,656,413,447,193,191,190,188,187,185,183,249,227,250,519,551,224,640,222,642,469,460,459,11,638,639,5,499,637,8,666,505,503,98,96,97,107,355,32,33,145,143,144,364,662
421,482,409,406,428,426,427,407,339,314,317,656,413,447,193,191,190,188,187,185,183,249,227,250,519,551,521,277,276,286,470,468,460,459,11,638,639,5,499,637,8,666,505,503,98,96,97,109,355,32,33,145,143,144,364,662
421,482,408,406,428,426,340,319,338,339,314,317,656,413,447,193,191,190,188,187,185,183,518,517,269,747,225,641,220,221,217,218,12,10,565,564,581,498,497,499,637,8,666,505,503,98,96,97,107,355,32,33,145,143,144,364,662
421,482,408,406,428,426,340,319,338,339,314,317,656,413,447,193,192,229,449,189,206,186,227,250,519,551,521,277,276,286,470,469,468,460,459,11,638,639,5,499,637,8,666,505,503,98,96,97,109,355,32,33,145,143,144,364,662
421,482,408,406,428,426,340,319,338,339,314,317,656,413,447,193,191,190,188,187,185,183,518,517,519,551,521,277,276,286,470,468,177,461,638,639,5,499,637,8,666,505,503,98,96,97,109,355,32,33,145,143,144,364,662
421,482,408,406,428,426,340,319,318,419,317,656,413,447,193,191,190,188,187,185,183,249,227,250,519,551,224,640,222,642,469,460,459,11,638,639,5,499,637,8,666,505,503,98,96,97,107,355,32,33,145,143,144,364,662
421,482,408,406,404,407,339,314,317,656,413,447,193,191,190,188,187,185,183,518,517,269,747,225,641,220,221,217,218,182,216,613,565,564,581,498,497,499,637,8,666,505,503,98,96,97,107,356,362,708,33,145,143,144,364,662
421,482,409,410,490,341,319,338,339,314,317,656,413,447,193,191,190,188,187,185,183,518,517,269,747,225,641,220,221,217,218,12,10,638,639,5,499,637,8,666,505,503,98,96,97,107,355,32,33,145,143,144,364,662
421,482,408,406,428,426,340,319,318,316,314,317,656,413,447,193,191,190,188,187,185,186,227,250,519,551,521,277,276,286,470,469,460,459,11,638,639,5,499,637,8,666,505,503,98,96,97,107,355,32,33,145,143,144,364,662
421,482,409,410,490,341,319,338,339,314,317,656,413,447,193,191,190,449,189,206,186,227,250,519,551,521,277,276,286,470,469,460,459,11,638,639,5,499,637,8,666,505,503,98,96,97,107,356,362,708,33,145,143,144,364,662
421,482,408,406,404,407,339,314,317,656,413,447,193,191,190,188,187,185,183,518,517,269,747,225,641,220,221,217,218,182,215,613,565,564,5,499,637,8,666,505,503,98,96,97,107,355,32,33,145,143,144,364,662
421,482,408,406,428,426,340,319,318,419,317,656,413,447,193,191,190,188,187,185,183,518,517,269,747,225,641,220,221,217,218,12,10,638,639,5,499,637,8,666,505,503,98,96,97,107,355,32,33,145,143,144,364,662
421,482,409,410,490,341,319,338,339,314,317,656,413,447,193,191,190,449,189,206,186,227,250,519,551,521,277,270,175,287,177,461,638,639,5,499,637,8,666,505,503,98,96,97,107,355,32,33,145,143,144,364,662
421,482,409,410,490,341,319,318,316,314,317,656,413,447,193,191,190,188,187,185,183,249,653,250,519,551,224,640,222,642,469,460,459,11,638,639,5,499,637,8,666,505,503,98,96,97,109,355,32,33,145,143,144,364,662
421,482,408,424,484,404,407,339,314,317,656,413,447,193,191,190,188,187,185,183,518,517,519,551,224,277,276,286,470,469,460,459,11,638,639,5,499,637,8,666,505,503,98,96,97,109,355,32,33,145,143,144,364,662
421,482,409,406,428,426,340,319,338,339,314,317,656,413,447,193,192,229,449,189,206,186,227,250,519,551,224,640,222,286,470,469,460,459,11,638,639,5,499,637,8,666,505,503,98,96,97,107,355,32,33,145,143,144,364,662
421,482,408,406,428,426,340,319,318,316,314,317,656,413,447,193,191,190,188,187,185,183,518,517,519,551,224,640,222,642,469,460,459,11,638,639,5,499,637,8,666,505,503,98,96,97,107,355,32,33,145,143,144,364,662
421,482,408,406,428,426,340,319,318,419,317,656,413,447,193,191,190,449,189,206,186,227,250,519,551,521,277,276,286,470,469,460,459,11,638,639,5,499,637,8,666,505,503,98,96,97,107,356,362,708,33,145,143,144,364,662
421,482,408,424,484,404,407,339,314,317,656,413,447,193,191,190,188,187,185,183,249,653,250,519,551,521,277,276,286,470,468,469,460,459,11,638,639,5,499,637,8,666,505,503,98,96,97,107,355,32,33,145,143,144,364,662
421,482,408,424,484,404,407,339,314,317,656,413,447,193,191,190,188,187,185,183,249,653,250,519,551,224,640,222,642,219,459,11,638,639,5,499,637,8,666,505,503,98,96,97,109,355,32,33,145,143,144,364,662
421,482,409,410,490,341,320,318,419,317,656,413,447,193,191,190,188,187,185,183,249,227,250,519,551,521,277,276,286,470,468,460,459,11,638,639,5,499,637,8,666,505,503,98,96,97,107,355,32,33,145,143,144,364,662
421,482,409,406,428,426,340,319,338,339,314,317,656,413,447,193,191,190,449,189,206,186,227,250,519,551,224,640,222,286,470,468,460,459,11,638,639,5,499,637,8,666,505,503,98,96,97,109,355,32,33,145,143,144,364,662
421,482,408,406,428,426,340,319,318,316,314,317,656,413,447,193,191,190,188,187,185,183,518,653,250,519,551,224,640,222,642,469,460,459,11,638,639,5,499,637,8,666,505,503,98,96,97,109,355,32,33,145,143,144,364,662
421,482,408,406,428,426,340,319,318,419,317,656,413,447,193,191,190,449,189,206,186,227,250,519,551,521,277,270,175,287,177,461,638,639,5,499,637,8,666,505,503,98,96,97,107,355,32,33,145,143,144,364,662
421,482,408,406,428,426,340,319,318,316,314,317,656,413,447,193,191,190,188,187,185,183,518,517,269,747,225,641,220,222,642,469,460,459,11,638,639,5,499,637,8,666,505,503,98,96,97,107,355,32,33,145,143,144,364,662
421,482,409,406,428,426,427,407,339,314,317,656,413,447,193,191,190,188,187,185,183,249,653,250,519,551,521,277,276,286,470,468,177,461,638,639,5,499,637,8,666,505,503,98,96,97,109,355,32,33,145,143,144,364,662
421,482,409,410,490,341,319,318,419,317,656,413,447,193,192,229,449,189,206,186,227,250,519,551,521,277,276,286,470,468,177,461,638,639,5,499,637,8,666,505,503,98,96,97,109,355,32,33,145,143,144,364,662
421,482,409,410,490,341,319,338,339,314,317,656,413,447,193,191,190,188,187,206,186,227,250,519,551,224,640,222,642,469,460,459,11,638,639,5,499,637,8,666,505,503,98,96,97,107,355,32,33,145,143,144,364,662
421,482,409,406,428,426,427,407,339,314,317,656,413,447,193,191,190,188,187,206,186,227,250,519,551,521,277,276,286,470,468,460,459,11,638,639,5,499,637,8,666,505,503,98,96,97,109,355,32,33,145,143,144,364,662
421,482,409,410,490,341,320,321,411,419,317,656,413,447,193,191,190,449,189,206,186,227,250,519,551,521,277,276,286,470,468,177,461,638,639,5,499,637,8,666,505,503,98,96,97,107,355,32,33,145,143,144,364,662
421,482,408,406,428,426,340,319,338,339,314,317,656,413,447,193,191,190,449,189,206,186,227,250,519,551,224,640,222,642,469,468,460,459,11,638,639,5,499,637,8,666,505,503,98,96,97,107,355,32,33,145,143,144,364,662
421,482,409,410,490,341,319,338,339,314,317,656,413,447,193,191,190,188,187,185,183,518,517,269,747,225,641,220,221,217,218,182,216,613,565,564,5,499,637,8,666,505,503,98,96,97,107,356,362,708,33,145,143,144,364,662
421,482,408,406,428,426,340,319,318,419,317,656,413,447,193,191,190,188,187,206,186,227,250,519,551,224,640,222,642,469,460,459,11,638,639,5,499,637,8,666,505,503,98,96,97,107,355,32,33,145,143,144,364,662
421,482,408,406,428,426,340,319,318,419,317,656,413,447,193,191,190,188,187,185,183,518,517,269,747,225,641,220,221,217,218,182,216,613,565,564,5,499,637,8,666,505,503,98,96,97,107,356,362,708,33,145,143,144,364,662
421,482,409,410,490,341,320,318,316,314,317,656,413,447,193,191,190,188,187,185,183,518,517,519,551,521,277,276,286,470,468,460,459,11,638,639,5,499,637,8,666,505,503,98,96,97,107,355,32,33,145,143,144,364,662
421,482,409,406,404,407,339,314,317,656,413,447,193,191,190,188,187,185,183,249,227,250,519,551,521,277,276,286,470,468,460,459,11,638,639,5,499,637,8,666,505,503,98,96,97,107,355,32,33,145,143,144,364,662
421,482,409,410,490,341,320,318,316,314,317,656,413,447,193,191,190,188,187,185,183,518,653,250,519,551,521,277,276,286,470,468,460,459,11,638,639,5,499,637,8,666,505,503,98,96,97,109,355,32,33,145,143,144,364,662
421,482,408,424,484,404,407,339,314,317,656,413,447,193,191,190,188,187,185,183,249,653,250,519,551,521,277,276,286,470,469,460,459,11,638,639,5,499,637,8,666,505,503,98,96,97,107,355,362,708,33,145,143,144,364,662
421,482,409,406,428,426,340,319,318,419,317,656,413,447,193,192,229,449,189,206,186,227,250,519,551,224,277,276,286,470,468,460,459,11,638,639,5,499,637,8,666,505,503,98,96,97,109,355,32,33,145,143,144,364,662
421,482,409,410,426,340,319,338,339,314,317,656,413,447,193,191,190,188,187,185,183,518,517,269,747,225,641,220,221,217,218,182,216,613,565,639,5,499,637,8,666,505,503,98,96,97,109,355,32,33,145,143,144,364,662
421,482,408,424,483,405,403,401,199,198,200,488,201,202,332,254,235,236,729,510,305,267,306,266,269,747,225,641,220,221,217,218,182,216,613,565,564,5,499,637,8,666,505,503,98,96,97,107,355,32,33,145,143,144,364,662
421,482,408,406,428,426,427,407,339,314,317,656,413,447,193,191,190,188,189,206,186,227,250,519,551,224,640,222,642,469,460,459,11,638,639,5,499,637,8,666,505,503,98,96,97,109,355,32,33,145,143,144,364,662
421,482,409,410,490,341,320,318,419,317,656,413,447,193,191,190,188,187,185,183,249,653,250,519,551,521,277,276,286,470,468,177,461,638,639,5,499,637,8,666,505,503,98,96,97,107,355,32,33,145,143,144,364,662
421,482,408,406,428,426,340,319,318,316,314,317,656,413,447,193,191,190,188,189,206,186,227,250,519,551,521,277,276,286,470,468,460,459,11,638,639,5,499,637,8,666,505,503,98,96,97,107,355,32,33,145,143,144,364,662
421,482,409,410,490,341,320,318,419,317,656,413,447,193,191,190,188,187,206,186,227,250,519,551,521,277,276,286,470,468,460,459,11,638,639,5,499,637,8,666,505,503,98,96,97,107,355,32,33,145,143,144,364,662
421,482,409,410,490,340,319,318,419,317,656,413,447,193,191,190,188,187,185,183,518,653,250,519,551,224,277,276,286,470,469,460,459,11,638,639,5,499,637,8,666,505,503,98,96,97,107,355,32,33,145,143,144,364,662
421,482,409,410,426,427,407,339,314,317,656,413,447,193,191,190,188,187,185,183,249,653,250,519,551,224,277,276,286,470,468,460,459,11,638,639,5,499,637,8,666,505,503,98,96,97,109,355,32,33,145,143,144,364,662
421,482,408,424,484,404,407,339,314,317,656,413,447,193,191,190,449,189,206,186,227,250,519,551,521,277,276,286,470,468,469,460,459,11,638,639,5,499,637,8,666,505,503,98,96,97,109,355,32,33,145,143,144,364,662
421,482,408,406,428,426,427,407,339,314,317,656,413,447,193,191,190,449,189,206,186,227,250,519,551,224,277,276,286,470,469,468,460,459,11,638,639,5,499,637,8,666,505,503,98,96,97,107,355,32,33,145,143,144,364,662
421,482,409,410,426,427,407,339,314,317,656,413,447,193,191,190,449,189,206,186,227,250,519,551,224,640,222,286,470,468,460,459,11,638,639,5,499,637,8,666,505,503,98,96,97,107,355,32,33,145,143,144,364,662
421,482,409,410,426,340,319,338,339,314,317,656,413,447,193,192,229,449,189,206,186,227,250,519,551,224,640,222,642,469,460,459,11,638,639,5,499,637,8,666,505,503,98,96,97,109,355,32,33,145,143,144,364,662
421,482,408,424,484,404,407,339,314,317,656,413,447,193,191,190,188,187,185,183,518,653,250,519,551,224,640,222,286,470,468,460,459,11,638,639,5,499,637,8,666,505,503,98,96,97,107,355,32,33,145,143,144,364,662
421,482,408,406,428,426,340,319,338,339,314,317,656,413,447,193,191,190,188,187,185,183,249,653,250,519,551,521,277,276,286,470,469,460,459,11,638,639,5,499,637,8,666,505,503,98,96,97,107,356,362,708,33,145,143,144,364,662
421,482,409,410,490,340,319,318,316,314,317,656,413,447,193,191,190,449,189,206,186,227,250,519,551,224,277,276,286,470,468,460,459,11,638,639,5,499,637,8,666,505,503,98,96,97,107,355,32,33,145,143,144,364,662
421,482,409,410,490,341,319,318,419,317,656,413,447,193,191,190,188,189,206,186,227,250,519,551,521,277,276,286,470,469,460,459,11,638,639,5,499,637,8,666,505,503,98,96,97,109,355,32,33,145,143,144,364,662
421,482,409,406,428,426,340,319,338,339,314,317,656,413,447,193,191,190,188,187,185,183,518,517,269,747,225,641,220,221,217,218,182,216,613,565,564,581,498,497,499,637,8,666,505,503,98,96,97,107,355,362,708,33,145,143,144,364,662
421,482,409,406,404,407,339,314,317,656,413,447,193,191,190,188,187,185,183,249,653,250,519,551,521,277,276,286,470,468,177,461,638,639,5,499,637,8,666,505,503,98,96,97,107,355,32,33,145,143,144,364,662
421,482,408,406,428,426,340,319,338,339,314,317,656,413,447,193,191,190,188,187,185,183,249,653,250,519,551,521,277,270,175,287,177,461,638,639,5,499,637,8,666,505,503,98,96,97,107,355,32,33,145,143,144,364,662
421,482,409,406,404,407,339,314,317,656,413,447,193,191,190,188,187,206,186,227,250,519,551,521,277,276,286,470,468,460,459,11,638,639,5,499,637,8,666,505,503,98,96,97,107,355,32,33,145,143,144,364,662
421,482,408,424,484,404,407,339,314,317,656,413,447,193,191,190,188,187,185,183,249,653,250,519,551,224,640,222,286,470,469,460,459,11,638,639,5,499,637,8,666,505,503,98,96,97,109,355,32,33,145,143,144,364,662
421,482,408,406,428,426,340,319,338,339,314,317,656,413,447,193,192,229,449,189,206,186,227,250,519,551,521,277,276,175,287,177,461,638,639,5,499,637,8,666,505,503,98,96,97,109,355,32,33,145,143,144,364,662
421,482,408,424,484,404,407,339,314,317,656,413,447,193,191,190,449,189,206,186,227,250,519,551,521,277,276,286,470,469,460,459,11,638,639,5,499,637,8,666,505,503,98,96,97,109,355,362,708,33,145,143,144,364,662
421,482,408,424,483,445,402,199,198,200,488,333,252,254,235,236,729,510,305,267,306,266,269,747,225,641,220,221,217,218,182,216,613,565,564,5,499,637,8,666,505,503,98,96,97,107,355,32,33,145,143,144,364,662
421,482,408,406,428,426,427,407,339,314,317,656,413,447,193,191,190,188,187,185,186,227,250,519,551,224,640,222,642,469,460,459,11,638,639,5,499,637,8,666,505,503,98,96,97,109,355,32,33,145,143,144,364,662
421,482,408,424,483,445,402,199,198,200,488,333,252,233,235,236,729,510,305,267,306,266,269,747,225,641,220,221,217,218,182,216,613,565,564,5,499,637,8,666,505,503,98,96,97,107,355,32,33,145,143,144,364,662
421,482,409,410,490,341,320,321,411,419,317,656,413,447,193,191,190,188,187,185,183,518,517,519,551,521,277,276,286,470,469,460,459,11,638,639,5,499,637,8,666,505,503,98,96,97,109,355,32,33,145,143,144,364,662
421,482,409,410,490,341,320,318,419,317,656,413,447,193,191,190,449,189,206,186,227,250,519,551,521,277,276,286,470,468,177,461,638,639,5,499,637,8,666,505,503,98,96,97,109,355,32,33,145,143,144,364,662
421,482,408,406,428,426,340,319,338,339,314,317,656,413,447,193,191,190,188,187,185,183,249,227,250,519,551,224,640,222,642,469,460,459,11,638,639,5,499,637,8,666,505,503,98,96,97,109,355,32,33,145,143,144,364,662
421,482,408,406,428,426,340,319,318,316,314,317,656,413,447,193,191,190,188,187,185,186,227,250,519,551,521,277,276,286,470,468,460,459,11,638,639,5,499,637,8,666,505,503,98,96,97,107,355,32,33,145,143,144,364,662
421,482,409,410,426,427,407,339,314,317,656,413,447,193,192,229,449,189,206,186,227,250,519,551,224,277,276,286,470,469,460,459,11,638,639,5,499,637,8,666,505,503,98,96,97,109,355,32,33,145,143,144,364,662
421,482,408,406,428,426,340,319,338,339,314,317,656,413,447,193,191,190,449,189,206,186,227,250,519,551,224,277,276,286,470,468,469,460,459,11,638,639,5,499,637,8,666,505,503,98,96,97,107,355,32,33,145,143,144,364,662
421,482,409,410,490,340,319,318,419,317,656,413,447,193,191,190,449,189,206,186,227,250,519,551,224,640,222,642,219,459,11,638,639,5,499,637,8,666,505,503,98,96,97,107,355,32,33,145,143,144,364,662
421,482,409,410,490,341,319,338,339,314,317,656,413,447,193,191,190,449,189,206,186,227,250,519,551,521,277,276,286,470,468,460,459,11,638,639,5,499,637,8,666,505,503,98,96,97,107,356,362,708,33,145,143,144,364,662
421,482,408,406,404,407,339,314,317,656,413,447,193,191,190,188,189,206,186,227,250,519,551,224,640,222,642,469,460,459,11,638,639,5,499,637,8,666,505,503,98,96,97,107,355,32,33,145,143,144,364,662
421,482,408,424,484,404,407,339,314,317,656,413,447,193,191,190,188,187,185,183,518,517,269,747,225,641,220,221,217,218,182,216,613,565,564,5,499,637,8,666,505,503,98,96,97,109,355,362,708,33,145,143,144,364,662
421,482,408,424,484,404,407,339,314,317,656,413,447,193,191,190,188,187,185,183,518,517,519,551,224,277,276,286,470,468,460,459,11,638,639,5,499,637,8,666,505,503,98,96,97,109,355,32,33,145,143,144,364,662
421,482,409,406,428,426,340,319,338,339,314,317,656,413,447,193,192,229,449,189,206,186,227,250,519,551,224,640,222,286,470,468,460,459,11,638,639,5,499,637,8,666,505,503,98,96,97,107,355,32,33,145,143,144,364,662
421,482,408,406,428,426,340,319,318,419,317,656,413,447,193,191,190,449,189,206,186,227,250,519,551,521,277,276,286,470,468,460,459,11,638,639,5,499,637,8,666,505,503,98,96,97,107,356,362,708,33,145,143,144,364,662
421,482,408,406,428,426,340,319,338,339,314,317,656,413,447,193,191,190,188,187,185,183,518,517,269,747,225,641,220,221,217,218,12,10,638,639,5,499,637,8,666,505,503,98,96,97,109,355,32,33,145,143,144,364,662
421,482,408,424,483,445,402,199,198,200,488,333,252,233,234,507,520,665,717,618,263,265,266,269,747,225,641,220,221,217,218,182,216,613,565,564,5,499,637,8,666,505,503,98,96,97,109,355,32,33,145,143,144,364,662
421,482,409,410,490,341,319,318,419,317,656,413,447,193,191,190,188,187,185,186,227,250,519,551,521,277,276,286,470,469,460,459,11,638,639,5,499,637,8,666,505,503,98,96,97,109,355,32,33,145,143,144,364,662
421,482,409,406,404,407,339,314,317,656,413,447,193,191,190,449,189,206,186,227,250,519,551,521,277,276,286,470,468,177,461,638,639,5,499,637,8,666,505,503,98,96,97,109,355,32,33,145,143,144,364,662
421,482,408,406,428,426,340,319,338,339,314,317,656,413,447,193,191,190,449,189,206,186,227,250,519,551,521,277,270,175,287,177,461,638,639,5,499,637,8,666,505,503,98,96,97,109,355,32,33,145,143,144,364,662
421,482,408,406,428,426,427,407,339,314,317,656,413,447,193,191,190,188,187,185,183,518,517,269,747,225,641,220,221,217,218,182,215,613,565,564,581,498,497,499,637,8,666,505,503,98,96,97,109,355,32,33,145,143,144,364,662
421,482,408,406,428,426,340,319,338,339,314,317,656,413,447,193,191,190,449,189,206,186,227,250,519,551,224,277,276,286,470,469,460,459,11,638,639,5,499,637,8,666,505,503,98,96,97,107,355,362,708,33,145,143,144,364,662
421,482,409,410,490,341,319,318,419,317,656,413,447,193,191,190,188,187,185,183,518,517,519,551,224,640,222,642,469,460,459,11,638,639,5,499,637,8,666,505,503,98,96,97,109,355,32,33,145,143,144,364,662
421,482,408,406,428,426,427,407,339,314,317,656,413,447,193,191,190,188,187,185,183,249,227,250,519,551,224,277,276,286,470,469,460,459,11,638,639,5,499,637,8,666,505,503,98,96,97,109,355,32,33,145,143,144,364,662
421,482,409,410,490,341,319,318,316,314,317,656,413,447,193,191,190,188,187,185,183,518,517,269,747,225,641,220,221,217,218,182,216,613,565,639,5,499,637,8,666,505,503,98,96,97,109,355,32,33,145,143,144,364,662
421,482,408,406,428,426,340,319,338,339,314,317,656,413,447,193,191,190,188,187,206,186,227,250,519,551,224,640,222,642,469,460,459,11,638,639,5,499,637,8,666,505,503,98,96,97,109,355,32,33,145,143,144,364,662
421,482,409,410,490,341,319,318,419,317,656,413,447,193,191,190,188,187,185,183,518,517,269,747,225,641,220,222,642,469,460,459,11,638,639,5,499,637,8,666,505,503,98,96,97,109,355,32,33,145,143,144,364,662
421,482,408,424,484,404,407,339,314,317,656,413,447,193,191,190,188,187,185,183,249,653,250,519,551,521,277,276,286,470,468,460,459,11,638,639,5,499,637,8,666,505,503,98,96,97,107,355,362,708,33,145,143,144,364,662
421,482,409,410,490,341,319,318,316,314,317,656,413,447,193,192,229,449,189,206,186,227,250,519,551,224,640,222,642,469,460,459,11,638,639,5,499,637,8,666,505,503,98,96,97,109,355,32,33,145,143,144,364,662
421,482,408,406,404,407,339,314,317,656,413,447,193,191,190,188,187,185,186,227,250,519,551,224,640,222,642,469,460,459,11,638,639,5,499,637,8,666,505,503,98,96,97,107,355,32,33,145,143,144,364,662
421,482,408,424,484,404,407,339,314,317,656,413,447,193,192,229,449,189,206,186,227,250,519,551,521,277,276,286,470,468,469,460,459,11,638,639,5,499,637,8,666,505,503,98,96,97,107,355,32,33,145,143,144,364,662
421,482,408,424,484,404,407,339,314,317,656,413,447,193,192,229,449,189,206,186,227,250,519,551,224,640,222,642,219,459,11,638,639,5,499,637,8,666,505,503,98,96,97,109,355,32,33,145,143,144,364,662
421,482,409,410,490,340,319,318,419,317,656,413,447,193,191,190,188,187,185,183,518,653,250,519,551,224,277,276,286,470,468,460,459,11,638,639,5,499,637,8,666,505,503,98,96,97,107,355,32,33,145,143,144,364,662
421,482,409,406,428,426,340,319,318,419,317,656,413,447,193,191,190,188,187,185,183,249,227,250,519,551,521,277,276,286,470,469,460,459,11,638,639,5,499,637,8,666,505,503,98,96,97,107,355,32,33,145,143,144,364,662
421,482,408,406,428,426,340,319,318,316,314,317,656,413,447,193,191,190,188,187,185,183,518,517,269,747,225,641,220,221,642,469,460,459,11,638,639,5,499,637,8,666,505,503,98,96,97,107,355,32,33,145,143,144,364,662
421,482,409,410,490,340,319,338,339,314,317,656,413,447,193,191,190,188,187,185,183,518,517,519,551,224,277,276,286,470,469,460,459,11,638,639,5,499,637,8,666,505,503,98,96,97,107,355,32,33,145,143,144,364,662
421,482,408,406,428,426,427,407,339,314,317,656,413,447,193,191,190,449,189,206,186,227,250,519,551,224,277,276,175,287,177,461,638,639,5,499,637,8,666,505,503,98,96,97,107,355,32,33,145,143,144,364,662
421,482,409,406,428,426,427,407,339,314,317,656,413,447,193,192,229,449,189,206,186,227,250,519,551,521,277,276,286,470,468,177,461,638,639,5,499,637,8,666,505,503,98,96,97,109,355,32,33,145,143,144,364,662
421,482,409,410,490,340,319,338,339,314,317,656,413,447,193,191,190,188,187,185,183,249,653,250,519,551,224,640,222,642,219,459,11,638,639,5,499,637,8,666,505,503,98,96,97,107,355,32,33,145,143,144,364,662
421,482,409,410,490,340,319,338,339,314,317,656,413,447,193,191,190,188,187,185,183,518,653,250,519,551,224,277,276,286,470,469,460,459,11,638,639,5,499,637,8,666,505,503,98,96,97,109,355,32,33,145,143,144,364,662
421,482,409,410,490,340,319,318,419,317,656,413,447,193,191,190,188,187,185,183,249,653,250,519,551,224,277,276,286,470,469,460,459,11,638,639,5,499,637,8,666,505,503,98,96,97,109,355,32,33,145,143,144,364,662
421,482,408,406,428,426,427,407,339,314,317,656,413,447,193,191,190,188,187,185,183,518,653,250,519,551,224,277,276,286,470,468,177,461,638,639,5,499,637,8,666,505,503,98,96,97,107,355,32,33,145,143,144,364,662
421,482,409,410,490,340,319,318,419,317,656,413,447,193,191,190,449,189,206,186,227,250,519,551,224,640,222,286,470,469,460,459,11,638,639,5,499,637,8,666,505,503,98,96,97,107,355,32,33,145,143,144,364,662
421,482,408,406,404,403,401,199,198,200,488,333,252,233,234,507,520,665,717,618,263,265,266,269,747,225,641,220,221,217,218,182,216,613,565,564,5,499,637,8,666,505,503,98,96,97,107,355,32,33,145,143,144,364,662
421,482,408,406,428,426,340,319,338,339,314,317,656,413,447,193,191,190,188,187,185,183,249,653,250,519,551,521,277,276,286,470,468,460,459,11,638,639,5,499,637,8,666,505,503,98,96,97,107,356,362,708,33,145,143,144,364,662
421,482,408,406,428,426,427,407,339,314,317,656,413,447,193,191,190,188,187,206,186,227,250,519,551,224,277,276,286,470,469,460,459,11,638,639,5,499,637,8,666,505,503,98,96,97,109,355,32,33,145,143,144,364,662
421,482,409,410,490,341,319,318,419,317,656,413,447,193,191,190,188,189,206,186,227,250,519,551,521,277,276,286,470,468,460,459,11,638,639,5,499,637,8,666,505,503,98,96,97,109,355,32,33,145,143,144,364,662
421,482,409,406,428,426,340,319,318,316,314,317,656,413,447,193,191,190,188,187,185,183,518,517,519,551,521,277,276,286,470,469,460,459,11,638,639,5,499,637,8,666,505,503,98,96,97,107,355,32,33,145,143,144,364,662
421,482,409,410,490,341,320,318,316,314,317,656,413,447,193,191,190,188,187,185,183,249,653,250,519,551,224,640,222,642,469,460,459,11,638,639,5,499,637,8,666,505,503,98,96,97,107,355,32,33,145,143,144,364,662
421,482,408,424,484,404,407,339,314,317,656,413,447,193,191,190,188,187,185,183,249,653,250,519,551,224,640,222,286,470,468,460,459,11,638,639,5,499,637,8,666,505,503,98,96,97,109,355,32,33,145,143,144,364,662
421,482,408,424,484,404,407,339,314,317,656,413,447,193,192,229,449,189,206,186,227,250,519,551,521,277,276,286,470,469,460,459,11,638,639,5,499,637,8,666,505,503,98,96,97,107,355,362,708,33,145,143,144,364,662
421,482,409,406,428,426,340,319,318,316,314,317,656,413,447,193,191,190,188,187,185,183,518,653,250,519,551,521,277,276,286,470,469,460,459,11,638,639,5,499,637,8,666,505,503,98,96,97,109,355,32,33,145,143,144,364,662
421,482,408,406,404,407,339,314,317,656,413,447,193,191,190,188,187,185,183,518,517,269,747,225,641,220,221,217,218,182,215,613,565,564,581,498,497,499,637,8,666,505,503,98,96,97,107,355,32,33,145,143,144,364,662
421,482,408,424,484,404,407,339,314,317,656,413,447,193,191,190,449,189,206,186,227,250,519,551,521,277,276,286,470,468,460,459,11,638,639,5,499,637,8,666,505,503,98,96,97,109,355,362,708,33,145,143,144,364,662
421,482,408,406,428,426,340,319,338,339,314,317,656,413,447,193,191,190,449,189,206,186,227,250,519,551,521,277,276,286,470,469,460,459,11,10,638,639,5,499,637,8,666,505,503,98,96,97,107,355,32,33,145,143,144,364,662
421,482,409,406,428,426,340,319,338,339,314,317,656,413,447,193,191,190,449,189,206,186,227,250,519,551,521,277,276,286,470,469,468,460,459,11,638,639,5,499,637,8,666,505,503,98,96,97,107,355,32,33,145,143,144,364,662
421,482,408,406,404,407,339,314,317,656,413,447,193,191,190,188,187,185,183,249,227,250,519,551,224,277,276,286,470,469,460,459,11,638,639,5,499,637,8,666,505,503,98,96,97,107,355,32,33,145,143,144,364,662
421,482,409,410,490,341,320,318,419,317,656,413,447,193,192,229,449,189,206,186,227,250,519,551,521,277,276,286,470,468,177,461,638,639,5,499,637,8,666,505,503,98,96,97,107,355,32,33,145,143,144,364,662
421,482,409,406,428,426,340,319,318,419,317,656,413,447,193,191,190,188,187,206,186,227,250,519,551,521,277,276,286,470,469,460,459,11,638,639,5,499,637,8,666,505,503,98,96,97,107,355,32,33,145,143,144,364,662
421,482,409,410,490,341,320,321,411,419,317,656,413,447,193,191,190,188,187,185,183,518,517,519,551,521,277,276,286,470,468,460,459,11,638,639,5,499,637,8,666,505,503,98,96,97,109,355,32,33,145,143,144,364,662
421,482,409,410,426,427,407,339,314,317,656,413,447,193,192,229,449,189,206,186,227,250,519,551,224,277,276,286,470,468,460,459,11,638,639,5,499,637,8,666,505,503,98,96,97,109,355,32,33,145,143,144,364,662
421,482,409,410,490,341,319,338,339,314,317,656,413,447,193,191,190,188,187,185,183,518,517,269,747,225,641,220,221,217,218,182,216,613,565,564,581,498,497,499,637,8,666,505,503,98,96,97,107,356,362,708,33,145,143,144,364,662
421,482,409,410,490,340,319,338,339,314,317,656,413,447,193,191,190,449,189,206,186,227,250,519,551,521,277,276,286,470,468,469,460,459,11,638,639,5,499,637,8,666,505,503,98,96,97,107,355,32,33,145,143,144,364,662
421,482,409,410,490,340,319,338,339,314,317,656,413,447,193,191,190,449,189,206,186,227,250,519,551,224,640,222,642,219,459,11,638,639,5,499,637,8,666,505,503,98,96,97,109,355,32,33,145,143,144,364,662
421,482,409,410,490,341,319,338,339,314,317,656,413,447,193,191,190,188,187,185,183,518,517,269,747,225,641,220,221,217,218,182,215,613,565,564,5,499,637,8,666,505,503,98,96,97,107,355,32,33,145,143,144,364,662
421,482,408,406,428,426,340,319,318,419,317,656,413,447,193,191,190,188,187,185,183,518,517,269,747,225,641,220,221,217,218,182,216,613,565,564,581,498,497,499,637,8,666,505,503,98,96,97,107,356,362,708,33,145,143,144,364,662
421,482,408,406,428,426,340,319,338,339,314,317,656,413,447,193,192,229,449,189,206,186,227,250,519,551,521,277,276,286,470,469,460,459,11,638,639,5,499,637,8,666,505,503,98,96,97,107,356,362,708,33,145,143,144,364,662
421,482,409,406,428,426,427,407,339,314,317,656,413,447,193,191,190,188,189,206,186,227,250,519,551,521,277,276,286,470,469,460,459,11,638,639,5,499,637,8,666,505,503,98,96,97,109,355,32,33,145,143,144,364,662
421,482,409,406,404,407,339,314,317,656,413,447,193,192,229,449,189,206,186,227,250,519,551,521,277,276,286,470,468,177,461,638,639,5,499,637,8,666,505,503,98,96,97,107,355,32,33,145,143,144,364,662
421,482,408,406,428,426,340,319,338,339,314,317,656,413,447,193,192,229,449,189,206,186,227,250,519,551,521,277,270,175,287,177,461,638,639,5,499,637,8,666,505,503,98,96,97,107,355,32,33,145,143,144,364,662
421,482,408,406,428,426,340,319,318,419,317,656,413,447,193,191,190,188,187,185,183,518,517,269,747,225,641,220,221,217,218,182,215,613,565,564,5,499,637,8,666,505,503,98,96,97,107,355,32,33,145,143,144,364,662
421,482,409,410,490,341,319,318,419,317,656,413,447,193,191,190,188,187,185,186,227,250,519,551,521,277,276,286,470,468,460,459,11,638,639,5,499,637,8,666,505,503,98,96,97,109,355,32,33,145,143,144,364,662
421,482,408,424,484,404,407,339,314,317,656,413,447,193,192,229,449,189,206,186,227,250,519,551,224,640,222,286,470,469,460,459,11,638,639,5,499,637,8,666,505,503,98,96,97,109,355,32,33,145,143,144,364,662
421,482,409,410,490,341,320,318,316,314,317,656,413,447,193,191,190,449,189,206,186,227,250,519,551,224,640,222,642,469,460,459,11,638,639,5,499,637,8,666,505,503,98,96,97,109,355,32,33,145,143,144,364,662
421,482,408,406,428,426,340,319,338,339,314,317,656,413,447,193,191,190,449,189,206,186,227,250,519,551,224,277,276,286,470,468,460,459,11,638,639,5,499,637,8,666,505,503,98,96,97,107,355,362,708,33,145,143,144,364,662
421,482,408,424,483,405,403,401,199,198,200,488,201,202,332,254,235,236,729,510,305,267,306,266,269,747,225,641,220,221,217,218,182,216,613,565,564,581,498,497,499,637,8,666,505,503,98,96,97,107,355,32,33,145,143,144,364,662
421,482,408,424,483,445,402,199,198,200,488,201,202,332,254,235,236,729,510,305,496,306,266,269,747,225,641,220,221,217,218,182,216,613,565,564,5,499,637,8,666,505,503,98,96,97,107,355,32,33,145,143,144,364,662
421,482,409,410,490,340,319,338,339,314,317,656,413,447,193,191,190,188,187,185,183,249,653,250,519,551,224,640,222,286,470,469,460,459,11,638,639,5,499,637,8,666,505,503,98,96,97,107,355,32,33,145,143,144,364,662
421,482,408,406,404,407,339,314,317,656,413,447,193,191,190,188,187,206,186,227,250,519,551,224,277,276,286,470,469,460,459,11,638,639,5,499,637,8,666,505,503,98,96,97,107,355,32,33,145,143,144,364,662
421,482,409,410,426,340,319,338,339,314,317,656,413,447,193,191,190,188,187,185,183,518,653,250,519,551,224,277,276,286,470,469,460,459,11,638,639,5,499,637,8,666,505,503,98,96,97,107,355,32,33,145,143,144,364,662
421,482,409,410,426,340,319,318,419,317,656,413,447,193,191,190,188,187,185,183,249,653,250,519,551,224,277,276,286,470,469,460,459,11,638,639,5,499,637,8,666,505,503,98,96,97,107,355,32,33,145,143,144,364,662
421,482,409,410,490,341,320,321,411,419,317,656,413,447,193,191,190,188,187,185,183,518,653,250,519,551,224,640,222,642,469,460,459,11,638,639,5,499,637,8,666,505,503,98,96,97,107,355,32,33,145,143,144,364,662
421,482,409,410,490,340,319,338,339,314,317,656,413,447,193,191,190,449,189,206,186,227,250,519,551,521,277,276,286,470,469,460,459,11,638,639,5,499,637,8,666,505,503,98,96,97,107,355,362,708,33,145,143,144,364,662
421,482,408,406,428,426,427,407,339,314,317,656,413,447,193,191,190,188,187,185,183,249,227,250,519,551,224,277,276,286,470,468,460,459,11,638,639,5,499,637,8,666,505,503,98,96,97,109,355,32,33,145,143,144,364,662
421,482,409,410,490,341,320,318,419,317,656,413,447,193,191,190,188,189,206,186,227,250,519,551,521,277,276,286,470,469,460,459,11,638,639,5,499,637,8,666,505,503,98,96,97,107,355,32,33,145,143,144,364,662
421,482,409,406,428,426,340,319,318,419,317,656,413,447,193,191,190,188,187,185,183,249,227,250,519,551,521,277,276,286,470,468,460,459,11,638,639,5,499,637,8,666,505,503,98,96,97,107,355,32,33,145,143,144,364,662
421,482,409,410,490,340,319,338,339,314,317,656,413,447,193,191,190,188,187,185,183,518,517,269,747,225,641,220,221,217,218,182,216,613,565,564,5,499,637,8,666,505,503,98,96,97,107,355,362,708,33,145,143,144,364,662
421,482,409,410,490,340,319,338,339,314,317,656,413,447,193,191,190,188,187,185,183,518,517,519,551,224,277,276,286,470,468,460,459,11,638,639,5,499,637,8,666,505,503,98,96,97,107,355,32,33,145,143,144,364,662
421,482,409,406,428,426,427,407,339,314,317,656,413,447,193,191,190,188,187,185,186,227,250,519,551,521,277,276,286,470,469,460,459,11,638,639,5,499,637,8,666,505,503,98,96,97,109,355,32,33,145,143,144,364,662
421,482,409,410,490,340,319,338,339,314,317,656,413,447,193,191,190,188,187,185,183,518,653,250,519,551,224,277,276,286,470,468,460,459,11,638,639,5,499,637,8,666,505,503,98,96,97,109,355,32,33,145,143,144,364,662
421,482,409,406,428,426,340,319,338,339,314,317,656,413,447,193,191,190,188,187,185,183,249,227,250,519,551,521,277,276,286,470,469,460,459,11,638,639,5,499,637,8,666,505,503,98,96,97,109,355,32,33,145,143,144,364,662
421,482,409,410,490,340,319,318,419,317,656,413,447,193,191,190,188,187,185,183,249,653,250,519,551,224,277,276,286,470,468,460,459,11,638,639,5,499,637,8,666,505,503,98,96,97,109,355,32,33,145,143,144,364,662
421,482,409,410,490,340,319,318,419,317,656,413,447,193,191,190,449,189,206,186,227,250,519,551,224,640,222,286,470,468,460,459,11,638,639,5,499,637,8,666,505,503,98,96,97,107,355,32,33,145,143,144,364,662
421,482,408,424,483,445,402,199,198,200,488,333,252,254,235,236,729,510,305,267,306,266,269,747,225,641,220,221,217,218,182,216,613,565,564,581,498,497,499,637,8,666,505,503,98,96,97,107,355,32,33,145,143,144,364,662
421,482,409,406,404,407,339,314,317,656,413,447,193,191,190,188,189,206,186,227,250,519,551,521,277,276,286,470,469,460,459,11,638,639,5,499,637,8,666,505,503,98,96,97,107,355,32,33,145,143,144,364,662
421,482,409,406,428,426,427,407,339,314,317,656,413,447,193,191,190,188,187,185,183,518,517,519,551,224,640,222,642,469,460,459,11,638,639,5,499,637,8,666,505,503,98,96,97,109,355,32,33,145,143,144,364,662
421,482,408,406,428,426,427,407,339,314,317,656,413,447,193,191,190,188,187,185,183,249,653,250,519,551,224,277,276,286,470,468,177,461,638,639,5,499,637,8,666,505,503,98,96,97,109,355,32,33,145,143,144,364,662
421,482,408,424,483,445,402,199,198,200,488,333,252,233,235,236,729,510,305,267,306,266,269,747,225,641,220,221,217,218,182,216,613,565,564,581,498,497,499,637,8,666,505,503,98,96,97,107,355,32,33,145,143,144,364,662
421,482,409,410,490,340,319,338,339,314,317,656,413,447,193,191,190,449,189,206,186,227,250,519,551,224,640,222,286,470,469,460,459,11,638,639,5,499,637,8,666,505,503,98,96,97,109,355,32,33,145,143,144,364,662
421,482,408,406,428,426,427,407,339,314,317,656,413,447,193,191,190,188,187,206,186,227,250,519,551,224,277,276,286,470,468,460,459,11,638,639,5,499,637,8,666,505,503,98,96,97,109,355,32,33,145,143,144,364,662
421,482,408,406,428,426,427,407,339,314,317,656,413,447,193,191,190,449,189,206,186,227,250,519,551,224,640,222,286,470,468,177,461,638,639,5,499,637,8,666,505,503,98,96,97,107,355,32,33,145,143,144,364,662
421,482,409,410,426,340,319,338,339,314,317,656,413,447,193,191,190,449,189,206,186,227,250,519,551,224,640,222,642,219,459,11,638,639,5,499,637,8,666,505,503,98,96,97,107,355,32,33,145,143,144,364,662
421,482,409,406,428,426,340,319,318,316,314,317,656,413,447,193,191,190,188,187,185,183,518,517,519,551,521,277,276,286,470,468,460,459,11,638,639,5,499,637,8,666,505,503,98,96,97,107,355,32,33,145,143,144,364,662
421,482,409,410,490,341,319,318,419,317,656,413,447,193,191,190,188,187,185,183,518,517,269,747,225,641,220,221,642,469,460,459,11,638,639,5,499,637,8,666,505,503,98,96,97,109,355,32,33,145,143,144,364,662
421,482,409,410,426,340,319,318,419,317,656,413,447,193,191,190,449,189,206,186,227,250,519,551,224,277,276,286,470,469,460,459,11,638,639,5,499,637,8,666,505,503,98,96,97,109,355,32,33,145,143,144,364,662
421,482,409,406,428,426,427,407,339,314,317,656,413,447,193,191,190,188,187,185,183,518,517,269,747,225,641,220,222,642,469,460,459,11,638,639,5,499,637,8,666,505,503,98,96,97,109,355,32,33,145,143,144,364,662
421,482,408,424,484,404,407,339,314,317,656,413,447,193,192,229,449,189,206,186,227,250,519,551,521,277,276,286,470,468,460,459,11,638,639,5,499,637,8,666,505,503,98,96,97,107,355,362,708,33,145,143,144,364,662
421,482,409,406,428,426,340,319,318,316,314,317,656,413,447,193,191,190,188,187,185,183,518,653,250,519,551,521,277,276,286,470,468,460,459,11,638,639,5,499,637,8,666,505,503,98,96,97,109,355,32,33,145,143,144,364,662
421,482,408,406,428,426,427,407,339,314,317,656,413,447,193,191,190,188,187,185,183,518,517,519,551,521,277,276,286,470,468,469,460,459,11,638,639,5,499,637,8,666,505,503,98,96,97,107,355,32,33,145,143,144,364,662
421,482,408,406,428,426,427,407,339,314,317,656,413,447,193,191,190,188,187,185,183,518,517,519,551,224,640,222,642,219,459,11,638,639,5,499,637,8,666,505,503,98,96,97,109,355,32,33,145,143,144,364,662
421,482,408,406,428,426,427,407,339,314,317,656,413,447,193,191,190,188,187,185,183,518,653,250,519,551,521,277,276,286,470,468,469,460,459,11,638,639,5,499,637,8,666,505,503,98,96,97,109,355,32,33,145,143,144,364,662
421,482,408,424,484,404,407,339,314,317,656,413,447,193,191,190,188,187,185,183,518,517,269,747,225,641,220,221,217,218,182,216,613,565,564,581,498,497,499,637,8,666,505,503,98,96,97,109,355,362,708,33,145,143,144,364,662
421,482,409,406,428,426,340,319,338,339,314,317,656,413,447,193,191,190,449,189,206,186,227,250,519,551,521,277,276,175,287,177,461,638,639,5,499,637,8,666,505,503,98,96,97,107,355,32,33,145,143,144,364,662
421,482,408,406,428,426,340,319,338,339,314,317,656,413,447,193,191,190,449,189,206,186,227,250,519,551,521,277,276,286,470,468,460,459,11,10,638,639,5,499,637,8,666,505,503,98,96,97,107,355,32,33,145,143,144,364,662
421,482,409,410,490,341,320,318,419,317,656,413,447,193,191,190,188,187,185,186,227,250,519,551,521,277,276,286,470,469,460,459,11,638,639,5,499,637,8,666,505,503,98,96,97,107,355,32,33,145,143,144,364,662
421,482,408,406,428,426,427,407,339,314,317,656,413,447,193,191,190,188,187,185,183,518,517,269,747,225,641,220,222,642,219,459,11,638,639,5,499,637,8,666,505,503,98,96,97,109,355,32,33,145,143,144,364,662
421,482,408,406,404,407,339,314,317,656,413,447,193,191,190,188,187,185,183,249,227,250,519,551,224,277,276,286,470,468,460,459,11,638,639,5,499,637,8,666,505,503,98,96,97,107,355,32,33,145,143,144,364,662
421,482,408,424,483,445,402,199,198,200,488,333,252,233,234,507,520,665,717,618,263,265,266,269,747,225,641,220,221,217,218,182,216,613,565,564,581,498,497,499,637,8,666,505,503,98,96,97,109,355,32,33,145,143,144,364,662
421,482,409,406,428,426,340,319,338,339,314,317,656,413,447,193,191,190,188,187,185,183,518,653,250,519,551,521,277,276,286,470,468,177,461,638,639,5,499,637,8,666,505,503,98,96,97,107,355,32,33,145,143,144,364,662
421,482,409,406,428,426,340,319,318,419,317,656,413,447,193,191,190,188,187,185,183,249,653,250,519,551,521,277,276,286,470,468,177,461,638,639,5,499,637,8,666,505,503,98,96,97,107,355,32,33,145,143,144,364,662
421,482,409,406,428,426,340,319,318,419,317,656,413,447,193,191,190,188,187,206,186,227,250,519,551,521,277,276,286,470,468,460,459,11,638,639,5,499,637,8,666,505,503,98,96,97,107,355,32,33,145,143,144,364,662
421,482,409,406,428,426,340,319,338,339,314,317,656,413,447,193,191,190,188,187,206,186,227,250,519,551,521,277,276,286,470,469,460,459,11,638,639,5,499,637,8,666,505,503,98,96,97,109,355,32,33,145,143,144,364,662
421,482,409,410,490,340,319,338,339,314,317,656,413,447,193,192,229,449,189,206,186,227,250,519,551,224,640,222,642,219,459,11,638,639,5,499,637,8,666,505,503,98,96,97,107,355,32,33,145,143,144,364,662
421,482,409,410,490,341,320,318,419,317,656,413,447,193,191,190,188,187,185,183,518,517,519,551,224,640,222,642,469,460,459,11,638,639,5,499,637,8,666,505,503,98,96,97,107,355,32,33,145,143,144,364,662
421,482,409,410,490,340,319,318,419,317,656,413,447,193,192,229,449,189,206,186,227,250,519,551,224,277,276,286,470,469,460,459,11,638,639,5,499,637,8,666,505,503,98,96,97,109,355,32,33,145,143,144,364,662
421,482,409,410,490,341,320,318,316,314,317,656,413,447,193,191,190,188,187,185,183,518,517,269,747,225,641,220,221,217,218,182,216,613,565,639,5,499,637,8,666,505,503,98,96,97,107,355,32,33,145,143,144,364,662
421,482,408,424,484,404,407,339,314,317,656,413,447,193,191,190,449,189,206,186,227,250,519,551,521,277,276,286,287,177,461,638,639,5,499,637,8,666,505,503,98,96,97,107,355,32,33,145,143,144,364,662
421,482,409,410,490,341,320,318,419,317,656,413,447,193,191,190,188,187,185,183,518,653,250,519,551,224,640,222,642,469,460,459,11,638,639,5,499,637,8,666,505,503,98,96,97,109,355,32,33,145,143,144,364,662
421,482,408,406,428,426,427,407,339,314,317,656,413,447,193,191,190,188,187,185,183,518,517,519,551,521,277,276,286,470,469,460,459,11,638,639,5,499,637,8,666,505,503,98,96,97,107,355,362,708,33,145,143,144,364,662
421,482,409,410,426,427,407,339,314,317,656,413,447,193,191,190,188,187,185,183,249,227,250,519,551,521,277,276,286,470,469,460,459,11,638,639,5,499,637,8,666,505,503,98,96,97,107,355,32,33,145,143,144,364,662
421,482,409,410,490,341,320,318,419,317,656,413,447,193,191,190,188,187,185,183,518,517,269,747,225,641,220,222,642,469,460,459,11,638,639,5,499,637,8,666,505,503,98,96,97,107,355,32,33,145,143,144,364,662
421,482,408,406,428,426,340,319,338,339,314,317,656,413,447,193,192,229,449,189,206,186,227,250,519,551,521,277,276,286,470,468,460,459,11,638,639,5,499,637,8,666,505,503,98,96,97,107,356,362,708,33,145,143,144,364,662
421,482,408,406,428,426,427,407,339,314,317,656,413,447,193,191,190,188,187,185,183,518,653,250,519,551,521,277,276,286,470,469,460,459,11,638,639,5,499,637,8,666,505,503,98,96,97,109,355,362,708,33,145,143,144,364,662
421,482,409,410,490,341,319,338,339,314,317,656,413,447,193,191,190,188,189,206,186,227,250,519,551,224,640,222,642,469,460,459,11,638,639,5,499,637,8,666,505,503,98,96,97,107,355,32,33,145,143,144,364,662
421,482,409,406,428,426,427,407,339,314,317,656,413,447,193,191,190,188,189,206,186,227,250,519,551,521,277,276,286,470,468,460,459,11,638,639,5,499,637,8,666,505,503,98,96,97,109,355,32,33,145,143,144,364,662
421,482,409,406,404,407,339,314,317,656,413,447,193,191,190,188,187,185,186,227,250,519,551,521,277,276,286,470,469,460,459,11,638,639,5,499,637,8,666,505,503,98,96,97,107,355,32,33,145,143,144,364,662
421,482,409,410,490,341,319,318,316,314,317,656,413,447,193,191,190,188,187,185,183,518,653,250,519,551,224,277,276,286,470,469,460,459,11,638,639,5,499,637,8,666,505,503,98,96,97,107,355,32,33,145,143,144,364,662
421,482,409,410,490,341,320,318,316,314,317,656,413,447,193,192,229,449,189,206,186,227,250,519,551,224,640,222,642,469,460,459,11,638,639,5,499,637,8,666,505,503,98,96,97,107,355,32,33,145,143,144,364,662
421,482,408,424,484,404,407,339,314,317,656,413,447,193,192,229,449,189,206,186,227,250,519,551,224,640,222,286,470,468,460,459,11,638,639,5,499,637,8,666,505,503,98,96,97,109,355,32,33,145,143,144,364,662
421,482,408,406,428,426,340,319,318,419,317,656,413,447,193,191,190,188,189,206,186,227,250,519,551,224,640,222,642,469,460,459,11,638,639,5,499,637,8,666,505,503,98,96,97,107,355,32,33,145,143,144,364,662
421,482,408,406,428,426,340,319,338,339,314,317,656,413,447,193,191,190,188,187,185,183,518,517,269,747,225,641,220,221,217,218,182,215,613,565,564,5,499,637,8,666,505,503,98,96,97,109,355,32,33,145,143,144,364,662
421,482,409,410,490,340,319,338,339,314,317,656,413,447,193,191,190,188,187,185,183,249,653,250,519,551,224,640,222,286,470,468,460,459,11,638,639,5,499,637,8,666,505,503,98,96,97,107,355,32,33,145,143,144,364,662
421,482,409,406,404,407,339,314,317,656,413,447,193,191,190,188,187,185,183,518,517,519,551,224,640,222,642,469,460,459,11,638,639,5,499,637,8,666,505,503,98,96,97,107,355,32,33,145,143,144,364,662
421,482,408,406,404,407,339,314,317,656,413,447,193,191,190,188,187,185,183,249,653,250,519,551,224,277,276,286,470,468,177,461,638,639,5,499,637,8,666,505,503,98,96,97,107,355,32,33,145,143,144,364,662
421,482,408,406,404,407,339,314,317,656,413,447,193,191,190,188,187,206,186,227,250,519,551,224,277,276,286,470,468,460,459,11,638,639,5,499,637,8,666,505,503,98,96,97,107,355,32,33,145,143,144,364,662
421,482,409,410,426,340,319,338,339,314,317,656,413,447,193,191,190,188,187,185,183,518,653,250,519,551,224,277,276,286,470,468,460,459,11,638,639,5,499,637,8,666,505,503,98,96,97,107,355,32,33,145,143,144,364,662
421,482,409,410,426,340,319,318,419,317,656,413,447,193,191,190,188,187,185,183,249,653,250,519,551,224,277,276,286,470,468,460,459,11,638,639,5,499,637,8,666,505,503,98,96,97,107,355,32,33,145,143,144,364,662
421,482,409,406,404,407,339,314,317,656,413,447,193,191,190,188,187,185,183,518,653,250,519,551,224,640,222,642,469,460,459,11,638,639,5,499,637,8,666,505,503,98,96,97,109,355,32,33,145,143,144,364,662
421,482,409,410,490,340,319,338,339,314,317,656,413,447,193,191,190,449,189,206,186,227,250,519,551,521,277,276,286,470,468,460,459,11,638,639,5,499,637,8,666,505,503,98,96,97,107,355,362,708,33,145,143,144,364,662
421,482,409,406,404,407,339,314,317,656,413,447,193,191,190,188,187,185,183,518,517,269,747,225,641,220,222,642,469,460,459,11,638,639,5,499,637,8,666,505,503,98,96,97,107,355,32,33,145,143,144,364,662
421,482,409,406,428,426,340,319,318,419,317,656,413,447,193,191,190,449,189,206,186,227,250,519,551,521,277,276,286,470,468,177,461,638,639,5,499,637,8,666,505,503,98,96,97,109,355,32,33,145,143,144,364,662
421,482,409,410,426,340,319,338,339,314,317,656,413,447,193,191,190,188,187,185,183,249,653,250,519,551,224,277,276,286,470,469,460,459,11,638,639,5,499,637,8,666,505,503,98,96,97,109,355,32,33,145,143,144,364,662
421,482,408,406,404,407,339,314,317,656,413,447,193,191,190,188,187,185,183,518,517,519,551,224,640,222,642,219,459,11,638,639,5,499,637,8,666,505,503,98,96,97,107,355,32,33,145,143,144,364,662
421,482,409,410,490,341,320,321,411,419,317,656,413,447,193,191,190,188,187,185,183,249,653,250,519,551,224,640,222,642,469,460,459,11,638,639,5,499,637,8,666,505,503,98,96,97,109,355,32,33,145,143,144,364,662
421,482,409,410,426,340,319,338,339,314,317,656,413,447,193,191,190,449,189,206,186,227,250,519,551,224,640,222,286,470,469,460,459,11,638,639,5,499,637,8,666,505,503,98,96,97,107,355,32,33,145,143,144,364,662
421,482,408,406,404,407,339,314,317,656,413,447,193,191,190,188,187,185,183,518,653,250,519,551,521,277,276,286,470,468,469,460,459,11,638,639,5,499,637,8,666,505,503,98,96,97,107,355,32,33,145,143,144,364,662
421,482,408,406,404,407,339,314,317,656,413,447,193,191,190,188,187,185,183,518,653,250,519,551,224,640,222,642,219,459,11,638,639,5,499,637,8,666,505,503,98,96,97,109,355,32,33,145,143,144,364,662
421,482,409,410,490,341,320,318,419,317,656,413,447,193,191,190,188,189,206,186,227,250,519,551,521,277,276,286,470,468,460,459,11,638,639,5,499,637,8,666,505,503,98,96,97,107,355,32,33,145,143,144,364,662
421,482,408,406,404,403,401,199,198,200,488,333,252,233,234,507,520,665,717,618,263,265,266,269,747,225,641,220,221,217,218,182,216,613,565,564,581,498,497,499,637,8,666,505,503,98,96,97,107,355,32,33,145,143,144,364,662
421,482,408,406,404,407,339,314,317,656,413,447,193,191,190,188,187,185,183,518,517,269,747,225,641,220,222,642,219,459,11,638,639,5,499,637,8,666,505,503,98,96,97,107,355,32,33,145,143,144,364,662
421,482,408,406,428,426,427,407,339,314,317,656,413,447,193,191,190,188,187,185,183,518,517,519,551,224,640,222,286,470,469,460,459,11,638,639,5,499,637,8,666,505,503,98,96,97,109,355,32,33,145,143,144,364,662
421,482,409,410,426,427,407,339,314,317,656,413,447,193,191,190,188,187,206,186,227,250,519,551,521,277,276,286,470,469,460,459,11,638,639,5,499,637,8,666,505,503,98,96,97,107,355,32,33,145,143,144,364,662
421,482,408,424,484,404,407,339,314,317,656,413,447,193,191,190,188,187,185,183,249,653,250,519,551,521,277,276,286,470,469,468,460,459,11,638,639,5,499,637,8,666,505,503,98,96,97,107,355,32,33,145,143,144,364,662
421,482,408,406,428,426,427,407,339,314,317,656,413,447,193,191,190,188,187,185,183,518,517,269,747,225,641,220,222,286,470,469,460,459,11,638,639,5,499,637,8,666,505,503,98,96,97,109,355,32,33,145,143,144,364,662
421,482,409,410,490,341,319,338,339,314,317,656,413,447,193,191,190,188,187,185,186,227,250,519,551,224,640,222,642,469,460,459,11,638,639,5,499,637,8,666,505,503,98,96,97,107,355,32,33,145,143,144,364,662
421,482,409,406,428,426,427,407,339,314,317,656,413,447,193,191,190,188,187,185,186,227,250,519,551,521,277,276,286,470,468,460,459,11,638,639,5,499,637,8,666,505,503,98,96,97,109,355,32,33,145,143,144,364,662
421,482,409,410,490,341,319,318,316,314,317,656,413,447,193,191,190,449,189,206,186,227,250,519,551,224,640,222,642,219,459,11,638,639,5,499,637,8,666,505,503,98,96,97,107,355,32,33,145,143,144,364,662
421,482,409,406,428,426,340,319,338,339,314,317,656,413,447,193,191,190,188,187,185,183,249,227,250,519,551,521,277,276,286,470,468,460,459,11,638,639,5,499,637,8,666,505,503,98,96,97,109,355,32,33,145,143,144,364,662
421,482,408,406,428,426,340,319,318,419,317,656,413,447,193,191,190,188,187,185,186,227,250,519,551,224,640,222,642,469,460,459,11,638,639,5,499,637,8,666,505,503,98,96,97,107,355,32,33,145,143,144,364,662
421,482,409,410,490,340,319,338,339,314,317,656,413,447,193,192,229,449,189,206,186,227,250,519,551,224,640,222,286,470,469,460,459,11,638,639,5,499,637,8,666,505,503,98,96,97,107,355,32,33,145,143,144,364,662
421,482,408,406,404,407,339,314,317,656,413,447,193,191,190,188,187,185,183,518,653,250,519,551,521,277,276,286,470,469,460,459,11,638,639,5,499,637,8,666,505,503,98,96,97,107,355,362,708,33,145,143,144,364,662
421,482,409,406,404,407,339,314,317,656,413,447,193,191,190,188,189,206,186,227,250,519,551,521,277,276,286,470,468,460,459,11,638,639,5,499,637,8,666,505,503,98,96,97,107,355,32,33,145,143,144,364,662
421,482,409,410,426,340,319,318,419,317,656,413,447,193,192,229,449,189,206,186,227,250,519,551,224,277,276,286,470,469,460,459,11,638,639,5,499,637,8,666,505,503,98,96,97,107,355,32,33,145,143,144,364,662
421,482,409,410,490,340,319,338,339,314,317,656,413,447,193,191,190,449,189,206,186,227,250,519,551,224,640,222,286,470,468,460,459,11,638,639,5,499,637,8,666,505,503,98,96,97,109,355,32,33,145,143,144,364,662
421,482,408,406,404,407,339,314,317,656,413,447,193,191,190,449,189,206,186,227,250,519,551,224,277,276,286,470,468,177,461,638,639,5,499,637,8,666,505,503,98,96,97,109,355,32,33,145,143,144,364,662
421,482,409,410,426,340,319,318,419,317,656,413,447,193,191,190,449,189,206,186,227,250,519,551,224,277,276,286,470,468,460,459,11,638,639,5,499,637,8,666,505,503,98,96,97,109,355,32,33,145,143,144,364,662
421,482,408,424,483,405,403,401,199,198,200,488,333,252,254,235,236,729,510,305,267,306,266,269,747,225,641,220,221,217,218,182,216,613,565,564,5,499,637,8,666,505,503,98,96,97,107,355,32,33,145,143,144,364,662
421,482,408,424,483,405,403,401,199,198,200,488,333,252,233,235,236,729,510,305,267,306,266,269,747,225,641,220,221,217,218,182,216,613,565,564,5,499,637,8,666,505,503,98,96,97,107,355,32,33,145,143,144,364,662
421,482,409,410,490,341,319,338,339,314,317,656,413,447,193,191,190,188,187,185,183,518,517,269,747,225,641,220,221,217,218,182,215,613,565,564,581,498,497,499,637,8,666,505,503,98,96,97,107,355,32,33,145,143,144,364,662
421,482,409,410,490,341,320,318,419,317,656,413,447,193,191,190,188,187,185,186,227,250,519,551,521,277,276,286,470,468,460,459,11,638,639,5,499,637,8,666,505,503,98,96,97,107,355,32,33,145,143,144,364,662
421,482,408,406,428,426,340,319,318,419,317,656,413,447,193,191,190,188,187,185,183,518,517,269,747,225,641,220,221,217,218,182,215,613,565,564,581,498,497,499,637,8,666,505,503,98,96,97,107,355,32,33,145,143,144,364,662
421,482,409,410,490,341,319,338,339,314,317,656,413,447,193,191,190,188,187,185,183,249,227,250,519,551,224,277,276,286,470,469,460,459,11,638,639,5,499,637,8,666,505,503,98,96,97,107,355,32,33,145,143,144,364,662
