85,582,568,566,215,182,218,217,221,220,641,225,747
85,582,568,566,215,182,218,217,221,220,641,225,223,747
85,582,568,566,215,182,218,217,221,731,742,220,641,225,747
85,582,568,566,567,612,179,180,605,217,221,220,641,225,747
85,87,751,740,582,568,566,215,182,218,217,221,220,641,225,747
85,582,568,566,215,182,216,12,218,217,221,220,641,225,747
85,582,568,566,215,613,216,182,218,217,221,220,641,225,747
85,582,568,566,215,612,179,180,605,217,221,220,641,225,747
85,582,568,566,215,182,179,180,605,217,221,220,641,225,747
85,582,568,566,215,182,218,180,605,217,221,220,641,225,747
85,582,568,566,564,565,613,216,182,218,217,221,220,641,225,747
85,582,568,581,564,565,613,216,182,218,217,221,220,641,225,747
85,582,568,566,567,612,179,180,218,217,221,220,641,225,747
85,582,568,566,567,612,179,182,218,217,221,220,641,225,747
85,582,568,566,567,612,215,182,218,217,221,220,641,225,747
85,582,568,566,215,182,218,217,221,642,222,220,641,225,747
85,582,568,566,215,182,218,217,219,642,222,220,641,225,747
85,582,568,566,215,182,218,217,219,642,221,220,641,225,747
85,582,568,566,564,565,613,215,182,218,217,221,220,641,225,747
85,582,568,566,564,565,10,12,218,217,221,220,641,225,747
85,582,568,566,215,612,179,180,218,217,221,220,641,225,747
85,582,568,566,215,612,179,182,218,217,221,220,641,225,747
85,582,568,566,215,182,179,180,218,217,221,220,641,225,747
85,582,740,395,580,568,566,215,182,218,217,221,220,641,225,747
85,22,497,498,581,564,565,613,216,182,218,217,221,220,641,225,747
85,582,568,581,564,565,613,215,182,218,217,221,220,641,225,747
85,582,568,581,564,565,10,12,218,217,221,220,641,225,747
85,582,497,498,581,564,565,613,216,182,218,217,221,220,641,225,747
85,582,568,566,215,613,565,10,12,218,217,221,220,641,225,747
85,582,568,581,564,566,215,182,218,217,221,220,641,225,747
85,582,568,566,215,182,216,12,10,11,459,460,469,642,222,220,641,225,747
85,582,568,566,215,182,216,12,10,11,459,460,469,642,221,220,641,225,747
85,582,568,566,564,565,10,11,459,460,469,642,222,220,641,225,747
85,582,568,566,564,565,10,11,459,460,469,642,221,220,641,225,747
85,582,568,566,215,182,218,217,221,642,222,640,641,225,747
85,582,568,566,215,182,218,217,221,220,222,640,641,225,747
85,582,568,566,215,182,218,217,219,642,222,640,641,225,747
85,582,568,566,215,182,216,12,10,11,459,219,642,222,220,641,225,747
85,582,568,566,215,182,216,12,10,11,459,460,469,470,286,222,220,641,225,747
85,582,568,566,215,182,216,12,10,11,459,219,642,221,220,641,225,747
85,582,568,566,215,182,216,12,10,11,459,460,468,470,286,222,220,641,225,747
85,582,568,566,215,182,216,12,10,11,459,219,217,221,220,641,225,747
85,582,568,566,564,565,10,11,459,219,642,222,220,641,225,747
85,582,568,566,564,565,10,11,459,460,469,470,286,222,220,641,225,747
85,582,568,566,564,565,10,11,459,219,642,221,220,641,225,747
85,582,568,566,564,565,10,11,459,460,468,470,286,222,220,641,225,747
85,582,568,566,564,565,10,11,459,219,217,221,220,641,225,747
85,87,751,740,395,580,568,566,215,182,218,217,221,220,641,225,747
85,22,497,498,581,564,565,613,215,182,218,217,221,220,641,225,747
85,582,568,581,564,565,10,11,459,460,469,642,222,220,641,225,747
85,582,568,581,564,565,10,11,459,460,469,642,221,220,641,225,747
85,582,568,566,215,613,565,10,11,459,460,469,642,222,220,641,225,747
85,582,568,566,215,613,216,12,218,217,221,220,641,225,747
85,22,497,498,581,564,565,10,12,218,217,221,220,641,225,747
85,582,568,566,215,613,565,10,11,459,460,469,642,221,220,641,225,747
85,582,497,498,581,564,565,613,215,182,218,217,221,220,641,225,747
85,22,497,498,581,564,566,215,182,218,217,221,220,641,225,747
85,582,497,498,581,564,565,10,12,218,217,221,220,641,225,747
85,582,568,566,564,565,10,12,216,182,218,217,221,220,641,225,747
85,582,568,581,564,565,10,11,459,219,642,222,220,641,225,747
85,582,568,581,564,565,10,11,459,460,469,470,286,222,220,641,225,747
85,582,568,581,564,565,10,11,459,219,642,221,220,641,225,747
85,582,568,566,215,182,216,12,10,11,459,460,468,469,642,222,220,641,225,747
85,582,568,581,564,565,10,11,459,460,468,470,286,222,220,641,225,747
85,582,568,581,564,565,10,11,459,219,217,221,220,641,225,747
85,582,568,566,215,182,216,12,10,11,459,460,468,469,642,221,220,641,225,747
85,582,568,566,215,613,565,10,11,459,219,642,222,220,641,225,747
85,582,568,566,215,613,565,10,11,459,460,469,470,286,222,220,641,225,747
85,582,568,566,564,565,10,11,459,460,468,469,642,222,220,641,225,747
85,582,568,566,215,613,565,10,11,459,219,642,221,220,641,225,747
85,582,497,498,581,564,566,215,182,218,217,221,220,641,225,747
85,582,568,566,215,613,565,10,11,459,460,468,470,286,222,220,641,225,747
85,582,568,566,564,565,10,11,459,460,468,469,642,221,220,641,225,747
85,582,568,566,215,613,565,10,11,459,219,217,221,220,641,225,747
85,22,497,498,581,568,566,215,182,218,217,221,220,641,225,747
85,582,497,498,581,568,566,215,182,218,217,221,220,641,225,747
85,582,568,566,215,182,216,613,565,10,12,218,217,221,220,641,225,747
85,582,568,566,564,565,613,216,12,218,217,221,220,641,225,747
85,582,568,581,5,564,565,613,216,182,218,217,221,220,641,225,747
85,582,568,566,215,182,216,12,10,11,459,460,469,468,470,286,222,220,641,225,747
85,22,497,498,5,564,565,613,216,182,218,217,221,220,641,225,747
85,582,568,566,564,565,10,11,459,460,469,468,470,286,222,220,641,225,747
85,582,568,566,215,182,218,12,10,11,459,460,469,642,222,220,641,225,747
85,582,568,566,215,182,216,12,10,11,459,460,468,469,470,286,222,220,641,225,747
85,582,568,566,215,182,218,12,10,11,459,460,469,642,221,220,641,225,747
85,582,568,566,564,565,10,11,459,460,468,469,470,286,222,220,641,225,747
85,582,568,581,564,565,10,12,216,182,218,217,221,220,641,225,747
85,582,568,566,215,182,218,217,221,642,469,470,286,222,220,641,225,747
85,582,568,566,215,613,565,10,12,216,182,218,217,221,220,641,225,747
85,582,568,581,564,565,10,11,459,460,468,469,642,222,220,641,225,747
85,582,568,566,215,182,218,217,219,642,469,470,286,222,220,641,225,747
85,582,568,581,564,565,10,11,459,460,468,469,642,221,220,641,225,747
85,582,497,498,5,564,565,613,216,182,218,217,221,220,641,225,747
85,582,568,566,215,182,218,217,219,459,460,469,642,222,220,641,225,747
85,582,568,566,215,613,565,10,11,459,460,468,469,642,222,220,641,225,747
85,582,568,566,215,182,218,217,219,459,460,469,642,221,220,641,225,747
85,582,568,566,215,613,565,10,11,459,460,468,469,642,221,220,641,225,747
85,582,568,566,215,182,218,217,221,731,742,220,641,225,223,747
85,22,497,582,568,566,215,182,218,217,221,220,641,225,747
85,22,497,498,581,564,565,10,11,459,460,469,642,222,220,641,225,747
85,22,497,498,581,564,565,10,11,459,460,469,642,221,220,641,225,747
85,582,568,566,215,182,218,12,10,11,459,219,642,222,220,641,225,747
85,582,568,566,215,182,218,12,10,11,459,460,469,470,286,222,220,641,225,747
85,582,568,566,215,182,218,12,10,11,459,219,642,221,220,641,225,747
85,582,568,566,215,182,218,12,10,11,459,460,468,470,286,222,220,641,225,747
85,582,568,566,215,182,218,12,10,11,459,219,217,221,220,641,225,747
85,582,568,581,564,565,613,216,12,218,217,221,220,641,225,747
85,87,751,635,394,301,570,569,495,181,457,456,284,282,750,268,266,269,747
85,582,568,581,5,639,565,613,216,182,218,217,221,220,641,225,747
85,582,497,498,581,564,565,10,11,459,460,469,642,222,220,641,225,747
85,582,568,581,564,565,10,11,459,460,469,468,470,286,222,220,641,225,747
85,22,497,498,5,639,565,613,216,182,218,217,221,220,641,225,747
85,582,497,498,581,564,565,10,11,459,460,469,642,221,220,641,225,747
85,582,568,566,215,182,216,12,10,11,459,460,469,642,222,640,641,225,747
85,582,568,566,215,613,565,10,11,459,460,469,468,470,286,222,220,641,225,747
85,582,568,581,564,565,10,11,459,460,468,469,470,286,222,220,641,225,747
85,582,568,566,564,565,10,11,459,460,469,642,222,640,641,225,747
85,582,568,566,215,182,218,217,219,459,460,469,470,286,222,220,641,225,747
85,582,568,566,215,613,565,10,11,459,460,468,469,470,286,222,220,641,225,747
85,582,568,566,215,182,218,217,219,459,460,468,470,286,222,220,641,225,747
85,22,497,498,581,564,565,10,11,459,219,642,222,220,641,225,747
85,22,497,498,581,564,565,10,11,459,460,469,470,286,222,220,641,225,747
85,22,497,498,581,564,565,10,11,459,219,642,221,220,641,225,747
85,22,497,498,581,564,565,10,11,459,460,468,470,286,222,220,641,225,747
85,22,497,498,581,564,565,10,11,459,219,217,221,220,641,225,747
85,582,497,498,5,639,565,613,216,182,218,217,221,220,641,225,747
85,582,568,581,5,639,638,11,459,460,469,642,222,220,641,225,747
85,582,568,581,5,639,638,11,459,460,469,642,221,220,641,225,747
85,22,497,498,5,639,638,11,459,460,469,642,222,220,641,225,747
85,22,497,498,5,639,638,11,459,460,469,642,221,220,641,225,747
85,582,497,498,581,564,565,10,11,459,219,642,222,220,641,225,747
85,582,497,498,581,564,565,10,11,459,460,469,470,286,222,220,641,225,747
85,582,497,498,581,564,565,10,11,459,219,642,221,220,641,225,747
85,582,497,498,581,564,565,10,11,459,460,468,470,286,222,220,641,225,747
85,582,568,566,215,182,216,12,10,11,459,219,642,222,640,641,225,747
85,582,497,498,581,564,565,10,11,459,219,217,221,220,641,225,747
85,582,568,566,215,182,216,12,10,11,459,460,469,470,286,222,640,641,225,747
85,582,568,566,215,182,216,613,565,10,11,459,460,469,642,222,220,641,225,747
85,582,568,566,215,182,216,12,10,11,459,460,468,470,286,222,640,641,225,747
85,582,568,566,564,565,10,11,459,219,642,222,640,641,225,747
85,582,568,566,215,182,216,613,565,10,11,459,460,469,642,221,220,641,225,747
85,582,568,566,564,565,10,11,459,460,469,470,286,222,640,641,225,747
85,582,568,566,215,182,218,12,10,11,459,460,468,469,642,222,220,641,225,747
85,582,568,566,567,612,179,180,605,217,221,220,641,225,223,747
85,582,568,566,564,565,10,11,459,460,468,470,286,222,640,641,225,747
85,582,568,566,215,182,218,12,10,11,459,460,468,469,642,221,220,641,225,747
85,22,497,498,581,5,564,565,613,216,182,218,217,221,220,641,225,747
85,582,497,498,5,639,638,11,459,460,469,642,222,220,641,225,747
85,582,568,566,215,182,218,217,221,642,469,468,470,286,222,220,641,225,747
85,582,497,498,5,639,638,11,459,460,469,642,221,220,641,225,747
85,582,568,581,5,639,638,10,12,218,217,221,220,641,225,747
85,582,568,581,564,565,10,11,459,460,469,642,222,640,641,225,747
85,582,568,566,215,182,218,217,219,642,469,468,470,286,222,220,641,225,747
85,87,751,740,582,568,566,215,182,218,217,221,220,641,225,223,747
85,582,568,581,5,564,565,613,215,182,218,217,221,220,641,225,747
85,582,568,566,215,613,565,10,11,459,460,469,642,222,640,641,225,747
85,22,497,498,5,639,638,10,12,218,217,221,220,641,225,747
85,582,568,566,215,182,216,12,10,638,11,459,460,469,642,222,220,641,225,747
85,582,568,581,5,639,638,11,459,219,642,222,220,641,225,747
85,22,497,498,5,564,565,613,215,182,218,217,221,220,641,225,747
85,582,568,566,215,182,218,217,219,459,460,468,469,642,222,220,641,225,747
85,582,568,581,5,639,638,11,459,460,469,470,286,222,220,641,225,747
85,582,568,566,215,182,216,12,10,638,11,459,460,469,642,221,220,641,225,747
85,582,568,581,5,639,638,11,459,219,642,221,220,641,225,747
85,22,497,498,581,564,565,10,12,216,182,218,217,221,220,641,225,747
85,582,568,581,5,639,638,11,459,460,468,470,286,222,220,641,225,747
85,582,568,566,215,182,218,217,219,459,460,468,469,642,221,220,641,225,747
85,582,568,566,564,565,10,638,11,459,460,469,642,222,220,641,225,747
85,582,568,581,5,639,638,11,459,219,217,221,220,641,225,747
85,582,568,566,564,565,10,638,11,459,460,469,642,221,220,641,225,747
85,22,497,498,5,639,638,11,459,219,642,222,220,641,225,747
85,582,568,581,5,564,565,10,12,218,217,221,220,641,225,747
85,22,497,498,5,639,638,11,459,460,469,470,286,222,220,641,225,747
85,582,497,498,581,5,564,565,613,216,182,218,217,221,220,641,225,747
85,22,497,498,5,639,638,11,459,219,642,221,220,641,225,747
85,22,497,498,5,639,638,11,459,460,468,470,286,222,220,641,225,747
85,22,497,498,5,639,638,11,459,219,217,221,220,641,225,747
85,22,497,498,581,564,565,10,11,459,460,468,469,642,222,220,641,225,747
85,22,497,499,5,564,565,613,216,182,218,217,221,220,641,225,747
85,22,497,498,5,564,565,10,12,218,217,221,220,641,225,747
85,22,497,498,581,564,565,10,11,459,460,468,469,642,221,220,641,225,747
85,582,568,566,215,182,216,12,218,217,221,220,641,225,223,747
85,582,568,566,215,182,218,12,10,11,459,460,469,468,470,286,222,220,641,225,747
85,582,568,566,215,182,216,613,565,10,11,459,219,642,222,220,641,225,747
85,582,568,566,215,182,216,613,565,10,11,459,460,469,470,286,222,220,641,225,747
85,582,568,566,215,182,216,613,565,10,11,459,219,642,221,220,641,225,747
85,582,568,566,215,182,216,613,565,10,11,459,460,468,470,286,222,220,641,225,747
85,582,497,498,5,639,638,10,12,218,217,221,220,641,225,747
85,582,568,566,215,182,216,613,565,10,11,459,219,217,221,220,641,225,747
85,582,568,566,215,182,218,12,10,11,459,460,468,469,470,286,222,220,641,225,747
85,582,497,498,5,564,565,613,215,182,218,217,221,220,641,225,747
85,582,497,498,581,564,565,10,12,216,182,218,217,221,220,641,225,747
85,582,568,581,5,564,566,215,182,218,217,221,220,641,225,747
85,22,497,498,5,581,564,565,613,216,182,218,217,221,220,641,225,747
85,582,497,498,5,639,638,11,459,219,642,222,220,641,225,747
85,582,497,498,5,639,638,11,459,460,469,470,286,222,220,641,225,747
85,582,497,498,5,639,638,11,459,219,642,221,220,641,225,747
85,582,497,498,5,639,638,11,459,460,468,470,286,222,220,641,225,747
85,22,497,498,5,564,566,215,182,218,217,221,220,641,225,747
85,582,497,498,5,639,638,11,459,219,217,221,220,641,225,747
85,582,497,498,581,564,565,10,11,459,460,468,469,642,222,220,641,225,747
85,582,497,499,5,564,565,613,216,182,218,217,221,220,641,225,747
85,582,568,581,564,565,10,11,459,219,642,222,640,641,225,747
85,22,636,637,499,5,564,565,613,216,182,218,217,221,220,641,225,747
85,582,497,498,5,564,565,10,12,218,217,221,220,641,225,747
85,582,568,581,564,565,10,11,459,460,469,470,286,222,640,641,225,747
85,582,497,498,581,564,565,10,11,459,460,468,469,642,221,220,641,225,747
85,582,568,566,215,182,216,12,10,11,459,460,468,469,642,222,640,641,225,747
85,582,568,581,564,565,10,11,459,460,468,470,286,222,640,641,225,747
85,22,636,637,499,497,498,581,564,565,613,216,182,218,217,221,220,641,225,747
85,582,568,566,215,613,216,182,218,217,221,220,641,225,223,747
85,582,568,566,215,182,218,217,219,459,460,469,468,470,286,222,220,641,225,747
85,22,497,498,581,564,565,613,216,12,218,217,221,220,641,225,747
85,582,568,566,215,613,565,10,11,459,219,642,222,640,641,225,747
85,582,568,566,215,182,218,217,221,220,641,640,224,223,747
85,582,568,566,564,565,639,638,11,459,460,469,642,222,220,641,225,747
85,582,568,566,215,613,565,10,11,459,460,469,470,286,222,640,641,225,747
85,582,568,566,564,565,10,11,459,460,468,469,642,222,640,641,225,747
85,582,568,566,215,182,216,12,10,638,11,459,219,642,222,220,641,225,747
85,582,568,566,215,613,565,10,11,459,460,468,470,286,222,640,641,225,747
85,582,568,566,564,565,639,638,11,459,460,469,642,221,220,641,225,747
85,582,568,566,215,182,216,12,10,638,11,459,460,469,470,286,222,220,641,225,747
85,22,497,498,581,5,639,565,613,216,182,218,217,221,220,641,225,747
85,582,568,566,215,182,216,12,10,638,11,459,219,642,221,220,641,225,747
85,582,568,566,215,182,218,217,219,459,460,468,469,470,286,222,220,641,225,747
85,582,568,566,215,182,216,12,10,638,11,459,460,468,470,286,222,220,641,225,747
85,582,568,566,215,182,216,12,10,638,11,459,219,217,221,220,641,225,747
85,582,568,566,564,565,10,638,11,459,219,642,222,220,641,225,747
85,582,568,566,564,565,10,638,11,459,460,469,470,286,222,220,641,225,747
85,582,568,566,564,565,10,638,11,459,219,642,221,220,641,225,747
85,582,568,566,564,565,10,638,11,459,460,468,470,286,222,220,641,225,747
85,22,497,498,581,564,565,10,11,459,460,469,468,470,286,222,220,641,225,747
85,582,568,566,564,565,10,638,11,459,219,217,221,220,641,225,747
85,582,497,498,5,581,564,565,613,216,182,218,217,221,220,641,225,747
85,22,497,498,581,564,565,10,11,459,460,468,469,470,286,222,220,641,225,747
85,582,568,581,5,639,565,613,215,182,218,217,221,220,641,225,747
85,582,497,498,5,564,566,215,182,218,217,221,220,641,225,747
85,22,497,498,5,639,565,613,215,182,218,217,221,220,641,225,747
85,582,568,581,564,565,10,638,11,459,460,469,642,222,220,641,225,747
85,582,497,498,581,564,565,613,216,12,218,217,221,220,641,225,747
85,582,568,581,564,565,10,638,11,459,460,469,642,221,220,641,225,747
85,582,568,581,5,639,638,11,459,460,468,469,642,222,220,641,225,747
85,582,568,581,5,639,565,10,12,218,217,221,220,641,225,747
85,582,568,566,215,612,179,180,605,217,221,220,641,225,223,747
85,582,568,581,5,639,638,11,459,460,468,469,642,221,220,641,225,747
85,582,568,566,215,613,565,10,638,11,459,460,469,642,222,220,641,225,747
85,582,497,498,581,5,639,565,613,216,182,218,217,221,220,641,225,747
85,582,568,566,215,613,565,10,638,11,459,460,469,642,221,220,641,225,747
85,22,497,498,5,639,638,11,459,460,468,469,642,222,220,641,225,747
85,582,568,566,215,182,216,12,10,11,459,460,468,177,287,286,222,220,641,225,747
85,22,497,499,5,639,565,613,216,182,218,217,221,220,641,225,747
85,22,497,498,5,639,565,10,12,218,217,221,220,641,225,747
85,22,497,498,5,639,638,11,459,460,468,469,642,221,220,641,225,747
85,582,497,498,581,564,565,10,11,459,460,469,468,470,286,222,220,641,225,747
85,582,568,566,215,182,179,180,605,217,221,220,641,225,223,747
85,582,568,566,215,182,218,180,605,217,221,220,641,225,223,747
85,582,568,581,5,639,638,461,177,468,470,286,222,220,641,225,747
85,582,568,566,564,565,639,638,10,12,218,217,221,220,641,225,747
85,582,568,566,564,565,10,11,459,460,468,177,287,286,222,220,641,225,747
85,582,568,566,215,182,216,12,10,11,459,460,469,468,470,286,222,640,641,225,747
85,582,568,566,215,182,216,12,10,11,459,461,177,468,470,286,222,220,641,225,747
85,582,497,498,581,564,565,10,11,459,460,468,469,470,286,222,220,641,225,747
85,22,497,498,581,5,639,638,11,459,460,469,642,222,220,641,225,747
85,22,497,498,5,639,638,461,177,468,470,286,222,220,641,225,747
85,582,568,566,564,565,10,11,459,460,469,468,470,286,222,640,641,225,747
85,582,568,566,215,182,218,217,605,458,712,713,731,221,220,641,225,747
85,582,568,566,564,565,10,11,459,461,177,468,470,286,222,220,641,225,747
85,582,568,566,215,182,218,12,10,11,459,460,469,642,222,640,641,225,747
85,22,497,498,581,5,639,638,11,459,460,469,642,221,220,641,225,747
85,582,568,566,215,182,216,12,10,11,459,460,468,469,470,286,222,640,641,225,747
85,582,568,566,215,182,216,613,565,10,11,459,460,468,469,642,222,220,641,225,747
85,582,568,566,564,565,639,638,11,459,219,642,222,220,641,225,747
85,582,497,498,5,639,565,613,215,182,218,217,221,220,641,225,747
85,582,568,566,215,182,216,613,565,10,11,459,460,468,469,642,221,220,641,225,747
85,582,568,566,564,565,639,638,11,459,460,469,470,286,222,220,641,225,747
85,582,568,566,564,565,10,11,459,460,468,469,470,286,222,640,641,225,747
85,582,568,566,564,565,639,638,11,459,219,642,221,220,641,225,747
85,582,568,566,564,565,639,638,11,459,460,468,470,286,222,220,641,225,747
85,582,568,566,564,565,639,638,11,459,219,217,221,220,641,225,747
85,582,568,566,564,5,639,565,613,216,182,218,217,221,220,641,225,747
85,582,568,566,215,182,218,217,605,458,712,713,731,742,220,641,225,747
85,582,497,498,5,639,638,11,459,460,468,469,642,222,220,641,225,747
85,582,497,499,5,639,565,613,216,182,218,217,221,220,641,225,747
85,22,636,637,499,5,639,565,613,216,182,218,217,221,220,641,225,747
85,582,497,498,5,639,565,10,12,218,217,221,220,641,225,747
85,582,497,498,5,639,638,11,459,460,468,469,642,221,220,641,225,747
85,582,568,566,215,182,218,217,221,642,469,470,286,222,640,641,225,747
85,582,568,581,5,639,638,461,459,460,469,642,222,220,641,225,747
85,582,568,581,564,565,639,638,11,459,460,469,642,222,220,641,225,747
85,582,568,581,564,565,10,11,459,460,468,469,642,222,640,641,225,747
85,582,568,581,5,639,638,461,459,460,469,642,221,220,641,225,747
85,582,568,581,564,565,639,638,11,459,460,469,642,221,220,641,225,747
85,582,568,566,215,182,218,217,219,642,469,470,286,222,640,641,225,747
85,582,497,498,581,5,639,638,11,459,460,469,642,222,220,641,225,747
85,582,497,498,5,639,638,461,177,468,470,286,222,220,641,225,747
85,582,568,581,5,639,638,11,459,460,469,468,470,286,222,220,641,225,747
85,582,568,566,215,182,218,217,219,459,460,469,642,222,640,641,225,747
85,582,568,566,215,613,565,639,638,11,459,460,469,642,222,220,641,225,747
85,582,497,498,581,5,639,638,11,459,460,469,642,221,220,641,225,747
85,22,497,498,5,639,638,461,459,460,469,642,222,220,641,225,747
85,582,568,566,215,613,565,10,11,459,460,468,469,642,222,640,641,225,747
85,582,568,581,564,565,10,638,11,459,219,642,222,220,641,225,747
85,582,568,581,564,565,10,638,11,459,460,469,470,286,222,220,641,225,747
85,22,497,499,5,639,638,11,459,460,469,642,222,220,641,225,747
85,582,568,566,215,613,565,639,638,11,459,460,469,642,221,220,641,225,747
85,22,497,498,5,639,638,461,459,460,469,642,221,220,641,225,747
85,582,568,581,564,565,10,638,11,459,219,642,221,220,641,225,747
85,582,568,566,215,182,216,12,10,638,11,459,460,468,469,642,222,220,641,225,747
85,582,568,581,5,639,638,10,11,459,460,469,642,222,220,641,225,747
85,582,568,581,564,565,10,638,11,459,460,468,470,286,222,220,641,225,747
85,22,497,499,5,639,638,11,459,460,469,642,221,220,641,225,747
85,582,568,581,5,639,638,11,459,460,468,469,470,286,222,220,641,225,747
85,582,568,581,564,565,10,638,11,459,219,217,221,220,641,225,747
85,22,497,498,5,639,638,11,459,460,469,468,470,286,222,220,641,225,747
85,582,568,566,215,182,216,12,10,638,11,459,460,468,469,642,221,220,641,225,747
85,582,568,581,5,639,638,10,11,459,460,469,642,221,220,641,225,747
85,582,568,566,215,182,216,12,10,11,459,219,642,469,470,286,222,220,641,225,747
85,582,568,566,215,613,565,10,638,11,459,219,642,222,220,641,225,747
85,582,568,566,564,565,613,216,182,218,217,221,220,641,225,223,747
85,582,568,566,215,613,565,10,638,11,459,460,469,470,286,222,220,641,225,747
85,582,568,566,564,565,10,638,11,459,460,468,469,642,222,220,641,225,747
85,582,568,566,215,613,565,10,638,11,459,219,642,221,220,641,225,747
85,582,568,566,215,613,565,10,638,11,459,460,468,470,286,222,220,641,225,747
85,22,497,498,5,639,638,10,11,459,460,469,642,222,220,641,225,747
85,582,568,566,564,565,10,638,11,459,460,468,469,642,221,220,641,225,747
85,22,497,498,581,5,639,638,10,12,218,217,221,220,641,225,747
85,582,568,566,215,613,565,10,638,11,459,219,217,221,220,641,225,747
85,582,568,566,564,565,10,11,459,219,642,469,470,286,222,220,641,225,747
85,22,497,498,581,564,565,10,11,459,460,469,642,222,640,641,225,747
85,22,497,498,5,639,638,11,459,460,468,469,470,286,222,220,641,225,747
85,22,497,498,5,639,638,10,11,459,460,469,642,221,220,641,225,747
85,582,568,566,215,182,216,12,10,638,461,177,468,470,286,222,220,641,225,747
85,22,497,498,581,5,564,565,613,215,182,218,217,221,220,641,225,747
85,582,568,566,567,612,179,180,605,458,712,713,731,221,220,641,225,747
85,582,568,566,564,565,10,638,461,177,468,470,286,222,220,641,225,747
85,582,568,566,215,182,216,613,565,10,11,459,460,469,468,470,286,222,220,641,225,747
85,582,568,581,5,564,565,10,11,459,460,469,642,222,220,641,225,747
85,22,497,498,581,5,639,638,11,459,219,642,222,220,641,225,747
85,22,497,498,581,5,639,638,11,459,460,469,470,286,222,220,641,225,747
85,582,568,566,564,5,639,638,11,459,460,469,642,222,220,641,225,747
85,582,568,566,215,182,218,12,10,11,459,219,642,222,640,641,225,747
85,582,568,581,5,564,565,10,11,459,460,469,642,221,220,641,225,747
85,22,497,498,581,5,639,638,11,459,219,642,221,220,641,225,747
85,22,497,498,581,5,639,638,11,459,460,468,470,286,222,220,641,225,747
85,582,568,566,215,182,218,12,10,11,459,460,469,470,286,222,640,641,225,747
85,582,568,566,564,5,639,638,11,459,460,469,642,221,220,641,225,747
85,22,497,498,581,5,639,638,11,459,219,217,221,220,641,225,747
85,582,568,566,215,182,216,613,565,10,11,459,460,468,469,470,286,222,220,641,225,747
85,582,568,581,5,639,638,461,177,287,286,222,220,641,225,747
85,582,568,566,215,182,218,12,10,11,459,460,468,470,286,222,640,641,225,747
85,22,497,498,5,564,565,10,11,459,460,469,642,222,220,641,225,747
85,582,497,498,5,639,638,461,459,460,469,642,222,220,641,225,747
85,22,497,498,581,5,564,565,10,12,218,217,221,220,641,225,747
85,582,568,566,567,612,179,180,605,458,712,713,731,742,220,641,225,747
85,582,568,566,215,182,216,12,10,11,459,461,177,287,286,222,220,641,225,747
85,582,497,499,5,639,638,11,459,460,469,642,222,220,641,225,747
85,22,497,498,5,564,565,10,11,459,460,469,642,221,220,641,225,747
85,582,497,498,5,639,638,461,459,460,469,642,221,220,641,225,747
85,22,636,637,499,5,639,638,11,459,460,469,642,222,220,641,225,747
85,582,497,499,5,639,638,11,459,460,469,642,221,220,641,225,747
85,22,497,498,5,639,638,461,177,287,286,222,220,641,225,747
85,22,636,637,499,5,639,638,11,459,460,469,642,221,220,641,225,747
85,582,497,498,5,639,638,11,459,460,469,468,470,286,222,220,641,225,747
85,582,568,566,564,565,10,11,459,461,177,287,286,222,220,641,225,747
85,582,568,581,564,565,639,638,10,12,218,217,221,220,641,225,747
85,582,568,581,564,565,10,11,459,460,468,177,287,286,222,220,641,225,747
85,582,568,581,5,639,638,461,177,468,469,642,222,220,641,225,747
85,582,497,498,5,639,638,10,11,459,460,469,642,222,220,641,225,747
85,582,497,498,581,5,639,638,10,12,218,217,221,220,641,225,747
85,582,497,498,581,564,565,10,11,459,460,469,642,222,640,641,225,747
85,582,497,498,5,639,638,11,459,460,468,469,470,286,222,220,641,225,747
85,582,568,566,215,613,216,12,10,11,459,460,469,642,222,220,641,225,747
85,582,568,581,5,639,638,461,177,468,469,642,221,220,641,225,747
85,582,568,581,564,565,10,11,459,460,469,468,470,286,222,640,641,225,747
85,582,497,498,5,639,638,10,11,459,460,469,642,221,220,641,225,747
85,582,568,566,215,182,216,12,10,11,459,461,177,468,469,642,222,220,641,225,747
85,582,568,566,215,613,565,639,638,10,12,218,217,221,220,641,225,747
85,582,568,566,215,613,565,10,11,459,460,468,177,287,286,222,220,641,225,747
85,582,568,581,564,565,10,11,459,461,177,468,470,286,222,220,641,225,747
85,582,568,566,215,613,216,12,10,11,459,460,469,642,221,220,641,225,747
85,582,497,498,581,5,564,565,613,215,182,218,217,221,220,641,225,747
85,22,497,499,5,639,638,10,12,218,217,221,220,641,225,747
85,582,568,566,215,182,216,12,10,11,459,461,177,468,469,642,221,220,641,225,747
85,582,568,566,215,182,216,12,10,638,461,459,460,469,642,222,220,641,225,747
85,582,568,581,5,639,638,461,459,219,642,222,220,641,225,747
85,22,497,498,5,639,638,461,177,468,469,642,222,220,641,225,747
85,582,568,581,564,565,639,638,11,459,219,642,222,220,641,225,747
85,582,568,581,5,639,638,461,459,460,469,470,286,222,220,641,225,747
85,582,568,566,564,565,10,11,459,461,177,468,469,642,222,220,641,225,747
85,582,568,581,564,565,639,638,11,459,460,469,470,286,222,220,641,225,747
85,582,568,566,215,182,216,12,10,638,461,459,460,469,642,221,220,641,225,747
85,582,568,566,215,613,565,10,11,459,460,469,468,470,286,222,640,641,225,747
85,582,568,581,564,565,10,11,459,460,468,469,470,286,222,640,641,225,747
85,582,568,581,5,639,638,461,459,219,642,221,220,641,225,747
85,22,497,498,5,639,638,461,177,468,469,642,221,220,641,225,747
85,22,497,499,5,564,565,613,215,182,218,217,221,220,641,225,747
85,582,568,566,215,613,565,10,11,459,461,177,468,470,286,222,220,641,225,747
85,582,568,581,564,565,639,638,11,459,219,642,221,220,641,225,747
85,582,568,581,5,639,638,461,459,460,468,470,286,222,220,641,225,747
85,582,568,581,564,565,639,638,11,459,460,468,470,286,222,220,641,225,747
85,582,568,566,564,565,10,11,459,461,177,468,469,642,221,220,641,225,747
85,582,497,498,581,5,639,638,11,459,219,642,222,220,641,225,747
85,582,568,566,564,565,10,638,461,459,460,469,642,222,220,641,225,747
85,582,568,581,5,639,638,461,459,219,217,221,220,641,225,747
85,582,568,566,215,182,216,12,10,638,11,459,460,469,468,470,286,222,220,641,225,747
85,582,568,581,564,565,639,638,11,459,219,217,221,220,641,225,747
85,582,497,498,581,5,639,638,11,459,460,469,470,286,222,220,641,225,747
85,582,568,581,564,5,639,565,613,216,182,218,217,221,220,641,225,747
85,582,568,581,5,639,638,11,10,12,218,217,221,220,641,225,747
85,582,568,566,215,613,565,639,638,11,459,219,642,222,220,641,225,747
85,582,497,498,581,5,639,638,11,459,219,642,221,220,641,225,747
85,582,568,566,564,565,10,638,461,459,460,469,642,221,220,641,225,747
85,22,497,498,5,639,638,461,459,219,642,222,220,641,225,747
85,582,497,498,581,5,639,638,11,459,460,468,470,286,222,220,641,225,747
85,582,568,566,215,182,218,217,219,459,460,469,470,286,222,640,641,225,747
85,582,568,566,215,613,565,639,638,11,459,460,469,470,286,222,220,641,225,747
85,582,568,566,564,565,639,638,11,459,460,468,469,642,222,220,641,225,747
85,22,497,498,5,639,638,461,459,460,469,470,286,222,220,641,225,747
85,582,568,566,215,613,565,10,11,459,460,468,469,470,286,222,640,641,225,747
85,22,497,498,581,5,564,566,215,182,218,217,221,220,641,225,747
85,582,497,498,581,5,639,638,11,459,219,217,221,220,641,225,747
85,22,497,499,5,639,638,11,459,219,642,222,220,641,225,747
85,582,568,566,215,613,565,639,638,11,459,219,642,221,220,641,225,747
85,582,568,566,215,182,218,217,219,459,460,468,470,286,222,640,641,225,747
85,22,497,498,5,639,638,461,459,219,642,221,220,641,225,747
85,582,568,566,215,613,565,639,638,11,459,460,468,470,286,222,220,641,225,747
85,582,568,566,564,565,10,638,11,459,460,469,468,470,286,222,220,641,225,747
85,22,497,498,5,639,638,461,459,460,468,470,286,222,220,641,225,747
85,22,497,499,5,639,638,11,459,460,469,470,286,222,220,641,225,747
85,582,568,581,5,639,638,10,11,459,219,642,222,220,641,225,747
85,582,568,566,564,565,639,638,11,459,460,468,469,642,221,220,641,225,747
85,582,568,566,215,182,218,12,10,638,11,459,460,469,642,222,220,641,225,747
85,582,497,498,5,564,565,10,11,459,460,469,642,222,220,641,225,747
85,582,568,566,215,182,216,12,10,638,11,459,460,468,469,470,286,222,220,641,225,747
85,582,568,566,215,613,565,639,638,11,459,219,217,221,220,641,225,747
85,582,568,581,5,639,638,10,11,459,460,469,470,286,222,220,641,225,747
85,22,497,499,5,639,638,11,459,219,642,221,220,641,225,747
85,582,497,498,581,5,564,565,10,12,218,217,221,220,641,225,747
85,22,497,498,5,639,638,461,459,219,217,221,220,641,225,747
85,22,497,499,5,639,638,11,459,460,468,470,286,222,220,641,225,747
85,582,568,581,5,639,638,10,11,459,219,642,221,220,641,225,747
85,582,568,581,5,639,638,10,11,459,460,468,470,286,222,220,641,225,747
85,582,568,566,215,182,218,12,10,638,11,459,460,469,642,221,220,641,225,747
85,582,497,498,5,564,565,10,11,459,460,469,642,221,220,641,225,747
85,22,497,498,5,639,638,11,10,12,218,217,221,220,641,225,747
85,22,497,499,5,639,638,11,459,219,217,221,220,641,225,747
85,582,568,581,5,639,638,10,11,459,219,217,221,220,641,225,747
85,582,568,566,564,565,10,638,11,459,460,468,469,470,286,222,220,641,225,747
85,582,497,498,5,639,638,461,177,287,286,222,220,641,225,747
85,22,497,499,5,564,565,10,12,218,217,221,220,641,225,747
85,22,497,498,5,639,638,10,11,459,219,642,222,220,641,225,747
85,22,497,498,581,564,565,10,11,459,219,642,222,640,641,225,747
85,22,497,498,5,639,638,10,11,459,460,469,470,286,222,220,641,225,747
85,582,568,566,564,5,639,638,10,12,218,217,221,220,641,225,747
85,582,568,566,564,565,639,638,461,177,468,470,286,222,220,641,225,747
85,22,497,498,581,564,565,10,11,459,460,469,470,286,222,640,641,225,747
85,22,497,498,5,639,638,10,11,459,219,642,221,220,641,225,747
85,22,497,498,5,639,638,10,11,459,460,468,470,286,222,220,641,225,747
85,22,497,498,581,564,565,10,11,459,460,468,470,286,222,640,641,225,747
85,22,497,498,5,639,638,10,11,459,219,217,221,220,641,225,747
85,22,497,498,5,581,564,565,613,215,182,218,217,221,220,641,225,747
85,582,497,499,5,639,638,10,12,218,217,221,220,641,225,747
85,22,636,637,499,5,639,638,10,12,218,217,221,220,641,225,747
85,582,568,581,5,564,565,10,11,459,219,642,222,220,641,225,747
85,582,497,498,5,639,638,461,177,468,469,642,222,220,641,225,747
85,582,568,581,5,564,565,10,11,459,460,469,470,286,222,220,641,225,747
85,582,568,566,564,5,639,638,11,459,219,642,222,220,641,225,747
85,582,568,581,5,564,565,10,11,459,219,642,221,220,641,225,747
85,582,568,566,564,5,639,638,11,459,460,469,470,286,222,220,641,225,747
85,582,568,581,5,564,565,10,11,459,460,468,470,286,222,220,641,225,747
85,582,497,498,5,639,638,461,177,468,469,642,221,220,641,225,747
85,582,497,499,5,564,565,613,215,182,218,217,221,220,641,225,747
85,582,568,581,5,639,638,11,459,460,469,642,222,640,641,225,747
85,22,636,637,499,5,564,565,613,215,182,218,217,221,220,641,225,747
85,582,568,566,564,5,639,638,11,459,219,642,221,220,641,225,747
85,582,568,566,564,5,639,638,11,459,460,468,470,286,222,220,641,225,747
85,582,568,581,5,564,565,10,11,459,219,217,221,220,641,225,747
85,582,568,566,215,182,216,12,10,638,461,177,287,286,222,220,641,225,747
85,582,568,581,564,565,613,216,182,218,217,221,220,641,225,223,747
85,582,568,581,564,565,10,638,11,459,460,468,469,642,222,220,641,225,747
85,582,568,566,564,5,639,638,11,459,219,217,221,220,641,225,747
85,22,497,498,5,564,565,10,11,459,219,642,222,220,641,225,747
85,22,636,637,499,497,498,581,564,565,613,215,182,218,217,221,220,641,225,747
85,582,497,498,5,639,638,461,459,219,642,222,220,641,225,747
85,582,568,566,567,612,179,180,218,217,221,220,641,225,223,747
85,582,568,581,564,565,10,638,11,459,460,468,469,642,221,220,641,225,747
85,22,497,498,5,564,565,10,11,459,460,469,470,286,222,220,641,225,747
85,582,497,498,5,639,638,461,459,460,469,470,286,222,220,641,225,747
85,582,497,498,581,5,564,566,215,182,218,217,221,220,641,225,747
85,22,497,499,5,581,564,565,613,216,182,218,217,221,220,641,225,747
85,582,568,566,215,182,216,12,10,11,459,460,469,468,177,287,286,222,220,641,225,747
85,582,568,581,564,565,10,11,459,219,642,469,470,286,222,220,641,225,747
85,582,497,499,5,639,638,11,459,219,642,222,220,641,225,747
85,22,497,498,5,564,565,10,11,459,219,642,221,220,641,225,747
85,582,568,566,564,565,10,638,461,177,287,286,222,220,641,225,747
85,582,497,498,5,639,638,461,459,219,642,221,220,641,225,747
85,22,497,498,5,581,564,565,10,12,218,217,221,220,641,225,747
85,22,497,498,5,564,565,10,11,459,460,468,470,286,222,220,641,225,747
85,22,636,637,499,5,639,638,11,459,219,642,222,220,641,225,747
85,582,497,498,5,639,638,461,459,460,468,470,286,222,220,641,225,747
85,22,497,498,5,639,638,11,459,460,469,642,222,640,641,225,747
85,582,497,499,5,639,638,11,459,460,469,470,286,222,220,641,225,747
85,582,568,566,567,612,179,182,218,217,221,220,641,225,223,747
85,22,636,637,499,5,639,638,11,459,460,469,470,286,222,220,641,225,747
85,22,497,498,5,564,565,10,11,459,219,217,221,220,641,225,747
85,582,568,566,215,613,565,10,638,11,459,460,468,469,642,222,220,641,225,747
85,582,497,499,5,639,638,11,459,219,642,221,220,641,225,747
85,582,497,498,5,639,638,461,459,219,217,221,220,641,225,747
85,582,497,499,5,639,638,11,459,460,468,470,286,222,220,641,225,747
85,22,636,637,499,5,639,638,11,459,219,642,221,220,641,225,747
85,22,636,637,499,5,639,638,11,459,460,468,470,286,222,220,641,225,747
85,22,497,499,5,564,566,215,182,218,217,221,220,641,225,747
85,582,568,566,564,565,10,11,459,460,469,468,177,287,286,222,220,641,225,747
85,582,497,498,5,639,638,11,10,12,218,217,221,220,641,225,747
85,582,497,499,5,639,638,11,459,219,217,221,220,641,225,747
85,582,568,566,215,613,565,10,638,11,459,460,468,469,642,221,220,641,225,747
85,22,497,498,581,5,639,565,613,215,182,218,217,221,220,641,225,747
85,22,636,637,499,5,639,638,11,459,219,217,221,220,641,225,747
85,582,568,566,215,613,565,10,11,459,219,642,469,470,286,222,220,641,225,747
85,582,497,499,5,564,565,10,12,218,217,221,220,641,225,747
85,582,568,566,215,182,216,12,10,638,461,177,468,469,642,222,220,641,225,747
85,582,568,581,564,565,10,638,461,177,468,470,286,222,220,641,225,747
85,22,636,637,499,5,564,565,10,12,218,217,221,220,641,225,747
85,582,497,498,5,639,638,10,11,459,219,642,222,220,641,225,747
85,582,568,581,5,639,638,461,177,468,469,470,286,222,220,641,225,747
85,582,497,498,581,564,565,10,11,459,219,642,222,640,641,225,747
85,582,497,498,5,639,638,10,11,459,460,469,470,286,222,220,641,225,747
85,582,568,566,215,613,216,12,10,11,459,219,642,222,220,641,225,747
85,582,568,566,215,182,216,12,10,638,461,177,468,469,642,221,220,641,225,747
85,582,497,498,581,564,565,10,11,459,460,469,470,286,222,640,641,225,747
85,582,497,498,5,639,638,10,11,459,219,642,221,220,641,225,747
85,582,568,581,564,5,639,638,11,459,460,469,642,222,220,641,225,747
85,582,568,566,215,613,216,12,10,11,459,460,469,470,286,222,220,641,225,747
85,582,568,566,567,612,215,182,218,217,221,220,641,225,223,747
85,582,497,498,5,639,638,10,11,459,460,468,470,286,222,220,641,225,747
85,22,636,637,499,497,498,581,564,565,10,12,218,217,221,220,641,225,747
85,582,568,581,5,639,565,10,11,459,460,469,642,222,220,641,225,747
85,582,568,581,498,5,564,565,613,216,182,218,217,221,220,641,225,747
85,582,568,566,215,613,216,12,10,11,459,219,642,221,220,641,225,747
85,582,568,566,564,565,639,638,461,459,460,469,642,222,220,641,225,747
85,582,568,566,564,565,10,638,461,177,468,469,642,222,220,641,225,747
85,582,568,566,215,182,216,12,10,11,459,461,177,468,469,470,286,222,220,641,225,747
85,582,497,498,581,564,565,10,11,459,460,468,470,286,222,640,641,225,747
85,582,568,566,215,613,216,12,10,11,459,460,468,470,286,222,220,641,225,747
85,582,497,498,5,639,638,10,11,459,219,217,221,220,641,225,747
85,582,568,581,564,5,639,638,11,459,460,469,642,221,220,641,225,747
85,22,497,498,581,564,565,10,638,11,459,460,469,642,222,220,641,225,747
85,582,568,566,215,613,565,10,638,461,177,468,470,286,222,220,641,225,747
85,582,568,581,5,639,565,10,11,459,460,469,642,221,220,641,225,747
85,582,568,566,215,182,216,12,10,638,461,459,219,642,222,220,641,225,747
85,582,568,566,215,613,216,12,10,11,459,219,217,221,220,641,225,747
85,582,568,566,215,182,218,217,221,642,222,220,641,225,223,747
85,582,568,566,564,565,639,638,461,459,460,469,642,221,220,641,225,747
85,582,568,566,564,565,10,638,461,177,468,469,642,221,220,641,225,747
85,582,497,498,5,581,564,565,613,215,182,218,217,221,220,641,225,747
85,582,568,566,215,182,216,12,10,638,461,459,460,469,470,286,222,220,641,225,747
85,582,568,566,215,182,216,613,565,10,11,459,460,469,642,222,640,641,225,747
85,22,497,498,5,639,638,461,177,468,469,470,286,222,220,641,225,747
85,22,497,498,581,564,565,10,638,11,459,460,469,642,221,220,641,225,747
85,582,568,566,215,182,216,12,10,638,461,459,219,642,221,220,641,225,747
85,22,497,498,581,5,639,638,11,459,460,468,469,642,222,220,641,225,747
85,582,568,566,564,565,10,11,459,461,177,468,469,470,286,222,220,641,225,747
85,582,568,566,215,182,216,12,10,638,461,459,460,468,470,286,222,220,641,225,747
85,582,568,566,564,565,639,638,11,459,460,469,468,470,286,222,220,641,225,747
85,22,497,498,5,639,565,10,11,459,460,469,642,222,220,641,225,747
85,582,568,566,215,182,216,12,10,638,461,459,219,217,221,220,641,225,747
85,582,568,566,564,565,10,638,461,459,219,642,222,220,641,225,747
85,22,497,498,581,5,639,565,10,12,218,217,221,220,641,225,747
85,582,568,566,215,182,218,12,10,11,459,460,468,469,642,222,640,641,225,747
85,22,497,498,581,5,639,638,11,459,460,468,469,642,221,220,641,225,747
85,582,568,566,564,565,10,638,461,459,460,469,470,286,222,220,641,225,747
85,22,497,498,5,639,565,10,11,459,460,469,642,221,220,641,225,747
85,582,568,566,215,182,218,217,219,642,222,220,641,225,223,747
85,582,568,566,564,565,10,638,461,459,219,642,221,220,641,225,747
85,582,568,566,564,565,10,638,461,459,460,468,470,286,222,220,641,225,747
85,582,568,566,564,565,639,638,10,11,459,460,469,642,222,220,641,225,747
85,582,568,581,564,565,10,11,459,461,177,287,286,222,220,641,225,747
85,582,568,566,215,182,218,217,219,642,221,220,641,225,223,747
85,582,568,566,564,565,10,638,461,459,219,217,221,220,641,225,747
85,582,568,566,564,565,639,638,11,459,460,468,469,470,286,222,220,641,225,747
85,582,568,566,564,565,639,638,10,11,459,460,469,642,221,220,641,225,747
85,582,568,566,215,182,218,12,10,638,11,459,219,642,222,220,641,225,747
85,22,497,498,5,581,564,566,215,182,218,217,221,220,641,225,747
85,582,497,498,5,564,565,10,11,459,219,642,222,220,641,225,747
85,582,568,566,215,182,218,12,10,638,11,459,460,469,470,286,222,220,641,225,747
85,582,497,498,5,564,565,10,11,459,460,469,470,286,222,220,641,225,747
85,582,497,499,5,581,564,565,613,216,182,218,217,221,220,641,225,747
85,582,568,566,215,182,218,12,10,638,11,459,219,642,221,220,641,225,747
85,582,497,498,5,564,565,10,11,459,219,642,221,220,641,225,747
85,22,497,498,581,5,639,638,461,177,468,470,286,222,220,641,225,747
85,22,636,637,499,5,581,564,565,613,216,182,218,217,221,220,641,225,747
85,582,568,566,215,182,218,12,10,638,11,459,460,468,470,286,222,220,641,225,747
85,582,497,498,5,581,564,565,10,12,218,217,221,220,641,225,747
85,582,568,566,215,613,565,10,11,459,461,177,287,286,222,220,641,225,747
85,582,497,498,5,564,565,10,11,459,460,468,470,286,222,220,641,225,747
85,582,497,498,5,639,638,11,459,460,469,642,222,640,641,225,747
85,582,568,566,215,182,218,12,10,638,11,459,219,217,221,220,641,225,747
85,582,497,498,5,564,565,10,11,459,219,217,221,220,641,225,747
85,582,568,566,215,182,218,217,221,642,469,468,470,286,222,640,641,225,747
85,582,497,499,5,564,566,215,182,218,217,221,220,641,225,747
85,22,636,637,499,5,564,566,215,182,218,217,221,220,641,225,747
85,582,497,498,581,5,639,565,613,215,182,218,217,221,220,641,225,747
85,582,568,581,564,565,10,11,459,461,177,468,469,642,222,220,641,225,747
85,22,636,637,499,497,498,581,564,566,215,182,218,217,221,220,641,225,747
85,582,568,581,564,565,10,11,459,461,177,468,469,642,221,220,641,225,747
85,582,568,566,215,182,218,217,219,642,469,468,470,286,222,640,641,225,747
85,582,568,581,564,565,10,638,461,459,460,469,642,222,220,641,225,747
85,22,497,499,5,639,565,613,215,182,218,217,221,220,641,225,747
85,582,568,566,215,612,179,180,605,458,712,713,731,221,220,641,225,747
85,582,568,581,564,565,10,638,461,459,460,469,642,221,220,641,225,747
85,582,568,581,5,639,638,10,12,216,182,218,217,221,220,641,225,747
85,582,568,566,215,613,565,10,11,459,461,177,468,469,642,222,220,641,225,747
85,582,568,581,5,639,638,461,459,460,468,469,642,222,220,641,225,747
85,582,568,581,564,565,639,638,11,459,460,468,469,642,222,220,641,225,747
85,582,497,498,581,564,565,10,638,11,459,460,469,642,222,220,641,225,747
85,582,568,581,564,565,10,638,11,459,460,469,468,470,286,222,220,641,225,747
85,582,568,566,215,613,565,10,11,459,461,177,468,469,642,221,220,641,225,747
85,582,568,581,5,639,638,461,459,460,468,469,642,221,220,641,225,747
85,582,568,581,564,565,639,638,11,459,460,468,469,642,221,220,641,225,747
85,582,568,566,215,613,565,10,638,461,459,460,469,642,222,220,641,225,747
85,582,497,498,5,639,638,461,177,468,469,470,286,222,220,641,225,747
85,582,497,498,581,564,565,10,638,11,459,460,469,642,221,220,641,225,747
85,582,497,498,581,5,639,638,11,459,460,468,469,642,222,220,641,225,747
85,582,568,566,564,565,613,216,12,10,11,459,460,469,642,222,220,641,225,747
85,582,568,566,564,565,639,638,461,177,287,286,222,220,641,225,747
85,582,568,566,215,182,216,12,10,638,11,459,460,469,642,222,640,641,225,747
85,582,568,581,5,639,638,11,459,219,642,222,640,641,225,747
85,582,568,566,215,613,565,10,638,461,459,460,469,642,221,220,641,225,747
85,582,497,498,5,639,565,10,11,459,460,469,642,222,220,641,225,747
85,582,568,566,215,182,218,217,219,459,460,468,469,642,222,640,641,225,747
85,582,568,581,5,639,638,11,459,460,469,470,286,222,640,641,225,747
85,582,497,498,581,5,639,565,10,12,218,217,221,220,641,225,747
85,22,497,498,5,639,638,10,12,216,182,218,217,221,220,641,225,747
85,582,568,566,215,613,565,639,638,11,459,460,468,469,642,222,220,641,225,747
85,582,497,498,581,5,639,638,11,459,460,468,469,642,221,220,641,225,747
85,582,568,566,564,565,613,216,12,10,11,459,460,469,642,221,220,641,225,747
85,582,568,566,215,182,179,180,605,458,712,713,731,221,220,641,225,747
85,22,497,498,5,639,638,461,459,460,468,469,642,222,220,641,225,747
85,582,568,566,215,182,216,12,10,11,459,219,642,469,468,470,286,222,220,641,225,747
85,582,568,566,215,182,218,180,605,458,712,713,731,221,220,641,225,747
85,582,568,581,5,639,638,11,459,460,468,470,286,222,640,641,225,747
85,582,497,498,5,639,565,10,11,459,460,469,642,221,220,641,225,747
85,582,568,566,215,613,565,10,638,11,459,460,469,468,470,286,222,220,641,225,747
85,582,568,581,564,565,10,638,11,459,460,468,469,470,286,222,220,641,225,747
85,22,497,499,5,639,638,11,459,460,468,469,642,222,220,641,225,747
85,582,568,566,215,613,565,639,638,11,459,460,468,469,642,221,220,641,225,747
85,22,497,498,5,639,638,461,459,460,468,469,642,221,220,641,225,747
85,582,568,566,564,565,10,638,11,459,460,469,642,222,640,641,225,747
85,582,568,581,5,639,638,10,11,459,460,468,469,642,222,220,641,225,747
85,22,497,499,5,639,565,10,12,218,217,221,220,641,225,747
85,582,568,566,215,182,218,217,221,642,222,640,224,223,747
85,22,497,499,5,639,638,11,459,460,468,469,642,221,220,641,225,747
85,582,568,581,564,5,639,638,10,12,218,217,221,220,641,225,747
85,582,568,581,564,565,639,638,461,177,468,470,286,222,220,641,225,747
85,582,568,566,564,565,10,11,459,219,642,469,468,470,286,222,220,641,225,747
85,22,497,498,5,639,638,11,459,219,642,222,640,641,225,747
85,582,568,566,215,612,179,180,605,458,712,713,731,742,220,641,225,747
85,582,568,581,5,639,638,10,11,459,460,468,469,642,221,220,641,225,747
85,582,497,498,5,581,564,566,215,182,218,217,221,220,641,225,747
85,22,497,498,5,639,638,11,459,460,469,470,286,222,640,641,225,747
85,582,568,566,215,613,565,10,638,11,459,460,468,469,470,286,222,220,641,225,747
85,22,497,498,5,639,638,11,459,460,468,470,286,222,640,641,225,747
85,582,497,498,581,5,639,638,461,177,468,470,286,222,220,641,225,747
85,582,568,566,215,182,218,217,221,220,222,640,224,223,747
85,582,568,566,564,565,639,638,461,177,468,469,642,222,220,641,225,747
85,22,497,498,5,581,568,566,215,182,218,217,221,220,641,225,747
85,582,568,581,5,564,565,10,12,216,182,218,217,221,220,641,225,747
85,22,497,498,5,639,638,10,11,459,460,468,469,642,222,220,641,225,747
85,22,497,498,581,5,639,638,461,459,460,469,642,222,220,641,225,747
85,22,497,498,581,564,565,639,638,11,459,460,469,642,222,220,641,225,747
85,582,568,566,564,5,639,565,613,215,182,218,217,221,220,641,225,747
85,582,568,566,215,182,218,217,219,642,222,640,224,223,747
85,582,568,566,215,613,565,639,638,461,177,468,470,286,222,220,641,225,747
85,22,497,498,581,564,565,10,11,459,460,468,469,642,222,640,641,225,747
85,582,568,566,564,565,639,638,461,177,468,469,642,221,220,641,225,747
85,582,568,566,215,182,218,12,10,11,459,460,468,177,287,286,222,220,641,225,747
85,582,568,566,215,182,216,12,10,638,461,177,468,469,470,286,222,220,641,225,747
85,22,497,498,5,639,638,10,11,459,460,468,469,642,221,220,641,225,747
85,22,497,498,581,5,639,638,461,459,460,469,642,221,220,641,225,747
85,22,497,498,581,564,565,639,638,11,459,460,469,642,221,220,641,225,747
85,22,497,499,5,639,638,461,177,468,470,286,222,220,641,225,747
85,582,568,566,215,182,179,180,605,458,712,713,731,742,220,641,225,747
85,582,568,566,215,182,218,180,605,458,712,713,731,742,220,641,225,747
85,582,568,581,564,5,639,638,11,459,219,642,222,220,641,225,747
85,582,568,581,5,639,565,10,11,459,219,642,222,220,641,225,747
85,22,497,498,581,5,639,638,11,459,460,469,468,470,286,222,220,641,225,747
85,582,568,581,564,5,639,638,11,459,460,469,470,286,222,220,641,225,747
85,582,568,566,564,565,639,638,461,459,219,642,222,220,641,225,747
85,582,568,581,5,639,565,10,11,459,460,469,470,286,222,220,641,225,747
85,22,497,498,5,564,565,10,12,216,182,218,217,221,220,641,225,747
85,582,568,581,564,5,639,638,11,459,219,642,221,220,641,225,747
85,582,568,566,564,565,639,638,461,459,460,469,470,286,222,220,641,225,747
85,582,568,566,564,565,10,638,461,177,468,469,470,286,222,220,641,225,747
85,22,497,498,581,564,565,10,638,11,459,219,642,222,220,641,225,747
85,582,568,581,564,5,639,638,11,459,460,468,470,286,222,220,641,225,747
85,582,568,581,5,639,565,10,11,459,219,642,221,220,641,225,747
85,582,568,566,215,182,218,12,10,11,459,460,469,468,470,286,222,640,641,225,747
85,582,568,581,5,639,565,10,11,459,460,468,470,286,222,220,641,225,747
85,582,497,499,5,639,565,613,215,182,218,217,221,220,641,225,747
85,582,568,566,564,565,639,638,461,459,219,642,221,220,641,225,747
85,22,497,498,581,564,565,10,638,11,459,460,469,470,286,222,220,641,225,747
85,582,568,566,215,182,218,12,10,11,459,461,177,468,470,286,222,220,641,225,747
85,582,568,566,564,565,639,638,461,459,460,468,470,286,222,220,641,225,747
85,22,636,637,499,5,639,565,613,215,182,218,217,221,220,641,225,747
85,582,568,566,215,182,216,613,565,10,11,459,219,642,222,640,641,225,747
85,582,568,581,564,5,639,638,11,459,219,217,221,220,641,225,747
85,22,497,498,581,564,565,10,638,11,459,219,642,221,220,641,225,747
85,582,568,581,5,639,565,10,11,459,219,217,221,220,641,225,747
85,22,497,498,581,5,639,638,10,11,459,460,469,642,222,220,641,225,747
85,582,568,566,215,182,216,613,565,10,11,459,460,469,470,286,222,640,641,225,747
85,582,568,581,5,564,565,10,11,459,460,468,469,642,222,220,641,225,747
85,22,497,498,581,564,565,10,638,11,459,460,468,470,286,222,220,641,225,747
85,22,636,637,499,497,498,581,568,566,215,182,218,217,221,220,641,225,747
85,582,568,566,564,565,639,638,461,459,219,217,221,220,641,225,747
85,22,497,498,581,5,639,638,11,459,460,468,469,470,286,222,220,641,225,747
85,582,568,566,564,5,639,638,11,459,460,468,469,642,222,220,641,225,747
85,22,497,498,581,564,565,10,638,11,459,219,217,221,220,641,225,747
85,582,568,566,215,182,216,613,565,10,11,459,460,468,470,286,222,640,641,225,747
85,22,497,498,5,639,565,10,11,459,219,642,222,220,641,225,747
85,582,568,566,564,565,639,638,11,10,12,218,217,221,220,641,225,747
85,582,568,581,564,565,10,638,461,177,287,286,222,220,641,225,747
85,22,497,498,581,5,639,638,10,11,459,460,469,642,221,220,641,225,747
85,582,568,581,5,564,565,10,11,459,460,468,469,642,221,220,641,225,747
85,22,497,498,5,639,565,10,11,459,460,469,470,286,222,220,641,225,747
85,582,568,566,215,182,218,12,10,11,459,460,468,469,470,286,222,640,641,225,747
85,582,568,566,564,5,639,565,10,12,218,217,221,220,641,225,747
85,582,568,566,564,5,639,638,11,459,460,468,469,642,221,220,641,225,747
85,22,497,498,5,639,565,10,11,459,219,642,221,220,641,225,747
85,22,497,498,5,639,565,10,11,459,460,468,470,286,222,220,641,225,747
85,582,568,566,564,565,639,638,10,11,459,219,642,222,220,641,225,747
85,582,568,581,564,565,10,11,459,460,469,468,177,287,286,222,220,641,225,747
85,22,497,498,5,639,565,10,11,459,219,217,221,220,641,225,747
85,582,568,566,564,565,639,638,10,11,459,460,469,470,286,222,220,641,225,747
85,582,497,498,5,639,638,10,12,216,182,218,217,221,220,641,225,747
85,22,497,498,5,564,565,10,11,459,460,468,469,642,222,220,641,225,747
85,582,497,498,5,639,638,461,459,460,468,469,642,222,220,641,225,747
85,582,568,566,564,565,639,638,10,11,459,219,642,221,220,641,225,747
85,582,568,566,215,613,565,10,638,461,177,287,286,222,220,641,225,747
85,582,568,566,564,565,639,638,10,11,459,460,468,470,286,222,220,641,225,747
85,582,497,499,5,639,638,11,459,460,468,469,642,222,220,641,225,747
85,22,497,498,5,564,565,10,11,459,460,468,469,642,221,220,641,225,747
85,582,497,498,5,639,638,461,459,460,468,469,642,221,220,641,225,747
85,22,636,637,499,5,639,638,11,459,460,468,469,642,222,220,641,225,747
85,582,568,566,564,565,639,638,10,11,459,219,217,221,220,641,225,747
85,582,497,499,5,639,565,10,12,218,217,221,220,641,225,747
85,582,497,499,5,639,638,11,459,460,468,469,642,221,220,641,225,747
85,22,636,637,499,5,639,565,10,12,218,217,221,220,641,225,747
85,582,568,566,215,613,565,10,11,459,460,469,468,177,287,286,222,220,641,225,747
85,582,497,498,5,639,638,11,459,219,642,222,640,641,225,747
85,22,636,637,499,5,639,638,11,459,460,468,469,642,221,220,641,225,747
85,582,568,566,564,5,639,638,461,177,468,470,286,222,220,641,225,747
85,582,497,498,5,639,638,11,459,460,469,470,286,222,640,641,225,747
85,582,568,581,564,565,639,638,461,459,460,469,642,222,220,641,225,747
85,582,568,581,564,565,10,638,461,177,468,469,642,222,220,641,225,747
85,582,497,498,5,639,638,11,459,460,468,470,286,222,640,641,225,747
85,582,568,581,498,5,639,565,613,216,182,218,217,221,220,641,225,747
85,582,568,581,564,565,639,638,461,459,460,469,642,221,220,641,225,747
85,582,568,581,564,565,10,638,461,177,468,469,642,221,220,641,225,747
85,582,568,566,564,565,613,215,182,218,217,221,220,641,225,223,747
85,582,497,498,5,581,568,566,215,182,218,217,221,220,641,225,747
85,22,497,498,581,5,564,565,10,11,459,460,469,642,222,220,641,225,747
85,582,497,498,5,639,638,10,11,459,460,468,469,642,222,220,641,225,747
85,582,497,498,581,5,639,638,461,459,460,469,642,222,220,641,225,747
85,582,497,498,581,564,565,639,638,11,459,460,469,642,222,220,641,225,747
85,582,497,498,581,564,565,10,11,459,460,468,469,642,222,640,641,225,747
85,582,568,581,5,639,638,461,459,460,469,468,470,286,222,220,641,225,747
85,582,568,581,564,565,10,11,459,461,177,468,469,470,286,222,220,641,225,747
85,582,568,566,215,613,216,12,10,11,459,460,468,469,642,222,220,641,225,747
85,582,568,581,564,565,639,638,11,459,460,469,468,470,286,222,220,641,225,747
85,582,568,566,215,182,218,217,219,459,460,468,177,287,286,222,220,641,225,747
85,22,497,498,581,5,564,565,10,11,459,460,469,642,221,220,641,225,747
85,582,497,498,5,639,638,10,11,459,460,468,469,642,221,220,641,225,747
85,582,568,566,215,613,565,639,638,461,459,460,469,642,222,220,641,225,747
85,582,568,566,215,613,565,10,638,461,177,468,469,642,222,220,641,225,747
85,582,497,498,581,5,639,638,461,459,460,469,642,221,220,641,225,747
85,582,497,498,581,564,565,639,638,11,459,460,469,642,221,220,641,225,747
85,582,497,499,5,639,638,461,177,468,470,286,222,220,641,225,747
85,582,568,581,564,565,10,638,461,459,219,642,222,220,641,225,747
85,582,568,566,215,613,216,12,10,11,459,460,468,469,642,221,220,641,225,747
85,22,636,637,499,5,639,638,461,177,468,470,286,222,220,641,225,747
85,582,568,581,564,565,10,638,461,459,460,469,470,286,222,220,641,225,747
85,22,497,499,5,639,638,461,459,460,469,642,222,220,641,225,747
85,22,497,498,581,5,639,638,461,177,287,286,222,220,641,225,747
85,582,568,566,215,613,565,639,638,461,459,460,469,642,221,220,641,225,747
85,582,568,566,215,613,565,10,638,461,177,468,469,642,221,220,641,225,747
85,582,497,498,581,5,639,638,11,459,460,469,468,470,286,222,220,641,225,747
85,582,568,581,564,565,10,638,461,459,219,642,221,220,641,225,747
85,582,568,566,215,182,216,12,10,638,461,459,460,468,469,642,222,220,641,225,747
85,582,568,581,564,565,10,638,461,459,460,468,470,286,222,220,641,225,747
85,582,568,566,564,581,5,639,565,613,216,182,218,217,221,220,641,225,747
85,582,568,581,564,565,639,638,10,11,459,460,469,642,222,220,641,225,747
85,582,497,498,5,564,565,10,12,216,182,218,217,221,220,641,225,747
85,22,497,499,5,639,638,461,459,460,469,642,221,220,641,225,747
85,582,497,498,581,564,565,10,638,11,459,219,642,222,220,641,225,747
85,582,568,566,215,613,565,10,11,459,461,177,468,469,470,286,222,220,641,225,747
85,582,568,581,5,639,638,461,459,460,468,469,470,286,222,220,641,225,747
85,582,568,566,215,182,218,217,219,459,460,469,468,470,286,222,640,641,225,747
85,582,568,581,564,565,10,638,461,459,219,217,221,220,641,225,747
85,582,568,566,215,613,565,639,638,11,459,460,469,468,470,286,222,220,641,225,747
85,582,568,581,564,565,639,638,11,459,460,468,469,470,286,222,220,641,225,747
85,22,497,498,5,639,638,461,459,460,469,468,470,286,222,220,641,225,747
85,582,568,566,215,182,216,12,10,638,461,459,460,468,469,642,221,220,641,225,747
85,582,568,566,215,182,218,217,219,459,461,177,468,470,286,222,220,641,225,747
85,582,497,498,581,564,565,10,638,11,459,460,469,470,286,222,220,641,225,747
85,582,568,581,564,565,639,638,10,11,459,460,469,642,221,220,641,225,747
85,582,568,566,564,565,639,638,11,459,460,469,642,222,640,641,225,747
85,582,568,566,215,613,565,10,638,461,459,219,642,222,220,641,225,747
85,582,497,498,581,564,565,10,638,11,459,219,642,221,220,641,225,747
85,22,497,499,5,639,638,11,459,460,469,468,470,286,222,220,641,225,747
85,582,497,498,581,5,639,638,10,11,459,460,469,642,222,220,641,225,747
85,582,497,498,581,564,565,10,638,11,459,460,468,470,286,222,220,641,225,747
85,582,568,566,215,613,565,10,638,461,459,460,469,470,286,222,220,641,225,747
85,582,568,566,564,565,613,216,12,10,11,459,219,642,222,220,641,225,747
85,582,568,566,564,565,10,638,461,459,460,468,469,642,222,220,641,225,747
85,582,568,566,215,182,216,12,10,638,11,459,219,642,222,640,641,225,747
85,582,568,581,5,639,638,10,11,459,460,469,468,470,286,222,220,641,225,747
85,582,497,498,581,5,639,638,11,459,460,468,469,470,286,222,220,641,225,747
85,582,568,566,215,613,565,10,638,461,459,219,642,221,220,641,225,747
85,582,568,566,564,565,613,216,12,10,11,459,460,469,470,286,222,220,641,225,747
85,582,497,498,581,564,565,10,638,11,459,219,217,221,220,641,225,747
85,582,497,498,5,639,565,10,11,459,219,642,222,220,641,225,747
85,582,568,566,215,182,216,12,10,638,11,459,460,469,470,286,222,640,641,225,747
85,582,568,566,215,613,565,10,638,461,459,460,468,470,286,222,220,641,225,747
85,582,568,566,215,613,565,639,638,10,11,459,460,469,642,222,220,641,225,747
85,582,497,498,581,5,639,638,10,11,459,460,469,642,221,220,641,225,747
85,582,568,566,564,565,10,12,218,217,221,220,641,225,223,747
85,582,568,566,564,565,613,216,12,10,11,459,219,642,221,220,641,225,747
85,582,568,566,564,565,10,638,461,459,460,468,469,642,221,220,641,225,747
85,582,497,498,5,639,565,10,11,459,460,469,470,286,222,220,641,225,747
85,582,568,566,215,182,216,613,565,10,638,11,459,460,469,642,222,220,641,225,747
85,582,568,566,564,565,613,216,12,10,11,459,460,468,470,286,222,220,641,225,747
85,582,568,566,215,182,218,217,219,459,460,468,469,470,286,222,640,641,225,747
85,582,568,566,215,613,565,10,638,461,459,219,217,221,220,641,225,747
85,582,568,566,215,182,216,12,10,638,11,459,460,468,470,286,222,640,641,225,747
85,22,497,498,581,564,565,639,638,10,12,218,217,221,220,641,225,747
85,22,497,498,581,564,565,10,11,459,460,468,177,287,286,222,220,641,225,747
85,582,568,566,215,613,565,639,638,11,459,460,468,469,470,286,222,220,641,225,747
85,22,497,498,5,639,638,461,459,460,468,469,470,286,222,220,641,225,747
85,582,497,498,5,639,565,10,11,459,219,642,221,220,641,225,747
85,22,497,499,5,639,638,10,11,459,460,469,642,222,220,641,225,747
85,582,568,566,215,613,565,639,638,10,11,459,460,469,642,221,220,641,225,747
85,582,497,498,5,639,565,10,11,459,460,468,470,286,222,220,641,225,747
85,582,568,566,564,565,613,216,12,10,11,459,219,217,221,220,641,225,747
85,582,568,566,564,565,10,638,11,459,219,642,222,640,641,225,747
85,582,568,566,215,182,216,613,565,10,638,11,459,460,469,642,221,220,641,225,747
85,22,497,499,5,639,638,11,459,460,468,469,470,286,222,220,641,225,747
85,22,497,498,581,5,639,638,461,177,468,469,642,222,220,641,225,747
85,582,497,498,5,639,565,10,11,459,219,217,221,220,641,225,747
85,582,568,566,564,565,10,638,11,459,460,469,470,286,222,640,641,225,747
85,582,568,566,215,182,218,12,10,638,11,459,460,468,469,642,222,220,641,225,747
85,582,568,581,5,564,565,613,216,12,218,217,221,220,641,225,747
85,582,497,498,5,564,565,10,11,459,460,468,469,642,222,220,641,225,747
85,22,497,499,5,639,638,10,11,459,460,469,642,221,220,641,225,747
85,582,568,581,5,639,638,10,11,459,460,468,469,470,286,222,220,641,225,747
85,22,497,498,5,639,638,10,11,459,460,469,468,470,286,222,220,641,225,747
85,582,568,566,215,612,179,180,218,217,221,220,641,225,223,747
85,582,568,566,564,565,10,638,11,459,460,468,470,286,222,640,641,225,747
85,22,497,498,581,5,639,638,461,177,468,469,642,221,220,641,225,747
85,582,568,566,215,182,218,12,10,638,11,459,460,468,469,642,221,220,641,225,747
85,22,497,498,581,564,565,10,11,459,460,469,468,470,286,222,640,641,225,747
85,582,497,498,5,564,565,10,11,459,460,468,469,642,221,220,641,225,747
85,22,497,498,581,564,565,10,11,459,461,177,468,470,286,222,220,641,225,747
85,582,568,566,215,182,218,12,10,11,459,219,642,469,470,286,222,220,641,225,747
85,22,636,637,499,497,498,5,564,565,613,216,182,218,217,221,220,641,225,747
85,582,568,566,215,612,179,182,218,217,221,220,641,225,223,747
85,22,497,498,581,5,639,638,461,459,219,642,222,220,641,225,747
85,582,568,566,564,565,639,638,461,177,468,469,470,286,222,220,641,225,747
85,22,497,498,581,564,565,639,638,11,459,219,642,222,220,641,225,747
85,22,497,498,5,564,565,613,216,12,218,217,221,220,641,225,747
85,22,497,498,5,639,638,10,11,459,460,468,469,470,286,222,220,641,225,747
85,22,497,498,581,5,639,638,461,459,460,469,470,286,222,220,641,225,747
85,582,568,566,564,5,639,638,461,459,460,469,642,222,220,641,225,747
85,22,497,498,581,564,565,639,638,11,459,460,469,470,286,222,220,641,225,747
85,22,497,498,581,564,565,10,11,459,460,468,469,470,286,222,640,641,225,747
85,22,497,498,581,5,639,638,461,459,219,642,221,220,641,225,747
85,22,497,498,581,564,565,639,638,11,459,219,642,221,220,641,225,747
85,22,497,498,581,5,639,638,461,459,460,468,470,286,222,220,641,225,747
85,582,568,566,215,182,179,180,218,217,221,220,641,225,223,747
85,22,497,498,581,564,565,639,638,11,459,460,468,470,286,222,220,641,225,747
85,582,568,566,564,5,639,638,461,459,460,469,642,221,220,641,225,747
85,582,497,498,581,5,564,565,10,11,459,460,469,642,222,220,641,225,747
85,22,497,498,581,5,639,638,461,459,219,217,221,220,641,225,747
85,582,568,566,215,182,218,12,10,638,461,177,468,470,286,222,220,641,225,747
85,22,497,498,581,564,565,639,638,11,459,219,217,221,220,641,225,747
85,582,568,581,5,564,565,10,11,459,460,469,468,470,286,222,220,641,225,747
85,582,568,581,564,565,613,216,12,10,11,459,460,469,642,222,220,641,225,747
85,582,568,581,564,565,639,638,461,177,287,286,222,220,641,225,747
85,22,497,498,581,564,5,639,565,613,216,182,218,217,221,220,641,225,747
85,582,497,498,581,5,564,565,10,11,459,460,469,642,221,220,641,225,747
85,22,497,498,581,5,639,638,11,10,12,218,217,221,220,641,225,747
85,582,568,566,564,5,639,638,11,459,460,469,468,470,286,222,220,641,225,747
85,582,568,581,564,565,613,216,12,10,11,459,460,469,642,221,220,641,225,747
85,22,497,499,5,564,565,10,11,459,460,469,642,222,220,641,225,747
85,582,497,499,5,639,638,461,459,460,469,642,222,220,641,225,747
85,582,497,498,581,5,639,638,461,177,287,286,222,220,641,225,747
85,22,636,637,499,5,639,638,461,459,460,469,642,222,220,641,225,747
85,22,497,498,581,5,639,638,10,11,459,219,642,222,220,641,225,747
85,582,568,566,215,182,216,12,10,11,638,461,177,468,470,286,222,220,641,225,747
85,582,740,395,580,568,566,215,182,218,217,221,220,641,225,223,747
85,582,568,581,564,565,10,638,11,459,460,469,642,222,640,641,225,747
85,22,497,499,5,564,565,10,11,459,460,469,642,221,220,641,225,747
85,22,497,498,581,5,639,638,10,11,459,460,469,470,286,222,220,641,225,747
85,582,568,581,5,564,565,10,11,459,460,468,469,470,286,222,220,641,225,747
85,582,568,566,564,5,639,638,10,11,459,460,469,642,222,220,641,225,747
85,582,497,499,5,639,638,461,459,460,469,642,221,220,641,225,747
85,582,568,566,215,613,565,639,638,461,177,287,286,222,220,641,225,747
85,22,497,498,5,564,565,10,11,459,460,469,468,470,286,222,220,641,225,747
85,22,636,637,499,5,639,638,461,459,460,469,642,221,220,641,225,747
85,582,497,498,5,639,638,461,459,460,469,468,470,286,222,220,641,225,747
85,22,497,498,581,5,639,638,10,11,459,219,642,221,220,641,225,747
85,582,568,566,564,5,639,638,11,459,460,468,469,470,286,222,220,641,225,747
85,582,568,581,564,565,10,11,459,219,642,469,468,470,286,222,220,641,225,747
85,22,497,498,581,5,639,638,10,11,459,460,468,470,286,222,220,641,225,747
85,582,568,581,5,639,638,11,459,460,468,469,642,222,640,641,225,747
85,22,497,499,5,639,638,461,177,287,286,222,220,641,225,747
85,582,568,566,564,5,639,638,10,11,459,460,469,642,221,220,641,225,747
85,582,497,499,5,639,638,11,459,460,469,468,470,286,222,220,641,225,747
85,22,497,498,581,5,639,638,10,11,459,219,217,221,220,641,225,747
85,582,568,566,564,565,10,11,638,461,177,468,470,286,222,220,641,225,747
85,22,636,637,499,5,639,638,11,459,460,469,468,470,286,222,220,641,225,747
85,582,568,581,498,5,639,638,11,459,460,469,642,222,220,641,225,747
85,582,568,566,215,613,565,10,638,11,459,460,469,642,222,640,641,225,747
85,582,568,581,564,565,639,638,461,177,468,469,642,222,220,641,225,747
85,582,497,498,581,564,565,639,638,10,12,218,217,221,220,641,225,747
85,22,497,498,5,564,565,10,11,459,460,468,469,470,286,222,220,641,225,747
85,582,497,498,581,564,565,10,11,459,460,468,177,287,286,222,220,641,225,747
85,582,568,581,498,5,639,638,11,459,460,469,642,221,220,641,225,747
85,582,497,498,5,639,638,461,459,460,468,469,470,286,222,220,641,225,747
85,582,568,581,564,5,639,565,613,215,182,218,217,221,220,641,225,747
85,582,568,566,215,613,565,10,11,459,219,642,469,468,470,286,222,220,641,225,747
85,582,497,499,5,639,638,10,11,459,460,469,642,222,220,641,225,747
85,582,568,566,215,182,218,12,10,11,459,461,177,287,286,222,220,641,225,747
85,582,568,581,564,565,639,638,461,177,468,469,642,221,220,641,225,747
85,22,636,637,499,5,639,638,10,11,459,460,469,642,222,220,641,225,747
85,582,568,581,5,639,565,10,12,216,182,218,217,221,220,641,225,747
85,22,497,498,5,639,638,11,459,460,468,469,642,222,640,641,225,747
85,582,497,499,5,639,638,11,459,460,468,469,470,286,222,220,641,225,747
85,582,497,498,581,5,639,638,461,177,468,469,642,222,220,641,225,747
85,22,636,637,499,5,639,638,11,459,460,468,469,470,286,222,220,641,225,747
85,582,497,499,5,639,638,10,11,459,460,469,642,221,220,641,225,747
85,582,568,566,215,182,216,12,10,11,459,460,468,177,287,286,222,640,641,225,747
85,22,636,637,499,5,639,638,10,11,459,460,469,642,221,220,641,225,747
85,582,497,498,5,639,638,10,11,459,460,469,468,470,286,222,220,641,225,747
85,582,568,566,215,613,565,639,638,461,177,468,469,642,222,220,641,225,747
85,582,497,498,581,5,639,638,461,177,468,469,642,221,220,641,225,747
85,582,497,498,581,564,565,10,11,459,460,469,468,470,286,222,640,641,225,747
85,582,568,566,215,613,216,12,10,11,459,460,469,468,470,286,222,220,641,225,747
85,582,568,581,564,565,639,638,461,459,219,642,222,220,641,225,747
85,582,568,566,564,581,5,639,638,11,459,460,469,642,222,220,641,225,747
85,582,497,498,581,564,565,10,11,459,461,177,468,470,286,222,220,641,225,747
85,582,568,581,5,639,638,461,177,468,470,286,222,640,641,225,747
85,582,568,581,564,565,639,638,461,459,460,469,470,286,222,220,641,225,747
85,582,568,581,564,565,10,638,461,177,468,469,470,286,222,220,641,225,747
85,22,497,499,5,639,638,461,177,468,469,642,222,220,641,225,747
85,582,568,566,215,613,565,639,638,461,177,468,469,642,221,220,641,225,747
85,582,568,581,564,565,639,638,461,459,219,642,221,220,641,225,747
85,582,568,566,564,565,10,11,459,460,468,177,287,286,222,640,641,225,747
85,582,568,566,564,581,5,639,638,11,459,460,469,642,221,220,641,225,747
85,582,568,581,564,565,639,638,461,459,460,468,470,286,222,220,641,225,747
85,22,497,498,5,639,565,10,12,216,182,218,217,221,220,641,225,747
85,22,497,498,581,5,564,565,10,11,459,219,642,222,220,641,225,747
85,582,497,498,581,5,639,638,461,459,219,642,222,220,641,225,747
85,22,497,499,5,639,638,461,177,468,469,642,221,220,641,225,747
85,582,568,566,215,182,216,12,10,11,459,461,177,468,470,286,222,640,641,225,747
85,582,497,498,581,564,565,639,638,11,459,219,642,222,220,641,225,747
85,582,497,498,5,564,565,613,216,12,218,217,221,220,641,225,747
85,582,568,566,215,182,216,12,10,638,461,459,460,469,468,470,286,222,220,641,225,747
85,22,497,498,581,5,564,565,10,11,459,460,469,470,286,222,220,641,225,747
85,582,568,581,564,565,639,638,461,459,219,217,221,220,641,225,747
85,582,497,498,5,639,638,10,11,459,460,468,469,470,286,222,220,641,225,747
85,582,497,498,581,5,639,638,461,459,460,469,470,286,222,220,641,225,747
85,582,497,498,581,564,565,639,638,11,459,460,469,470,286,222,220,641,225,747
85,22,497,498,5,581,564,565,10,11,459,460,469,642,222,220,641,225,747
85,22,497,498,581,5,564,565,10,11,459,219,642,221,220,641,225,747
85,582,497,498,581,564,565,10,11,459,460,468,469,470,286,222,640,641,225,747
85,582,568,581,564,5,639,638,11,459,460,468,469,642,222,220,641,225,747
85,582,568,566,215,613,216,12,10,11,459,460,468,469,470,286,222,220,641,225,747
85,582,568,566,215,613,565,639,638,461,459,219,642,222,220,641,225,747
85,582,497,498,581,5,639,638,461,459,219,642,221,220,641,225,747
85,22,497,498,581,5,564,565,10,11,459,460,468,470,286,222,220,641,225,747
85,582,568,581,564,565,639,638,11,10,12,218,217,221,220,641,225,747
85,582,497,498,581,564,565,639,638,11,459,219,642,221,220,641,225,747
85,582,497,498,581,5,639,638,461,459,460,468,470,286,222,220,641,225,747
85,582,568,581,5,639,565,10,11,459,460,468,469,642,222,220,641,225,747
85,22,497,498,581,5,639,638,11,459,460,469,642,222,640,641,225,747
85,582,568,566,564,565,639,638,10,12,216,182,218,217,221,220,641,225,747
85,582,497,498,581,564,565,639,638,11,459,460,468,470,286,222,220,641,225,747
85,582,568,566,215,182,218,12,10,11,459,461,177,468,469,642,222,220,641,225,747
85,582,568,566,215,613,565,639,638,461,459,460,469,470,286,222,220,641,225,747
85,582,568,566,215,613,565,10,638,461,177,468,469,470,286,222,220,641,225,747
85,582,568,566,564,565,639,638,461,459,460,468,469,642,222,220,641,225,747
85,22,497,498,5,639,638,461,177,468,470,286,222,640,641,225,747
85,22,497,498,581,5,564,565,10,11,459,219,217,221,220,641,225,747
85,22,497,498,5,581,564,565,10,11,459,460,469,642,221,220,641,225,747
85,22,497,498,581,564,565,613,216,182,218,217,221,220,641,225,223,747
85,582,568,581,564,5,639,565,10,12,218,217,221,220,641,225,747
85,582,497,498,581,5,639,638,461,459,219,217,221,220,641,225,747
85,22,497,499,5,639,638,461,459,219,642,222,220,641,225,747
85,582,568,581,564,5,639,638,11,459,460,468,469,642,221,220,641,225,747
85,582,568,566,215,613,565,639,638,461,459,219,642,221,220,641,225,747
85,582,497,498,581,564,565,639,638,11,459,219,217,221,220,641,225,747
85,582,568,566,564,565,10,11,459,461,177,468,470,286,222,640,641,225,747
85,22,497,498,581,564,565,10,638,11,459,460,468,469,642,222,220,641,225,747
85,582,568,566,215,613,565,639,638,461,459,460,468,470,286,222,220,641,225,747
85,582,568,581,5,639,565,10,11,459,460,468,469,642,221,220,641,225,747
85,582,568,566,564,565,10,638,461,459,460,469,468,470,286,222,220,641,225,747
85,22,497,499,5,639,638,461,459,460,469,470,286,222,220,641,225,747
85,582,497,498,581,564,5,639,565,613,216,182,218,217,221,220,641,225,747
85,582,568,566,215,182,218,12,10,11,459,461,177,468,469,642,221,220,641,225,747
85,582,568,566,564,565,639,638,461,459,460,468,469,642,221,220,641,225,747
85,582,568,566,564,5,639,638,461,177,287,286,222,220,641,225,747
85,582,568,581,564,565,639,638,10,11,459,219,642,222,220,641,225,747
85,582,568,566,215,182,216,613,565,639,638,11,459,460,469,642,222,220,641,225,747
85,582,497,498,581,5,639,638,11,10,12,218,217,221,220,641,225,747
85,582,568,566,215,182,218,12,10,638,461,459,460,469,642,222,220,641,225,747
85,582,568,566,215,182,216,12,10,638,461,459,460,468,469,470,286,222,220,641,225,747
85,582,568,566,215,182,216,613,565,10,11,459,460,468,469,642,222,640,641,225,747
85,582,568,566,215,613,565,639,638,461,459,219,217,221,220,641,225,747
85,22,497,499,5,639,638,461,459,219,642,221,220,641,225,747
85,582,568,581,564,565,639,638,10,11,459,460,469,470,286,222,220,641,225,747
85,22,497,499,5,639,638,461,459,460,468,470,286,222,220,641,225,747
85,22,497,498,581,564,565,10,638,11,459,460,468,469,642,221,220,641,225,747
85,22,497,498,581,564,565,10,11,459,219,642,469,470,286,222,220,641,225,747
85,582,568,566,215,182,218,217,221,642,469,468,177,287,286,222,220,641,225,747
85,582,497,499,5,564,565,10,11,459,460,469,642,222,220,641,225,747
85,582,568,581,564,565,639,638,10,11,459,219,642,221,220,641,225,747
85,582,568,566,564,565,639,638,11,459,219,642,222,640,641,225,747
85,582,568,566,215,613,565,639,638,11,10,12,218,217,221,220,641,225,747
85,582,568,566,215,182,216,613,565,639,638,11,459,460,469,642,221,220,641,225,747
85,22,636,637,499,497,582,568,566,215,182,218,217,221,220,641,225,747
85,582,568,566,215,182,218,12,10,638,461,459,460,469,642,221,220,641,225,747
85,22,497,499,5,639,638,461,459,219,217,221,220,641,225,747
85,582,568,581,564,565,639,638,10,11,459,460,468,470,286,222,220,641,225,747
85,22,636,637,499,5,564,565,10,11,459,460,469,642,222,220,641,225,747
85,22,497,498,5,639,565,10,11,459,460,468,469,642,222,220,641,225,747
85,582,568,566,564,565,639,638,11,459,460,469,470,286,222,640,641,225,747
85,582,497,498,581,5,639,638,10,11,459,219,642,222,220,641,225,747
85,582,568,581,564,565,639,638,10,11,459,219,217,221,220,641,225,747
85,582,497,499,5,564,565,10,11,459,460,469,642,221,220,641,225,747
85,22,497,499,5,639,638,11,10,12,218,217,221,220,641,225,747
85,582,497,498,581,5,639,638,10,11,459,460,469,470,286,222,220,641,225,747
85,582,568,566,564,565,10,638,461,459,460,468,469,470,286,222,220,641,225,747
85,582,568,566,564,565,639,638,11,459,460,468,470,286,222,640,641,225,747
85,582,568,566,215,182,218,12,10,638,11,459,460,469,468,470,286,222,220,641,225,747
85,22,636,637,499,5,564,565,10,11,459,460,469,642,221,220,641,225,747
85,582,568,566,215,182,216,12,10,11,638,461,459,460,469,642,222,220,641,225,747
85,582,497,498,5,564,565,10,11,459,460,469,468,470,286,222,220,641,225,747
85,22,497,498,5,639,565,10,11,459,460,468,469,642,221,220,641,225,747
85,582,568,566,215,613,565,639,638,10,11,459,219,642,222,220,641,225,747
85,582,497,498,581,5,639,638,10,11,459,219,642,221,220,641,225,747
85,22,636,637,499,497,498,581,564,565,10,11,459,460,469,642,222,220,641,225,747
85,582,497,498,581,5,639,638,10,11,459,460,468,470,286,222,220,641,225,747
85,582,568,566,215,182,216,613,565,10,638,11,459,219,642,222,220,641,225,747
85,582,568,581,564,5,639,638,461,177,468,470,286,222,220,641,225,747
85,582,568,566,215,613,565,639,638,10,11,459,460,469,470,286,222,220,641,225,747
85,582,568,566,564,565,639,638,10,11,459,460,468,469,642,222,220,641,225,747
85,582,497,499,5,639,638,461,177,287,286,222,220,641,225,747
85,582,568,566,215,182,216,12,10,11,638,461,459,460,469,642,221,220,641,225,747
85,582,568,566,215,182,216,613,565,10,638,11,459,460,469,470,286,222,220,641,225,747
85,22,636,637,499,5,639,638,461,177,287,286,222,220,641,225,747
85,582,497,498,581,5,639,638,10,11,459,219,217,221,220,641,225,747
85,22,497,499,5,639,638,10,11,459,219,642,222,220,641,225,747
85,582,568,566,215,613,565,639,638,10,11,459,219,642,221,220,641,225,747
85,22,636,637,499,497,498,581,564,565,10,11,459,460,469,642,221,220,641,225,747
85,582,568,566,215,182,218,217,219,642,469,468,177,287,286,222,220,641,225,747
85,582,568,566,215,613,565,639,638,10,11,459,460,468,470,286,222,220,641,225,747
85,582,568,566,215,182,216,613,565,10,638,11,459,219,642,221,220,641,225,747
85,22,497,499,5,639,638,10,11,459,460,469,470,286,222,220,641,225,747
85,582,568,566,215,182,216,613,565,10,638,11,459,460,468,470,286,222,220,641,225,747
85,582,568,566,564,565,639,638,10,11,459,460,468,469,642,221,220,641,225,747
85,22,497,498,581,564,565,10,638,461,177,468,470,286,222,220,641,225,747
85,582,568,566,564,565,10,11,638,461,459,460,469,642,222,220,641,225,747
85,582,568,566,215,613,565,639,638,10,11,459,219,217,221,220,641,225,747
85,22,497,499,5,639,638,10,11,459,219,642,221,220,641,225,747
85,582,568,581,564,565,613,215,182,218,217,221,220,641,225,223,747
85,22,497,499,5,639,638,10,11,459,460,468,470,286,222,220,641,225,747
85,22,497,498,581,5,639,638,461,177,468,469,470,286,222,220,641,225,747
85,582,568,566,215,182,216,613,565,10,638,11,459,219,217,221,220,641,225,747
85,582,568,566,215,182,218,12,10,638,11,459,460,468,469,470,286,222,220,641,225,747
85,582,568,566,564,5,639,638,461,177,468,469,642,222,220,641,225,747
85,582,497,498,5,564,565,10,11,459,460,468,469,470,286,222,220,641,225,747
85,582,568,566,564,565,10,11,638,461,459,460,469,642,221,220,641,225,747
85,582,568,566,215,182,218,217,219,459,461,177,287,286,222,220,641,225,747
85,22,497,499,5,639,638,10,11,459,219,217,221,220,641,225,747
85,22,497,498,581,564,5,639,638,11,459,460,469,642,222,220,641,225,747
85,582,568,566,215,182,218,217,221,731,742,285,746,750,268,266,269,747
85,22,497,498,581,5,639,565,10,11,459,460,469,642,222,220,641,225,747
85,582,568,566,564,5,639,638,461,177,468,469,642,221,220,641,225,747
85,582,497,498,5,639,638,11,459,460,468,469,642,222,640,641,225,747
85,22,497,499,5,581,564,565,613,215,182,218,217,221,220,641,225,747
85,22,497,498,581,564,5,639,638,11,459,460,469,642,221,220,641,225,747
85,22,497,498,581,5,639,565,10,11,459,460,469,642,221,220,641,225,747
85,582,568,566,564,5,639,638,461,459,219,642,222,220,641,225,747
85,582,497,499,5,639,638,461,177,468,469,642,222,220,641,225,747
85,582,568,566,564,5,639,638,461,459,460,469,470,286,222,220,641,225,747
85,22,636,637,499,5,639,638,461,177,468,469,642,222,220,641,225,747
85,582,568,581,5,639,638,11,459,460,468,177,287,286,222,220,641,225,747
85,582,568,581,5,639,638,461,459,460,469,642,222,640,641,225,747
85,582,568,581,564,565,639,638,11,459,460,469,642,222,640,641,225,747
85,582,497,498,5,639,565,10,12,216,182,218,217,221,220,641,225,747
85,582,568,566,564,5,639,638,461,459,219,642,221,220,641,225,747
85,582,497,498,581,5,564,565,10,11,459,219,642,222,220,641,225,747
85,582,568,566,564,5,639,638,461,459,460,468,470,286,222,220,641,225,747
85,582,497,499,5,639,638,461,177,468,469,642,221,220,641,225,747
85,582,497,498,581,5,564,565,10,11,459,460,469,470,286,222,220,641,225,747
85,582,568,581,564,565,613,216,12,10,11,459,219,642,222,220,641,225,747
85,582,568,581,564,565,10,638,461,459,460,468,469,642,222,220,641,225,747
85,22,636,637,499,5,639,638,461,177,468,469,642,221,220,641,225,747
85,582,568,566,215,182,218,217,221,220,742,285,746,750,268,266,269,747
85,582,568,566,564,5,639,638,461,459,219,217,221,220,641,225,747
85,582,568,581,498,5,639,638,10,12,218,217,221,220,641,225,747
85,582,497,498,5,581,564,565,10,11,459,460,469,642,222,220,641,225,747
85,582,497,498,581,5,564,565,10,11,459,219,642,221,220,641,225,747
85,582,568,581,564,565,613,216,12,10,11,459,460,469,470,286,222,220,641,225,747
85,582,497,498,581,5,564,565,10,11,459,460,468,470,286,222,220,641,225,747
85,582,497,498,581,5,639,638,11,459,460,469,642,222,640,641,225,747
85,582,568,581,564,565,10,12,218,217,221,220,641,225,223,747
85,582,568,566,215,182,218,217,219,459,461,177,468,469,642,222,220,641,225,747
85,22,497,498,581,564,565,10,11,459,461,177,287,286,222,220,641,225,747
85,582,568,581,564,565,613,216,12,10,11,459,219,642,221,220,641,225,747
85,582,568,581,564,565,10,638,461,459,460,468,469,642,221,220,641,225,747
85,582,568,566,564,5,639,638,11,10,12,218,217,221,220,641,225,747
85,582,568,581,564,565,613,216,12,10,11,459,460,468,470,286,222,220,641,225,747
85,582,497,498,5,639,638,461,177,468,470,286,222,640,641,225,747
85,582,497,498,581,5,564,565,10,11,459,219,217,221,220,641,225,747
85,582,568,581,5,639,638,11,459,460,469,468,470,286,222,640,641,225,747
85,22,497,499,5,564,565,10,11,459,219,642,222,220,641,225,747
85,582,497,498,5,581,564,565,10,11,459,460,469,642,221,220,641,225,747
85,582,497,498,581,564,565,613,216,182,218,217,221,220,641,225,223,747
85,582,497,499,5,639,638,461,459,219,642,222,220,641,225,747
85,582,568,581,5,639,638,11,459,461,177,468,470,286,222,220,641,225,747
85,582,497,498,581,564,565,10,638,11,459,460,468,469,642,222,220,641,225,747
85,22,636,637,499,5,639,638,461,459,219,642,222,220,641,225,747
85,582,568,566,215,613,565,639,638,11,459,460,469,642,222,640,641,225,747
85,22,497,499,5,564,565,10,11,459,460,469,470,286,222,220,641,225,747
85,582,568,581,498,5,564,565,613,215,182,218,217,221,220,641,225,747
85,582,568,581,564,565,613,216,12,10,11,459,219,217,221,220,641,225,747
85,22,497,498,5,639,638,11,459,460,468,177,287,286,222,220,641,225,747
85,582,568,566,215,182,218,217,219,459,461,177,468,469,642,221,220,641,225,747
85,22,497,498,5,639,638,461,459,460,469,642,222,640,641,225,747
85,582,497,499,5,639,638,461,459,460,469,470,286,222,220,641,225,747
85,582,568,581,564,565,10,638,11,459,219,642,222,640,641,225,747
85,22,636,637,499,5,639,638,461,459,460,469,470,286,222,220,641,225,747
85,22,497,499,5,564,565,10,11,459,219,642,221,220,641,225,747
85,582,568,566,215,613,565,10,638,461,459,460,468,469,642,222,220,641,225,747
85,582,568,566,564,5,639,638,10,11,459,219,642,222,220,641,225,747
85,582,497,499,5,639,638,461,459,219,642,221,220,641,225,747
85,22,497,499,5,581,564,565,10,12,218,217,221,220,641,225,747
85,22,497,499,5,564,565,10,11,459,460,468,470,286,222,220,641,225,747
85,582,568,581,564,565,10,638,11,459,460,469,470,286,222,640,641,225,747
85,582,497,499,5,639,638,461,459,460,468,470,286,222,220,641,225,747
85,582,497,498,581,564,565,10,638,11,459,460,468,469,642,221,220,641,225,747
85,22,497,499,5,639,638,11,459,460,469,642,222,640,641,225,747
85,22,636,637,499,5,639,638,461,459,219,642,221,220,641,225,747
85,582,568,566,564,5,639,638,10,11,459,460,469,470,286,222,220,641,225,747
85,22,636,637,499,5,639,638,461,459,460,468,470,286,222,220,641,225,747
85,582,568,566,564,565,613,216,12,10,11,459,460,468,469,642,222,220,641,225,747
85,582,497,498,581,564,565,10,11,459,219,642,469,470,286,222,220,641,225,747
85,582,568,566,215,182,216,12,10,638,11,459,460,468,469,642,222,640,641,225,747
85,22,497,499,5,564,565,10,11,459,219,217,221,220,641,225,747
85,582,568,581,5,639,638,10,11,459,460,469,642,222,640,641,225,747
85,582,568,581,564,565,10,638,11,459,460,468,470,286,222,640,641,225,747
85,582,568,566,215,613,565,10,12,218,217,221,220,641,225,223,747
85,582,497,499,5,639,638,461,459,219,217,221,220,641,225,747
85,582,568,566,215,613,565,10,638,461,459,460,468,469,642,221,220,641,225,747
85,582,568,566,564,5,639,638,10,11,459,219,642,221,220,641,225,747
85,582,568,581,5,639,565,613,216,12,218,217,221,220,641,225,747
85,582,497,498,5,639,565,10,11,459,460,468,469,642,222,220,641,225,747
85,582,568,566,564,581,5,639,638,10,12,218,217,221,220,641,225,747
85,22,636,637,499,5,639,638,461,459,219,217,221,220,641,225,747
85,582,568,566,564,5,639,638,10,11,459,460,468,470,286,222,220,641,225,747
85,582,568,581,5,639,638,11,459,460,468,469,470,286,222,640,641,225,747
85,582,568,566,564,565,613,216,12,10,11,459,460,468,469,642,221,220,641,225,747
85,582,568,581,5,639,588,638,11,459,460,469,642,222,220,641,225,747
85,22,497,498,5,639,638,11,459,460,469,468,470,286,222,640,641,225,747
85,582,497,499,5,639,638,11,10,12,218,217,221,220,641,225,747
85,582,568,566,215,182,218,12,10,638,461,177,287,286,222,220,641,225,747
85,582,568,581,498,5,639,638,11,459,219,642,222,220,641,225,747
85,582,568,566,564,5,639,638,10,11,459,219,217,221,220,641,225,747
85,22,636,637,499,5,639,638,11,10,12,218,217,221,220,641,225,747
85,22,497,498,5,639,638,11,459,461,177,468,470,286,222,220,641,225,747
85,582,568,566,215,182,216,12,10,11,459,219,642,469,470,286,222,640,641,225,747
85,582,568,566,215,613,565,10,638,11,459,219,642,222,640,641,225,747
85,582,497,498,5,639,565,10,11,459,460,468,469,642,221,220,641,225,747
85,582,568,581,498,5,639,638,11,459,460,469,470,286,222,220,641,225,747
85,582,568,566,215,613,565,10,638,11,459,460,469,470,286,222,640,641,225,747
85,582,568,581,5,639,588,638,11,459,460,469,642,221,220,641,225,747
85,582,568,566,564,565,10,638,11,459,460,468,469,642,222,640,641,225,747
85,582,568,581,564,565,639,638,461,177,468,469,470,286,222,220,641,225,747
85,22,636,637,499,497,498,5,639,565,613,216,182,218,217,221,220,641,225,747
85,582,568,581,498,5,639,638,11,459,219,642,221,220,641,225,747
85,582,568,581,498,5,639,638,11,459,460,468,470,286,222,220,641,225,747
85,582,497,499,5,639,638,10,11,459,219,642,222,220,641,225,747
85,22,497,498,581,564,565,10,11,459,461,177,468,469,642,222,220,641,225,747
85,582,568,566,215,613,565,10,638,11,459,460,468,470,286,222,640,641,225,747
85,582,568,581,564,5,639,638,461,459,460,469,642,222,220,641,225,747
85,22,636,637,499,5,639,638,10,11,459,219,642,222,220,641,225,747
85,582,568,566,215,182,218,12,10,11,459,460,469,468,177,287,286,222,220,641,225,747
85,22,497,498,5,639,638,10,11,459,460,469,642,222,640,641,225,747
85,582,497,499,5,639,638,10,11,459,460,469,470,286,222,220,641,225,747
85,582,568,581,498,5,639,638,11,459,219,217,221,220,641,225,747
85,582,497,498,581,564,565,10,638,461,177,468,470,286,222,220,641,225,747
85,22,636,637,499,5,639,638,10,11,459,460,469,470,286,222,220,641,225,747
85,582,568,566,215,182,216,12,10,11,638,461,177,287,286,222,220,641,225,747
85,22,497,498,5,639,565,613,216,12,218,217,221,220,641,225,747
85,582,568,566,564,565,10,11,459,219,642,469,470,286,222,640,641,225,747
85,582,497,499,5,639,638,10,11,459,219,642,221,220,641,225,747
85,22,497,498,5,639,638,11,459,460,468,469,470,286,222,640,641,225,747
85,22,497,498,581,564,565,10,11,459,461,177,468,469,642,221,220,641,225,747
85,582,497,499,5,639,638,10,11,459,460,468,470,286,222,220,641,225,747
85,582,497,498,581,5,639,638,461,177,468,469,470,286,222,220,641,225,747
85,582,568,581,564,5,639,638,461,459,460,469,642,221,220,641,225,747
85,22,636,637,499,5,639,638,10,11,459,219,642,221,220,641,225,747
85,22,497,498,5,639,588,638,11,459,460,469,642,222,220,641,225,747
85,22,497,498,581,564,565,10,638,461,459,460,469,642,222,220,641,225,747
85,22,636,637,499,5,639,638,10,11,459,460,468,470,286,222,220,641,225,747
85,582,568,581,498,5,564,565,10,12,218,217,221,220,641,225,747
85,582,497,499,5,639,638,10,11,459,219,217,221,220,641,225,747
85,582,497,498,581,564,5,639,638,11,459,460,469,642,222,220,641,225,747
85,582,568,566,215,182,216,613,565,639,638,10,12,218,217,221,220,641,225,747
85,582,568,566,215,182,216,613,565,10,11,459,460,468,177,287,286,222,220,641,225,747
85,582,568,566,564,581,5,639,638,11,459,219,642,222,220,641,225,747
85,582,568,566,215,182,216,12,10,638,461,177,468,470,286,222,640,641,225,747
85,22,636,637,499,5,639,638,10,11,459,219,217,221,220,641,225,747
85,582,568,566,215,613,565,639,638,461,177,468,469,470,286,222,220,641,225,747
85,582,497,498,581,5,639,565,10,11,459,460,469,642,222,220,641,225,747
85,22,497,498,5,639,588,638,11,459,460,469,642,221,220,641,225,747
85,582,568,581,564,5,639,638,11,459,460,469,468,470,286,222,220,641,225,747
85,22,497,498,581,564,565,10,638,461,459,460,469,642,221,220,641,225,747
85,22,497,498,581,5,639,638,10,12,216,182,218,217,221,220,641,225,747
85,582,568,566,564,581,5,639,638,11,459,460,469,470,286,222,220,641,225,747
85,22,497,498,581,5,639,638,461,459,460,468,469,642,222,220,641,225,747
85,582,497,499,5,581,564,565,613,215,182,218,217,221,220,641,225,747
85,582,568,581,5,639,565,10,11,459,460,469,468,470,286,222,220,641,225,747
85,582,568,566,564,565,10,11,638,461,177,287,286,222,220,641,225,747
85,22,497,498,581,564,565,639,638,11,459,460,468,469,642,222,220,641,225,747
85,582,497,498,581,564,5,639,638,11,459,460,469,642,221,220,641,225,747
85,582,568,566,564,565,639,638,461,459,460,469,468,470,286,222,220,641,225,747
85,22,636,637,499,5,581,564,565,613,215,182,218,217,221,220,641,225,747
85,582,568,566,564,581,5,639,638,11,459,219,642,221,220,641,225,747
85,22,497,499,5,639,638,461,177,468,469,470,286,222,220,641,225,747
85,582,497,498,581,5,639,565,10,11,459,460,469,642,221,220,641,225,747
85,582,568,566,564,581,5,639,638,11,459,460,468,470,286,222,220,641,225,747
85,582,568,566,215,182,218,12,10,638,461,177,468,469,642,222,220,641,225,747
85,22,497,498,581,564,565,10,638,11,459,460,469,468,470,286,222,220,641,225,747
85,22,497,498,581,5,639,638,461,459,460,468,469,642,221,220,641,225,747
85,22,497,498,581,564,565,639,638,11,459,460,468,469,642,221,220,641,225,747
85,582,568,566,564,581,5,639,638,11,459,219,217,221,220,641,225,747
85,582,568,566,564,565,10,638,461,177,468,470,286,222,640,641,225,747
85,22,497,499,5,639,565,10,11,459,460,469,642,222,220,641,225,747
85,22,497,498,5,581,564,565,10,11,459,219,642,222,220,641,225,747
85,582,568,566,215,182,216,613,565,10,11,459,460,469,468,470,286,222,640,641,225,747
85,582,568,581,564,5,639,638,10,11,459,460,469,642,222,220,641,225,747
85,582,568,566,215,182,218,12,10,638,461,177,468,469,642,221,220,641,225,747
85,582,568,566,215,182,216,613,565,10,11,459,461,177,468,470,286,222,220,641,225,747
85,582,568,581,5,564,565,10,11,459,460,469,642,222,640,641,225,747
85,22,497,498,581,5,639,638,11,459,219,642,222,640,641,225,747
85,22,497,498,5,581,564,565,10,11,459,460,469,470,286,222,220,641,225,747
85,582,568,581,564,5,639,638,11,459,460,468,469,470,286,222,220,641,225,747
85,22,497,499,5,639,565,10,11,459,460,469,642,221,220,641,225,747
85,582,568,581,5,639,565,10,11,459,460,468,469,470,286,222,220,641,225,747
85,22,497,498,581,5,639,638,11,459,460,469,470,286,222,640,641,225,747
85,22,497,498,5,581,564,565,10,11,459,219,642,221,220,641,225,747
85,582,568,581,564,566,215,182,218,217,221,220,641,225,223,747
85,582,568,581,564,5,639,638,10,11,459,460,469,642,221,220,641,225,747
85,582,568,566,564,5,639,638,11,459,460,469,642,222,640,641,225,747
85,582,568,566,215,182,218,12,10,11,459,461,177,468,469,470,286,222,220,641,225,747
85,582,568,566,564,565,639,638,461,459,460,468,469,470,286,222,220,641,225,747
85,22,497,498,5,581,564,565,10,11,459,460,468,470,286,222,220,641,225,747
85,22,497,498,5,639,565,10,11,459,460,469,468,470,286,222,220,641,225,747
85,582,568,566,215,182,216,12,10,11,638,461,177,468,469,642,222,220,641,225,747
85,582,568,581,564,565,10,11,638,461,177,468,470,286,222,220,641,225,747
85,22,497,498,581,5,639,638,11,459,460,468,470,286,222,640,641,225,747
85,22,497,498,581,564,565,10,638,11,459,460,468,469,470,286,222,220,641,225,747
85,582,568,566,215,182,216,613,565,639,638,11,459,219,642,222,220,641,225,747
85,582,568,566,215,182,218,12,10,638,461,459,219,642,222,220,641,225,747
85,22,497,498,5,581,564,565,10,11,459,219,217,221,220,641,225,747
85,582,568,566,215,182,216,613,565,639,638,11,459,460,469,470,286,222,220,641,225,747
85,582,568,566,215,182,216,12,10,11,638,461,177,468,469,642,221,220,641,225,747
85,582,568,566,215,182,218,12,10,638,461,459,460,469,470,286,222,220,641,225,747
85,582,497,498,581,564,565,10,11,459,461,177,287,286,222,220,641,225,747
85,22,497,498,581,5,639,638,10,11,459,460,468,469,642,222,220,641,225,747
85,582,568,566,215,182,216,613,565,10,11,459,460,468,469,470,286,222,640,641,225,747
85,582,568,581,5,639,638,461,177,287,286,222,640,641,225,747
85,22,497,499,5,581,564,566,215,182,218,217,221,220,641,225,747
85,582,497,499,5,564,565,10,11,459,219,642,222,220,641,225,747
85,582,568,566,564,565,639,638,10,11,459,460,469,468,470,286,222,220,641,225,747
85,582,568,566,215,182,216,613,565,639,638,11,459,219,642,221,220,641,225,747
85,582,568,566,215,182,218,12,10,638,461,459,219,642,221,220,641,225,747
85,582,568,566,215,182,216,613,565,639,638,11,459,460,468,470,286,222,220,641,225,747
85,22,636,637,499,5,564,565,10,11,459,219,642,222,220,641,225,747
85,582,568,566,215,182,218,12,10,638,461,459,460,468,470,286,222,220,641,225,747
85,22,497,498,581,564,5,639,638,10,12,218,217,221,220,641,225,747
85,22,497,498,581,564,565,639,638,461,177,468,470,286,222,220,641,225,747
85,22,497,498,5,564,565,10,11,459,460,469,642,222,640,641,225,747
85,582,497,499,5,564,565,10,11,459,460,469,470,286,222,220,641,225,747
85,582,568,566,564,565,10,11,638,461,177,468,469,642,222,220,641,225,747
85,582,497,498,5,639,638,11,459,460,468,177,287,286,222,220,641,225,747
85,582,497,498,5,639,638,461,459,460,469,642,222,640,641,225,747
85,22,497,498,581,5,639,638,10,11,459,460,468,469,642,221,220,641,225,747
85,22,636,637,499,5,564,565,10,11,459,460,469,470,286,222,220,641,225,747
85,582,568,566,215,182,216,613,565,639,638,11,459,219,217,221,220,641,225,747
85,22,497,498,5,639,565,10,11,459,460,468,469,470,286,222,220,641,225,747
85,582,568,566,215,182,218,12,10,638,461,459,219,217,221,220,641,225,747
85,582,497,499,5,564,565,10,11,459,219,642,221,220,641,225,747
85,582,568,566,215,182,216,12,10,11,459,461,177,287,286,222,640,641,225,747
85,582,497,499,5,581,564,565,10,12,218,217,221,220,641,225,747
85,582,568,566,215,613,565,10,11,638,461,177,468,470,286,222,220,641,225,747
85,582,497,499,5,564,565,10,11,459,460,468,470,286,222,220,641,225,747
85,22,636,637,499,5,564,565,10,11,459,219,642,221,220,641,225,747
85,582,568,566,215,182,216,12,10,11,638,461,459,219,642,222,220,641,225,747
85,582,497,499,5,639,638,11,459,460,469,642,222,640,641,225,747
85,22,636,637,499,5,581,564,565,10,12,218,217,221,220,641,225,747
85,22,636,637,499,5,564,565,10,11,459,460,468,470,286,222,220,641,225,747
85,582,568,566,564,565,10,11,638,461,177,468,469,642,221,220,641,225,747
85,22,636,637,499,497,498,581,564,565,10,11,459,219,642,222,220,641,225,747
85,22,636,637,499,5,639,638,11,459,460,469,642,222,640,641,225,747
85,582,568,566,215,182,216,12,10,11,638,461,459,460,469,470,286,222,220,641,225,747
85,582,497,499,5,564,565,10,11,459,219,217,221,220,641,225,747
85,22,636,637,499,497,498,581,564,565,10,11,459,460,469,470,286,222,220,641,225,747
85,22,636,637,499,5,564,565,10,11,459,219,217,221,220,641,225,747
85,582,568,566,215,182,216,12,10,11,638,461,459,219,642,221,220,641,225,747
85,22,497,498,581,5,564,565,10,12,216,182,218,217,221,220,641,225,747
85,582,568,566,215,182,216,12,10,11,638,461,459,460,468,470,286,222,220,641,225,747
85,582,568,566,564,565,639,638,10,11,459,460,468,469,470,286,222,220,641,225,747
85,22,497,498,5,639,638,461,177,287,286,222,640,641,225,747
85,22,636,637,499,497,498,581,564,565,10,11,459,219,642,221,220,641,225,747
85,582,497,498,5,639,638,11,459,460,469,468,470,286,222,640,641,225,747
85,22,636,637,499,497,498,581,564,565,10,11,459,460,468,470,286,222,220,641,225,747
85,582,568,566,564,565,10,11,459,461,177,287,286,222,640,641,225,747
85,582,497,498,5,639,638,11,459,461,177,468,470,286,222,220,641,225,747
85,582,568,566,215,182,216,12,10,11,638,461,459,219,217,221,220,641,225,747
85,582,568,566,564,565,10,11,638,461,459,219,642,222,220,641,225,747
85,582,568,581,564,565,10,11,459,460,468,177,287,286,222,640,641,225,747
85,22,636,637,499,497,498,581,564,565,10,11,459,219,217,221,220,641,225,747
85,582,568,566,564,565,10,11,638,461,459,460,469,470,286,222,220,641,225,747
85,582,568,566,564,565,10,11,638,461,459,219,642,221,220,641,225,747
85,582,568,566,564,5,639,638,461,177,468,469,470,286,222,220,641,225,747
85,22,497,498,581,564,5,639,638,11,459,219,642,222,220,641,225,747
85,582,497,498,581,564,565,10,11,459,461,177,468,469,642,222,220,641,225,747
85,582,568,566,564,565,10,11,638,461,459,460,468,470,286,222,220,641,225,747
85,582,568,566,215,182,218,217,219,459,460,469,468,177,287,286,222,220,641,225,747
85,582,568,581,5,639,638,461,177,468,469,642,222,640,641,225,747
85,22,497,498,581,5,639,565,10,11,459,219,642,222,220,641,225,747
85,582,497,498,5,639,638,10,11,459,460,469,642,222,640,641,225,747
85,582,568,581,498,5,564,566,215,182,218,217,221,220,641,225,747
85,22,497,498,581,564,5,639,638,11,459,460,469,470,286,222,220,641,225,747
85,582,497,498,5,639,565,613,216,12,218,217,221,220,641,225,747
85,582,568,581,5,639,638,11,459,219,642,469,470,286,222,220,641,225,747
85,582,568,566,564,565,10,11,638,461,459,219,217,221,220,641,225,747
85,22,497,498,581,5,639,565,10,11,459,460,469,470,286,222,220,641,225,747
85,582,568,581,564,565,639,638,10,12,216,182,218,217,221,220,641,225,747
85,582,497,498,5,639,638,11,459,460,468,469,470,286,222,640,641,225,747
85,582,568,566,215,613,216,12,10,11,459,460,469,642,222,640,641,225,747
85,582,568,566,564,5,639,565,10,11,459,460,469,642,222,220,641,225,747
85,22,497,498,581,564,5,639,638,11,459,219,642,221,220,641,225,747
85,582,568,581,564,565,639,638,461,459,460,468,469,642,222,220,641,225,747
85,582,497,498,581,564,565,10,11,459,461,177,468,469,642,221,220,641,225,747
85,582,497,498,5,639,588,638,11,459,460,469,642,222,220,641,225,747
85,22,497,498,581,564,5,639,638,11,459,460,468,470,286,222,220,641,225,747
85,582,497,498,581,564,565,10,638,461,459,460,469,642,222,220,641,225,747
85,22,497,498,581,5,639,565,10,11,459,219,642,221,220,641,225,747
85,582,568,566,215,182,216,12,10,11,459,461,177,468,469,642,222,640,641,225,747
85,582,568,566,215,613,565,10,11,459,460,468,177,287,286,222,640,641,225,747
85,22,497,498,581,5,639,565,10,11,459,460,468,470,286,222,220,641,225,747
85,582,568,581,564,565,10,11,459,461,177,468,470,286,222,640,641,225,747
85,582,568,581,564,565,10,638,461,459,460,469,468,470,286,222,220,641,225,747
85,22,497,498,581,564,5,639,638,11,459,219,217,221,220,641,225,747
85,582,568,566,564,5,639,565,10,11,459,460,469,642,221,220,641,225,747
85,582,568,581,564,565,639,638,461,459,460,468,469,642,221,220,641,225,747
85,582,568,581,564,5,639,638,461,177,287,286,222,220,641,225,747
85,582,497,498,5,639,588,638,11,459,460,469,642,221,220,641,225,747
85,22,497,498,581,5,639,565,10,11,459,219,217,221,220,641,225,747
85,582,497,498,581,564,565,10,638,461,459,460,469,642,221,220,641,225,747
85,582,497,498,581,5,639,638,10,12,216,182,218,217,221,220,641,225,747
85,22,497,498,581,5,564,565,10,11,459,460,468,469,642,222,220,641,225,747
85,582,497,498,581,5,639,638,461,459,460,468,469,642,222,220,641,225,747
85,582,568,566,215,182,216,12,10,638,11,459,460,468,177,287,286,222,220,641,225,747
85,582,497,498,581,564,565,639,638,11,459,460,468,469,642,222,220,641,225,747
85,582,568,566,215,182,216,12,10,638,461,459,460,469,642,222,640,641,225,747
85,582,568,581,5,639,638,461,459,219,642,222,640,641,225,747
85,22,497,498,5,639,638,461,177,468,469,642,222,640,641,225,747
85,582,497,499,5,639,638,461,177,468,469,470,286,222,220,641,225,747
85,582,568,581,564,565,639,638,11,459,219,642,222,640,641,225,747
85,22,497,498,581,564,565,10,638,461,177,287,286,222,220,641,225,747
85,22,636,637,499,5,639,638,461,177,468,469,470,286,222,220,641,225,747
85,582,568,566,215,613,565,639,638,10,12,216,182,218,217,221,220,641,225,747
85,22,497,498,581,5,564,565,10,11,459,460,468,469,642,221,220,641,225,747
85,582,568,581,5,639,638,461,459,460,469,470,286,222,640,641,225,747
85,582,568,566,564,565,10,11,459,461,177,468,469,642,222,640,641,225,747
85,582,497,498,581,564,565,10,638,11,459,460,469,468,470,286,222,220,641,225,747
85,582,568,566,215,613,565,639,638,461,459,460,468,469,642,222,220,641,225,747
85,582,497,498,581,5,639,638,461,459,460,468,469,642,221,220,641,225,747
85,22,497,498,5,639,638,11,459,219,642,469,470,286,222,220,641,225,747
85,582,568,581,564,565,639,638,11,459,460,469,470,286,222,640,641,225,747
85,582,497,498,581,564,565,639,638,11,459,460,468,469,642,221,220,641,225,747
85,582,568,581,5,639,588,638,10,12,218,217,221,220,641,225,747
85,582,497,499,5,639,565,10,11,459,460,469,642,222,220,641,225,747
85,582,568,566,215,613,565,10,11,459,461,177,468,470,286,222,640,641,225,747
85,582,568,581,5,639,638,461,459,460,468,470,286,222,640,641,225,747
85,582,497,498,5,581,564,565,10,11,459,219,642,222,220,641,225,747
85,582,568,566,215,613,565,10,638,461,459,460,469,468,470,286,222,220,641,225,747
85,582,568,581,564,565,10,638,461,459,460,468,469,470,286,222,220,641,225,747
85,22,497,499,5,639,638,10,12,216,182,218,217,221,220,641,225,747
85,22,636,637,499,5,639,565,10,11,459,460,469,642,222,220,641,225,747
85,582,568,581,564,565,639,638,11,459,460,468,470,286,222,640,641,225,747
85,22,497,499,5,639,638,461,459,460,468,469,642,222,220,641,225,747
85,582,568,566,215,613,565,639,638,461,459,460,468,469,642,221,220,641,225,747
85,582,497,498,581,5,639,638,11,459,219,642,222,640,641,225,747
85,582,497,498,5,581,564,565,10,11,459,460,469,470,286,222,220,641,225,747
85,582,568,566,564,565,10,638,11,459,460,468,177,287,286,222,220,641,225,747
85,582,568,566,564,565,10,638,461,459,460,469,642,222,640,641,225,747
85,582,568,566,564,565,613,216,12,10,11,459,460,469,468,470,286,222,220,641,225,747
85,582,568,566,215,182,216,12,10,638,11,459,460,469,468,470,286,222,640,641,225,747
85,22,497,498,581,564,565,10,11,459,460,469,468,177,287,286,222,220,641,225,747
85,582,497,499,5,639,565,10,11,459,460,469,642,221,220,641,225,747
85,582,497,498,581,5,639,638,11,459,460,469,470,286,222,640,641,225,747
85,582,568,581,564,565,639,638,10,11,459,460,468,469,642,222,220,641,225,747
85,582,497,498,5,581,564,565,10,11,459,219,642,221,220,641,225,747
85,582,568,566,215,182,218,217,219,459,461,177,468,469,470,286,222,220,641,225,747
85,22,636,637,499,497,498,5,639,638,11,459,460,469,642,222,220,641,225,747
85,582,568,566,215,182,216,12,10,638,11,459,461,177,468,470,286,222,220,641,225,747
85,22,636,637,499,5,639,565,10,11,459,460,469,642,221,220,641,225,747
85,582,497,498,5,581,564,565,10,11,459,460,468,470,286,222,220,641,225,747
85,582,497,498,5,639,565,10,11,459,460,469,468,470,286,222,220,641,225,747
85,22,497,499,5,639,638,461,459,460,468,469,642,221,220,641,225,747
85,582,568,566,215,613,565,639,638,11,459,219,642,222,640,641,225,747
85,22,497,498,5,639,638,461,459,219,642,222,640,641,225,747
85,582,497,498,581,5,639,638,11,459,460,468,470,286,222,640,641,225,747
85,582,497,498,581,564,565,10,638,11,459,460,468,469,470,286,222,220,641,225,747
85,582,497,498,5,581,564,565,10,11,459,219,217,221,220,641,225,747
85,582,568,566,215,613,565,639,638,11,459,460,469,470,286,222,640,641,225,747
85,582,568,581,564,565,639,638,10,11,459,460,468,469,642,221,220,641,225,747
85,582,568,566,564,565,639,638,11,459,460,468,469,642,222,640,641,225,747
85,22,636,637,499,497,498,5,639,638,11,459,460,469,642,221,220,641,225,747
85,22,497,498,5,639,638,461,459,460,469,470,286,222,640,641,225,747
85,582,568,581,564,565,10,11,638,461,459,460,469,642,222,220,641,225,747
85,22,497,499,5,639,638,11,459,219,642,222,640,641,225,747
85,22,497,498,5,639,588,638,10,12,218,217,221,220,641,225,747
85,582,497,498,581,5,639,638,10,11,459,460,468,469,642,222,220,641,225,747
85,582,568,566,215,613,565,10,638,461,459,460,468,469,470,286,222,220,641,225,747
85,582,568,566,215,613,565,639,638,11,459,460,468,470,286,222,640,641,225,747
85,582,497,499,5,581,564,566,215,182,218,217,221,220,641,225,747
85,582,568,581,564,5,639,638,461,177,468,469,642,222,220,641,225,747
85,582,568,566,564,565,10,638,11,459,460,469,468,470,286,222,640,641,225,747
85,22,497,498,5,639,638,461,459,460,468,470,286,222,640,641,225,747
85,22,497,499,5,639,638,11,459,460,469,470,286,222,640,641,225,747
85,582,568,581,5,639,638,10,11,459,219,642,222,640,641,225,747
85,22,636,637,499,5,581,564,566,215,182,218,217,221,220,641,225,747
85,582,568,566,564,565,10,638,11,459,461,177,468,470,286,222,220,641,225,747
85,582,497,498,581,564,5,639,638,10,12,218,217,221,220,641,225,747
85,582,568,566,564,565,613,216,12,10,11,459,460,468,469,470,286,222,220,641,225,747
85,582,568,566,215,182,218,12,10,638,11,459,460,469,642,222,640,641,225,747
85,582,568,581,564,565,10,11,638,461,459,460,469,642,221,220,641,225,747
85,582,497,498,581,564,565,639,638,461,177,468,470,286,222,220,641,225,747
85,582,497,498,5,564,565,10,11,459,460,469,642,222,640,641,225,747
85,582,568,581,5,639,638,11,10,12,216,182,218,217,221,220,641,225,747
85,582,568,566,215,182,216,12,10,638,11,459,460,468,469,470,286,222,640,641,225,747
85,582,568,581,5,639,638,10,11,459,460,469,470,286,222,640,641,225,747
85,582,568,566,215,613,565,639,638,10,11,459,460,468,469,642,222,220,641,225,747
85,582,497,498,581,5,639,638,10,11,459,460,468,469,642,221,220,641,225,747
85,22,497,499,5,639,638,11,459,460,468,470,286,222,640,641,225,747
85,582,568,581,5,639,588,638,11,459,219,642,222,220,641,225,747
85,582,568,581,564,5,639,638,461,177,468,469,642,221,220,641,225,747
85,582,497,498,5,639,565,10,11,459,460,468,469,470,286,222,220,641,225,747
85,582,568,566,215,182,216,613,565,10,638,11,459,460,468,469,642,222,220,641,225,747
85,22,497,498,581,564,565,639,638,461,459,460,469,642,222,220,641,225,747
85,22,497,498,581,564,565,10,638,461,177,468,469,642,222,220,641,225,747
85,582,568,581,5,639,638,10,11,459,460,468,470,286,222,640,641,225,747
85,582,568,566,215,182,218,12,10,11,459,219,642,469,468,470,286,222,220,641,225,747
85,582,568,581,5,639,588,638,11,459,460,469,470,286,222,220,641,225,747
85,22,497,499,5,581,568,566,215,182,218,217,221,220,641,225,747
85,22,497,499,5,639,638,10,11,459,460,468,469,642,222,220,641,225,747
85,582,568,566,215,613,565,639,638,10,11,459,460,468,469,642,221,220,641,225,747
85,582,568,566,215,613,565,10,11,638,461,459,460,469,642,222,220,641,225,747
85,582,568,581,5,639,588,638,11,459,219,642,221,220,641,225,747
85,582,568,566,215,182,216,613,565,10,638,11,459,460,468,469,642,221,220,641,225,747
85,22,497,498,581,564,565,639,638,461,459,460,469,642,221,220,641,225,747
85,22,497,498,581,564,565,10,638,461,177,468,469,642,221,220,641,225,747
85,582,568,581,5,639,588,638,11,459,460,468,470,286,222,220,641,225,747
85,582,568,566,215,182,216,613,565,10,11,459,219,642,469,470,286,222,220,641,225,747
85,582,568,566,564,565,10,638,11,459,460,468,469,470,286,222,640,641,225,747
85,582,497,498,581,5,564,565,10,12,216,182,218,217,221,220,641,225,747
85,582,497,498,5,639,638,461,177,287,286,222,640,641,225,747
85,22,497,499,5,639,638,10,11,459,460,468,469,642,221,220,641,225,747
85,582,568,581,564,5,639,638,461,459,219,642,222,220,641,225,747
85,582,568,566,215,182,216,12,10,11,459,460,469,642,222,220,641,225,223,747
85,582,568,581,5,639,588,638,11,459,219,217,221,220,641,225,747
85,582,568,566,215,613,565,10,11,638,461,459,460,469,642,221,220,641,225,747
85,22,497,498,5,639,638,10,11,459,219,642,222,640,641,225,747
85,582,568,581,5,639,638,11,459,461,177,287,286,222,220,641,225,747
85,22,497,498,581,5,639,638,461,459,460,469,468,470,286,222,220,641,225,747
85,22,497,498,581,564,565,10,11,459,461,177,468,469,470,286,222,220,641,225,747
85,582,568,581,564,5,639,638,461,459,460,469,470,286,222,220,641,225,747
85,22,497,498,5,639,638,11,10,12,216,182,218,217,221,220,641,225,747
85,22,497,498,581,564,565,639,638,11,459,460,469,468,470,286,222,220,641,225,747
85,22,497,498,5,639,638,10,11,459,460,469,470,286,222,640,641,225,747
85,582,568,581,564,5,639,638,461,459,219,642,221,220,641,225,747
85,22,497,498,5,639,588,638,11,459,219,642,222,220,641,225,747
85,582,568,566,215,182,216,12,10,11,459,460,469,642,221,220,641,225,223,747
85,582,568,566,564,565,639,638,461,177,468,470,286,222,640,641,225,747
85,22,497,498,581,564,565,10,638,461,459,219,642,222,220,641,225,747
85,582,568,581,564,5,639,638,461,459,460,468,470,286,222,220,641,225,747
85,22,497,498,5,639,638,10,11,459,460,468,470,286,222,640,641,225,747
85,22,497,498,5,639,588,638,11,459,460,469,470,286,222,220,641,225,747
85,22,497,498,581,564,565,10,638,461,459,460,469,470,286,222,220,641,225,747
85,582,497,498,581,564,5,639,638,11,459,219,642,222,220,641,225,747
85,22,497,499,5,564,565,10,12,216,182,218,217,221,220,641,225,747
85,582,568,581,564,5,639,638,461,459,219,217,221,220,641,225,747
85,582,497,498,581,5,639,565,10,11,459,219,642,222,220,641,225,747
85,582,568,566,564,565,10,11,459,460,469,642,222,220,641,225,223,747
85,22,497,498,5,639,588,638,11,459,219,642,221,220,641,225,747
85,22,497,498,581,564,565,10,638,461,459,219,642,221,220,641,225,747
85,582,497,498,581,564,5,639,638,11,459,460,469,470,286,222,220,641,225,747
85,22,497,498,5,639,588,638,11,459,460,468,470,286,222,220,641,225,747
85,22,497,498,581,564,565,10,638,461,459,460,468,470,286,222,220,641,225,747
85,582,497,498,581,5,639,565,10,11,459,460,469,470,286,222,220,641,225,747
85,22,497,498,581,564,565,639,638,10,11,459,460,469,642,222,220,641,225,747
85,582,568,581,564,5,639,638,11,10,12,218,217,221,220,641,225,747
85,582,497,498,581,564,5,639,638,11,459,219,642,221,220,641,225,747
85,582,568,566,564,5,639,638,10,12,216,182,218,217,221,220,641,225,747
85,582,568,566,215,182,216,613,565,10,638,461,177,468,470,286,222,220,641,225,747
85,22,497,498,581,5,639,638,461,459,460,468,469,470,286,222,220,641,225,747
85,582,497,498,581,564,5,639,638,11,459,460,468,470,286,222,220,641,225,747
85,22,497,498,5,639,588,638,11,459,219,217,221,220,641,225,747
85,582,497,498,581,5,639,565,10,11,459,219,642,221,220,641,225,747
85,582,568,566,564,5,639,638,461,459,460,468,469,642,222,220,641,225,747
85,582,568,566,564,565,10,11,459,460,469,642,221,220,641,225,223,747
85,22,497,498,581,564,565,10,638,461,459,219,217,221,220,641,225,747
85,22,497,498,581,564,565,639,638,11,459,460,468,469,470,286,222,220,641,225,747
85,22,497,498,5,639,638,11,459,461,177,287,286,222,220,641,225,747
85,582,497,498,581,5,639,565,10,11,459,460,468,470,286,222,220,641,225,747
85,22,497,498,581,564,565,639,638,10,11,459,460,469,642,221,220,641,225,747
85,582,497,498,581,564,5,639,638,11,459,219,217,221,220,641,225,747
85,582,568,566,215,182,218,12,10,638,461,177,468,469,470,286,222,220,641,225,747
85,582,497,498,581,5,639,565,10,11,459,219,217,221,220,641,225,747
85,22,497,499,5,639,565,10,11,459,219,642,222,220,641,225,747
85,582,568,566,564,5,639,638,461,459,460,468,469,642,221,220,641,225,747
85,582,497,498,581,5,564,565,10,11,459,460,468,469,642,222,220,641,225,747
85,582,568,581,564,5,639,638,10,11,459,219,642,222,220,641,225,747
85,22,497,499,5,639,565,10,11,459,460,469,470,286,222,220,641,225,747
85,582,568,581,498,5,639,565,613,215,182,218,217,221,220,641,225,747
85,582,568,581,5,564,565,10,11,459,219,642,222,640,641,225,747
85,22,497,498,581,5,639,638,10,11,459,460,469,468,470,286,222,220,641,225,747
85,582,568,581,564,5,639,638,10,11,459,460,469,470,286,222,220,641,225,747
85,582,568,581,564,565,613,216,12,10,11,459,460,468,469,642,222,220,641,225,747
85,582,497,498,5,639,638,461,177,468,469,642,222,640,641,225,747
85,22,497,499,5,639,565,10,11,459,219,642,221,220,641,225,747
85,582,568,581,5,564,565,10,11,459,460,469,470,286,222,640,641,225,747
85,582,497,498,581,564,565,10,638,461,177,287,286,222,220,641,225,747
85,582,497,498,581,5,564,565,10,11,459,460,468,469,642,221,220,641,225,747
85,582,568,581,5,639,638,11,459,461,177,468,469,642,222,220,641,225,747
85,582,568,581,564,5,639,638,10,11,459,219,642,221,220,641,225,747
85,582,568,566,564,5,639,638,11,459,219,642,222,640,641,225,747
85,22,497,499,5,639,565,10,11,459,460,468,470,286,222,220,641,225,747
85,582,497,498,5,639,638,11,459,219,642,469,470,286,222,220,641,225,747
85,582,568,581,564,5,639,638,10,11,459,460,468,470,286,222,220,641,225,747
85,582,568,566,564,5,639,638,11,459,460,469,470,286,222,640,641,225,747
85,582,568,581,564,565,613,216,12,10,11,459,460,468,469,642,221,220,641,225,747
85,582,568,581,5,564,565,10,11,459,460,468,470,286,222,640,641,225,747
85,22,636,637,499,497,498,581,5,564,565,613,216,182,218,217,221,220,641,225,747
85,22,497,499,5,639,565,10,11,459,219,217,221,220,641,225,747
85,582,568,566,215,182,216,12,10,11,638,461,177,468,469,470,286,222,220,641,225,747
85,582,497,499,5,639,638,10,12,216,182,218,217,221,220,641,225,747
85,22,497,499,5,564,565,10,11,459,460,468,469,642,222,220,641,225,747
85,582,568,581,564,5,639,638,10,11,459,219,217,221,220,641,225,747
85,582,568,581,5,639,638,11,459,461,177,468,469,642,221,220,641,225,747
85,582,497,499,5,639,638,461,459,460,468,469,642,222,220,641,225,747
85,22,636,637,499,5,639,638,10,12,216,182,218,217,221,220,641,225,747
85,582,568,566,564,5,639,638,11,459,460,468,470,286,222,640,641,225,747
85,582,568,566,215,182,216,12,10,638,461,177,287,286,222,640,641,225,747
85,22,636,637,499,5,639,638,461,459,460,468,469,642,222,220,641,225,747
85,582,497,498,581,564,565,10,11,459,460,469,468,177,287,286,222,220,641,225,747
85,582,568,581,564,565,10,638,11,459,460,468,469,642,222,640,641,225,747
85,22,497,498,581,5,564,565,613,216,12,218,217,221,220,641,225,747
85,22,497,499,5,564,565,10,11,459,460,468,469,642,221,220,641,225,747
85,22,497,498,581,5,639,638,10,11,459,460,468,469,470,286,222,220,641,225,747
85,582,568,566,564,5,639,638,10,11,459,460,468,469,642,222,220,641,225,747
85,582,497,499,5,639,638,461,459,460,468,469,642,221,220,641,225,747
85,22,497,498,5,564,565,10,11,459,219,642,222,640,641,225,747
85,582,497,498,5,639,638,461,459,219,642,222,640,641,225,747
85,22,636,637,499,5,639,638,461,459,460,468,469,642,221,220,641,225,747
85,22,497,498,5,564,565,10,11,459,460,469,470,286,222,640,641,225,747
85,582,568,566,564,581,5,639,565,613,215,182,218,217,221,220,641,225,747
85,582,568,566,564,565,10,11,638,461,177,468,469,470,286,222,220,641,225,747
85,582,497,498,5,639,638,461,459,460,469,470,286,222,640,641,225,747
85,22,497,498,5,639,638,11,459,461,177,468,469,642,222,220,641,225,747
85,582,568,566,215,182,216,12,10,11,459,460,469,468,177,287,286,222,640,641,225,747
85,582,568,581,564,565,10,11,459,219,642,469,470,286,222,640,641,225,747
85,582,568,566,564,5,639,638,10,11,459,460,468,469,642,221,220,641,225,747
85,582,497,499,5,639,638,11,459,219,642,222,640,641,225,747
85,582,497,498,5,639,588,638,10,12,218,217,221,220,641,225,747
85,582,568,566,564,565,10,638,461,177,287,286,222,640,641,225,747
85,22,497,498,5,564,565,10,11,459,460,468,470,286,222,640,641,225,747
85,22,636,637,499,5,639,638,11,459,219,642,222,640,641,225,747
85,582,497,498,5,639,638,461,459,460,468,470,286,222,640,641,225,747
85,582,497,499,5,639,638,11,459,460,469,470,286,222,640,641,225,747
85,582,568,566,215,182,216,613,565,10,11,459,461,177,287,286,222,220,641,225,747
85,22,497,498,5,639,638,11,459,461,177,468,469,642,221,220,641,225,747
85,22,636,637,499,5,639,638,11,459,460,469,470,286,222,640,641,225,747
85,582,568,581,498,5,639,638,11,459,460,468,469,642,222,220,641,225,747
85,582,568,566,215,613,565,10,638,11,459,460,468,469,642,222,640,641,225,747
85,582,497,499,5,639,638,11,459,460,468,470,286,222,640,641,225,747
85,582,497,498,581,564,565,639,638,461,459,460,469,642,222,220,641,225,747
85,22,636,637,499,5,639,638,11,459,460,468,470,286,222,640,641,225,747
85,582,497,498,581,564,565,10,638,461,177,468,469,642,222,220,641,225,747
85,582,568,581,498,5,639,565,10,12,218,217,221,220,641,225,747
85,582,568,581,564,565,10,11,638,461,177,287,286,222,220,641,225,747
85,582,568,581,498,5,639,638,11,459,460,468,469,642,221,220,641,225,747
85,582,568,566,564,565,10,11,459,460,469,468,177,287,286,222,640,641,225,747
85,582,497,499,5,581,568,566,215,182,218,217,221,220,641,225,747
85,582,568,581,564,565,639,638,461,459,460,469,468,470,286,222,220,641,225,747
85,582,497,499,5,639,638,10,11,459,460,468,469,642,222,220,641,225,747
85,22,497,498,5,581,564,565,10,12,216,182,218,217,221,220,641,225,747
85,22,636,637,499,5,581,568,566,215,182,218,217,221,220,641,225,747
85,22,636,637,499,5,639,638,10,11,459,460,468,469,642,222,220,641,225,747
85,582,568,566,215,613,565,10,11,459,219,642,469,470,286,222,640,641,225,747
85,582,497,498,581,564,565,639,638,461,459,460,469,642,221,220,641,225,747
85,582,497,498,581,564,565,10,638,461,177,468,469,642,221,220,641,225,747
85,582,568,566,215,182,216,12,10,638,461,177,468,469,642,222,640,641,225,747
85,582,497,499,5,639,638,10,11,459,460,468,469,642,221,220,641,225,747
85,582,568,581,564,565,10,638,461,177,468,470,286,222,640,641,225,747
85,582,497,498,5,639,638,10,11,459,219,642,222,640,641,225,747
85,22,636,637,499,5,639,638,10,11,459,460,468,469,642,221,220,641,225,747
85,22,497,498,581,5,564,565,10,11,459,460,469,468,470,286,222,220,641,225,747
85,22,497,498,581,564,565,613,216,12,10,11,459,460,469,642,222,220,641,225,747
85,22,497,498,581,564,565,639,638,461,177,287,286,222,220,641,225,747
85,582,497,498,581,5,639,638,461,459,460,469,468,470,286,222,220,641,225,747
85,582,497,498,581,564,565,10,11,459,461,177,468,469,470,286,222,220,641,225,747
85,582,568,566,215,182,216,12,10,638,11,459,219,642,469,470,286,222,220,641,225,747
85,582,568,581,5,639,638,461,177,468,469,470,286,222,640,641,225,747
85,582,497,498,5,639,638,11,10,12,216,182,218,217,221,220,641,225,747
85,582,497,498,581,564,565,639,638,11,459,460,469,468,470,286,222,220,641,225,747
85,582,497,498,5,639,638,10,11,459,460,469,470,286,222,640,641,225,747
85,582,568,566,215,613,216,12,10,11,459,219,642,222,640,641,225,747
85,582,568,566,564,5,639,565,10,11,459,219,642,222,220,641,225,747
85,22,636,637,499,497,498,5,639,638,10,12,218,217,221,220,641,225,747
85,582,568,566,564,581,5,639,638,11,459,460,468,469,642,222,220,641,225,747
85,582,497,498,5,639,588,638,11,459,219,642,222,220,641,225,747
85,582,568,566,215,613,565,10,11,638,461,177,287,286,222,220,641,225,747
85,582,497,498,581,564,565,10,638,461,459,219,642,222,220,641,225,747
85,582,568,581,564,5,639,638,11,459,460,469,642,222,640,641,225,747
85,582,568,566,215,613,216,12,10,11,459,460,469,470,286,222,640,641,225,747
85,582,568,566,564,5,639,565,10,11,459,460,469,470,286,222,220,641,225,747
85,22,497,498,581,564,565,613,216,12,10,11,459,460,469,642,221,220,641,225,747
85,582,568,566,215,613,565,639,638,461,459,460,469,468,470,286,222,220,641,225,747
85,582,568,581,564,565,639,638,461,459,460,468,469,470,286,222,220,641,225,747
85,582,497,498,5,639,638,10,11,459,460,468,470,286,222,640,641,225,747
85,582,497,498,5,639,588,638,11,459,460,469,470,286,222,220,641,225,747
85,582,568,581,5,639,565,10,11,459,460,469,642,222,640,641,225,747
85,582,497,498,581,564,565,10,638,461,459,460,469,470,286,222,220,641,225,747
85,582,497,499,5,564,565,10,12,216,182,218,217,221,220,641,225,747
85,582,568,566,564,565,639,638,11,459,460,468,177,287,286,222,220,641,225,747
85,582,568,566,564,5,639,565,10,11,459,219,642,221,220,641,225,747
85,582,568,566,564,565,639,638,461,459,460,469,642,222,640,641,225,747
85,582,568,566,564,565,10,638,461,177,468,469,642,222,640,641,225,747
85,582,568,566,215,182,216,12,10,11,459,461,177,468,469,470,286,222,640,641,225,747
85,582,568,566,564,581,5,639,565,10,12,218,217,221,220,641,225,747
85,582,568,566,215,613,216,12,10,11,459,460,468,470,286,222,640,641,225,747
85,582,568,566,564,5,639,565,10,11,459,460,468,470,286,222,220,641,225,747
85,22,636,637,499,5,564,565,10,12,216,182,218,217,221,220,641,225,747
85,582,568,566,564,581,5,639,638,11,459,460,468,469,642,221,220,641,225,747
85,582,497,498,5,639,588,638,11,459,219,642,221,220,641,225,747
85,582,497,498,581,564,565,10,638,461,459,219,642,221,220,641,225,747
85,582,497,498,5,639,588,638,11,459,460,468,470,286,222,220,641,225,747
85,582,568,581,498,5,639,638,461,177,468,470,286,222,220,641,225,747
85,22,497,499,5,639,638,461,459,460,469,468,470,286,222,220,641,225,747
85,582,568,566,215,182,216,613,565,10,11,459,461,177,468,469,642,222,220,641,225,747
85,582,497,498,581,564,565,10,638,461,459,460,468,470,286,222,220,641,225,747
85,582,568,566,564,565,10,638,11,459,219,642,469,470,286,222,220,641,225,747
85,22,497,498,581,564,565,10,638,11,459,460,469,642,222,640,641,225,747
85,582,568,566,215,613,565,10,638,461,177,468,470,286,222,640,641,225,747
85,582,497,498,581,564,565,639,638,10,11,459,460,469,642,222,220,641,225,747
85,22,636,637,499,497,498,5,564,565,613,215,182,218,217,221,220,641,225,747
85,582,568,566,215,182,216,12,10,638,461,459,219,642,222,640,641,225,747
85,582,568,566,564,5,639,565,10,11,459,219,217,221,220,641,225,747
85,582,568,566,215,182,218,217,221,642,222,640,641,225,223,747
85,22,497,498,581,5,564,565,10,11,459,460,468,469,470,286,222,220,641,225,747
85,582,497,498,581,5,639,638,461,459,460,468,469,470,286,222,220,641,225,747
85,582,497,498,5,639,588,638,11,459,219,217,221,220,641,225,747
85,582,568,581,564,565,639,638,10,11,459,460,469,468,470,286,222,220,641,225,747
85,582,497,498,581,564,565,10,638,461,459,219,217,221,220,641,225,747
85,582,497,498,581,564,565,639,638,11,459,460,468,469,470,286,222,220,641,225,747
85,582,497,498,5,639,638,11,459,461,177,287,286,222,220,641,225,747
85,582,568,566,215,182,216,12,10,638,461,459,460,469,470,286,222,640,641,225,747
85,22,497,498,5,581,564,565,10,11,459,460,468,469,642,222,220,641,225,747
85,22,636,637,499,497,498,581,564,565,10,12,216,182,218,217,221,220,641,225,747
85,582,568,566,215,182,216,613,565,10,11,459,461,177,468,469,642,221,220,641,225,747
85,22,497,498,5,639,638,461,177,468,469,470,286,222,640,641,225,747
85,22,497,498,581,564,565,10,11,459,219,642,469,468,470,286,222,220,641,225,747
85,582,568,581,564,565,10,11,638,461,177,468,469,642,222,220,641,225,747
85,582,497,498,581,564,565,639,638,10,11,459,460,469,642,221,220,641,225,747
85,582,568,566,215,182,216,613,565,10,638,461,459,460,469,642,222,220,641,225,747
85,22,497,498,581,5,639,638,11,459,460,468,469,642,222,640,641,225,747
85,582,568,566,564,565,10,11,459,461,177,468,469,470,286,222,640,641,225,747
85,582,568,566,215,182,216,12,10,638,461,459,460,468,470,286,222,640,641,225,747
85,582,568,566,215,613,565,639,638,461,459,460,468,469,470,286,222,220,641,225,747
85,582,497,499,5,639,565,10,11,459,219,642,222,220,641,225,747
85,582,568,566,215,182,216,12,10,11,459,460,469,642,222,640,224,223,747
85,582,568,566,564,565,639,638,11,459,460,469,468,470,286,222,640,641,225,747
85,22,636,637,499,5,639,565,10,11,459,219,642,222,220,641,225,747
85,22,497,498,5,581,564,565,10,11,459,460,468,469,642,221,220,641,225,747
85,582,568,566,564,565,639,638,11,459,461,177,468,470,286,222,220,641,225,747
85,22,497,498,5,639,565,10,11,459,460,469,642,222,640,641,225,747
85,582,497,499,5,639,565,10,11,459,460,469,470,286,222,220,641,225,747
85,582,568,581,564,565,10,11,638,461,177,468,469,642,221,220,641,225,747
85,582,497,498,581,5,639,638,10,11,459,460,469,468,470,286,222,220,641,225,747
85,582,568,566,564,565,10,638,461,459,219,642,222,640,641,225,747
85,582,568,566,215,182,216,613,565,10,638,461,459,460,469,642,221,220,641,225,747
85,582,568,566,215,182,218,217,221,220,222,640,641,225,223,747
85,22,636,637,499,5,639,565,10,11,459,460,469,470,286,222,220,641,225,747
85,22,497,499,5,639,638,461,459,460,468,469,470,286,222,220,641,225,747
85,582,497,499,5,639,565,10,11,459,219,642,221,220,641,225,747
85,582,568,566,215,182,216,613,565,639,638,11,459,460,468,469,642,222,220,641,225,747
85,582,568,566,564,565,10,638,461,459,460,469,470,286,222,640,641,225,747
85,22,636,637,499,497,498,5,639,638,11,459,219,642,222,220,641,225,747
85,582,568,566,215,182,218,12,10,638,461,459,460,468,469,642,222,220,641,225,747
85,582,497,499,5,639,565,10,11,459,460,468,470,286,222,220,641,225,747
85,22,497,498,581,564,565,639,638,461,177,468,469,642,222,220,641,225,747
85,22,636,637,499,5,639,565,10,11,459,219,642,221,220,641,225,747
85,582,568,566,215,182,218,217,219,642,222,640,641,225,223,747
85,22,636,637,499,5,639,565,10,11,459,460,468,470,286,222,220,641,225,747
85,582,568,566,215,613,565,639,638,10,11,459,460,469,468,470,286,222,220,641,225,747
85,582,568,581,564,565,639,638,10,11,459,460,468,469,470,286,222,220,641,225,747
85,22,636,637,499,497,498,5,639,638,11,459,460,469,470,286,222,220,641,225,747
85,582,568,566,564,581,5,639,638,461,177,468,470,286,222,220,641,225,747
85,22,497,498,581,564,5,639,565,613,215,182,218,217,221,220,641,225,747
85,582,568,566,215,182,216,613,565,10,638,11,459,460,469,468,470,286,222,220,641,225,747
85,582,497,499,5,639,565,10,11,459,219,217,221,220,641,225,747
85,582,568,566,564,565,10,638,461,459,460,468,470,286,222,640,641,225,747
85,582,568,566,564,565,10,11,459,460,469,642,222,640,224,223,747
85,582,568,566,564,565,639,638,10,11,459,460,469,642,222,640,641,225,747
85,582,568,566,215,613,565,10,11,638,461,177,468,469,642,222,220,641,225,747
85,582,497,499,5,564,565,10,11,459,460,468,469,642,222,220,641,225,747
85,582,568,581,564,565,10,11,459,461,177,287,286,222,640,641,225,747
85,582,568,566,215,182,216,613,565,639,638,11,459,460,468,469,642,221,220,641,225,747
85,22,636,637,499,497,498,5,639,638,11,459,219,642,221,220,641,225,747
85,582,568,566,215,182,218,12,10,638,461,459,460,468,469,642,221,220,641,225,747
85,22,636,637,499,5,639,565,10,11,459,219,217,221,220,641,225,747
85,22,497,498,581,564,565,639,638,461,177,468,469,642,221,220,641,225,747
85,582,568,581,5,564,565,10,638,11,459,460,469,642,222,220,641,225,747
85,582,568,581,564,565,10,11,638,461,459,219,642,222,220,641,225,747
85,22,636,637,499,5,564,565,10,11,459,460,468,469,642,222,220,641,225,747
85,22,636,637,499,497,498,5,639,638,11,459,460,468,470,286,222,220,641,225,747
85,22,497,498,581,5,639,565,10,12,216,182,218,217,221,220,641,225,747
85,22,497,499,5,639,638,10,11,459,460,469,468,470,286,222,220,641,225,747
85,582,568,566,564,565,639,638,11,459,460,468,469,470,286,222,640,641,225,747
85,582,568,581,564,565,10,11,638,461,459,460,469,470,286,222,220,641,225,747
85,582,568,566,564,565,639,588,638,11,459,460,469,642,222,220,641,225,747
85,582,497,498,581,5,564,565,613,216,12,218,217,221,220,641,225,747
85,582,568,566,215,613,565,10,11,638,461,177,468,469,642,221,220,641,225,747
85,582,568,566,215,182,216,12,10,11,459,460,469,470,286,276,277,224,223,747
85,22,636,637,499,497,498,5,639,638,11,459,219,217,221,220,641,225,747
85,582,497,499,5,564,565,10,11,459,460,468,469,642,221,220,641,225,747
85,582,497,498,581,5,639,638,10,11,459,460,468,469,470,286,222,220,641,225,747
85,582,568,566,215,182,218,12,10,638,11,459,219,642,222,640,641,225,747
85,582,568,581,5,564,565,10,638,11,459,460,469,642,221,220,641,225,747
85,582,568,581,564,565,10,11,638,461,459,219,642,221,220,641,225,747
85,582,568,581,564,5,639,638,461,177,468,469,470,286,222,220,641,225,747
85,582,497,498,5,564,565,10,11,459,219,642,222,640,641,225,747
85,22,636,637,499,5,564,565,10,11,459,460,468,469,642,221,220,641,225,747
85,582,568,566,215,182,216,12,10,11,638,461,459,460,468,469,642,222,220,641,225,747
85,582,568,581,564,565,10,11,638,461,459,460,468,470,286,222,220,641,225,747
85,22,636,637,499,497,498,581,564,565,10,11,459,460,468,469,642,222,220,641,225,747
85,582,568,566,215,182,218,12,10,638,11,459,460,469,470,286,222,640,641,225,747
85,582,568,566,215,182,216,12,10,11,459,460,468,470,286,276,277,224,223,747
85,582,497,498,5,564,565,10,11,459,460,469,470,286,222,640,641,225,747
85,582,568,566,564,565,639,588,638,11,459,460,469,642,221,220,641,225,747
85,582,497,498,5,639,638,11,459,461,177,468,469,642,222,220,641,225,747
85,22,497,498,581,564,565,639,638,461,459,219,642,222,220,641,225,747
85,582,568,566,215,613,565,639,638,10,11,459,460,468,469,470,286,222,220,641,225,747
85,22,636,637,499,497,498,5,564,565,10,12,218,217,221,220,641,225,747
85,582,568,581,564,565,10,11,638,461,459,219,217,221,220,641,225,747
85,582,568,581,564,5,639,565,10,11,459,460,469,642,222,220,641,225,747
85,582,568,566,215,182,216,12,10,11,638,461,459,460,468,469,642,221,220,641,225,747
85,582,568,566,215,182,216,613,565,10,638,11,459,460,468,469,470,286,222,220,641,225,747
85,22,497,498,581,5,639,638,461,177,468,470,286,222,640,641,225,747
85,582,568,566,215,182,218,12,10,638,11,459,460,468,470,286,222,640,641,225,747
85,22,497,498,581,564,565,639,638,461,459,460,469,470,286,222,220,641,225,747
85,22,497,498,581,564,565,10,638,461,177,468,469,470,286,222,220,641,225,747
85,582,568,566,215,613,565,10,11,459,461,177,287,286,222,640,641,225,747
85,582,497,498,5,564,565,10,11,459,460,468,470,286,222,640,641,225,747
85,22,636,637,499,497,498,581,564,565,10,11,459,460,468,469,642,221,220,641,225,747
85,582,568,566,215,613,565,10,11,638,461,459,219,642,222,220,641,225,747
85,22,497,499,5,564,565,613,216,12,218,217,221,220,641,225,747
85,582,568,566,564,565,10,11,459,460,469,470,286,276,277,224,223,747
85,582,497,498,5,639,638,11,459,461,177,468,469,642,221,220,641,225,747
85,22,497,499,5,639,638,10,11,459,460,468,469,470,286,222,220,641,225,747
85,22,497,498,581,564,565,639,638,461,459,219,642,221,220,641,225,747
85,22,497,498,5,564,565,10,638,11,459,460,469,642,222,220,641,225,747
85,22,497,498,581,564,565,639,638,461,459,460,468,470,286,222,220,641,225,747
85,582,568,566,215,613,565,10,11,638,461,459,460,469,470,286,222,220,641,225,747
85,582,568,566,564,565,10,11,638,461,459,460,468,469,642,222,220,641,225,747
85,582,568,581,564,5,639,565,10,11,459,460,469,642,221,220,641,225,747
85,582,568,566,215,182,216,12,10,11,459,219,642,222,220,641,225,223,747
85,582,568,566,564,565,10,11,459,460,468,470,286,276,277,224,223,747
85,582,568,566,215,182,216,12,10,638,11,459,461,177,287,286,222,220,641,225,747
85,582,568,566,215,182,216,613,565,639,638,461,177,468,470,286,222,220,641,225,747
85,582,568,566,215,613,565,10,11,638,461,459,219,642,221,220,641,225,747
85,22,497,498,581,564,565,639,638,461,459,219,217,221,220,641,225,747
85,582,568,566,215,613,565,10,11,638,461,459,460,468,470,286,222,220,641,225,747
85,582,568,581,5,639,638,11,459,460,469,468,177,287,286,222,220,641,225,747
85,22,497,498,5,564,565,10,638,11,459,460,469,642,221,220,641,225,747
85,582,568,566,215,182,216,12,10,11,459,460,469,470,286,222,220,641,225,223,747
85,582,568,566,564,565,10,11,638,461,459,460,468,469,642,221,220,641,225,747
85,582,497,498,5,581,564,565,10,12,216,182,218,217,221,220,641,225,747
85,22,497,498,581,564,5,639,638,11,459,460,468,469,642,222,220,641,225,747
85,582,568,566,564,5,639,638,461,459,460,469,468,470,286,222,220,641,225,747
85,582,568,566,215,613,565,10,11,638,461,459,219,217,221,220,641,225,747
85,582,568,566,215,182,216,12,10,11,459,219,642,221,220,641,225,223,747
85,22,497,498,581,564,565,639,638,11,10,12,218,217,221,220,641,225,747
85,22,497,498,581,5,639,565,10,11,459,460,468,469,642,222,220,641,225,747
85,582,568,581,564,565,10,11,459,461,177,468,469,642,222,640,641,225,747
85,582,568,566,215,182,216,12,10,11,459,460,468,470,286,222,220,641,225,223,747
85,22,497,498,581,564,5,639,565,10,12,218,217,221,220,641,225,747
85,22,497,498,581,564,5,639,638,11,459,460,468,469,642,221,220,641,225,747
85,582,568,566,215,182,216,12,10,11,459,219,217,221,220,641,225,223,747
85,582,568,566,564,565,10,11,459,219,642,222,220,641,225,223,747
85,582,497,498,581,5,564,565,10,11,459,460,469,468,470,286,222,220,641,225,747
85,582,568,566,564,565,10,638,11,459,461,177,287,286,222,220,641,225,747
85,582,497,498,581,564,565,613,216,12,10,11,459,460,469,642,222,220,641,225,747
85,22,497,498,581,5,639,565,10,11,459,460,468,469,642,221,220,641,225,747
85,582,497,498,581,564,565,639,638,461,177,287,286,222,220,641,225,747
85,582,568,581,564,565,10,638,11,459,460,468,177,287,286,222,220,641,225,747
85,582,568,566,564,565,10,11,459,460,469,470,286,222,220,641,225,223,747
85,22,497,498,581,564,565,639,638,10,11,459,219,642,222,220,641,225,747
85,582,568,581,564,565,10,638,461,459,460,469,642,222,640,641,225,747
85,582,568,581,564,565,613,216,12,10,11,459,460,469,468,470,286,222,220,641,225,747
85,22,497,498,581,564,565,639,638,10,11,459,460,469,470,286,222,220,641,225,747
85,582,568,566,564,565,10,11,459,219,642,221,220,641,225,223,747
85,582,497,498,581,564,565,613,216,12,10,11,459,460,469,642,221,220,641,225,747
85,582,568,566,564,565,10,11,459,460,468,470,286,222,220,641,225,223,747
85,22,497,498,5,639,638,11,459,460,469,468,177,287,286,222,220,641,225,747
85,582,568,566,564,5,639,638,461,459,460,468,469,470,286,222,220,641,225,747
85,22,497,498,581,564,565,639,638,10,11,459,219,642,221,220,641,225,747
85,22,497,498,581,564,565,639,638,10,11,459,460,468,470,286,222,220,641,225,747
85,582,568,566,215,613,565,10,11,459,461,177,468,469,642,222,640,641,225,747
85,582,568,581,5,639,638,461,459,460,468,469,642,222,640,641,225,747
85,582,568,566,564,565,10,11,459,219,217,221,220,641,225,223,747
85,22,497,499,5,564,565,10,11,459,460,469,468,470,286,222,220,641,225,747
85,582,568,581,564,565,639,638,11,459,460,468,469,642,222,640,641,225,747
85,582,497,499,5,639,638,461,459,460,469,468,470,286,222,220,641,225,747
85,582,497,498,581,564,565,10,638,11,459,460,469,642,222,640,641,225,747
85,582,568,566,215,613,216,12,10,638,11,459,460,469,642,222,220,641,225,747
85,22,636,637,499,5,639,638,461,459,460,469,468,470,286,222,220,641,225,747
85,22,497,498,581,564,565,639,638,10,11,459,219,217,221,220,641,225,747
85,582,497,498,581,5,564,565,10,11,459,460,468,469,470,286,222,220,641,225,747
85,582,568,581,564,565,10,638,11,459,460,469,468,470,286,222,640,641,225,747
85,582,568,581,498,5,639,638,461,459,460,469,642,222,220,641,225,747
85,582,568,566,215,182,216,12,10,638,11,459,461,177,468,469,642,222,220,641,225,747
85,582,568,566,215,613,565,10,638,11,459,460,468,177,287,286,222,220,641,225,747
85,582,568,566,215,613,565,10,638,461,459,460,469,642,222,640,641,225,747
85,582,497,498,5,581,564,565,10,11,459,460,468,469,642,222,220,641,225,747
85,582,568,581,564,565,10,638,11,459,461,177,468,470,286,222,220,641,225,747
85,582,568,581,564,565,613,216,12,10,11,459,460,468,469,470,286,222,220,641,225,747
85,582,568,566,564,5,639,638,10,11,459,460,469,468,470,286,222,220,641,225,747
85,582,497,498,5,639,638,461,177,468,469,470,286,222,640,641,225,747
85,582,497,498,581,564,565,10,11,459,219,642,469,468,470,286,222,220,641,225,747
85,582,568,566,215,613,216,12,10,638,11,459,460,469,642,221,220,641,225,747
85,22,497,498,581,564,5,639,638,461,177,468,470,286,222,220,641,225,747
85,582,497,498,581,5,639,638,11,459,460,468,469,642,222,640,641,225,747
85,582,568,566,564,565,613,216,12,10,11,459,460,469,642,222,640,641,225,747
85,582,568,581,5,639,638,11,459,461,177,468,469,470,286,222,220,641,225,747
85,582,568,566,564,565,639,638,461,177,287,286,222,640,641,225,747
85,582,568,581,498,5,639,638,461,459,460,469,642,221,220,641,225,747
85,582,568,566,215,182,216,12,10,638,11,459,461,177,468,469,642,221,220,641,225,747
85,582,497,498,5,581,564,565,10,11,459,460,468,469,642,221,220,641,225,747
85,582,497,498,5,639,565,10,11,459,460,469,642,222,640,641,225,747
85,582,568,566,215,613,565,639,638,11,459,460,468,469,642,222,640,641,225,747
85,22,497,499,5,564,565,10,11,459,460,468,469,470,286,222,220,641,225,747
85,87,751,740,395,580,568,566,215,182,218,217,221,220,641,225,223,747
85,22,497,498,5,639,638,461,459,460,468,469,642,222,640,641,225,747
85,582,497,499,5,639,638,461,459,460,468,469,470,286,222,220,641,225,747
85,582,568,566,215,182,216,12,10,11,459,219,642,469,468,470,286,222,640,641,225,747
85,22,636,637,499,497,498,5,581,564,565,613,216,182,218,217,221,220,641,225,747
85,582,568,566,564,565,10,638,11,459,461,177,468,469,642,222,220,641,225,747
85,22,636,637,499,5,639,638,461,459,460,468,469,470,286,222,220,641,225,747
85,582,568,566,215,182,218,12,10,11,638,461,177,468,470,286,222,220,641,225,747
85,582,568,581,498,5,639,638,11,459,460,469,468,470,286,222,220,641,225,747
85,582,497,498,581,564,565,639,638,461,177,468,469,642,222,220,641,225,747
85,22,497,498,581,564,565,613,215,182,218,217,221,220,641,225,223,747
85,582,568,566,215,613,565,10,638,11,459,460,469,468,470,286,222,640,641,225,747
85,582,568,581,564,565,10,638,11,459,460,468,469,470,286,222,640,641,225,747
85,582,568,566,215,182,216,613,565,10,638,461,177,287,286,222,220,641,225,747
85,22,497,499,5,639,638,11,459,460,468,469,642,222,640,641,225,747
85,582,568,566,215,613,565,10,638,11,459,461,177,468,470,286,222,220,641,225,747
85,582,497,498,581,564,5,639,565,613,215,182,218,217,221,220,641,225,747
85,582,568,566,564,5,639,638,10,11,459,460,468,469,470,286,222,220,641,225,747
85,22,497,498,5,581,564,565,613,216,12,218,217,221,220,641,225,747
85,582,568,566,564,565,10,638,11,459,461,177,468,469,642,221,220,641,225,747
85,582,568,581,5,639,638,10,11,459,460,468,469,642,222,640,641,225,747
85,582,497,498,581,564,565,639,638,461,177,468,469,642,221,220,641,225,747
85,582,568,566,564,581,5,639,638,461,459,460,469,642,222,220,641,225,747
85,582,497,498,581,5,639,565,10,12,216,182,218,217,221,220,641,225,747
85,582,497,499,5,639,638,10,11,459,460,469,468,470,286,222,220,641,225,747
85,22,497,498,5,639,638,11,459,461,177,468,469,470,286,222,220,641,225,747
85,22,636,637,499,5,639,638,10,11,459,460,469,468,470,286,222,220,641,225,747
85,582,568,581,564,565,639,638,461,177,468,470,286,222,640,641,225,747
85,22,636,637,499,497,498,5,564,566,215,182,218,217,221,220,641,225,747
85,582,568,566,564,565,10,11,459,219,642,469,468,470,286,222,640,641,225,747
85,582,568,581,5,639,588,638,11,459,460,468,469,642,222,220,641,225,747
85,582,568,581,498,5,639,638,10,11,459,460,469,642,222,220,641,225,747
85,582,568,566,215,182,216,613,565,10,11,459,460,469,468,177,287,286,222,220,641,225,747
85,582,568,566,564,581,5,639,638,461,459,460,469,642,221,220,641,225,747
85,582,568,581,564,565,10,11,459,460,469,642,222,220,641,225,223,747
85,582,568,581,498,5,639,638,11,459,460,468,469,470,286,222,220,641,225,747
85,582,568,566,215,613,565,10,638,11,459,460,468,469,470,286,222,640,641,225,747
85,582,497,498,581,564,565,639,638,461,459,219,642,222,220,641,225,747
85,582,568,581,5,639,588,638,11,459,460,468,469,642,221,220,641,225,747
85,582,568,581,498,5,639,638,10,11,459,460,469,642,221,220,641,225,747
85,582,497,498,581,5,639,638,461,177,468,470,286,222,640,641,225,747
85,22,497,499,5,639,565,10,12,216,182,218,217,221,220,641,225,747
85,582,497,498,581,564,565,639,638,461,459,460,469,470,286,222,220,641,225,747
85,582,497,498,581,564,565,10,638,461,177,468,469,470,286,222,220,641,225,747
85,582,568,581,564,5,639,638,10,12,216,182,218,217,221,220,641,225,747
85,582,568,566,564,581,5,639,638,11,459,460,469,468,470,286,222,220,641,225,747
85,582,568,566,564,565,639,638,461,177,468,469,642,222,640,641,225,747
85,582,568,581,564,5,639,638,461,459,460,468,469,642,222,220,641,225,747
85,582,568,581,564,565,10,11,459,460,469,642,221,220,641,225,223,747
85,582,497,499,5,564,565,613,216,12,218,217,221,220,641,225,747
85,22,497,498,5,639,638,10,11,459,460,468,469,642,222,640,641,225,747
85,582,497,499,5,639,638,10,11,459,460,468,469,470,286,222,220,641,225,747
85,582,497,498,581,564,565,639,638,461,459,219,642,221,220,641,225,747
85,22,497,498,581,5,639,638,11,459,460,468,177,287,286,222,220,641,225,747
85,22,497,498,581,5,639,638,461,459,460,469,642,222,640,641,225,747
85,582,497,498,5,564,565,10,638,11,459,460,469,642,222,220,641,225,747
85,22,636,637,499,5,564,565,613,216,12,218,217,221,220,641,225,747
85,582,497,498,581,564,565,639,638,461,459,460,468,470,286,222,220,641,225,747
85,582,568,566,564,565,639,638,11,459,219,642,469,470,286,222,220,641,225,747
85,22,497,498,581,564,565,639,638,11,459,460,469,642,222,640,641,225,747
85,22,636,637,499,5,639,638,10,11,459,460,468,469,470,286,222,220,641,225,747
85,582,568,566,215,613,565,639,638,461,177,468,470,286,222,640,641,225,747
85,22,497,499,5,581,564,565,10,11,459,460,469,642,222,220,641,225,747
85,582,568,581,564,5,639,638,461,459,460,468,469,642,221,220,641,225,747
85,22,497,498,5,639,588,638,11,459,460,468,469,642,222,220,641,225,747
85,582,497,498,581,564,565,639,638,461,459,219,217,221,220,641,225,747
85,22,497,498,581,564,565,613,216,12,10,11,459,219,642,222,220,641,225,747
85,582,568,566,215,182,218,12,10,11,459,460,468,177,287,286,222,640,641,225,747
85,22,497,498,581,564,565,10,638,461,459,460,468,469,642,222,220,641,225,747
85,582,568,566,215,182,216,12,10,638,461,177,468,469,470,286,222,640,641,225,747
85,582,497,498,5,564,565,10,638,11,459,460,469,642,221,220,641,225,747
85,582,568,566,215,613,565,10,11,459,460,469,642,222,220,641,225,223,747
85,22,497,499,5,639,638,461,177,468,470,286,222,640,641,225,747
85,22,497,498,581,564,565,613,216,12,10,11,459,460,469,470,286,222,220,641,225,747
85,22,497,499,5,581,564,565,10,11,459,460,469,642,221,220,641,225,747
85,582,568,566,215,182,216,613,565,639,638,461,459,460,469,642,222,220,641,225,747
85,582,568,566,215,182,216,613,565,10,638,461,177,468,469,642,222,220,641,225,747
85,22,636,637,499,497,498,581,564,565,613,216,12,218,217,221,220,641,225,747
85,582,497,498,581,564,5,639,638,11,459,460,468,469,642,222,220,641,225,747
85,582,568,566,564,581,5,639,638,10,11,459,460,469,642,222,220,641,225,747
85,582,568,566,215,613,216,12,218,217,221,220,641,225,223,747
85,582,497,498,581,564,565,639,638,11,10,12,218,217,221,220,641,225,747
85,582,497,498,581,5,639,565,10,11,459,460,468,469,642,222,220,641,225,747
85,22,497,498,5,581,564,565,10,11,459,460,469,468,470,286,222,220,641,225,747
85,22,497,498,581,564,565,10,12,218,217,221,220,641,225,223,747
85,22,497,498,5,639,588,638,11,459,460,468,469,642,221,220,641,225,747
85,582,568,581,564,5,639,638,11,459,219,642,222,640,641,225,747
85,22,497,498,581,564,565,613,216,12,10,11,459,219,642,221,220,641,225,747
85,22,497,498,581,564,565,10,638,461,459,460,468,469,642,221,220,641,225,747
85,582,568,566,564,581,5,639,638,11,459,460,468,469,470,286,222,220,641,225,747
85,22,497,498,581,564,565,613,216,12,10,11,459,460,468,470,286,222,220,641,225,747
85,582,568,581,5,639,565,10,11,459,219,642,222,640,641,225,747
85,582,568,566,215,613,565,10,11,459,460,469,642,221,220,641,225,223,747
85,22,497,498,581,5,639,638,11,459,460,469,468,470,286,222,640,641,225,747
85,582,568,581,564,5,639,638,11,459,460,469,470,286,222,640,641,225,747
85,582,497,498,581,564,5,639,565,10,12,218,217,221,220,641,225,747
85,582,568,566,564,565,639,638,461,459,219,642,222,640,641,225,747
85,582,568,566,215,182,216,613,565,639,638,461,459,460,469,642,221,220,641,225,747
85,582,568,566,215,182,216,613,565,10,638,461,177,468,469,642,221,220,641,225,747
85,582,497,498,581,564,5,639,638,11,459,460,468,469,642,221,220,641,225,747
85,582,568,566,564,581,5,639,638,10,11,459,460,469,642,221,220,641,225,747
85,22,497,498,581,5,639,638,11,459,461,177,468,470,286,222,220,641,225,747
85,582,568,581,5,639,588,638,461,177,468,470,286,222,220,641,225,747
85,582,568,581,5,639,565,10,11,459,460,469,470,286,222,640,641,225,747
85,582,497,498,581,5,639,565,10,11,459,460,468,469,642,221,220,641,225,747
85,22,497,498,581,564,565,613,216,12,10,11,459,219,217,221,220,641,225,747
85,582,568,566,564,565,639,638,461,459,460,469,470,286,222,640,641,225,747
85,582,568,566,564,565,10,638,461,177,468,469,470,286,222,640,641,225,747
85,22,497,498,581,564,565,10,638,11,459,219,642,222,640,641,225,747
85,582,568,581,564,5,639,638,11,459,460,468,470,286,222,640,641,225,747
85,582,497,498,581,564,565,639,638,10,11,459,219,642,222,220,641,225,747
85,582,568,566,564,565,639,588,638,10,12,218,217,221,220,641,225,747
85,582,568,581,5,639,565,10,11,459,460,468,470,286,222,640,641,225,747
85,582,568,566,215,182,216,613,565,10,11,459,461,177,468,469,470,286,222,220,641,225,747
85,22,636,637,499,497,498,581,5,639,565,613,216,182,218,217,221,220,641,225,747
85,22,497,498,581,564,565,10,638,11,459,460,469,470,286,222,640,641,225,747
85,582,568,566,215,182,218,12,10,11,459,461,177,468,470,286,222,640,641,225,747
85,582,497,498,581,564,565,639,638,10,11,459,460,469,470,286,222,220,641,225,747
85,582,568,566,215,182,216,613,565,639,638,11,459,460,469,468,470,286,222,220,641,225,747
85,582,568,566,564,565,639,638,461,459,460,468,470,286,222,640,641,225,747
85,582,568,566,215,182,218,12,10,638,461,459,460,469,468,470,286,222,220,641,225,747
85,22,497,499,5,639,565,10,11,459,460,468,469,642,222,220,641,225,747
85,582,568,581,564,5,639,638,10,11,459,460,468,469,642,222,220,641,225,747
85,582,497,498,5,639,638,11,459,460,469,468,177,287,286,222,220,641,225,747
85,582,568,581,5,564,565,639,638,11,459,460,469,642,222,220,641,225,747
85,582,497,498,581,564,565,639,638,10,11,459,219,642,221,220,641,225,747
85,22,497,498,581,5,639,638,10,11,459,460,469,642,222,640,641,225,747
85,582,568,566,215,182,216,613,565,10,638,461,459,219,642,222,220,641,225,747
85,582,568,581,5,564,565,10,11,459,460,468,469,642,222,640,641,225,747
85,22,497,498,581,564,565,10,638,11,459,460,468,470,286,222,640,641,225,747
