613,215,612,495,304,132,130,576,727,579,577,392,72,71,73,625
613,215,612,495,304,132,130,576,727,579,577,392,72,590,73,625
613,215,612,495,304,132,130,576,727,579,577,392,72,71,595,625
613,215,612,495,304,132,130,576,727,579,577,392,624,590,73,625
613,215,612,495,304,132,130,576,727,752,611,672,624,590,73,625
613,216,182,179,181,329,327,328,589,674,753,754,752,611,672,624,590,73,625
613,216,182,179,181,329,327,328,589,674,753,727,579,577,392,72,71,73,625
613,216,182,179,181,329,327,328,589,674,753,727,579,577,392,72,590,73,625
613,216,182,179,181,329,327,328,589,674,753,727,579,577,392,72,71,595,625
613,216,182,179,181,329,327,328,589,674,753,727,579,577,392,624,590,73,625
613,216,182,179,181,329,327,328,589,674,753,727,752,611,672,624,590,73,625
613,216,182,179,181,495,304,132,130,576,727,579,577,392,72,71,73,625
613,216,182,179,181,495,304,132,130,576,727,579,577,392,72,590,73,625
613,216,182,179,181,495,304,132,130,576,727,579,577,392,72,71,595,625
613,216,182,179,612,495,304,132,130,576,727,579,577,392,72,71,73,625
613,216,182,179,181,495,304,132,130,576,727,579,577,392,624,590,73,625
613,216,182,179,612,495,304,132,130,576,727,579,577,392,72,590,73,625
613,216,182,179,612,495,304,132,130,576,727,579,577,392,72,71,595,625
613,216,182,215,612,495,304,132,130,576,727,579,577,392,72,71,73,625
613,216,182,179,181,495,304,132,130,576,727,752,611,672,624,590,73,625
613,216,182,179,181,329,304,132,130,576,727,579,577,392,72,71,73,625
613,216,182,215,612,495,304,132,130,576,727,579,577,392,72,590,73,625
613,216,182,215,612,495,304,132,130,576,727,579,577,392,72,71,595,625
613,216,182,179,181,329,327,132,130,576,727,579,577,392,72,71,73,625
613,216,182,179,181,329,304,132,130,576,727,579,577,392,72,590,73,625
613,216,182,179,181,329,304,132,130,576,727,579,577,392,72,71,595,625
613,216,182,179,612,495,304,132,130,576,727,579,577,392,624,590,73,625
613,216,182,179,181,329,327,132,130,576,727,579,577,392,72,590,73,625
613,216,182,179,181,329,327,132,130,576,727,579,577,392,72,71,595,625
613,215,612,495,181,329,327,328,589,674,753,754,752,611,672,624,590,73,625
613,216,182,179,181,329,327,328,130,576,727,579,577,392,72,71,73,625
613,216,182,179,612,495,304,132,130,576,727,752,611,672,624,590,73,625
613,216,182,215,612,495,304,132,130,576,727,579,577,392,624,590,73,625
613,216,182,179,181,329,327,328,130,576,727,579,577,392,72,590,73,625
613,216,182,179,181,329,304,132,130,576,727,579,577,392,624,590,73,625
613,216,182,179,181,329,327,328,130,576,727,579,577,392,72,71,595,625
613,216,182,179,181,329,327,132,130,576,727,579,577,392,624,590,73,625
613,215,612,495,181,329,327,328,589,674,753,727,579,577,392,72,71,73,625
613,215,612,495,181,329,327,328,589,674,753,727,579,577,392,72,590,73,625
613,215,612,495,181,329,327,328,589,674,753,727,579,577,392,72,71,595,625
613,216,182,215,612,495,304,132,130,576,727,752,611,672,624,590,73,625
613,216,182,179,181,329,327,328,589,576,727,579,577,392,72,71,73,625
613,215,612,179,181,329,327,328,589,674,753,754,752,611,672,624,590,73,625
613,216,182,179,181,329,304,132,130,576,727,752,611,672,624,590,73,625
613,216,182,179,181,329,327,132,130,576,727,752,611,672,624,590,73,625
613,216,182,179,181,329,327,328,589,576,727,579,577,392,72,590,73,625
613,216,182,179,181,329,327,328,589,576,727,579,577,392,72,71,595,625
613,216,182,179,181,329,327,328,130,576,727,579,577,392,624,590,73,625
613,215,182,179,181,329,327,328,589,674,753,754,752,611,672,624,590,73,625
613,215,612,495,304,329,327,328,589,674,753,754,752,611,672,624,590,73,625
613,215,612,495,181,329,327,328,589,674,753,727,579,577,392,624,590,73,625
613,215,612,179,181,329,327,328,589,674,753,727,579,577,392,72,71,73,625
613,216,182,179,181,329,327,328,130,576,727,752,611,672,624,590,73,625
613,215,612,179,181,329,327,328,589,674,753,727,579,577,392,72,590,73,625
613,215,612,179,181,329,327,328,589,674,753,727,579,577,392,72,71,595,625
613,215,612,495,304,132,327,328,589,674,753,754,752,611,672,624,590,73,625
613,216,182,179,181,329,327,328,589,576,727,579,577,392,624,590,73,625
613,216,182,179,181,329,327,328,589,674,673,754,752,611,672,624,590,73,625
613,215,182,179,181,329,327,328,589,674,753,727,579,577,392,72,71,73,625
613,215,612,495,181,329,327,328,589,674,753,727,752,611,672,624,590,73,625
613,215,566,567,569,571,326,131,574,575,579,577,392,72,71,73,625
613,215,612,495,304,329,327,328,589,674,753,727,579,577,392,72,71,73,625
613,215,182,179,181,329,327,328,589,674,753,727,579,577,392,72,590,73,625
613,215,566,567,569,571,326,131,574,575,579,577,392,72,590,73,625
613,215,182,179,181,329,327,328,589,674,753,727,579,577,392,72,71,595,625
613,215,612,495,304,329,327,328,589,674,753,727,579,577,392,72,590,73,625
613,215,566,567,569,571,326,131,574,575,579,577,392,72,71,595,625
613,215,612,495,304,329,327,328,589,674,753,727,579,577,392,72,71,595,625
613,215,612,495,304,132,130,328,589,674,753,754,752,611,672,624,590,73,625
613,216,182,179,181,329,327,328,589,576,727,752,611,672,624,590,73,625
613,215,612,495,304,132,327,328,589,674,753,727,579,577,392,72,71,73,625
613,215,612,179,181,329,327,328,589,674,753,727,579,577,392,624,590,73,625
613,215,612,495,304,132,327,328,589,674,753,727,579,577,392,72,590,73,625
613,215,612,495,304,132,327,328,589,674,753,727,579,577,392,72,71,595,625
613,215,612,495,304,132,130,576,589,674,753,754,752,611,672,624,590,73,625
613,215,612,495,304,132,130,576,727,753,754,752,611,672,624,590,73,625
613,215,182,179,181,329,327,328,589,674,753,727,579,577,392,624,590,73,625
613,215,612,495,304,132,130,328,589,674,753,727,579,577,392,72,71,73,625
613,215,566,567,569,571,326,131,574,575,579,577,392,624,590,73,625
613,215,612,179,181,329,327,328,589,674,753,727,752,611,672,624,590,73,625
613,215,612,495,304,329,327,328,589,674,753,727,579,577,392,624,590,73,625
613,215,612,495,304,132,130,328,589,674,753,727,579,577,392,72,590,73,625
613,215,612,495,304,132,130,328,589,674,753,727,579,577,392,72,71,595,625
613,215,612,495,304,132,130,576,589,674,753,727,579,577,392,72,71,73,625
613,215,612,495,304,132,327,328,589,674,753,727,579,577,392,624,590,73,625
613,215,612,495,304,132,130,576,589,674,753,727,579,577,392,72,590,73,625
613,215,182,179,181,329,327,328,589,674,753,727,752,611,672,624,590,73,625
613,215,612,495,304,132,130,576,589,674,753,727,579,577,392,72,71,595,625
613,215,612,495,304,329,327,328,589,674,753,727,752,611,672,624,590,73,625
613,215,612,495,304,132,327,328,589,674,753,727,752,611,672,624,590,73,625
613,215,612,495,304,132,130,328,589,674,753,727,579,577,392,624,590,73,625
613,215,612,495,304,132,130,576,589,674,753,727,579,577,392,624,590,73,625
613,215,612,495,304,132,130,328,589,674,753,727,752,611,672,624,590,73,625
613,215,566,567,569,571,326,131,574,575,578,577,392,72,71,73,625
613,215,566,567,569,571,326,572,573,393,578,577,392,72,71,73,625
613,215,566,567,569,571,326,131,574,575,578,577,392,72,590,73,625
613,215,566,567,569,571,326,131,574,575,578,577,392,72,71,595,625
613,215,612,495,304,132,130,576,589,674,753,727,752,611,672,624,590,73,625
613,215,566,567,569,571,326,572,573,393,578,577,392,72,590,73,625
613,215,566,567,569,571,326,572,573,393,578,577,392,72,71,595,625
613,215,566,567,569,571,302,572,573,393,578,577,392,72,71,73,625
613,215,566,567,569,571,302,572,573,393,578,577,392,72,590,73,625
613,215,566,567,569,571,326,131,573,393,578,577,392,72,71,73,625
613,215,566,567,569,571,302,572,573,393,578,577,392,72,71,595,625
613,215,566,567,569,571,326,131,573,393,578,577,392,72,590,73,625
613,215,566,567,569,571,326,131,573,393,578,577,392,72,71,595,625
613,215,566,568,580,570,302,572,573,393,578,577,392,72,71,73,625
613,215,566,567,569,571,326,131,574,575,578,577,392,624,590,73,625
613,215,566,568,580,570,302,572,573,393,578,577,392,72,590,73,625
613,215,566,567,569,571,326,572,573,393,578,577,392,624,590,73,625
613,215,566,568,580,570,302,572,573,393,578,577,392,72,71,595,625
613,216,182,179,181,329,327,328,589,674,753,754,752,727,579,577,392,72,71,73,625
613,215,566,567,569,571,326,131,574,393,578,577,392,72,71,73,625
613,215,566,567,569,571,302,572,573,393,578,577,392,624,590,73,625
613,215,612,495,304,132,130,576,727,752,611,672,624,392,72,71,73,625
613,216,182,179,181,329,327,328,589,674,753,754,752,727,579,577,392,72,590,73,625
613,215,566,567,569,571,326,131,574,393,578,577,392,72,590,73,625
613,216,182,179,181,329,327,328,589,674,753,754,752,727,579,577,392,72,71,595,625
613,215,566,567,569,571,326,131,574,393,578,577,392,72,71,595,625
613,215,566,567,569,571,326,131,573,393,578,577,392,624,590,73,625
613,215,612,495,304,132,130,576,727,752,611,672,624,392,72,590,73,625
613,215,612,495,304,132,130,576,727,752,611,672,624,392,72,71,595,625
613,215,566,567,569,570,302,572,573,393,578,577,392,72,71,73,625
613,215,566,568,580,570,302,572,573,393,578,577,392,624,590,73,625
613,215,566,567,569,570,302,572,573,393,578,577,392,72,590,73,625
613,215,566,567,569,570,302,572,573,393,578,577,392,72,71,595,625
613,215,612,179,181,495,304,132,130,576,727,579,577,392,72,71,73,625
613,216,182,179,181,329,327,328,589,674,753,754,752,727,579,577,392,624,590,73,625
613,215,566,567,569,571,326,131,574,393,578,577,392,624,590,73,625
613,215,612,179,181,495,304,132,130,576,727,579,577,392,72,590,73,625
613,215,612,179,181,495,304,132,130,576,727,579,577,392,72,71,595,625
613,215,612,495,304,132,130,576,727,579,577,392,72,590,73,71,595,625
613,215,182,179,181,495,304,132,130,576,727,579,577,392,72,71,73,625
613,565,564,566,567,569,571,326,131,574,575,579,577,392,72,71,73,625
613,215,566,567,569,570,302,572,573,393,578,577,392,624,590,73,625
613,215,612,495,181,329,304,132,130,576,727,579,577,392,72,71,73,625
613,215,182,179,181,495,304,132,130,576,727,579,577,392,72,590,73,625
613,565,564,566,567,569,571,326,131,574,575,579,577,392,72,590,73,625
613,215,182,179,181,495,304,132,130,576,727,579,577,392,72,71,595,625
613,565,564,566,567,569,571,326,131,574,575,579,577,392,72,71,595,625
613,215,612,495,181,329,327,132,130,576,727,579,577,392,72,71,73,625
613,215,612,495,181,329,304,132,130,576,727,579,577,392,72,590,73,625
613,215,612,495,181,329,304,132,130,576,727,579,577,392,72,71,595,625
613,215,612,495,181,329,327,132,130,576,727,579,577,392,72,590,73,625
613,215,612,179,181,495,304,132,130,576,727,579,577,392,624,590,73,625
613,215,612,495,181,329,327,132,130,576,727,579,577,392,72,71,595,625
613,215,612,495,304,132,130,576,727,579,577,392,624,590,73,71,595,625
613,215,612,495,181,329,327,328,130,576,727,579,577,392,72,71,73,625
613,215,612,495,304,132,130,576,727,579,577,392,624,590,72,71,73,625
613,215,182,179,612,495,304,132,130,576,727,579,577,392,72,71,73,625
613,215,182,179,181,495,304,132,130,576,727,579,577,392,624,590,73,625
613,565,564,566,567,569,571,326,131,574,575,579,577,392,624,590,73,625
613,215,612,179,181,495,304,132,130,576,727,752,611,672,624,590,73,625
613,215,612,495,181,329,327,328,130,576,727,579,577,392,72,590,73,625
613,215,182,179,612,495,304,132,130,576,727,579,577,392,72,590,73,625
613,215,612,495,181,329,304,132,130,576,727,579,577,392,624,590,73,625
613,215,612,495,181,329,327,328,130,576,727,579,577,392,72,71,595,625
613,215,612,495,304,132,130,576,727,579,577,392,624,590,72,71,595,625
613,215,612,179,181,329,304,132,130,576,727,579,577,392,72,71,73,625
613,215,182,179,612,495,304,132,130,576,727,579,577,392,72,71,595,625
613,215,612,495,304,132,130,576,727,752,611,672,624,590,73,71,595,625
613,215,612,495,181,329,327,132,130,576,727,579,577,392,624,590,73,625
613,215,612,179,181,329,327,132,130,576,727,579,577,392,72,71,73,625
613,215,612,179,181,329,304,132,130,576,727,579,577,392,72,590,73,625
613,215,612,179,181,329,304,132,130,576,727,579,577,392,72,71,595,625
613,215,612,179,181,329,327,132,130,576,727,579,577,392,72,590,73,625
613,215,612,495,304,132,130,576,727,752,611,672,624,590,72,71,73,625
613,215,182,179,181,495,304,132,130,576,727,752,611,672,624,590,73,625
613,215,612,179,181,329,327,132,130,576,727,579,577,392,72,71,595,625
613,215,612,495,181,329,327,328,589,576,727,579,577,392,72,71,73,625
613,215,182,179,181,329,304,132,130,576,727,579,577,392,72,71,73,625
613,215,612,495,181,329,304,132,130,576,727,752,611,672,624,590,73,625
613,215,612,495,304,132,130,576,727,752,611,672,624,590,72,71,595,625
613,215,182,179,181,329,327,132,130,576,727,579,577,392,72,71,73,625
613,215,612,495,181,329,327,132,130,576,727,752,611,672,624,590,73,625
613,215,612,495,181,329,327,328,589,576,727,579,577,392,72,590,73,625
613,215,612,495,304,329,327,132,130,576,727,579,577,392,72,71,73,625
613,215,182,179,181,329,304,132,130,576,727,579,577,392,72,590,73,625
613,215,612,495,181,329,327,328,589,576,727,579,577,392,72,71,595,625
613,215,612,495,181,329,327,328,130,576,727,579,577,392,624,590,73,625
613,215,182,179,181,329,304,132,130,576,727,579,577,392,72,71,595,625
613,215,182,179,612,495,304,132,130,576,727,579,577,392,624,590,73,625
613,215,612,179,181,329,327,328,130,576,727,579,577,392,72,71,73,625
613,215,182,179,181,329,327,132,130,576,727,579,577,392,72,590,73,625
613,215,182,179,181,329,327,132,130,576,727,579,577,392,72,71,595,625
613,215,612,495,304,329,327,132,130,576,727,579,577,392,72,590,73,625
613,215,612,495,304,329,327,132,130,576,727,579,577,392,72,71,595,625
613,215,612,179,181,329,327,328,130,576,727,579,577,392,72,590,73,625
613,215,612,179,181,329,304,132,130,576,727,579,577,392,624,590,73,625
613,215,612,179,181,329,327,328,130,576,727,579,577,392,72,71,595,625
613,215,612,179,181,329,327,132,130,576,727,579,577,392,624,590,73,625
613,215,182,179,181,329,327,328,130,576,727,579,577,392,72,71,73,625
613,215,612,495,181,329,327,328,130,576,727,752,611,672,624,590,73,625
613,215,182,179,612,495,304,132,130,576,727,752,611,672,624,590,73,625
613,215,612,495,304,329,327,328,130,576,727,579,577,392,72,71,73,625
613,565,564,566,567,569,571,326,131,574,575,578,577,392,72,71,73,625
613,215,182,179,181,329,327,328,130,576,727,579,577,392,72,590,73,625
613,215,612,495,181,329,327,328,589,576,727,579,577,392,624,590,73,625
613,215,182,179,181,329,304,132,130,576,727,579,577,392,624,590,73,625
613,215,612,179,181,329,327,328,589,576,727,579,577,392,72,71,73,625
613,215,182,179,181,329,327,328,130,576,727,579,577,392,72,71,595,625
613,215,612,495,304,329,327,328,130,576,727,579,577,392,72,590,73,625
613,565,564,566,567,569,571,326,572,573,393,578,577,392,72,71,73,625
613,565,564,566,567,569,571,326,131,574,575,578,577,392,72,590,73,625
613,215,612,495,181,329,327,328,589,674,673,754,752,611,672,624,590,73,625
613,215,612,179,181,329,304,132,130,576,727,752,611,672,624,590,73,625
613,215,612,495,304,329,327,328,130,576,727,579,577,392,72,71,595,625
613,565,564,566,567,569,571,326,131,574,575,578,577,392,72,71,595,625
613,215,182,179,181,329,327,132,130,576,727,579,577,392,624,590,73,625
613,215,612,495,304,132,327,328,130,576,727,579,577,392,72,71,73,625
613,215,612,179,181,329,327,132,130,576,727,752,611,672,624,590,73,625
613,215,612,495,304,329,327,132,130,576,727,579,577,392,624,590,73,625
613,215,612,179,181,329,327,328,589,576,727,579,577,392,72,590,73,625
613,565,564,566,567,569,571,326,572,573,393,578,577,392,72,590,73,625
613,215,612,179,181,329,327,328,589,576,727,579,577,392,72,71,595,625
613,215,612,179,181,329,327,328,130,576,727,579,577,392,624,590,73,625
613,565,564,566,567,569,571,326,572,573,393,578,577,392,72,71,595,625
613,565,564,566,567,569,571,302,572,573,393,578,577,392,72,71,73,625
613,215,612,495,304,132,327,328,130,576,727,579,577,392,72,590,73,625
613,215,612,495,304,132,327,328,130,576,727,579,577,392,72,71,595,625
613,565,564,566,567,569,571,302,572,573,393,578,577,392,72,590,73,625
613,215,182,179,181,329,327,328,589,576,727,579,577,392,72,71,73,625
613,565,564,566,567,569,571,326,131,573,393,578,577,392,72,71,73,625
613,215,612,495,181,329,327,328,589,576,727,752,611,672,624,590,73,625
613,565,564,566,567,569,571,302,572,573,393,578,577,392,72,71,595,625
613,215,182,179,181,329,304,132,130,576,727,752,611,672,624,590,73,625
613,215,612,495,304,329,327,328,589,576,727,579,577,392,72,71,73,625
613,215,182,179,181,329,327,132,130,576,727,752,611,672,624,590,73,625
613,215,182,179,181,329,327,328,589,576,727,579,577,392,72,590,73,625
613,565,564,566,567,569,571,326,131,573,393,578,577,392,72,590,73,625
613,215,612,495,304,329,327,132,130,576,727,752,611,672,624,590,73,625
613,216,182,179,181,329,327,328,589,674,753,754,752,611,672,624,392,72,71,73,625
613,215,182,179,181,329,327,328,589,576,727,579,577,392,72,71,595,625
613,215,182,179,181,329,327,328,130,576,727,579,577,392,624,590,73,625
613,215,612,495,304,329,327,328,589,576,727,579,577,392,72,590,73,625
613,565,564,566,567,569,571,326,131,573,393,578,577,392,72,71,595,625
613,565,564,566,568,580,570,302,572,573,393,578,577,392,72,71,73,625
613,215,612,179,181,329,327,328,130,576,727,752,611,672,624,590,73,625
613,215,612,495,304,329,327,328,589,576,727,579,577,392,72,71,595,625
613,215,612,495,304,329,327,328,130,576,727,579,577,392,624,590,73,625
613,565,564,566,567,569,571,326,131,574,575,578,577,392,624,590,73,625
613,215,612,495,304,132,327,328,589,576,727,579,577,392,72,71,73,625
613,216,182,179,181,329,327,328,589,674,753,754,752,611,672,624,392,72,590,73,625
613,216,182,179,181,329,327,328,589,674,753,754,752,611,672,624,392,72,71,595,625
613,215,612,179,181,329,327,328,589,576,727,579,577,392,624,590,73,625
613,565,564,566,568,580,570,302,572,573,393,578,577,392,72,590,73,625
613,565,564,566,567,569,571,326,572,573,393,578,577,392,624,590,73,625
613,565,564,566,568,580,570,302,572,573,393,578,577,392,72,71,595,625
613,215,612,179,181,329,327,328,589,674,673,754,752,611,672,624,590,73,625
613,215,612,495,304,132,327,328,589,576,727,579,577,392,72,590,73,625
613,215,612,495,304,132,327,328,589,576,727,579,577,392,72,71,595,625
613,215,612,495,304,132,327,328,130,576,727,579,577,392,624,590,73,625
613,565,564,566,567,569,571,326,131,574,393,578,577,392,72,71,73,625
613,565,564,566,567,569,571,302,572,573,393,578,577,392,624,590,73,625
613,215,182,179,181,329,327,328,130,576,727,752,611,672,624,590,73,625
613,215,612,495,304,329,327,328,130,576,727,752,611,672,624,590,73,625
613,565,564,566,567,569,571,326,131,574,393,578,577,392,72,590,73,625
613,565,564,566,567,569,571,326,131,574,393,578,577,392,72,71,595,625
613,215,182,179,181,329,327,328,589,576,727,579,577,392,624,590,73,625
613,215,612,495,304,132,130,328,589,576,727,579,577,392,72,71,73,625
613,565,564,566,567,569,571,326,131,573,393,578,577,392,624,590,73,625
613,215,612,179,181,329,327,328,589,576,727,752,611,672,624,590,73,625
613,215,612,495,304,329,327,328,589,576,727,579,577,392,624,590,73,625
613,215,182,179,181,329,327,328,589,674,673,754,752,611,672,624,590,73,625
613,215,612,495,304,329,327,328,589,674,673,754,752,611,672,624,590,73,625
613,565,564,566,567,569,570,302,572,573,393,578,577,392,72,71,73,625
613,215,612,495,304,132,130,328,589,576,727,579,577,392,72,590,73,625
613,215,612,495,304,132,327,328,130,576,727,752,611,672,624,590,73,625
613,215,612,495,304,132,130,328,589,576,727,579,577,392,72,71,595,625
613,565,564,566,568,580,570,302,572,573,393,578,577,392,624,590,73,625
613,565,564,566,567,569,570,302,572,573,393,578,577,392,72,590,73,625
613,215,612,495,304,132,327,328,589,576,727,579,577,392,624,590,73,625
613,216,182,179,181,329,606,608,134,609,610,673,754,752,611,672,624,590,73,625
613,565,564,566,567,569,570,302,572,573,393,578,577,392,72,71,595,625
613,215,612,495,304,132,327,328,589,674,673,754,752,611,672,624,590,73,625
613,215,182,179,181,329,327,328,589,576,727,752,611,672,624,590,73,625
613,215,612,495,304,329,327,328,589,576,727,752,611,672,624,590,73,625
613,216,182,179,181,329,327,608,134,609,610,673,754,752,611,672,624,590,73,625
613,565,564,566,567,569,571,326,131,574,393,578,577,392,624,590,73,625
613,216,182,179,181,329,327,328,134,609,610,673,754,752,611,672,624,590,73,625
613,215,612,495,569,571,326,131,574,575,579,577,392,72,71,73,625
613,215,612,495,304,132,327,328,589,576,727,752,611,672,624,590,73,625
613,215,612,495,304,132,130,328,589,576,727,579,577,392,624,590,73,625
613,215,612,495,569,571,326,131,574,575,579,577,392,72,590,73,625
613,215,612,495,304,132,130,328,589,674,673,754,752,611,672,624,590,73,625
613,215,612,495,569,571,326,131,574,575,579,577,392,72,71,595,625
613,565,564,566,567,569,570,302,572,573,393,578,577,392,624,590,73,625
613,216,182,179,181,329,327,328,589,609,610,673,754,752,611,672,624,590,73,625
613,216,182,179,612,495,181,329,327,328,589,674,753,754,752,611,672,624,590,73,625
613,215,612,495,304,132,130,576,589,674,673,754,752,611,672,624,590,73,625
613,216,182,179,181,329,327,328,589,674,753,727,752,611,672,624,392,72,71,73,625
613,216,182,179,180,457,606,608,134,609,610,673,754,752,611,672,624,590,73,625
613,215,612,495,304,132,130,328,589,576,727,752,611,672,624,590,73,625
613,216,182,218,180,457,606,608,134,609,610,673,754,752,611,672,624,590,73,625
613,216,182,179,181,329,327,328,589,674,753,727,752,611,672,624,392,72,590,73,625
613,216,182,179,181,329,327,328,589,674,753,727,752,611,672,624,392,72,71,595,625
613,216,182,179,181,329,327,328,589,674,753,754,752,611,672,624,590,73,71,595,625
613,216,182,179,181,329,327,328,589,674,673,668,611,672,624,590,73,625
613,215,612,495,569,571,326,131,574,575,579,577,392,624,590,73,625
613,216,182,179,181,457,606,608,134,609,610,673,754,752,611,672,624,590,73,625
613,216,182,179,181,329,327,328,589,674,753,754,752,611,672,624,590,72,71,73,625
613,216,182,215,612,495,181,329,327,328,589,674,753,754,752,611,672,624,590,73,625
613,216,182,179,612,495,181,329,327,328,589,674,753,727,579,577,392,72,71,73,625
613,216,182,179,181,495,304,329,327,328,589,674,753,754,752,611,672,624,590,73,625
613,216,182,179,181,329,327,328,589,674,753,754,752,611,672,624,590,72,71,595,625
613,216,182,179,612,495,181,329,327,328,589,674,753,727,579,577,392,72,590,73,625
613,216,182,179,612,495,181,329,327,328,589,674,753,727,579,577,392,72,71,595,625
613,216,182,179,181,495,304,132,327,328,589,674,753,754,752,611,672,624,590,73,625
613,216,182,179,181,329,327,328,589,674,753,727,579,577,392,72,590,73,71,595,625
613,215,612,495,181,329,327,328,589,674,753,754,752,727,579,577,392,72,71,73,625
613,216,182,215,612,495,181,329,327,328,589,674,753,727,579,577,392,72,71,73,625
613,216,182,179,181,495,304,329,327,328,589,674,753,727,579,577,392,72,71,73,625
613,215,612,495,181,329,327,328,589,674,753,754,752,727,579,577,392,72,590,73,625
613,215,612,495,181,329,327,328,589,674,753,754,752,727,579,577,392,72,71,595,625
613,216,182,215,612,495,181,329,327,328,589,674,753,727,579,577,392,72,590,73,625
613,216,182,179,181,495,304,329,327,328,589,674,753,727,579,577,392,72,590,73,625
613,216,182,215,612,495,181,329,327,328,589,674,753,727,579,577,392,72,71,595,625
613,216,182,179,181,495,304,329,327,328,589,674,753,727,579,577,392,72,71,595,625
613,216,182,179,181,495,304,132,130,328,589,674,753,754,752,611,672,624,590,73,625
613,216,182,179,612,495,304,329,327,328,589,674,753,754,752,611,672,624,590,73,625
613,216,182,179,181,495,304,132,327,328,589,674,753,727,579,577,392,72,71,73,625
613,216,182,215,612,179,181,329,327,328,589,674,753,754,752,611,672,624,590,73,625
613,216,182,179,612,495,181,329,327,328,589,674,753,727,579,577,392,624,590,73,625
613,216,182,179,181,495,304,132,327,328,589,674,753,727,579,577,392,72,590,73,625
613,216,182,179,181,495,304,132,327,328,589,674,753,727,579,577,392,72,71,595,625
613,216,182,179,181,329,327,328,589,674,753,727,579,577,392,624,590,73,71,595,625
613,216,182,179,181,495,304,132,130,576,589,674,753,754,752,611,672,624,590,73,625
613,216,182,179,612,495,304,132,327,328,589,674,753,754,752,611,672,624,590,73,625
613,215,612,495,569,571,326,131,574,575,578,577,392,72,71,73,625
613,565,564,581,568,580,570,302,572,573,393,578,577,392,72,71,73,625
613,215,612,495,181,329,327,328,589,674,753,754,752,727,579,577,392,624,590,73,625
613,216,182,179,181,495,304,132,130,576,727,753,754,752,611,672,624,590,73,625
613,216,182,179,181,329,327,328,589,674,753,727,579,577,392,624,590,72,71,73,625
613,215,612,495,569,571,326,572,573,393,578,577,392,72,71,73,625
613,215,612,495,569,571,326,131,574,575,578,577,392,72,590,73,625
613,215,612,179,181,329,327,328,589,674,753,754,752,727,579,577,392,72,71,73,625
613,216,182,179,612,495,181,329,327,328,589,674,753,727,752,611,672,624,590,73,625
613,216,182,215,612,495,304,329,327,328,589,674,753,754,752,611,672,624,590,73,625
613,216,182,179,181,495,304,132,130,328,589,674,753,727,579,577,392,72,71,73,625
613,215,612,495,569,571,326,131,574,575,578,577,392,72,71,595,625
613,216,182,215,612,495,181,329,327,328,589,674,753,727,579,577,392,624,590,73,625
613,216,182,179,612,495,304,329,327,328,589,674,753,727,579,577,392,72,71,73,625
613,216,182,215,612,179,181,329,327,328,589,674,753,727,579,577,392,72,71,73,625
613,216,182,179,181,495,304,329,327,328,589,674,753,727,579,577,392,624,590,73,625
613,565,564,581,568,580,570,302,572,573,393,578,577,392,72,590,73,625
613,215,612,495,569,571,326,572,573,393,578,577,392,72,590,73,625
613,215,612,179,181,329,327,328,589,674,753,754,752,727,579,577,392,72,590,73,625
613,565,564,581,568,580,570,302,572,573,393,578,577,392,72,71,595,625
613,216,182,179,181,495,304,132,130,328,589,674,753,727,579,577,392,72,590,73,625
613,216,182,179,181,329,327,328,589,674,753,727,579,577,392,624,590,72,71,595,625
613,215,612,495,569,571,326,572,573,393,578,577,392,72,71,595,625
613,215,612,179,181,329,327,328,589,674,753,754,752,727,579,577,392,72,71,595,625
613,216,182,179,612,495,304,329,327,328,589,674,753,727,579,577,392,72,590,73,625
613,215,612,495,569,571,302,572,573,393,578,577,392,72,71,73,625
613,216,182,215,612,179,181,329,327,328,589,674,753,727,579,577,392,72,590,73,625
613,216,182,179,181,495,304,132,130,328,589,674,753,727,579,577,392,72,71,595,625
613,216,182,179,181,329,327,328,589,674,753,727,752,611,672,624,590,73,71,595,625
613,216,182,179,612,495,304,329,327,328,589,674,753,727,579,577,392,72,71,595,625
613,216,182,215,612,179,181,329,327,328,589,674,753,727,579,577,392,72,71,595,625
613,216,182,215,612,495,304,132,327,328,589,674,753,754,752,611,672,624,590,73,625
613,216,182,179,612,495,304,132,130,328,589,674,753,754,752,611,672,624,590,73,625
613,216,182,179,181,495,304,132,130,576,589,674,753,727,579,577,392,72,71,73,625
613,216,182,179,612,495,304,132,327,328,589,674,753,727,579,577,392,72,71,73,625
613,216,182,179,181,495,304,132,327,328,589,674,753,727,579,577,392,624,590,73,625
613,215,612,495,569,571,302,572,573,393,578,577,392,72,590,73,625
613,216,182,179,181,329,606,608,134,328,589,674,753,754,752,611,672,624,590,73,625
613,215,612,495,569,571,326,131,573,393,578,577,392,72,71,73,625
613,215,182,179,181,329,327,328,589,674,753,754,752,727,579,577,392,72,71,73,625
613,216,182,179,181,329,304,132,327,328,589,674,753,754,752,611,672,624,590,73,625
613,215,612,495,569,571,302,572,573,393,578,577,392,72,71,595,625
613,216,182,179,181,329,327,328,589,674,753,727,752,611,672,624,590,72,71,73,625
613,215,612,495,304,329,327,328,589,674,753,754,752,727,579,577,392,72,71,73,625
613,216,182,179,181,495,304,132,130,576,589,674,753,727,579,577,392,72,590,73,625
613,216,182,179,612,495,304,132,327,328,589,674,753,727,579,577,392,72,590,73,625
613,216,182,215,612,495,181,329,327,328,589,674,753,727,752,611,672,624,590,73,625
613,216,182,215,566,567,569,571,326,131,574,575,579,577,392,72,71,73,625
613,216,182,179,181,495,304,132,130,576,589,674,753,727,579,577,392,72,71,595,625
613,216,182,179,612,495,304,132,327,328,589,674,753,727,579,577,392,72,71,595,625
613,216,182,215,612,495,304,329,327,328,589,674,753,727,579,577,392,72,71,73,625
613,216,182,179,181,495,304,329,327,328,589,674,753,727,752,611,672,624,590,73,625
613,215,612,495,569,571,326,131,573,393,578,577,392,72,590,73,625
613,216,182,179,181,329,327,608,134,328,589,674,753,754,752,611,672,624,590,73,625
613,215,182,179,181,329,327,328,589,674,753,754,752,727,579,577,392,72,590,73,625
613,216,182,179,612,495,304,132,130,576,589,674,753,754,752,611,672,624,590,73,625
613,215,612,495,569,571,326,131,573,393,578,577,392,72,71,595,625
613,215,182,179,181,329,327,328,589,674,753,754,752,727,579,577,392,72,71,595,625
613,215,612,495,304,329,327,328,589,674,753,754,752,727,579,577,392,72,590,73,625
613,215,612,495,569,571,326,131,574,575,578,577,392,624,590,73,625
613,216,182,179,181,329,327,328,589,674,753,727,752,611,672,624,590,72,71,595,625
613,215,612,495,304,329,327,328,589,674,753,754,752,727,579,577,392,72,71,595,625
613,216,182,215,566,567,569,571,326,131,574,575,579,577,392,72,590,73,625
613,216,182,215,612,495,304,329,327,328,589,674,753,727,579,577,392,72,590,73,625
613,216,182,215,566,567,569,571,326,131,574,575,579,577,392,72,71,595,625
613,216,182,215,612,495,304,329,327,328,589,674,753,727,579,577,392,72,71,595,625
613,215,612,495,304,132,327,328,589,674,753,754,752,727,579,577,392,72,71,73,625
613,216,182,179,612,495,304,132,130,576,727,753,754,752,611,672,624,590,73,625
613,565,564,581,568,580,570,302,572,573,393,578,577,392,624,590,73,625
613,216,182,215,612,495,304,132,130,328,589,674,753,754,752,611,672,624,590,73,625
613,216,182,179,181,329,606,608,134,609,589,674,753,754,752,611,672,624,590,73,625
613,215,612,495,569,571,326,572,573,393,578,577,392,624,590,73,625
613,216,182,215,612,495,304,132,327,328,589,674,753,727,579,577,392,72,71,73,625
613,216,182,179,181,495,304,132,327,328,589,674,753,727,752,611,672,624,590,73,625
613,215,612,179,181,329,327,328,589,674,753,754,752,727,579,577,392,624,590,73,625
613,216,182,179,612,495,304,132,130,328,589,674,753,727,579,577,392,72,71,73,625
613,216,182,179,181,495,304,132,130,328,589,674,753,727,579,577,392,624,590,73,625
613,216,182,179,181,329,327,328,589,674,673,754,752,727,579,577,392,72,71,73,625
613,216,182,179,612,495,304,329,327,328,589,674,753,727,579,577,392,624,590,73,625
613,216,182,215,612,179,181,329,327,328,589,674,753,727,579,577,392,624,590,73,625
613,215,612,495,304,132,327,328,589,674,753,754,752,727,579,577,392,72,590,73,625
613,216,182,179,181,329,606,608,134,328,589,674,753,727,579,577,392,72,71,73,625
613,216,182,179,181,329,304,132,130,328,589,674,753,754,752,611,672,624,590,73,625
613,216,182,179,181,329,606,608,327,328,589,674,753,754,752,611,672,624,590,73,625
613,216,182,179,181,329,304,132,327,328,589,674,753,727,579,577,392,72,71,73,625
613,215,612,495,304,132,327,328,589,674,753,754,752,727,579,577,392,72,71,595,625
613,216,182,215,612,495,304,132,327,328,589,674,753,727,579,577,392,72,590,73,625
613,216,182,179,181,329,327,608,134,609,589,674,753,754,752,611,672,624,590,73,625
613,216,182,179,612,495,304,132,130,328,589,674,753,727,579,577,392,72,590,73,625
613,215,612,495,569,571,326,131,574,393,578,577,392,72,71,73,625
613,216,182,179,181,329,327,132,130,328,589,674,753,754,752,611,672,624,590,73,625
613,216,182,215,612,495,304,132,327,328,589,674,753,727,579,577,392,72,71,595,625
613,216,182,179,181,329,327,328,589,674,673,754,752,727,579,577,392,72,590,73,625
613,216,182,179,612,495,304,132,130,328,589,674,753,727,579,577,392,72,71,595,625
613,215,612,495,569,571,302,572,573,393,578,577,392,624,590,73,625
613,216,182,179,181,329,606,608,134,328,589,674,753,727,579,577,392,72,590,73,625
613,216,182,179,181,329,327,328,589,674,673,754,752,727,579,577,392,72,71,595,625
613,216,182,215,612,495,304,132,130,576,589,674,753,754,752,611,672,624,590,73,625
613,216,182,179,181,329,327,608,134,328,589,674,753,727,579,577,392,72,71,73,625
613,216,182,179,181,329,304,132,327,328,589,674,753,727,579,577,392,72,590,73,625
613,216,182,179,181,329,606,608,134,328,589,674,753,727,579,577,392,72,71,595,625
613,216,182,179,612,495,304,132,130,576,589,674,753,727,579,577,392,72,71,73,625
613,216,182,179,181,329,304,132,327,328,589,674,753,727,579,577,392,72,71,595,625
613,216,182,179,181,495,304,132,130,576,589,674,753,727,579,577,392,624,590,73,625
613,216,182,179,612,495,304,132,327,328,589,674,753,727,579,577,392,624,590,73,625
613,216,182,179,181,329,327,328,134,609,589,674,753,754,752,611,672,624,590,73,625
613,215,612,495,569,571,326,131,574,393,578,577,392,72,590,73,625
613,215,612,495,569,571,326,131,574,393,578,577,392,72,71,595,625
613,216,182,179,181,329,304,132,130,576,589,674,753,754,752,611,672,624,590,73,625
613,215,612,495,569,571,326,131,573,393,578,577,392,624,590,73,625
613,215,182,179,181,329,327,328,589,674,753,754,752,727,579,577,392,624,590,73,625
613,215,612,495,304,132,130,328,589,674,753,754,752,727,579,577,392,72,71,73,625
613,216,182,179,181,329,327,608,134,328,589,674,753,727,579,577,392,72,590,73,625
613,216,182,215,612,495,304,132,130,576,727,753,754,752,611,672,624,590,73,625
613,216,182,179,612,495,304,132,130,576,589,674,753,727,579,577,392,72,590,73,625
613,215,612,495,304,329,327,328,589,674,753,754,752,727,579,577,392,624,590,73,625
613,216,182,179,181,329,327,608,134,328,589,674,753,727,579,577,392,72,71,595,625
613,216,182,179,181,329,327,132,130,576,589,674,753,754,752,611,672,624,590,73,625
613,216,182,179,180,457,606,608,134,328,589,674,753,754,752,611,672,624,590,73,625
613,216,182,215,612,495,304,132,130,328,589,674,753,727,579,577,392,72,71,73,625
613,216,182,179,181,329,606,608,134,609,589,674,753,727,579,577,392,72,71,73,625
613,216,182,179,181,495,304,132,130,328,589,674,753,727,752,611,672,624,590,73,625
613,216,182,179,612,495,304,132,130,576,589,674,753,727,579,577,392,72,71,595,625
613,216,182,179,612,495,304,329,327,328,589,674,753,727,752,611,672,624,590,73,625
613,216,182,215,566,567,569,571,326,131,574,575,579,577,392,624,590,73,625
613,216,182,218,180,457,606,608,134,328,589,674,753,754,752,611,672,624,590,73,625
613,215,612,495,569,570,302,572,573,393,578,577,392,72,71,73,625
613,216,182,215,612,179,181,329,327,328,589,674,753,727,752,611,672,624,590,73,625
613,216,182,215,612,495,304,329,327,328,589,674,753,727,579,577,392,624,590,73,625
613,216,182,179,181,329,304,132,130,576,727,753,754,752,611,672,624,590,73,625
613,215,612,495,304,132,130,328,589,674,753,754,752,727,579,577,392,72,590,73,625
613,215,612,567,569,571,326,131,574,575,579,577,392,72,71,73,625
613,216,182,179,181,329,304,132,130,328,589,674,753,727,579,577,392,72,71,73,625
613,215,612,495,304,132,130,328,589,674,753,754,752,727,579,577,392,72,71,595,625
613,216,182,179,181,329,606,608,327,328,589,674,753,727,579,577,392,72,71,73,625
613,216,182,179,181,329,327,132,130,576,727,753,754,752,611,672,624,590,73,625
613,216,182,215,612,495,304,132,130,328,589,674,753,727,579,577,392,72,590,73,625
613,216,182,179,181,329,606,608,134,609,589,674,753,727,579,577,392,72,590,73,625
613,216,182,179,181,329,327,608,134,609,589,674,753,727,579,577,392,72,71,73,625
613,215,612,495,569,570,302,572,573,393,578,577,392,72,590,73,625
613,216,182,215,612,495,304,132,130,328,589,674,753,727,579,577,392,72,71,595,625
613,216,182,179,181,329,606,608,134,609,589,674,753,727,579,577,392,72,71,595,625
613,216,182,179,181,329,327,132,130,328,589,674,753,727,579,577,392,72,71,73,625
613,215,612,495,304,132,130,576,589,674,753,754,752,727,579,577,392,72,71,73,625
613,215,612,495,569,570,302,572,573,393,578,577,392,72,71,595,625
613,215,612,495,304,132,327,328,589,674,753,754,752,727,579,577,392,624,590,73,625
613,215,612,567,569,571,326,131,574,575,579,577,392,72,590,73,625
613,216,182,179,181,329,304,132,130,328,589,674,753,727,579,577,392,72,590,73,625
613,216,182,215,612,495,304,132,130,576,589,674,753,727,579,577,392,72,71,73,625
613,216,182,179,181,495,304,132,130,576,589,674,753,727,752,611,672,624,590,73,625
613,216,182,179,612,495,304,132,327,328,589,674,753,727,752,611,672,624,590,73,625
613,216,182,179,181,457,606,608,134,328,589,674,753,754,752,611,672,624,590,73,625
613,215,612,567,569,571,326,131,574,575,579,577,392,72,71,595,625
613,216,182,179,181,329,606,608,327,328,589,674,753,727,579,577,392,72,590,73,625
613,216,182,215,612,495,304,132,327,328,589,674,753,727,579,577,392,624,590,73,625
613,216,182,179,181,329,304,132,130,328,589,674,753,727,579,577,392,72,71,595,625
613,216,182,179,612,495,304,132,130,328,589,674,753,727,579,577,392,624,590,73,625
613,216,182,179,181,329,327,608,134,609,589,674,753,727,579,577,392,72,590,73,625
613,216,182,179,181,329,606,608,327,328,589,674,753,727,579,577,392,72,71,595,625
613,216,182,179,181,329,327,328,134,609,589,674,753,727,579,577,392,72,71,73,625
613,216,182,179,181,329,327,132,130,328,589,674,753,727,579,577,392,72,590,73,625
613,216,182,179,181,329,327,328,589,674,673,754,752,727,579,577,392,624,590,73,625
613,215,612,495,304,132,130,576,589,674,753,754,752,727,579,577,392,72,590,73,625
613,216,182,179,181,329,327,608,134,609,589,674,753,727,579,577,392,72,71,595,625
613,216,182,179,180,457,606,608,134,609,589,674,753,754,752,611,672,624,590,73,625
613,216,182,179,181,329,606,608,134,328,589,674,753,727,579,577,392,624,590,73,625
613,216,182,179,181,329,304,132,130,576,589,674,753,727,579,577,392,72,71,73,625
613,216,182,179,181,329,327,132,130,328,589,674,753,727,579,577,392,72,71,595,625
613,215,612,495,304,132,130,576,589,674,753,754,752,727,579,577,392,72,71,595,625
613,216,182,179,180,457,606,329,327,328,589,674,753,754,752,611,672,624,590,73,625
613,216,182,218,180,457,606,608,134,609,589,674,753,754,752,611,672,624,590,73,625
613,216,182,215,612,495,304,132,130,576,589,674,753,727,579,577,392,72,590,73,625
613,216,182,179,181,329,304,132,327,328,589,674,753,727,579,577,392,624,590,73,625
613,216,182,218,180,457,606,329,327,328,589,674,753,754,752,611,672,624,590,73,625
613,216,182,215,612,495,304,132,130,576,589,674,753,727,579,577,392,72,71,595,625
613,215,612,495,569,571,326,131,574,393,578,577,392,624,590,73,625
613,216,182,179,181,329,327,132,130,576,589,674,753,727,579,577,392,72,71,73,625
613,216,182,215,612,495,304,329,327,328,589,674,753,727,752,611,672,624,590,73,625
613,216,182,179,181,329,327,328,130,576,589,674,753,754,752,611,672,624,590,73,625
613,216,182,179,180,457,606,608,134,328,589,674,753,727,579,577,392,72,71,73,625
613,216,182,179,181,329,327,328,134,609,589,674,753,727,579,577,392,72,590,73,625
613,216,182,218,180,457,606,608,134,328,589,674,753,727,579,577,392,72,71,73,625
613,216,182,179,180,457,606,608,327,328,589,674,753,754,752,611,672,624,590,73,625
613,216,182,179,181,329,327,328,134,609,589,674,753,727,579,577,392,72,71,595,625
613,216,182,179,181,329,304,132,130,576,589,674,753,727,579,577,392,72,590,73,625
613,216,182,218,180,457,606,608,327,328,589,674,753,754,752,611,672,624,590,73,625
613,216,182,179,181,329,327,608,134,328,589,674,753,727,579,577,392,624,590,73,625
613,216,182,179,181,329,304,132,130,576,589,674,753,727,579,577,392,72,71,595,625
613,216,182,179,612,495,304,132,130,576,589,674,753,727,579,577,392,624,590,73,625
613,216,182,179,181,329,327,132,130,576,589,674,753,727,579,577,392,72,590,73,625
613,216,182,179,180,457,181,329,327,328,589,674,753,754,752,611,672,624,590,73,625
613,216,182,179,180,457,606,608,134,328,589,674,753,727,579,577,392,72,590,73,625
613,216,182,179,181,329,327,328,130,576,727,753,754,752,611,672,624,590,73,625
613,216,182,218,180,457,181,329,327,328,589,674,753,754,752,611,672,624,590,73,625
613,216,182,179,181,457,606,608,134,609,589,674,753,754,752,611,672,624,590,73,625
613,216,182,218,180,457,606,608,134,328,589,674,753,727,579,577,392,72,590,73,625
613,216,182,179,181,329,327,132,130,576,589,674,753,727,579,577,392,72,71,595,625
613,216,182,179,180,457,606,608,134,328,589,674,753,727,579,577,392,72,71,595,625
613,216,182,179,181,457,606,329,327,328,589,674,753,754,752,611,672,624,590,73,625
613,215,612,495,304,132,130,328,589,674,753,754,752,727,579,577,392,624,590,73,625
613,216,182,218,180,457,606,608,134,328,589,674,753,727,579,577,392,72,71,595,625
613,216,182,215,612,495,304,132,327,328,589,674,753,727,752,611,672,624,590,73,625
613,216,182,179,612,495,304,132,130,328,589,674,753,727,752,611,672,624,590,73,625
613,216,182,179,181,457,606,608,134,328,589,674,753,727,579,577,392,72,71,73,625
613,216,182,215,612,495,304,132,130,328,589,674,753,727,579,577,392,624,590,73,625
613,216,182,179,181,329,606,608,134,609,589,674,753,727,579,577,392,624,590,73,625
613,216,182,179,181,457,606,608,327,328,589,674,753,754,752,611,672,624,590,73,625
613,215,612,495,569,570,302,572,573,393,578,577,392,624,590,73,625
613,216,182,179,181,329,606,608,134,328,589,674,753,727,752,611,672,624,590,73,625
613,216,182,179,181,329,304,132,327,328,589,674,753,727,752,611,672,624,590,73,625
613,215,612,567,569,571,326,131,574,575,579,577,392,624,590,73,625
613,216,182,179,180,457,606,608,134,609,589,674,753,727,579,577,392,72,71,73,625
613,216,182,179,181,329,304,132,130,328,589,674,753,727,579,577,392,624,590,73,625
613,216,182,179,180,457,606,329,327,328,589,674,753,727,579,577,392,72,71,73,625
613,216,182,218,180,457,606,608,134,609,589,674,753,727,579,577,392,72,71,73,625
613,216,182,179,181,329,606,608,327,328,589,674,753,727,579,577,392,624,590,73,625
613,216,182,179,181,457,606,608,134,328,589,674,753,727,579,577,392,72,590,73,625
613,216,182,218,180,457,606,329,327,328,589,674,753,727,579,577,392,72,71,73,625
613,216,182,179,181,329,327,608,134,609,589,674,753,727,579,577,392,624,590,73,625
613,216,182,179,181,457,606,608,134,328,589,674,753,727,579,577,392,72,71,595,625
613,216,182,179,181,329,327,132,130,328,589,674,753,727,579,577,392,624,590,73,625
613,216,182,179,181,329,327,328,130,576,589,674,753,727,579,577,392,72,71,73,625
613,215,612,495,304,132,130,576,589,674,753,754,752,727,579,577,392,624,590,73,625
613,216,182,179,181,329,327,608,134,328,589,674,753,727,752,611,672,624,590,73,625
613,216,182,179,180,457,606,608,327,328,589,674,753,727,579,577,392,72,71,73,625
613,216,182,179,612,495,304,132,130,576,589,674,753,727,752,611,672,624,590,73,625
613,216,182,179,180,457,606,608,134,609,589,674,753,727,579,577,392,72,590,73,625
613,215,612,495,304,303,571,326,131,574,575,579,577,392,72,71,73,625
613,216,182,218,180,457,606,608,327,328,589,674,753,727,579,577,392,72,71,73,625
613,216,182,215,612,495,304,132,130,576,589,674,753,727,579,577,392,624,590,73,625
613,216,182,179,180,457,606,329,327,328,589,674,753,727,579,577,392,72,590,73,625
613,216,182,218,180,457,606,608,134,609,589,674,753,727,579,577,392,72,590,73,625
613,216,182,179,180,457,606,608,134,609,589,674,753,727,579,577,392,72,71,595,625
613,216,182,218,180,457,606,329,327,328,589,674,753,727,579,577,392,72,590,73,625
613,216,182,218,180,179,181,329,327,328,589,674,753,754,752,611,672,624,590,73,625
613,216,182,179,180,457,606,329,327,328,589,674,753,727,579,577,392,72,71,595,625
613,216,182,218,180,457,606,608,134,609,589,674,753,727,579,577,392,72,71,595,625
613,216,182,179,181,329,327,328,134,609,589,674,753,727,579,577,392,624,590,73,625
613,216,182,179,181,329,327,328,130,576,589,674,753,727,579,577,392,72,590,73,625
613,216,182,218,180,457,606,329,327,328,589,674,753,727,579,577,392,72,71,595,625
613,216,182,179,180,457,181,329,327,328,589,674,753,727,579,577,392,72,71,73,625
613,216,182,218,180,457,181,329,327,328,589,674,753,727,579,577,392,72,71,73,625
613,216,182,179,181,457,606,608,134,609,589,674,753,727,579,577,392,72,71,73,625
613,216,182,179,180,457,606,608,327,328,589,674,753,727,579,577,392,72,590,73,625
613,216,182,179,181,329,304,132,130,576,589,674,753,727,579,577,392,624,590,73,625
613,216,182,179,181,329,327,328,130,576,589,674,753,727,579,577,392,72,71,595,625
613,216,182,179,181,457,606,329,327,328,589,674,753,727,579,577,392,72,71,73,625
613,215,612,495,304,303,571,326,131,574,575,579,577,392,72,590,73,625
613,216,182,218,180,457,606,608,327,328,589,674,753,727,579,577,392,72,590,73,625
613,216,182,179,181,495,304,132,130,576,727,752,611,672,624,392,72,71,73,625
613,216,182,179,180,457,606,608,327,328,589,674,753,727,579,577,392,72,71,595,625
613,216,182,215,612,495,304,132,130,328,589,674,753,727,752,611,672,624,590,73,625
613,216,182,215,566,567,569,571,326,131,574,575,578,577,392,72,71,73,625
613,216,182,179,181,329,606,608,134,609,589,674,753,727,752,611,672,624,590,73,625
613,216,182,179,181,329,327,328,589,576,727,753,754,752,611,672,624,590,73,625
613,215,612,495,304,303,571,326,131,574,575,579,577,392,72,71,595,625
613,216,182,218,180,457,606,608,327,328,589,674,753,727,579,577,392,72,71,595,625
613,216,182,179,181,329,327,132,130,576,589,674,753,727,579,577,392,624,590,73,625
613,216,182,179,180,457,606,608,134,328,589,674,753,727,579,577,392,624,590,73,625
613,216,182,179,181,329,327,328,589,674,673,754,753,727,579,577,392,72,71,73,625
613,216,182,179,180,457,181,329,327,328,589,674,753,727,579,577,392,72,590,73,625
613,216,182,218,180,457,606,608,134,328,589,674,753,727,579,577,392,624,590,73,625
613,216,182,179,181,457,606,608,327,328,589,674,753,727,579,577,392,72,71,73,625
613,216,182,218,180,457,181,329,327,328,589,674,753,727,579,577,392,72,590,73,625
613,216,182,179,181,457,606,608,134,609,589,674,753,727,579,577,392,72,590,73,625
613,216,182,179,180,457,181,329,327,328,589,674,753,727,579,577,392,72,71,595,625
613,216,182,179,181,329,304,132,130,328,589,674,753,727,752,611,672,624,590,73,625
613,216,182,179,181,457,606,329,327,328,589,674,753,727,579,577,392,72,590,73,625
613,216,182,179,181,495,304,132,130,576,727,752,611,672,624,392,72,590,73,625
613,216,182,179,181,329,606,608,327,328,589,674,753,727,752,611,672,624,590,73,625
613,216,182,218,180,457,181,329,327,328,589,674,753,727,579,577,392,72,71,595,625
613,216,182,179,181,457,606,608,134,609,589,674,753,727,579,577,392,72,71,595,625
613,216,182,215,566,567,569,571,326,572,573,393,578,577,392,72,71,73,625
613,216,182,215,566,567,569,571,326,131,574,575,578,577,392,72,590,73,625
613,216,182,179,181,457,606,329,327,328,589,674,753,727,579,577,392,72,71,595,625
613,216,182,179,181,329,327,608,134,609,589,674,753,727,752,611,672,624,590,73,625
613,216,182,179,181,495,304,132,130,576,727,752,611,672,624,392,72,71,595,625
613,216,182,215,566,567,569,571,326,131,574,575,578,577,392,72,71,595,625
613,216,182,179,181,329,327,132,130,328,589,674,753,727,752,611,672,624,590,73,625
613,216,182,179,181,329,327,328,589,674,673,754,753,727,579,577,392,72,590,73,625
613,216,182,179,181,457,606,608,327,328,589,674,753,727,579,577,392,72,590,73,625
613,216,182,179,181,329,327,328,589,674,673,754,753,727,579,577,392,72,71,595,625
613,216,182,215,612,495,304,132,130,576,589,674,753,727,752,611,672,624,590,73,625
613,216,182,179,181,457,606,608,327,328,589,674,753,727,579,577,392,72,71,595,625
613,216,182,215,566,567,569,571,326,572,573,393,578,577,392,72,590,73,625
613,216,182,179,181,457,606,608,134,328,589,674,753,727,579,577,392,624,590,73,625
613,216,182,179,181,329,327,328,134,609,589,674,753,727,752,611,672,624,590,73,625
613,216,182,215,566,567,569,571,326,572,573,393,578,577,392,72,71,595,625
613,216,182,215,566,567,569,571,302,572,573,393,578,577,392,72,71,73,625
613,216,182,218,180,179,181,329,327,328,589,674,753,727,579,577,392,72,71,73,625
613,216,182,179,181,329,304,132,130,576,589,674,753,727,752,611,672,624,590,73,625
613,216,182,179,180,457,606,608,134,609,589,674,753,727,579,577,392,624,590,73,625
613,216,182,179,180,457,606,329,327,328,589,674,753,727,579,577,392,624,590,73,625
613,216,182,218,180,457,606,608,134,609,589,674,753,727,579,577,392,624,590,73,625
613,216,182,179,181,329,327,132,130,576,589,674,753,727,752,611,672,624,590,73,625
613,215,612,495,181,329,327,328,589,674,753,754,752,611,672,624,392,72,71,73,625
613,216,182,179,180,457,606,608,134,328,589,674,753,727,752,611,672,624,590,73,625
613,216,182,218,180,457,606,329,327,328,589,674,753,727,579,577,392,624,590,73,625
613,216,182,215,566,567,569,571,302,572,573,393,578,577,392,72,590,73,625
613,216,182,218,180,457,606,608,134,328,589,674,753,727,752,611,672,624,590,73,625
613,216,182,218,180,179,181,329,327,328,589,674,753,727,579,577,392,72,590,73,625
613,216,182,215,566,567,569,571,326,131,573,393,578,577,392,72,71,73,625
613,216,182,179,181,329,327,328,130,576,589,674,753,727,579,577,392,624,590,73,625
613,216,182,215,566,567,569,571,302,572,573,393,578,577,392,72,71,595,625
613,216,182,218,180,179,181,329,327,328,589,674,753,727,579,577,392,72,71,595,625
613,216,182,179,180,457,606,608,327,328,589,674,753,727,579,577,392,624,590,73,625
613,215,612,495,304,303,571,326,131,574,575,579,577,392,624,590,73,625
613,216,182,218,180,457,606,608,327,328,589,674,753,727,579,577,392,624,590,73,625
613,215,612,495,181,329,327,328,589,674,753,754,752,611,672,624,392,72,590,73,625
613,215,612,495,181,329,327,328,589,674,753,754,752,611,672,624,392,72,71,595,625
613,216,182,215,566,567,569,571,326,131,573,393,578,577,392,72,590,73,625
613,216,182,179,180,457,181,329,327,328,589,674,753,727,579,577,392,624,590,73,625
613,216,182,218,180,457,181,329,327,328,589,674,753,727,579,577,392,624,590,73,625
613,216,182,179,181,457,606,608,134,609,589,674,753,727,579,577,392,624,590,73,625
613,216,182,215,566,567,569,571,326,131,573,393,578,577,392,72,71,595,625
613,216,182,179,612,495,304,132,130,576,727,752,611,672,624,392,72,71,73,625
613,216,182,179,181,457,606,329,327,328,589,674,753,727,579,577,392,624,590,73,625
613,216,182,215,566,568,580,570,302,572,573,393,578,577,392,72,71,73,625
613,216,182,179,181,457,606,608,134,328,589,674,753,727,752,611,672,624,590,73,625
613,216,182,215,566,567,569,571,326,131,574,575,578,577,392,624,590,73,625
613,216,182,179,181,495,304,132,130,576,727,579,577,392,72,590,73,71,595,625
613,216,182,179,181,329,327,328,589,674,673,754,753,727,579,577,392,624,590,73,625
613,215,612,567,569,571,326,131,574,575,578,577,392,72,71,73,625
613,216,182,179,181,457,606,608,327,328,589,674,753,727,579,577,392,624,590,73,625
613,216,182,179,180,457,606,608,134,609,589,674,753,727,752,611,672,624,590,73,625
613,216,182,179,612,495,304,132,130,576,727,752,611,672,624,392,72,590,73,625
613,216,182,179,180,457,606,329,327,328,589,674,753,727,752,611,672,624,590,73,625
613,216,182,218,180,457,606,608,134,609,589,674,753,727,752,611,672,624,590,73,625
613,216,182,215,566,568,580,570,302,572,573,393,578,577,392,72,590,73,625
613,216,182,179,612,495,304,132,130,576,727,752,611,672,624,392,72,71,595,625
613,216,182,215,566,567,569,571,326,572,573,393,578,577,392,624,590,73,625
613,216,182,218,180,457,606,329,327,328,589,674,753,727,752,611,672,624,590,73,625
613,216,182,215,566,568,580,570,302,572,573,393,578,577,392,72,71,595,625
613,216,182,179,181,329,327,328,130,576,589,674,753,727,752,611,672,624,590,73,625
613,215,612,567,569,571,326,572,573,393,578,577,392,72,71,73,625
613,215,612,567,569,571,326,131,574,575,578,577,392,72,590,73,625
613,216,182,179,180,457,606,608,327,328,589,674,753,727,752,611,672,624,590,73,625
613,215,612,567,569,571,326,131,574,575,578,577,392,72,71,595,625
613,216,182,218,180,457,606,608,327,328,589,674,753,727,752,611,672,624,590,73,625
613,216,182,215,566,567,569,571,326,131,574,393,578,577,392,72,71,73,625
613,216,182,179,180,457,181,329,327,328,589,674,753,727,752,611,672,624,590,73,625
613,216,182,215,566,567,569,571,302,572,573,393,578,577,392,624,590,73,625
613,215,612,567,569,571,326,572,573,393,578,577,392,72,590,73,625
613,216,182,218,180,179,181,329,327,328,589,674,753,727,579,577,392,624,590,73,625
613,216,182,218,180,457,181,329,327,328,589,674,753,727,752,611,672,624,590,73,625
613,216,182,179,181,457,606,608,134,609,589,674,753,727,752,611,672,624,590,73,625
613,215,612,567,569,571,326,572,573,393,578,577,392,72,71,595,625
613,216,182,179,181,457,606,329,327,328,589,674,753,727,752,611,672,624,590,73,625
613,216,182,215,612,495,304,132,130,576,727,752,611,672,624,392,72,71,73,625
613,215,612,567,569,571,302,572,573,393,578,577,392,72,71,73,625
613,216,182,215,566,567,569,571,326,131,574,393,578,577,392,72,590,73,625
613,216,182,179,181,329,327,328,589,674,673,754,753,727,752,611,672,624,590,73,625
613,215,612,179,181,329,327,328,589,674,753,754,752,611,672,624,392,72,71,73,625
613,216,182,215,566,567,569,571,326,131,574,393,578,577,392,72,71,595,625
613,216,182,179,181,457,606,608,327,328,589,674,753,727,752,611,672,624,590,73,625
613,216,182,179,181,329,304,132,130,576,727,752,611,672,624,392,72,71,73,625
613,216,182,215,566,567,569,571,326,131,573,393,578,577,392,624,590,73,625
613,216,182,215,612,495,304,132,130,576,727,752,611,672,624,392,72,590,73,625
613,215,612,567,569,571,302,572,573,393,578,577,392,72,590,73,625
613,215,612,567,569,571,326,131,573,393,578,577,392,72,71,73,625
613,216,182,215,612,495,304,132,130,576,727,752,611,672,624,392,72,71,595,625
613,215,612,495,181,329,606,608,134,609,610,673,754,752,611,672,624,590,73,625
613,216,182,179,181,329,327,132,130,576,727,752,611,672,624,392,72,71,73,625
613,215,612,567,569,571,302,572,573,393,578,577,392,72,71,595,625
613,216,182,215,566,567,569,570,302,572,573,393,578,577,392,72,71,73,625
613,215,612,179,181,329,327,328,589,674,753,754,752,611,672,624,392,72,590,73,625
613,216,182,179,181,329,304,132,130,576,727,752,611,672,624,392,72,590,73,625
613,216,182,179,181,495,304,132,130,576,727,579,577,392,624,590,73,71,595,625
613,215,612,179,181,329,327,328,589,674,753,754,752,611,672,624,392,72,71,595,625
613,216,182,179,181,329,304,132,130,576,727,752,611,672,624,392,72,71,595,625
613,215,612,567,569,571,326,131,573,393,578,577,392,72,590,73,625
613,216,182,215,566,568,580,570,302,572,573,393,578,577,392,624,590,73,625
613,216,182,179,181,329,327,132,130,576,727,752,611,672,624,392,72,590,73,625
613,215,612,495,181,329,327,608,134,609,610,673,754,752,611,672,624,590,73,625
613,215,612,567,569,571,326,131,573,393,578,577,392,72,71,595,625
613,216,182,179,612,495,304,132,130,576,727,579,577,392,72,590,73,71,595,625
613,216,182,215,566,567,569,570,302,572,573,393,578,577,392,72,590,73,625
613,216,182,179,181,329,327,132,130,576,727,752,611,672,624,392,72,71,595,625
613,216,182,218,180,179,181,329,327,328,589,674,753,727,752,611,672,624,590,73,625
613,215,612,567,569,571,326,131,574,575,578,577,392,624,590,73,625
613,216,182,215,566,567,569,570,302,572,573,393,578,577,392,72,71,595,625
613,216,182,179,181,495,304,132,130,576,727,579,577,392,624,590,72,71,73,625
613,215,182,179,181,329,327,328,589,674,753,754,752,611,672,624,392,72,71,73,625
613,215,612,495,304,329,327,328,589,674,753,754,752,611,672,624,392,72,71,73,625
613,215,612,495,181,329,327,328,134,609,610,673,754,752,611,672,624,590,73,625
613,216,182,215,612,179,181,495,304,132,130,576,727,579,577,392,72,71,73,625
613,215,612,567,569,571,326,572,573,393,578,577,392,624,590,73,625
613,216,182,179,612,495,181,329,304,132,130,576,727,579,577,392,72,71,73,625
613,215,612,495,304,303,571,326,131,574,575,578,577,392,72,71,73,625
613,215,182,179,181,329,327,328,589,674,753,754,752,611,672,624,392,72,590,73,625
613,216,182,179,181,495,304,132,130,576,727,579,577,392,624,590,72,71,595,625
613,215,182,179,181,329,327,328,589,674,753,754,752,611,672,624,392,72,71,595,625
613,216,182,215,566,567,569,571,326,131,574,393,578,577,392,624,590,73,625
613,216,182,179,612,495,181,329,327,132,130,576,727,579,577,392,72,71,73,625
613,215,612,495,304,329,327,328,589,674,753,754,752,611,672,624,392,72,590,73,625
613,216,182,215,612,179,181,495,304,132,130,576,727,579,577,392,72,590,73,625
613,216,182,179,181,329,327,328,130,576,727,752,611,672,624,392,72,71,73,625
613,216,182,179,181,495,304,132,130,576,727,752,611,672,624,590,73,71,595,625
613,215,612,495,304,329,327,328,589,674,753,754,752,611,672,624,392,72,71,595,625
613,216,182,215,612,179,181,495,304,132,130,576,727,579,577,392,72,71,595,625
613,215,612,567,569,571,326,131,574,393,578,577,392,72,71,73,625
613,216,182,179,612,495,181,329,304,132,130,576,727,579,577,392,72,590,73,625
613,215,612,495,304,303,571,326,572,573,393,578,577,392,72,71,73,625
613,215,612,495,304,303,571,326,131,574,575,578,577,392,72,590,73,625
613,215,612,567,569,571,302,572,573,393,578,577,392,624,590,73,625
613,216,182,179,612,495,181,329,304,132,130,576,727,579,577,392,72,71,595,625
613,215,612,495,304,303,571,326,131,574,575,578,577,392,72,71,595,625
613,215,612,495,304,132,327,328,589,674,753,754,752,611,672,624,392,72,71,73,625
613,216,182,179,612,495,181,329,327,132,130,576,727,579,577,392,72,590,73,625
613,216,182,215,612,495,304,132,130,576,727,579,577,392,72,590,73,71,595,625
613,216,182,179,181,329,327,328,130,576,727,752,611,672,624,392,72,590,73,625
613,215,612,495,181,329,327,328,589,609,610,673,754,752,611,672,624,590,73,625
613,216,182,179,612,495,181,329,327,132,130,576,727,579,577,392,72,71,595,625
613,215,612,567,569,571,326,131,574,393,578,577,392,72,590,73,625
613,216,182,179,181,329,327,328,130,576,727,752,611,672,624,392,72,71,595,625
613,216,182,179,181,495,304,132,130,576,727,752,611,672,624,590,72,71,73,625
613,215,612,495,304,303,571,326,572,573,393,578,577,392,72,590,73,625
613,216,182,179,181,329,327,328,589,674,673,754,752,611,672,624,392,72,71,73,625
613,215,612,567,569,571,326,131,574,393,578,577,392,72,71,595,625
613,215,612,495,304,303,571,326,572,573,393,578,577,392,72,71,595,625
613,215,612,495,304,132,327,328,589,674,753,754,752,611,672,624,392,72,590,73,625
613,215,612,567,569,571,326,131,573,393,578,577,392,624,590,73,625
613,215,612,495,304,303,571,302,572,573,393,578,577,392,72,71,73,625
613,216,182,179,181,329,304,132,130,576,727,579,577,392,72,590,73,71,595,625
613,215,612,495,304,303,325,326,131,574,575,579,577,392,72,71,73,625
613,215,612,495,304,132,327,328,589,674,753,754,752,611,672,624,392,72,71,595,625
613,215,612,495,181,329,327,328,589,674,753,727,752,611,672,624,392,72,71,73,625
613,215,612,179,181,329,606,608,134,609,610,673,754,752,611,672,624,590,73,625
613,216,182,179,612,495,304,132,130,576,727,579,577,392,624,590,73,71,595,625
613,216,182,179,181,329,606,608,134,609,610,673,674,753,754,752,611,672,624,590,73,625
613,216,182,215,566,567,569,570,302,572,573,393,578,577,392,624,590,73,625
613,216,182,179,181,329,327,132,130,576,727,579,577,392,72,590,73,71,595,625
613,216,182,215,612,495,181,329,304,132,130,576,727,579,577,392,72,71,73,625
613,216,182,179,181,329,327,328,589,674,673,754,752,611,672,624,392,72,590,73,625
613,215,612,567,569,570,302,572,573,393,578,577,392,72,71,73,625
613,216,182,179,181,495,304,132,130,576,727,752,611,672,624,590,72,71,595,625
613,216,182,179,181,329,327,328,589,674,673,754,752,611,672,624,392,72,71,595,625
613,215,612,495,304,303,571,302,572,573,393,578,577,392,72,590,73,625
613,215,612,495,304,303,325,326,131,574,575,579,577,392,72,590,73,625
613,215,612,495,304,303,571,326,131,573,393,578,577,392,72,71,73,625
613,215,612,495,181,329,327,328,589,674,753,727,752,611,672,624,392,72,590,73,625
613,216,182,215,612,495,181,329,327,132,130,576,727,579,577,392,72,71,73,625
613,215,612,495,304,303,571,302,572,573,393,578,577,392,72,71,595,625
613,215,612,495,304,303,325,326,131,574,575,579,577,392,72,71,595,625
613,215,612,179,181,329,327,608,134,609,610,673,754,752,611,672,624,590,73,625
613,216,182,179,181,495,304,329,327,132,130,576,727,579,577,392,72,71,73,625
613,215,612,495,181,329,327,328,589,674,753,727,752,611,672,624,392,72,71,595,625
613,216,182,179,612,495,181,329,327,328,130,576,727,579,577,392,72,71,73,625
613,216,182,179,181,329,327,608,134,609,610,673,674,753,754,752,611,672,624,590,73,625
613,215,612,495,181,329,327,328,589,674,753,754,752,611,672,624,590,73,71,595,625
613,216,182,179,612,495,304,132,130,576,727,579,577,392,624,590,72,71,73,625
613,216,182,215,612,495,181,329,304,132,130,576,727,579,577,392,72,590,73,625
613,215,612,567,569,570,302,572,573,393,578,577,392,72,590,73,625
613,216,182,215,612,495,181,329,304,132,130,576,727,579,577,392,72,71,595,625
613,215,612,495,304,132,130,328,589,674,753,754,752,611,672,624,392,72,71,73,625
613,215,612,495,181,329,327,328,589,674,673,668,611,672,624,590,73,625
613,215,612,567,569,570,302,572,573,393,578,577,392,72,71,595,625
613,216,182,179,181,329,327,328,589,576,727,752,611,672,624,392,72,71,73,625
613,215,612,495,304,303,571,326,131,573,393,578,577,392,72,590,73,625
613,216,182,215,612,495,181,329,327,132,130,576,727,579,577,392,72,590,73,625
613,216,182,215,612,179,181,495,304,132,130,576,727,579,577,392,624,590,73,625
613,215,612,495,304,303,571,326,131,573,393,578,577,392,72,71,595,625
613,216,182,179,181,495,304,329,327,132,130,576,727,579,577,392,72,590,73,625
613,216,182,179,612,495,181,329,327,328,130,576,727,579,577,392,72,590,73,625
613,216,182,215,612,495,181,329,327,132,130,576,727,579,577,392,72,71,595,625
613,215,612,179,181,329,327,328,134,609,610,673,754,752,611,672,624,590,73,625
613,215,612,495,304,132,325,326,131,574,575,579,577,392,72,71,73,625
613,216,182,179,181,329,327,328,134,609,610,673,674,753,754,752,611,672,624,590,73,625
613,215,612,495,181,457,606,608,134,609,610,673,754,752,611,672,624,590,73,625
613,216,182,179,612,495,181,329,304,132,130,576,727,579,577,392,624,590,73,625
613,215,612,495,304,303,571,326,131,574,575,578,577,392,624,590,73,625
613,216,182,179,181,495,304,329,327,132,130,576,727,579,577,392,72,71,595,625
613,216,182,179,612,495,181,329,327,328,130,576,727,579,577,392,72,71,595,625
613,215,612,495,181,329,327,328,589,674,753,754,752,611,672,624,590,72,71,73,625
613,215,182,179,181,329,606,608,134,609,610,673,754,752,611,672,624,590,73,625
613,216,182,179,612,495,304,132,130,576,727,579,577,392,624,590,72,71,595,625
613,215,612,495,304,132,130,328,589,674,753,754,752,611,672,624,392,72,590,73,625
613,216,182,179,181,329,327,328,589,576,727,752,611,672,624,392,72,590,73,625
613,215,612,495,304,329,606,608,134,609,610,673,754,752,611,672,624,590,73,625
613,216,182,179,612,495,304,132,130,576,727,752,611,672,624,590,73,71,595,625
613,216,182,179,612,495,181,329,327,132,130,576,727,579,577,392,624,590,73,625
613,215,612,495,304,132,130,328,589,674,753,754,752,611,672,624,392,72,71,595,625
613,216,182,215,612,495,304,132,130,576,727,579,577,392,624,590,73,71,595,625
613,216,182,179,181,329,327,328,589,576,727,752,611,672,624,392,72,71,595,625
613,215,612,495,304,132,325,326,131,574,575,579,577,392,72,590,73,625
613,216,182,179,181,329,606,608,134,609,610,673,674,753,727,579,577,392,72,71,73,625
613,215,612,567,569,571,326,131,574,393,578,577,392,624,590,73,625
613,215,612,495,304,303,571,326,572,573,393,578,577,392,624,590,73,625
613,215,612,495,304,132,325,326,131,574,575,579,577,392,72,71,595,625
613,215,612,495,304,132,130,576,589,674,753,754,752,611,672,624,392,72,71,73,625
613,216,182,179,181,329,327,328,130,576,727,579,577,392,72,590,73,71,595,625
613,215,182,179,181,329,327,608,134,609,610,673,754,752,611,672,624,590,73,625
613,215,612,495,181,329,327,328,589,674,753,754,752,611,672,624,590,72,71,595,625
613,216,182,179,181,329,304,132,130,576,727,579,577,392,624,590,73,71,595,625
613,215,612,495,304,329,327,608,134,609,610,673,754,752,611,672,624,590,73,625
613,216,182,179,612,495,304,132,130,576,727,752,611,672,624,590,72,71,73,625
613,216,182,215,612,495,181,329,327,328,130,576,727,579,577,392,72,71,73,625
613,216,182,179,181,329,606,608,134,609,610,673,674,753,727,579,577,392,72,590,73,625
613,216,182,215,612,495,304,132,130,576,727,579,577,392,624,590,72,71,73,625
613,215,612,179,181,329,327,328,589,609,610,673,754,752,611,672,624,590,73,625
613,216,182,179,181,329,327,132,130,576,727,579,577,392,624,590,73,71,595,625
613,216,182,179,181,329,327,608,134,609,610,673,674,753,727,579,577,392,72,71,73,625
613,216,182,179,181,329,327,328,589,609,610,673,674,753,754,752,611,672,624,590,73,625
613,216,182,179,181,495,304,329,327,328,130,576,727,579,577,392,72,71,73,625
613,215,612,495,304,132,130,576,589,674,753,754,752,611,672,624,392,72,590,73,625
613,215,612,495,304,303,571,326,131,574,393,578,577,392,72,71,73,625
613,216,182,179,181,329,606,608,134,609,610,673,674,753,727,579,577,392,72,71,595,625
613,215,612,495,304,132,130,576,727,753,754,752,611,672,624,392,72,71,73,625
613,215,182,179,181,329,327,328,134,609,610,673,754,752,611,672,624,590,73,625
613,215,612,495,304,132,130,576,589,674,753,754,752,611,672,624,392,72,71,595,625
613,215,612,495,304,303,571,302,572,573,393,578,577,392,624,590,73,625
613,216,182,215,612,179,181,495,304,132,130,576,727,752,611,672,624,590,73,625
613,215,612,495,304,303,325,326,131,574,575,579,577,392,624,590,73,625
613,216,182,179,612,495,181,329,327,328,589,576,727,579,577,392,72,71,73,625
613,215,612,495,304,329,327,328,134,609,610,673,754,752,611,672,624,590,73,625
613,216,182,179,181,329,304,132,130,576,727,579,577,392,624,590,72,71,73,625
613,216,182,215,612,495,181,329,327,328,130,576,727,579,577,392,72,590,73,625
613,215,612,179,181,329,327,328,589,674,753,727,752,611,672,624,392,72,71,73,625
613,216,182,179,612,495,181,329,304,132,130,576,727,752,611,672,624,590,73,625
613,216,182,179,181,329,327,608,134,609,610,673,674,753,727,579,577,392,72,590,73,625
613,216,182,215,612,495,181,329,304,132,130,576,727,579,577,392,624,590,73,625
613,216,182,179,181,495,304,329,327,328,130,576,727,579,577,392,72,590,73,625
613,216,182,179,612,495,304,132,130,576,727,752,611,672,624,590,72,71,595,625
613,216,182,215,612,495,181,329,327,328,130,576,727,579,577,392,72,71,595,625
613,215,612,495,181,329,327,328,589,674,753,727,579,577,392,72,590,73,71,595,625
613,216,182,179,181,329,327,328,134,609,610,673,674,753,727,579,577,392,72,71,73,625
613,215,612,495,304,303,571,326,131,574,393,578,577,392,72,590,73,625
613,215,612,495,304,132,130,576,727,753,754,752,611,672,624,392,72,590,73,625
613,215,612,567,569,570,302,572,573,393,578,577,392,624,590,73,625
613,216,182,215,612,495,304,132,130,576,727,579,577,392,624,590,72,71,595,625
613,216,182,215,612,179,181,329,304,132,130,576,727,579,577,392,72,71,73,625
613,216,182,179,181,329,327,132,130,576,727,579,577,392,624,590,72,71,73,625
613,216,182,179,181,329,327,608,134,609,610,673,674,753,727,579,577,392,72,71,595,625
613,215,612,495,304,132,327,608,134,609,610,673,754,752,611,672,624,590,73,625
613,215,612,179,180,457,606,608,134,609,610,673,754,752,611,672,624,590,73,625
613,216,182,179,181,495,304,329,327,328,130,576,727,579,577,392,72,71,595,625
613,216,182,179,180,457,606,608,134,609,610,673,674,753,754,752,611,672,624,590,73,625
613,215,612,495,304,303,571,326,131,574,393,578,577,392,72,71,595,625
613,216,182,179,612,495,181,329,327,132,130,576,727,752,611,672,624,590,73,625
613,215,612,495,304,132,130,576,727,753,754,752,611,672,624,392,72,71,595,625
613,216,182,215,612,495,304,132,130,576,727,752,611,672,624,590,73,71,595,625
613,215,612,495,304,303,571,326,131,573,393,578,577,392,624,590,73,625
613,216,182,179,612,495,181,329,327,328,589,576,727,579,577,392,72,590,73,625
613,216,182,218,180,457,606,608,134,609,610,673,674,753,754,752,611,672,624,590,73,625
613,216,182,215,612,495,181,329,327,132,130,576,727,579,577,392,624,590,73,625
613,216,182,179,612,495,304,329,327,132,130,576,727,579,577,392,72,71,73,625
613,215,612,179,181,329,327,328,589,674,753,727,752,611,672,624,392,72,590,73,625
613,216,182,179,181,495,304,132,327,328,130,576,727,579,577,392,72,71,73,625
613,216,182,215,612,179,181,329,327,132,130,576,727,579,577,392,72,71,73,625
613,216,182,179,181,495,304,329,327,132,130,576,727,579,577,392,624,590,73,625
613,216,182,179,612,495,181,329,327,328,589,576,727,579,577,392,72,71,595,625
613,216,182,179,612,495,181,329,327,328,130,576,727,579,577,392,624,590,73,625
613,216,182,179,181,329,304,132,130,576,727,579,577,392,624,590,72,71,595,625
613,215,612,179,181,329,327,328,589,674,753,727,752,611,672,624,392,72,71,595,625
613,216,182,179,181,329,327,328,134,609,610,673,674,753,727,579,577,392,72,590,73,625
613,215,612,179,181,329,327,328,589,674,753,754,752,611,672,624,590,73,71,595,625
613,216,182,215,612,179,181,329,304,132,130,576,727,579,577,392,72,590,73,625
613,216,182,179,181,329,304,132,130,576,727,752,611,672,624,590,73,71,595,625
613,216,182,179,181,329,327,328,134,609,610,673,674,753,727,579,577,392,72,71,595,625
613,215,612,495,304,132,327,328,134,609,610,673,754,752,611,672,624,590,73,625
613,216,182,215,612,179,181,329,304,132,130,576,727,579,577,392,72,71,595,625
613,216,182,179,181,329,327,132,130,576,727,579,577,392,624,590,72,71,595,625
613,215,182,179,181,329,327,328,589,609,610,673,754,752,611,672,624,590,73,625
613,215,612,179,181,329,327,328,589,674,673,668,611,672,624,590,73,625
613,216,182,179,612,495,304,329,327,132,130,576,727,579,577,392,72,590,73,625
613,216,182,179,181,495,304,132,327,328,130,576,727,579,577,392,72,590,73,625
613,216,182,215,612,179,181,329,327,132,130,576,727,579,577,392,72,590,73,625
613,216,182,215,612,495,304,132,130,576,727,752,611,672,624,590,72,71,73,625
613,216,182,179,181,329,327,132,130,576,727,752,611,672,624,590,73,71,595,625
613,215,612,495,304,329,327,328,589,609,610,673,754,752,611,672,624,590,73,625
613,215,612,495,304,132,325,326,131,574,575,579,577,392,624,590,73,625
613,216,182,179,612,495,304,329,327,132,130,576,727,579,577,392,72,71,595,625
613,216,182,179,181,329,327,328,589,576,727,579,577,392,72,590,73,71,595,625
613,216,182,179,181,495,304,132,327,328,130,576,727,579,577,392,72,71,595,625
613,216,182,215,612,179,181,329,327,132,130,576,727,579,577,392,72,71,595,625
613,215,612,179,181,457,606,608,134,609,610,673,754,752,611,672,624,590,73,625
613,216,182,179,181,457,606,608,134,609,610,673,674,753,754,752,611,672,624,590,73,625
613,216,182,179,181,329,327,328,589,609,610,673,674,753,727,579,577,392,72,71,73,625
613,215,182,179,612,495,181,329,327,328,589,674,753,754,752,611,672,624,590,73,625
613,216,182,179,181,329,327,328,130,576,727,579,577,392,624,590,73,71,595,625
613,215,182,179,181,329,327,328,589,674,753,727,752,611,672,624,392,72,71,73,625
613,215,612,179,181,329,327,328,589,674,753,754,752,611,672,624,590,72,71,73,625
613,216,182,179,181,329,304,132,130,576,727,752,611,672,624,590,72,71,73,625
613,216,182,215,612,495,181,329,327,328,589,576,727,579,577,392,72,71,73,625
613,215,612,495,304,329,327,328,589,674,753,727,752,611,672,624,392,72,71,73,625
613,216,182,179,181,495,304,329,327,328,589,576,727,579,577,392,72,71,73,625
613,215,182,179,180,457,606,608,134,609,610,673,754,752,611,672,624,590,73,625
613,216,182,215,612,495,181,329,304,132,130,576,727,752,611,672,624,590,73,625
613,216,182,179,181,329,606,608,134,609,610,673,674,753,727,579,577,392,624,590,73,625
613,215,612,179,181,495,304,329,327,328,589,674,753,754,752,611,672,624,590,73,625
613,216,182,215,612,495,304,132,130,576,727,752,611,672,624,590,72,71,595,625
613,215,182,218,180,457,606,608,134,609,610,673,754,752,611,672,624,590,73,625
613,216,182,179,181,329,327,132,130,576,727,752,611,672,624,590,72,71,73,625
613,216,182,179,181,329,327,328,589,609,610,673,674,753,727,579,577,392,72,590,73,625
613,215,182,179,181,329,327,328,589,674,753,727,752,611,672,624,392,72,590,73,625
613,216,182,215,612,495,181,329,327,132,130,576,727,752,611,672,624,590,73,625
613,216,182,179,181,329,327,328,589,609,610,673,674,753,727,579,577,392,72,71,595,625
613,216,182,179,181,329,327,328,130,576,727,579,577,392,624,590,72,71,73,625
613,216,182,215,612,495,181,329,327,328,589,576,727,579,577,392,72,590,73,625
613,215,612,495,304,132,327,328,589,609,610,673,754,752,611,672,624,590,73,625
613,216,182,179,180,457,606,608,134,609,610,673,674,753,727,579,577,392,72,71,73,625
613,215,182,179,181,329,327,328,589,674,753,727,752,611,672,624,392,72,71,595,625
613,215,612,495,304,329,327,328,589,674,753,727,752,611,672,624,392,72,590,73,625
613,216,182,215,612,495,304,329,327,132,130,576,727,579,577,392,72,71,73,625
613,216,182,179,181,495,304,329,327,132,130,576,727,752,611,672,624,590,73,625
613,215,612,179,181,329,327,328,589,674,753,754,752,611,672,624,590,72,71,595,625
613,216,182,179,612,495,181,329,327,328,130,576,727,752,611,672,624,590,73,625
613,215,182,179,181,329,327,328,589,674,753,754,752,611,672,624,590,73,71,595,625
613,216,182,218,180,457,606,608,134,609,610,673,674,753,727,579,577,392,72,71,73,625
613,216,182,179,181,495,304,329,327,328,589,576,727,579,577,392,72,590,73,625
613,216,182,179,181,329,304,132,130,576,727,752,611,672,624,590,72,71,595,625
613,216,182,215,612,495,181,329,327,328,589,576,727,579,577,392,72,71,595,625
613,216,182,215,612,495,181,329,327,328,130,576,727,579,577,392,624,590,73,625
613,215,612,495,304,329,327,328,589,674,753,727,752,611,672,624,392,72,71,595,625
613,216,182,179,612,495,304,329,327,328,130,576,727,579,577,392,72,71,73,625
613,215,612,495,304,329,327,328,589,674,753,754,752,611,672,624,590,73,71,595,625
613,216,182,215,612,179,181,329,327,328,130,576,727,579,577,392,72,71,73,625
613,216,182,179,181,329,327,608,134,609,610,673,674,753,727,579,577,392,624,590,73,625
613,216,182,179,181,495,304,329,327,328,589,576,727,579,577,392,72,71,595,625
613,216,182,179,181,495,304,329,327,328,130,576,727,579,577,392,624,590,73,625
613,215,182,179,181,329,327,328,589,674,673,668,611,672,624,590,73,625
613,215,612,495,181,329,327,328,589,674,753,727,579,577,392,624,590,73,71,595,625
613,215,612,495,304,303,571,326,131,574,393,578,577,392,624,590,73,625
613,216,182,179,181,329,327,132,130,576,727,752,611,672,624,590,72,71,595,625
613,215,612,495,304,132,327,328,589,674,753,727,752,611,672,624,392,72,71,73,625
613,215,612,495,304,132,130,328,134,609,610,673,754,752,611,672,624,590,73,625
613,215,612,495,304,329,327,328,589,674,673,668,611,672,624,590,73,625
613,216,182,179,181,495,304,132,327,328,589,576,727,579,577,392,72,71,73,625
613,216,182,179,180,457,606,608,134,609,610,673,674,753,727,579,577,392,72,590,73,625
613,216,182,215,612,495,304,329,327,132,130,576,727,579,577,392,72,590,73,625
613,216,182,179,612,495,181,329,327,328,589,576,727,579,577,392,624,590,73,625
613,215,612,179,181,495,304,132,327,328,589,674,753,754,752,611,672,624,590,73,625
613,215,182,179,181,457,606,608,134,609,610,673,754,752,611,672,624,590,73,625
613,216,182,218,180,457,606,608,134,609,610,673,674,753,727,579,577,392,72,590,73,625
613,216,182,179,181,329,327,328,130,576,727,579,577,392,624,590,72,71,595,625
613,216,182,179,180,457,606,608,134,609,610,673,674,753,727,579,577,392,72,71,595,625
613,216,182,179,612,495,304,329,327,328,130,576,727,579,577,392,72,590,73,625
613,216,182,215,612,495,304,329,327,132,130,576,727,579,577,392,72,71,595,625
613,215,182,179,181,329,327,328,589,674,753,754,752,611,672,624,590,72,71,73,625
613,216,182,215,612,179,181,329,327,328,130,576,727,579,577,392,72,590,73,625
613,216,182,218,180,457,606,608,134,609,610,673,674,753,727,579,577,392,72,71,595,625
613,216,182,179,612,495,181,329,327,328,589,674,673,754,752,611,672,624,590,73,625
613,216,182,179,181,329,327,328,130,576,727,752,611,672,624,590,73,71,595,625
613,216,182,179,181,329,327,328,134,609,610,673,674,753,727,579,577,392,624,590,73,625
613,216,182,179,612,495,304,329,327,328,130,576,727,579,577,392,72,71,595,625
613,215,612,495,304,329,327,328,589,674,753,754,752,611,672,624,590,72,71,73,625
613,216,182,215,612,179,181,329,304,132,130,576,727,579,577,392,624,590,73,625
613,216,182,215,612,179,181,329,327,328,130,576,727,579,577,392,72,71,595,625
613,215,612,179,181,329,327,328,589,674,753,727,579,577,392,72,590,73,71,595,625
613,215,612,495,304,132,327,328,589,674,753,727,752,611,672,624,392,72,590,73,625
613,215,612,495,181,329,327,328,589,674,753,727,579,577,392,624,590,72,71,73,625
613,216,182,179,181,457,606,608,134,609,610,673,674,753,727,579,577,392,72,71,73,625
613,215,182,179,612,495,181,329,327,328,589,674,753,727,579,577,392,72,71,73,625
613,215,182,179,181,495,304,329,327,328,589,674,753,754,752,611,672,624,590,73,625
613,216,182,179,181,495,304,132,327,328,589,576,727,579,577,392,72,590,73,625
613,215,612,495,304,132,327,328,589,674,753,727,752,611,672,624,392,72,71,595,625
613,216,182,179,612,495,304,132,327,328,130,576,727,579,577,392,72,71,73,625
613,216,182,179,612,495,304,329,327,132,130,576,727,579,577,392,624,590,73,625
613,215,612,495,304,132,327,328,589,674,753,754,752,611,672,624,590,73,71,595,625
613,216,182,179,181,329,606,608,134,609,610,673,674,753,727,752,611,672,624,590,73,625
613,216,182,179,181,495,304,132,327,328,589,576,727,579,577,392,72,71,595,625
613,216,182,179,181,495,304,132,327,328,130,576,727,579,577,392,624,590,73,625
613,216,182,215,612,179,181,329,327,132,130,576,727,579,577,392,624,590,73,625
613,216,182,179,181,329,606,608,134,609,610,673,668,611,672,624,590,73,625
613,216,182,179,181,329,327,328,589,576,727,579,577,392,624,590,73,71,595,625
613,215,612,495,304,132,327,328,589,674,673,668,611,672,624,590,73,625
613,215,612,179,181,495,304,329,327,328,589,674,753,727,579,577,392,72,71,73,625
613,215,182,179,181,329,327,328,589,674,753,754,752,611,672,624,590,72,71,595,625
613,216,182,179,181,329,327,328,130,576,727,752,611,672,624,590,72,71,73,625
613,216,182,179,181,457,606,608,134,609,610,673,674,753,727,579,577,392,72,590,73,625
613,215,182,179,612,495,181,329,327,328,589,674,753,727,579,577,392,72,590,73,625
613,216,182,179,181,329,327,328,589,674,673,754,752,611,672,624,590,73,71,595,625
613,215,612,495,304,329,327,328,589,674,753,754,752,611,672,624,590,72,71,595,625
613,216,182,179,180,457,181,495,304,132,130,576,727,579,577,392,72,71,73,625
613,216,182,179,612,495,304,132,327,328,130,576,727,579,577,392,72,590,73,625
613,215,612,495,304,132,130,328,589,609,610,673,754,752,611,672,624,590,73,625
613,215,612,495,181,329,327,328,589,674,753,727,579,577,392,624,590,72,71,595,625
613,216,182,215,612,495,181,329,327,328,130,576,727,752,611,672,624,590,73,625
613,216,182,179,181,457,606,608,134,609,610,673,674,753,727,579,577,392,72,71,595,625
613,215,182,179,612,495,181,329,327,328,589,674,753,727,579,577,392,72,71,595,625
613,216,182,218,180,457,181,495,304,132,130,576,727,579,577,392,72,71,73,625
613,216,182,179,612,495,304,132,327,328,130,576,727,579,577,392,72,71,595,625
613,216,182,179,181,329,327,608,134,609,610,673,674,753,727,752,611,672,624,590,73,625
613,216,182,215,612,495,304,329,327,328,130,576,727,579,577,392,72,71,73,625
613,216,182,179,181,495,304,329,327,328,130,576,727,752,611,672,624,590,73,625
613,216,182,179,181,329,327,608,134,609,610,673,668,611,672,624,590,73,625
613,215,612,495,304,132,327,328,589,674,753,754,752,611,672,624,590,72,71,73,625
613,215,612,495,181,329,327,328,589,674,753,727,752,611,672,624,590,73,71,595,625
613,215,612,179,181,495,304,329,327,328,589,674,753,727,579,577,392,72,590,73,625
613,215,182,179,181,495,304,132,327,328,589,674,753,754,752,611,672,624,590,73,625
613,215,612,495,304,303,325,326,131,574,575,578,577,392,72,71,73,625
613,216,182,179,181,329,327,328,589,609,610,673,674,753,727,579,577,392,624,590,73,625
613,216,182,179,181,329,327,328,589,576,727,579,577,392,624,590,72,71,73,625
613,215,612,495,304,132,130,328,589,674,753,727,752,611,672,624,392,72,71,73,625
613,215,612,179,181,495,304,329,327,328,589,674,753,727,579,577,392,72,71,595,625
613,216,182,179,612,495,181,329,327,328,589,576,727,752,611,672,624,590,73,625
613,216,182,179,180,457,181,495,304,132,130,576,727,579,577,392,72,590,73,625
613,216,182,179,181,495,304,132,130,328,589,576,727,579,577,392,72,71,73,625
613,216,182,215,612,495,181,329,327,328,589,576,727,579,577,392,624,590,73,625
613,216,182,179,181,329,327,328,130,576,727,752,611,672,624,590,72,71,595,625
613,216,182,179,612,495,304,329,327,328,589,576,727,579,577,392,72,71,73,625
613,216,182,179,181,329,327,328,589,674,673,754,752,611,672,624,590,72,71,73,625
613,215,612,179,181,495,304,132,130,328,589,674,753,754,752,611,672,624,590,73,625
613,216,182,218,180,457,181,495,304,132,130,576,727,579,577,392,72,590,73,625
613,216,182,215,612,179,181,329,327,328,589,576,727,579,577,392,72,71,73,625
613,215,612,495,181,329,606,608,134,328,589,674,753,754,752,611,672,624,590,73,625
613,216,182,179,180,457,181,495,304,132,130,576,727,579,577,392,72,71,595,625
613,215,182,179,181,329,327,328,589,674,753,727,579,577,392,72,590,73,71,595,625
613,216,182,215,612,495,304,329,327,328,130,576,727,579,577,392,72,590,73,625
613,216,182,179,181,495,304,329,327,328,589,576,727,579,577,392,624,590,73,625
613,215,612,179,181,495,304,132,327,328,589,674,753,727,579,577,392,72,71,73,625
613,216,182,179,181,329,327,328,134,609,610,673,674,753,727,752,611,672,624,590,73,625
613,216,182,215,612,495,181,329,327,328,589,674,673,754,752,611,672,624,590,73,625
613,216,182,179,181,329,327,328,134,609,610,673,668,611,672,624,590,73,625
613,216,182,218,180,457,181,495,304,132,130,576,727,579,577,392,72,71,595,625
613,215,566,567,569,571,326,131,574,575,579,577,392,72,590,73,71,595,625
613,215,612,495,181,329,304,132,327,328,589,674,753,754,752,611,672,624,590,73,625
613,216,182,215,612,179,181,329,304,132,130,576,727,752,611,672,624,590,73,625
613,216,182,215,612,495,304,329,327,328,130,576,727,579,577,392,72,71,595,625
613,215,612,495,304,329,327,328,589,674,753,727,579,577,392,72,590,73,71,595,625
613,215,612,495,304,303,325,326,572,573,393,578,577,392,72,71,73,625
613,215,612,495,304,303,325,326,131,574,575,578,577,392,72,590,73,625
613,215,612,495,304,132,327,328,589,674,753,754,752,611,672,624,590,72,71,595,625
613,215,612,495,181,329,327,328,589,674,753,727,752,611,672,624,590,72,71,73,625
613,216,182,179,181,495,304,329,327,328,589,674,673,754,752,611,672,624,590,73,625
613,215,612,495,304,132,130,328,589,674,753,727,752,611,672,624,392,72,590,73,625
613,215,612,495,304,132,130,576,589,609,610,673,754,752,611,672,624,590,73,625
613,215,612,495,304,303,325,326,131,574,575,578,577,392,72,71,595,625
613,216,182,179,612,495,304,329,327,132,130,576,727,752,611,672,624,590,73,625
613,216,182,179,181,495,304,132,130,328,589,576,727,579,577,392,72,590,73,625
613,216,182,179,181,329,327,328,589,576,727,579,577,392,624,590,72,71,595,625
613,216,182,215,612,495,304,132,327,328,130,576,727,579,577,392,72,71,73,625
613,216,182,179,180,457,606,608,134,609,610,673,674,753,727,579,577,392,624,590,73,625
613,216,182,179,181,495,304,132,327,328,130,576,727,752,611,672,624,590,73,625
613,216,182,215,612,179,181,329,327,132,130,576,727,752,611,672,624,590,73,625
613,216,182,179,612,495,304,329,327,328,589,576,727,579,577,392,72,590,73,625
613,215,612,495,304,132,130,328,589,674,753,727,752,611,672,624,392,72,71,595,625
613,216,182,215,612,495,304,329,327,132,130,576,727,579,577,392,624,590,73,625
613,215,182,179,181,495,304,329,327,328,589,674,753,727,579,577,392,72,71,73,625
613,215,612,495,304,132,130,328,589,674,753,754,752,611,672,624,590,73,71,595,625
613,216,182,215,612,179,181,329,327,328,589,576,727,579,577,392,72,590,73,625
613,216,182,218,180,457,606,608,134,609,610,673,674,753,727,579,577,392,624,590,73,625
613,216,182,179,181,495,304,132,130,328,589,576,727,579,577,392,72,71,595,625
613,215,612,179,181,495,304,132,327,328,589,674,753,727,579,577,392,72,590,73,625
613,216,182,179,181,329,327,328,589,576,727,752,611,672,624,590,73,71,595,625
613,216,182,179,612,495,304,329,327,328,589,576,727,579,577,392,72,71,595,625
613,216,182,179,612,495,304,329,327,328,130,576,727,579,577,392,624,590,73,625
613,215,612,495,181,329,327,608,134,328,589,674,753,754,752,611,672,624,590,73,625
613,216,182,179,181,329,327,328,589,674,673,754,752,611,672,624,590,72,71,595,625
613,216,182,215,612,179,181,329,327,328,589,576,727,579,577,392,72,71,595,625
613,216,182,215,612,179,181,329,327,328,130,576,727,579,577,392,624,590,73,625
613,215,612,179,181,495,304,132,327,328,589,674,753,727,579,577,392,72,71,595,625
613,216,182,179,181,329,606,608,134,328,130,576,727,579,577,392,72,71,73,625
613,215,612,495,304,303,325,326,572,573,393,578,577,392,72,590,73,625
613,215,612,495,304,132,130,576,589,674,753,727,752,611,672,624,392,72,71,73,625
613,215,612,495,304,132,130,328,589,674,673,668,611,672,624,590,73,625
613,216,182,179,181,329,606,608,327,132,130,576,727,579,577,392,72,71,73,625
613,216,182,179,181,329,304,132,327,328,130,576,727,579,577,392,72,71,73,625
613,216,182,179,612,495,304,132,327,328,589,576,727,579,577,392,72,71,73,625
613,215,612,179,181,329,327,328,589,674,753,727,579,577,392,624,590,73,71,595,625
613,215,612,495,304,303,325,326,572,573,393,578,577,392,72,71,595,625
613,215,612,495,181,329,327,328,589,674,753,727,752,611,672,624,590,72,71,595,625
613,215,612,179,181,495,304,132,130,576,589,674,753,754,752,611,672,624,590,73,625
613,216,182,215,612,495,304,132,327,328,130,576,727,579,577,392,72,590,73,625
613,216,182,218,180,179,181,495,304,132,130,576,727,579,577,392,72,71,73,625
613,216,182,179,181,495,304,132,327,328,589,576,727,579,577,392,624,590,73,625
613,215,612,495,304,132,325,326,131,574,575,578,577,392,72,71,73,625
613,215,182,179,181,495,304,329,327,328,589,674,753,727,579,577,392,72,590,73,625
613,216,182,215,612,495,304,132,327,328,130,576,727,579,577,392,72,71,595,625
613,215,612,495,304,132,327,328,589,674,753,727,579,577,392,72,590,73,71,595,625
613,215,182,179,181,495,304,329,327,328,589,674,753,727,579,577,392,72,71,595,625
613,216,182,179,181,495,304,132,327,328,589,674,673,754,752,611,672,624,590,73,625
613,215,612,495,304,132,130,328,589,674,753,754,752,611,672,624,590,72,71,73,625
613,216,182,179,181,329,327,328,589,609,610,673,674,753,727,752,611,672,624,590,73,625
613,216,182,179,181,329,606,608,134,328,130,576,727,579,577,392,72,590,73,625
613,216,182,179,181,329,327,328,589,576,727,752,611,672,624,590,72,71,73,625
613,215,612,495,304,132,130,576,589,674,753,727,752,611,672,624,392,72,590,73,625
613,216,182,179,181,329,327,328,589,609,610,673,668,611,672,624,590,73,625
613,215,182,179,181,495,304,132,130,328,589,674,753,754,752,611,672,624,590,73,625
613,216,182,179,181,329,327,608,134,328,130,576,727,579,577,392,72,71,73,625
613,216,182,179,181,329,606,608,327,132,130,576,727,579,577,392,72,590,73,625
613,215,612,495,181,329,606,608,134,609,589,674,753,754,752,611,672,624,590,73,625
613,216,182,179,181,329,304,132,327,328,130,576,727,579,577,392,72,590,73,625
613,215,182,179,612,495,304,329,327,328,589,674,753,754,752,611,672,624,590,73,625
613,216,182,179,612,495,304,132,327,328,589,576,727,579,577,392,72,590,73,625
613,216,182,179,181,329,606,608,134,328,130,576,727,579,577,392,72,71,595,625
613,215,182,179,181,495,304,132,327,328,589,674,753,727,579,577,392,72,71,73,625
613,215,612,495,304,132,130,576,589,674,753,727,752,611,672,624,392,72,71,595,625
613,216,182,215,612,495,181,329,327,328,589,576,727,752,611,672,624,590,73,625
613,216,182,179,181,457,606,608,134,609,610,673,674,753,727,579,577,392,624,590,73,625
613,215,182,179,612,495,181,329,327,328,589,674,753,727,579,577,392,624,590,73,625
613,215,612,495,304,132,130,576,589,674,753,754,752,611,672,624,590,73,71,595,625
613,216,182,218,180,179,181,495,304,132,130,576,727,579,577,392,72,590,73,625
613,216,182,179,181,329,606,608,327,132,130,576,727,579,577,392,72,71,595,625
613,215,612,179,181,495,304,132,130,576,727,753,754,752,611,672,624,590,73,625
613,215,612,495,304,132,325,326,572,573,393,578,577,392,72,71,73,625
613,215,612,495,304,132,325,326,131,574,575,578,577,392,72,590,73,625
613,216,182,179,181,329,304,132,327,328,130,576,727,579,577,392,72,71,595,625
613,216,182,179,612,495,304,132,327,328,589,576,727,579,577,392,72,71,595,625
613,216,182,179,612,495,304,132,327,328,130,576,727,579,577,392,624,590,73,625
613,215,612,179,181,329,327,328,589,674,753,727,579,577,392,624,590,72,71,73,625
613,216,182,215,612,495,304,329,327,328,589,576,727,579,577,392,72,71,73,625
613,216,182,179,181,495,304,329,327,328,589,576,727,752,611,672,624,590,73,625
613,215,612,495,304,303,325,326,131,573,393,578,577,392,72,71,73,625
613,215,612,495,181,329,327,328,589,674,673,754,752,727,579,577,392,72,71,73,625
613,216,182,218,180,179,181,495,304,132,130,576,727,579,577,392,72,71,595,625
613,215,612,495,304,132,325,326,131,574,575,578,577,392,72,71,595,625
613,215,612,179,181,495,304,132,130,328,589,674,753,727,579,577,392,72,71,73,625
613,215,612,495,304,132,130,576,589,674,673,668,611,672,624,590,73,625
613,215,612,495,181,329,606,608,134,328,589,674,753,727,579,577,392,72,71,73,625
613,215,612,495,181,329,304,132,130,328,589,674,753,754,752,611,672,624,590,73,625
613,215,612,179,181,495,304,329,327,328,589,674,753,727,579,577,392,624,590,73,625
613,216,182,179,181,329,327,608,134,328,130,576,727,579,577,392,72,590,73,625
613,215,612,495,181,329,606,608,327,328,589,674,753,754,752,611,672,624,590,73,625
613,215,612,495,181,329,304,132,327,328,589,674,753,727,579,577,392,72,71,73,625
613,215,612,495,304,132,130,328,589,674,753,754,752,611,672,624,590,72,71,595,625
613,216,182,179,181,329,327,328,589,576,727,752,611,672,624,590,72,71,595,625
613,215,182,179,181,495,304,132,327,328,589,674,753,727,579,577,392,72,590,73,625
613,216,182,179,180,457,606,608,134,609,610,673,674,753,727,752,611,672,624,590,73,625
613,215,612,495,181,329,327,608,134,609,589,674,753,754,752,611,672,624,590,73,625
613,216,182,215,612,495,304,329,327,132,130,576,727,752,611,672,624,590,73,625
613,216,182,179,180,457,606,608,134,609,610,673,668,611,672,624,590,73,625
613,216,182,179,181,329,327,608,134,328,130,576,727,579,577,392,72,71,595,625
613,215,612,495,304,132,325,326,572,573,393,578,577,392,72,590,73,625
613,215,612,495,304,132,130,576,727,753,754,752,611,672,624,590,73,71,595,625
613,216,182,179,180,457,181,495,304,132,130,576,727,579,577,392,624,590,73,625
613,216,182,218,180,457,606,608,134,609,610,673,674,753,727,752,611,672,624,590,73,625
613,215,612,495,181,329,327,132,130,328,589,674,753,754,752,611,672,624,590,73,625
613,216,182,215,612,495,304,329,327,328,589,576,727,579,577,392,72,590,73,625
613,215,182,179,181,495,304,132,327,328,589,674,753,727,579,577,392,72,71,595,625
613,215,612,495,304,303,325,326,131,573,393,578,577,392,72,590,73,625
613,216,182,218,180,457,606,608,134,609,610,673,668,611,672,624,590,73,625
613,215,612,495,181,329,327,328,589,674,673,754,752,727,579,577,392,72,590,73,625
613,216,182,179,612,495,304,329,327,328,130,576,727,752,611,672,624,590,73,625
613,215,612,495,304,132,130,576,589,674,753,754,752,611,672,624,590,72,71,73,625
613,216,182,218,180,457,181,495,304,132,130,576,727,579,577,392,624,590,73,625
613,215,612,495,304,132,325,326,572,573,393,578,577,392,72,71,595,625
613,215,612,179,181,495,304,132,130,328,589,674,753,727,579,577,392,72,590,73,625
613,215,612,179,181,329,327,328,589,674,753,727,579,577,392,624,590,72,71,595,625
613,216,182,215,612,179,181,329,327,328,130,576,727,752,611,672,624,590,73,625
613,215,182,179,181,329,327,328,589,674,753,727,579,577,392,624,590,73,71,595,625
613,216,182,215,612,495,304,329,327,328,589,576,727,579,577,392,72,71,595,625
613,216,182,215,612,495,304,329,327,328,130,576,727,579,577,392,624,590,73,625
613,216,182,179,181,495,569,571,326,131,574,575,579,577,392,72,71,73,625
613,215,612,495,304,303,325,326,131,573,393,578,577,392,72,71,595,625
613,215,612,495,181,329,606,608,134,328,589,674,753,727,579,577,392,72,590,73,625
613,215,612,495,181,329,327,328,589,674,673,754,752,727,579,577,392,72,71,595,625
613,215,182,179,181,495,304,132,130,576,589,674,753,754,752,611,672,624,590,73,625
613,215,182,179,612,495,304,132,327,328,589,674,753,754,752,611,672,624,590,73,625
613,215,566,567,569,571,326,131,574,575,579,577,392,624,590,73,71,595,625
613,215,612,495,181,329,327,608,134,328,589,674,753,727,579,577,392,72,71,73,625
613,215,612,179,181,495,304,132,130,328,589,674,753,727,579,577,392,72,71,595,625
613,215,612,179,181,329,327,328,589,674,753,727,752,611,672,624,590,73,71,595,625
613,215,612,495,181,329,304,132,327,328,589,674,753,727,579,577,392,72,590,73,625
613,215,612,495,304,329,327,328,589,674,753,727,579,577,392,624,590,73,71,595,625
613,215,612,495,304,303,325,326,131,574,575,578,577,392,624,590,73,625
613,215,612,495,181,329,606,608,134,328,589,674,753,727,579,577,392,72,71,595,625
613,216,182,215,612,495,304,132,327,328,589,576,727,579,577,392,72,71,73,625
613,216,182,179,181,495,304,132,327,328,589,576,727,752,611,672,624,590,73,625
613,216,182,179,612,495,304,132,130,328,589,576,727,579,577,392,72,71,73,625
613,215,612,495,181,329,304,132,327,328,589,674,753,727,579,577,392,72,71,595,625
613,215,612,495,181,329,327,328,134,609,589,674,753,754,752,611,672,624,590,73,625
613,216,182,179,181,329,606,608,327,328,130,576,727,579,577,392,72,71,73,625
613,216,182,179,181,495,304,132,130,328,589,576,727,579,577,392,624,590,73,625
613,216,182,179,612,495,304,329,327,328,589,576,727,579,577,392,624,590,73,625
613,215,612,179,181,495,304,132,130,576,589,674,753,727,579,577,392,72,71,73,625
613,216,182,215,612,179,181,329,327,328,589,576,727,579,577,392,624,590,73,625
613,215,612,495,304,132,130,576,727,753,754,752,611,672,624,590,72,71,73,625
613,215,612,495,181,329,304,132,130,576,589,674,753,754,752,611,672,624,590,73,625
613,215,612,495,304,132,130,328,589,674,753,727,579,577,392,72,590,73,71,595,625
613,215,612,179,181,495,304,132,327,328,589,674,753,727,579,577,392,624,590,73,625
613,216,182,179,181,329,606,608,134,328,589,576,727,579,577,392,72,71,73,625
613,216,182,179,181,495,569,571,326,131,574,575,579,577,392,72,590,73,625
613,216,182,179,181,495,304,132,130,328,589,674,673,754,752,611,672,624,590,73,625
613,215,612,495,304,132,130,576,589,674,753,754,752,611,672,624,590,72,71,595,625
613,215,612,179,181,329,606,608,134,328,589,674,753,754,752,611,672,624,590,73,625
613,215,612,495,304,132,325,326,131,573,393,578,577,392,72,71,73,625
613,215,182,179,181,495,304,132,130,576,727,753,754,752,611,672,624,590,73,625
613,216,182,179,612,495,304,329,327,328,589,674,673,754,752,611,672,624,590,73,625
613,215,612,495,181,329,327,608,134,328,589,674,753,727,579,577,392,72,590,73,625
613,216,182,179,181,329,304,132,327,328,589,576,727,579,577,392,72,71,73,625
613,215,182,179,181,329,327,328,589,674,753,727,579,577,392,624,590,72,71,73,625
613,216,182,179,181,495,569,571,326,131,574,575,579,577,392,72,71,595,625
613,215,612,495,304,303,325,326,572,573,393,578,577,392,624,590,73,625
613,216,182,215,612,179,181,329,327,328,589,674,673,754,752,611,672,624,590,73,625
613,216,182,179,181,457,606,608,134,609,610,673,674,753,727,752,611,672,624,590,73,625
613,215,612,179,181,329,304,132,327,328,589,674,753,754,752,611,672,624,590,73,625
613,215,182,179,612,495,181,329,327,328,589,674,753,727,752,611,672,624,590,73,625
613,216,182,215,612,495,304,132,327,328,589,576,727,579,577,392,72,590,73,625
613,216,182,179,181,457,606,608,134,609,610,673,668,611,672,624,590,73,625
613,215,566,567,569,571,326,131,574,575,579,577,392,624,590,72,71,73,625
613,216,182,179,612,495,304,132,130,328,589,576,727,579,577,392,72,590,73,625
613,215,612,495,181,329,327,608,134,328,589,674,753,727,579,577,392,72,71,595,625
613,215,612,495,181,329,327,132,130,576,589,674,753,754,752,611,672,624,590,73,625
613,215,182,179,181,495,304,132,130,328,589,674,753,727,579,577,392,72,71,73,625
613,216,182,179,612,495,304,132,327,328,130,576,727,752,611,672,624,590,73,625
613,215,612,179,181,329,327,328,589,674,753,727,752,611,672,624,590,72,71,73,625
613,215,612,495,304,329,327,328,589,674,753,727,579,577,392,624,590,72,71,73,625
613,216,182,179,181,329,606,608,327,328,130,576,727,579,577,392,72,590,73,625
613,215,612,495,181,329,606,608,134,609,589,674,753,727,579,577,392,72,71,73,625
613,215,182,179,612,495,304,329,327,328,589,674,753,727,579,577,392,72,71,73,625
613,216,182,215,612,495,304,132,327,328,589,576,727,579,577,392,72,71,595,625
613,216,182,215,612,495,304,132,327,328,130,576,727,579,577,392,624,590,73,625
613,216,182,179,612,495,304,132,130,328,589,576,727,579,577,392,72,71,595,625
613,215,612,179,181,495,304,132,130,576,589,674,753,727,579,577,392,72,590,73,625
613,216,182,179,180,457,606,329,304,132,130,576,727,579,577,392,72,71,73,625
613,215,182,179,181,495,304,329,327,328,589,674,753,727,579,577,392,624,590,73,625
613,216,182,179,181,329,606,608,327,328,130,576,727,579,577,392,72,71,595,625
613,216,182,179,181,329,606,608,134,328,589,576,727,579,577,392,72,590,73,625
613,216,182,218,180,457,606,329,304,132,130,576,727,579,577,392,72,71,73,625
613,215,612,495,181,329,304,132,130,576,727,753,754,752,611,672,624,590,73,625
613,215,612,495,304,132,327,328,589,674,753,727,579,577,392,624,590,73,71,595,625
613,215,612,179,181,495,304,132,130,576,589,674,753,727,579,577,392,72,71,595,625
613,216,182,179,181,329,327,608,134,328,589,576,727,579,577,392,72,71,73,625
613,215,612,179,181,495,304,329,327,328,589,674,753,727,752,611,672,624,590,73,625
613,215,612,495,304,132,325,326,131,573,393,578,577,392,72,590,73,625
613,216,182,179,181,329,304,132,327,328,589,576,727,579,577,392,72,590,73,625
613,215,612,495,304,132,130,576,727,753,754,752,611,672,624,590,72,71,595,625
613,216,182,179,181,329,606,608,134,328,589,576,727,579,577,392,72,71,595,625
613,215,612,179,181,329,327,608,134,328,589,674,753,754,752,611,672,624,590,73,625
613,216,182,179,181,329,606,608,134,328,130,576,727,579,577,392,624,590,73,625
613,216,182,179,180,457,606,329,327,132,130,576,727,579,577,392,72,71,73,625
613,215,612,495,181,329,304,132,130,328,589,674,753,727,579,577,392,72,71,73,625
613,216,182,179,181,329,606,608,327,132,130,576,727,579,577,392,624,590,73,625
613,215,612,495,304,132,325,326,131,573,393,578,577,392,72,71,595,625
613,215,612,495,304,303,325,326,131,574,393,578,577,392,72,71,73,625
613,216,182,179,181,329,304,132,327,328,589,576,727,579,577,392,72,71,595,625
613,216,182,179,181,329,304,132,327,328,130,576,727,579,577,392,624,590,73,625
613,216,182,218,180,179,612,495,304,132,130,576,727,579,577,392,72,71,73,625
613,216,182,179,612,495,304,132,327,328,589,576,727,579,577,392,624,590,73,625
613,215,182,179,181,495,304,132,130,328,589,674,753,727,579,577,392,72,590,73,625
613,215,182,179,181,329,327,328,589,674,753,727,579,577,392,624,590,72,71,595,625
613,215,612,495,181,329,606,608,327,328,589,674,753,727,579,577,392,72,71,73,625
613,216,182,179,180,457,181,495,304,132,130,576,727,752,611,672,624,590,73,625
613,216,182,218,180,457,606,329,327,132,130,576,727,579,577,392,72,71,73,625
613,215,612,495,181,329,327,132,130,576,727,753,754,752,611,672,624,590,73,625
613,215,612,495,181,329,606,608,134,609,589,674,753,727,579,577,392,72,590,73,625
613,215,182,179,612,495,304,329,327,328,589,674,753,727,579,577,392,72,590,73,625
613,216,182,218,180,179,181,495,304,132,130,576,727,579,577,392,624,590,73,625
613,215,566,567,569,571,326,131,574,575,579,577,392,624,590,72,71,595,625
613,216,182,218,180,457,181,495,304,132,130,576,727,752,611,672,624,590,73,625
613,215,612,495,304,132,325,326,131,574,575,578,577,392,624,590,73,625
613,215,612,495,181,329,327,608,134,609,589,674,753,727,579,577,392,72,71,73,625
613,216,182,179,180,457,606,329,304,132,130,576,727,579,577,392,72,590,73,625
613,215,612,495,304,132,130,576,589,674,753,727,579,577,392,72,590,73,71,595,625
613,215,182,179,181,495,304,132,130,328,589,674,753,727,579,577,392,72,71,595,625
613,215,612,179,181,329,327,328,589,674,753,727,752,611,672,624,590,72,71,595,625
613,215,182,179,181,329,327,328,589,674,753,727,752,611,672,624,590,73,71,595,625
613,215,612,495,304,329,327,328,589,674,753,727,579,577,392,624,590,72,71,595,625
613,216,182,215,612,495,304,329,327,328,130,576,727,752,611,672,624,590,73,625
613,215,612,495,181,329,606,608,134,609,589,674,753,727,579,577,392,72,71,595,625
613,215,182,179,612,495,304,329,327,328,589,674,753,727,579,577,392,72,71,595,625
613,216,182,179,181,495,304,132,130,576,589,674,673,754,752,611,672,624,590,73,625
613,216,182,179,612,495,304,132,327,328,589,674,673,754,752,611,672,624,590,73,625
613,216,182,179,180,457,606,608,134,328,130,576,727,579,577,392,72,71,73,625
613,215,612,495,181,329,327,132,130,328,589,674,753,727,579,577,392,72,71,73,625
613,216,182,218,180,457,606,329,304,132,130,576,727,579,577,392,72,590,73,625
613,216,182,179,180,457,606,608,327,132,130,576,727,579,577,392,72,71,73,625
613,216,182,179,180,457,606,329,304,132,130,576,727,579,577,392,72,71,595,625
613,216,182,179,181,329,327,608,134,328,589,576,727,579,577,392,72,590,73,625
613,216,182,218,180,457,606,608,134,328,130,576,727,579,577,392,72,71,73,625
613,215,612,495,304,329,327,328,589,674,753,727,752,611,672,624,590,73,71,595,625
613,215,182,179,612,495,304,132,130,328,589,674,753,754,752,611,672,624,590,73,625
613,216,182,218,180,457,606,608,327,132,130,576,727,579,577,392,72,71,73,625
613,216,182,218,180,457,606,329,304,132,130,576,727,579,577,392,72,71,595,625
613,216,182,179,180,457,181,329,304,132,130,576,727,579,577,392,72,71,73,625
613,215,612,495,304,132,327,328,589,674,753,727,579,577,392,624,590,72,71,73,625
613,216,182,179,180,457,606,329,327,132,130,576,727,579,577,392,72,590,73,625
613,215,182,179,181,495,304,132,130,576,589,674,753,727,579,577,392,72,71,73,625
613,215,182,179,612,495,304,132,327,328,589,674,753,727,579,577,392,72,71,73,625
613,215,612,495,181,329,304,132,130,328,589,674,753,727,579,577,392,72,590,73,625
613,216,182,179,181,329,327,608,134,328,589,576,727,579,577,392,72,71,595,625
613,216,182,179,181,329,327,608,134,328,130,576,727,579,577,392,624,590,73,625
613,215,612,495,304,303,325,326,131,574,393,578,577,392,72,590,73,625
613,215,612,495,181,457,606,608,134,328,589,674,753,754,752,611,672,624,590,73,625
613,216,182,218,180,457,181,329,304,132,130,576,727,579,577,392,72,71,73,625
613,216,182,218,180,179,612,495,304,132,130,576,727,579,577,392,72,590,73,625
613,216,182,215,612,495,304,132,130,328,589,576,727,579,577,392,72,71,73,625
613,215,612,495,181,329,606,608,327,328,589,674,753,727,579,577,392,72,590,73,625
613,216,182,218,180,457,606,329,327,132,130,576,727,579,577,392,72,590,73,625
613,216,182,179,181,329,606,608,134,609,589,576,727,579,577,392,72,71,73,625
613,216,182,179,181,495,304,132,130,328,589,576,727,752,611,672,624,590,73,625
613,215,182,179,181,495,304,132,327,328,589,674,753,727,579,577,392,624,590,73,625
613,216,182,179,180,457,606,329,327,132,130,576,727,579,577,392,72,71,595,625
613,216,182,179,612,495,304,329,327,328,589,576,727,752,611,672,624,590,73,625
613,215,612,495,181,329,304,132,130,328,589,674,753,727,579,577,392,72,71,595,625
613,216,182,179,181,457,606,329,304,132,130,576,727,579,577,392,72,71,73,625
613,215,612,179,181,329,606,608,134,609,589,674,753,754,752,611,672,624,590,73,625
613,215,182,179,181,329,606,608,134,328,589,674,753,754,752,611,672,624,590,73,625
613,215,612,495,304,303,325,326,131,574,393,578,577,392,72,71,595,625
613,215,612,495,304,132,325,326,572,573,393,578,577,392,624,590,73,625
613,215,612,495,181,329,327,608,134,609,589,674,753,727,579,577,392,72,590,73,625
613,216,182,218,180,179,612,495,304,132,130,576,727,579,577,392,72,71,595,625
613,216,182,215,612,179,181,329,327,328,589,576,727,752,611,672,624,590,73,625
613,216,182,215,612,495,304,329,327,328,589,576,727,579,577,392,624,590,73,625
613,215,612,495,181,329,606,608,327,328,589,674,753,727,579,577,392,72,71,595,625
613,216,182,218,180,457,606,329,327,132,130,576,727,579,577,392,72,71,595,625
613,216,182,179,180,457,181,329,327,132,130,576,727,579,577,392,72,71,73,625
613,215,612,495,181,329,327,328,134,609,589,674,753,727,579,577,392,72,71,73,625
613,215,612,495,304,303,325,326,131,573,393,578,577,392,624,590,73,625
613,215,612,179,181,495,304,132,327,328,589,674,753,727,752,611,672,624,590,73,625
613,216,182,179,180,457,606,608,134,328,130,576,727,579,577,392,72,590,73,625
613,215,612,495,181,329,327,132,130,328,589,674,753,727,579,577,392,72,590,73,625
613,215,612,495,181,329,327,328,589,674,673,754,752,727,579,577,392,624,590,73,625
613,215,182,179,181,329,304,132,327,328,589,674,753,754,752,611,672,624,590,73,625
613,215,612,495,304,329,606,608,134,328,589,674,753,754,752,611,672,624,590,73,625
613,216,182,218,180,457,181,329,327,132,130,576,727,579,577,392,72,71,73,625
613,215,612,495,181,329,327,608,134,609,589,674,753,727,579,577,392,72,71,595,625
613,216,182,179,180,457,606,608,327,132,130,576,727,579,577,392,72,590,73,625
613,215,612,179,181,495,304,132,130,328,589,674,753,727,579,577,392,624,590,73,625
613,216,182,218,180,457,606,608,134,328,130,576,727,579,577,392,72,590,73,625
613,215,182,179,181,329,327,328,589,674,753,727,752,611,672,624,590,72,71,73,625
613,215,612,179,181,329,327,328,589,674,673,754,752,727,579,577,392,72,71,73,625
613,215,612,495,181,329,606,608,134,328,589,674,753,727,579,577,392,624,590,73,625
613,215,612,495,181,329,304,132,130,576,589,674,753,727,579,577,392,72,71,73,625
613,216,182,179,180,457,606,608,134,328,130,576,727,579,577,392,72,71,595,625
613,215,612,495,181,329,327,132,130,328,589,674,753,727,579,577,392,72,71,595,625
613,216,182,215,612,495,304,329,327,328,589,674,673,754,752,611,672,624,590,73,625
613,216,182,179,181,457,606,329,327,132,130,576,727,579,577,392,72,71,73,625
613,216,182,218,180,457,606,608,327,132,130,576,727,579,577,392,72,590,73,625
613,216,182,179,180,457,181,329,304,132,130,576,727,579,577,392,72,590,73,625
613,216,182,179,181,329,304,132,130,328,589,576,727,579,577,392,72,71,73,625
613,215,182,179,181,495,304,132,130,576,589,674,753,727,579,577,392,72,590,73,625
613,216,182,179,180,457,606,608,327,132,130,576,727,579,577,392,72,71,595,625
613,215,182,179,612,495,304,132,327,328,589,674,753,727,579,577,392,72,590,73,625
613,215,612,179,181,329,606,608,134,328,589,674,753,727,579,577,392,72,71,73,625
613,216,182,218,180,457,606,608,134,328,130,576,727,579,577,392,72,71,595,625
613,215,612,495,181,329,304,132,327,328,589,674,753,727,579,577,392,624,590,73,625
613,215,612,495,304,329,327,328,589,674,753,727,752,611,672,624,590,72,71,73,625
613,215,612,179,181,329,304,132,130,328,589,674,753,754,752,611,672,624,590,73,625
613,216,182,179,181,329,606,608,327,328,589,576,727,579,577,392,72,71,73,625
613,216,182,218,180,457,181,329,304,132,130,576,727,579,577,392,72,590,73,625
613,216,182,215,612,495,304,132,130,328,589,576,727,579,577,392,72,590,73,625
613,216,182,179,181,329,606,608,134,609,589,576,727,579,577,392,72,590,73,625
613,216,182,218,180,457,606,608,327,132,130,576,727,579,577,392,72,71,595,625
613,216,182,179,180,457,181,329,304,132,130,576,727,579,577,392,72,71,595,625
613,215,612,495,304,132,327,328,589,674,753,727,579,577,392,624,590,72,71,595,625
613,216,182,215,612,495,304,132,327,328,130,576,727,752,611,672,624,590,73,625
613,215,612,179,181,329,606,608,327,328,589,674,753,754,752,611,672,624,590,73,625
613,215,612,179,181,329,304,132,327,328,589,674,753,727,579,577,392,72,71,73,625
613,215,182,179,181,495,304,132,130,576,589,674,753,727,579,577,392,72,71,595,625
613,215,182,179,612,495,304,132,327,328,589,674,753,727,579,577,392,72,71,595,625
613,216,182,179,181,457,606,329,304,132,130,576,727,579,577,392,72,590,73,625
613,216,182,179,181,329,327,608,134,609,589,576,727,579,577,392,72,71,73,625
613,215,182,179,181,495,304,329,327,328,589,674,753,727,752,611,672,624,590,73,625
613,215,612,495,181,329,327,132,130,576,589,674,753,727,579,577,392,72,71,73,625
613,216,182,218,180,457,181,329,304,132,130,576,727,579,577,392,72,71,595,625
613,216,182,215,612,495,304,132,130,328,589,576,727,579,577,392,72,71,595,625
613,216,182,179,181,457,606,608,134,328,130,576,727,579,577,392,72,71,73,625
613,215,612,495,181,329,327,328,130,576,589,674,753,754,752,611,672,624,590,73,625
613,216,182,179,180,457,181,329,327,132,130,576,727,579,577,392,72,590,73,625
613,216,182,179,181,329,606,608,134,609,589,576,727,579,577,392,72,71,595,625
613,215,612,179,181,329,327,608,134,609,589,674,753,754,752,611,672,624,590,73,625
613,215,612,495,181,329,327,328,134,609,589,674,753,727,579,577,392,72,590,73,625
613,215,182,179,181,329,327,608,134,328,589,674,753,754,752,611,672,624,590,73,625
613,216,182,179,181,329,327,132,130,328,589,576,727,579,577,392,72,71,73,625
613,215,612,495,304,132,325,326,131,574,393,578,577,392,72,71,73,625
613,215,612,495,304,132,327,328,589,674,753,727,752,611,672,624,590,73,71,595,625
613,216,182,179,612,495,569,571,326,131,574,575,579,577,392,72,71,73,625
613,216,182,179,181,457,606,608,327,132,130,576,727,579,577,392,72,71,73,625
613,216,182,179,181,457,606,329,304,132,130,576,727,579,577,392,72,71,595,625
613,215,612,179,181,329,327,132,130,328,589,674,753,754,752,611,672,624,590,73,625
613,215,182,179,612,495,304,132,130,576,589,674,753,754,752,611,672,624,590,73,625
613,216,182,218,180,457,181,329,327,132,130,576,727,579,577,392,72,590,73,625
613,216,182,179,180,457,181,329,327,132,130,576,727,579,577,392,72,71,595,625
613,215,612,495,304,132,130,328,589,674,753,727,579,577,392,624,590,73,71,595,625
613,216,182,179,181,495,569,571,326,131,574,575,579,577,392,624,590,73,625
613,215,612,179,181,329,327,328,589,674,673,754,752,727,579,577,392,72,590,73,625
613,215,612,495,181,329,327,328,134,609,589,674,753,727,579,577,392,72,71,595,625
613,216,182,179,181,329,606,608,134,328,130,576,727,752,611,672,624,590,73,625
613,215,612,495,304,329,327,608,134,328,589,674,753,754,752,611,672,624,590,73,625
613,215,612,495,181,329,304,132,130,576,589,674,753,727,579,577,392,72,590,73,625
613,216,182,179,181,457,606,329,327,132,130,576,727,579,577,392,72,590,73,625
613,216,182,179,181,329,304,132,130,328,589,576,727,579,577,392,72,590,73,625
613,216,182,179,181,329,606,608,327,132,130,576,727,752,611,672,624,590,73,625
613,216,182,218,180,457,181,329,327,132,130,576,727,579,577,392,72,71,595,625
613,215,612,495,181,329,327,608,134,328,589,674,753,727,579,577,392,624,590,73,625
613,216,182,179,181,329,304,132,327,328,130,576,727,752,611,672,624,590,73,625
613,215,612,179,181,329,606,608,134,328,589,674,753,727,579,577,392,72,590,73,625
613,216,182,179,612,495,304,132,327,328,589,576,727,752,611,672,624,590,73,625
613,215,182,179,181,329,327,328,589,674,753,727,752,611,672,624,590,72,71,595,625
613,215,612,179,181,329,327,328,589,674,673,754,752,727,579,577,392,72,71,595,625
613,216,182,179,181,329,606,608,327,328,589,576,727,579,577,392,72,590,73,625
613,215,612,495,181,329,304,132,130,576,589,674,753,727,579,577,392,72,71,595,625
613,216,182,179,181,457,606,329,327,132,130,576,727,579,577,392,72,71,595,625
613,215,612,179,181,329,327,608,134,328,589,674,753,727,579,577,392,72,71,73,625
613,216,182,215,612,495,304,132,327,328,589,576,727,579,577,392,624,590,73,625
613,216,182,218,180,179,181,495,304,132,130,576,727,752,611,672,624,590,73,625
613,216,182,179,181,329,304,132,130,328,589,576,727,579,577,392,72,71,595,625
613,216,182,179,612,495,304,132,130,328,589,576,727,579,577,392,624,590,73,625
613,215,612,179,181,329,304,132,327,328,589,674,753,727,579,577,392,72,590,73,625
613,215,612,179,181,329,606,608,134,328,589,674,753,727,579,577,392,72,71,595,625
613,216,182,179,181,329,327,608,134,609,589,576,727,579,577,392,72,590,73,625
613,216,182,179,180,457,606,329,327,328,130,576,727,579,577,392,72,71,73,625
613,215,612,495,304,329,327,328,589,674,753,727,752,611,672,624,590,72,71,595,625
613,215,612,495,181,329,327,132,130,576,589,674,753,727,579,577,392,72,590,73,625
613,216,182,179,181,329,606,608,327,328,589,576,727,579,577,392,72,71,595,625
613,216,182,179,181,329,606,608,327,328,130,576,727,579,577,392,624,590,73,625
613,216,182,179,181,329,327,328,134,609,589,576,727,579,577,392,72,71,73,625
613,216,182,179,181,457,606,608,134,328,130,576,727,579,577,392,72,590,73,625
613,216,182,179,181,329,327,132,130,328,589,576,727,579,577,392,72,590,73,625
613,215,612,495,304,132,325,326,131,574,393,578,577,392,72,590,73,625
613,216,182,218,180,457,606,329,327,328,130,576,727,579,577,392,72,71,73,625
613,215,612,179,181,329,304,132,327,328,589,674,753,727,579,577,392,72,71,595,625
613,215,612,179,181,495,304,132,130,576,589,674,753,727,579,577,392,624,590,73,625
613,215,612,495,181,329,327,328,130,576,727,753,754,752,611,672,624,590,73,625
613,216,182,179,612,495,569,571,326,131,574,575,579,577,392,72,590,73,625
613,215,612,179,181,329,327,328,134,609,589,674,753,754,752,611,672,624,590,73,625
613,216,182,179,181,457,606,608,327,132,130,576,727,579,577,392,72,590,73,625
613,216,182,215,612,495,304,132,327,328,589,674,673,754,752,611,672,624,590,73,625
613,216,182,179,181,329,327,608,134,609,589,576,727,579,577,392,72,71,595,625
613,216,182,179,612,495,304,132,130,328,589,674,673,754,752,611,672,624,590,73,625
613,215,612,495,181,457,606,608,134,609,589,674,753,754,752,611,672,624,590,73,625
613,215,612,495,181,329,327,132,130,576,589,674,753,727,579,577,392,72,71,595,625
613,216,182,179,181,457,606,608,134,328,130,576,727,579,577,392,72,71,595,625
613,215,182,179,612,495,304,132,130,576,727,753,754,752,611,672,624,590,73,625
613,216,182,179,181,329,606,608,134,328,589,576,727,579,577,392,624,590,73,625
613,216,182,179,181,329,327,132,130,328,589,576,727,579,577,392,72,71,595,625
613,215,612,495,304,132,325,326,131,574,393,578,577,392,72,71,595,625
613,215,612,495,304,132,327,328,589,674,753,727,752,611,672,624,590,72,71,73,625
613,216,182,179,612,495,569,571,326,131,574,575,579,577,392,72,71,595,625
613,215,612,495,181,457,606,329,327,328,589,674,753,754,752,611,672,624,590,73,625
613,216,182,179,181,457,606,608,327,132,130,576,727,579,577,392,72,71,595,625
613,215,612,179,181,329,304,132,130,576,589,674,753,754,752,611,672,624,590,73,625
613,215,182,179,181,329,606,608,134,609,589,674,753,754,752,611,672,624,590,73,625
613,215,612,495,304,132,325,326,131,573,393,578,577,392,624,590,73,625
613,216,182,179,181,329,327,608,134,328,130,576,727,752,611,672,624,590,73,625
613,216,182,218,180,179,181,329,304,132,130,576,727,579,577,392,72,71,73,625
613,216,182,179,181,329,304,132,327,328,589,576,727,579,577,392,624,590,73,625
613,216,182,179,180,457,606,608,327,328,130,576,727,579,577,392,72,71,73,625
613,215,612,495,304,132,130,328,589,674,753,727,579,577,392,624,590,72,71,73,625
613,215,182,179,181,495,304,132,327,328,589,674,753,727,752,611,672,624,590,73,625
613,215,182,179,612,495,304,132,130,328,589,674,753,727,579,577,392,72,71,73,625
613,215,612,179,181,329,327,608,134,328,589,674,753,727,579,577,392,72,590,73,625
613,216,182,179,181,329,606,608,134,328,589,674,673,754,752,611,672,624,590,73,625
613,216,182,218,180,457,606,608,327,328,130,576,727,579,577,392,72,71,73,625
613,215,612,495,304,329,606,608,134,609,589,674,753,754,752,611,672,624,590,73,625
613,215,182,179,181,495,304,132,130,328,589,674,753,727,579,577,392,624,590,73,625
613,216,182,179,180,457,606,329,327,328,130,576,727,579,577,392,72,590,73,625
613,216,182,215,612,495,304,329,327,328,589,576,727,752,611,672,624,590,73,625
613,215,612,495,181,457,606,608,134,328,589,674,753,727,579,577,392,72,71,73,625
613,215,182,179,181,329,327,328,589,674,673,754,752,727,579,577,392,72,71,73,625
613,215,612,495,181,329,606,608,134,609,589,674,753,727,579,577,392,624,590,73,625
613,216,182,179,181,329,304,132,327,328,589,674,673,754,752,611,672,624,590,73,625
613,215,182,179,612,495,304,329,327,328,589,674,753,727,579,577,392,624,590,73,625
613,216,182,179,180,457,606,608,134,328,589,576,727,579,577,392,72,71,73,625
613,216,182,179,181,329,327,328,134,609,589,576,727,579,577,392,72,590,73,625
613,215,612,179,181,329,327,608,134,328,589,674,753,727,579,577,392,72,71,595,625
613,215,612,179,181,329,327,132,130,576,589,674,753,754,752,611,672,624,590,73,625
613,216,182,218,180,457,606,329,327,328,130,576,727,579,577,392,72,590,73,625
613,216,182,218,180,179,181,329,327,132,130,576,727,579,577,392,72,71,73,625
613,215,612,495,304,132,327,608,134,328,589,674,753,754,752,611,672,624,590,73,625
613,215,612,179,180,457,606,608,134,328,589,674,753,754,752,611,672,624,590,73,625
613,216,182,179,180,457,606,329,304,132,130,576,727,579,577,392,624,590,73,625
613,215,612,495,181,457,606,608,327,328,589,674,753,754,752,611,672,624,590,73,625
613,215,612,495,304,132,130,576,589,674,753,727,579,577,392,624,590,73,71,595,625
613,215,612,179,181,329,606,608,134,609,589,674,753,727,579,577,392,72,71,73,625
613,216,182,218,180,457,606,608,134,328,589,576,727,579,577,392,72,71,73,625
613,216,182,179,180,457,606,329,327,328,130,576,727,579,577,392,72,71,595,625
613,215,612,179,181,495,304,132,130,328,589,674,753,727,752,611,672,624,590,73,625
613,215,182,179,181,329,606,608,134,328,589,674,753,727,579,577,392,72,71,73,625
613,215,182,179,181,329,304,132,130,328,589,674,753,754,752,611,672,624,590,73,625
613,215,612,495,304,329,327,328,589,674,673,754,752,727,579,577,392,72,71,73,625
613,215,612,495,181,329,606,608,134,328,589,674,753,727,752,611,672,624,590,73,625
613,216,182,179,181,329,327,328,134,609,589,576,727,579,577,392,72,71,595,625
613,216,182,218,180,457,606,329,304,132,130,576,727,579,577,392,624,590,73,625
613,216,182,218,180,457,606,329,327,328,130,576,727,579,577,392,72,71,595,625
613,216,182,179,180,457,181,329,327,328,130,576,727,579,577,392,72,71,73,625
613,215,182,179,181,329,606,608,327,328,589,674,753,754,752,611,672,624,590,73,625
613,215,182,179,181,329,304,132,327,328,589,674,753,727,579,577,392,72,71,73,625
613,216,182,179,181,329,327,608,134,328,589,576,727,579,577,392,624,590,73,625
613,215,612,495,181,329,304,132,327,328,589,674,753,727,752,611,672,624,590,73,625
613,215,612,495,304,329,606,608,134,328,589,674,753,727,579,577,392,72,71,73,625
613,216,182,218,180,179,181,329,304,132,130,576,727,579,577,392,72,590,73,625
613,215,612,179,181,329,304,132,130,576,727,753,754,752,611,672,624,590,73,625
613,216,182,218,180,457,181,329,327,328,130,576,727,579,577,392,72,71,73,625
613,216,182,179,180,457,606,608,327,328,130,576,727,579,577,392,72,590,73,625
613,215,182,179,181,329,327,608,134,609,589,674,753,754,752,611,672,624,590,73,625
613,215,182,179,612,495,304,132,130,328,589,674,753,727,579,577,392,72,590,73,625
613,215,612,495,304,132,327,328,589,674,753,727,752,611,672,624,590,72,71,595,625
613,216,182,179,180,457,606,329,327,132,130,576,727,579,577,392,624,590,73,625
613,215,612,495,181,329,304,132,130,328,589,674,753,727,579,577,392,624,590,73,625
613,215,612,495,304,329,606,608,327,328,589,674,753,754,752,611,672,624,590,73,625
613,216,182,179,181,457,606,329,327,328,130,576,727,579,577,392,72,71,73,625
613,215,612,495,304,303,325,326,131,574,393,578,577,392,624,590,73,625
613,215,182,179,181,329,327,132,130,328,589,674,753,754,752,611,672,624,590,73,625
613,216,182,218,180,457,606,608,327,328,130,576,727,579,577,392,72,590,73,625
613,216,182,218,180,179,181,329,304,132,130,576,727,579,577,392,72,71,595,625
613,216,182,218,180,179,612,495,304,132,130,576,727,579,577,392,624,590,73,625
613,215,612,495,181,329,606,608,327,328,589,674,753,727,579,577,392,624,590,73,625
613,216,182,179,181,329,327,608,134,328,589,674,673,754,752,611,672,624,590,73,625
613,216,182,218,180,457,606,329,327,132,130,576,727,579,577,392,624,590,73,625
613,216,182,179,180,457,606,608,327,328,130,576,727,579,577,392,72,71,595,625
613,215,612,495,304,132,130,328,589,674,753,727,579,577,392,624,590,72,71,595,625
613,215,612,495,181,457,606,608,134,328,589,674,753,727,579,577,392,72,590,73,625
613,215,182,179,181,329,327,328,589,674,673,754,752,727,579,577,392,72,590,73,625
613,215,612,179,181,329,304,132,130,328,589,674,753,727,579,577,392,72,71,73,625
613,215,612,495,304,329,327,608,134,609,589,674,753,754,752,611,672,624,590,73,625
613,215,182,179,612,495,304,132,130,328,589,674,753,727,579,577,392,72,71,595,625
613,216,182,179,180,457,606,608,134,328,589,576,727,579,577,392,72,590,73,625
613,216,182,179,612,495,304,132,130,576,589,674,673,754,752,611,672,624,590,73,625
613,215,612,179,181,329,606,608,327,328,589,674,753,727,579,577,392,72,71,73,625
613,216,182,218,180,457,606,608,327,328,130,576,727,579,577,392,72,71,595,625
613,216,182,218,180,179,181,329,327,132,130,576,727,579,577,392,72,590,73,625
613,215,612,495,181,329,327,608,134,609,589,674,753,727,579,577,392,624,590,73,625
613,215,612,179,181,329,327,132,130,576,727,753,754,752,611,672,624,590,73,625
613,215,612,495,304,329,327,132,130,328,589,674,753,754,752,611,672,624,590,73,625
613,215,612,179,181,329,606,608,134,609,589,674,753,727,579,577,392,72,590,73,625
613,216,182,218,180,457,606,608,134,328,589,576,727,579,577,392,72,590,73,625
613,215,182,179,181,329,606,608,134,328,589,674,753,727,579,577,392,72,590,73,625
613,216,182,215,612,495,569,571,326,131,574,575,579,577,392,72,71,73,625
613,215,612,495,181,457,606,608,134,328,589,674,753,727,579,577,392,72,71,595,625
613,215,182,179,181,329,327,328,589,674,673,754,752,727,579,577,392,72,71,595,625
613,215,612,495,304,132,130,328,589,674,753,727,752,611,672,624,590,73,71,595,625
613,215,612,495,304,329,327,328,589,674,673,754,752,727,579,577,392,72,590,73,625
613,216,182,179,180,457,606,608,134,328,589,576,727,579,577,392,72,71,595,625
613,216,182,179,180,457,606,608,134,328,130,576,727,579,577,392,624,590,73,625
613,215,612,495,181,329,327,132,130,328,589,674,753,727,579,577,392,624,590,73,625
613,215,612,495,181,329,327,328,130,576,589,674,753,727,579,577,392,72,71,73,625
613,215,612,179,181,329,327,608,134,609,589,674,753,727,579,577,392,72,71,73,625
613,215,182,179,181,329,327,608,134,328,589,674,753,727,579,577,392,72,71,73,625
613,216,182,179,180,457,181,329,327,328,130,576,727,579,577,392,72,590,73,625
613,216,182,218,180,179,181,329,327,132,130,576,727,579,577,392,72,71,595,625
613,215,182,179,181,329,304,132,327,328,589,674,753,727,579,577,392,72,590,73,625
613,215,612,495,181,329,327,608,134,328,589,674,753,727,752,611,672,624,590,73,625
613,216,182,179,180,457,606,608,327,132,130,576,727,579,577,392,624,590,73,625
613,215,612,495,304,132,130,576,589,674,753,727,579,577,392,624,590,72,71,73,625
613,215,612,179,181,329,606,608,134,609,589,674,753,727,579,577,392,72,71,595,625
613,216,182,218,180,457,606,608,134,328,589,576,727,579,577,392,72,71,595,625
613,216,182,218,180,457,606,608,134,328,130,576,727,579,577,392,624,590,73,625
613,215,182,179,181,329,606,608,134,328,589,674,753,727,579,577,392,72,71,595,625
613,215,612,179,181,329,327,132,130,328,589,674,753,727,579,577,392,72,71,73,625
613,215,182,179,612,495,304,132,130,576,589,674,753,727,579,577,392,72,71,73,625
613,216,182,179,181,457,606,608,327,328,130,576,727,579,577,392,72,71,73,625
613,215,612,495,304,329,606,608,134,328,589,674,753,727,579,577,392,72,590,73,625
613,215,612,495,304,329,327,328,589,674,673,754,752,727,579,577,392,72,71,595,625
613,216,182,218,180,457,181,329,327,328,130,576,727,579,577,392,72,590,73,625
613,216,182,218,180,457,606,608,327,132,130,576,727,579,577,392,624,590,73,625
613,216,182,179,180,457,181,329,304,132,130,576,727,579,577,392,624,590,73,625
613,215,612,495,304,329,327,608,134,328,589,674,753,727,579,577,392,72,71,73,625
613,216,182,215,612,495,304,132,327,328,589,576,727,752,611,672,624,590,73,625
613,216,182,179,180,457,181,329,327,328,130,576,727,579,577,392,72,71,595,625
613,216,182,179,181,329,606,608,134,609,610,673,754,752,727,579,577,392,72,71,73,625
613,215,182,179,181,329,304,132,327,328,589,674,753,727,579,577,392,72,71,595,625
613,215,182,179,181,495,304,132,130,576,589,674,753,727,579,577,392,624,590,73,625
613,216,182,179,612,495,304,132,130,328,589,576,727,752,611,672,624,590,73,625
613,215,182,179,612,495,304,132,327,328,589,674,753,727,579,577,392,624,590,73,625
613,215,182,179,181,329,327,328,134,609,589,674,753,754,752,611,672,624,590,73,625
613,216,182,179,181,457,606,329,327,328,130,576,727,579,577,392,72,590,73,625
613,215,612,495,304,329,606,608,134,328,589,674,753,727,579,577,392,72,71,595,625
613,216,182,218,180,457,181,329,304,132,130,576,727,579,577,392,624,590,73,625
613,216,182,179,181,329,606,608,327,328,130,576,727,752,611,672,624,590,73,625
613,216,182,179,181,457,606,608,134,328,589,576,727,579,577,392,72,71,73,625
613,216,182,218,180,457,181,329,327,328,130,576,727,579,577,392,72,71,595,625
613,216,182,215,612,495,304,132,130,328,589,576,727,579,577,392,624,590,73,625
613,216,182,179,181,329,606,608,134,609,589,576,727,579,577,392,624,590,73,625
613,215,612,179,181,329,304,132,130,328,589,674,753,727,579,577,392,72,590,73,625
613,215,612,495,304,132,327,328,589,674,673,754,752,727,579,577,392,72,71,73,625
613,215,612,179,181,495,304,132,130,576,589,674,753,727,752,611,672,624,590,73,625
613,215,612,179,181,457,606,608,134,328,589,674,753,754,752,611,672,624,590,73,625
613,216,182,179,181,457,606,329,304,132,130,576,727,579,577,392,624,590,73,625
613,215,612,495,304,329,327,328,134,609,589,674,753,754,752,611,672,624,590,73,625
613,216,182,179,181,457,606,329,327,328,130,576,727,579,577,392,72,71,595,625
613,215,182,179,181,329,304,132,130,576,589,674,753,754,752,611,672,624,590,73,625
613,215,612,179,181,329,606,608,327,328,589,674,753,727,579,577,392,72,590,73,625
613,216,182,215,612,495,569,571,326,131,574,575,579,577,392,72,590,73,625
613,216,182,179,180,457,181,329,327,132,130,576,727,579,577,392,624,590,73,625
613,215,612,495,181,329,327,328,134,609,589,674,753,727,579,577,392,624,590,73,625
613,216,182,179,181,329,606,608,134,328,589,576,727,752,611,672,624,590,73,625
613,215,612,179,181,329,304,132,130,328,589,674,753,727,579,577,392,72,71,595,625
613,215,566,567,569,571,326,131,574,575,578,577,392,72,590,73,71,595,625
613,216,182,215,612,495,304,132,130,328,589,674,673,754,752,611,672,624,590,73,625
613,215,612,495,181,329,327,328,130,576,589,674,753,727,579,577,392,72,590,73,625
613,215,612,179,181,329,327,608,134,609,589,674,753,727,579,577,392,72,590,73,625
613,216,182,179,181,329,606,608,134,609,589,674,673,754,752,611,672,624,590,73,625
613,215,182,179,181,329,327,608,134,328,589,674,753,727,579,577,392,72,590,73,625
613,215,612,179,181,329,606,608,327,328,589,674,753,727,579,577,392,72,71,595,625
613,216,182,218,180,457,181,329,327,132,130,576,727,579,577,392,624,590,73,625
613,215,612,179,181,329,327,328,134,609,589,674,753,727,579,577,392,72,71,73,625
613,216,182,179,181,329,304,132,327,328,589,576,727,752,611,672,624,590,73,625
613,216,182,215,612,495,569,571,326,131,574,575,579,577,392,72,71,595,625
613,215,612,179,181,329,327,132,130,328,589,674,753,727,579,577,392,72,590,73,625
613,215,612,179,181,329,327,328,589,674,673,754,752,727,579,577,392,624,590,73,625
613,215,182,179,612,495,304,132,130,576,589,674,753,727,579,577,392,72,590,73,625
613,216,182,179,181,457,606,608,327,328,130,576,727,579,577,392,72,590,73,625
613,215,612,495,181,457,606,608,134,609,589,674,753,727,579,577,392,72,71,73,625
613,215,612,495,304,132,130,328,589,674,753,727,752,611,672,624,590,72,71,73,625
613,215,612,495,181,329,304,132,130,576,589,674,753,727,579,577,392,624,590,73,625
613,216,182,179,180,457,606,608,134,609,589,576,727,579,577,392,72,71,73,625
613,215,612,495,181,329,327,328,130,576,589,674,753,727,579,577,392,72,71,595,625
613,216,182,179,181,457,606,329,327,132,130,576,727,579,577,392,624,590,73,625
613,215,612,179,181,329,327,608,134,609,589,674,753,727,579,577,392,72,71,595,625
613,215,182,179,181,329,327,608,134,328,589,674,753,727,579,577,392,72,71,595,625
613,215,182,179,181,329,327,132,130,576,589,674,753,754,752,611,672,624,590,73,625
613,215,612,495,304,329,327,608,134,328,589,674,753,727,579,577,392,72,590,73,625
613,216,182,179,181,329,304,132,130,328,589,576,727,579,577,392,624,590,73,625
613,216,182,179,181,329,606,608,134,609,610,673,754,752,727,579,577,392,72,590,73,625
613,215,612,495,181,457,606,329,327,328,589,674,753,727,579,577,392,72,71,73,625
613,215,612,495,304,132,327,608,134,609,589,674,753,754,752,611,672,624,590,73,625
613,215,612,179,180,457,606,608,134,609,589,674,753,754,752,611,672,624,590,73,625
613,215,182,179,180,457,606,608,134,328,589,674,753,754,752,611,672,624,590,73,625
613,215,612,495,304,132,130,576,589,674,753,727,579,577,392,624,590,72,71,595,625
613,215,612,179,181,329,606,608,134,328,589,674,753,727,579,577,392,624,590,73,625
613,216,182,179,180,457,606,329,327,328,589,576,727,579,577,392,72,71,73,625
613,216,182,218,180,457,606,608,134,609,589,576,727,579,577,392,72,71,73,625
613,215,612,179,181,329,304,132,130,576,589,674,753,727,579,577,392,72,71,73,625
613,215,182,179,181,329,606,608,134,609,589,674,753,727,579,577,392,72,71,73,625
613,215,566,567,569,571,326,572,573,393,578,575,579,577,392,72,71,73,625
613,215,182,179,181,495,304,132,130,328,589,674,753,727,752,611,672,624,590,73,625
613,215,612,179,181,329,327,132,130,328,589,674,753,727,579,577,392,72,71,595,625
613,215,182,179,612,495,304,132,130,576,589,674,753,727,579,577,392,72,71,595,625
613,216,182,179,181,457,606,608,327,328,130,576,727,579,577,392,72,71,595,625
613,216,182,179,181,329,606,608,327,328,589,576,727,579,577,392,624,590,73,625
613,216,182,179,181,329,327,608,134,609,610,673,754,752,727,579,577,392,72,71,73,625
613,215,612,495,181,329,606,608,134,609,589,674,753,727,752,611,672,624,590,73,625
613,215,182,179,612,495,304,329,327,328,589,674,753,727,752,611,672,624,590,73,625
613,216,182,179,181,457,606,608,134,328,589,576,727,579,577,392,72,590,73,625
613,215,612,179,180,457,606,329,327,328,589,674,753,754,752,611,672,624,590,73,625
613,215,182,218,180,457,606,608,134,328,589,674,753,754,752,611,672,624,590,73,625
613,215,612,495,304,329,327,608,134,328,589,674,753,727,579,577,392,72,71,595,625
613,216,182,218,180,457,606,329,327,328,589,576,727,579,577,392,72,71,73,625
613,215,612,495,304,329,327,132,130,576,589,674,753,754,752,611,672,624,590,73,625
613,215,612,495,181,329,327,328,589,576,727,753,754,752,611,672,624,590,73,625
613,216,182,179,181,329,606,608,134,609,610,673,754,752,727,579,577,392,72,71,595,625
613,215,612,179,181,329,304,132,327,328,589,674,753,727,579,577,392,624,590,73,625
613,215,612,495,304,132,327,328,589,674,673,754,752,727,579,577,392,72,590,73,625
613,216,182,179,180,457,606,329,304,132,130,576,727,752,611,672,624,590,73,625
613,216,182,179,181,329,327,608,134,609,589,576,727,579,577,392,624,590,73,625
613,215,612,495,304,132,130,576,589,674,753,727,752,611,672,624,590,73,71,595,625
613,216,182,179,181,329,304,132,130,328,589,674,673,754,752,611,672,624,590,73,625
613,215,612,495,304,329,606,608,134,609,589,674,753,727,579,577,392,72,71,73,625
613,215,612,495,181,329,327,132,130,576,589,674,753,727,579,577,392,624,590,73,625
613,216,182,179,181,457,606,608,134,328,589,576,727,579,577,392,72,71,595,625
613,216,182,179,181,457,606,608,134,328,130,576,727,579,577,392,624,590,73,625
613,215,182,179,181,329,304,132,130,576,727,753,754,752,611,672,624,590,73,625
613,216,182,179,181,329,327,132,130,328,589,576,727,579,577,392,624,590,73,625
613,215,566,567,569,571,326,572,573,393,578,577,392,72,590,73,71,595,625
613,216,182,179,181,329,606,608,327,328,589,674,673,754,752,611,672,624,590,73,625
613,215,612,495,304,132,325,326,131,574,393,578,577,392,624,590,73,625
613,216,182,218,180,457,606,329,304,132,130,576,727,752,611,672,624,590,73,625
613,215,612,495,181,329,327,328,589,674,673,754,753,727,579,577,392,72,71,73,625
613,216,182,179,612,495,569,571,326,131,574,575,579,577,392,624,590,73,625
613,215,612,495,304,132,327,328,589,674,673,754,752,727,579,577,392,72,71,595,625
613,216,182,179,181,457,606,608,327,132,130,576,727,579,577,392,624,590,73,625
613,215,612,179,181,329,327,132,130,576,589,674,753,727,579,577,392,72,71,73,625
613,216,182,179,181,329,327,608,134,328,589,576,727,752,611,672,624,590,73,625
613,215,612,179,181,329,327,328,130,576,589,674,753,754,752,611,672,624,590,73,625
613,215,612,495,304,132,327,608,134,328,589,674,753,727,579,577,392,72,71,73,625
613,215,612,179,180,457,606,608,134,328,589,674,753,727,579,577,392,72,71,73,625
613,215,612,179,181,329,327,328,134,609,589,674,753,727,579,577,392,72,590,73,625
613,215,612,495,181,457,606,608,327,328,589,674,753,727,579,577,392,72,71,73,625
613,216,182,218,180,179,181,329,327,328,130,576,727,579,577,392,72,71,73,625
613,216,182,179,181,329,327,608,134,609,589,674,673,754,752,611,672,624,590,73,625
613,216,182,179,180,457,606,608,327,328,589,576,727,579,577,392,72,71,73,625
613,215,612,495,181,457,606,608,134,609,589,674,753,727,579,577,392,72,590,73,625
613,215,182,179,181,329,304,132,130,328,589,674,753,727,579,577,392,72,71,73,625
613,216,182,179,180,457,606,608,134,609,589,576,727,579,577,392,72,590,73,625
613,216,182,179,180,457,606,329,327,132,130,576,727,752,611,672,624,590,73,625
613,215,612,495,181,329,304,132,130,328,589,674,753,727,752,611,672,624,590,73,625
613,215,612,179,180,457,606,608,327,328,589,674,753,754,752,611,672,624,590,73,625
613,216,182,179,181,329,327,132,130,328,589,674,673,754,752,611,672,624,590,73,625
613,216,182,218,180,457,606,608,327,328,589,576,727,579,577,392,72,71,73,625
613,215,182,179,181,329,606,608,327,328,589,674,753,727,579,577,392,72,71,73,625
613,215,612,495,181,457,606,329,327,328,589,674,753,727,579,577,392,72,590,73,625
613,215,612,179,181,329,327,328,134,609,589,674,753,727,579,577,392,72,71,595,625
613,215,182,179,181,329,327,132,130,576,727,753,754,752,611,672,624,590,73,625
613,216,182,218,180,179,612,495,304,132,130,576,727,752,611,672,624,590,73,625
613,216,182,179,180,457,606,329,327,328,589,576,727,579,577,392,72,590,73,625
613,216,182,218,180,457,606,608,134,609,589,576,727,579,577,392,72,590,73,625
613,215,612,179,181,329,304,132,130,576,589,674,753,727,579,577,392,72,590,73,625
613,215,182,179,181,329,606,608,134,609,589,674,753,727,579,577,392,72,590,73,625
613,215,566,567,569,571,326,572,573,393,578,575,579,577,392,72,590,73,625
613,215,612,495,181,329,606,608,327,328,589,674,753,727,752,611,672,624,590,73,625
613,215,612,495,181,457,606,608,134,609,589,674,753,727,579,577,392,72,71,595,625
613,216,182,218,180,457,606,329,327,132,130,576,727,752,611,672,624,590,73,625
613,215,612,495,304,132,130,328,589,674,753,727,752,611,672,624,590,72,71,595,625
613,215,612,495,304,132,327,328,134,609,589,674,753,754,752,611,672,624,590,73,625
613,216,182,179,181,329,327,608,134,609,610,673,754,752,727,579,577,392,72,590,73,625
613,216,182,179,180,457,606,608,134,609,589,576,727,579,577,392,72,71,595,625
613,215,612,179,181,329,327,608,134,328,589,674,753,727,579,577,392,624,590,73,625
613,215,182,179,181,329,327,608,134,609,589,674,753,727,579,577,392,72,71,73,625
613,216,182,179,181,329,327,328,134,609,610,673,754,752,727,579,577,392,72,71,73,625
613,216,182,218,180,457,606,329,327,328,589,576,727,579,577,392,72,590,73,625
613,215,612,495,181,457,606,329,327,328,589,674,753,727,579,577,392,72,71,595,625
613,215,612,495,181,329,327,608,134,609,589,674,753,727,752,611,672,624,590,73,625
613,215,612,495,304,329,606,608,327,328,589,674,753,727,579,577,392,72,71,73,625
613,216,182,179,180,457,606,329,327,328,589,576,727,579,577,392,72,71,595,625
613,216,182,218,180,457,606,608,134,609,589,576,727,579,577,392,72,71,595,625
613,215,612,495,304,329,327,132,130,576,727,753,754,752,611,672,624,590,73,625
613,215,612,179,181,329,304,132,130,576,589,674,753,727,579,577,392,72,71,595,625
613,216,182,179,180,457,606,329,327,328,130,576,727,579,577,392,624,590,73,625
613,215,182,179,181,329,606,608,134,609,589,674,753,727,579,577,392,72,71,595,625
613,215,566,567,569,571,326,572,573,393,578,575,579,577,392,72,71,595,625
613,215,182,179,181,329,327,132,130,328,589,674,753,727,579,577,392,72,71,73,625
613,215,612,495,304,329,606,608,134,609,589,674,753,727,579,577,392,72,590,73,625
613,216,182,215,612,495,304,132,130,576,589,674,673,754,752,611,672,624,590,73,625
613,216,182,179,181,329,327,608,134,609,610,673,754,752,727,579,577,392,72,71,595,625
613,216,182,179,181,329,327,328,134,609,589,576,727,579,577,392,624,590,73,625
613,216,182,179,180,457,606,608,134,328,130,576,727,752,611,672,624,590,73,625
613,215,612,495,181,329,327,132,130,328,589,674,753,727,752,611,672,624,590,73,625
613,215,566,567,569,571,302,572,573,393,578,575,579,577,392,72,71,73,625
613,215,612,495,304,329,327,608,134,609,589,674,753,727,579,577,392,72,71,73,625
613,216,182,218,180,457,606,329,327,328,589,576,727,579,577,392,72,71,595,625
613,216,182,179,180,457,181,329,327,328,589,576,727,579,577,392,72,71,73,625
613,216,182,218,180,457,606,329,327,328,130,576,727,579,577,392,624,590,73,625
613,215,612,495,181,329,327,328,589,674,673,754,753,727,579,577,392,72,590,73,625
613,215,612,179,181,329,327,132,130,576,589,674,753,727,579,577,392,72,590,73,625
613,215,566,567,569,571,326,572,573,131,574,575,579,577,392,72,71,73,625
613,216,182,179,180,457,606,608,327,132,130,576,727,752,611,672,624,590,73,625
613,215,612,495,304,132,130,576,589,674,753,727,752,611,672,624,590,72,71,73,625
613,216,182,218,180,457,606,608,134,328,130,576,727,752,611,672,624,590,73,625
613,215,612,495,304,329,606,608,134,609,589,674,753,727,579,577,392,72,71,595,625
613,215,612,179,180,457,181,329,327,328,589,674,753,754,752,611,672,624,590,73,625
613,215,612,495,304,132,327,608,134,328,589,674,753,727,579,577,392,72,590,73,625
613,215,612,179,180,457,606,608,134,328,589,674,753,727,579,577,392,72,590,73,625
613,215,612,495,304,329,327,132,130,328,589,674,753,727,579,577,392,72,71,73,625
613,215,612,495,181,457,606,608,327,328,589,674,753,727,579,577,392,72,590,73,625
613,216,182,218,180,457,181,329,327,328,589,576,727,579,577,392,72,71,73,625
613,216,182,179,181,457,606,608,134,609,589,576,727,579,577,392,72,71,73,625
613,216,182,218,180,179,181,329,327,328,130,576,727,579,577,392,72,590,73,625
613,216,182,179,180,457,606,608,327,328,589,576,727,579,577,392,72,590,73,625
613,215,612,179,181,329,327,328,130,576,727,753,754,752,611,672,624,590,73,625
613,216,182,218,180,457,606,608,327,132,130,576,727,752,611,672,624,590,73,625
613,215,182,179,181,329,304,132,130,328,589,674,753,727,579,577,392,72,590,73,625
613,216,182,179,180,457,181,329,304,132,130,576,727,752,611,672,624,590,73,625
613,215,612,495,181,329,327,328,589,674,673,754,753,727,579,577,392,72,71,595,625
613,216,182,179,181,329,327,328,134,609,589,674,673,754,752,611,672,624,590,73,625
613,215,612,179,181,457,606,608,134,609,589,674,753,754,752,611,672,624,590,73,625
613,215,182,179,181,495,304,132,130,576,589,674,753,727,752,611,672,624,590,73,625
613,215,612,179,181,329,327,132,130,576,589,674,753,727,579,577,392,72,71,595,625
613,215,182,179,612,495,304,132,327,328,589,674,753,727,752,611,672,624,590,73,625
613,215,182,179,181,457,606,608,134,328,589,674,753,754,752,611,672,624,590,73,625
613,216,182,179,181,457,606,329,327,328,589,576,727,579,577,392,72,71,73,625
613,215,566,567,569,571,302,572,573,393,578,577,392,72,590,73,71,595,625
613,216,182,218,180,457,606,608,327,328,589,576,727,579,577,392,72,590,73,625
613,215,182,179,181,329,606,608,327,328,589,674,753,727,579,577,392,72,590,73,625
613,215,612,495,304,132,327,608,134,328,589,674,753,727,579,577,392,72,71,595,625
613,215,612,179,180,457,606,608,134,328,589,674,753,727,579,577,392,72,71,595,625
613,216,182,218,180,179,181,329,304,132,130,576,727,579,577,392,624,590,73,625
613,215,612,495,181,457,606,608,327,328,589,674,753,727,579,577,392,72,71,595,625
613,216,182,218,180,457,181,329,304,132,130,576,727,752,611,672,624,590,73,625
613,216,182,218,180,179,181,329,327,328,130,576,727,579,577,392,72,71,595,625
613,216,182,179,180,457,606,608,327,328,589,576,727,579,577,392,72,71,595,625
613,216,182,179,180,457,606,608,327,328,130,576,727,579,577,392,624,590,73,625
613,216,182,215,612,495,304,132,130,328,589,576,727,752,611,672,624,590,73,625
613,215,612,179,181,457,606,329,327,328,589,674,753,754,752,611,672,624,590,73,625
613,216,182,179,181,329,606,608,134,609,589,576,727,752,611,672,624,590,73,625
613,215,182,179,181,329,304,132,130,328,589,674,753,727,579,577,392,72,71,595,625
613,215,182,179,612,495,304,132,130,328,589,674,753,727,579,577,392,624,590,73,625
613,215,182,179,181,329,327,608,134,609,589,674,753,727,579,577,392,72,590,73,625
613,216,182,179,181,329,304,132,130,576,589,674,673,754,752,611,672,624,590,73,625
613,216,182,179,181,329,327,328,134,609,610,673,754,752,727,579,577,392,72,590,73,625
613,216,182,179,181,457,606,329,304,132,130,576,727,752,611,672,624,590,73,625
613,216,182,218,180,457,606,608,327,328,589,576,727,579,577,392,72,71,595,625
613,216,182,218,180,457,606,608,327,328,130,576,727,579,577,392,624,590,73,625
613,215,182,179,181,329,606,608,327,328,589,674,753,727,579,577,392,72,71,595,625
613,215,612,495,304,329,606,608,327,328,589,674,753,727,579,577,392,72,590,73,625
613,215,182,179,181,329,327,328,134,609,589,674,753,727,579,577,392,72,71,73,625
613,215,182,179,181,329,327,132,130,328,589,674,753,727,579,577,392,72,590,73,625
613,215,612,495,181,457,606,608,134,328,589,674,753,727,579,577,392,624,590,73,625
613,216,182,179,180,457,181,329,327,132,130,576,727,752,611,672,624,590,73,625
613,215,182,179,181,329,327,328,589,674,673,754,752,727,579,577,392,624,590,73,625
613,215,612,495,181,329,327,328,134,609,589,674,753,727,752,611,672,624,590,73,625
613,215,612,495,304,132,130,328,589,674,673,754,752,727,579,577,392,72,71,73,625
613,216,182,179,180,457,606,608,134,328,589,576,727,579,577,392,624,590,73,625
613,215,566,567,569,571,302,572,573,393,578,575,579,577,392,72,590,73,625
613,215,182,179,181,329,327,608,134,609,589,674,753,727,579,577,392,72,71,595,625
613,216,182,179,181,329,327,328,134,609,610,673,754,752,727,579,577,392,72,71,595,625
613,215,612,495,304,329,327,608,134,609,589,674,753,727,579,577,392,72,590,73,625
613,216,182,179,180,457,181,329,327,328,589,576,727,579,577,392,72,590,73,625
613,216,182,218,180,179,181,329,327,132,130,576,727,579,577,392,624,590,73,625
613,216,182,218,180,457,181,329,327,132,130,576,727,752,611,672,624,590,73,625
613,215,612,179,181,457,606,608,134,328,589,674,753,727,579,577,392,72,71,73,625
613,215,612,495,304,329,606,608,327,328,589,674,753,727,579,577,392,72,71,595,625
613,215,182,179,180,457,606,608,134,609,589,674,753,754,752,611,672,624,590,73,625
613,215,566,567,569,571,326,572,573,131,574,575,579,577,392,72,590,73,625
613,215,612,179,181,329,606,608,134,609,589,674,753,727,579,577,392,624,590,73,625
613,216,182,218,180,457,606,608,134,328,589,576,727,579,577,392,624,590,73,625
613,215,566,567,569,571,326,131,573,393,578,575,579,577,392,72,71,73,625
613,215,612,495,304,329,327,328,134,609,589,674,753,727,579,577,392,72,71,73,625
613,215,182,179,181,329,606,608,134,328,589,674,753,727,579,577,392,624,590,73,625
613,215,182,179,181,329,304,132,130,576,589,674,753,727,579,577,392,72,71,73,625
613,216,182,179,181,457,606,608,327,328,589,576,727,579,577,392,72,71,73,625
613,215,182,179,181,329,327,132,130,328,589,674,753,727,579,577,392,72,71,595,625
613,215,612,495,304,329,327,132,130,328,589,674,753,727,579,577,392,72,590,73,625
613,215,612,495,304,329,327,328,589,674,673,754,752,727,579,577,392,624,590,73,625
613,216,182,218,180,457,181,329,327,328,589,576,727,579,577,392,72,590,73,625
613,216,182,179,181,457,606,608,134,609,589,576,727,579,577,392,72,590,73,625
613,215,612,495,181,329,304,132,130,576,589,674,753,727,752,611,672,624,590,73,625
613,216,182,179,181,329,327,132,130,576,589,674,673,754,752,611,672,624,590,73,625
613,215,566,567,569,571,302,572,573,393,578,575,579,577,392,72,71,595,625
613,216,182,179,181,457,606,329,327,132,130,576,727,752,611,672,624,590,73,625
613,215,182,179,180,457,606,329,327,328,589,674,753,754,752,611,672,624,590,73,625
613,215,182,218,180,457,606,608,134,609,589,674,753,754,752,611,672,624,590,73,625
613,215,612,179,181,457,606,608,327,328,589,674,753,754,752,611,672,624,590,73,625
613,215,612,495,304,329,327,608,134,609,589,674,753,727,579,577,392,72,71,595,625
613,216,182,179,180,457,181,329,327,328,589,576,727,579,577,392,72,71,595,625
613,216,182,179,180,457,181,329,327,328,130,576,727,579,577,392,624,590,73,625
613,216,182,179,180,457,606,608,134,328,589,674,673,754,752,611,672,624,590,73,625
613,216,182,179,181,329,304,132,130,328,589,576,727,752,611,672,624,590,73,625
613,215,182,179,181,329,304,132,327,328,589,674,753,727,579,577,392,624,590,73,625
613,215,566,567,569,571,326,572,573,131,574,575,579,577,392,72,71,595,625
613,215,612,495,304,132,130,576,589,674,753,727,752,611,672,624,590,72,71,595,625
613,216,182,179,181,457,606,329,327,328,589,576,727,579,577,392,72,590,73,625
613,215,612,179,181,329,606,608,134,328,589,674,753,727,752,611,672,624,590,73,625
613,215,612,495,304,329,606,608,134,328,589,674,753,727,579,577,392,624,590,73,625
613,215,182,218,180,457,606,329,327,328,589,674,753,754,752,611,672,624,590,73,625
613,215,612,495,304,329,327,132,130,328,589,674,753,727,579,577,392,72,71,595,625
613,215,566,567,569,571,326,572,573,393,574,575,579,577,392,72,71,73,625
613,216,182,179,181,329,606,608,327,328,589,576,727,752,611,672,624,590,73,625
613,216,182,218,180,457,181,329,327,328,589,576,727,579,577,392,72,71,595,625
613,216,182,179,181,457,606,608,134,609,589,576,727,579,577,392,72,71,595,625
613,215,566,567,569,571,302,572,573,131,574,575,579,577,392,72,71,73,625
613,216,182,218,180,457,181,329,327,328,130,576,727,579,577,392,624,590,73,625
613,216,182,218,180,457,606,608,134,328,589,674,673,754,752,611,672,624,590,73,625
613,215,566,567,569,571,326,131,573,393,578,577,392,72,590,73,71,595,625
613,215,612,179,181,329,304,132,327,328,589,674,753,727,752,611,672,624,590,73,625
613,215,182,179,181,329,327,132,130,576,589,674,753,727,579,577,392,72,71,73,625
613,216,182,179,181,457,606,329,327,328,589,576,727,579,577,392,72,71,595,625
613,216,182,179,181,457,606,329,327,328,130,576,727,579,577,392,624,590,73,625
613,216,182,179,181,329,327,608,134,609,589,576,727,752,611,672,624,590,73,625
613,215,612,495,304,132,327,608,134,609,589,674,753,727,579,577,392,72,71,73,625
613,215,612,179,180,457,606,608,134,609,589,674,753,727,579,577,392,72,71,73,625
613,215,182,179,181,329,327,328,130,576,589,674,753,754,752,611,672,624,590,73,625
613,215,182,179,180,457,606,608,134,328,589,674,753,727,579,577,392,72,71,73,625
613,215,612,495,181,329,327,132,130,576,589,674,753,727,752,611,672,624,590,73,625
613,215,182,179,181,329,327,328,134,609,589,674,753,727,579,577,392,72,590,73,625
613,216,182,179,181,457,606,608,134,328,130,576,727,752,611,672,624,590,73,625
613,215,612,179,181,329,304,132,130,328,589,674,753,727,579,577,392,624,590,73,625
613,216,182,179,181,329,327,132,130,328,589,576,727,752,611,672,624,590,73,625
613,215,612,495,304,132,130,328,589,674,673,754,752,727,579,577,392,72,590,73,625
613,216,182,179,181,329,327,328,589,609,610,673,754,752,727,579,577,392,72,71,73,625
613,215,612,179,180,457,606,329,327,328,589,674,753,727,579,577,392,72,71,73,625
613,215,182,218,180,457,606,608,134,328,589,674,753,727,579,577,392,72,71,73,625
613,216,182,179,181,457,606,608,327,132,130,576,727,752,611,672,624,590,73,625
613,215,182,179,180,457,606,608,327,328,589,674,753,754,752,611,672,624,590,73,625
613,215,612,495,304,329,327,132,130,576,589,674,753,727,579,577,392,72,71,73,625
613,216,182,179,181,495,569,571,326,131,574,575,578,577,392,72,71,73,625
613,215,612,179,181,329,606,608,327,328,589,674,753,727,579,577,392,624,590,73,625
613,215,612,179,181,457,606,608,134,328,589,674,753,727,579,577,392,72,590,73,625
613,215,182,179,181,329,327,328,134,609,589,674,753,727,579,577,392,72,71,595,625
613,215,612,495,304,329,327,328,130,576,589,674,753,754,752,611,672,624,590,73,625
613,215,566,567,569,571,326,131,573,393,578,575,579,577,392,72,590,73,625
613,215,612,495,304,329,327,328,134,609,589,674,753,727,579,577,392,72,590,73,625
613,216,182,215,612,495,569,571,326,131,574,575,579,577,392,624,590,73,625
613,215,182,179,181,329,304,132,130,576,589,674,753,727,579,577,392,72,590,73,625
613,216,182,179,181,457,606,608,327,328,589,576,727,579,577,392,72,590,73,625
613,215,566,567,569,571,326,131,574,575,578,577,392,624,590,73,71,595,625
613,215,612,495,304,132,130,328,589,674,673,754,752,727,579,577,392,72,71,595,625
613,215,182,218,180,457,606,608,327,328,589,674,753,754,752,611,672,624,590,73,625
613,215,612,495,181,329,327,328,130,576,589,674,753,727,579,577,392,624,590,73,625
613,215,612,179,181,329,327,608,134,609,589,674,753,727,579,577,392,624,590,73,625
613,215,182,179,181,329,327,608,134,328,589,674,753,727,579,577,392,624,590,73,625
613,215,612,179,181,457,606,608,134,328,589,674,753,727,579,577,392,72,71,595,625
613,215,566,567,569,571,326,131,573,393,578,575,579,577,392,72,71,595,625
613,215,612,495,304,329,327,328,134,609,589,674,753,727,579,577,392,72,71,595,625
613,215,182,179,181,329,304,132,130,576,589,674,753,727,579,577,392,72,71,595,625
613,215,612,179,181,329,327,132,130,328,589,674,753,727,579,577,392,624,590,73,625
613,216,182,179,181,457,606,608,327,328,589,576,727,579,577,392,72,71,595,625
613,215,182,179,612,495,304,132,130,576,589,674,753,727,579,577,392,624,590,73,625
613,216,182,179,181,457,606,608,327,328,130,576,727,579,577,392,624,590,73,625
613,215,566,567,569,571,302,572,326,131,574,575,579,577,392,72,71,73,625
613,215,612,179,181,329,327,328,130,576,589,674,753,727,579,577,392,72,71,73,625
613,215,566,567,569,571,326,572,573,393,574,575,579,577,392,72,590,73,625
613,215,566,567,569,571,302,572,573,131,574,575,579,577,392,72,590,73,625
613,215,612,179,181,329,327,608,134,328,589,674,753,727,752,611,672,624,590,73,625
613,215,612,495,304,329,327,608,134,328,589,674,753,727,579,577,392,624,590,73,625
613,215,566,568,580,570,302,572,573,393,578,575,579,577,392,72,71,73,625
613,216,182,179,181,329,606,608,134,609,610,673,754,752,727,579,577,392,624,590,73,625
613,216,182,179,612,495,181,329,327,328,589,674,753,754,752,727,579,577,392,72,71,73,625
613,215,612,179,180,457,606,608,327,328,589,674,753,727,579,577,392,72,71,73,625
613,215,182,179,181,329,327,132,130,576,589,674,753,727,579,577,392,72,590,73,625
613,215,612,495,304,132,130,328,134,609,589,674,753,754,752,611,672,624,590,73,625
613,216,182,179,180,457,606,329,327,328,130,576,727,752,611,672,624,590,73,625
613,215,612,495,304,132,130,576,589,674,673,754,752,727,579,577,392,72,71,73,625
613,215,612,495,304,132,327,608,134,609,589,674,753,727,579,577,392,72,590,73,625
613,215,612,179,180,457,606,608,134,609,589,674,753,727,579,577,392,72,590,73,625
613,215,182,179,180,457,181,329,327,328,589,674,753,754,752,611,672,624,590,73,625
613,215,182,179,180,457,606,608,134,328,589,674,753,727,579,577,392,72,590,73,625
613,215,566,567,569,571,326,572,573,393,574,575,579,577,392,72,71,595,625
613,215,566,567,569,571,302,572,573,131,574,575,579,577,392,72,71,595,625
613,216,182,179,181,457,606,608,134,328,589,576,727,579,577,392,624,590,73,625
613,216,182,179,181,329,327,328,134,609,589,576,727,752,611,672,624,590,73,625
613,215,182,179,181,329,327,328,130,576,727,753,754,752,611,672,624,590,73,625
613,215,612,495,304,132,327,328,134,609,589,674,753,727,579,577,392,72,71,73,625
613,215,566,567,569,571,302,572,573,393,574,575,579,577,392,72,71,73,625
613,216,182,218,180,457,606,329,327,328,130,576,727,752,611,672,624,590,73,625
613,216,182,179,181,329,327,328,589,609,610,673,754,752,727,579,577,392,72,590,73,625
613,215,612,495,304,132,327,328,589,674,673,754,752,727,579,577,392,624,590,73,625
613,215,612,179,180,457,606,329,327,328,589,674,753,727,579,577,392,72,590,73,625
613,215,182,218,180,457,181,329,327,328,589,674,753,754,752,611,672,624,590,73,625
613,215,182,179,181,457,606,608,134,609,589,674,753,754,752,611,672,624,590,73,625
613,215,182,218,180,457,606,608,134,328,589,674,753,727,579,577,392,72,590,73,625
613,215,182,179,181,329,327,132,130,576,589,674,753,727,579,577,392,72,71,595,625
613,215,612,495,304,329,327,132,130,576,589,674,753,727,579,577,392,72,590,73,625
613,216,182,179,181,495,569,571,326,572,573,393,578,577,392,72,71,73,625
613,216,182,179,181,495,569,571,326,131,574,575,578,577,392,72,590,73,625
613,215,612,495,304,132,327,608,134,609,589,674,753,727,579,577,392,72,71,595,625
613,215,612,179,180,457,606,608,134,609,589,674,753,727,579,577,392,72,71,595,625
613,215,182,179,180,457,606,608,134,328,589,674,753,727,579,577,392,72,71,595,625
613,215,566,568,580,570,302,572,573,393,578,577,392,72,590,73,71,595,625
613,216,182,218,180,179,181,329,327,328,589,576,727,579,577,392,72,71,73,625
613,215,182,179,181,457,606,329,327,328,589,674,753,754,752,611,672,624,590,73,625
613,215,566,567,569,571,326,572,573,393,578,577,392,624,590,73,71,595,625
613,215,612,495,304,329,327,328,130,576,727,753,754,752,611,672,624,590,73,625
613,216,182,179,181,329,327,328,589,609,610,673,754,752,727,579,577,392,72,71,595,625
613,216,182,179,181,457,606,608,134,328,589,674,673,754,752,611,672,624,590,73,625
613,215,612,179,180,457,606,329,327,328,589,674,753,727,579,577,392,72,71,595,625
613,215,182,218,180,457,606,608,134,328,589,674,753,727,579,577,392,72,71,595,625
613,216,182,179,180,457,606,608,134,609,610,673,754,752,727,579,577,392,72,71,73,625
613,215,612,495,304,329,327,132,130,576,589,674,753,727,579,577,392,72,71,595,625
613,216,182,179,181,495,569,571,326,131,574,575,578,577,392,72,71,595,625
613,215,612,179,181,329,327,328,134,609,589,674,753,727,579,577,392,624,590,73,625
613,216,182,218,180,179,181,329,304,132,130,576,727,752,611,672,624,590,73,625
613,215,566,567,569,571,302,572,326,131,574,575,579,577,392,72,590,73,625
613,215,612,179,181,329,327,328,130,576,589,674,753,727,579,577,392,72,590,73,625
613,215,612,495,181,457,606,608,134,609,589,674,753,727,579,577,392,624,590,73,625
613,216,182,179,180,457,606,608,327,328,130,576,727,752,611,672,624,590,73,625
613,215,612,179,180,457,181,329,327,328,589,674,753,727,579,577,392,72,71,73,625
613,215,566,567,569,571,326,131,574,575,578,577,392,624,590,72,71,73,625
613,216,182,218,180,457,606,608,134,609,610,673,754,752,727,579,577,392,72,71,73,625
613,216,182,179,180,457,606,608,134,609,589,576,727,579,577,392,624,590,73,625
613,215,182,179,612,495,304,132,130,328,589,674,753,727,752,611,672,624,590,73,625
613,215,566,568,580,570,302,572,573,393,578,575,579,577,392,72,590,73,625
613,215,612,495,181,457,606,329,327,328,589,674,753,727,579,577,392,624,590,73,625
613,216,182,218,180,457,606,608,327,328,130,576,727,752,611,672,624,590,73,625
613,215,612,179,181,457,606,608,134,609,589,674,753,727,579,577,392,72,71,73,625
613,215,182,179,181,457,606,608,134,328,589,674,753,727,579,577,392,72,71,73,625
613,216,182,179,612,495,181,329,327,328,589,674,753,754,752,727,579,577,392,72,590,73,625
613,215,612,179,180,457,606,608,327,328,589,674,753,727,579,577,392,72,590,73,625
613,216,182,179,180,457,606,329,327,328,589,576,727,579,577,392,624,590,73,625
613,216,182,218,180,457,606,608,134,609,589,576,727,579,577,392,624,590,73,625
613,215,612,179,181,329,304,132,130,576,589,674,753,727,579,577,392,624,590,73,625
613,215,182,179,181,329,606,608,134,609,589,674,753,727,579,577,392,624,590,73,625
613,215,566,567,569,571,326,572,573,393,578,575,579,577,392,624,590,73,625
613,215,612,495,304,132,130,576,589,674,673,754,752,727,579,577,392,72,590,73,625
613,215,566,567,569,571,302,572,326,131,574,575,579,577,392,72,71,595,625
613,215,612,179,181,329,327,328,130,576,589,674,753,727,579,577,392,72,71,595,625
613,215,612,495,181,457,606,608,134,328,589,674,753,727,752,611,672,624,590,73,625
613,216,182,179,181,329,327,608,134,609,610,673,754,752,727,579,577,392,624,590,73,625
613,216,182,179,180,457,606,608,134,328,589,576,727,752,611,672,624,590,73,625
613,215,612,495,304,132,327,328,130,576,589,674,753,754,752,611,672,624,590,73,625
613,215,612,179,181,457,606,329,327,328,589,674,753,727,579,577,392,72,71,73,625
613,215,612,495,304,132,327,328,134,609,589,674,753,727,579,577,392,72,590,73,625
613,216,182,218,180,457,606,329,327,328,589,576,727,579,577,392,624,590,73,625
613,215,182,179,181,457,606,608,327,328,589,674,753,754,752,611,672,624,590,73,625
613,215,566,568,580,570,302,572,573,393,578,575,579,577,392,72,71,595,625
613,215,612,179,181,495,304,132,130,576,727,752,611,672,624,392,72,71,73,625
613,216,182,179,180,457,606,608,134,609,589,674,673,754,752,611,672,624,590,73,625
613,215,566,567,569,571,302,572,573,393,574,575,579,577,392,72,590,73,625
613,216,182,218,180,179,181,329,327,132,130,576,727,752,611,672,624,590,73,625
613,215,612,495,304,132,130,131,574,575,579,577,392,72,71,73,625
613,216,182,179,612,495,181,329,327,328,589,674,753,754,752,727,579,577,392,72,71,595,625
613,215,612,179,180,457,606,608,327,328,589,674,753,727,579,577,392,72,71,595,625
613,215,612,179,181,329,606,608,134,609,589,674,753,727,752,611,672,624,590,73,625
613,216,182,218,180,457,606,608,134,328,589,576,727,752,611,672,624,590,73,625
613,215,612,495,304,132,130,576,589,674,673,754,752,727,579,577,392,72,71,595,625
613,216,182,179,181,495,569,571,326,572,573,393,578,577,392,72,590,73,625
613,215,182,179,181,329,606,608,134,328,589,674,753,727,752,611,672,624,590,73,625
613,215,612,495,304,329,606,608,134,609,589,674,753,727,579,577,392,624,590,73,625
613,215,566,567,569,571,326,131,573,393,574,575,579,577,392,72,71,73,625
613,216,182,218,180,179,181,329,327,328,589,576,727,579,577,392,72,590,73,625
613,216,182,179,180,457,606,329,327,328,589,674,673,754,752,611,672,624,590,73,625
613,216,182,218,180,457,606,608,134,609,589,674,673,754,752,611,672,624,590,73,625
613,215,612,179,181,329,327,328,589,576,727,753,754,752,611,672,624,590,73,625
613,215,612,495,304,132,327,328,134,609,589,674,753,727,579,577,392,72,71,595,625
613,215,566,568,580,570,302,572,573,131,574,575,579,577,392,72,71,73,625
613,215,566,567,569,571,302,572,573,393,574,575,579,577,392,72,71,595,625
613,215,612,495,181,329,327,328,589,674,673,754,753,727,579,577,392,624,590,73,625
613,216,182,179,180,457,181,329,327,328,130,576,727,752,611,672,624,590,73,625
613,215,182,179,181,329,304,132,327,328,589,674,753,727,752,611,672,624,590,73,625
613,215,612,179,181,329,327,132,130,576,589,674,753,727,579,577,392,624,590,73,625
