62,45,46,479,47,48,51,52,55,57,72,392,577,579,727,753,674,589,328,134,608,606
62,45,46,479,47,48,51,52,55,57,72,392,577,579,727,753,674,589,609,134,608,606
62,45,46,479,47,48,51,52,55,57,72,392,577,579,727,753,674,589,328,327,329,606
62,45,46,479,47,48,51,52,55,57,72,392,577,579,727,753,674,589,328,327,608,606
62,45,46,479,47,48,51,52,55,57,72,392,577,579,727,753,674,673,610,609,134,608,606
62,45,46,479,47,48,51,52,55,57,72,392,577,579,727,576,130,132,304,329,606
62,45,46,479,47,48,51,52,55,57,72,392,577,579,727,576,130,132,327,329,606
62,45,46,479,47,48,51,52,55,57,72,392,577,579,727,576,130,328,134,608,606
62,45,46,479,47,48,51,52,55,57,72,392,577,579,727,576,130,132,327,608,606
62,45,46,479,47,48,51,52,55,57,72,392,577,579,727,576,130,328,327,329,606
62,45,46,479,47,48,51,52,55,57,72,392,577,579,727,576,130,328,327,608,606
62,45,46,479,47,48,51,52,55,57,72,392,577,579,727,576,589,328,134,608,606
62,45,46,479,47,48,51,52,55,57,72,392,577,579,727,576,589,609,134,608,606
62,45,46,479,47,48,51,52,55,57,72,392,577,579,727,576,589,328,327,329,606
62,45,46,479,47,48,51,52,55,57,72,392,577,579,727,576,589,328,327,608,606
62,45,46,479,47,48,51,52,55,57,72,392,577,579,727,752,754,673,610,609,134,608,606
62,45,46,479,47,48,51,52,55,57,72,392,577,579,727,753,754,673,610,609,134,608,606
62,45,46,479,47,48,51,52,55,57,72,392,577,579,727,752,754,753,674,589,328,134,608,606
62,45,46,479,47,48,51,52,55,57,72,392,577,579,727,752,754,753,674,589,609,134,608,606
62,45,46,479,47,48,51,52,55,57,72,392,577,579,727,752,754,753,674,589,328,327,329,606
62,45,46,479,47,48,51,52,55,57,72,392,577,579,727,752,754,753,674,589,328,327,608,606
62,45,46,479,47,48,51,52,55,57,72,392,624,672,611,752,754,673,610,609,134,608,606
62,45,46,701,479,47,48,51,52,55,57,72,392,577,579,727,753,674,589,328,134,608,606
62,45,46,701,479,47,48,51,52,55,57,72,392,577,579,727,753,674,589,609,134,608,606
62,45,46,701,479,47,48,51,52,55,57,72,392,577,579,727,753,674,589,328,327,329,606
62,45,46,701,479,47,48,51,52,55,57,72,392,577,579,727,753,674,589,328,327,608,606
62,45,46,479,47,48,51,52,55,57,72,590,624,672,611,752,754,673,610,609,134,608,606
62,45,46,479,47,48,51,52,55,57,72,392,624,672,611,752,754,753,674,589,328,134,608,606
62,45,46,479,47,48,51,52,55,57,72,392,624,672,611,752,754,753,674,589,609,134,608,606
62,45,46,479,47,48,51,52,55,57,72,392,624,672,611,752,754,753,674,589,328,327,329,606
62,45,46,479,47,48,51,52,55,57,72,392,624,672,611,752,754,753,674,589,328,327,608,606
62,45,46,479,47,48,51,52,55,57,72,392,577,579,727,752,754,753,674,673,610,609,134,608,606
62,45,46,479,47,48,51,52,55,57,72,392,624,672,611,752,727,753,674,589,328,134,608,606
62,45,46,701,479,47,48,51,52,55,57,72,392,577,579,727,753,674,673,610,609,134,608,606
62,45,46,479,47,48,51,52,55,57,72,392,624,672,611,752,727,753,674,589,609,134,608,606
62,45,46,479,47,48,51,52,55,57,72,590,624,672,611,752,754,753,674,589,328,134,608,606
62,45,46,479,47,48,51,52,55,57,72,392,624,672,611,752,727,753,674,589,328,327,329,606
62,45,46,479,47,48,51,52,55,57,72,392,624,672,611,752,727,753,674,589,328,327,608,606
62,45,46,479,47,48,51,52,55,57,72,590,624,672,611,752,754,753,674,589,609,134,608,606
62,45,46,479,47,48,51,52,55,57,72,590,624,672,611,752,754,753,674,589,328,327,329,606
62,45,46,479,47,48,51,52,55,57,72,590,624,672,611,752,754,753,674,589,328,327,608,606
62,45,46,701,387,49,88,101,89,75,76,391,393,573,572,326,571,303,304,329,606
62,45,46,701,387,49,88,101,89,75,76,391,393,573,572,302,571,303,304,329,606
62,45,46,701,387,49,88,101,89,75,76,391,393,573,131,326,571,303,304,329,606
62,45,46,701,479,47,48,51,52,55,57,72,392,577,579,727,576,130,132,304,329,606
62,45,46,479,47,48,51,52,55,57,72,590,624,392,577,579,727,753,674,589,328,134,608,606
62,45,46,480,492,479,47,48,51,52,55,57,72,392,577,579,727,753,674,589,328,134,608,606
62,45,46,701,479,47,48,51,52,55,57,72,392,577,579,727,576,130,132,327,329,606
62,45,46,701,479,47,48,51,52,55,57,72,392,577,579,727,576,130,328,134,608,606
62,45,46,701,479,47,48,51,52,55,57,72,392,577,579,727,576,130,132,327,608,606
62,45,46,701,387,49,88,101,89,75,76,391,393,574,131,326,571,303,304,329,606
62,45,46,479,47,48,51,52,55,57,72,590,624,392,577,579,727,753,674,589,609,134,608,606
62,45,46,480,492,479,47,48,51,52,55,57,72,392,577,579,727,753,674,589,609,134,608,606
62,45,46,479,47,48,51,52,55,57,72,590,624,392,577,579,727,753,674,589,328,327,329,606
62,45,46,480,492,479,47,48,51,52,55,57,72,392,577,579,727,753,674,589,328,327,329,606
62,45,46,479,47,48,51,52,55,57,72,590,624,672,611,752,727,753,674,589,328,134,608,606
62,45,46,479,47,48,51,52,55,57,72,590,624,392,577,579,727,753,674,589,328,327,608,606
62,45,46,480,492,479,47,48,51,52,55,57,72,392,577,579,727,753,674,589,328,327,608,606
62,45,46,701,479,47,48,51,52,55,57,72,392,577,579,727,576,130,328,327,329,606
62,45,46,701,479,47,48,51,52,55,57,72,392,577,579,727,576,130,328,327,608,606
62,40,41,119,120,323,686,293,295,297,104,91,81,82,300,302,571,303,304,329,606
62,45,46,701,479,47,48,51,52,55,57,72,392,577,579,727,576,589,328,134,608,606
62,45,46,479,47,48,51,52,55,57,72,590,624,672,611,752,727,753,674,589,609,134,608,606
62,45,46,479,47,48,51,52,55,57,72,392,577,579,727,752,754,673,674,589,328,134,608,606
62,45,46,479,47,48,51,52,55,57,72,590,624,672,611,752,727,753,674,589,328,327,329,606
62,45,46,479,47,48,51,52,55,57,72,392,624,672,611,752,754,753,674,673,610,609,134,608,606
62,45,46,479,47,48,51,52,55,57,72,590,624,672,611,752,727,753,674,589,328,327,608,606
62,45,46,701,387,49,88,101,89,75,76,391,126,128,129,572,326,571,303,304,329,606
62,45,46,701,479,47,48,51,52,55,57,72,392,577,579,727,576,589,609,134,608,606
62,45,46,701,479,47,48,51,52,55,57,72,392,577,579,727,576,589,328,327,329,606
62,45,46,479,47,48,51,52,55,57,72,392,577,579,727,752,754,673,674,589,609,134,608,606
62,45,46,701,387,49,88,101,89,75,76,391,126,128,129,572,302,571,303,304,329,606
62,45,46,479,47,48,51,52,55,57,72,392,577,579,727,752,754,673,674,589,328,327,329,606
62,45,46,701,479,47,48,51,52,55,57,72,392,577,579,727,576,589,328,327,608,606
62,45,46,701,387,49,88,101,89,78,77,79,125,127,129,572,326,571,303,304,329,606
62,45,46,479,47,48,51,52,55,57,72,392,577,579,727,753,674,589,328,327,132,304,329,606
62,45,46,701,387,49,88,101,89,75,76,391,126,128,573,572,326,571,303,304,329,606
62,45,46,479,47,48,51,52,55,57,72,392,577,579,727,752,754,673,674,589,328,327,608,606
62,45,46,479,47,48,51,52,55,57,72,392,577,579,727,753,674,589,328,134,608,327,329,606
62,45,46,701,387,49,88,101,89,75,76,124,126,128,129,572,326,571,303,304,329,606
62,45,46,701,387,49,88,101,89,78,77,79,125,127,129,572,302,571,303,304,329,606
62,45,46,701,387,49,88,101,89,75,76,391,126,128,573,572,302,571,303,304,329,606
62,45,46,701,387,49,88,101,89,75,76,391,393,573,572,326,325,303,304,329,606
62,45,46,701,387,49,88,101,89,75,76,124,126,128,129,572,302,571,303,304,329,606
62,45,46,701,387,49,88,101,89,75,76,391,126,128,573,131,326,571,303,304,329,606
62,45,46,479,47,48,51,52,55,57,72,392,577,579,727,753,674,589,328,130,132,304,329,606
62,45,46,701,387,49,88,101,89,75,76,124,126,128,573,572,326,571,303,304,329,606
62,45,46,479,47,48,51,52,55,57,72,392,577,579,727,753,674,589,609,134,608,327,329,606
62,45,46,701,479,47,48,51,52,55,57,72,392,577,579,727,752,754,673,610,609,134,608,606
62,45,46,479,47,48,51,52,55,57,72,392,577,579,727,753,674,589,328,130,132,327,329,606
62,45,46,479,47,48,51,52,55,57,72,392,577,579,727,753,674,589,328,130,132,327,608,606
62,45,46,479,47,48,51,52,55,57,72,392,577,579,727,753,674,589,609,134,328,327,329,606
62,45,46,701,387,49,88,101,89,75,76,124,126,128,573,572,302,571,303,304,329,606
62,45,46,701,387,49,88,101,89,75,76,391,393,573,572,326,325,132,304,329,606
62,45,46,479,47,48,51,52,55,57,72,392,577,579,727,753,674,589,576,130,132,304,329,606
62,45,46,701,387,49,88,101,89,75,76,391,393,573,131,326,325,303,304,329,606
62,45,46,479,47,48,51,52,55,57,72,392,577,579,727,753,674,589,609,134,328,327,608,606
62,45,46,701,387,49,88,101,89,75,76,391,393,573,572,326,325,132,327,329,606
62,45,46,479,47,48,51,52,55,57,72,392,577,579,727,753,674,589,576,130,132,327,329,606
62,45,46,701,387,49,88,101,89,78,77,124,126,128,129,572,326,571,303,304,329,606
62,45,46,701,387,49,88,101,89,75,76,124,126,128,573,131,326,571,303,304,329,606
62,45,46,479,47,48,51,52,55,57,72,392,577,579,727,753,674,589,576,130,328,134,608,606
62,45,46,701,387,49,88,101,89,75,76,391,393,573,572,326,325,132,327,608,606
62,45,46,479,47,48,51,52,55,57,72,392,577,579,727,753,674,589,576,130,132,327,608,606
62,45,46,701,387,49,88,101,89,78,77,124,126,128,129,572,302,571,303,304,329,606
62,45,46,701,387,49,88,101,89,75,76,391,393,573,131,326,325,132,304,329,606
62,45,46,701,387,49,88,101,89,78,77,124,126,128,573,572,326,571,303,304,329,606
62,45,46,701,387,49,88,101,89,75,76,391,393,573,131,326,325,132,327,329,606
62,45,46,479,47,48,51,52,55,57,72,392,577,579,727,753,754,673,674,589,328,134,608,606
62,45,46,479,47,48,51,52,55,57,72,392,624,672,611,752,727,753,674,673,610,609,134,608,606
62,45,46,701,387,49,88,101,89,75,76,391,393,573,131,326,325,132,327,608,606
62,45,46,701,387,49,88,101,89,75,76,391,393,574,131,326,325,303,304,329,606
62,45,46,479,47,48,51,52,55,57,72,392,624,672,611,668,673,610,609,134,608,606
62,45,46,479,47,48,51,52,55,57,72,392,577,579,727,753,674,589,576,130,328,327,329,606
62,45,46,701,387,49,88,101,89,75,76,391,126,127,129,572,326,571,303,304,329,606
62,45,46,701,387,49,88,101,89,78,77,124,126,128,573,572,302,571,303,304,329,606
62,45,46,701,387,49,88,101,89,75,77,79,125,127,129,572,326,571,303,304,329,606
62,45,46,479,47,48,51,52,55,57,72,392,577,579,727,753,674,589,576,130,328,327,608,606
62,45,46,701,387,49,88,101,89,75,76,391,126,127,129,572,302,571,303,304,329,606
62,45,46,701,387,49,88,101,89,78,77,79,81,82,300,302,571,303,304,329,606
62,45,46,701,387,49,88,101,89,78,77,124,126,128,573,131,326,571,303,304,329,606
62,45,46,479,47,48,51,52,55,57,72,392,577,579,727,753,754,673,674,589,609,134,608,606
62,45,46,701,387,49,88,101,89,75,77,79,125,127,129,572,302,571,303,304,329,606
62,45,46,479,47,48,51,52,55,57,72,392,577,579,727,753,754,673,674,589,328,327,329,606
62,45,46,701,387,49,88,101,89,75,76,391,393,574,131,326,325,132,304,329,606
62,45,46,479,47,48,51,52,55,57,72,590,624,672,611,752,754,753,674,673,610,609,134,608,606
62,45,46,479,47,48,51,52,55,57,72,392,577,579,727,753,754,673,674,589,328,327,608,606
62,45,46,701,387,49,88,101,89,75,76,391,393,574,131,326,325,132,327,329,606
62,45,46,701,387,49,88,101,89,75,76,124,126,127,129,572,326,571,303,304,329,606
62,45,46,479,47,49,88,101,89,75,76,391,393,573,572,326,571,303,304,329,606
62,45,46,701,387,49,88,101,89,75,76,391,393,574,131,326,325,132,327,608,606
62,45,46,701,387,49,88,101,89,75,76,391,126,128,129,572,326,325,303,304,329,606
62,45,46,701,387,49,88,101,89,75,76,124,126,127,129,572,302,571,303,304,329,606
62,45,46,701,387,49,88,101,89,78,77,79,125,127,300,302,571,303,304,329,606
62,45,46,479,47,49,88,101,89,75,76,391,393,573,572,302,571,303,304,329,606
62,45,46,479,47,49,88,101,89,75,76,391,393,573,131,326,571,303,304,329,606
62,45,46,701,479,47,48,51,52,55,57,72,392,577,579,727,753,754,673,610,609,134,608,606
62,45,46,701,387,49,88,101,89,75,77,124,126,128,129,572,326,571,303,304,329,606
62,45,46,701,387,49,88,101,89,78,77,79,125,127,129,572,326,325,303,304,329,606
62,45,46,701,387,49,88,101,89,75,76,391,126,128,573,572,326,325,303,304,329,606
62,45,46,701,387,49,88,101,89,78,77,79,125,82,300,302,571,303,304,329,606
62,45,46,701,387,49,88,101,89,75,76,391,126,128,129,572,326,325,132,304,329,606
62,45,46,701,387,49,88,101,89,75,76,391,126,128,129,572,326,325,132,327,329,606
62,45,46,701,387,49,88,101,89,78,77,124,126,127,129,572,326,571,303,304,329,606
62,45,46,701,387,49,88,101,89,75,77,124,126,128,129,572,302,571,303,304,329,606
62,45,46,701,387,49,88,101,89,75,76,124,126,128,129,572,326,325,303,304,329,606
62,45,46,701,387,49,88,101,89,75,76,391,126,128,129,572,326,325,132,327,608,606
62,45,46,701,387,49,88,101,89,75,77,124,126,128,573,572,326,571,303,304,329,606
62,45,46,701,387,49,88,101,89,78,77,79,125,127,129,572,326,325,132,304,329,606
62,45,46,701,387,49,88,101,89,78,77,124,126,127,129,572,302,571,303,304,329,606
62,45,46,701,387,49,88,101,89,75,76,391,126,128,573,572,326,325,132,304,329,606
62,45,46,701,387,49,88,101,89,75,76,391,126,128,573,131,326,325,303,304,329,606
62,45,46,701,387,49,88,101,89,75,76,124,125,127,129,572,326,571,303,304,329,606
62,45,46,701,387,49,88,101,89,78,77,79,125,127,129,572,326,325,132,327,329,606
62,45,46,479,47,49,88,101,89,75,76,391,393,574,131,326,571,303,304,329,606
62,45,46,701,387,49,88,101,89,75,76,391,126,128,573,572,326,325,132,327,329,606
62,45,46,479,47,48,88,101,89,75,76,391,393,573,572,326,571,303,304,329,606
62,45,46,701,387,49,88,101,89,75,77,124,126,128,573,572,302,571,303,304,329,606
62,45,46,701,387,49,88,101,89,75,76,124,126,128,573,572,326,325,303,304,329,606
62,45,46,701,387,49,88,101,89,78,77,79,125,127,129,572,326,325,132,327,608,606
62,45,46,479,47,48,51,52,55,57,72,392,624,672,611,752,727,576,130,132,304,329,606
62,45,46,701,387,49,88,101,89,75,76,124,126,128,129,572,326,325,132,304,329,606
62,45,46,701,387,49,88,101,89,75,76,391,126,128,573,572,326,325,132,327,608,606
62,45,46,479,47,48,51,52,55,57,72,392,624,672,611,752,727,576,130,132,327,329,606
62,45,46,701,387,49,88,101,89,75,76,124,125,127,129,572,302,571,303,304,329,606
62,45,46,701,387,49,88,101,89,75,76,124,126,128,129,572,326,325,132,327,329,606
62,45,46,479,47,48,51,52,55,57,72,590,624,392,577,579,727,753,674,673,610,609,134,608,606
62,45,46,480,492,479,47,48,51,52,55,57,72,392,577,579,727,753,674,673,610,609,134,608,606
62,45,46,701,387,49,88,101,89,75,77,79,81,82,300,302,571,303,304,329,606
62,45,46,701,387,49,88,101,89,75,77,124,126,128,573,131,326,571,303,304,329,606
62,45,46,479,47,48,88,101,89,75,76,391,393,573,572,302,571,303,304,329,606
62,45,46,479,47,48,51,52,55,57,72,392,624,672,611,752,727,576,130,328,134,608,606
62,45,46,479,47,48,51,52,55,57,72,392,624,672,611,752,727,576,130,132,327,608,606
62,45,46,701,387,49,88,101,89,75,76,124,126,128,129,572,326,325,132,327,608,606
62,45,46,701,387,49,88,101,89,75,76,391,126,128,573,131,326,325,132,304,329,606
62,45,46,701,387,49,88,101,89,75,76,391,126,128,573,131,326,325,132,327,329,606
62,45,46,479,47,48,88,101,89,75,76,391,393,573,131,326,571,303,304,329,606
62,45,46,701,387,49,88,101,89,78,77,124,126,128,129,572,326,325,303,304,329,606
62,45,46,701,387,49,88,101,89,75,76,124,126,128,573,572,326,325,132,304,329,606
62,45,46,701,387,49,88,101,89,75,76,124,126,128,573,131,326,325,303,304,329,606
62,45,46,479,47,48,51,52,55,57,72,392,624,672,611,752,754,673,674,589,328,134,608,606
62,45,46,701,387,49,88,101,89,75,76,124,126,128,573,572,326,325,132,327,329,606
62,45,46,701,387,49,88,101,89,75,76,391,126,128,573,131,326,325,132,327,608,606
62,45,46,701,479,47,48,51,52,55,57,72,392,577,579,727,752,754,753,674,589,328,134,608,606
62,45,46,701,387,49,88,101,89,75,76,124,126,128,573,572,326,325,132,327,608,606
62,45,46,479,47,48,51,52,55,57,72,590,624,672,611,752,727,753,674,673,610,609,134,608,606
62,45,46,701,387,49,88,101,89,75,76,391,126,127,300,302,571,303,304,329,606
62,45,46,701,387,49,88,101,89,78,77,124,125,127,129,572,326,571,303,304,329,606
62,45,46,479,47,48,51,52,55,57,72,590,624,672,611,668,673,610,609,134,608,606
62,45,46,479,47,48,51,52,55,57,72,392,624,672,611,752,727,576,130,328,327,329,606
62,45,46,701,387,49,88,101,89,75,77,79,125,127,300,302,571,303,304,329,606
62,45,46,479,47,49,88,101,89,75,76,391,126,128,129,572,326,571,303,304,329,606
62,45,46,701,387,49,88,101,89,78,77,124,126,128,573,572,326,325,303,304,329,606
62,45,46,701,387,49,88,101,89,78,77,124,126,128,129,572,326,325,132,304,329,606
62,45,46,479,47,48,51,52,55,57,72,392,624,672,611,752,727,576,130,328,327,608,606
62,45,46,701,387,49,88,101,89,75,76,124,126,128,573,131,326,325,132,304,329,606
62,45,46,479,47,48,51,52,55,57,72,392,624,672,611,752,727,576,589,328,134,608,606
62,45,46,479,47,48,51,52,55,57,72,392,624,672,611,752,754,673,674,589,609,134,608,606
62,45,46,701,387,49,88,101,89,78,77,124,125,127,129,572,302,571,303,304,329,606
62,45,46,701,387,49,88,101,89,78,77,124,126,128,129,572,326,325,132,327,329,606
62,45,46,479,47,48,51,52,55,57,72,392,624,672,611,752,754,673,674,589,328,327,329,606
62,45,46,701,387,49,88,101,89,75,76,124,126,128,573,131,326,325,132,327,329,606
62,45,46,701,387,49,88,101,89,75,76,391,126,127,129,572,326,325,303,304,329,606
62,45,46,479,47,49,88,101,89,75,76,391,126,128,129,572,302,571,303,304,329,606
62,45,46,701,387,49,88,101,89,75,77,79,125,127,129,572,326,325,303,304,329,606
62,45,46,701,387,49,88,101,89,78,77,124,126,128,129,572,326,325,132,327,608,606
62,45,46,479,47,48,88,101,89,75,76,391,393,574,131,326,571,303,304,329,606
62,45,46,701,479,47,48,51,52,55,57,72,392,577,579,727,752,754,753,674,589,609,134,608,606
62,45,46,479,47,48,51,52,55,57,72,392,624,672,611,752,754,673,674,589,328,327,608,606
62,45,46,479,47,49,88,101,89,78,77,79,125,127,129,572,326,571,303,304,329,606
62,45,46,701,387,49,88,101,89,75,76,124,126,128,573,131,326,325,132,327,608,606
62,45,46,701,479,47,48,51,52,55,57,72,392,577,579,727,752,754,753,674,589,328,327,329,606
62,45,46,701,387,49,88,101,89,75,77,79,125,82,300,302,571,303,304,329,606
62,45,46,479,47,49,88,101,89,75,76,391,126,128,573,572,326,571,303,304,329,606
62,45,46,701,387,49,88,101,89,78,77,124,126,128,573,572,326,325,132,304,329,606
62,45,46,701,387,49,88,101,89,78,77,124,126,128,573,131,326,325,303,304,329,606
62,45,46,701,387,49,88,101,89,75,76,124,126,127,300,302,571,303,304,329,606
62,45,46,701,479,47,48,51,52,55,57,72,392,577,579,727,752,754,753,674,589,328,327,608,606
62,45,46,701,387,49,88,101,89,75,77,124,126,127,129,572,326,571,303,304,329,606
62,45,46,701,387,49,88,101,89,78,77,124,126,128,573,572,326,325,132,327,329,606
62,45,46,479,47,49,88,101,89,75,76,124,126,128,129,572,326,571,303,304,329,606
62,45,46,479,47,49,88,101,89,78,77,79,125,127,129,572,302,571,303,304,329,606
62,45,46,479,47,48,51,52,55,57,72,392,624,672,611,752,727,576,589,609,134,608,606
62,45,46,479,47,49,88,101,89,75,76,391,126,128,573,572,302,571,303,304,329,606
62,45,46,479,47,48,51,52,55,57,72,392,624,672,611,752,727,576,589,328,327,329,606
62,45,46,701,387,49,88,101,89,75,76,391,126,127,129,572,326,325,132,304,329,606
62,45,46,701,387,49,88,101,89,78,77,124,126,128,573,572,326,325,132,327,608,606
62,45,46,701,387,49,88,101,89,78,80,79,125,127,129,572,326,571,303,304,329,606
62,45,46,701,387,49,88,101,89,75,77,79,125,127,129,572,326,325,132,304,329,606
62,45,46,701,387,49,88,101,89,75,76,391,126,127,129,572,326,325,132,327,329,606
62,45,46,479,47,48,51,52,55,57,72,392,624,672,611,752,727,576,589,328,327,608,606
62,45,46,701,387,49,88,101,89,75,77,124,126,127,129,572,302,571,303,304,329,606
62,45,46,701,387,49,88,101,89,75,76,124,126,127,129,572,326,325,303,304,329,606
62,45,46,479,47,49,88,101,89,75,76,391,393,573,572,326,325,303,304,329,606
62,45,46,479,47,49,88,101,89,75,76,124,126,128,129,572,302,571,303,304,329,606
62,45,46,701,387,49,88,101,89,75,77,79,125,127,129,572,326,325,132,327,329,606
62,45,46,479,47,49,88,101,89,75,76,391,126,128,573,131,326,571,303,304,329,606
62,45,46,701,387,49,88,101,89,75,76,391,126,127,129,572,326,325,132,327,608,606
62,45,46,701,387,49,88,101,89,78,77,124,126,128,573,131,326,325,132,304,329,606
62,45,46,701,479,47,48,51,52,55,57,72,392,624,672,611,752,754,673,610,609,134,608,606
62,45,46,701,387,49,88,101,89,78,80,79,125,127,129,572,302,571,303,304,329,606
62,45,46,479,47,49,88,101,89,75,76,124,126,128,573,572,326,571,303,304,329,606
62,45,46,701,387,49,88,101,89,75,77,79,125,127,129,572,326,325,132,327,608,606
62,45,46,701,387,49,88,101,89,78,77,124,126,128,573,131,326,325,132,327,329,606
62,45,46,479,47,48,51,52,55,57,72,392,577,579,727,753,674,673,610,609,134,608,327,329,606
62,45,46,701,387,49,88,101,89,78,77,124,126,128,573,131,326,325,132,327,608,606
62,45,46,479,47,48,88,101,89,75,76,391,126,128,129,572,326,571,303,304,329,606
62,45,46,479,47,48,51,52,55,57,72,392,577,579,727,753,674,673,610,609,589,328,134,608,606
62,45,46,479,47,49,88,101,89,75,76,124,126,128,573,572,302,571,303,304,329,606
62,45,46,701,387,49,88,101,89,75,76,124,126,127,129,572,326,325,132,304,329,606
62,45,46,479,47,48,51,52,55,57,72,590,624,392,577,579,727,576,130,132,304,329,606
62,45,46,479,47,49,88,101,89,75,76,391,393,573,572,326,325,132,304,329,606
62,45,46,480,492,479,47,48,51,52,55,57,72,392,577,579,727,576,130,132,304,329,606
62,45,46,479,47,49,88,101,89,75,76,391,393,573,131,326,325,303,304,329,606
62,45,46,701,387,49,88,101,89,78,77,124,126,127,300,302,571,303,304,329,606
62,45,46,479,47,48,51,52,55,57,72,392,577,579,727,753,674,673,610,609,134,328,327,329,606
62,45,46,701,387,49,88,101,89,75,76,124,126,127,129,572,326,325,132,327,329,606
62,45,46,479,47,48,51,52,55,57,72,590,624,392,577,579,727,576,130,132,327,329,606
62,45,46,479,47,49,88,101,89,75,76,391,393,573,572,326,325,132,327,329,606
62,45,46,480,492,479,47,48,51,52,55,57,72,392,577,579,727,576,130,132,327,329,606
62,45,46,701,387,49,88,101,89,75,77,124,126,128,129,572,326,325,303,304,329,606
62,45,46,479,47,49,88,101,89,78,77,124,126,128,129,572,326,571,303,304,329,606
62,45,46,479,47,48,88,101,89,75,76,391,126,128,129,572,302,571,303,304,329,606
62,45,46,479,47,49,88,101,89,75,76,124,126,128,573,131,326,571,303,304,329,606
62,45,46,479,47,48,51,52,55,57,72,392,577,579,727,753,674,673,610,609,134,328,327,608,606
62,45,46,479,47,48,51,52,55,57,72,590,624,392,577,579,727,576,130,328,134,608,606
62,45,46,701,387,49,88,101,89,75,76,124,126,127,129,572,326,325,132,327,608,606
62,45,46,480,492,479,47,48,51,52,55,57,72,392,577,579,727,576,130,328,134,608,606
62,45,46,479,47,48,51,52,55,57,72,590,624,392,577,579,727,576,130,132,327,608,606
62,45,46,479,47,49,88,101,89,75,76,391,393,573,572,326,325,132,327,608,606
62,45,46,479,47,48,88,101,89,78,77,79,125,127,129,572,326,571,303,304,329,606
62,45,46,480,492,479,47,48,51,52,55,57,72,392,577,579,727,576,130,132,327,608,606
62,45,46,479,47,48,88,101,89,75,76,391,126,128,573,572,326,571,303,304,329,606
62,45,46,701,387,49,88,101,89,75,76,124,125,127,300,302,571,303,304,329,606
62,45,46,701,387,49,88,101,89,78,77,124,126,127,129,572,326,325,303,304,329,606
62,45,46,701,387,49,88,101,89,75,77,124,125,127,129,572,326,571,303,304,329,606
62,45,46,479,47,49,88,101,89,78,77,124,126,128,129,572,302,571,303,304,329,606
62,45,46,479,47,48,51,52,55,57,72,392,577,579,727,753,674,673,610,609,589,328,327,329,606
62,45,46,479,47,49,88,101,89,75,76,391,393,573,131,326,325,132,304,329,606
62,45,46,479,47,48,88,101,89,75,76,124,126,128,129,572,326,571,303,304,329,606
62,45,46,479,47,48,88,101,89,78,77,79,125,127,129,572,302,571,303,304,329,606
62,45,46,701,387,49,88,101,89,75,77,124,126,128,573,572,326,325,303,304,329,606
62,45,46,479,47,48,51,52,55,57,72,590,624,672,611,752,727,576,130,132,304,329,606
62,45,46,479,47,49,88,101,89,78,77,124,126,128,573,572,326,571,303,304,329,606
62,45,46,701,387,49,88,101,89,75,77,124,126,128,129,572,326,325,132,304,329,606
62,45,46,479,47,48,88,101,89,75,76,391,126,128,573,572,302,571,303,304,329,606
62,45,46,479,47,49,88,101,89,75,76,391,393,573,131,326,325,132,327,329,606
62,45,46,479,47,48,51,52,55,57,72,392,577,579,727,753,674,673,610,609,589,328,327,608,606
62,45,46,479,47,48,51,52,55,57,72,590,624,672,611,752,727,576,130,132,327,329,606
62,45,46,701,387,49,88,101,89,75,77,124,125,127,129,572,302,571,303,304,329,606
62,45,46,701,387,49,88,101,89,75,76,124,125,127,129,572,326,325,303,304,329,606
62,45,46,701,387,49,88,101,89,75,77,124,126,128,129,572,326,325,132,327,329,606
62,45,46,479,47,49,88,101,89,75,76,391,393,573,131,326,325,132,327,608,606
62,45,46,479,47,49,88,101,89,75,76,391,393,574,131,326,325,303,304,329,606
62,45,46,479,47,48,51,52,55,57,72,590,624,392,577,579,727,576,130,328,327,329,606
62,45,46,480,492,479,47,48,51,52,55,57,72,392,577,579,727,576,130,328,327,329,606
62,45,46,701,387,49,88,101,89,75,76,124,125,82,300,302,571,303,304,329,606
62,45,46,479,47,48,51,52,55,57,72,590,624,672,611,752,727,576,130,328,134,608,606
62,45,46,479,47,49,88,101,89,75,76,391,126,127,129,572,326,571,303,304,329,606
62,45,46,479,47,48,88,101,89,75,76,391,393,573,572,326,325,303,304,329,606
62,45,46,479,47,48,88,101,89,75,76,124,126,128,129,572,302,571,303,304,329,606
62,45,46,479,47,48,51,52,55,57,72,590,624,672,611,752,727,576,130,132,327,608,606
62,45,46,479,47,48,88,101,89,75,76,391,126,128,573,131,326,571,303,304,329,606
62,45,46,701,387,49,88,101,89,75,77,124,126,128,129,572,326,325,132,327,608,606
62,45,46,479,47,49,88,101,89,78,77,124,126,128,573,572,302,571,303,304,329,606
62,45,46,701,387,49,88,101,89,78,77,124,126,127,129,572,326,325,132,304,329,606
62,45,46,479,47,49,88,101,89,75,77,79,125,127,129,572,326,571,303,304,329,606
62,45,46,479,47,48,51,52,55,57,72,590,624,392,577,579,727,576,130,328,327,608,606
62,45,46,480,492,479,47,48,51,52,55,57,72,392,577,579,727,576,130,328,327,608,606
62,45,46,479,47,48,88,101,89,75,76,124,126,128,573,572,326,571,303,304,329,606
62,45,46,479,47,48,51,52,55,57,72,590,624,392,577,579,727,576,589,328,134,608,606
62,45,46,701,387,49,88,101,89,78,77,124,126,127,129,572,326,325,132,327,329,606
62,45,46,480,492,479,47,48,51,52,55,57,72,392,577,579,727,576,589,328,134,608,606
62,45,46,701,387,49,88,101,89,75,77,124,126,128,573,572,326,325,132,304,329,606
62,45,46,701,387,49,88,101,89,75,77,124,126,128,573,131,326,325,303,304,329,606
62,45,46,479,47,48,51,52,55,57,72,590,624,672,611,752,754,673,674,589,328,134,608,606
62,45,46,479,47,49,88,101,89,75,76,391,126,127,129,572,302,571,303,304,329,606
62,45,46,479,47,49,88,101,89,78,77,79,81,82,300,302,571,303,304,329,606
62,45,46,479,47,49,88,101,89,78,77,124,126,128,573,131,326,571,303,304,329,606
62,45,46,701,387,49,88,101,89,78,77,124,126,127,129,572,326,325,132,327,608,606
62,45,46,701,387,49,88,101,89,75,77,124,126,128,573,572,326,325,132,327,329,606
62,45,46,479,47,49,88,101,89,75,77,79,125,127,129,572,302,571,303,304,329,606
62,45,46,701,387,49,88,101,89,75,76,124,125,127,129,572,326,325,132,304,329,606
62,45,46,479,47,48,88,101,89,75,76,124,126,128,573,572,302,571,303,304,329,606
62,45,46,479,47,49,88,101,89,75,76,391,393,574,131,326,325,132,304,329,606
62,45,46,701,387,49,88,101,89,78,77,124,125,127,300,302,571,303,304,329,606
62,45,46,479,47,48,88,101,89,75,76,391,393,573,572,326,325,132,304,329,606
62,45,46,701,387,49,88,101,89,75,77,124,126,128,573,572,326,325,132,327,608,606
62,45,46,701,387,49,88,101,89,75,76,124,125,127,129,572,326,325,132,327,329,606
62,45,46,479,47,48,88,101,89,75,76,391,393,573,131,326,325,303,304,329,606
62,45,46,479,47,48,51,52,55,57,72,590,624,672,611,752,727,576,130,328,327,329,606
62,45,46,479,47,49,88,101,89,75,76,391,393,574,131,326,325,132,327,329,606
62,45,46,479,47,48,88,101,89,75,76,391,393,573,572,326,325,132,327,329,606
62,45,46,479,47,49,88,101,89,75,76,124,126,127,129,572,326,571,303,304,329,606
62,45,46,479,47,48,88,101,89,78,77,124,126,128,129,572,326,571,303,304,329,606
62,45,46,701,387,49,88,101,89,75,76,124,125,127,129,572,326,325,132,327,608,606
62,45,46,479,47,48,88,101,89,75,76,124,126,128,573,131,326,571,303,304,329,606
62,45,46,479,47,48,51,52,55,57,72,590,624,672,611,752,727,576,130,328,327,608,606
62,45,46,701,387,49,88,101,89,78,80,79,81,82,300,302,571,303,304,329,606
62,45,46,479,47,48,51,52,55,57,72,590,624,392,577,579,727,576,589,609,134,608,606
62,45,46,479,47,49,88,101,89,75,76,391,393,574,131,326,325,132,327,608,606
62,45,46,480,492,479,47,48,51,52,55,57,72,392,577,579,727,576,589,609,134,608,606
62,45,46,701,387,49,88,101,89,75,76,391,393,573,131,130,132,304,329,606
62,45,46,479,47,48,51,52,55,57,72,590,624,392,577,579,727,576,589,328,327,329,606
62,45,46,479,47,48,88,101,89,75,76,391,393,573,572,326,325,132,327,608,606
62,45,46,701,387,49,88,101,89,75,77,124,126,128,573,131,326,325,132,304,329,606
62,45,46,480,492,479,47,48,51,52,55,57,72,392,577,579,727,576,589,328,327,329,606
62,45,46,479,47,48,51,52,55,57,72,590,624,672,611,752,727,576,589,328,134,608,606
62,45,46,479,47,48,51,52,55,57,72,590,624,672,611,752,754,673,674,589,609,134,608,606
62,45,46,701,387,49,88,101,89,78,77,124,125,127,129,572,326,325,303,304,329,606
62,45,46,479,47,48,51,52,55,57,72,590,624,672,611,752,754,673,674,589,328,327,329,606
62,45,46,701,387,49,88,101,89,75,76,391,393,573,131,130,132,327,329,606
62,45,46,701,387,49,88,101,89,78,80,91,81,82,300,302,571,303,304,329,606
62,45,46,701,387,49,88,101,89,75,77,124,126,128,573,131,326,325,132,327,329,606
62,45,46,479,47,48,51,52,55,57,72,590,624,392,577,579,727,576,589,328,327,608,606
62,45,46,701,387,49,88,101,89,78,77,124,125,82,300,302,571,303,304,329,606
62,45,46,480,492,479,47,48,51,52,55,57,72,392,577,579,727,576,589,328,327,608,606
62,45,46,479,47,49,88,101,89,75,76,391,126,128,129,572,326,325,303,304,329,606
62,45,46,479,47,49,88,101,89,75,76,124,126,127,129,572,302,571,303,304,329,606
62,45,46,479,47,48,88,101,89,78,77,124,126,128,129,572,302,571,303,304,329,606
62,45,46,479,47,49,88,101,89,78,77,79,125,127,300,302,571,303,304,329,606
62,45,46,701,387,49,88,101,89,75,76,391,393,573,131,130,328,134,608,606
62,45,46,479,47,48,51,52,55,57,72,392,577,579,727,752,611,668,673,610,609,134,608,606
62,45,46,479,47,48,51,52,55,57,72,590,624,672,611,752,754,673,674,589,328,327,608,606
62,45,46,701,387,49,88,101,89,75,76,391,393,573,131,130,132,327,608,606
62,45,46,479,47,48,88,101,89,75,76,391,393,573,131,326,325,132,304,329,606
62,45,46,701,387,49,88,101,89,75,77,124,126,128,573,131,326,325,132,327,608,606
62,45,46,479,47,48,88,101,89,78,77,124,126,128,573,572,326,571,303,304,329,606
62,45,46,479,47,48,88,101,89,75,76,391,393,573,131,326,325,132,327,329,606
62,45,46,479,47,48,51,52,55,57,72,392,577,579,727,576,130,328,327,132,304,329,606
62,45,46,701,387,49,88,101,89,75,77,124,126,127,300,302,571,303,304,329,606
62,45,46,479,47,48,88,101,89,75,76,391,393,573,131,326,325,132,327,608,606
62,45,46,479,47,48,88,101,89,75,76,391,393,574,131,326,325,303,304,329,606
62,45,46,479,47,49,88,101,89,75,77,124,126,128,129,572,326,571,303,304,329,606
62,45,46,479,47,48,51,52,55,57,72,590,624,672,611,752,727,576,589,609,134,608,606
62,45,46,479,47,49,88,101,89,78,77,79,125,127,129,572,326,325,303,304,329,606
62,45,46,479,47,48,88,101,89,75,76,391,126,127,129,572,326,571,303,304,329,606
62,45,46,701,387,49,88,101,89,78,77,124,125,127,129,572,326,325,132,304,329,606
62,45,46,479,47,48,51,52,55,57,72,590,624,672,611,752,727,576,589,328,327,329,606
62,45,46,479,47,48,51,52,55,57,72,392,577,579,727,576,130,328,134,608,327,329,606
62,45,46,701,387,49,88,101,89,78,80,79,125,127,300,302,571,303,304,329,606
62,45,46,479,47,49,88,101,89,75,76,391,126,128,573,572,326,325,303,304,329,606
62,45,46,479,47,48,88,101,89,78,77,124,126,128,573,572,302,571,303,304,329,606
62,45,46,479,47,49,88,101,89,78,77,79,125,82,300,302,571,303,304,329,606
62,45,46,479,47,48,88,101,89,75,77,79,125,127,129,572,326,571,303,304,329,606
62,45,46,479,47,49,88,101,89,75,76,391,126,128,129,572,326,325,132,304,329,606
62,45,46,701,387,49,88,101,89,78,77,124,125,127,129,572,326,325,132,327,329,606
62,45,46,479,47,48,51,52,55,57,72,590,624,672,611,752,727,576,589,328,327,608,606
62,45,46,701,387,49,88,101,89,75,76,391,393,574,131,130,132,304,329,606
62,45,46,701,387,49,88,101,89,75,76,391,393,573,131,130,328,327,329,606
62,45,46,701,387,49,88,101,89,75,77,124,126,127,129,572,326,325,303,304,329,606
62,45,46,479,47,49,88,101,89,75,76,391,126,128,129,572,326,325,132,327,329,606
62,45,46,479,47,49,88,101,89,78,77,124,126,127,129,572,326,571,303,304,329,606
62,45,46,479,47,49,88,101,89,75,77,124,126,128,129,572,302,571,303,304,329,606
62,45,46,479,47,49,88,101,89,75,76,124,126,128,129,572,326,325,303,304,329,606
62,45,46,701,387,49,88,101,89,78,77,124,125,127,129,572,326,325,132,327,608,606
62,45,46,479,47,48,88,101,89,75,76,391,126,127,129,572,302,571,303,304,329,606
62,45,46,479,47,48,88,101,89,78,77,79,81,82,300,302,571,303,304,329,606
62,45,46,701,387,49,88,101,89,75,76,391,393,574,131,130,132,327,329,606
62,45,46,479,47,48,88,101,89,78,77,124,126,128,573,131,326,571,303,304,329,606
62,45,46,701,479,47,48,51,52,55,57,72,590,624,672,611,752,754,673,610,609,134,608,606
62,45,46,701,387,49,88,101,89,75,76,391,393,573,131,130,328,327,608,606
62,45,46,479,47,49,88,101,89,75,76,391,126,128,129,572,326,325,132,327,608,606
62,45,46,479,47,48,88,101,89,75,77,79,125,127,129,572,302,571,303,304,329,606
62,45,46,479,47,48,51,52,55,57,72,590,624,392,577,579,727,752,754,673,610,609,134,608,606
62,45,46,701,387,49,88,101,89,78,80,79,125,127,129,572,326,325,303,304,329,606
62,45,46,701,387,49,88,101,89,75,76,391,393,574,131,130,328,134,608,606
62,45,46,479,47,49,88,101,89,75,77,124,126,128,573,572,326,571,303,304,329,606
62,45,46,480,492,479,47,48,51,52,55,57,72,392,577,579,727,752,754,673,610,609,134,608,606
62,45,46,479,47,48,51,52,55,57,72,392,624,672,611,752,727,753,754,673,610,609,134,608,606
62,45,46,701,387,49,88,101,89,75,76,391,393,574,131,130,132,327,608,606
62,45,46,479,47,48,88,101,89,75,76,391,393,574,131,326,325,132,304,329,606
62,45,46,701,387,49,88,101,89,78,80,79,125,82,300,302,571,303,304,329,606
62,45,46,479,47,49,88,101,89,78,77,79,125,127,129,572,326,325,132,304,329,606
62,45,46,479,47,49,88,101,89,78,77,124,126,127,129,572,302,571,303,304,329,606
62,45,46,479,47,49,88,101,89,75,76,391,126,128,573,572,326,325,132,304,329,606
62,45,46,479,47,48,88,101,89,75,76,391,393,574,131,326,325,132,327,329,606
62,45,46,479,47,49,88,101,89,75,76,391,126,128,573,131,326,325,303,304,329,606
62,45,46,479,47,49,88,101,89,75,76,124,125,127,129,572,326,571,303,304,329,606
62,45,46,479,47,49,88,101,89,78,77,79,125,127,129,572,326,325,132,327,329,606
62,45,46,479,47,48,88,101,89,75,76,124,126,127,129,572,326,571,303,304,329,606
62,45,46,479,47,48,51,52,55,57,72,392,577,579,727,576,589,328,327,132,304,329,606
62,45,46,479,47,49,88,101,89,75,76,391,126,128,573,572,326,325,132,327,329,606
62,45,46,479,47,49,88,101,89,75,77,124,126,128,573,572,302,571,303,304,329,606
62,45,46,479,47,49,88,101,89,75,76,124,126,128,573,572,326,325,303,304,329,606
62,45,46,701,387,49,88,101,89,75,77,124,126,127,129,572,326,325,132,304,329,606
62,45,46,479,47,48,88,101,89,75,76,391,393,574,131,326,325,132,327,608,606
62,45,46,479,47,49,88,101,89,78,77,79,125,127,129,572,326,325,132,327,608,606
62,45,46,479,47,49,88,101,89,75,76,124,126,128,129,572,326,325,132,304,329,606
62,45,46,479,47,49,88,101,89,75,76,391,126,128,573,572,326,325,132,327,608,606
62,45,46,701,387,49,88,101,89,75,77,124,126,127,129,572,326,325,132,327,329,606
62,45,46,479,47,48,51,52,55,57,72,392,577,579,727,576,589,328,134,608,327,329,606
62,45,46,479,47,49,88,101,89,75,76,124,125,127,129,572,302,571,303,304,329,606
62,45,46,479,47,49,88,101,89,75,76,124,126,128,129,572,326,325,132,327,329,606
62,45,46,701,387,49,88,101,89,78,80,79,125,127,129,572,326,325,132,304,329,606
62,45,46,479,47,48,88,101,89,75,76,391,126,128,129,572,326,325,303,304,329,606
62,45,46,479,47,48,88,101,89,75,76,124,126,127,129,572,302,571,303,304,329,606
62,45,46,479,47,49,88,101,89,75,77,79,81,82,300,302,571,303,304,329,606
62,45,46,479,47,49,88,101,89,75,77,124,126,128,573,131,326,571,303,304,329,606
62,45,46,479,47,48,88,101,89,78,77,79,125,127,300,302,571,303,304,329,606
62,45,46,701,387,49,88,101,89,75,76,391,393,574,131,130,328,327,329,606
62,45,46,701,387,49,88,101,89,75,77,124,126,127,129,572,326,325,132,327,608,606
62,45,46,701,387,49,88,101,89,78,80,79,125,127,129,572,326,325,132,327,329,606
62,45,46,479,47,49,88,101,89,75,76,124,126,128,129,572,326,325,132,327,608,606
62,45,46,479,47,49,88,101,89,75,76,391,126,128,573,131,326,325,132,304,329,606
62,45,46,701,387,49,88,101,89,75,76,391,393,574,131,130,328,327,608,606
62,45,46,701,387,49,88,101,89,75,77,124,125,127,300,302,571,303,304,329,606
62,45,46,701,387,49,88,101,89,78,80,79,125,127,129,572,326,325,132,327,608,606
62,45,46,479,47,49,88,101,89,75,76,391,126,128,573,131,326,325,132,327,329,606
62,45,46,479,47,49,88,101,89,78,77,124,126,128,129,572,326,325,303,304,329,606
62,45,46,479,47,49,88,101,89,75,76,124,126,128,573,572,326,325,132,304,329,606
62,45,46,479,47,49,88,101,89,75,76,124,126,128,573,131,326,325,303,304,329,606
62,45,46,479,47,48,51,52,55,57,72,392,577,579,727,576,589,328,130,132,304,329,606
62,45,46,479,47,48,88,101,89,75,77,124,126,128,129,572,326,571,303,304,329,606
62,45,46,479,47,48,88,101,89,78,77,79,125,127,129,572,326,325,303,304,329,606
62,45,46,479,47,49,88,101,89,75,76,124,126,128,573,572,326,325,132,327,329,606
62,45,46,479,47,49,88,101,89,75,76,391,126,128,573,131,326,325,132,327,608,606
62,45,46,701,479,47,48,51,52,55,57,72,392,624,672,611,752,754,753,674,589,328,134,608,606
62,45,46,479,47,48,51,52,55,57,72,392,577,579,727,576,589,609,134,608,327,329,606
62,45,46,479,47,48,88,101,89,75,76,391,126,128,573,572,326,325,303,304,329,606
62,45,46,479,47,48,88,101,89,78,77,79,125,82,300,302,571,303,304,329,606
62,45,46,479,47,48,51,52,55,57,72,392,577,579,727,576,589,328,130,132,327,329,606
62,45,46,479,47,48,88,101,89,75,76,391,126,128,129,572,326,325,132,304,329,606
62,45,46,479,47,49,88,101,89,75,76,124,126,128,573,572,326,325,132,327,608,606
62,45,46,701,387,49,88,101,89,75,77,124,125,127,129,572,326,325,303,304,329,606
62,45,46,701,387,49,88,53,74,56,76,391,393,573,572,326,571,303,304,329,606
62,45,46,479,47,49,88,101,89,75,76,391,126,127,300,302,571,303,304,329,606
62,45,46,479,47,49,88,101,89,78,77,124,125,127,129,572,326,571,303,304,329,606
62,45,46,479,47,48,88,101,89,75,76,391,126,128,129,572,326,325,132,327,329,606
62,45,46,479,47,48,51,52,55,57,72,392,577,579,727,576,589,328,130,132,327,608,606
62,45,46,701,387,49,88,101,89,75,77,124,125,82,300,302,571,303,304,329,606
62,45,46,479,47,48,88,101,89,78,77,124,126,127,129,572,326,571,303,304,329,606
62,45,46,701,387,49,88,53,74,56,58,578,575,574,131,326,571,303,304,329,606
62,45,46,479,47,48,88,101,89,75,77,124,126,128,129,572,302,571,303,304,329,606
62,45,46,479,47,48,88,101,89,75,76,124,126,128,129,572,326,325,303,304,329,606
62,45,46,479,47,48,51,52,55,57,72,392,577,579,727,576,589,609,134,328,327,329,606
62,45,46,479,47,49,88,101,89,75,77,79,125,127,300,302,571,303,304,329,606
62,45,46,701,387,660,700,123,102,90,78,77,79,125,127,129,572,326,571,303,304,329,606
62,45,46,479,47,49,88,101,89,78,77,124,126,128,573,572,326,325,303,304,329,606
62,45,46,479,47,48,88,101,89,75,76,391,126,128,129,572,326,325,132,327,608,606
62,45,46,479,47,49,88,101,89,78,77,124,126,128,129,572,326,325,132,304,329,606
62,45,46,479,47,49,88,101,89,75,76,124,126,128,573,131,326,325,132,304,329,606
62,45,46,479,47,48,88,101,89,75,77,124,126,128,573,572,326,571,303,304,329,606
62,45,46,479,47,48,51,52,55,57,72,392,577,579,727,576,589,609,134,328,327,608,606
62,45,46,701,387,49,88,53,74,56,58,578,393,573,572,326,571,303,304,329,606
62,45,46,701,387,49,88,53,74,56,76,391,393,573,572,302,571,303,304,329,606
62,45,46,479,47,49,88,101,89,78,77,124,125,127,129,572,302,571,303,304,329,606
62,45,46,479,47,48,88,101,89,78,77,79,125,127,129,572,326,325,132,304,329,606
62,45,46,479,47,49,88,101,89,78,77,124,126,128,129,572,326,325,132,327,329,606
62,45,46,479,47,49,88,101,89,75,76,124,126,128,573,131,326,325,132,327,329,606
62,45,46,479,47,49,88,101,89,75,76,391,126,127,129,572,326,325,303,304,329,606
62,45,46,479,47,48,88,101,89,78,77,124,126,127,129,572,302,571,303,304,329,606
62,45,46,479,47,48,88,101,89,75,76,391,126,128,573,572,326,325,132,304,329,606
62,45,46,701,479,47,48,51,52,55,57,72,392,624,672,611,752,754,753,674,589,609,134,608,606
62,45,46,479,47,48,88,101,89,75,76,391,126,128,573,131,326,325,303,304,329,606
62,45,46,479,47,48,88,101,89,75,76,124,125,127,129,572,326,571,303,304,329,606
62,45,46,701,387,660,700,123,102,90,78,77,79,125,127,129,572,302,571,303,304,329,606
62,45,46,701,479,47,48,51,52,55,57,72,392,624,672,611,752,754,753,674,589,328,327,329,606
62,45,46,479,47,48,88,101,89,78,77,79,125,127,129,572,326,325,132,327,329,606
62,45,46,479,47,49,88,101,89,75,77,79,125,127,129,572,326,325,303,304,329,606
62,45,46,479,47,49,88,101,89,78,77,124,126,128,129,572,326,325,132,327,608,606
62,45,46,701,387,49,88,101,89,75,77,124,125,127,129,572,326,325,132,304,329,606
62,45,46,479,47,48,88,101,89,75,76,391,126,128,573,572,326,325,132,327,329,606
62,45,46,479,47,49,88,101,89,75,76,124,126,128,573,131,326,325,132,327,608,606
62,45,46,701,387,49,88,53,74,56,76,391,393,573,131,326,571,303,304,329,606
62,45,46,479,47,48,88,101,89,75,77,124,126,128,573,572,302,571,303,304,329,606
62,45,46,479,47,48,88,101,89,75,76,124,126,128,573,572,326,325,303,304,329,606
62,45,46,479,47,49,88,101,89,75,77,79,125,82,300,302,571,303,304,329,606
62,45,46,701,479,47,48,51,52,55,57,72,392,624,672,611,752,754,753,674,589,328,327,608,606
62,45,46,479,47,48,88,101,89,78,77,79,125,127,129,572,326,325,132,327,608,606
62,45,46,701,387,49,88,53,74,56,58,578,393,573,572,302,571,303,304,329,606
62,45,46,479,47,48,88,101,89,75,76,124,126,128,129,572,326,325,132,304,329,606
62,45,46,701,387,49,88,101,89,75,77,124,125,127,129,572,326,325,132,327,329,606
62,45,46,701,479,47,48,51,52,55,57,72,392,577,579,727,752,754,753,674,673,610,609,134,608,606
62,45,46,701,387,49,88,101,89,75,76,391,126,128,573,131,130,132,304,329,606
62,45,46,479,47,48,88,101,89,75,76,391,126,128,573,572,326,325,132,327,608,606
62,45,46,479,47,49,88,101,89,78,77,124,126,128,573,572,326,325,132,304,329,606
62,45,46,479,47,49,88,101,89,78,77,124,126,128,573,131,326,325,303,304,329,606
62,45,46,479,47,49,88,101,89,75,76,124,126,127,300,302,571,303,304,329,606
62,45,46,479,47,48,88,101,89,75,76,124,125,127,129,572,302,571,303,304,329,606
62,45,46,479,47,48,88,101,89,75,76,124,126,128,129,572,326,325,132,327,329,606
62,45,46,479,47,49,88,101,89,75,77,124,126,127,129,572,326,571,303,304,329,606
62,45,46,701,387,49,88,101,89,75,76,391,126,128,573,131,130,132,327,329,606
62,45,46,701,387,49,88,101,89,75,77,124,125,127,129,572,326,325,132,327,608,606
62,45,46,479,47,49,88,101,89,78,77,124,126,128,573,572,326,325,132,327,329,606
62,45,46,479,47,48,88,101,89,75,77,79,81,82,300,302,571,303,304,329,606
62,45,46,479,47,48,88,101,89,75,77,124,126,128,573,131,326,571,303,304,329,606
62,45,46,701,387,49,88,53,74,56,58,578,393,573,131,326,571,303,304,329,606
62,45,46,701,387,49,88,101,89,75,76,391,126,128,573,131,130,328,134,608,606
62,45,46,479,47,48,88,101,89,75,76,124,126,128,129,572,326,325,132,327,608,606
62,45,46,479,47,49,88,101,89,75,76,391,126,127,129,572,326,325,132,304,329,606
62,45,46,701,387,49,88,101,89,75,76,391,126,128,573,131,130,132,327,608,606
62,45,46,479,47,48,51,52,55,57,72,392,577,579,727,752,754,673,610,609,134,608,327,329,606
62,45,46,479,47,49,88,101,89,78,77,124,126,128,573,572,326,325,132,327,608,606
62,45,46,479,47,48,88,101,89,75,76,391,126,128,573,131,326,325,132,304,329,606
62,45,46,479,47,49,88,101,89,78,80,79,125,127,129,572,326,571,303,304,329,606
62,45,46,479,47,49,88,101,89,75,77,79,125,127,129,572,326,325,132,304,329,606
62,45,46,479,47,49,88,101,89,75,76,391,126,127,129,572,326,325,132,327,329,606
62,45,46,479,47,48,51,52,55,57,72,392,577,579,727,752,754,673,610,609,589,328,134,608,606
62,45,46,479,47,48,88,101,89,75,76,391,126,128,573,131,326,325,132,327,329,606
62,45,46,479,47,49,88,101,89,75,77,124,126,127,129,572,302,571,303,304,329,606
62,45,46,479,47,49,88,101,89,75,76,124,126,127,129,572,326,325,303,304,329,606
62,45,46,479,47,48,88,101,89,78,77,124,126,128,129,572,326,325,303,304,329,606
62,45,46,479,47,48,88,101,89,75,76,124,126,128,573,572,326,325,132,304,329,606
62,45,46,479,47,48,88,101,89,75,76,124,126,128,573,131,326,325,303,304,329,606
62,45,46,479,47,49,88,101,89,75,77,79,125,127,129,572,326,325,132,327,329,606
62,45,46,479,47,48,51,52,55,57,72,392,577,579,727,752,754,673,610,609,134,328,327,329,606
62,45,46,479,47,49,88,101,89,75,76,391,126,127,129,572,326,325,132,327,608,606
62,45,46,479,47,48,88,101,89,75,76,124,126,128,573,572,326,325,132,327,329,606
62,45,46,479,47,48,88,101,89,75,76,391,126,128,573,131,326,325,132,327,608,606
62,45,46,479,47,49,88,101,89,78,77,124,126,128,573,131,326,325,132,304,329,606
62,45,46,479,47,49,88,101,89,78,80,79,125,127,129,572,302,571,303,304,329,606
62,45,46,479,47,48,51,52,55,57,72,590,624,392,577,579,727,753,754,673,610,609,134,608,606
62,45,46,479,47,49,88,101,89,75,77,79,125,127,129,572,326,325,132,327,608,606
62,45,46,480,492,479,47,48,51,52,55,57,72,392,577,579,727,753,754,673,610,609,134,608,606
62,45,46,479,47,48,51,52,55,57,72,392,577,579,727,752,754,673,610,609,134,328,327,608,606
62,45,46,701,387,49,88,101,89,75,76,124,126,128,573,131,130,132,304,329,606
62,45,46,479,47,49,88,101,89,78,77,124,126,128,573,131,326,325,132,327,329,606
62,45,46,479,47,48,88,101,89,75,76,124,126,128,573,572,326,325,132,327,608,606
62,45,46,701,387,49,88,53,74,56,76,391,393,574,131,326,571,303,304,329,606
62,45,46,479,47,48,88,101,89,75,76,391,126,127,300,302,571,303,304,329,606
62,45,46,479,47,48,88,101,89,78,77,124,125,127,129,572,326,571,303,304,329,606
62,45,46,701,387,660,700,123,102,90,78,77,124,126,128,129,572,326,571,303,304,329,606
62,45,46,701,387,49,88,101,89,75,76,124,126,128,573,131,130,132,327,329,606
62,45,46,701,387,49,88,53,89,75,76,391,393,573,572,326,571,303,304,329,606
62,45,46,701,387,49,88,101,89,75,76,391,126,128,573,131,130,328,327,329,606
62,45,46,479,47,49,88,101,89,78,77,124,126,128,573,131,326,325,132,327,608,606
62,45,46,479,47,48,88,101,89,75,77,79,125,127,300,302,571,303,304,329,606
62,45,46,479,47,48,88,101,89,78,77,124,126,128,573,572,326,325,303,304,329,606
62,45,46,701,387,49,88,101,89,75,76,124,126,128,573,131,130,328,134,608,606
62,45,46,479,47,49,88,101,89,75,76,124,126,127,129,572,326,325,132,304,329,606
62,45,46,479,47,48,88,101,89,78,77,124,126,128,129,572,326,325,132,304,329,606
62,45,46,701,387,49,88,101,89,75,76,124,126,128,573,131,130,132,327,608,606
62,45,46,479,47,48,88,101,89,75,76,124,126,128,573,131,326,325,132,304,329,606
62,45,46,479,47,48,51,52,55,57,72,392,577,579,727,752,754,673,610,609,589,328,327,329,606
62,45,46,701,387,49,88,101,89,75,76,391,126,128,573,131,130,328,327,608,606
62,45,46,701,387,49,88,53,74,56,58,578,393,574,131,326,571,303,304,329,606
62,45,46,479,47,49,88,101,89,78,77,124,126,127,300,302,571,303,304,329,606
62,45,46,479,47,48,88,101,89,78,77,124,125,127,129,572,302,571,303,304,329,606
62,45,46,479,47,49,88,101,89,75,76,124,126,127,129,572,326,325,132,327,329,606
62,45,46,701,387,660,700,123,102,90,78,77,124,126,128,129,572,302,571,303,304,329,606
62,45,46,479,47,48,88,101,89,78,77,124,126,128,129,572,326,325,132,327,329,606
62,45,46,479,47,48,88,101,89,75,76,124,126,128,573,131,326,325,132,327,329,606
62,45,46,479,47,49,88,101,89,75,77,124,126,128,129,572,326,325,303,304,329,606
62,45,46,479,47,48,88,101,89,75,76,391,126,127,129,572,326,325,303,304,329,606
62,45,46,479,47,48,51,52,55,57,72,392,577,579,727,752,754,673,610,609,589,328,327,608,606
62,45,46,701,387,49,88,53,89,75,76,391,393,573,572,302,571,303,304,329,606
62,45,46,479,47,49,88,101,89,75,76,124,126,127,129,572,326,325,132,327,608,606
62,45,46,479,47,48,88,101,89,75,77,79,125,127,129,572,326,325,303,304,329,606
62,45,46,701,387,660,700,123,102,90,78,77,124,126,128,573,572,326,571,303,304,329,606
62,45,46,479,47,48,88,101,89,78,77,124,126,128,129,572,326,325,132,327,608,606
62,45,46,479,47,48,51,52,55,57,72,590,624,672,611,752,727,753,754,673,610,609,134,608,606
62,45,46,479,47,48,88,101,89,75,76,124,126,128,573,131,326,325,132,327,608,606
62,45,46,479,47,48,88,101,89,75,77,79,125,82,300,302,571,303,304,329,606
62,45,46,479,47,49,88,101,89,75,76,124,125,127,300,302,571,303,304,329,606
62,45,46,701,387,49,88,53,89,75,76,391,393,573,131,326,571,303,304,329,606
62,45,46,479,47,49,88,101,89,78,77,124,126,127,129,572,326,325,303,304,329,606
62,45,46,479,47,48,88,101,89,78,77,124,126,128,573,572,326,325,132,304,329,606
62,45,46,479,47,49,88,101,89,75,77,124,125,127,129,572,326,571,303,304,329,606
62,45,46,479,47,48,88,101,89,78,77,124,126,128,573,131,326,325,303,304,329,606
62,45,46,479,47,48,88,101,89,75,76,124,126,127,300,302,571,303,304,329,606
62,45,46,479,47,48,88,101,89,75,77,124,126,127,129,572,326,571,303,304,329,606
62,45,46,701,387,660,700,123,102,90,78,77,124,126,128,573,572,302,571,303,304,329,606
62,45,46,701,387,49,88,101,89,75,76,124,126,128,573,131,130,328,327,329,606
62,45,46,479,47,48,88,101,89,78,77,124,126,128,573,572,326,325,132,327,329,606
62,45,46,479,47,49,88,101,89,75,77,124,126,128,573,572,326,325,303,304,329,606
62,45,46,479,47,49,88,101,89,75,77,124,126,128,129,572,326,325,132,304,329,606
62,45,46,701,479,47,48,51,52,55,57,72,392,624,672,611,752,727,753,674,589,328,134,608,606
62,45,46,479,47,48,88,101,89,75,76,391,126,127,129,572,326,325,132,304,329,606
62,45,46,701,387,49,88,101,89,78,77,124,126,128,573,131,130,132,304,329,606
62,45,46,701,387,49,88,101,89,75,76,124,126,128,573,131,130,328,327,608,606
62,45,46,479,47,48,88,101,89,78,77,124,126,128,573,572,326,325,132,327,608,606
62,45,46,479,47,48,88,101,89,78,80,79,125,127,129,572,326,571,303,304,329,606
62,45,46,701,387,49,88,53,74,56,76,391,126,128,129,572,326,571,303,304,329,606
62,45,46,479,47,49,88,101,89,75,77,124,125,127,129,572,302,571,303,304,329,606
62,45,46,479,47,49,88,101,89,75,76,124,125,127,129,572,326,325,303,304,329,606
62,45,46,479,47,48,88,101,89,75,77,79,125,127,129,572,326,325,132,304,329,606
62,45,46,479,47,49,88,101,89,75,77,124,126,128,129,572,326,325,132,327,329,606
62,45,46,479,47,48,88,101,89,75,76,391,126,127,129,572,326,325,132,327,329,606
62,45,46,701,387,660,700,123,102,90,78,77,79,81,82,300,302,571,303,304,329,606
62,45,46,701,387,660,700,123,102,90,78,77,124,126,128,573,131,326,571,303,304,329,606
62,45,46,701,387,49,88,101,89,78,77,124,126,128,573,131,130,132,327,329,606
62,45,46,479,47,48,88,101,89,75,77,124,126,127,129,572,302,571,303,304,329,606
62,45,46,479,47,48,88,101,89,75,76,124,126,127,129,572,326,325,303,304,329,606
62,45,46,479,47,49,88,101,89,75,76,124,125,82,300,302,571,303,304,329,606
62,45,46,479,47,48,88,101,89,75,77,79,125,127,129,572,326,325,132,327,329,606
62,45,46,479,47,49,88,101,89,75,77,124,126,128,129,572,326,325,132,327,608,606
62,45,46,701,387,49,88,101,89,78,77,124,126,128,573,131,130,328,134,608,606
62,45,46,479,47,48,88,101,89,75,76,391,126,127,129,572,326,325,132,327,608,606
62,45,46,479,47,49,88,101,89,78,77,124,126,127,129,572,326,325,132,304,329,606
62,45,46,701,387,49,88,101,89,78,77,124,126,128,573,131,130,132,327,608,606
62,45,46,479,47,48,88,101,89,78,77,124,126,128,573,131,326,325,132,304,329,606
62,45,46,479,47,48,88,101,89,78,80,79,125,127,129,572,302,571,303,304,329,606
62,45,46,479,47,48,88,101,89,75,77,79,125,127,129,572,326,325,132,327,608,606
62,45,46,479,47,49,88,101,89,78,77,124,126,127,129,572,326,325,132,327,329,606
62,45,46,701,387,49,88,53,74,56,76,391,126,128,129,572,302,571,303,304,329,606
62,45,46,479,47,48,88,101,89,78,77,124,126,128,573,131,326,325,132,327,329,606
62,45,46,479,47,49,88,101,89,75,77,124,126,128,573,572,326,325,132,304,329,606
62,45,46,479,47,49,88,101,89,75,77,124,126,128,573,131,326,325,303,304,329,606
62,45,46,701,387,660,700,123,102,103,92,80,79,125,127,129,572,326,571,303,304,329,606
62,45,46,701,479,47,48,51,52,55,57,72,392,624,672,611,752,727,753,674,589,609,134,608,606
62,45,46,479,47,49,88,101,89,78,77,124,126,127,129,572,326,325,132,327,608,606
62,45,46,701,387,49,88,53,89,75,76,391,393,574,131,326,571,303,304,329,606
62,45,46,701,387,49,88,53,74,56,76,391,126,128,573,572,326,571,303,304,329,606
62,45,46,701,479,47,48,51,52,55,57,72,590,624,672,611,752,754,753,674,589,328,134,608,606
62,45,46,479,47,49,88,101,89,75,77,124,126,128,573,572,326,325,132,327,329,606
62,45,46,701,479,47,48,51,52,55,57,72,392,624,672,611,752,727,753,674,589,328,327,329,606
62,45,46,479,47,48,88,101,89,78,77,124,126,128,573,131,326,325,132,327,608,606
62,45,46,479,47,48,51,52,55,57,72,590,624,392,577,579,727,752,754,753,674,589,328,134,608,606
62,45,46,479,47,49,88,101,89,75,76,124,125,127,129,572,326,325,132,304,329,606
62,45,46,480,492,479,47,48,51,52,55,57,72,392,577,579,727,752,754,753,674,589,328,134,608,606
62,45,46,479,47,48,88,101,89,75,76,124,126,127,129,572,326,325,132,304,329,606
62,45,46,479,47,49,88,101,89,78,77,124,125,127,300,302,571,303,304,329,606
62,45,46,479,47,49,88,101,89,75,77,124,126,128,573,572,326,325,132,327,608,606
62,45,46,701,479,47,48,51,52,55,57,72,392,624,672,611,752,727,753,674,589,328,327,608,606
62,45,46,479,47,49,88,101,89,75,76,124,125,127,129,572,326,325,132,327,329,606
62,45,46,479,47,48,88,101,89,78,77,124,126,127,300,302,571,303,304,329,606
62,45,46,701,387,49,88,53,74,56,76,124,126,128,129,572,326,571,303,304,329,606
62,45,46,479,47,48,88,101,89,75,76,124,126,127,129,572,326,325,132,327,329,606
62,45,46,701,387,49,88,53,74,75,76,391,393,573,572,326,571,303,304,329,606
62,45,46,701,387,660,700,123,102,103,92,80,79,125,127,129,572,302,571,303,304,329,606
62,45,46,701,387,660,700,123,102,90,78,77,79,125,127,300,302,571,303,304,329,606
62,45,46,701,387,49,102,90,78,77,79,125,127,129,572,326,571,303,304,329,606
62,45,46,479,47,48,88,101,89,75,77,124,126,128,129,572,326,325,303,304,329,606
62,45,46,701,387,49,88,53,74,56,76,391,126,128,573,572,302,571,303,304,329,606
62,45,46,701,387,49,88,101,89,78,77,124,126,128,573,131,130,328,327,329,606
62,45,46,479,47,49,88,101,89,75,76,124,125,127,129,572,326,325,132,327,608,606
62,45,46,479,47,49,88,101,89,78,80,79,81,82,300,302,571,303,304,329,606
62,45,46,479,47,48,88,101,89,75,76,124,126,127,129,572,326,325,132,327,608,606
62,45,46,479,47,49,88,101,89,75,76,391,393,573,131,130,132,304,329,606
62,45,46,479,47,49,88,101,89,75,77,124,126,128,573,131,326,325,132,304,329,606
62,45,46,701,387,49,88,101,89,78,77,124,126,128,573,131,130,328,327,608,606
62,45,46,479,47,48,51,52,55,57,72,392,577,579,727,753,754,673,610,609,134,608,327,329,606
62,45,46,701,387,49,88,53,74,56,76,391,393,573,572,326,325,303,304,329,606
62,45,46,479,47,49,88,101,89,78,77,124,125,127,129,572,326,325,303,304,329,606
62,45,46,701,387,49,88,53,74,56,76,124,126,128,129,572,302,571,303,304,329,606
62,45,46,479,47,49,88,101,89,75,76,391,393,573,131,130,132,327,329,606
62,45,46,479,47,49,88,101,89,78,80,91,81,82,300,302,571,303,304,329,606
62,45,46,701,387,49,88,53,74,56,76,391,126,128,573,131,326,571,303,304,329,606
62,45,46,479,47,49,88,101,89,75,77,124,126,128,573,131,326,325,132,327,329,606
62,45,46,701,479,47,48,51,52,55,57,72,590,624,672,611,752,754,753,674,589,609,134,608,606
62,45,46,479,47,48,88,101,89,75,76,124,125,127,300,302,571,303,304,329,606
62,45,46,701,387,49,88,53,74,75,76,391,393,573,572,302,571,303,304,329,606
62,45,46,479,47,48,88,101,89,78,77,124,126,127,129,572,326,325,303,304,329,606
62,45,46,701,387,49,102,90,78,77,79,125,127,129,572,302,571,303,304,329,606
62,45,46,701,387,49,88,53,74,56,58,578,575,574,131,326,325,303,304,329,606
62,45,46,479,47,49,88,101,89,78,77,124,125,82,300,302,571,303,304,329,606
62,45,46,701,479,47,48,51,52,55,57,72,590,624,672,611,752,754,753,674,589,328,327,329,606
62,45,46,479,47,48,51,52,55,57,72,590,624,392,577,579,727,752,754,753,674,589,609,134,608,606
62,45,46,479,47,48,51,52,55,57,72,392,577,579,727,753,754,673,610,609,589,328,134,608,606
62,45,46,479,47,48,88,101,89,75,77,124,125,127,129,572,326,571,303,304,329,606
62,45,46,480,492,479,47,48,51,52,55,57,72,392,577,579,727,752,754,753,674,589,609,134,608,606
62,45,46,701,387,49,88,101,89,75,76,391,393,574,576,130,132,304,329,606
62,45,46,701,387,660,700,123,102,90,78,77,79,125,127,129,572,326,325,303,304,329,606
62,45,46,479,47,48,51,52,55,57,72,590,624,392,577,579,727,752,754,753,674,589,328,327,329,606
62,45,46,479,47,49,88,101,89,75,76,391,393,573,131,130,328,134,608,606
62,45,46,480,492,479,47,48,51,52,55,57,72,392,577,579,727,752,754,753,674,589,328,327,329,606
62,45,46,701,387,49,88,53,74,56,76,124,126,128,573,572,326,571,303,304,329,606
62,45,46,479,47,49,88,101,89,75,76,391,393,573,131,130,132,327,608,606
62,45,46,479,47,49,88,101,89,75,77,124,126,128,573,131,326,325,132,327,608,606
62,45,46,701,387,660,700,123,102,90,78,77,79,125,82,300,302,571,303,304,329,606
62,45,46,479,47,48,51,52,55,57,72,392,577,579,727,753,754,673,610,609,134,328,327,329,606
62,45,46,701,387,49,88,101,89,75,76,391,393,574,576,130,132,327,329,606
62,45,46,479,47,48,88,101,89,75,77,124,126,128,573,572,326,325,303,304,329,606
62,45,46,701,479,47,48,51,52,55,57,72,590,624,672,611,752,754,753,674,589,328,327,608,606
62,45,46,479,47,48,51,52,55,57,72,590,624,392,577,579,727,752,754,753,674,589,328,327,608,606
62,45,46,701,387,49,88,53,74,75,76,391,393,573,131,326,571,303,304,329,606
62,45,46,701,387,49,88,53,74,56,58,578,393,573,572,326,325,303,304,329,606
62,45,46,479,47,48,88,101,89,75,77,124,126,128,129,572,326,325,132,304,329,606
62,45,46,480,492,479,47,48,51,52,55,57,72,392,577,579,727,752,754,753,674,589,328,327,608,606
62,45,46,701,387,49,88,101,89,75,76,391,393,574,576,130,328,134,608,606
62,45,46,479,47,49,88,101,89,75,77,124,126,127,300,302,571,303,304,329,606
62,45,46,479,47,48,51,52,55,57,72,392,577,579,727,753,754,673,610,609,134,328,327,608,606
62,45,46,701,387,49,88,101,89,75,76,391,393,574,576,130,132,327,608,606
62,45,46,701,387,660,700,123,102,90,78,77,124,126,127,129,572,326,571,303,304,329,606
62,45,46,479,47,48,88,101,89,75,77,124,125,127,129,572,302,571,303,304,329,606
62,45,46,479,47,48,88,101,89,75,76,124,125,127,129,572,326,325,303,304,329,606
62,45,46,479,47,48,88,101,89,75,77,124,126,128,129,572,326,325,132,327,329,606
62,45,46,701,387,49,88,53,74,56,76,124,126,128,573,572,302,571,303,304,329,606
62,45,46,479,47,48,88,101,89,75,76,124,125,82,300,302,571,303,304,329,606
62,45,46,701,387,49,88,53,89,75,76,391,126,128,129,572,326,571,303,304,329,606
62,45,46,701,387,49,88,53,74,56,76,391,393,573,572,326,325,132,304,329,606
62,45,46,701,387,49,88,101,90,78,77,79,125,127,129,572,326,571,303,304,329,606
62,45,46,479,47,49,88,101,89,78,77,124,125,127,129,572,326,325,132,304,329,606
62,45,46,701,387,49,88,53,74,56,76,391,393,573,131,326,325,303,304,329,606
62,45,46,479,47,49,88,101,89,78,80,79,125,127,300,302,571,303,304,329,606
62,45,46,479,47,48,88,101,89,75,77,124,126,128,129,572,326,325,132,327,608,606
62,45,46,479,47,48,88,101,89,78,77,124,126,127,129,572,326,325,132,304,329,606
62,45,46,701,387,49,88,53,74,56,58,578,575,574,131,326,325,132,304,329,606
62,45,46,701,387,49,88,53,74,56,76,391,393,573,572,326,325,132,327,329,606
62,45,46,701,387,660,700,123,102,90,78,77,79,125,127,129,572,326,325,132,304,329,606
62,45,46,479,47,49,88,101,89,78,77,124,125,127,129,572,326,325,132,327,329,606
62,45,46,479,47,48,51,52,55,57,72,392,577,579,727,753,754,673,610,609,589,328,327,329,606
62,45,46,479,47,49,88,101,89,75,76,391,393,574,131,130,132,304,329,606
62,45,46,701,387,660,700,123,102,90,78,77,124,126,127,129,572,302,571,303,304,329,606
62,45,46,479,47,48,88,101,89,78,77,124,126,127,129,572,326,325,132,327,329,606
62,45,46,701,387,49,88,53,74,56,76,124,126,128,573,131,326,571,303,304,329,606
62,45,46,701,387,49,88,53,74,56,58,578,575,574,131,326,325,132,327,329,606
62,45,46,479,47,49,88,101,89,75,76,391,393,573,131,130,328,327,329,606
62,45,46,479,47,49,88,101,89,75,77,124,126,127,129,572,326,325,303,304,329,606
62,45,46,479,47,48,88,101,89,75,77,124,126,128,573,572,326,325,132,304,329,606
62,45,46,701,387,660,700,123,102,90,78,77,79,125,127,129,572,326,325,132,327,329,606
62,45,46,701,387,660,700,123,102,103,92,104,91,81,82,300,302,571,303,304,329,606
62,45,46,479,47,48,88,101,89,75,77,124,126,128,573,131,326,325,303,304,329,606
62,45,46,701,387,49,88,53,74,56,76,391,393,573,572,326,325,132,327,608,606
62,45,46,479,47,49,88,101,89,78,77,124,125,127,129,572,326,325,132,327,608,606
62,45,46,701,387,49,88,53,89,75,76,391,126,128,129,572,302,571,303,304,329,606
62,45,46,701,387,49,88,53,74,56,58,578,393,573,572,326,325,132,304,329,606
62,45,46,479,47,49,88,101,89,75,76,391,393,574,131,130,132,327,329,606
62,45,46,701,387,49,88,101,90,78,77,79,125,127,129,572,302,571,303,304,329,606
62,45,46,480,492,479,47,48,51,52,55,57,72,392,624,672,611,752,754,673,610,609,134,608,606
62,45,46,701,387,49,88,53,74,56,58,578,393,573,131,326,325,303,304,329,606
62,45,46,479,47,48,51,52,55,57,72,392,577,579,727,753,754,673,610,609,589,328,327,608,606
62,45,46,479,47,48,88,101,89,78,77,124,126,127,129,572,326,325,132,327,608,606
62,45,46,701,387,49,88,53,74,56,58,578,575,574,131,326,325,132,327,608,606
62,45,46,479,47,48,88,101,89,75,77,124,126,128,573,572,326,325,132,327,329,606
62,45,46,479,47,49,88,101,89,75,76,391,393,573,131,130,328,327,608,606
62,45,46,701,387,49,88,53,89,78,77,79,125,127,129,572,326,571,303,304,329,606
62,45,46,701,387,660,700,123,102,90,78,77,79,125,127,129,572,326,325,132,327,608,606
62,45,46,479,47,49,88,101,89,78,80,79,125,127,129,572,326,325,303,304,329,606
62,45,46,479,47,48,88,101,89,75,76,124,125,127,129,572,326,325,132,304,329,606
62,45,46,701,387,49,88,53,74,56,58,578,393,573,572,326,325,132,327,329,606
62,45,46,479,47,49,88,101,89,75,76,391,393,574,131,130,328,134,608,606
62,45,46,701,387,49,88,101,89,75,76,391,393,574,576,130,328,327,329,606
62,45,46,701,387,49,88,53,89,75,76,391,126,128,573,572,326,571,303,304,329,606
62,45,46,479,47,49,88,101,89,75,76,391,393,574,131,130,132,327,608,606
62,45,46,701,387,49,88,101,89,75,77,124,126,128,573,131,130,132,304,329,606
62,45,46,479,47,49,88,101,89,78,80,79,125,82,300,302,571,303,304,329,606
62,45,46,479,47,48,88,101,89,78,77,124,125,127,300,302,571,303,304,329,606
62,45,46,479,47,48,88,101,89,75,77,124,126,128,573,572,326,325,132,327,608,606
62,45,46,701,387,49,102,90,78,77,124,126,128,129,572,326,571,303,304,329,606
62,45,46,479,47,48,88,101,89,75,76,124,125,127,129,572,326,325,132,327,329,606
62,45,46,701,387,49,88,53,74,56,76,391,393,573,131,326,325,132,304,329,606
62,45,46,701,387,49,88,53,74,56,58,391,393,573,572,326,571,303,304,329,606
62,45,46,701,387,49,88,53,74,56,58,578,393,573,572,326,325,132,327,608,606
62,45,46,701,387,49,88,53,74,75,76,391,393,574,131,326,571,303,304,329,606
62,45,46,701,387,49,88,101,89,75,76,391,393,574,576,130,328,327,608,606
62,45,46,701,387,49,88,101,89,75,77,124,126,128,573,131,130,132,327,329,606
62,45,46,701,387,49,88,101,89,75,76,391,393,574,576,589,328,134,608,606
62,45,46,701,387,49,88,53,74,56,76,391,393,573,131,326,325,132,327,329,606
62,45,46,701,387,49,88,53,89,75,76,124,126,128,129,572,326,571,303,304,329,606
62,45,46,701,387,49,88,53,89,78,77,79,125,127,129,572,302,571,303,304,329,606
62,45,46,479,47,48,88,101,89,75,76,124,125,127,129,572,326,325,132,327,608,606
62,45,46,479,47,48,88,101,89,78,80,79,81,82,300,302,571,303,304,329,606
62,45,46,701,387,49,88,101,89,75,77,124,126,128,573,131,130,328,134,608,606
62,45,46,479,47,49,88,101,89,75,77,124,126,127,129,572,326,325,132,304,329,606
62,45,46,701,387,49,88,53,89,75,76,391,126,128,573,572,302,571,303,304,329,606
62,45,46,479,47,48,88,101,89,75,76,391,393,573,131,130,132,304,329,606
62,45,46,701,387,49,88,101,89,75,77,124,126,128,573,131,130,132,327,608,606
62,45,46,701,479,47,48,51,52,55,57,72,590,624,392,577,579,727,753,674,589,328,134,608,606
62,45,46,479,47,48,88,101,89,75,77,124,126,128,573,131,326,325,132,304,329,606
62,45,46,701,387,49,88,53,74,56,76,391,393,573,131,326,325,132,327,608,606
62,45,46,701,387,49,88,53,74,56,76,391,393,574,131,326,325,303,304,329,606
62,45,46,701,387,49,102,90,78,77,124,126,128,129,572,302,571,303,304,329,606
62,45,46,701,387,49,88,53,74,56,58,578,393,573,131,326,325,132,304,329,606
62,45,46,701,387,49,88,53,74,56,76,391,126,127,129,572,326,571,303,304,329,606
62,45,46,479,47,48,88,101,89,78,77,124,125,127,129,572,326,325,303,304,329,606
62,45,46,479,47,49,88,101,89,75,77,124,126,127,129,572,326,325,132,327,329,606
62,45,46,701,387,660,700,123,102,90,78,77,124,126,128,129,572,326,325,303,304,329,606
62,45,46,701,387,49,88,53,74,56,58,391,393,573,572,302,571,303,304,329,606
62,45,46,479,47,48,88,101,89,75,76,391,393,573,131,130,132,327,329,606
62,45,46,479,47,48,88,101,89,78,80,91,81,82,300,302,571,303,304,329,606
62,45,46,479,47,48,51,52,55,57,72,392,577,579,727,752,754,753,674,589,328,327,132,304,329,606
62,45,46,479,47,48,88,101,89,75,77,124,126,128,573,131,326,325,132,327,329,606
62,45,46,479,47,48,51,53,74,56,76,391,393,573,572,326,571,303,304,329,606
62,45,46,479,47,49,88,101,89,78,80,79,125,127,129,572,326,325,132,304,329,606
62,45,46,479,47,48,88,101,89,78,77,124,125,82,300,302,571,303,304,329,606
62,45,46,701,387,49,88,53,89,75,76,391,393,573,572,326,325,303,304,329,606
62,45,46,701,387,660,700,324,103,92,80,79,125,127,129,572,326,571,303,304,329,606
62,45,46,701,387,49,88,53,74,56,58,578,393,573,131,326,325,132,327,329,606
62,45,46,701,387,49,88,53,89,75,76,124,126,128,129,572,302,571,303,304,329,606
62,45,46,701,387,49,102,90,78,77,124,126,128,573,572,326,571,303,304,329,606
62,45,46,701,387,49,88,53,89,75,76,391,126,128,573,131,326,571,303,304,329,606
62,45,46,479,47,48,88,101,89,75,76,391,393,573,131,130,328,134,608,606
62,45,46,479,47,49,88,101,89,75,76,391,393,574,131,130,328,327,329,606
62,45,46,479,47,48,51,53,74,56,58,578,575,574,131,326,571,303,304,329,606
62,45,46,479,47,49,88,101,89,75,77,124,126,127,129,572,326,325,132,327,608,606
62,45,46,479,47,48,88,101,89,75,76,391,393,573,131,130,132,327,608,606
62,45,46,479,47,48,51,52,74,56,76,391,393,573,572,326,571,303,304,329,606
62,45,46,479,47,49,88,101,89,78,80,79,125,127,129,572,326,325,132,327,329,606
62,45,46,479,47,48,88,101,89,75,77,124,126,128,573,131,326,325,132,327,608,606
62,45,46,479,47,48,51,52,55,57,72,392,577,579,727,752,754,753,674,589,328,134,608,327,329,606
62,45,46,701,387,49,88,53,74,56,58,391,393,573,131,326,571,303,304,329,606
62,45,46,701,387,49,88,53,74,56,58,578,393,573,131,326,325,132,327,608,606
62,45,46,701,387,49,88,53,74,56,58,578,393,574,131,326,325,303,304,329,606
62,45,46,701,387,49,88,53,89,75,76,124,126,128,573,572,326,571,303,304,329,606
62,45,46,479,47,48,51,52,74,56,58,578,575,574,131,326,571,303,304,329,606
62,45,46,701,387,49,88,53,74,56,76,391,126,127,129,572,302,571,303,304,329,606
62,45,46,479,47,49,88,101,89,75,76,391,393,574,131,130,328,327,608,606
62,45,46,479,47,49,88,101,89,75,77,124,125,127,300,302,571,303,304,329,606
62,45,46,701,387,660,700,123,102,103,92,80,79,81,82,300,302,571,303,304,329,606
62,45,46,701,387,660,700,123,102,90,78,77,124,125,127,129,572,326,571,303,304,329,606
62,45,46,479,47,49,88,101,89,78,80,79,125,127,129,572,326,325,132,327,608,606
62,45,46,701,387,49,88,101,89,75,76,391,393,574,576,589,609,134,608,606
62,45,46,479,47,48,51,53,74,56,58,578,393,573,572,326,571,303,304,329,606
62,45,46,479,47,48,51,53,74,56,76,391,393,573,572,302,571,303,304,329,606
62,45,46,479,47,48,88,101,89,75,77,124,126,127,300,302,571,303,304,329,606
62,45,46,701,387,49,88,101,89,75,76,391,393,574,576,589,328,327,329,606
62,45,46,701,387,660,700,324,103,92,80,79,125,127,129,572,302,571,303,304,329,606
62,45,46,701,387,49,88,101,90,78,77,124,126,128,129,572,326,571,303,304,329,606
62,45,46,701,387,49,102,90,78,77,124,126,128,573,572,302,571,303,304,329,606
62,40,41,119,122,730,700,123,102,90,78,77,79,125,127,129,572,326,571,303,304,329,606
62,45,46,701,387,660,700,123,102,90,78,77,124,126,128,573,572,326,325,303,304,329,606
62,45,46,701,387,49,88,101,89,75,77,124,126,128,573,131,130,328,327,329,606
62,45,46,701,479,47,48,51,52,55,57,72,590,624,392,577,579,727,753,674,589,609,134,608,606
62,45,46,701,387,49,88,53,74,56,76,391,393,574,131,326,325,132,304,329,606
62,45,46,479,47,48,51,52,74,56,58,578,393,573,572,326,571,303,304,329,606
62,45,46,479,47,48,51,52,74,56,76,391,393,573,572,302,571,303,304,329,606
62,45,46,701,387,660,700,123,102,103,92,80,91,81,82,300,302,571,303,304,329,606
62,45,46,701,479,47,48,51,52,55,57,72,590,624,392,577,579,727,753,674,589,328,327,329,606
62,45,46,479,47,48,88,101,89,78,77,124,125,127,129,572,326,325,132,304,329,606
62,45,46,701,387,660,700,123,102,90,78,77,124,126,128,129,572,326,325,132,304,329,606
62,45,46,701,479,47,48,51,52,55,57,72,590,624,672,611,752,727,753,674,589,328,134,608,606
62,45,46,701,387,49,88,101,89,75,76,391,393,574,576,589,328,327,608,606
62,45,46,479,47,48,88,101,89,78,80,79,125,127,300,302,571,303,304,329,606
62,45,46,701,387,49,88,53,89,75,76,124,126,128,573,572,302,571,303,304,329,606
62,45,46,701,387,49,88,53,74,56,76,391,393,574,131,326,325,132,327,329,606
62,45,46,701,387,49,88,53,89,75,76,391,393,573,572,326,325,132,304,329,606
62,45,46,479,47,48,51,53,74,56,76,391,393,573,131,326,571,303,304,329,606
62,45,46,701,387,49,88,101,89,75,77,124,126,128,573,131,130,328,327,608,606
62,45,46,701,387,49,88,53,89,75,76,391,393,573,131,326,325,303,304,329,606
62,45,46,701,387,660,700,123,102,90,78,77,124,125,127,129,572,302,571,303,304,329,606
62,45,46,479,47,48,88,101,89,78,77,124,125,127,129,572,326,325,132,327,329,606
62,45,46,701,387,660,700,123,102,90,78,77,124,126,128,129,572,326,325,132,327,329,606
62,45,46,701,479,47,48,51,52,55,57,72,590,624,392,577,579,727,753,674,589,328,327,608,606
62,45,46,701,387,49,102,90,78,77,79,81,82,300,302,571,303,304,329,606
62,45,46,701,387,49,102,90,78,77,124,126,128,573,131,326,571,303,304,329,606
62,45,46,479,47,48,51,53,74,56,58,578,393,573,572,302,571,303,304,329,606
62,45,46,701,387,49,88,53,74,56,76,124,126,127,129,572,326,571,303,304,329,606
62,45,46,479,47,49,88,101,89,75,77,124,125,127,129,572,326,325,303,304,329,606
62,45,46,479,47,48,51,52,55,57,72,392,577,579,727,752,754,753,674,589,328,130,132,304,329,606
62,45,46,479,47,48,88,101,89,75,76,391,393,574,131,130,132,304,329,606
62,45,46,479,47,49,88,53,74,56,76,391,393,573,572,326,571,303,304,329,606
62,45,46,701,387,49,88,101,90,78,77,124,126,128,129,572,302,571,303,304,329,606
62,45,46,701,387,49,88,53,89,75,76,391,393,573,572,326,325,132,327,329,606
62,40,41,119,122,730,700,123,102,90,78,77,79,125,127,129,572,302,571,303,304,329,606
62,45,46,701,387,49,88,53,74,75,76,391,126,128,129,572,326,571,303,304,329,606
62,45,46,479,47,48,88,101,89,75,76,391,393,573,131,130,328,327,329,606
62,45,46,479,47,48,51,52,74,56,76,391,393,573,131,326,571,303,304,329,606
62,45,46,479,47,48,88,101,89,75,77,124,126,127,129,572,326,325,303,304,329,606
62,45,46,701,387,49,88,53,74,56,76,391,393,574,131,326,325,132,327,608,606
62,45,46,479,47,49,88,101,89,75,77,124,125,82,300,302,571,303,304,329,606
62,45,46,701,387,49,88,53,89,78,77,124,126,128,129,572,326,571,303,304,329,606
62,45,46,479,47,48,51,52,55,57,72,392,577,579,727,752,754,753,674,589,609,134,608,327,329,606
62,45,46,701,387,49,88,53,74,56,58,578,393,574,131,326,325,132,304,329,606
62,45,46,479,47,48,51,52,74,56,58,578,393,573,572,302,571,303,304,329,606
62,45,46,479,47,49,88,53,74,56,58,578,575,574,131,326,571,303,304,329,606
62,45,46,479,47,48,88,101,89,78,77,124,125,127,129,572,326,325,132,327,608,606
62,45,46,701,387,660,700,123,102,90,78,77,124,126,128,129,572,326,325,132,327,608,606
62,45,46,701,387,49,88,53,89,75,76,124,126,128,573,131,326,571,303,304,329,606
62,45,46,479,47,48,51,52,55,57,72,392,577,579,727,752,754,753,674,589,328,130,132,327,329,606
62,45,46,479,47,48,88,101,89,75,76,391,393,574,131,130,132,327,329,606
62,45,46,701,387,49,88,101,90,78,77,124,126,128,573,572,326,571,303,304,329,606
62,45,46,701,387,49,88,53,89,75,76,391,393,573,572,326,325,132,327,608,606
62,45,46,479,47,48,88,101,89,75,76,391,393,573,131,130,328,327,608,606
62,45,46,479,47,48,51,52,55,56,76,391,393,573,572,326,571,303,304,329,606
62,45,46,701,387,49,88,53,74,56,58,578,393,574,131,326,325,132,327,329,606
62,45,46,479,47,48,51,53,74,56,58,578,393,573,131,326,571,303,304,329,606
62,45,46,479,47,48,88,101,89,78,80,79,125,127,129,572,326,325,303,304,329,606
62,45,46,479,47,48,88,101,89,75,76,391,393,574,131,130,328,134,608,606
62,45,46,479,47,48,51,52,55,57,72,392,577,579,727,752,754,753,674,589,328,130,132,327,608,606
62,45,46,479,47,48,88,101,89,75,76,391,393,574,131,130,132,327,608,606
62,45,46,701,387,49,88,53,74,56,76,391,126,128,129,572,326,325,303,304,329,606
62,45,46,701,387,49,88,53,74,56,76,124,126,127,129,572,302,571,303,304,329,606
62,45,46,479,47,48,51,52,55,56,58,578,575,574,131,326,571,303,304,329,606
62,45,46,701,387,660,700,123,102,90,78,77,124,126,128,573,572,326,325,132,304,329,606
62,45,46,479,47,49,88,53,74,56,58,578,393,573,572,326,571,303,304,329,606
62,45,46,479,47,49,88,53,74,56,76,391,393,573,572,302,571,303,304,329,606
62,45,46,701,387,660,700,123,102,90,78,77,124,126,128,573,131,326,325,303,304,329,606
62,45,46,479,47,48,88,101,89,78,80,79,125,82,300,302,571,303,304,329,606
62,45,46,479,47,48,51,52,55,57,72,392,577,579,727,752,754,753,674,589,609,134,328,327,329,606
62,45,46,701,387,660,700,123,102,103,92,80,79,125,127,300,302,571,303,304,329,606
62,45,46,701,387,49,88,53,74,75,76,391,126,128,129,572,302,571,303,304,329,606
62,45,46,479,47,48,51,52,74,56,58,578,393,573,131,326,571,303,304,329,606
62,45,46,701,387,49,102,103,92,80,79,125,127,129,572,326,571,303,304,329,606
62,45,46,701,387,49,88,53,74,56,58,391,393,574,131,326,571,303,304,329,606
62,45,46,701,387,49,88,53,74,56,58,578,393,574,131,326,325,132,327,608,606
62,45,46,701,387,49,88,53,89,78,77,124,126,128,129,572,302,571,303,304,329,606
62,45,46,701,479,47,48,51,52,55,57,72,590,624,672,611,752,727,753,674,589,609,134,608,606
62,45,46,479,47,48,51,52,55,57,72,392,577,579,727,752,754,753,674,589,576,130,132,304,329,606
62,45,46,701,479,47,48,51,52,55,57,72,392,577,579,727,752,754,673,674,589,328,134,608,606
62,45,46,701,387,660,700,123,102,90,78,77,124,126,128,573,572,326,325,132,327,329,606
62,45,46,701,479,47,48,51,52,55,57,72,590,624,672,611,752,727,753,674,589,328,327,329,606
62,45,46,701,387,49,88,53,89,75,76,391,393,573,131,326,325,132,304,329,606
62,45,46,701,387,49,88,101,90,78,77,124,126,128,573,572,302,571,303,304,329,606
62,45,46,479,47,48,51,52,55,57,72,392,577,579,727,752,754,753,674,589,609,134,328,327,608,606
62,45,46,701,387,49,88,53,74,75,76,391,126,128,573,572,326,571,303,304,329,606
62,45,46,479,47,48,51,52,55,56,58,578,393,573,572,326,571,303,304,329,606
62,45,46,479,47,49,88,101,89,75,77,124,125,127,129,572,326,325,132,304,329,606
62,45,46,479,47,48,51,52,55,56,76,391,393,573,572,302,571,303,304,329,606
62,45,46,479,47,48,51,52,55,57,72,392,577,579,727,752,754,753,674,589,576,130,132,327,329,606
62,45,46,701,479,47,48,51,52,55,57,72,392,624,672,611,752,754,753,674,673,610,609,134,608,606
62,45,46,701,387,49,88,53,89,78,77,124,126,128,573,572,326,571,303,304,329,606
62,45,46,479,47,49,88,53,74,56,76,391,393,573,131,326,571,303,304,329,606
62,45,46,701,387,660,700,123,102,90,78,77,124,126,128,573,572,326,325,132,327,608,606
62,45,46,479,47,48,88,101,89,75,77,124,126,127,129,572,326,325,132,304,329,606
62,45,46,701,387,660,700,123,102,90,78,80,79,125,127,129,572,326,571,303,304,329,606
62,45,46,701,387,49,88,53,89,75,76,391,393,573,131,326,325,132,327,329,606
62,45,46,701,479,47,48,51,52,55,57,72,590,624,672,611,752,727,753,674,589,328,327,608,606
62,45,46,479,47,49,88,53,74,56,58,578,393,573,572,302,571,303,304,329,606
62,40,41,398,660,700,123,102,90,78,77,79,125,127,129,572,326,571,303,304,329,606
62,45,46,479,47,49,88,101,89,75,77,124,125,127,129,572,326,325,132,327,329,606
62,45,46,479,47,48,51,52,55,57,72,392,577,579,727,752,754,753,674,589,576,130,328,134,608,606
62,45,46,479,47,49,88,101,89,75,76,391,126,128,573,131,130,132,304,329,606
62,45,46,701,387,49,102,103,92,80,79,125,127,129,572,302,571,303,304,329,606
62,45,46,479,47,48,51,52,55,57,72,392,577,579,727,752,754,753,674,589,576,130,132,327,608,606
62,45,46,701,387,49,102,90,78,77,79,125,127,300,302,571,303,304,329,606
62,45,46,479,47,48,88,101,89,75,77,124,126,127,129,572,326,325,132,327,329,606
62,45,46,701,387,660,700,123,102,103,92,80,79,125,127,129,572,326,325,303,304,329,606
62,45,46,701,387,49,88,101,90,78,77,79,81,82,300,302,571,303,304,329,606
62,45,46,479,47,48,51,53,74,56,76,391,393,574,131,326,571,303,304,329,606
62,45,46,701,387,49,88,101,90,78,77,124,126,128,573,131,326,571,303,304,329,606
62,45,46,701,387,49,88,53,74,75,76,124,126,128,129,572,326,571,303,304,329,606
62,45,46,701,387,660,700,324,103,92,104,91,81,82,300,302,571,303,304,329,606
62,45,46,701,387,49,88,53,89,75,76,391,393,573,131,326,325,132,327,608,606
62,45,46,701,387,49,88,53,89,75,76,391,393,574,131,326,325,303,304,329,606
62,45,46,701,387,49,88,53,74,56,76,391,126,128,573,572,326,325,303,304,329,606
62,45,46,479,47,48,51,52,55,56,76,391,393,573,131,326,571,303,304,329,606
62,45,46,479,47,48,88,101,89,78,80,79,125,127,129,572,326,325,132,304,329,606
62,45,46,479,47,49,88,101,89,75,76,391,126,128,573,131,130,132,327,329,606
62,45,46,701,387,49,88,53,89,75,76,391,126,127,129,572,326,571,303,304,329,606
62,45,46,479,47,49,88,101,89,75,77,124,125,127,129,572,326,325,132,327,608,606
62,45,46,701,387,660,700,123,102,103,92,80,79,125,82,300,302,571,303,304,329,606
62,45,46,701,387,49,88,53,74,75,76,391,126,128,573,572,302,571,303,304,329,606
62,45,46,701,387,49,88,53,74,56,76,391,126,128,129,572,326,325,132,304,329,606
62,45,46,479,47,48,51,52,55,56,58,578,393,573,572,302,571,303,304,329,606
62,45,46,479,47,48,51,52,55,57,72,392,624,672,611,752,754,673,610,609,134,608,327,329,606
62,45,46,479,47,48,88,101,89,75,76,391,393,574,131,130,328,327,329,606
62,45,46,479,47,48,51,52,74,56,76,391,393,574,131,326,571,303,304,329,606
62,45,46,701,387,660,700,123,102,90,78,77,124,126,128,573,131,326,325,132,304,329,606
62,45,46,479,47,48,88,101,89,75,77,124,126,127,129,572,326,325,132,327,608,606
62,45,46,701,387,49,88,53,89,78,77,124,126,128,573,572,302,571,303,304,329,606
62,45,46,479,47,48,51,53,89,75,76,391,393,573,572,326,571,303,304,329,606
62,45,46,479,47,49,88,53,74,56,58,578,393,573,131,326,571,303,304,329,606
62,45,46,701,387,49,88,53,89,75,77,79,125,127,129,572,326,571,303,304,329,606
62,45,46,701,387,660,700,123,102,90,78,80,79,125,127,129,572,302,571,303,304,329,606
62,45,46,479,47,48,88,101,89,78,80,79,125,127,129,572,326,325,132,327,329,606
62,45,46,479,47,49,88,101,89,75,76,391,126,128,573,131,130,328,134,608,606
62,40,41,398,660,700,123,102,90,78,77,79,125,127,129,572,302,571,303,304,329,606
62,45,46,479,47,49,88,101,89,75,76,391,126,128,573,131,130,132,327,608,606
62,45,46,701,387,49,88,53,74,56,76,391,126,128,129,572,326,325,132,327,329,606
62,45,46,479,47,48,51,52,55,57,72,392,624,672,611,752,754,673,610,609,589,328,134,608,606
62,45,46,701,479,47,48,51,52,55,57,72,392,577,579,727,752,754,673,674,589,609,134,608,606
62,45,46,701,387,660,700,123,102,90,78,77,124,126,128,573,131,326,325,132,327,329,606
62,45,46,701,387,49,88,53,74,56,76,124,126,128,129,572,326,325,303,304,329,606
62,45,46,701,479,47,48,51,52,55,57,72,392,577,579,727,752,754,673,674,589,328,327,329,606
62,45,46,479,47,48,88,101,89,75,76,391,393,574,131,130,328,327,608,606
62,40,41,119,122,730,700,123,102,90,78,77,124,126,128,129,572,326,571,303,304,329,606
62,45,46,479,47,48,88,101,89,75,77,124,125,127,300,302,571,303,304,329,606
62,45,46,701,387,49,88,53,74,75,76,391,393,573,572,326,325,303,304,329,606
62,45,46,479,47,48,51,53,74,56,58,578,393,574,131,326,571,303,304,329,606
62,45,46,701,387,49,88,53,74,75,76,124,126,128,129,572,302,571,303,304,329,606
62,45,46,701,387,49,102,90,78,77,79,125,127,129,572,326,325,303,304,329,606
62,45,46,479,47,48,88,101,89,78,80,79,125,127,129,572,326,325,132,327,608,606
62,45,46,701,387,49,88,53,74,75,76,391,126,128,573,131,326,571,303,304,329,606
62,45,46,479,47,48,51,52,55,57,72,392,624,672,611,752,754,673,610,609,134,328,327,329,606
62,45,46,479,47,48,51,52,55,56,58,578,393,573,131,326,571,303,304,329,606
62,45,46,701,387,49,88,53,89,75,76,391,126,127,129,572,302,571,303,304,329,606
62,45,46,701,387,49,88,53,74,56,76,391,126,128,129,572,326,325,132,327,608,606
62,45,46,701,387,49,88,53,89,78,77,79,81,82,300,302,571,303,304,329,606
62,45,46,701,387,660,700,123,102,103,297,104,91,81,82,300,302,571,303,304,329,606
62,45,46,701,387,49,88,53,89,78,77,124,126,128,573,131,326,571,303,304,329,606
62,45,46,701,479,47,48,51,52,55,57,72,392,577,579,727,753,674,589,328,327,132,304,329,606
62,45,46,701,387,660,700,123,102,90,78,77,124,126,128,573,131,326,325,132,327,608,606
62,45,46,701,387,49,102,90,78,77,79,125,82,300,302,571,303,304,329,606
62,45,46,479,47,48,51,52,74,56,58,578,393,574,131,326,571,303,304,329,606
62,45,46,701,479,47,48,51,52,55,57,72,392,577,579,727,752,754,673,674,589,328,327,608,606
62,45,46,479,47,48,51,53,89,75,76,391,393,573,572,302,571,303,304,329,606
62,45,46,701,387,49,88,53,89,75,77,79,125,127,129,572,302,571,303,304,329,606
62,45,46,701,387,49,88,53,74,75,76,124,126,128,573,572,326,571,303,304,329,606
62,45,46,479,47,48,51,52,55,57,72,392,624,672,611,752,754,673,610,609,134,328,327,608,606
62,45,46,701,387,660,700,123,102,103,92,80,79,125,127,129,572,326,325,132,304,329,606
62,45,46,479,47,48,51,52,55,57,72,392,577,579,727,752,754,753,674,589,576,130,328,327,329,606
62,45,46,701,387,49,88,53,89,75,76,391,393,574,131,326,325,132,304,329,606
62,45,46,701,387,49,88,53,74,56,76,391,126,128,573,572,326,325,132,304,329,606
62,45,46,701,387,660,700,324,295,297,104,91,81,82,300,302,571,303,304,329,606
62,45,46,701,479,47,48,51,52,55,57,72,392,577,579,727,753,674,589,328,134,608,327,329,606
62,45,46,701,387,49,88,53,74,56,76,391,126,128,573,131,326,325,303,304,329,606
62,45,46,701,387,660,700,123,102,90,78,77,124,126,127,300,302,571,303,304,329,606
62,45,46,701,387,49,88,53,74,56,76,124,125,127,129,572,326,571,303,304,329,606
62,40,41,119,122,730,700,123,102,90,78,77,124,126,128,129,572,302,571,303,304,329,606
62,45,46,701,387,49,102,90,78,77,124,126,127,129,572,326,571,303,304,329,606
62,45,46,479,47,49,88,101,89,75,76,124,126,128,573,131,130,132,304,329,606
62,45,46,701,387,660,700,123,102,103,92,80,79,125,127,129,572,326,325,132,327,329,606
62,45,46,479,47,49,88,53,74,56,76,391,393,574,131,326,571,303,304,329,606
62,45,46,479,47,48,88,101,89,75,77,124,125,127,129,572,326,325,303,304,329,606
62,45,46,701,387,49,88,53,89,75,76,391,393,574,131,326,325,132,327,329,606
62,45,46,701,387,49,88,53,74,56,58,391,126,128,129,572,326,571,303,304,329,606
62,45,46,701,387,49,88,53,74,56,76,391,126,128,573,572,326,325,132,327,329,606
62,45,46,479,47,48,51,52,55,57,72,392,577,579,727,752,754,753,674,589,576,130,328,327,608,606
62,45,46,479,47,48,88,53,74,56,76,391,393,573,572,326,571,303,304,329,606
62,45,46,479,47,48,51,53,89,75,76,391,393,573,131,326,571,303,304,329,606
62,45,46,701,387,49,88,101,90,78,77,79,125,127,300,302,571,303,304,329,606
62,45,46,701,387,49,88,53,74,56,76,124,126,128,573,572,326,325,303,304,329,606
62,45,46,479,47,48,88,101,89,75,77,124,125,82,300,302,571,303,304,329,606
62,45,46,479,47,49,88,101,89,75,76,124,126,128,573,131,130,132,327,329,606
62,40,41,119,122,730,700,123,102,90,78,77,124,126,128,573,572,326,571,303,304,329,606
62,45,46,701,387,49,88,53,89,75,76,124,126,127,129,572,326,571,303,304,329,606
62,45,46,479,47,48,88,53,74,56,58,578,575,574,131,326,571,303,304,329,606
62,45,46,701,387,49,88,53,74,75,76,124,126,128,573,572,302,571,303,304,329,606
62,45,46,479,47,49,88,53,89,75,76,391,393,573,572,326,571,303,304,329,606
62,45,46,479,47,49,88,101,89,75,76,391,126,128,573,131,130,328,327,329,606
62,45,46,701,387,49,88,53,74,56,76,124,126,128,129,572,326,325,132,304,329,606
62,45,46,701,387,660,700,123,102,103,92,80,79,125,127,129,572,326,325,132,327,608,606
62,45,46,479,47,48,51,52,55,57,72,392,624,672,611,668,673,674,589,328,134,608,606
62,45,46,701,387,49,88,53,74,75,76,391,393,573,572,326,325,132,304,329,606
62,45,46,479,47,48,51,52,55,57,72,392,624,672,611,752,754,673,610,609,589,328,327,329,606
62,45,46,701,387,49,88,53,89,75,76,391,393,574,131,326,325,132,327,608,606
62,45,46,701,387,49,88,53,74,56,76,391,126,128,573,572,326,325,132,327,608,606
62,45,46,479,47,48,51,52,55,56,76,391,393,574,131,326,571,303,304,329,606
62,45,46,701,387,49,88,53,74,75,76,391,393,573,131,326,325,303,304,329,606
62,45,46,701,387,49,102,90,78,77,79,125,127,129,572,326,325,132,304,329,606
62,45,46,479,47,49,88,101,89,75,76,124,126,128,573,131,130,328,134,608,606
62,45,46,479,47,48,51,52,55,57,72,392,577,579,575,574,131,326,571,303,304,329,606
62,45,46,701,387,49,88,53,74,56,76,124,125,127,129,572,302,571,303,304,329,606
62,45,46,479,47,49,88,101,89,75,76,124,126,128,573,131,130,132,327,608,606
62,45,46,701,387,49,88,53,74,56,76,124,126,128,129,572,326,325,132,327,329,606
62,45,46,701,387,49,102,90,78,77,124,126,127,129,572,302,571,303,304,329,606
62,45,46,479,47,49,88,101,89,75,76,391,126,128,573,131,130,328,327,608,606
62,45,46,701,387,49,88,53,74,75,76,391,393,573,572,326,325,132,327,329,606
62,45,46,701,387,660,700,123,102,90,78,77,124,126,127,129,572,326,325,303,304,329,606
62,45,46,479,47,49,88,53,74,56,58,578,393,574,131,326,571,303,304,329,606
62,45,46,701,387,660,700,324,103,92,80,79,81,82,300,302,571,303,304,329,606
62,45,46,701,387,49,102,90,78,77,79,125,127,129,572,326,325,132,327,329,606
62,45,46,479,47,48,51,52,55,57,72,392,624,672,611,752,754,673,610,609,589,328,327,608,606
62,45,46,701,387,49,88,53,74,56,58,391,126,128,129,572,302,571,303,304,329,606
62,45,46,701,387,49,102,103,92,104,91,81,82,300,302,571,303,304,329,606
62,45,46,479,47,48,88,53,74,56,58,578,393,573,572,326,571,303,304,329,606
62,45,46,479,47,48,88,53,74,56,76,391,393,573,572,302,571,303,304,329,606
62,45,46,701,387,49,88,53,74,75,76,124,126,128,573,131,326,571,303,304,329,606
62,45,46,479,47,48,51,53,74,56,76,391,126,128,129,572,326,571,303,304,329,606
62,45,46,701,479,47,48,51,52,55,57,72,392,577,579,727,753,674,589,328,130,132,304,329,606
62,40,41,119,122,730,700,123,102,90,78,77,124,126,128,573,572,302,571,303,304,329,606
62,45,46,701,387,49,88,53,89,75,76,391,126,128,129,572,326,325,303,304,329,606
62,45,46,701,387,49,88,53,89,75,76,124,126,127,129,572,302,571,303,304,329,606
62,45,46,480,492,479,47,48,51,52,55,57,72,590,624,672,611,752,754,673,610,609,134,608,606
62,45,46,701,387,49,88,53,74,56,76,124,126,128,129,572,326,325,132,327,608,606
62,45,46,701,387,49,88,101,90,78,77,79,125,127,129,572,326,325,303,304,329,606
62,45,46,701,387,49,88,53,89,78,77,79,125,127,300,302,571,303,304,329,606
62,45,46,479,47,49,88,53,89,75,76,391,393,573,572,302,571,303,304,329,606
62,45,46,701,387,49,88,53,74,75,76,391,393,573,572,326,325,132,327,608,606
62,45,46,701,387,49,88,53,74,56,76,391,126,128,573,131,326,325,132,304,329,606
62,45,46,701,387,660,700,324,103,92,80,91,81,82,300,302,571,303,304,329,606
62,45,46,701,387,49,102,90,78,77,79,125,127,129,572,326,325,132,327,608,606
62,45,46,701,387,49,88,53,74,56,58,391,126,128,573,572,326,571,303,304,329,606
62,45,46,701,479,47,48,51,52,55,57,72,392,577,579,727,753,674,589,609,134,608,327,329,606
62,45,46,479,47,48,51,52,55,56,58,578,393,574,131,326,571,303,304,329,606
62,45,46,479,47,48,51,52,74,56,76,391,126,128,129,572,326,571,303,304,329,606
62,45,46,701,387,49,88,101,90,78,77,79,125,82,300,302,571,303,304,329,606
62,45,46,701,479,47,48,51,52,55,57,72,392,577,579,727,753,674,589,328,130,132,327,329,606
62,45,46,479,47,48,88,101,89,75,77,124,125,127,129,572,326,325,132,304,329,606
62,40,41,398,660,700,123,102,90,78,77,124,126,128,129,572,326,571,303,304,329,606
62,45,46,701,387,49,88,53,74,56,76,391,126,128,573,131,326,325,132,327,329,606
62,45,46,479,47,48,88,53,74,56,76,391,393,573,131,326,571,303,304,329,606
62,45,46,701,387,49,88,53,74,56,76,124,126,128,573,572,326,325,132,304,329,606
62,45,46,701,387,49,88,53,74,56,76,124,126,128,573,131,326,325,303,304,329,606
62,45,46,479,47,48,88,53,74,56,58,578,393,573,572,302,571,303,304,329,606
62,40,41,119,122,730,700,123,102,90,78,77,79,81,82,300,302,571,303,304,329,606
62,45,46,479,47,48,88,101,89,75,77,124,125,127,129,572,326,325,132,327,329,606
62,40,41,119,122,730,700,123,102,90,78,77,124,126,128,573,131,326,571,303,304,329,606
62,45,46,479,47,48,88,101,89,75,76,391,126,128,573,131,130,132,304,329,606
62,45,46,701,479,47,48,51,52,55,57,72,392,577,579,727,753,674,589,328,130,132,327,608,606
62,45,46,479,47,49,88,53,89,75,76,391,393,573,131,326,571,303,304,329,606
62,45,46,479,47,48,51,53,74,56,76,391,126,128,129,572,302,571,303,304,329,606
62,45,46,479,47,48,51,52,55,57,72,392,624,672,611,668,673,674,589,609,134,608,606
62,45,46,701,387,49,88,101,90,78,77,124,126,127,129,572,326,571,303,304,329,606
62,45,46,701,387,49,88,53,74,56,76,124,126,128,573,572,326,325,132,327,329,606
62,45,46,701,387,49,88,53,74,75,76,391,393,573,131,326,325,132,304,329,606
62,45,46,701,479,47,48,51,52,55,57,72,392,577,579,727,753,674,589,609,134,328,327,329,606
62,45,46,701,387,49,88,53,74,56,76,391,126,128,573,131,326,325,132,327,608,606
62,45,46,479,47,48,51,52,55,57,72,392,624,672,611,668,673,674,589,328,327,329,606
62,45,46,701,387,49,88,53,89,75,77,124,126,128,129,572,326,571,303,304,329,606
62,45,46,701,387,49,88,53,74,56,58,391,126,128,573,572,302,571,303,304,329,606
62,45,46,701,387,49,88,53,89,78,77,79,125,127,129,572,326,325,303,304,329,606
62,45,46,701,479,47,48,51,52,55,57,72,392,577,579,727,753,674,589,576,130,132,304,329,606
62,45,46,479,47,48,88,101,89,75,76,391,126,128,573,131,130,132,327,329,606
62,45,46,479,47,48,88,101,89,75,77,124,125,127,129,572,326,325,132,327,608,606
62,45,46,479,47,48,51,52,74,56,76,391,126,128,129,572,302,571,303,304,329,606
62,45,46,479,47,49,88,101,89,75,76,124,126,128,573,131,130,328,327,329,606
62,45,46,701,387,660,700,123,102,90,78,77,124,126,127,129,572,326,325,132,304,329,606
62,45,46,701,387,49,88,53,74,75,76,391,393,573,131,326,325,132,327,329,606
62,40,41,398,660,700,123,102,90,78,77,124,126,128,129,572,302,571,303,304,329,606
62,45,46,479,47,48,51,53,89,75,76,391,393,574,131,326,571,303,304,329,606
62,45,46,479,47,48,51,53,74,56,76,391,126,128,573,572,326,571,303,304,329,606
62,45,46,701,387,49,88,53,89,75,76,391,126,128,573,572,326,325,303,304,329,606
62,45,46,701,387,49,88,53,74,56,76,124,126,128,573,572,326,325,132,327,608,606
62,45,46,701,479,47,48,51,52,55,57,72,392,577,579,727,753,674,589,609,134,328,327,608,606
62,45,46,701,387,49,88,53,89,78,77,79,125,82,300,302,571,303,304,329,606
62,45,46,479,47,48,88,53,74,56,58,578,393,573,131,326,571,303,304,329,606
62,45,46,479,47,48,51,52,55,57,72,392,624,672,611,668,673,674,589,328,327,608,606
62,45,46,701,387,49,88,53,74,56,76,391,126,127,300,302,571,303,304,329,606
62,45,46,701,479,47,48,51,52,55,57,72,392,577,579,727,753,674,589,576,130,132,327,329,606
62,45,46,479,47,48,88,101,89,75,76,391,126,128,573,131,130,328,134,608,606
62,45,46,701,387,49,88,53,89,75,76,391,126,128,129,572,326,325,132,304,329,606
62,45,46,701,387,660,700,123,102,90,78,77,124,126,127,129,572,326,325,132,327,329,606
62,45,46,701,387,49,88,101,90,78,77,79,125,127,129,572,326,325,132,304,329,606
62,45,46,701,387,49,102,90,78,77,124,126,128,129,572,326,325,303,304,329,606
62,45,46,479,47,48,88,101,89,75,76,391,126,128,573,131,130,132,327,608,606
62,45,46,479,47,49,88,101,89,78,77,124,126,128,573,131,130,132,304,329,606
62,45,46,479,47,48,51,52,74,56,76,391,126,128,573,572,326,571,303,304,329,606
62,45,46,479,47,49,88,101,89,75,76,124,126,128,573,131,130,328,327,608,606
62,45,46,479,47,48,51,52,55,57,58,578,575,574,131,326,571,303,304,329,606
62,40,41,398,660,700,123,102,90,78,77,124,126,128,573,572,326,571,303,304,329,606
62,45,46,701,387,49,88,53,74,75,76,391,393,573,131,326,325,132,327,608,606
62,45,46,701,387,49,88,53,74,56,58,391,393,573,572,326,325,303,304,329,606
62,45,46,701,387,49,88,53,74,75,76,391,393,574,131,326,325,303,304,329,606
62,45,46,701,387,49,88,101,90,78,77,124,126,127,129,572,302,571,303,304,329,606
62,45,46,701,387,660,700,324,103,92,80,79,125,127,300,302,571,303,304,329,606
62,45,46,479,47,49,88,53,74,56,76,391,126,128,129,572,326,571,303,304,329,606
62,45,46,701,387,49,88,53,74,75,76,391,126,127,129,572,326,571,303,304,329,606
62,40,41,119,122,730,700,123,102,103,92,80,79,125,127,129,572,326,571,303,304,329,606
62,45,46,701,387,49,88,53,74,56,58,391,126,128,573,131,326,571,303,304,329,606
62,45,46,701,479,47,48,51,52,55,57,72,392,577,579,727,753,674,589,576,130,328,134,608,606
62,45,46,701,387,49,88,53,89,75,76,391,126,128,129,572,326,325,132,327,329,606
62,45,46,701,387,49,88,101,90,78,77,79,125,127,129,572,326,325,132,327,329,606
62,45,46,701,479,47,48,51,52,55,57,72,392,577,579,727,753,674,589,576,130,132,327,608,606
62,45,46,479,47,48,51,53,74,56,76,124,126,128,129,572,326,571,303,304,329,606
62,45,46,479,47,49,88,101,89,78,77,124,126,128,573,131,130,132,327,329,606
62,45,46,701,387,49,88,53,89,78,77,124,126,127,129,572,326,571,303,304,329,606
62,45,46,701,387,49,88,53,89,75,77,124,126,128,129,572,302,571,303,304,329,606
62,45,46,701,387,49,88,53,89,75,76,124,126,128,129,572,326,325,303,304,329,606
62,45,46,701,387,660,700,123,102,90,78,77,124,126,127,129,572,326,325,132,327,608,606
62,45,46,479,47,48,51,53,74,75,76,391,393,573,572,326,571,303,304,329,606
62,45,46,701,387,49,88,53,74,75,77,79,125,127,129,572,326,571,303,304,329,606
62,45,46,701,387,49,88,53,74,56,76,124,126,128,573,131,326,325,132,304,329,606
62,45,46,479,47,48,51,53,74,56,76,391,126,128,573,572,302,571,303,304,329,606
62,45,46,479,47,48,51,52,74,56,76,124,126,128,129,572,326,571,303,304,329,606
62,45,46,479,47,49,88,101,89,78,77,124,126,128,573,131,130,328,134,608,606
62,45,46,479,47,48,51,52,55,57,58,578,393,573,572,326,571,303,304,329,606
62,45,46,701,387,49,88,53,89,75,76,391,126,128,129,572,326,325,132,327,608,606
62,45,46,479,47,48,51,52,55,56,76,391,126,128,129,572,326,571,303,304,329,606
62,45,46,701,387,49,88,101,90,78,77,79,125,127,129,572,326,325,132,327,608,606
62,45,46,479,47,48,51,52,74,75,76,391,393,573,572,326,571,303,304,329,606
62,45,46,479,47,49,88,101,89,78,77,124,126,128,573,131,130,132,327,608,606
62,45,46,701,387,49,88,53,89,75,77,124,126,128,573,572,326,571,303,304,329,606
62,45,46,701,387,660,700,123,102,90,78,77,124,125,127,300,302,571,303,304,329,606
62,45,46,701,387,49,88,53,74,56,76,124,126,128,573,131,326,325,132,327,329,606
62,45,46,479,47,48,51,52,74,56,76,391,126,128,573,572,302,571,303,304,329,606
62,45,46,701,387,49,102,103,92,80,79,81,82,300,302,571,303,304,329,606
62,45,46,701,387,49,88,53,74,56,76,391,126,127,129,572,326,325,303,304,329,606
62,45,46,701,387,49,102,90,78,77,124,125,127,129,572,326,571,303,304,329,606
62,40,41,398,660,700,123,102,90,78,77,124,126,128,573,572,302,571,303,304,329,606
62,45,46,701,387,49,88,53,89,78,77,79,125,127,129,572,326,325,132,304,329,606
62,45,46,479,47,49,88,53,74,56,76,391,126,128,129,572,302,571,303,304,329,606
62,45,46,701,387,49,88,53,74,75,76,391,126,127,129,572,302,571,303,304,329,606
62,40,41,119,122,730,700,123,102,103,92,80,79,125,127,129,572,302,571,303,304,329,606
62,40,41,119,122,730,700,123,102,90,78,77,79,125,127,300,302,571,303,304,329,606
62,45,46,479,47,48,51,53,74,56,76,391,393,573,572,326,325,303,304,329,606
62,45,46,479,47,48,88,101,89,75,76,124,126,128,573,131,130,132,304,329,606
62,45,46,701,387,660,700,324,103,92,80,79,125,127,129,572,326,325,303,304,329,606
62,45,46,479,47,48,51,53,74,56,76,124,126,128,129,572,302,571,303,304,329,606
62,45,46,701,387,49,88,53,89,78,77,124,126,127,129,572,302,571,303,304,329,606
62,45,46,479,47,48,88,53,74,56,76,391,393,574,131,326,571,303,304,329,606
62,45,46,701,387,49,88,53,89,75,76,391,126,128,573,572,326,325,132,304,329,606
62,45,46,479,47,48,51,53,74,56,76,391,126,128,573,131,326,571,303,304,329,606
62,45,46,701,387,49,102,90,78,77,124,126,128,573,572,326,325,303,304,329,606
62,45,46,479,47,48,51,53,74,75,76,391,393,573,572,302,571,303,304,329,606
62,45,46,701,387,49,88,53,89,75,76,391,126,128,573,131,326,325,303,304,329,606
62,45,46,701,387,49,88,53,74,56,76,124,126,128,573,131,326,325,132,327,608,606
62,45,46,701,387,49,88,53,89,75,76,124,125,127,129,572,326,571,303,304,329,606
62,45,46,701,387,49,102,103,92,80,91,81,82,300,302,571,303,304,329,606
62,45,46,701,387,49,88,53,74,75,77,79,125,127,129,572,302,571,303,304,329,606
62,45,46,701,387,49,88,53,89,78,77,79,125,127,129,572,326,325,132,327,329,606
62,45,46,479,47,48,51,53,74,56,58,578,575,574,131,326,325,303,304,329,606
62,45,46,480,492,479,47,48,51,52,55,57,72,392,624,672,611,752,754,753,674,589,328,134,608,606
62,45,46,701,387,660,700,324,103,92,80,79,125,82,300,302,571,303,304,329,606
62,45,46,701,479,47,48,51,52,55,57,72,392,577,579,727,753,754,673,674,589,328,134,608,606
62,45,46,701,387,49,102,90,78,77,124,126,128,129,572,326,325,132,304,329,606
62,45,46,479,47,48,51,52,74,56,76,391,393,573,572,326,325,303,304,329,606
62,45,46,479,47,49,88,53,89,75,76,391,393,574,131,326,571,303,304,329,606
62,45,46,479,47,49,88,53,74,56,76,391,126,128,573,572,326,571,303,304,329,606
62,45,46,479,47,48,88,101,89,75,76,124,126,128,573,131,130,132,327,329,606
62,45,46,701,387,660,700,123,102,90,78,80,79,81,82,300,302,571,303,304,329,606
62,45,46,479,47,48,51,52,74,56,76,124,126,128,129,572,302,571,303,304,329,606
62,45,46,479,47,48,51,52,55,57,58,578,393,573,572,302,571,303,304,329,606
62,45,46,701,387,49,88,53,89,75,76,391,126,128,573,572,326,325,132,327,329,606
62,45,46,479,47,48,88,53,89,75,76,391,393,573,572,326,571,303,304,329,606
62,45,46,479,47,48,88,101,89,75,76,391,126,128,573,131,130,328,327,329,606
62,45,46,479,47,48,51,52,74,56,76,391,126,128,573,131,326,571,303,304,329,606
62,45,46,701,387,49,88,53,74,56,58,391,393,573,572,326,325,132,304,329,606
62,45,46,701,387,49,88,53,74,75,76,391,393,574,131,326,325,132,304,329,606
62,45,46,479,47,48,51,52,55,56,76,391,126,128,129,572,302,571,303,304,329,606
62,45,46,479,47,48,51,53,74,56,76,124,126,128,573,572,326,571,303,304,329,606
62,45,46,479,47,48,51,52,74,75,76,391,393,573,572,302,571,303,304,329,606
62,40,41,398,660,700,123,102,90,78,77,79,81,82,300,302,571,303,304,329,606
62,40,41,398,660,700,123,102,90,78,77,124,126,128,573,131,326,571,303,304,329,606
62,45,46,701,387,49,88,53,74,56,58,391,393,573,131,326,325,303,304,329,606
62,45,46,701,387,49,88,53,89,75,77,124,126,128,573,572,302,571,303,304,329,606
62,45,46,701,387,49,88,53,89,75,76,124,126,128,573,572,326,325,303,304,329,606
62,45,46,479,47,48,51,52,74,56,58,578,575,574,131,326,325,303,304,329,606
62,45,46,701,387,49,102,90,78,77,124,125,127,129,572,302,571,303,304,329,606
62,45,46,701,387,49,102,90,78,77,124,126,128,129,572,326,325,132,327,329,606
62,45,46,701,387,49,88,53,89,78,77,79,125,127,129,572,326,325,132,327,608,606
62,45,46,701,387,49,88,53,74,56,76,124,126,127,300,302,571,303,304,329,606
62,45,46,701,479,47,48,51,52,55,57,72,392,624,672,611,752,727,753,674,673,610,609,134,608,606
62,45,46,479,47,48,88,101,89,75,76,124,126,128,573,131,130,328,134,608,606
62,45,46,701,387,49,88,53,89,75,76,124,126,128,129,572,326,325,132,304,329,606
62,45,46,701,479,47,48,51,52,55,57,72,392,624,672,611,668,673,610,609,134,608,606
62,45,46,701,387,660,700,123,102,90,78,77,124,125,127,129,572,326,325,303,304,329,606
62,45,46,701,479,47,48,51,52,55,57,72,392,577,579,727,753,674,589,576,130,328,327,329,606
62,45,46,701,387,49,88,53,74,56,58,391,393,573,572,326,325,132,327,329,606
62,45,46,479,47,48,88,101,89,75,76,124,126,128,573,131,130,132,327,608,606
62,45,46,701,387,49,88,53,74,75,76,391,393,574,131,326,325,132,327,329,606
62,45,46,701,387,660,700,123,102,90,78,80,91,81,82,300,302,571,303,304,329,606
62,45,46,479,47,48,51,52,74,56,76,124,126,128,573,572,326,571,303,304,329,606
62,45,46,479,47,48,51,53,74,75,76,391,393,573,131,326,571,303,304,329,606
62,45,46,479,47,48,51,53,74,56,58,578,393,573,572,326,325,303,304,329,606
62,45,46,701,387,49,88,53,89,75,76,391,126,128,573,572,326,325,132,327,608,606
62,45,46,479,47,48,88,101,89,75,76,391,126,128,573,131,130,328,327,608,606
62,45,46,479,47,48,51,52,55,56,76,391,126,128,573,572,326,571,303,304,329,606
62,45,46,479,47,48,88,53,74,56,58,578,393,574,131,326,571,303,304,329,606
62,45,46,701,387,49,88,101,90,78,77,124,126,128,129,572,326,325,303,304,329,606
62,45,46,701,387,660,700,123,102,90,78,77,124,125,82,300,302,571,303,304,329,606
62,45,46,479,47,49,88,53,74,56,76,124,126,128,129,572,326,571,303,304,329,606
62,40,41,119,122,730,700,123,102,90,78,77,79,125,127,129,572,326,325,303,304,329,606
62,45,46,701,387,49,88,53,74,75,76,124,126,127,129,572,326,571,303,304,329,606
62,45,46,701,387,49,88,53,89,75,76,124,125,127,129,572,302,571,303,304,329,606
62,45,46,701,387,49,88,53,89,75,76,124,126,128,129,572,326,325,132,327,329,606
62,45,46,479,47,49,88,53,74,75,76,391,393,573,572,326,571,303,304,329,606
62,45,46,701,387,49,102,90,78,77,124,126,128,129,572,326,325,132,327,608,606
62,45,46,479,47,48,51,52,55,57,58,578,393,573,131,326,571,303,304,329,606
62,45,46,701,387,660,700,324,103,297,104,91,81,82,300,302,571,303,304,329,606
62,45,46,479,47,49,102,90,78,77,79,125,127,129,572,326,571,303,304,329,606
62,45,46,479,47,48,51,52,74,75,76,391,393,573,131,326,571,303,304,329,606
62,45,46,479,47,48,51,52,74,56,58,578,393,573,572,326,325,303,304,329,606
62,45,46,479,47,49,88,53,74,56,76,391,126,128,573,572,302,571,303,304,329,606
62,45,46,701,479,47,48,51,52,55,57,72,392,577,579,727,753,674,589,576,130,328,327,608,606
62,45,46,701,387,49,88,53,74,56,58,391,393,573,572,326,325,132,327,608,606
62,45,46,479,47,49,88,101,89,78,77,124,126,128,573,131,130,328,327,329,606
62,45,46,701,387,49,88,53,89,75,77,79,81,82,300,302,571,303,304,329,606
62,45,46,701,387,49,88,53,74,75,76,391,393,574,131,326,325,132,327,608,606
62,45,46,701,387,49,88,53,89,75,77,124,126,128,573,131,326,571,303,304,329,606
62,40,41,119,122,730,700,123,102,90,78,77,79,125,82,300,302,571,303,304,329,606
62,45,46,701,387,49,88,53,74,56,76,391,126,127,129,572,326,325,132,304,329,606
62,45,46,479,47,48,88,53,89,75,76,391,393,573,572,302,571,303,304,329,606
62,45,46,479,47,48,51,53,74,56,76,124,126,128,573,572,302,571,303,304,329,606
62,45,46,479,47,48,51,53,89,75,76,391,126,128,129,572,326,571,303,304,329,606
62,45,46,479,47,48,51,53,74,56,76,391,393,573,572,326,325,132,304,329,606
62,45,46,701,387,49,88,53,89,75,76,124,126,128,129,572,326,325,132,327,608,606
62,45,46,701,387,660,700,324,103,92,80,79,125,127,129,572,326,325,132,304,329,606
62,45,46,479,47,48,51,53,74,56,76,391,393,573,131,326,325,303,304,329,606
62,45,46,479,47,48,51,52,55,56,76,124,126,128,129,572,326,571,303,304,329,606
62,45,46,701,387,49,88,53,74,56,76,391,126,127,129,572,326,325,132,327,329,606
62,40,41,398,660,700,123,102,103,92,80,79,125,127,129,572,326,571,303,304,329,606
62,45,46,701,387,49,102,90,78,77,124,126,128,573,572,326,325,132,304,329,606
62,45,46,701,387,49,88,53,89,75,76,391,126,128,573,131,326,325,132,304,329,606
62,45,46,479,47,49,88,101,89,78,77,124,126,128,573,131,130,328,327,608,606
62,45,46,479,47,48,51,52,74,56,76,124,126,128,573,572,302,571,303,304,329,606
62,45,46,701,387,49,102,90,78,77,124,126,128,573,131,326,325,303,304,329,606
62,45,46,701,387,49,88,53,74,56,76,124,126,127,129,572,326,325,303,304,329,606
62,45,46,479,47,48,51,53,74,56,58,578,575,574,131,326,325,132,304,329,606
62,45,46,701,387,49,102,103,92,80,79,125,127,300,302,571,303,304,329,606
62,45,46,479,47,48,51,52,55,56,76,391,126,128,573,572,302,571,303,304,329,606
62,45,46,479,47,49,88,53,74,56,76,391,393,573,572,326,325,303,304,329,606
62,40,41,119,122,730,700,123,102,90,78,77,124,126,127,129,572,326,571,303,304,329,606
62,45,46,479,47,48,51,53,74,56,76,391,393,573,572,326,325,132,327,329,606
62,45,46,479,47,48,51,52,74,56,76,391,393,573,572,326,325,132,304,329,606
62,45,46,480,492,479,47,48,51,52,55,57,72,392,624,672,611,752,754,753,674,589,609,134,608,606
62,45,46,701,479,47,48,51,52,55,57,72,392,577,579,727,753,754,673,674,589,609,134,608,606
62,45,46,479,47,49,88,53,74,56,76,124,126,128,129,572,302,571,303,304,329,606
62,45,46,701,387,660,700,324,103,92,80,79,125,127,129,572,326,325,132,327,329,606
62,45,46,701,387,49,88,53,74,75,76,391,126,128,129,572,326,325,303,304,329,606
62,45,46,701,387,49,88,53,74,75,76,124,126,127,129,572,302,571,303,304,329,606
62,45,46,479,47,48,51,52,74,56,76,391,393,573,131,326,325,303,304,329,606
62,45,46,701,387,49,88,101,90,78,77,124,125,127,129,572,326,571,303,304,329,606
62,45,46,479,47,49,88,53,74,56,76,391,126,128,573,131,326,571,303,304,329,606
62,45,46,480,492,479,47,48,51,52,55,57,72,392,624,672,611,752,754,753,674,589,328,327,329,606
62,45,46,701,387,49,102,90,78,77,124,126,128,573,572,326,325,132,327,329,606
62,45,46,479,47,49,88,53,74,75,76,391,393,573,572,302,571,303,304,329,606
62,45,46,701,479,47,48,51,52,55,57,72,392,577,579,727,753,754,673,674,589,328,327,329,606
62,45,46,701,387,49,88,53,89,75,76,391,126,128,573,131,326,325,132,327,329,606
62,45,46,479,47,48,88,53,89,75,76,391,393,573,131,326,571,303,304,329,606
62,45,46,701,387,49,88,53,74,56,58,391,393,573,131,326,325,132,304,329,606
62,45,46,701,387,49,88,53,89,78,77,124,126,128,129,572,326,325,303,304,329,606
62,45,46,701,387,49,88,53,74,56,76,391,126,127,129,572,326,325,132,327,608,606
62,45,46,701,387,49,88,53,89,75,76,124,126,128,573,572,326,325,132,304,329,606
62,45,46,479,47,49,102,90,78,77,79,125,127,129,572,302,571,303,304,329,606
62,45,46,479,47,48,51,53,74,56,76,124,126,128,573,131,326,571,303,304,329,606
62,45,46,479,47,49,88,53,74,56,58,578,575,574,131,326,325,303,304,329,606
62,45,46,479,47,48,51,53,74,56,58,578,575,574,131,326,325,132,327,329,606
62,45,46,479,47,48,51,52,74,56,58,578,575,574,131,326,325,132,304,329,606
62,45,46,701,387,49,88,53,89,75,76,124,126,128,573,131,326,325,303,304,329,606
62,45,46,479,47,49,88,101,89,75,76,391,393,574,576,130,132,304,329,606
62,45,46,479,47,48,51,52,74,56,76,391,393,573,572,326,325,132,327,329,606
62,45,46,701,387,660,700,123,102,90,78,77,124,125,127,129,572,326,325,132,304,329,606
62,45,46,479,47,48,51,53,74,56,76,391,393,573,572,326,325,132,327,608,606
62,45,46,701,387,49,88,101,90,78,77,124,126,128,573,572,326,325,303,304,329,606
62,45,46,479,47,49,88,53,74,56,76,124,126,128,573,572,326,571,303,304,329,606
62,45,46,479,47,48,51,53,89,75,76,391,126,128,129,572,302,571,303,304,329,606
62,45,46,701,387,660,700,324,103,92,80,79,125,127,129,572,326,325,132,327,608,606
62,45,46,479,47,48,51,53,74,56,58,578,393,573,572,326,325,132,304,329,606
62,45,46,701,479,47,48,51,52,55,57,72,590,624,672,611,752,754,753,674,673,610,609,134,608,606
62,45,46,479,47,48,51,52,55,56,76,391,393,573,572,326,325,303,304,329,606
62,45,46,701,387,49,88,53,74,56,58,391,393,573,131,326,325,132,327,329,606
62,45,46,701,387,660,700,123,102,90,78,80,79,125,127,300,302,571,303,304,329,606
62,45,46,701,387,49,88,53,89,75,76,124,126,128,573,572,326,325,132,327,329,606
62,45,46,480,492,479,47,48,51,52,55,57,72,392,624,672,611,752,754,753,674,589,328,327,608,606
62,45,46,479,47,48,88,101,89,75,76,124,126,128,573,131,130,328,327,329,606
62,45,46,479,47,48,51,52,74,56,76,124,126,128,573,131,326,571,303,304,329,606
62,45,46,701,387,49,102,90,78,77,124,126,128,573,572,326,325,132,327,608,606
62,45,46,479,47,48,51,53,74,56,58,578,393,573,131,326,325,303,304,329,606
62,45,46,479,47,48,51,52,74,56,58,578,575,574,131,326,325,132,327,329,606
62,45,46,479,47,48,51,52,55,56,76,124,126,128,129,572,302,571,303,304,329,606
62,45,46,701,387,49,102,90,78,80,79,125,127,129,572,326,571,303,304,329,606
62,45,46,701,479,47,48,51,52,55,57,72,392,577,579,727,753,754,673,674,589,328,327,608,606
62,45,46,701,387,49,88,53,89,75,76,391,126,128,573,131,326,325,132,327,608,606
62,45,46,701,387,49,88,101,90,78,77,124,126,128,129,572,326,325,132,304,329,606
62,45,46,479,47,48,51,52,55,56,76,391,126,128,573,131,326,571,303,304,329,606
62,45,46,479,47,48,51,52,55,57,72,590,624,392,577,579,727,752,754,753,674,673,610,609,134,608,606
62,40,41,398,660,700,123,102,103,92,80,79,125,127,129,572,302,571,303,304,329,606
62,45,46,479,47,49,88,101,89,75,76,391,393,574,576,130,132,327,329,606
62,40,41,119,122,730,700,123,102,90,78,77,79,125,127,129,572,326,325,132,304,329,606
62,45,46,479,47,48,51,53,74,56,58,578,575,574,131,326,325,132,327,608,606
62,40,41,398,660,700,123,102,90,78,77,79,125,127,300,302,571,303,304,329,606
62,45,46,480,492,479,47,48,51,52,55,57,72,392,577,579,727,752,754,753,674,673,610,609,134,608,606
62,45,46,479,47,48,51,53,89,78,77,79,125,127,129,572,326,571,303,304,329,606
62,45,46,701,387,660,700,123,102,90,78,77,124,125,127,129,572,326,325,132,327,329,606
62,45,46,479,47,48,51,52,74,56,76,391,393,573,572,326,325,132,327,608,606
62,45,46,479,47,48,51,52,55,56,58,578,575,574,131,326,325,303,304,329,606
62,45,46,479,47,49,88,53,74,75,76,391,393,573,131,326,571,303,304,329,606
62,45,46,479,47,49,88,53,74,56,58,578,393,573,572,326,325,303,304,329,606
62,45,46,479,47,48,51,53,74,56,58,578,393,573,572,326,325,132,327,329,606
62,40,41,119,122,730,700,123,102,90,78,77,124,126,127,129,572,302,571,303,304,329,606
62,45,46,479,47,48,51,52,74,56,58,578,393,573,572,326,325,132,304,329,606
62,45,46,479,47,48,51,53,89,75,76,391,126,128,573,572,326,571,303,304,329,606
62,45,46,479,47,48,51,52,74,56,58,578,393,573,131,326,325,303,304,329,606
62,45,46,701,387,49,88,101,90,78,77,124,125,127,129,572,302,571,303,304,329,606
62,45,46,701,387,49,88,101,90,78,77,124,126,128,129,572,326,325,132,327,329,606
62,45,46,701,387,49,102,103,92,80,79,125,127,129,572,326,325,303,304,329,606
62,45,46,479,47,48,88,101,89,78,77,124,126,128,573,131,130,132,304,329,606
62,45,46,701,387,49,88,53,74,56,58,391,393,573,131,326,325,132,327,608,606
62,45,46,701,387,49,88,53,74,56,58,391,393,574,131,326,325,303,304,329,606
62,45,46,701,387,49,88,53,89,75,76,124,126,128,573,572,326,325,132,327,608,606
62,40,41,119,122,730,700,123,102,90,78,77,79,125,127,129,572,326,325,132,327,329,606
62,45,46,479,47,49,88,101,89,75,76,391,393,574,576,130,328,134,608,606
62,45,46,479,47,48,88,101,89,75,76,124,126,128,573,131,130,328,327,608,606
62,45,46,701,479,47,49,88,101,89,75,76,391,393,573,572,326,571,303,304,329,606
62,45,46,479,47,48,51,52,74,56,58,578,575,574,131,326,325,132,327,608,606
62,45,46,479,47,48,51,52,55,56,76,124,126,128,573,572,326,571,303,304,329,606
62,40,41,119,122,730,700,123,102,103,92,104,91,81,82,300,302,571,303,304,329,606
62,45,46,701,387,49,88,53,74,56,58,391,126,127,129,572,326,571,303,304,329,606
62,45,46,479,47,49,88,101,89,75,76,391,393,574,576,130,132,327,608,606
62,45,46,701,387,49,88,53,89,75,76,391,126,127,300,302,571,303,304,329,606
62,45,46,701,387,49,88,53,89,78,77,124,125,127,129,572,326,571,303,304,329,606
62,45,46,701,387,49,88,53,74,75,77,124,126,128,129,572,326,571,303,304,329,606
62,45,46,479,47,48,88,53,74,56,76,391,126,128,129,572,326,571,303,304,329,606
62,45,46,479,47,48,51,52,74,56,58,578,393,573,572,326,325,132,327,329,606
62,45,46,701,387,660,700,123,102,90,78,77,124,125,127,129,572,326,325,132,327,608,606
62,45,46,701,387,49,102,103,92,80,79,125,82,300,302,571,303,304,329,606
62,45,46,479,47,48,51,53,74,56,76,391,393,573,131,326,325,132,304,329,606
62,45,46,479,47,48,51,53,74,56,58,391,393,573,572,326,571,303,304,329,606
62,45,46,479,47,48,51,53,74,56,58,578,393,573,572,326,325,132,327,608,606
62,45,46,479,47,48,51,53,74,75,76,391,393,574,131,326,571,303,304,329,606
62,45,46,479,47,48,88,101,89,78,77,124,126,128,573,131,130,132,327,329,606
62,45,46,479,47,48,51,52,55,57,72,590,624,672,611,752,754,673,610,609,134,608,327,329,606
62,45,46,479,47,49,88,53,74,56,76,124,126,128,573,572,302,571,303,304,329,606
62,45,46,701,387,49,88,53,74,75,76,391,126,128,573,572,326,325,303,304,329,606
62,45,46,701,387,49,102,90,78,77,124,126,128,573,131,326,325,132,304,329,606
62,45,46,701,387,49,88,53,74,56,76,124,126,127,129,572,326,325,132,304,329,606
62,45,46,479,47,48,51,52,55,56,58,578,393,573,572,326,325,303,304,329,606
62,45,46,701,387,49,88,101,90,78,77,124,126,128,129,572,326,325,132,327,608,606
62,45,46,701,387,49,88,53,89,75,77,79,125,127,300,302,571,303,304,329,606
62,45,46,479,47,49,88,53,89,75,76,391,126,128,129,572,326,571,303,304,329,606
62,40,41,119,122,730,700,123,102,90,78,77,79,125,127,129,572,326,325,132,327,608,606
62,45,46,701,387,49,102,90,78,80,79,125,127,129,572,302,571,303,304,329,606
62,45,46,479,47,49,88,53,74,56,76,391,393,573,572,326,325,132,304,329,606
62,45,46,479,47,49,88,101,90,78,77,79,125,127,129,572,326,571,303,304,329,606
62,45,46,701,387,49,88,53,89,78,77,124,126,128,573,572,326,325,303,304,329,606
62,45,46,479,47,49,88,53,74,56,76,391,393,573,131,326,325,303,304,329,606
62,45,46,701,387,49,88,53,74,75,76,391,126,128,129,572,326,325,132,304,329,606
62,45,46,479,47,48,51,53,74,56,76,391,393,573,131,326,325,132,327,329,606
62,45,46,479,47,48,51,52,74,56,76,391,393,573,131,326,325,132,304,329,606
62,45,46,479,47,48,51,52,55,57,58,578,393,574,131,326,571,303,304,329,606
62,45,46,479,47,48,51,53,89,75,76,124,126,128,129,572,326,571,303,304,329,606
62,45,46,701,387,660,700,123,102,90,78,80,79,125,127,129,572,326,325,303,304,329,606
62,45,46,479,47,48,51,53,89,78,77,79,125,127,129,572,302,571,303,304,329,606
62,45,46,479,47,48,51,52,74,56,58,391,393,573,572,326,571,303,304,329,606
62,45,46,479,47,48,51,52,74,56,58,578,393,573,572,326,325,132,327,608,606
62,45,46,479,47,48,51,52,74,75,76,391,393,574,131,326,571,303,304,329,606
62,45,46,479,47,48,51,52,55,57,72,590,624,672,611,752,754,673,610,609,589,328,134,608,606
62,45,46,479,47,48,88,101,89,78,77,124,126,128,573,131,130,328,134,608,606
62,45,46,701,387,49,88,53,89,78,77,124,126,128,129,572,326,325,132,304,329,606
62,45,46,701,387,49,102,90,78,77,124,126,128,573,131,326,325,132,327,329,606
62,40,41,398,660,700,123,102,90,78,77,79,125,127,129,572,326,325,303,304,329,606
62,45,46,479,47,49,88,53,74,56,58,578,575,574,131,326,325,132,304,329,606
62,45,46,701,387,49,88,53,74,56,76,124,126,127,129,572,326,325,132,327,329,606
62,45,46,479,47,48,88,101,89,78,77,124,126,128,573,131,130,132,327,608,606
62,45,46,701,387,49,88,53,89,75,76,124,126,128,573,131,326,325,132,304,329,606
62,45,46,479,47,48,51,53,89,75,76,391,126,128,573,572,302,571,303,304,329,606
62,45,46,479,47,49,88,53,74,56,76,391,393,573,572,326,325,132,327,329,606
62,45,46,701,387,660,700,123,102,90,78,80,79,125,82,300,302,571,303,304,329,606
62,45,46,701,387,49,88,53,74,75,76,391,126,128,129,572,326,325,132,327,329,606
62,45,46,701,479,47,49,88,101,89,75,76,391,393,573,572,302,571,303,304,329,606
62,45,46,479,47,48,51,52,74,56,76,391,393,573,131,326,325,132,327,329,606
62,45,46,479,47,48,51,52,55,56,76,124,126,128,573,572,302,571,303,304,329,606
62,45,46,701,387,49,88,101,90,78,77,124,126,128,573,572,326,325,132,304,329,606
62,45,46,701,387,49,88,53,74,56,58,391,126,127,129,572,302,571,303,304,329,606
62,40,41,398,660,700,123,102,90,78,77,79,125,82,300,302,571,303,304,329,606
62,45,46,479,47,48,51,53,74,56,76,391,393,573,131,326,325,132,327,608,606
62,45,46,701,387,49,88,53,89,78,77,124,125,127,129,572,302,571,303,304,329,606
62,45,46,479,47,48,51,52,55,57,72,590,624,672,611,752,754,673,610,609,134,328,327,329,606
62,45,46,479,47,48,51,53,74,56,76,391,393,574,131,326,325,303,304,329,606
62,45,46,701,387,49,88,101,90,78,77,124,126,128,573,131,326,325,303,304,329,606
62,45,46,701,387,49,88,53,74,75,77,124,126,128,129,572,302,571,303,304,329,606
62,45,46,701,387,49,88,53,74,75,76,124,126,128,129,572,326,325,303,304,329,606
62,45,46,479,47,48,51,52,55,56,76,391,393,573,572,326,325,132,304,329,606
62,45,46,701,387,49,88,53,89,78,77,124,126,128,129,572,326,325,132,327,329,606
62,45,46,479,47,48,88,53,74,56,76,391,126,128,129,572,302,571,303,304,329,606
62,45,46,479,47,49,88,53,74,56,76,124,126,128,573,131,326,571,303,304,329,606
62,45,46,479,47,49,88,53,74,56,58,578,575,574,131,326,325,132,327,329,606
62,45,46,701,387,49,102,103,297,104,91,81,82,300,302,571,303,304,329,606
62,45,46,479,47,48,51,53,74,56,58,578,393,573,131,326,325,132,304,329,606
62,45,46,479,47,48,51,52,55,56,76,391,393,573,131,326,325,303,304,329,606
62,45,46,479,47,48,51,53,74,56,76,391,126,127,129,572,326,571,303,304,329,606
62,45,46,701,387,49,88,53,89,75,76,124,126,128,573,131,326,325,132,327,329,606
62,45,46,701,387,49,102,90,78,77,124,126,128,573,131,326,325,132,327,608,606
62,45,46,479,47,48,51,53,74,56,58,391,393,573,572,302,571,303,304,329,606
62,45,46,701,387,49,88,53,89,75,76,391,126,127,129,572,326,325,303,304,329,606
62,45,46,701,387,49,88,53,74,56,76,124,126,127,129,572,326,325,132,327,608,606
62,45,46,479,47,49,88,53,74,56,76,391,393,573,572,326,325,132,327,608,606
62,45,46,701,387,49,88,101,90,78,77,124,126,128,573,572,326,325,132,327,329,606
62,45,46,479,47,48,51,52,55,56,58,578,575,574,131,326,325,132,304,329,606
62,45,46,479,47,49,88,53,89,75,76,391,126,128,129,572,302,571,303,304,329,606
62,45,46,701,387,49,88,53,74,75,76,391,126,128,129,572,326,325,132,327,608,606
62,45,46,479,47,49,88,53,74,56,58,578,393,573,572,326,325,132,304,329,606
62,45,46,479,47,48,51,52,74,56,76,391,393,573,131,326,325,132,327,608,606
62,45,46,479,47,48,51,52,74,56,76,391,393,574,131,326,325,303,304,329,606
62,45,46,479,47,49,88,101,90,78,77,79,125,127,129,572,302,571,303,304,329,606
62,45,46,479,47,48,51,52,55,56,76,391,393,573,572,326,325,132,327,329,606
62,45,46,479,47,48,51,53,89,75,76,391,393,573,572,326,325,303,304,329,606
62,45,46,479,47,49,88,53,74,56,58,578,393,573,131,326,325,303,304,329,606
62,45,46,479,47,48,51,53,74,56,58,578,393,573,131,326,325,132,327,329,606
62,45,46,479,47,48,51,52,74,56,58,578,393,573,131,326,325,132,304,329,606
62,45,46,479,47,48,51,52,55,57,72,590,624,672,611,752,754,673,610,609,134,328,327,608,606
62,45,46,479,47,48,51,53,89,75,76,124,126,128,129,572,302,571,303,304,329,606
62,45,46,479,47,48,51,52,74,56,76,391,126,127,129,572,326,571,303,304,329,606
62,45,46,701,387,49,88,53,89,75,77,79,125,127,129,572,326,325,303,304,329,606
62,45,46,701,387,49,88,53,74,75,77,124,126,128,573,572,326,571,303,304,329,606
62,45,46,701,387,49,102,103,92,80,79,125,127,129,572,326,325,132,304,329,606
62,45,46,701,387,49,88,53,89,78,77,124,126,128,129,572,326,325,132,327,608,606
62,45,46,479,47,48,88,53,89,75,76,391,393,574,131,326,571,303,304,329,606
62,45,46,479,47,48,88,53,74,56,76,391,126,128,573,572,326,571,303,304,329,606
62,45,46,701,387,49,88,53,74,56,58,391,393,574,131,326,325,132,304,329,606
62,45,46,479,47,48,51,53,89,75,76,391,126,128,573,131,326,571,303,304,329,606
62,45,46,479,47,48,51,52,74,56,58,391,393,573,572,302,571,303,304,329,606
62,45,46,479,47,49,88,53,74,56,58,578,575,574,131,326,325,132,327,608,606
62,40,41,398,660,700,123,102,90,78,77,124,126,127,129,572,326,571,303,304,329,606
62,45,46,479,47,49,88,53,89,78,77,79,125,127,129,572,326,571,303,304,329,606
62,45,46,701,387,49,88,53,89,75,76,124,126,128,573,131,326,325,132,327,608,606
62,45,46,701,479,47,49,88,101,89,75,76,391,393,573,131,326,571,303,304,329,606
62,45,46,479,47,48,51,52,55,56,76,124,126,128,573,131,326,571,303,304,329,606
62,45,46,701,387,49,88,53,74,56,76,124,125,127,300,302,571,303,304,329,606
62,45,46,479,47,48,51,52,55,56,58,578,575,574,131,326,325,132,327,329,606
62,45,46,701,387,49,102,90,78,77,124,126,127,300,302,571,303,304,329,606
62,45,46,479,47,49,88,53,74,56,58,578,393,573,572,326,325,132,327,329,606
62,45,46,701,387,49,88,53,89,75,77,79,125,82,300,302,571,303,304,329,606
62,45,46,701,387,49,88,101,90,78,77,124,126,128,573,572,326,325,132,327,608,606
62,45,46,479,47,49,88,101,89,75,76,391,393,574,576,130,328,327,329,606
62,45,46,701,387,49,88,101,90,78,80,79,125,127,129,572,326,571,303,304,329,606
62,45,46,479,47,49,88,53,89,75,76,391,126,128,573,572,326,571,303,304,329,606
62,45,46,479,47,48,51,52,74,56,58,578,393,573,131,326,325,132,327,329,606
62,45,46,701,387,49,102,103,92,80,79,125,127,129,572,326,325,132,327,329,606
62,45,46,479,47,48,51,52,55,56,76,391,393,573,572,326,325,132,327,608,606
62,40,41,119,122,730,700,123,102,90,78,77,124,126,128,129,572,326,325,303,304,329,606
62,45,46,701,387,49,88,53,74,56,58,391,393,574,131,326,325,132,327,329,606
62,45,46,479,47,48,51,53,74,56,58,391,393,573,131,326,571,303,304,329,606
62,45,46,701,387,49,88,53,74,75,76,391,126,128,573,572,326,325,132,304,329,606
62,45,46,479,47,48,51,53,74,56,58,578,393,573,131,326,325,132,327,608,606
62,45,46,479,47,48,51,53,74,56,58,578,393,574,131,326,325,303,304,329,606
62,45,46,479,47,48,51,53,89,75,76,124,126,128,573,572,326,571,303,304,329,606
62,45,46,479,47,48,51,52,55,56,58,578,393,573,572,326,325,132,304,329,606
62,45,46,479,47,49,88,101,89,75,77,124,126,128,573,131,130,132,304,329,606
62,45,46,479,47,48,51,52,55,57,72,392,577,578,575,574,131,326,571,303,304,329,606
62,45,46,701,387,49,88,53,74,75,76,391,126,128,573,131,326,325,303,304,329,606
62,45,46,701,387,49,88,53,74,75,76,124,125,127,129,572,326,571,303,304,329,606
62,45,46,479,47,48,51,52,55,56,58,578,393,573,131,326,325,303,304,329,606
62,45,46,479,47,48,51,53,74,56,76,391,126,127,129,572,302,571,303,304,329,606
62,45,46,479,47,49,102,90,78,77,124,126,128,129,572,326,571,303,304,329,606
62,45,46,701,387,49,88,53,89,78,77,124,126,128,573,572,326,325,132,304,329,606
62,45,46,479,47,49,88,53,74,56,76,391,393,573,131,326,325,132,304,329,606
62,40,41,119,122,730,700,324,103,92,80,79,125,127,129,572,326,571,303,304,329,606
62,45,46,479,47,48,51,52,55,56,58,578,575,574,131,326,325,132,327,608,606
62,45,46,701,387,49,88,53,89,78,77,124,126,128,573,131,326,325,303,304,329,606
62,45,46,701,387,660,700,123,102,90,78,80,79,125,127,129,572,326,325,132,304,329,606
62,45,46,701,387,49,88,53,89,75,76,124,126,127,300,302,571,303,304,329,606
62,45,46,479,47,49,88,53,74,56,58,391,393,573,572,326,571,303,304,329,606
62,45,46,479,47,49,88,53,74,56,58,578,393,573,572,326,325,132,327,608,606
62,45,46,479,47,48,88,53,74,56,76,124,126,128,129,572,326,571,303,304,329,606
62,45,46,479,47,49,88,53,74,75,76,391,393,574,131,326,571,303,304,329,606
62,45,46,479,47,49,88,101,89,75,76,391,393,574,576,130,328,327,608,606
62,45,46,701,387,49,88,53,74,75,76,391,126,128,573,572,326,325,132,327,329,606
62,45,46,479,47,48,51,52,74,56,58,391,393,573,131,326,571,303,304,329,606
62,45,46,479,47,48,51,52,74,56,58,578,393,573,131,326,325,132,327,608,606
62,40,41,398,660,700,123,102,90,78,77,79,125,127,129,572,326,325,132,304,329,606
62,45,46,479,47,48,88,53,74,75,76,391,393,573,572,326,571,303,304,329,606
62,45,46,479,47,48,51,52,74,56,58,578,393,574,131,326,325,303,304,329,606
62,45,46,479,47,48,51,52,55,56,58,578,393,573,572,326,325,132,327,329,606
62,45,46,479,47,49,88,101,89,75,77,124,126,128,573,131,130,132,327,329,606
62,45,46,701,387,49,102,103,92,80,79,125,127,129,572,326,325,132,327,608,606
62,45,46,701,387,49,88,53,89,75,77,124,126,127,129,572,326,571,303,304,329,606
62,45,46,701,387,49,88,53,74,56,58,391,393,574,131,326,325,132,327,608,606
62,45,46,479,47,48,51,52,55,57,72,590,624,672,611,668,673,674,589,328,134,608,606
62,45,46,479,47,48,51,52,74,56,76,391,126,127,129,572,302,571,303,304,329,606
62,45,46,701,387,49,88,53,74,75,77,124,126,128,573,572,302,571,303,304,329,606
62,45,46,701,387,49,88,53,74,75,76,124,126,128,573,572,326,325,303,304,329,606
62,45,46,701,387,49,88,53,89,78,77,124,126,128,573,572,326,325,132,327,329,606
62,45,46,479,47,48,88,53,74,56,76,391,126,128,573,572,302,571,303,304,329,606
62,45,46,479,47,48,51,52,55,57,72,590,624,672,611,752,754,673,610,609,589,328,327,329,606
62,45,46,479,47,48,88,101,89,78,77,124,126,128,573,131,130,328,327,329,606
62,45,46,479,47,49,88,101,89,75,76,391,393,574,576,589,328,134,608,606
62,45,46,479,47,49,88,53,74,56,76,391,393,573,131,326,325,132,327,329,606
62,40,41,398,660,700,123,102,90,78,77,124,126,127,129,572,302,571,303,304,329,606
62,45,46,479,47,49,88,53,89,75,76,124,126,128,129,572,326,571,303,304,329,606
62,45,46,701,387,660,700,123,102,90,78,80,79,125,127,129,572,326,325,132,327,329,606
62,45,46,479,47,49,88,53,89,78,77,79,125,127,129,572,302,571,303,304,329,606
62,45,46,479,47,48,51,53,74,56,76,391,393,574,131,326,325,132,304,329,606
62,45,46,701,387,49,88,101,90,78,77,124,126,128,573,131,326,325,132,304,329,606
62,45,46,701,387,49,88,53,74,75,76,124,126,128,129,572,326,325,132,304,329,606
62,45,46,479,47,48,51,52,55,57,72,392,577,578,393,573,572,326,571,303,304,329,606
62,40,41,398,660,700,123,102,90,78,77,79,125,127,129,572,326,325,132,327,329,606
62,45,46,479,47,48,51,52,55,56,76,391,393,573,131,326,325,132,304,329,606
62,45,46,479,47,49,88,101,89,75,77,124,126,128,573,131,130,328,134,608,606
62,45,46,701,387,49,88,101,90,78,80,79,125,127,129,572,302,571,303,304,329,606
62,40,41,398,660,700,123,102,103,92,104,91,81,82,300,302,571,303,304,329,606
62,45,46,479,47,49,88,53,89,75,76,391,126,128,573,572,302,571,303,304,329,606
62,45,46,701,387,49,88,53,74,75,76,391,126,128,573,572,326,325,132,327,608,606
62,45,46,701,387,49,88,53,89,75,76,391,126,127,129,572,326,325,132,304,329,606
62,45,46,701,387,49,88,53,74,56,76,124,125,127,129,572,326,325,303,304,329,606
62,45,46,479,47,48,51,52,55,56,58,391,393,573,572,326,571,303,304,329,606
62,45,46,479,47,48,51,52,55,56,58,578,393,573,572,326,325,132,327,608,606
62,45,46,479,47,49,88,101,89,75,77,124,126,128,573,131,130,132,327,608,606
62,45,46,701,387,49,102,90,78,77,124,126,127,129,572,326,325,303,304,329,606
62,45,46,479,47,48,51,52,55,57,72,392,624,672,611,752,754,753,674,589,328,327,132,304,329,606
62,40,41,119,122,730,700,123,102,103,92,80,79,81,82,300,302,571,303,304,329,606
62,40,41,119,122,730,700,123,102,90,78,77,124,125,127,129,572,326,571,303,304,329,606
62,45,46,479,47,48,51,53,89,75,76,124,126,128,573,572,302,571,303,304,329,606
62,45,46,701,387,49,88,53,89,78,77,124,126,128,573,572,326,325,132,327,608,606
62,45,46,701,387,49,88,53,89,78,80,79,125,127,129,572,326,571,303,304,329,606
62,45,46,479,47,48,51,52,55,57,72,590,624,672,611,752,754,673,610,609,589,328,327,608,606
62,45,46,479,47,48,88,101,89,78,77,124,126,128,573,131,130,328,327,608,606
62,45,46,479,47,49,88,53,74,56,76,391,393,573,131,326,325,132,327,608,606
62,45,46,701,387,49,88,53,74,75,76,124,125,127,129,572,302,571,303,304,329,606
62,45,46,479,47,49,88,53,74,56,76,391,393,574,131,326,325,303,304,329,606
62,45,46,479,47,48,51,53,74,56,76,391,393,574,131,326,325,132,327,329,606
62,45,46,701,387,49,88,101,90,78,77,124,126,128,573,131,326,325,132,327,329,606
62,45,46,479,47,48,51,52,74,56,76,391,393,574,131,326,325,132,304,329,606
62,45,46,701,387,49,88,53,74,75,76,124,126,128,129,572,326,325,132,327,329,606
62,45,46,479,47,49,102,90,78,77,124,126,128,129,572,302,571,303,304,329,606
62,45,46,701,387,660,700,123,102,90,78,80,79,125,127,129,572,326,325,132,327,608,606
62,45,46,479,47,48,51,53,89,75,76,391,393,573,572,326,325,132,304,329,606
62,45,46,701,387,49,88,53,74,56,76,124,125,82,300,302,571,303,304,329,606
62,45,46,701,387,49,88,53,74,56,58,391,126,128,129,572,326,325,303,304,329,606
62,45,46,479,47,49,88,53,74,56,58,578,393,573,131,326,325,132,304,329,606
62,40,41,119,122,730,700,324,103,92,80,79,125,127,129,572,302,571,303,304,329,606
62,45,46,479,47,49,88,53,74,56,76,391,126,127,129,572,326,571,303,304,329,606
62,45,46,479,47,48,88,53,74,56,76,391,393,573,572,326,325,303,304,329,606
62,45,46,479,47,48,51,52,55,56,76,391,393,573,131,326,325,132,327,329,606
62,45,46,701,387,49,88,53,89,75,77,79,125,127,129,572,326,325,132,304,329,606
62,45,46,479,47,48,51,53,89,75,76,391,393,573,131,326,325,303,304,329,606
62,45,46,479,47,49,88,53,74,56,58,391,393,573,572,302,571,303,304,329,606
62,45,46,701,387,49,88,53,89,75,76,391,126,127,129,572,326,325,132,327,329,606
62,45,46,479,47,48,88,53,74,56,76,124,126,128,129,572,302,571,303,304,329,606
62,40,41,398,660,700,123,102,90,78,77,79,125,127,129,572,326,325,132,327,608,606
62,45,46,701,387,49,88,53,74,75,77,79,81,82,300,302,571,303,304,329,606
62,45,46,701,387,49,88,53,74,75,77,124,126,128,573,131,326,571,303,304,329,606
62,45,46,479,47,48,88,53,74,56,76,391,126,128,573,131,326,571,303,304,329,606
62,45,46,479,47,48,51,53,74,56,76,124,126,127,129,572,326,571,303,304,329,606
62,45,46,479,47,48,88,53,74,75,76,391,393,573,572,302,571,303,304,329,606
62,45,46,701,387,49,88,53,89,75,77,124,126,127,129,572,302,571,303,304,329,606
62,40,41,119,122,730,700,123,102,90,78,77,124,126,128,573,572,326,325,303,304,329,606
62,45,46,701,387,49,88,53,89,75,76,124,126,127,129,572,326,325,303,304,329,606
62,45,46,479,47,48,88,53,74,56,58,578,575,574,131,326,325,303,304,329,606
62,45,46,479,47,48,51,52,74,56,76,391,393,574,131,326,325,132,327,329,606
62,40,41,119,122,730,700,123,102,103,92,80,91,81,82,300,302,571,303,304,329,606
62,45,46,479,47,49,88,53,89,75,76,391,393,573,572,326,325,303,304,329,606
62,45,46,479,47,48,51,53,89,75,76,391,393,573,572,326,325,132,327,329,606
62,45,46,479,47,48,51,53,74,75,76,391,126,128,129,572,326,571,303,304,329,606
62,45,46,479,47,49,88,53,74,56,58,578,393,573,131,326,325,132,327,329,606
62,45,46,479,47,49,88,53,89,75,76,124,126,128,129,572,302,571,303,304,329,606
62,45,46,479,47,48,88,101,89,75,76,391,393,574,576,130,132,304,329,606
62,45,46,701,387,49,88,53,89,75,77,79,125,127,129,572,326,325,132,327,329,606
62,45,46,479,47,48,51,53,74,56,76,391,393,574,131,326,325,132,327,608,606
62,45,46,701,387,49,88,101,90,78,77,124,126,128,573,131,326,325,132,327,608,606
62,45,46,701,387,49,88,53,74,75,76,124,126,128,129,572,326,325,132,327,608,606
62,45,46,479,47,49,102,90,78,77,124,126,128,573,572,326,571,303,304,329,606
62,45,46,479,47,48,51,52,55,57,72,392,624,672,611,752,754,753,674,589,328,134,608,327,329,606
62,40,41,119,122,730,700,123,102,90,78,77,124,126,128,129,572,326,325,132,304,329,606
62,45,46,479,47,49,88,53,89,75,76,391,126,128,573,131,326,571,303,304,329,606
62,45,46,479,47,48,51,53,89,78,77,124,126,128,129,572,326,571,303,304,329,606
62,45,46,479,47,48,51,53,74,56,58,578,393,574,131,326,325,132,304,329,606
62,45,46,479,47,48,51,52,55,56,76,391,393,573,131,326,325,132,327,608,606
62,45,46,479,47,48,51,52,55,56,76,391,393,574,131,326,325,303,304,329,606
62,45,46,479,47,48,51,52,74,56,76,124,126,127,129,572,326,571,303,304,329,606
62,45,46,479,47,48,51,52,55,57,72,392,577,578,393,573,572,302,571,303,304,329,606
62,45,46,701,387,49,88,53,74,75,76,391,126,128,573,131,326,325,132,304,329,606
62,45,46,479,47,48,88,53,74,56,76,124,126,128,573,572,326,571,303,304,329,606
62,45,46,701,387,49,88,53,89,75,76,391,126,127,129,572,326,325,132,327,608,606
62,45,46,479,47,48,51,53,89,75,76,124,126,128,573,131,326,571,303,304,329,606
62,45,46,479,47,48,51,52,55,56,58,578,393,573,131,326,325,132,304,329,606
62,45,46,479,47,48,51,52,55,57,72,392,577,579,575,574,131,326,325,303,304,329,606
62,45,46,479,47,48,51,52,55,56,76,391,126,127,129,572,326,571,303,304,329,606
62,45,46,479,47,48,51,52,55,56,58,391,393,573,572,302,571,303,304,329,606
62,45,46,701,387,49,88,53,89,78,77,124,126,128,573,131,326,325,132,304,329,606
62,45,46,479,47,48,51,52,74,75,76,391,126,128,129,572,326,571,303,304,329,606
62,45,46,479,47,48,88,101,89,75,76,391,393,574,576,130,132,327,329,606
62,40,41,119,122,730,700,123,102,90,78,77,124,125,127,129,572,302,571,303,304,329,606
62,45,46,479,47,48,51,52,74,56,76,391,393,574,131,326,325,132,327,608,606
62,40,41,119,122,730,700,123,102,90,78,77,124,126,128,129,572,326,325,132,327,329,606
62,45,46,479,47,48,51,53,89,75,76,391,393,573,572,326,325,132,327,608,606
62,45,46,701,387,49,88,53,89,78,80,79,125,127,129,572,302,571,303,304,329,606
62,45,46,479,47,49,88,53,74,56,58,391,393,573,131,326,571,303,304,329,606
62,45,46,479,47,49,88,53,74,56,58,578,393,573,131,326,325,132,327,608,606
62,45,46,479,47,49,88,53,74,56,58,578,393,574,131,326,325,303,304,329,606
62,45,46,479,47,48,51,53,74,56,58,578,393,574,131,326,325,132,327,329,606
62,45,46,479,47,49,88,53,89,75,76,124,126,128,573,572,326,571,303,304,329,606
62,45,46,479,47,48,51,52,74,56,58,578,393,574,131,326,325,132,304,329,606
62,45,46,701,387,49,88,53,89,75,77,79,125,127,129,572,326,325,132,327,608,606
62,45,46,701,387,49,88,53,74,75,76,391,126,128,573,131,326,325,132,327,329,606
62,45,46,479,47,48,88,53,74,75,76,391,393,573,131,326,571,303,304,329,606
62,45,46,479,47,48,88,53,74,56,58,578,393,573,572,326,325,303,304,329,606
62,45,46,479,47,49,88,53,74,56,76,391,126,127,129,572,302,571,303,304,329,606
62,45,46,701,387,49,88,101,90,78,77,124,126,127,300,302,571,303,304,329,606
62,45,46,479,47,48,51,52,55,56,58,578,393,573,131,326,325,132,327,329,606
62,45,46,701,387,49,88,53,74,75,76,124,126,128,573,572,326,325,132,304,329,606
62,45,46,701,387,49,88,53,74,56,58,578,575,574,131,130,132,304,329,606
62,45,46,479,47,48,51,52,55,57,72,590,624,672,611,668,673,674,589,609,134,608,606
62,45,46,701,479,47,49,88,101,89,75,76,391,393,574,131,326,571,303,304,329,606
62,45,46,701,387,49,88,53,74,75,76,124,126,128,573,131,326,325,303,304,329,606
62,45,46,701,387,49,88,53,89,78,77,124,126,128,573,131,326,325,132,327,329,606
62,45,46,479,47,48,51,53,74,56,76,391,126,128,129,572,326,325,303,304,329,606
62,45,46,479,47,48,51,53,74,56,76,124,126,127,129,572,302,571,303,304,329,606
62,45,46,479,47,49,88,101,89,75,76,391,393,574,576,589,609,134,608,606
62,45,46,479,47,48,88,101,89,75,76,391,393,574,576,130,328,134,608,606
62,45,46,701,479,47,48,88,101,89,75,76,391,393,573,572,326,571,303,304,329,606
62,45,46,479,47,48,51,52,55,57,72,590,624,672,611,668,673,674,589,328,327,329,606
62,45,46,479,47,48,51,52,74,56,58,578,393,574,131,326,325,132,327,329,606
62,45,46,479,47,48,88,101,89,75,76,391,393,574,576,130,132,327,608,606
62,45,46,479,47,49,88,101,89,75,76,391,393,574,576,589,328,327,329,606
62,40,41,119,122,730,700,123,102,90,78,77,124,126,128,129,572,326,325,132,327,608,606
62,45,46,479,47,48,51,53,74,75,76,391,126,128,129,572,302,571,303,304,329,606
62,45,46,479,47,48,51,52,55,57,72,392,577,578,393,573,131,326,571,303,304,329,606
62,45,46,479,47,49,88,101,90,78,77,124,126,128,129,572,326,571,303,304,329,606
62,45,46,479,47,48,51,53,74,56,58,391,393,574,131,326,571,303,304,329,606
62,45,46,479,47,48,51,53,74,56,58,578,393,574,131,326,325,132,327,608,606
62,45,46,701,387,49,88,53,74,56,76,124,125,127,129,572,326,325,132,304,329,606
62,45,46,701,387,49,88,53,74,75,76,124,126,128,573,572,326,325,132,327,329,606
62,45,46,479,47,49,102,90,78,77,124,126,128,573,572,302,571,303,304,329,606
62,45,46,701,387,49,88,53,74,56,58,578,575,574,131,130,132,327,329,606
62,45,46,701,387,49,102,90,78,77,124,126,127,129,572,326,325,132,304,329,606
62,45,46,701,387,49,88,53,74,75,76,391,126,128,573,131,326,325,132,327,608,606
62,45,46,701,387,49,88,53,74,56,58,391,126,128,573,572,326,325,303,304,329,606
62,45,46,479,47,48,51,53,89,78,77,124,126,128,129,572,302,571,303,304,329,606
62,45,46,701,479,47,48,51,52,55,57,72,392,624,672,611,752,727,576,130,132,304,329,606
62,45,46,479,47,48,51,52,55,56,58,391,393,573,131,326,571,303,304,329,606
62,45,46,479,47,48,51,52,55,56,58,578,393,573,131,326,325,132,327,608,606
62,45,46,479,47,48,51,52,55,56,58,578,393,574,131,326,325,303,304,329,606
62,45,46,479,47,48,51,52,74,56,76,391,126,128,129,572,326,325,303,304,329,606
62,45,46,479,47,48,51,52,74,56,76,124,126,127,129,572,302,571,303,304,329,606
62,45,46,479,47,49,88,101,89,75,77,124,126,128,573,131,130,328,327,329,606
62,45,46,479,47,48,88,53,74,56,76,124,126,128,573,572,302,571,303,304,329,606
62,45,46,479,47,49,88,53,74,56,76,391,393,574,131,326,325,132,304,329,606
62,45,46,479,47,48,51,52,55,56,76,391,126,127,129,572,302,571,303,304,329,606
62,45,46,701,387,49,88,53,89,78,77,124,126,128,573,131,326,325,132,327,608,606
62,40,41,398,660,700,123,102,90,78,77,124,126,128,129,572,326,325,303,304,329,606
62,45,46,480,492,479,47,48,51,52,55,57,72,392,624,672,611,752,727,753,674,589,328,134,608,606
62,45,46,479,47,48,88,53,89,75,76,391,126,128,129,572,326,571,303,304,329,606
62,45,46,701,387,49,88,53,74,56,58,391,126,128,129,572,326,325,132,304,329,606
62,45,46,479,47,48,88,53,74,56,76,391,393,573,572,326,325,132,304,329,606
62,45,46,479,47,48,51,52,55,57,72,590,624,672,611,668,673,674,589,328,327,608,606
62,45,46,479,47,48,51,53,89,75,76,391,393,573,131,326,325,132,304,329,606
62,45,46,479,47,48,51,52,74,75,76,391,126,128,129,572,302,571,303,304,329,606
62,45,46,479,47,48,88,101,90,78,77,79,125,127,129,572,326,571,303,304,329,606
62,45,46,701,387,49,88,53,74,56,76,124,125,127,129,572,326,325,132,327,329,606
62,45,46,479,47,48,88,53,74,56,76,391,393,573,131,326,325,303,304,329,606
62,45,46,479,47,48,51,52,74,56,58,391,393,574,131,326,571,303,304,329,606
62,45,46,479,47,48,51,52,74,56,58,578,393,574,131,326,325,132,327,608,606
62,45,46,479,47,49,88,101,89,75,76,391,393,574,576,589,328,327,608,606
62,45,46,701,387,49,88,53,74,56,58,578,575,574,131,130,328,134,608,606
62,45,46,479,47,48,51,53,74,75,76,391,126,128,573,572,326,571,303,304,329,606
62,45,46,701,387,49,102,90,78,77,124,126,127,129,572,326,325,132,327,329,606
62,45,46,701,479,47,48,51,52,55,57,72,392,624,672,611,752,727,576,130,132,327,329,606
62,45,46,479,47,49,88,53,89,75,76,124,126,128,573,572,302,571,303,304,329,606
62,40,41,398,660,700,324,103,92,80,79,125,127,129,572,326,571,303,304,329,606
62,45,46,701,387,49,88,53,74,75,76,124,126,128,573,572,326,325,132,327,608,606
62,40,41,119,122,730,700,123,102,90,78,77,124,126,128,573,572,326,325,132,304,329,606
62,45,46,701,387,49,88,53,89,75,76,124,126,127,129,572,326,325,132,304,329,606
62,45,46,701,387,49,88,53,74,56,58,578,575,574,131,130,132,327,608,606
62,45,46,479,47,48,51,52,55,57,72,392,624,672,611,752,754,753,674,589,328,130,132,304,329,606
62,45,46,479,47,48,51,53,89,78,77,124,126,128,573,572,326,571,303,304,329,606
62,45,46,479,47,49,88,53,74,56,76,391,393,574,131,326,325,132,327,329,606
62,45,46,701,479,47,48,51,52,55,57,72,590,624,392,577,579,727,753,674,673,610,609,134,608,606
62,45,46,479,47,48,88,53,74,56,58,578,575,574,131,326,325,132,304,329,606
62,40,41,119,122,730,700,123,102,90,78,77,124,126,128,573,131,326,325,303,304,329,606
62,45,46,479,47,49,88,53,89,75,76,391,393,573,572,326,325,132,304,329,606
62,45,46,701,387,49,88,53,74,75,76,391,126,127,300,302,571,303,304,329,606
62,45,46,479,47,49,88,101,89,75,77,124,126,128,573,131,130,328,327,608,606
62,40,41,119,122,730,700,123,102,103,92,80,79,125,127,300,302,571,303,304,329,606
62,45,46,701,387,49,88,53,74,56,58,391,126,128,129,572,326,325,132,327,329,606
62,45,46,479,47,48,88,53,74,56,76,391,393,573,572,326,325,132,327,329,606
62,45,46,479,47,49,88,53,89,75,76,391,393,573,131,326,325,303,304,329,606
62,45,46,479,47,48,51,53,89,75,76,391,393,573,131,326,325,132,327,329,606
62,45,46,701,387,49,88,101,90,78,77,124,126,127,129,572,326,325,303,304,329,606
62,45,46,701,479,47,48,88,101,89,75,76,391,393,573,572,302,571,303,304,329,606
62,45,46,479,47,49,102,90,78,77,79,81,82,300,302,571,303,304,329,606
62,45,46,701,387,49,88,53,89,78,77,124,126,127,300,302,571,303,304,329,606
62,45,46,479,47,49,102,90,78,77,124,126,128,573,131,326,571,303,304,329,606
62,45,46,479,47,48,51,52,55,57,72,392,624,672,611,752,754,753,674,589,609,134,608,327,329,606
62,45,46,479,47,48,51,52,74,75,76,391,126,128,573,572,326,571,303,304,329,606
62,45,46,479,47,48,51,52,55,56,76,391,393,574,131,326,325,132,304,329,606
62,45,46,479,47,49,88,53,74,56,76,124,126,127,129,572,326,571,303,304,329,606
62,45,46,701,479,47,48,51,52,55,57,72,392,624,672,611,752,727,576,130,328,134,608,606
62,45,46,701,387,49,88,53,74,56,76,124,125,127,129,572,326,325,132,327,608,606
62,40,41,119,122,730,700,123,102,90,78,77,124,126,128,573,572,326,325,132,327,329,606
62,45,46,701,387,49,88,53,89,75,76,124,126,127,129,572,326,325,132,327,329,606
62,45,46,479,47,48,51,52,55,57,72,392,577,579,575,574,131,326,325,132,304,329,606
62,45,46,701,387,49,102,90,78,77,124,126,127,129,572,326,325,132,327,608,606
62,45,46,479,47,48,51,52,55,57,72,392,624,672,611,752,754,753,674,589,328,130,132,327,329,606
62,45,46,479,47,49,88,101,90,78,77,124,126,128,129,572,302,571,303,304,329,606
62,45,46,479,47,48,88,53,74,56,76,124,126,128,573,131,326,571,303,304,329,606
62,45,46,701,387,49,88,53,74,75,77,79,125,127,300,302,571,303,304,329,606
62,45,46,479,47,48,88,53,74,56,58,578,575,574,131,326,325,132,327,329,606
62,45,46,701,479,47,48,51,52,55,57,72,392,624,672,611,752,727,576,130,132,327,608,606
62,45,46,479,47,49,88,53,89,75,76,391,393,573,572,326,325,132,327,329,606
62,45,46,479,47,49,88,53,74,75,76,391,126,128,129,572,326,571,303,304,329,606
62,45,46,701,387,49,88,53,89,75,77,124,126,128,129,572,326,325,303,304,329,606
62,45,46,479,47,49,88,53,74,56,76,391,393,574,131,326,325,132,327,608,606
62,45,46,701,387,49,88,53,74,56,76,391,393,573,131,130,132,304,329,606
62,45,46,701,387,49,88,53,74,56,58,391,126,128,129,572,326,325,132,327,608,606
62,45,46,479,47,48,51,53,74,75,76,124,126,128,129,572,326,571,303,304,329,606
62,45,46,479,47,49,88,53,89,78,77,124,126,128,129,572,326,571,303,304,329,606
62,45,46,479,47,49,88,53,74,56,58,578,393,574,131,326,325,132,304,329,606
62,45,46,479,47,48,88,53,74,56,76,391,393,573,572,326,325,132,327,608,606
62,45,46,479,47,48,51,52,55,56,76,391,393,574,131,326,325,132,327,329,606
62,45,46,479,47,48,51,53,89,75,76,391,393,573,131,326,325,132,327,608,606
62,45,46,479,47,48,51,53,89,75,76,391,393,574,131,326,325,303,304,329,606
62,45,46,479,47,48,51,53,74,56,76,391,126,128,573,572,326,325,303,304,329,606
62,45,46,479,47,48,88,53,89,75,76,391,126,128,129,572,302,571,303,304,329,606
62,45,46,479,47,49,88,53,89,75,76,124,126,128,573,131,326,571,303,304,329,606
62,40,41,398,660,700,123,102,103,92,80,79,81,82,300,302,571,303,304,329,606
62,45,46,479,47,48,88,53,74,56,58,578,393,573,572,326,325,132,304,329,606
62,40,41,398,660,700,123,102,90,78,77,124,125,127,129,572,326,571,303,304,329,606
62,45,46,479,47,48,51,52,55,57,72,392,577,579,575,574,131,326,325,132,327,329,606
62,45,46,479,47,48,88,101,90,78,77,79,125,127,129,572,302,571,303,304,329,606
62,45,46,479,47,48,51,53,89,75,76,391,126,127,129,572,326,571,303,304,329,606
62,45,46,479,47,48,88,53,74,56,58,578,393,573,131,326,325,303,304,329,606
62,45,46,701,387,49,88,53,74,75,76,124,126,128,573,131,326,325,132,304,329,606
62,40,41,119,122,730,700,123,102,90,78,77,124,126,128,573,572,326,325,132,327,608,606
62,45,46,701,387,49,88,53,89,75,76,124,126,127,129,572,326,325,132,327,608,606
62,45,46,479,47,48,51,53,74,75,76,391,126,128,573,572,302,571,303,304,329,606
62,40,41,119,122,730,700,123,102,90,78,80,79,125,127,129,572,326,571,303,304,329,606
62,45,46,479,47,48,51,53,74,56,76,391,126,128,129,572,326,325,132,304,329,606
62,45,46,479,47,48,51,52,55,57,72,392,624,672,611,752,754,753,674,589,328,130,132,327,608,606
62,45,46,479,47,49,88,101,90,78,77,124,126,128,573,572,326,571,303,304,329,606
62,45,46,701,387,49,102,90,78,77,124,125,127,300,302,571,303,304,329,606
62,45,46,479,47,48,51,52,55,56,76,124,126,127,129,572,326,571,303,304,329,606
62,40,41,398,660,700,324,103,92,80,79,125,127,129,572,302,571,303,304,329,606
62,45,46,479,47,48,88,53,74,56,58,578,575,574,131,326,325,132,327,608,606
62,45,46,479,47,49,88,53,89,75,76,391,393,573,572,326,325,132,327,608,606
62,45,46,701,387,49,88,53,74,56,76,391,393,573,131,130,132,327,329,606
62,45,46,479,47,48,88,53,89,78,77,79,125,127,129,572,326,571,303,304,329,606
62,45,46,479,47,48,51,52,74,75,76,124,126,128,129,572,326,571,303,304,329,606
62,45,46,479,47,48,51,53,89,78,77,124,126,128,573,572,302,571,303,304,329,606
62,45,46,479,47,49,88,53,74,56,58,578,393,574,131,326,325,132,327,329,606
62,45,46,701,479,47,48,88,101,89,75,76,391,393,573,131,326,571,303,304,329,606
62,45,46,479,47,48,51,52,55,57,72,392,624,672,611,752,754,753,674,589,609,134,328,327,329,606
62,45,46,479,47,48,51,52,55,57,72,392,577,579,727,752,754,753,674,673,610,609,134,608,327,329,606
62,45,46,479,47,48,51,52,74,56,76,391,126,128,573,572,326,325,303,304,329,606
62,45,46,479,47,48,51,53,89,75,77,79,125,127,129,572,326,571,303,304,329,606
62,45,46,479,47,48,88,53,74,56,58,578,393,573,572,326,325,132,327,329,606
62,45,46,479,47,48,51,52,55,57,58,578,575,574,131,326,325,303,304,329,606
62,45,46,479,47,48,51,52,55,56,76,391,393,574,131,326,325,132,327,608,606
62,40,41,398,660,700,123,102,90,78,77,124,126,128,573,572,326,325,303,304,329,606
62,45,46,479,47,48,88,101,89,75,76,391,393,574,576,130,328,327,329,606
62,45,46,479,47,48,88,53,89,75,76,391,126,128,573,572,326,571,303,304,329,606
62,45,46,701,387,49,88,53,74,56,58,391,126,128,573,572,326,325,132,304,329,606
62,45,46,701,387,49,88,53,74,75,76,124,126,128,573,131,326,325,132,327,329,606
62,40,41,398,660,700,123,102,103,92,80,91,81,82,300,302,571,303,304,329,606
62,45,46,479,47,48,51,52,55,56,58,578,393,574,131,326,325,132,304,329,606
62,45,46,479,47,48,51,52,74,75,76,391,126,128,573,572,302,571,303,304,329,606
62,45,46,479,47,48,51,52,55,57,72,392,577,579,575,574,131,326,325,132,327,608,606
62,45,46,479,47,49,88,53,74,56,76,391,126,128,129,572,326,325,303,304,329,606
62,45,46,479,47,49,88,53,74,56,76,124,126,127,129,572,302,571,303,304,329,606
62,45,46,479,47,48,51,53,74,56,76,391,126,128,129,572,326,325,132,327,329,606
62,45,46,479,47,48,51,52,55,57,72,392,624,672,611,752,754,753,674,589,576,130,132,304,329,606
62,45,46,479,47,48,51,52,74,56,76,391,126,128,129,572,326,325,132,304,329,606
62,45,46,701,387,49,88,53,74,75,76,391,126,127,129,572,326,325,303,304,329,606
62,45,46,701,479,47,48,51,52,55,57,72,392,624,672,611,752,754,673,674,589,328,134,608,606
62,40,41,119,122,730,700,123,102,103,92,80,79,125,127,129,572,326,325,303,304,329,606
62,45,46,701,387,49,88,53,74,56,58,391,126,128,573,131,326,325,303,304,329,606
62,45,46,701,387,49,88,53,74,56,76,391,393,573,131,130,328,134,608,606
62,45,46,701,387,49,88,53,89,75,76,124,125,127,300,302,571,303,304,329,606
62,40,41,398,660,700,123,102,90,78,77,124,126,128,129,572,326,325,132,304,329,606
62,45,46,479,47,48,88,101,89,75,77,124,126,128,573,131,130,132,304,329,606
62,40,41,119,122,730,700,324,103,92,104,91,81,82,300,302,571,303,304,329,606
62,45,46,479,47,48,51,53,74,56,76,124,126,128,129,572,326,325,303,304,329,606
62,45,46,701,387,49,88,53,89,78,77,124,126,127,129,572,326,325,303,304,329,606
62,45,46,479,47,48,51,52,55,57,72,392,577,579,727,752,754,753,674,673,610,609,589,328,134,608,606
62,45,46,479,47,49,88,53,74,75,76,391,126,128,129,572,302,571,303,304,329,606
62,45,46,701,387,49,88,53,74,56,76,391,393,573,131,130,132,327,608,606
62,45,46,480,492,479,47,48,51,52,55,57,72,392,624,672,611,752,727,753,674,589,609,134,608,606
62,45,46,479,47,49,102,103,92,80,79,125,127,129,572,326,571,303,304,329,606
62,45,46,479,47,49,88,53,74,56,58,391,393,574,131,326,571,303,304,329,606
62,45,46,479,47,49,88,53,74,56,58,578,393,574,131,326,325,132,327,608,606
62,45,46,479,47,48,51,53,74,75,76,391,393,573,572,326,325,303,304,329,606
62,45,46,479,47,48,88,53,74,56,76,391,393,573,131,326,325,132,304,329,606
62,45,46,479,47,48,51,52,55,57,72,392,624,672,611,752,754,753,674,589,609,134,328,327,608,606
62,45,46,480,492,479,47,48,51,52,55,57,72,590,624,672,611,752,754,753,674,589,328,134,608,606
62,45,46,701,387,49,88,53,89,75,77,124,125,127,129,572,326,571,303,304,329,606
62,45,46,701,387,49,88,53,74,56,58,578,393,573,131,130,132,304,329,606
62,40,41,119,122,730,700,123,102,103,92,80,79,125,82,300,302,571,303,304,329,606
62,45,46,701,387,49,88,53,74,56,58,391,126,128,573,572,326,325,132,327,329,606
62,45,46,479,47,48,51,53,74,75,76,124,126,128,129,572,302,571,303,304,329,606
62,45,46,479,47,49,88,53,89,78,77,124,126,128,129,572,302,571,303,304,329,606
62,45,46,701,387,49,88,53,74,75,77,79,125,127,129,572,326,325,303,304,329,606
62,45,46,480,492,479,47,48,51,52,55,57,72,392,624,672,611,752,727,753,674,589,328,327,329,606
62,45,46,479,47,48,88,53,74,56,58,391,393,573,572,326,571,303,304,329,606
62,45,46,479,47,48,88,53,74,56,58,578,393,573,572,326,325,132,327,608,606
62,45,46,479,47,48,88,53,74,75,76,391,393,574,131,326,571,303,304,329,606
62,45,46,479,47,48,51,52,55,56,58,578,393,574,131,326,325,132,327,329,606
62,45,46,701,387,49,102,90,78,80,79,81,82,300,302,571,303,304,329,606
62,45,46,479,47,48,51,52,55,57,72,392,624,672,611,752,754,753,674,589,576,130,132,327,329,606
62,45,46,479,47,48,51,53,74,75,76,391,126,128,573,131,326,571,303,304,329,606
62,45,46,479,47,48,88,101,89,75,76,391,393,574,576,130,328,327,608,606
62,45,46,479,47,48,51,52,74,56,76,391,126,128,129,572,326,325,132,327,329,606
62,40,41,398,660,700,123,102,90,78,77,124,125,127,129,572,302,571,303,304,329,606
62,45,46,701,387,49,88,53,74,75,76,124,126,128,573,131,326,325,132,327,608,606
62,40,41,119,122,730,700,123,102,90,78,77,124,126,128,573,131,326,325,132,304,329,606
62,40,41,398,660,700,123,102,90,78,77,124,126,128,129,572,326,325,132,327,329,606
62,45,46,479,47,48,88,101,89,75,77,124,126,128,573,131,130,132,327,329,606
62,45,46,479,47,48,51,53,89,75,76,391,126,127,129,572,302,571,303,304,329,606
62,45,46,479,47,48,51,53,74,56,76,391,126,128,129,572,326,325,132,327,608,606
62,45,46,701,387,49,88,53,74,56,58,578,575,574,131,130,328,327,329,606
62,45,46,479,47,48,51,53,89,78,77,79,81,82,300,302,571,303,304,329,606
62,45,46,479,47,48,51,52,74,56,76,124,126,128,129,572,326,325,303,304,329,606
62,45,46,479,47,48,51,53,89,78,77,124,126,128,573,131,326,571,303,304,329,606
62,45,46,479,47,48,51,52,55,57,72,392,577,579,727,752,754,753,674,673,610,609,134,328,327,329,606
62,45,46,479,47,48,51,52,55,57,58,578,393,573,572,326,325,303,304,329,606
62,45,46,479,47,49,88,53,89,75,76,391,393,573,131,326,325,132,304,329,606
62,40,41,119,122,730,700,123,102,90,78,80,79,125,127,129,572,302,571,303,304,329,606
62,45,46,701,387,49,88,53,74,75,77,79,125,82,300,302,571,303,304,329,606
62,45,46,479,47,49,88,101,90,78,77,124,126,128,573,572,302,571,303,304,329,606
62,45,46,479,47,48,51,52,55,56,76,391,126,128,129,572,326,325,303,304,329,606
62,45,46,479,47,48,51,52,55,56,76,124,126,127,129,572,302,571,303,304,329,606
62,45,46,479,47,48,51,52,74,75,76,391,393,573,572,326,325,303,304,329,606
62,45,46,479,47,48,88,101,89,75,76,391,393,574,576,589,328,134,608,606
62,45,46,479,47,48,88,53,74,56,76,391,393,573,131,326,325,132,327,329,606
62,45,46,701,387,49,88,101,90,78,77,124,126,127,129,572,326,325,132,304,329,606
62,45,46,479,47,48,88,53,89,75,76,124,126,128,129,572,326,571,303,304,329,606
62,45,46,701,387,49,88,53,74,56,58,578,393,573,131,130,132,327,329,606
62,45,46,479,47,49,88,53,74,75,76,391,126,128,573,572,326,571,303,304,329,606
62,45,46,479,47,48,88,53,89,78,77,79,125,127,129,572,302,571,303,304,329,606
62,45,46,701,387,49,88,53,89,75,77,124,126,128,573,572,326,325,303,304,329,606
62,45,46,479,47,48,51,52,74,75,76,124,126,128,129,572,302,571,303,304,329,606
62,45,46,479,47,48,51,52,55,57,72,392,577,578,393,574,131,326,571,303,304,329,606
62,45,46,479,47,48,51,52,55,57,72,392,624,672,611,752,754,753,727,576,130,132,304,329,606
62,45,46,701,479,47,48,51,52,55,57,72,590,624,672,611,752,727,753,674,673,610,609,134,608,606
62,45,46,479,47,48,51,52,74,75,76,391,126,128,573,131,326,571,303,304,329,606
62,45,46,479,47,48,51,52,55,57,72,392,624,672,611,752,754,753,674,589,576,130,328,134,608,606
62,45,46,701,387,49,102,90,78,77,124,125,127,129,572,326,325,303,304,329,606
62,45,46,479,47,48,51,53,89,75,77,79,125,127,129,572,302,571,303,304,329,606
62,45,46,701,387,49,88,53,74,56,58,391,126,128,573,572,326,325,132,327,608,606
62,45,46,479,47,48,51,53,74,75,76,124,126,128,573,572,326,571,303,304,329,606
62,45,46,479,47,49,88,53,89,78,77,124,126,128,573,572,326,571,303,304,329,606
62,45,46,701,479,47,48,51,52,55,57,72,590,624,672,611,668,673,610,609,134,608,606
62,45,46,480,492,479,47,48,51,52,55,57,72,392,624,672,611,752,727,753,674,589,328,327,608,606
62,40,41,119,122,730,700,123,102,90,78,77,124,126,128,573,131,326,325,132,327,329,606
62,45,46,479,47,48,51,52,55,56,58,391,393,574,131,326,571,303,304,329,606
62,45,46,479,47,48,51,52,55,56,58,578,393,574,131,326,325,132,327,608,606
62,45,46,479,47,48,51,52,55,57,72,392,624,672,611,752,754,753,674,589,576,130,132,327,608,606
62,45,46,479,47,48,88,101,89,75,77,124,126,128,573,131,130,328,134,608,606
62,45,46,479,47,48,51,52,74,56,76,391,126,128,129,572,326,325,132,327,608,606
62,45,46,701,387,49,102,90,78,80,91,81,82,300,302,571,303,304,329,606
62,45,46,701,387,49,88,53,89,75,77,124,126,128,129,572,326,325,132,304,329,606
62,45,46,479,47,48,88,53,89,75,76,391,126,128,573,572,302,571,303,304,329,606
62,45,46,479,47,49,88,53,89,75,76,391,393,573,131,326,325,132,327,329,606
62,45,46,701,479,47,48,51,52,55,57,72,392,624,672,611,752,727,576,130,328,327,329,606
62,40,41,398,660,700,123,102,90,78,77,124,126,128,129,572,326,325,132,327,608,606
62,45,46,479,47,48,88,101,89,75,77,124,126,128,573,131,130,132,327,608,606
62,45,46,701,387,49,88,53,74,56,58,578,575,574,131,130,328,327,608,606
62,45,46,701,387,49,88,101,90,78,77,124,126,127,129,572,326,325,132,327,329,606
62,45,46,701,387,49,88,53,74,75,76,124,126,127,300,302,571,303,304,329,606
62,45,46,479,47,48,51,52,55,57,72,392,577,579,727,752,754,753,674,673,610,609,134,328,327,608,606
62,45,46,701,387,49,88,53,74,56,58,578,393,573,131,130,328,134,608,606
62,45,46,701,387,49,102,90,78,77,124,125,82,300,302,571,303,304,329,606
62,45,46,479,47,48,51,53,89,75,76,391,393,574,131,326,325,132,304,329,606
62,45,46,479,47,48,51,53,74,56,76,391,126,128,573,572,326,325,132,304,329,606
62,45,46,479,47,48,51,52,55,57,72,392,624,672,611,752,754,753,727,576,130,132,327,329,606
62,45,46,479,47,48,88,53,74,56,76,391,393,573,131,326,325,132,327,608,606
62,45,46,479,47,48,88,53,74,56,76,391,393,574,131,326,325,303,304,329,606
62,45,46,701,387,49,88,53,74,56,58,578,393,573,131,130,132,327,608,606
62,45,46,701,479,47,49,88,101,89,75,76,391,126,128,129,572,326,571,303,304,329,606
62,45,46,479,47,48,51,53,74,56,76,391,126,128,573,131,326,325,303,304,329,606
62,45,46,479,47,48,51,53,74,56,76,124,125,127,129,572,326,571,303,304,329,606
62,45,46,479,47,49,102,103,92,80,79,125,127,129,572,302,571,303,304,329,606
62,45,46,479,47,48,51,52,74,75,76,124,126,128,573,572,326,571,303,304,329,606
62,45,46,479,47,49,102,90,78,77,79,125,127,300,302,571,303,304,329,606
62,45,46,701,387,49,88,53,74,75,77,124,126,127,129,572,326,571,303,304,329,606
62,45,46,479,47,48,88,53,74,56,58,578,393,573,131,326,325,132,304,329,606
62,45,46,479,47,48,88,53,74,56,76,391,126,127,129,572,326,571,303,304,329,606
62,45,46,701,387,49,88,53,89,75,77,124,125,127,129,572,302,571,303,304,329,606
62,45,46,701,387,49,88,53,89,75,76,124,125,127,129,572,326,325,303,304,329,606
62,40,41,119,122,730,700,123,102,103,297,104,91,81,82,300,302,571,303,304,329,606
62,45,46,701,387,49,88,53,89,75,77,124,126,128,129,572,326,325,132,327,329,606
62,45,46,479,47,48,88,53,74,56,58,391,393,573,572,302,571,303,304,329,606
62,40,41,119,122,730,700,123,102,90,78,77,124,126,128,573,131,326,325,132,327,608,606
62,45,46,479,47,49,88,101,90,78,77,79,81,82,300,302,571,303,304,329,606
62,45,46,479,47,49,88,101,90,78,77,124,126,128,573,131,326,571,303,304,329,606
62,45,46,479,47,49,88,53,74,75,76,124,126,128,129,572,326,571,303,304,329,606
62,45,46,479,47,49,88,53,89,75,76,391,393,573,131,326,325,132,327,608,606
62,45,46,479,47,49,88,53,89,75,76,391,393,574,131,326,325,303,304,329,606
62,45,46,479,47,49,88,53,74,56,76,391,126,128,573,572,326,325,303,304,329,606
62,45,46,701,479,47,48,51,52,55,57,72,392,624,672,611,752,727,576,130,328,327,608,606
62,45,46,479,47,48,51,53,89,75,76,391,393,574,131,326,325,132,327,329,606
62,45,46,479,47,48,51,53,74,56,58,391,126,128,129,572,326,571,303,304,329,606
62,45,46,479,47,48,51,53,74,56,76,391,126,128,573,572,326,325,132,327,329,606
62,45,46,479,47,48,51,52,74,56,76,391,126,128,573,572,326,325,132,304,329,606
62,45,46,701,387,49,88,101,90,78,77,124,126,127,129,572,326,325,132,327,608,606
62,45,46,479,47,48,51,52,55,57,72,392,624,672,611,752,754,753,727,576,130,328,134,608,606
62,45,46,701,387,49,88,53,89,75,76,124,125,82,300,302,571,303,304,329,606
62,45,46,479,47,48,51,52,55,57,58,578,575,574,131,326,325,132,304,329,606
62,45,46,479,47,49,88,53,89,75,76,391,126,127,129,572,326,571,303,304,329,606
62,45,46,479,47,48,88,53,89,75,76,391,393,573,572,326,325,303,304,329,606
62,45,46,479,47,48,51,52,74,56,76,391,126,128,573,131,326,325,303,304,329,606
62,40,41,398,660,700,123,102,90,78,77,124,126,128,573,572,326,325,132,304,329,606
62,45,46,479,47,48,51,52,74,56,76,124,125,127,129,572,326,571,303,304,329,606
62,45,46,479,47,48,51,53,74,56,76,124,126,128,573,572,326,325,303,304,329,606
62,45,46,479,47,48,88,53,74,56,58,578,393,573,131,326,325,132,327,329,606
62,45,46,479,47,48,51,52,55,57,72,392,624,672,611,752,754,753,727,576,130,132,327,608,606
62,45,46,479,47,48,88,53,89,75,76,124,126,128,129,572,302,571,303,304,329,606
62,45,46,479,47,49,88,53,74,75,76,391,126,128,573,572,302,571,303,304,329,606
62,40,41,398,660,700,123,102,90,78,77,124,126,128,573,131,326,325,303,304,329,606
62,45,46,479,47,49,88,53,74,56,76,391,126,128,129,572,326,325,132,304,329,606
62,45,46,701,387,49,88,53,74,75,76,391,126,127,129,572,326,325,132,304,329,606
62,40,41,119,122,730,700,123,102,103,92,80,79,125,127,129,572,326,325,132,304,329,606
62,45,46,479,47,48,88,53,89,75,76,391,126,128,573,131,326,571,303,304,329,606
62,45,46,701,387,49,88,53,74,56,58,391,126,128,573,131,326,325,132,304,329,606
62,40,41,398,660,700,123,102,103,92,80,79,125,127,300,302,571,303,304,329,606
62,45,46,479,47,48,51,53,89,75,76,124,126,127,129,572,326,571,303,304,329,606
62,45,46,701,479,47,48,51,52,55,57,72,392,624,672,611,752,727,576,589,328,134,608,606
62,45,46,701,479,47,48,51,52,55,57,72,392,624,672,611,752,754,673,674,589,609,134,608,606
62,45,46,701,387,49,88,53,89,75,77,124,126,128,129,572,326,325,132,327,608,606
62,45,46,479,47,48,51,53,74,75,76,124,126,128,573,572,302,571,303,304,329,606
62,45,46,479,47,49,88,53,89,78,77,124,126,128,573,572,302,571,303,304,329,606
62,45,46,479,47,48,51,53,74,56,76,124,126,128,129,572,326,325,132,304,329,606
62,45,46,701,387,49,88,53,89,78,77,124,126,127,129,572,326,325,132,304,329,606
62,45,46,479,47,48,51,52,74,56,58,391,126,128,129,572,326,571,303,304,329,606
62,45,46,479,47,48,51,52,74,56,76,391,126,128,573,572,326,325,132,327,329,606
62,40,41,119,122,730,700,324,295,297,104,91,81,82,300,302,571,303,304,329,606
62,45,46,479,47,49,88,53,89,75,77,79,125,127,129,572,326,571,303,304,329,606
62,45,46,701,387,49,88,53,74,56,76,391,393,574,131,130,132,304,329,606
62,45,46,701,479,47,48,51,52,55,57,72,392,624,672,611,752,754,673,674,589,328,327,329,606
62,45,46,479,47,48,51,52,55,57,58,578,575,574,131,326,325,132,327,329,606
62,45,46,479,47,48,51,53,74,75,76,391,393,573,572,326,325,132,304,329,606
62,40,41,119,122,730,700,123,102,90,78,77,124,126,127,300,302,571,303,304,329,606
62,40,41,398,660,700,123,102,90,78,77,124,126,128,573,572,326,325,132,327,329,606
62,45,46,479,47,48,51,53,89,75,76,391,393,574,131,326,325,132,327,608,606
62,45,46,479,47,48,51,53,74,56,76,391,126,128,573,572,326,325,132,327,608,606
62,45,46,701,387,49,88,53,74,56,76,391,393,573,131,130,328,327,329,606
62,45,46,479,47,48,51,52,74,56,76,124,126,128,573,572,326,325,303,304,329,606
62,45,46,701,387,49,88,53,74,75,77,79,125,127,129,572,326,325,132,304,329,606
