25,388
25,19,20,30,142,388
25,3,47,125,142,388
25,19,54,30,142,388
25,396,45,132,30,142,388
25,3,6,229,30,142,388
25,396,45,146,30,142,388
25,3,8,26,125,142,388
25,3,47,16,30,142,388
25,19,45,132,30,142,388
25,3,47,410,30,142,388
25,19,5,286,30,142,388
25,19,45,146,30,142,388
25,19,284,20,30,142,388
25,3,8,26,182,125,142,388
25,338,120,35,156,30,142,388
25,3,47,55,26,125,142,388
25,338,120,10,16,30,142,388
25,19,20,375,156,30,142,388
25,3,6,225,26,125,142,388
25,19,20,21,26,125,142,388
25,19,5,15,16,30,142,388
25,396,45,19,20,30,142,388
25,19,45,470,20,30,142,388
25,19,11,5,286,30,142,388
25,396,45,470,20,30,142,388
25,396,45,19,54,30,142,388
25,3,11,19,20,30,142,388
25,19,390,15,16,30,142,388
25,3,9,282,132,30,142,388
25,3,11,5,286,30,142,388
25,3,11,19,54,30,142,388
25,3,0,6,229,30,142,388
25,3,9,38,430,30,142,388
25,3,11,45,132,30,142,388
25,3,1,21,20,30,142,388
25,3,0,5,286,30,142,388
25,3,11,45,146,30,142,388
25,3,75,303,47,125,142,388
25,3,1,8,26,125,142,388
25,3,1,21,26,125,142,388
25,3,0,23,36,30,142,388
25,3,13,23,36,30,142,388
25,19,11,3,47,125,142,388
25,3,75,31,16,30,142,388
25,3,1,35,156,30,142,388
25,3,0,143,124,30,142,388
25,3,281,38,430,30,142,388
25,3,13,5,286,30,142,388
25,19,11,45,132,30,142,388
25,3,8,243,128,30,142,388
25,3,75,31,128,30,142,388
25,3,8,100,124,30,142,388
25,3,1,7,20,30,142,388
25,3,8,10,16,30,142,388
25,3,1,78,20,30,142,388
25,3,0,7,20,30,142,388
25,3,1,100,124,30,142,388
25,3,133,8,26,125,142,388
25,3,1,15,16,30,142,388
25,3,4,147,47,125,142,388
25,3,1,5,286,30,142,388
25,3,13,320,26,125,142,388
25,19,11,45,146,30,142,388
25,3,13,31,16,30,142,388
25,3,13,123,47,125,142,388
25,3,13,31,128,30,142,388
25,19,390,424,23,36,30,142,388
25,3,8,10,16,47,125,142,388
25,19,390,15,16,47,125,142,388
25,3,1,78,312,47,125,142,388
25,3,75,31,72,20,30,142,388
25,19,24,0,5,286,30,142,388
25,3,0,2,322,194,30,142,388
25,3,47,312,78,20,30,142,388
25,19,20,30,16,47,125,142,388
25,3,1,100,8,26,125,142,388
25,3,47,55,26,182,125,142,388
25,3,8,100,426,132,30,142,388
25,3,47,16,31,128,30,142,388
25,3,133,8,243,128,30,142,388
25,3,11,5,19,20,30,142,388
25,3,133,8,26,182,125,142,388
25,338,120,10,8,26,125,142,388
25,3,1,15,5,286,30,142,388
25,3,1,15,16,47,125,142,388
25,3,11,19,5,286,30,142,388
25,3,498,28,183,16,30,142,388
25,3,4,0,5,286,30,142,388
25,19,390,15,5,286,30,142,388
25,3,8,1,5,286,30,142,388
25,19,54,30,16,47,125,142,388
25,3,4,147,47,16,30,142,388
25,3,1,22,138,194,30,142,388
25,3,1,5,19,20,30,142,388
25,3,9,1,5,286,30,142,388
25,3,13,320,26,182,125,142,388
25,3,9,38,216,182,125,142,388
25,19,11,45,470,20,30,142,388
25,338,120,35,237,488,30,142,388
25,3,0,6,225,26,125,142,388
25,3,6,0,5,286,30,142,388
25,3,13,31,16,47,125,142,388
25,3,11,332,104,16,30,142,388
25,3,6,205,411,132,30,142,388
25,3,6,0,7,20,30,142,388
25,3,11,28,183,16,30,142,388
25,3,6,211,237,488,30,142,388
25,3,6,0,143,124,30,142,388
25,3,11,40,23,36,30,142,388
25,3,11,28,15,16,30,142,388
25,3,6,18,5,286,30,142,388
25,3,6,0,23,36,30,142,388
25,3,11,118,21,20,30,142,388
25,3,6,222,95,20,30,142,388
25,3,13,168,45,146,30,142,388
25,3,11,118,21,26,125,142,388
25,3,6,37,497,20,30,142,388
25,3,13,168,45,132,30,142,388
25,3,13,123,47,16,30,142,388
25,3,6,173,202,20,30,142,388
25,3,6,37,70,26,125,142,388
25,338,120,10,16,47,125,142,388
25,3,13,31,494,16,30,142,388
25,3,13,123,47,410,30,142,388
25,3,6,37,7,20,30,142,388
25,3,6,225,26,182,125,142,388
25,3,13,31,72,20,30,142,388
25,3,75,31,494,16,30,142,388
25,3,0,5,19,20,30,142,388
25,19,69,1,5,286,30,142,388
25,3,13,31,74,20,30,142,388
25,3,75,31,74,20,30,142,388
25,3,0,5,15,16,30,142,388
25,3,0,5,19,54,30,142,388
25,19,76,17,6,229,30,142,388
25,19,69,232,23,36,30,142,388
25,19,69,1,8,26,125,142,388
25,19,24,212,45,146,30,142,388
25,19,24,0,7,20,30,142,388
25,19,294,51,5,286,30,142,388
25,19,69,114,7,20,30,142,388
25,19,20,470,45,132,30,142,388
25,19,69,1,21,20,30,142,388
25,19,24,272,7,20,30,142,388
25,19,24,212,45,132,30,142,388
25,3,11,45,19,20,30,142,388
25,19,24,0,6,229,30,142,388
25,19,308,301,100,124,30,142,388
25,3,0,17,6,229,30,142,388
25,19,294,51,269,20,30,142,388
25,3,0,2,10,16,30,142,388
25,19,69,365,310,20,30,142,388
25,19,5,0,3,47,125,142,388
25,19,5,15,16,47,125,142,388
25,3,75,303,47,16,30,142,388
25,19,20,30,410,47,125,142,388
25,19,20,249,70,26,125,142,388
25,19,20,470,45,146,30,142,388
25,19,69,1,35,156,30,142,388
25,19,69,1,21,26,125,142,388
25,3,1,100,426,132,30,142,388
25,19,24,251,45,132,30,142,388
25,3,11,45,470,20,30,142,388
25,3,1,8,243,128,30,142,388
25,3,1,8,26,182,125,142,388
25,3,11,45,19,54,30,142,388
25,19,24,0,23,36,30,142,388
25,19,313,17,6,229,30,142,388
25,3,1,21,26,182,125,142,388
25,3,0,1,5,286,30,142,388
25,19,294,51,172,132,30,142,388
25,3,0,2,29,26,125,142,388
25,3,0,23,104,16,30,142,388
25,19,20,21,26,182,125,142,388
25,3,133,8,10,16,30,142,388
25,19,5,1,3,47,125,142,388
25,3,11,5,15,16,30,142,388
25,19,5,0,6,229,30,142,388
25,3,11,5,19,54,30,142,388
25,3,75,303,47,410,30,142,388
25,19,20,95,70,26,125,142,388
25,19,45,85,354,16,30,142,388
25,3,13,23,104,16,30,142,388
25,19,69,1,78,20,30,142,388
25,19,11,3,6,229,30,142,388
25,19,24,251,45,146,30,142,388
25,19,11,3,47,16,30,142,388
25,3,1,8,10,16,30,142,388
25,3,75,31,16,47,125,142,388
25,19,284,20,375,156,30,142,388
25,3,1,35,237,488,30,142,388
25,3,11,19,45,132,30,142,388
25,19,24,0,3,47,125,142,388
25,3,11,19,284,20,30,142,388
25,3,11,19,45,146,30,142,388
25,19,24,0,143,124,30,142,388
25,3,250,211,6,229,30,142,388
25,3,498,28,15,16,30,142,388
25,3,59,28,183,16,30,142,388
25,3,250,347,7,20,30,142,388
25,3,250,211,237,488,30,142,388
25,3,98,28,183,16,30,142,388
25,3,59,28,15,16,30,142,388
25,3,327,22,138,194,30,142,388
25,3,98,28,15,16,30,142,388
25,3,287,1,5,286,30,142,388
25,3,327,479,225,26,125,142,388
25,3,327,22,7,20,30,142,388
25,3,392,1,8,26,125,142,388
25,3,287,1,8,26,125,142,388
25,3,416,157,5,286,30,142,388
25,3,392,1,21,20,30,142,388
25,3,287,1,35,156,30,142,388
25,3,14,371,5,286,30,142,388
25,3,416,157,344,26,125,142,388
25,3,392,1,35,156,30,142,388
25,3,392,1,21,26,125,142,388
25,3,287,1,100,124,30,142,388
25,3,290,60,5,286,30,142,388
25,3,14,2,322,194,30,142,388
25,3,416,157,310,20,30,142,388
25,3,392,1,7,20,30,142,388
25,3,287,1,15,16,30,142,388
25,3,14,2,10,16,30,142,388
25,3,392,1,78,20,30,142,388
25,3,287,1,21,26,125,142,388
25,3,14,2,29,26,125,142,388
25,3,392,1,100,124,30,142,388
25,3,287,1,7,20,30,142,388
25,3,287,1,21,20,30,142,388
25,3,392,1,15,16,30,142,388
25,3,287,1,78,20,30,142,388
25,3,392,1,5,286,30,142,388
25,3,0,24,19,20,30,142,388
25,3,0,1,8,26,125,142,388
25,3,0,34,38,430,30,142,388
25,3,0,24,19,54,30,142,388
25,3,0,1,15,16,30,142,388
25,3,0,148,8,26,125,142,388
25,3,0,1,100,124,30,142,388
25,3,0,175,23,36,30,142,388
25,3,0,1,7,20,30,142,388
25,3,0,94,74,20,30,142,388
25,3,0,1,35,156,30,142,388
25,3,0,4,147,47,125,142,388
25,3,0,1,21,20,30,142,388
25,3,0,438,21,26,125,142,388
25,3,0,1,78,20,30,142,388
25,3,0,1,21,26,125,142,388
25,3,0,260,100,124,30,142,388
25,3,0,438,21,20,30,142,388
25,3,0,50,71,47,125,142,388
25,3,4,42,6,229,30,142,388
25,3,4,0,7,20,30,142,388
25,3,4,113,15,16,30,142,388
25,3,4,0,143,124,30,142,388
25,3,4,301,100,124,30,142,388
25,3,4,0,23,36,30,142,388
25,3,8,26,55,47,125,142,388
25,3,4,0,6,229,30,142,388
25,3,8,26,21,20,30,142,388
25,3,133,8,100,124,30,142,388
25,19,11,5,15,16,30,142,388
25,3,8,83,5,286,30,142,388
25,19,5,51,269,20,30,142,388
25,3,8,391,397,16,30,142,388
25,19,5,363,74,20,30,142,388
25,19,5,51,172,132,30,142,388
25,19,5,12,115,20,30,142,388
25,19,5,1,8,26,125,142,388
25,19,5,18,6,229,30,142,388
25,19,5,12,154,47,125,142,388
25,19,5,1,35,156,30,142,388
25,19,5,83,8,26,125,142,388
25,19,5,1,7,20,30,142,388
25,19,5,48,429,286,30,142,388
25,3,8,1,21,20,30,142,388
25,19,5,1,78,20,30,142,388
25,19,5,13,320,26,125,142,388
25,19,5,48,7,20,30,142,388
25,3,8,1,35,156,30,142,388
25,3,8,1,21,26,125,142,388
25,19,5,1,15,16,30,142,388
25,19,5,157,310,20,30,142,388
25,19,5,13,23,36,30,142,388
25,3,8,1,100,124,30,142,388
25,19,5,1,21,20,30,142,388
25,19,5,11,3,47,125,142,388
25,19,5,157,344,26,125,142,388
25,19,5,13,31,16,30,142,388
25,3,8,1,15,16,30,142,388
25,19,5,1,100,124,30,142,388
25,19,5,1,21,26,125,142,388
25,19,5,491,310,20,30,142,388
25,19,5,11,45,132,30,142,388
25,19,5,13,3,47,125,142,388
25,19,5,13,31,128,30,142,388
25,3,8,1,7,20,30,142,388
25,19,5,11,45,146,30,142,388
25,19,5,13,123,47,125,142,388
25,3,8,1,78,20,30,142,388
25,3,281,38,216,182,125,142,388
25,396,45,11,5,286,30,142,388
25,19,54,30,410,47,125,142,388
25,19,5,0,23,36,30,142,388
25,396,45,85,354,16,30,142,388
25,396,45,11,3,47,125,142,388
25,19,5,0,143,124,30,142,388
25,396,45,166,35,156,30,142,388
25,396,45,11,19,54,30,142,388
25,19,5,0,7,20,30,142,388
25,396,45,109,437,194,30,142,388
25,396,45,11,19,20,30,142,388
25,3,4,147,47,410,30,142,388
25,396,45,192,72,20,30,142,388
25,19,20,72,31,16,30,142,388
25,3,13,5,19,20,30,142,388
25,396,45,53,38,430,30,142,388
25,19,20,74,31,16,30,142,388
25,19,20,72,31,128,30,142,388
25,3,13,5,15,16,30,142,388
25,3,13,5,19,54,30,142,388
25,396,45,92,78,20,30,142,388
25,19,20,78,312,47,125,142,388
25,19,20,74,31,128,30,142,388
25,3,1,93,8,26,125,142,388
25,19,45,192,72,20,30,142,388
25,3,1,22,7,20,30,142,388
25,19,69,1,7,20,30,142,388
25,3,1,317,8,26,125,142,388
25,19,45,109,437,194,30,142,388
25,19,11,332,104,16,30,142,388
25,19,69,1,100,124,30,142,388
25,3,1,0,5,286,30,142,388
25,19,45,11,5,286,30,142,388
25,19,11,28,183,16,30,142,388
25,19,69,1,3,47,125,142,388
25,3,1,127,5,286,30,142,388
25,3,1,0,7,20,30,142,388
25,19,45,166,35,156,30,142,388
25,19,45,11,3,47,125,142,388
25,19,11,40,23,36,30,142,388
25,19,11,28,15,16,30,142,388
25,19,69,1,15,16,30,142,388
25,3,1,191,8,26,125,142,388
25,3,1,0,6,229,30,142,388
25,19,45,53,38,430,30,142,388
25,3,1,5,15,16,30,142,388
25,19,11,118,21,26,125,142,388
25,3,1,157,5,286,30,142,388
25,3,1,0,143,124,30,142,388
25,19,45,92,78,20,30,142,388
25,19,11,3,8,26,125,142,388
25,19,11,118,21,20,30,142,388
25,3,1,161,5,286,30,142,388
25,3,1,157,344,26,125,142,388
25,3,1,0,23,36,30,142,388
25,3,1,5,19,54,30,142,388
25,19,11,3,47,410,30,142,388
25,3,1,8,100,124,30,142,388
25,3,1,164,45,132,30,142,388
25,3,1,157,310,20,30,142,388
25,254,58,24,19,54,30,142,388
25,396,45,19,5,286,30,142,388
25,254,58,24,19,20,30,142,388
25,396,45,19,284,20,30,142,388
25,3,9,270,5,286,30,142,388
25,3,9,1,21,20,30,142,388
25,3,9,88,38,430,30,142,388
25,3,9,1,35,156,30,142,388
25,3,9,1,21,26,125,142,388
25,3,9,77,35,156,30,142,388
25,3,9,1,100,124,30,142,388
25,19,284,20,21,26,125,142,388
25,3,9,1,15,16,30,142,388
25,3,1,188,5,286,30,142,388
25,3,9,1,8,26,125,142,388
25,3,1,9,38,430,30,142,388
25,3,9,1,7,20,30,142,388
25,3,1,69,19,20,30,142,388
25,3,1,9,282,132,30,142,388
25,3,9,1,78,20,30,142,388
25,3,1,44,23,36,30,142,388
25,3,1,69,19,54,30,142,388
25,3,1,57,31,16,30,142,388
25,3,1,44,204,20,30,142,388
25,3,1,116,71,47,125,142,388
25,3,1,57,31,128,30,142,388
25,3,1,296,95,20,30,142,388
25,3,1,164,45,146,30,142,388
25,221,186,17,6,229,30,142,388
25,254,336,197,38,430,30,142,388
25,221,186,321,55,26,125,142,388
25,254,58,12,5,286,30,142,388
25,221,186,131,104,16,30,142,388
25,221,186,321,55,47,125,142,388
25,254,58,12,154,47,125,142,388
25,254,58,12,115,20,30,142,388
25,3,327,479,225,6,229,30,142,388
25,3,327,22,1,5,286,30,142,388
25,19,284,20,21,26,182,125,142,388
25,3,9,1,15,16,47,125,142,388
25,3,1,188,5,19,20,30,142,388
25,254,58,24,0,6,229,30,142,388
25,3,9,1,8,243,128,30,142,388
25,3,9,1,8,26,182,125,142,388
25,396,45,19,11,5,286,30,142,388
25,3,9,270,5,19,20,30,142,388
25,254,58,24,19,5,286,30,142,388
25,3,1,9,38,216,182,125,142,388
25,3,9,1,21,26,182,125,142,388
25,3,9,88,223,143,124,30,142,388
25,3,1,69,114,7,20,30,142,388
25,3,1,9,270,5,286,30,142,388
25,396,45,19,5,15,16,30,142,388
25,3,9,1,0,5,286,30,142,388
25,3,9,1,78,312,47,125,142,388
25,3,327,479,225,26,182,125,142,388
25,3,1,44,23,104,16,30,142,388
25,3,9,88,38,216,182,125,142,388
25,3,1,69,19,5,286,30,142,388
25,3,9,1,15,5,286,30,142,388
25,3,9,77,228,8,26,125,142,388
25,19,5,286,30,16,47,125,142,388
25,3,1,57,31,16,47,125,142,388
25,3,1,44,50,71,47,125,142,388
25,3,1,116,71,47,16,30,142,388
25,3,1,57,31,72,20,30,142,388
25,3,1,475,11,5,286,30,142,388
25,3,1,296,95,70,26,125,142,388
25,3,1,164,45,19,20,30,142,388
25,221,314,264,161,5,286,30,142,388
25,19,284,20,72,31,16,30,142,388
25,3,9,32,145,389,26,125,142,388
25,221,186,17,6,225,26,125,142,388
25,3,9,1,35,237,488,30,142,388
25,254,336,197,38,216,182,125,142,388
25,221,186,17,0,5,286,30,142,388
25,221,186,321,55,26,182,125,142,388
25,3,9,1,100,8,26,125,142,388
25,254,58,12,5,19,20,30,142,388
25,221,186,439,33,23,36,30,142,388
25,221,186,131,33,7,20,30,142,388
25,221,186,131,104,23,36,30,142,388
25,221,186,131,104,16,47,125,142,388
25,3,9,77,35,237,488,30,142,388
25,3,8,10,2,29,26,125,142,388
25,3,9,38,401,23,36,30,142,388
25,221,186,321,55,47,16,30,142,388
25,254,58,12,154,47,16,30,142,388
25,254,58,12,2,322,194,30,142,388
25,3,327,22,91,10,16,30,142,388
25,3,327,22,1,8,26,125,142,388
25,3,392,1,8,243,128,30,142,388
25,3,1,188,5,15,16,30,142,388
25,3,1,188,5,19,54,30,142,388
25,3,498,28,15,16,47,125,142,388
25,19,11,45,85,354,16,30,142,388
25,3,11,28,183,16,47,125,142,388
25,254,58,24,212,45,146,30,142,388
25,3,392,1,8,26,182,125,142,388
25,254,58,24,0,7,20,30,142,388
25,3,287,1,8,243,128,30,142,388
25,3,9,1,8,10,16,30,142,388
25,3,287,1,8,26,182,125,142,388
25,3,11,19,390,15,16,30,142,388
25,3,498,28,15,5,286,30,142,388
25,396,45,19,390,15,16,30,142,388
25,3,9,38,216,182,26,125,142,388
25,396,45,19,11,3,47,125,142,388
25,3,6,211,121,38,430,30,142,388
25,3,416,157,5,19,20,30,142,388
25,3,9,270,5,15,16,30,142,388
25,3,9,270,5,19,54,30,142,388
25,3,250,211,6,225,26,125,142,388
25,3,14,371,5,19,20,30,142,388
25,3,1,78,20,19,54,30,142,388
25,254,58,24,19,45,132,30,142,388
25,3,1,69,232,23,36,30,142,388
25,3,1,9,88,38,430,30,142,388
25,3,11,40,23,104,16,30,142,388
25,3,9,1,127,5,286,30,142,388
25,3,9,1,0,7,20,30,142,388
25,3,416,157,344,26,182,125,142,388
25,3,11,28,145,389,26,125,142,388
25,3,392,1,35,237,488,30,142,388
25,3,6,211,237,35,156,30,142,388
25,3,0,7,1,21,20,30,142,388
25,3,9,282,132,45,146,30,142,388
25,3,392,1,21,26,182,125,142,388
25,3,1,69,19,45,132,30,142,388
25,3,11,28,15,16,47,125,142,388
25,3,287,1,100,8,26,125,142,388
25,3,11,28,15,5,286,30,142,388
25,3,346,248,110,35,156,30,142,388
25,19,5,286,30,410,47,125,142,388
25,3,290,60,33,7,20,30,142,388
25,3,290,60,5,19,20,30,142,388
25,3,1,44,325,322,194,30,142,388
25,3,0,7,20,19,54,30,142,388
25,3,47,55,79,464,20,30,142,388
25,3,14,96,48,5,286,30,142,388
25,3,1,116,71,47,410,30,142,388
25,3,6,18,5,19,20,30,142,388
25,3,1,57,31,74,20,30,142,388
25,3,1,108,199,6,229,30,142,388
25,3,6,0,34,38,430,30,142,388
25,3,416,157,1,8,26,125,142,388
25,3,1,475,11,19,54,30,142,388
25,3,6,0,23,104,16,30,142,388
25,3,1,164,45,470,20,30,142,388
25,3,1,164,45,19,54,30,142,388
25,3,98,28,183,16,47,125,142,388
25,3,6,0,5,19,20,30,142,388
25,3,287,1,35,237,488,30,142,388
25,3,8,243,408,21,20,30,142,388
25,3,133,242,211,237,488,30,142,388
25,19,284,20,74,31,16,30,142,388
25,19,284,20,72,31,128,30,142,388
25,3,8,243,128,31,16,30,142,388
25,3,287,1,15,5,286,30,142,388
25,3,9,316,0,5,286,30,142,388
25,3,287,1,15,16,47,125,142,388
25,3,9,32,11,5,286,30,142,388
25,3,11,139,12,154,47,125,142,388
25,221,186,17,6,3,47,125,142,388
25,3,14,2,10,8,26,125,142,388
25,19,24,0,3,6,229,30,142,388
25,3,6,222,256,7,20,30,142,388
25,3,6,222,95,70,26,125,142,388
25,3,14,2,10,16,47,125,142,388
25,3,392,1,78,312,47,125,142,388
25,221,186,17,179,45,132,30,142,388
25,221,186,17,0,7,20,30,142,388
25,3,250,406,17,6,229,30,142,388
25,3,59,28,183,16,47,125,142,388
25,3,13,253,157,5,286,30,142,388
25,3,9,1,100,426,132,30,142,388
25,3,287,1,21,26,182,125,142,388
25,254,58,12,5,15,16,30,142,388
25,3,14,2,0,5,286,30,142,388
25,254,58,12,5,19,54,30,142,388
25,3,250,211,121,38,430,30,142,388
25,3,250,211,237,35,156,30,142,388
25,338,120,149,62,7,20,30,142,388
25,221,186,387,28,15,16,30,142,388
25,221,186,439,33,7,20,30,142,388
25,3,14,2,29,26,182,125,142,388
25,221,186,131,33,23,36,30,142,388
25,3,392,1,100,8,26,125,142,388
25,3,0,6,225,26,182,125,142,388
25,3,11,118,21,26,182,125,142,388
25,3,8,10,89,21,20,30,142,388
25,3,8,10,2,322,194,30,142,388
25,3,11,40,209,374,156,30,142,388
25,3,0,6,205,411,132,30,142,388
25,3,9,38,53,45,132,30,142,388
25,396,45,132,30,16,47,125,142,388
25,221,186,321,55,47,410,30,142,388
25,3,392,1,15,5,286,30,142,388
25,254,58,12,154,47,410,30,142,388
25,3,13,168,45,19,20,30,142,388
25,3,392,1,15,16,47,125,142,388
25,254,58,12,189,45,132,30,142,388
25,254,58,12,2,10,16,30,142,388
25,3,287,1,93,8,26,125,142,388
25,3,287,1,78,312,47,125,142,388
25,3,327,22,137,71,47,125,142,388
25,19,24,0,3,47,16,30,142,388
25,3,0,1,8,26,182,125,142,388
25,3,0,34,17,6,229,30,142,388
25,3,6,37,70,26,182,125,142,388
25,3,327,22,1,35,156,30,142,388
25,3,392,1,8,10,16,30,142,388
25,19,11,45,53,38,430,30,142,388
25,3,0,24,19,5,286,30,142,388
25,254,58,24,272,7,20,30,142,388
25,254,58,24,212,45,132,30,142,388
25,254,58,24,0,5,286,30,142,388
25,3,0,34,38,216,182,125,142,388
25,3,287,1,8,10,16,30,142,388
25,3,0,1,15,5,286,30,142,388
25,3,9,1,8,100,124,30,142,388
25,3,59,28,15,5,286,30,142,388
25,3,6,229,30,16,47,125,142,388
25,338,120,10,16,47,410,30,142,388
25,3,0,1,15,16,47,125,142,388
25,3,0,148,8,243,128,30,142,388
25,338,120,10,16,31,128,30,142,388
25,3,0,148,8,26,182,125,142,388
25,3,0,1,100,8,26,125,142,388
25,3,13,31,16,47,410,30,142,388
25,19,24,0,1,5,286,30,142,388
25,3,13,31,494,16,47,125,142,388
25,3,416,157,5,15,16,30,142,388
25,19,45,132,30,16,47,125,142,388
25,3,416,157,5,19,54,30,142,388
25,3,0,175,23,104,16,30,142,388
25,3,11,19,45,470,20,30,142,388
25,3,13,123,47,55,26,125,142,388
25,3,6,37,360,45,132,30,142,388
25,3,14,371,5,15,16,30,142,388
25,3,14,371,5,19,54,30,142,388
25,3,6,37,70,95,20,30,142,388
25,3,59,28,144,23,36,30,142,388
25,19,45,132,426,100,124,30,142,388
25,3,0,94,74,31,16,30,142,388
25,3,1,78,20,21,26,125,142,388
25,254,58,24,19,284,20,30,142,388
25,254,58,24,19,45,146,30,142,388
25,3,0,1,35,237,488,30,142,388
25,3,1,69,365,310,20,30,142,388
25,3,6,225,26,21,20,30,142,388
25,3,1,9,77,35,156,30,142,388
25,3,0,4,42,6,229,30,142,388
25,3,0,4,147,47,16,30,142,388
25,3,9,1,157,5,286,30,142,388
25,3,11,332,104,23,36,30,142,388
25,3,13,320,26,21,20,30,142,388
25,3,9,1,0,6,229,30,142,388
25,3,59,28,15,16,47,125,142,388
25,3,11,28,215,172,132,30,142,388
25,3,1,7,0,6,229,30,142,388
25,3,0,438,21,26,182,125,142,388
25,3,0,1,22,138,194,30,142,388
25,3,0,1,78,312,47,125,142,388
25,3,0,7,48,5,286,30,142,388
25,3,0,24,212,45,132,30,142,388
25,3,6,17,76,19,20,30,142,388
25,3,75,31,494,16,47,125,142,388
25,3,0,7,1,8,26,125,142,388
25,3,0,7,1,21,26,125,142,388
25,3,0,1,21,26,182,125,142,388
25,3,1,69,19,284,20,30,142,388
25,19,390,424,459,7,20,30,142,388
25,3,0,260,100,8,26,125,142,388
25,3,1,69,19,45,146,30,142,388
25,3,287,1,100,426,132,30,142,388
25,3,327,22,138,70,26,125,142,388
25,19,390,424,23,104,16,30,142,388
25,3,0,160,51,5,286,30,142,388
25,3,372,253,13,31,16,30,142,388
25,3,346,248,28,15,16,30,142,388
25,3,0,50,44,204,20,30,142,388
25,3,6,173,297,38,430,30,142,388
25,19,284,20,30,16,47,125,142,388
25,3,290,60,33,23,36,30,142,388
25,3,0,50,71,47,16,30,142,388
25,19,69,1,5,15,16,30,142,388
25,3,4,42,81,5,286,30,142,388
25,3,290,60,5,15,16,30,142,388
25,3,290,60,5,19,54,30,142,388
25,3,4,42,6,225,26,125,142,388
25,3,1,44,274,143,124,30,142,388
25,3,498,28,41,23,36,30,142,388
25,3,98,28,15,16,47,125,142,388
25,3,98,28,11,45,146,30,142,388
25,3,13,31,75,303,47,125,142,388
25,3,75,31,13,123,47,125,142,388
25,3,0,7,20,375,156,30,142,388
25,19,390,15,16,31,128,30,142,388
25,3,14,96,109,437,194,30,142,388
25,3,14,96,48,7,20,30,142,388
25,3,4,113,15,5,286,30,142,388
25,3,6,18,5,15,16,30,142,388
25,3,6,18,5,19,54,30,142,388
25,3,4,113,15,16,47,125,142,388
25,3,1,57,31,494,16,30,142,388
25,338,120,35,156,375,20,30,142,388
25,3,4,159,37,6,229,30,142,388
25,3,1,472,402,45,132,30,142,388
25,3,4,301,308,19,20,30,142,388
25,3,6,0,2,322,194,30,142,388
25,19,390,15,16,47,410,30,142,388
25,3,4,301,100,8,26,125,142,388
25,3,416,157,1,21,20,30,142,388
25,3,0,5,13,123,47,125,142,388
25,3,1,475,11,45,132,30,142,388
25,3,1,475,11,19,20,30,142,388
25,3,4,0,23,104,16,30,142,388
25,3,1,7,20,19,54,30,142,388
25,3,8,10,16,47,410,30,142,388
25,3,47,125,26,21,20,30,142,388
25,3,0,5,15,16,47,125,142,388
25,3,8,26,55,47,16,30,142,388
25,3,4,0,17,6,229,30,142,388
25,3,6,0,5,15,16,30,142,388
25,3,6,0,5,19,54,30,142,388
25,3,1,78,92,45,132,30,142,388
25,3,0,5,19,284,20,30,142,388
25,3,4,0,6,225,26,125,142,388
25,3,8,26,225,6,229,30,142,388
25,3,8,243,408,21,26,125,142,388
25,3,1,78,312,47,16,30,142,388
25,3,133,217,22,138,194,30,142,388
25,3,133,242,211,6,229,30,142,388
25,3,98,28,15,5,286,30,142,388
25,19,45,146,30,16,47,125,142,388
25,19,76,162,44,23,36,30,142,388
25,3,133,8,1,5,286,30,142,388
25,19,284,20,78,312,47,125,142,388
25,3,133,8,100,426,132,30,142,388
25,19,284,20,74,31,128,30,142,388
25,19,76,17,0,5,286,30,142,388
25,19,11,5,0,3,47,125,142,388
25,3,8,10,16,31,128,30,142,388
25,19,11,5,15,16,47,125,142,388
25,3,9,493,48,5,286,30,142,388
25,3,1,21,20,19,54,30,142,388
25,19,76,17,6,225,26,125,142,388
25,3,9,316,0,7,20,30,142,388
25,3,0,1,8,243,128,30,142,388
25,3,11,19,20,375,156,30,142,388
25,19,69,232,23,104,16,30,142,388
25,19,69,1,8,3,47,125,142,388
25,3,9,32,178,23,36,30,142,388
25,3,9,32,11,19,54,30,142,388
25,3,8,83,5,19,20,30,142,388
25,3,11,255,69,19,54,30,142,388
25,3,8,148,0,6,229,30,142,388
25,3,11,139,12,5,286,30,142,388
25,3,8,391,340,35,156,30,142,388
25,3,8,391,397,16,47,125,142,388
25,3,6,205,79,464,20,30,142,388
25,19,69,1,8,26,182,125,142,388
25,19,5,363,74,31,16,30,142,388
25,19,24,0,3,8,26,125,142,388
25,19,5,51,48,7,20,30,142,388
25,338,120,35,1,5,286,30,142,388
25,3,11,332,104,16,47,125,142,388
25,221,186,17,319,45,132,30,142,388
25,396,45,132,426,100,124,30,142,388
25,221,186,17,179,45,146,30,142,388
25,3,392,1,5,19,20,30,142,388
25,3,287,324,11,19,20,30,142,388
25,19,24,0,5,15,16,30,142,388
25,221,186,17,0,3,47,125,142,388
25,19,5,1,8,3,47,125,142,388
25,19,5,1,8,26,182,125,142,388
25,221,186,17,0,6,229,30,142,388
25,19,5,1,8,10,16,30,142,388
25,19,20,21,1,5,286,30,142,388
25,221,186,17,0,143,124,30,142,388
25,19,5,1,8,243,128,30,142,388
25,19,20,21,408,243,128,30,142,388
25,19,20,21,1,8,26,125,142,388
25,221,186,17,0,23,36,30,142,388
25,19,5,1,8,100,124,30,142,388
25,19,20,21,89,10,16,30,142,388
25,19,20,21,1,35,156,30,142,388
25,3,13,67,477,322,194,30,142,388
25,3,13,253,157,344,26,125,142,388
25,19,20,21,1,3,47,125,142,388
25,3,13,119,318,100,124,30,142,388
25,3,13,67,28,15,16,30,142,388
25,3,13,253,157,310,20,30,142,388
25,19,20,21,1,100,124,30,142,388
25,3,13,306,91,10,16,30,142,388
25,3,13,67,82,201,20,30,142,388
25,3,13,67,28,183,16,30,142,388
25,19,20,21,1,15,16,30,142,388
25,3,13,177,51,5,286,30,142,388
25,19,5,18,6,225,26,125,142,388
25,19,5,12,2,322,194,30,142,388
25,3,13,224,114,7,20,30,142,388
25,3,13,177,51,269,20,30,142,388
25,19,5,18,6,3,47,125,142,388
25,19,5,12,189,45,132,30,142,388
25,19,5,12,2,10,16,30,142,388
25,3,13,177,51,172,132,30,142,388
25,19,5,12,334,10,16,30,142,388
25,19,5,12,189,45,146,30,142,388
25,19,5,12,2,29,26,125,142,388
25,19,5,12,185,72,20,30,142,388
25,3,392,1,93,8,26,125,142,388
25,19,294,51,5,15,16,30,142,388
25,19,5,12,107,7,20,30,142,388
25,3,392,1,317,8,26,125,142,388
25,19,5,12,154,47,16,30,142,388
25,19,5,1,35,237,488,30,142,388
25,3,392,1,0,5,286,30,142,388
25,19,5,12,154,47,410,30,142,388
25,3,14,2,379,45,132,30,142,388
25,3,392,1,127,5,286,30,142,388
25,3,392,1,0,7,20,30,142,388
25,3,14,2,12,5,286,30,142,388
25,3,14,2,379,45,146,30,142,388
25,3,392,1,157,5,286,30,142,388
25,3,392,1,0,6,229,30,142,388
25,3,14,2,233,423,132,30,142,388
25,3,14,2,12,154,47,125,142,388
25,3,392,1,161,5,286,30,142,388
25,3,392,1,157,344,26,125,142,388
25,3,392,1,0,143,124,30,142,388
25,3,14,2,62,7,20,30,142,388
25,3,14,2,233,71,47,125,142,388
25,3,14,2,12,115,20,30,142,388
25,3,392,1,164,45,132,30,142,388
25,3,392,1,157,310,20,30,142,388
25,3,392,1,0,23,36,30,142,388
25,3,14,2,233,234,20,30,142,388
25,3,392,1,188,5,286,30,142,388
25,3,392,1,164,45,146,30,142,388
25,3,14,2,0,7,20,30,142,388
25,3,392,1,191,8,26,125,142,388
25,3,287,1,5,19,20,30,142,388
25,3,14,2,0,6,229,30,142,388
25,3,392,1,9,38,430,30,142,388
25,3,287,1,5,15,16,30,142,388
25,3,287,1,5,19,54,30,142,388
25,3,14,2,0,143,124,30,142,388
25,3,392,1,69,19,20,30,142,388
25,3,392,1,9,282,132,30,142,388
25,3,14,2,0,23,36,30,142,388
25,3,392,1,44,23,36,30,142,388
25,3,392,1,69,19,54,30,142,388
25,19,5,83,8,3,47,125,142,388
25,3,392,1,57,31,16,30,142,388
25,3,392,1,44,204,20,30,142,388
25,19,5,83,8,243,128,30,142,388
25,3,392,1,22,7,20,30,142,388
25,3,392,1,57,31,128,30,142,388
25,19,5,83,8,100,124,30,142,388
25,3,392,1,116,71,47,125,142,388
25,3,392,1,22,138,194,30,142,388
25,19,5,83,8,10,16,30,142,388
25,3,392,1,296,95,20,30,142,388
25,19,5,83,8,26,182,125,142,388
25,3,75,303,386,201,20,30,142,388
25,3,1,100,8,243,128,30,142,388
25,3,1,100,8,26,182,125,142,388
25,3,1,100,8,10,16,30,142,388
25,221,186,387,28,183,16,30,142,388
25,221,186,439,33,35,156,30,142,388
25,221,186,131,33,35,156,30,142,388
25,3,392,1,100,426,132,30,142,388
25,3,8,10,120,35,156,30,142,388
25,3,8,10,89,21,26,125,142,388
25,3,11,40,171,70,26,125,142,388
25,3,11,40,209,95,20,30,142,388
25,3,0,6,211,237,488,30,142,388
25,3,9,38,53,45,146,30,142,388
25,3,0,6,37,70,26,125,142,388
25,396,45,132,30,410,47,125,142,388
25,3,0,6,173,202,20,30,142,388
25,3,0,6,37,7,20,30,142,388
25,3,0,6,222,95,20,30,142,388
25,3,0,6,37,497,20,30,142,388
25,3,0,6,18,5,286,30,142,388
25,3,13,168,45,470,20,30,142,388
25,3,13,168,45,19,54,30,142,388
25,254,58,12,334,10,16,30,142,388
25,254,58,12,189,45,146,30,142,388
25,254,58,12,107,7,20,30,142,388
25,254,58,12,2,29,26,125,142,388
25,254,58,12,185,72,20,30,142,388
25,3,287,1,317,8,26,125,142,388
25,19,24,0,3,47,410,30,142,388
25,3,287,1,0,5,286,30,142,388
25,19,5,11,3,6,229,30,142,388
25,3,287,1,127,5,286,30,142,388
25,3,287,1,0,7,20,30,142,388
25,19,5,11,3,8,26,125,142,388
25,3,287,1,9,38,430,30,142,388
25,3,287,1,0,6,229,30,142,388
25,3,287,1,157,5,286,30,142,388
25,3,287,1,9,282,132,30,142,388
25,3,287,1,0,143,124,30,142,388
25,3,287,1,161,5,286,30,142,388
25,3,287,1,157,344,26,125,142,388
25,3,287,1,0,23,36,30,142,388
25,3,287,1,188,5,286,30,142,388
25,3,287,1,157,310,20,30,142,388
25,3,287,1,191,8,26,125,142,388
25,19,5,11,3,47,16,30,142,388
25,3,287,1,22,138,194,30,142,388
25,19,5,11,3,47,410,30,142,388
25,3,287,1,69,19,20,30,142,388
25,3,287,1,22,7,20,30,142,388
25,3,287,1,57,31,128,30,142,388
25,3,287,1,69,19,54,30,142,388
25,3,287,1,116,71,47,125,142,388
25,3,287,1,57,31,16,30,142,388
25,3,287,1,164,45,132,30,142,388
25,3,327,22,1,100,124,30,142,388
25,3,287,1,296,95,20,30,142,388
25,3,287,1,164,45,146,30,142,388
25,3,327,22,1,15,16,30,142,388
25,3,287,1,44,23,36,30,142,388
25,3,327,22,1,21,26,125,142,388
25,3,287,1,44,204,20,30,142,388
25,3,327,22,1,7,20,30,142,388
25,3,327,22,1,21,20,30,142,388
25,3,327,22,1,78,20,30,142,388
25,3,392,1,8,100,124,30,142,388
25,19,11,45,109,437,194,30,142,388
25,19,5,157,1,100,124,30,142,388
25,19,11,45,192,72,20,30,142,388
25,19,5,157,416,3,47,125,142,388
25,19,5,157,1,8,26,125,142,388
25,19,11,45,92,78,20,30,142,388
25,19,5,157,1,21,20,30,142,388
25,19,11,45,166,35,156,30,142,388
25,19,5,157,1,35,156,30,142,388
25,19,5,157,1,21,26,125,142,388
25,19,5,157,1,7,20,30,142,388
25,3,47,55,26,21,20,30,142,388
25,19,5,157,1,78,20,30,142,388
25,3,0,24,19,45,132,30,142,388
25,19,5,157,1,3,47,125,142,388
25,3,0,24,19,284,20,30,142,388
25,3,0,24,19,45,146,30,142,388
25,19,5,157,1,15,16,30,142,388
25,19,5,157,344,26,182,125,142,388
25,254,58,24,251,45,132,30,142,388
25,19,308,301,4,3,47,125,142,388
25,254,58,24,251,45,146,30,142,388
25,19,308,301,4,147,47,125,142,388
25,19,5,15,28,183,16,30,142,388
25,3,8,100,1,7,20,30,142,388
25,19,5,15,1,8,26,125,142,388
25,3,8,100,1,35,156,30,142,388
25,19,5,15,1,21,20,30,142,388
25,3,8,100,1,78,20,30,142,388
25,19,5,15,1,35,156,30,142,388
25,19,5,15,1,21,26,125,142,388
25,3,8,100,1,15,16,30,142,388
25,19,5,15,1,78,20,30,142,388
25,3,8,100,1,21,20,30,142,388
25,19,5,15,1,7,20,30,142,388
25,3,8,100,1,5,286,30,142,388
25,3,8,100,1,21,26,125,142,388
25,19,5,15,1,100,124,30,142,388
25,19,308,301,100,426,132,30,142,388
25,19,5,15,1,3,47,125,142,388
25,19,308,301,100,8,26,125,142,388
25,19,5,13,31,16,47,125,142,388
25,254,58,24,0,23,36,30,142,388
25,19,24,0,6,225,26,125,142,388
25,254,58,24,0,3,47,125,142,388
25,19,24,0,6,3,47,125,142,388
25,254,58,24,0,143,124,30,142,388
25,3,8,1,15,5,286,30,142,388
25,3,287,1,8,100,124,30,142,388
25,19,5,48,337,23,36,30,142,388
25,3,0,17,76,19,54,30,142,388
25,19,5,48,302,71,47,125,142,388
25,3,0,17,313,19,54,30,142,388
25,3,0,17,76,19,20,30,142,388
25,19,5,48,51,172,132,30,142,388
25,3,0,17,179,45,132,30,142,388
25,3,0,17,313,19,20,30,142,388
25,19,5,48,61,15,16,30,142,388
25,19,5,48,51,269,20,30,142,388
25,3,0,17,319,45,132,30,142,388
25,3,0,17,179,45,146,30,142,388
25,19,5,48,122,21,20,30,142,388
25,3,0,17,27,23,36,30,142,388
25,3,0,17,319,45,146,30,142,388
25,19,5,48,122,21,26,125,142,388
25,3,0,17,64,23,36,30,142,388
25,3,8,1,15,16,47,125,142,388
25,3,0,17,34,38,430,30,142,388
25,19,5,1,0,6,229,30,142,388
25,19,5,1,100,426,132,30,142,388
25,19,5,1,44,204,20,30,142,388
25,19,5,1,0,7,20,30,142,388
25,19,5,1,100,8,26,125,142,388
25,19,5,1,57,31,128,30,142,388
25,19,5,1,44,23,36,30,142,388
25,19,5,1,0,3,47,125,142,388
25,19,5,1,317,8,26,125,142,388
25,19,5,1,57,31,16,30,142,388
25,19,5,1,0,143,124,30,142,388
25,19,5,1,93,8,26,125,142,388
25,19,5,1,0,23,36,30,142,388
25,19,5,1,157,310,20,30,142,388
25,3,0,17,6,225,26,125,142,388
25,19,5,1,164,45,132,30,142,388
25,19,5,1,157,344,26,125,142,388
25,19,5,1,191,8,26,125,142,388
25,19,5,1,164,45,146,30,142,388
25,19,5,1,296,95,20,30,142,388
25,19,5,1,21,26,182,125,142,388
25,19,5,1,9,38,430,30,142,388
25,3,6,229,30,410,47,125,142,388
25,19,5,1,287,3,47,125,142,388
25,19,5,1,9,3,47,125,142,388
25,19,5,1,392,3,47,125,142,388
25,19,5,1,9,282,132,30,142,388
25,19,5,1,22,7,20,30,142,388
25,19,5,81,42,6,229,30,142,388
25,19,5,1,116,71,47,125,142,388
25,19,5,1,22,138,194,30,142,388
25,19,5,161,355,45,132,30,142,388
25,3,8,1,100,426,132,30,142,388
25,19,5,188,1,8,26,125,142,388
25,19,5,161,1,7,20,30,142,388
25,19,5,161,355,45,146,30,142,388
25,19,5,268,179,45,132,30,142,388
25,19,5,188,1,21,20,30,142,388
25,19,5,161,1,8,26,125,142,388
25,19,5,127,1,8,26,125,142,388
25,19,5,268,179,45,146,30,142,388
25,19,5,188,1,35,156,30,142,388
25,19,5,188,1,21,26,125,142,388
25,19,5,161,1,35,156,30,142,388
25,19,5,60,290,3,47,125,142,388
25,19,5,127,1,21,20,30,142,388
25,19,5,188,1,7,20,30,142,388
25,19,5,161,1,78,20,30,142,388
25,19,5,270,9,38,430,30,142,388
25,19,5,60,33,7,20,30,142,388
25,19,5,127,1,35,156,30,142,388
25,19,5,127,1,21,26,125,142,388
25,19,5,188,1,78,20,30,142,388
25,19,5,161,1,3,47,125,142,388
25,19,5,66,210,38,430,30,142,388
25,19,5,270,9,3,47,125,142,388
25,19,5,60,33,23,36,30,142,388
25,19,5,127,1,7,20,30,142,388
25,19,5,188,1,100,124,30,142,388
25,19,5,161,1,15,16,30,142,388
25,19,5,371,14,3,47,125,142,388
25,19,5,270,9,282,132,30,142,388
25,19,5,60,33,35,156,30,142,388
25,19,5,127,1,78,20,30,142,388
25,19,5,188,1,3,47,125,142,388
25,19,5,161,1,21,20,30,142,388
25,19,5,473,33,23,36,30,142,388
25,19,5,127,1,100,124,30,142,388
25,19,5,188,1,15,16,30,142,388
25,19,5,161,1,100,124,30,142,388
25,19,5,161,1,21,26,125,142,388
25,19,5,436,383,23,36,30,142,388
25,19,5,473,33,7,20,30,142,388
25,19,5,127,1,3,47,125,142,388
25,19,5,309,272,7,20,30,142,388
25,19,5,473,33,35,156,30,142,388
25,19,5,127,1,15,16,30,142,388
25,19,5,126,427,7,20,30,142,388
25,3,1,21,89,10,16,30,142,388
25,19,5,11,332,104,16,30,142,388
25,3,1,21,408,243,128,30,142,388
25,19,5,11,28,183,16,30,142,388
25,3,0,148,8,100,124,30,142,388
25,19,5,11,40,23,36,30,142,388
25,19,5,11,28,15,16,30,142,388
25,3,0,148,8,10,16,30,142,388
25,19,5,11,118,21,26,125,142,388
25,3,47,16,31,72,20,30,142,388
25,19,5,11,118,21,20,30,142,388
25,3,47,16,31,74,20,30,142,388
25,3,47,16,494,31,128,30,142,388
25,3,0,2,10,8,26,125,142,388
25,3,47,16,15,5,286,30,142,388
25,3,0,1,100,426,132,30,142,388
25,3,47,16,104,23,36,30,142,388
25,19,5,13,3,6,229,30,142,388
25,3,47,16,10,8,26,125,142,388
25,19,5,13,3,8,26,125,142,388
25,3,0,2,10,16,47,125,142,388
25,19,5,13,3,47,16,30,142,388
25,19,24,0,17,6,229,30,142,388
25,19,5,13,3,47,410,30,142,388
25,19,24,0,4,3,47,125,142,388
25,19,24,0,1,8,26,125,142,388
25,19,24,0,34,38,430,30,142,388
25,19,24,0,4,147,47,125,142,388
25,19,24,0,1,35,156,30,142,388
25,19,24,0,175,23,36,30,142,388
25,19,24,0,1,7,20,30,142,388
25,19,24,0,148,8,26,125,142,388
25,19,24,0,1,78,20,30,142,388
25,19,24,0,2,10,16,30,142,388
25,19,24,0,1,15,16,30,142,388
25,19,24,0,50,71,47,125,142,388
25,19,24,0,2,29,26,125,142,388
25,19,24,0,1,100,124,30,142,388
25,19,24,0,438,21,26,125,142,388
25,19,24,0,2,322,194,30,142,388
25,19,24,0,1,3,47,125,142,388
25,19,24,0,94,74,20,30,142,388
25,19,24,0,438,21,20,30,142,388
25,19,24,0,1,21,20,30,142,388
25,19,24,0,260,100,124,30,142,388
25,19,24,0,1,21,26,125,142,388
25,19,5,13,31,494,16,30,142,388
25,19,5,0,3,47,16,30,142,388
25,19,5,13,31,74,20,30,142,388
25,19,5,0,3,47,410,30,142,388
25,19,5,13,31,72,20,30,142,388
25,19,5,11,45,470,20,30,142,388
25,19,5,13,168,45,132,30,142,388
25,19,5,13,123,47,16,30,142,388
25,19,45,132,30,410,47,125,142,388
25,3,8,1,22,138,194,30,142,388
25,19,5,13,168,45,146,30,142,388
25,19,5,13,123,47,410,30,142,388
25,19,69,255,11,3,47,125,142,388
25,3,8,1,0,5,286,30,142,388
25,3,8,1,22,7,20,30,142,388
25,3,8,1,78,312,47,125,142,388
25,19,69,117,193,45,132,30,142,388
25,19,69,255,11,5,286,30,142,388
25,3,8,1,157,344,26,125,142,388
25,3,8,1,0,7,20,30,142,388
25,19,69,117,80,31,16,30,142,388
25,19,69,117,193,45,146,30,142,388
25,19,69,255,11,45,132,30,142,388
25,3,8,1,127,5,286,30,142,388
25,3,8,1,157,5,286,30,142,388
25,3,8,1,0,6,229,30,142,388
25,19,69,117,80,31,128,30,142,388
25,19,69,255,11,45,146,30,142,388
25,3,8,1,161,5,286,30,142,388
25,3,8,1,157,310,20,30,142,388
25,3,8,1,0,143,124,30,142,388
25,3,6,37,68,38,430,30,142,388
25,3,8,1,164,45,132,30,142,388
25,3,6,37,360,45,146,30,142,388
25,3,8,1,0,23,36,30,142,388
25,3,6,37,79,55,26,125,142,388
25,3,8,1,188,5,286,30,142,388
25,3,8,1,164,45,146,30,142,388
25,3,281,38,401,23,36,30,142,388
25,3,6,37,43,38,430,30,142,388
25,3,6,37,79,464,20,30,142,388
25,3,6,37,79,55,47,125,142,388
25,3,8,1,9,38,430,30,142,388
25,3,281,38,53,45,132,30,142,388
25,3,6,37,200,7,20,30,142,388
25,3,281,38,216,182,26,125,142,388
25,3,8,1,69,19,20,30,142,388
25,3,8,1,9,282,132,30,142,388
25,3,281,38,9,282,132,30,142,388
25,3,281,38,53,45,146,30,142,388
25,3,8,1,57,31,16,30,142,388
25,3,8,1,69,19,54,30,142,388
25,19,5,0,3,6,229,30,142,388
25,19,5,15,16,31,128,30,142,388
25,3,8,1,44,23,36,30,142,388
25,3,8,1,57,31,128,30,142,388
25,19,5,0,3,8,26,125,142,388
25,3,6,37,70,138,194,30,142,388
25,3,8,1,296,95,20,30,142,388
25,3,8,1,44,204,20,30,142,388
25,3,59,28,145,389,26,125,142,388
25,3,6,37,70,249,20,30,142,388
25,3,8,1,116,71,47,125,142,388
25,396,45,11,5,19,20,30,142,388
25,3,59,28,11,19,20,30,142,388
25,19,5,1,78,312,47,125,142,388
25,19,24,272,309,5,286,30,142,388
25,396,45,11,5,15,16,30,142,388
25,396,45,11,5,19,54,30,142,388
25,3,59,28,215,172,132,30,142,388
25,3,59,28,11,5,286,30,142,388
25,3,59,28,11,19,54,30,142,388
25,19,5,15,16,47,410,30,142,388
25,3,59,28,41,23,36,30,142,388
25,3,59,28,11,45,132,30,142,388
25,3,0,94,74,31,128,30,142,388
25,19,54,30,20,21,26,125,142,388
25,3,59,28,356,10,16,30,142,388
25,3,59,28,11,45,146,30,142,388
25,3,1,78,20,375,156,30,142,388
25,19,5,0,23,104,16,30,142,388
25,3,59,28,404,72,20,30,142,388
25,3,8,1,35,237,488,30,142,388
25,396,45,85,354,16,47,125,142,388
25,396,45,85,52,21,26,125,142,388
25,396,45,11,3,6,229,30,142,388
25,3,6,225,26,55,47,125,142,388
25,19,5,13,320,26,182,125,142,388
25,396,45,85,52,21,20,30,142,388
25,396,45,11,3,8,26,125,142,388
25,3,133,8,26,55,47,125,142,388
25,19,20,249,70,138,194,30,142,388
25,396,45,11,3,47,16,30,142,388
25,3,0,4,113,15,16,30,142,388
25,3,133,8,26,21,20,30,142,388
25,3,8,1,21,26,182,125,142,388
25,396,45,11,3,47,410,30,142,388
25,3,0,4,301,100,124,30,142,388
25,19,20,249,70,26,182,125,142,388
25,3,0,4,147,47,410,30,142,388
25,3,9,1,161,5,286,30,142,388
25,396,45,166,35,237,488,30,142,388
25,3,9,1,157,344,26,125,142,388
25,338,120,10,8,3,47,125,142,388
25,3,9,1,164,45,132,30,142,388
25,396,45,11,332,104,16,30,142,388
25,19,5,0,17,6,229,30,142,388
25,3,9,1,157,310,20,30,142,388
25,338,120,10,8,100,124,30,142,388
25,3,9,1,22,138,194,30,142,388
25,3,9,1,164,45,146,30,142,388
25,396,45,11,28,183,16,30,142,388
25,19,5,0,1,8,26,125,142,388
25,338,120,10,8,243,128,30,142,388
25,3,9,1,188,5,286,30,142,388
25,3,9,1,22,7,20,30,142,388
25,396,45,11,40,23,36,30,142,388
25,396,45,11,28,15,16,30,142,388
25,19,5,0,438,21,20,30,142,388
25,19,5,0,1,21,20,30,142,388
25,3,9,1,69,19,20,30,142,388
25,396,45,11,118,21,20,30,142,388
25,3,13,320,26,55,47,125,142,388
25,19,5,0,4,3,47,125,142,388
25,19,5,0,438,21,26,125,142,388
25,19,5,0,1,7,20,30,142,388
25,19,5,0,1,21,26,125,142,388
25,3,9,1,57,31,16,30,142,388
25,3,9,1,69,19,54,30,142,388
25,396,45,11,118,21,26,125,142,388
25,19,5,0,2,10,16,30,142,388
25,19,5,0,4,147,47,125,142,388
25,19,5,0,1,78,20,30,142,388
25,3,9,1,93,8,26,125,142,388
25,3,9,1,57,31,128,30,142,388
25,19,5,0,34,38,430,30,142,388
25,19,5,0,2,29,26,125,142,388
25,19,5,0,1,15,16,30,142,388
25,3,9,1,191,8,26,125,142,388
25,3,9,1,0,143,124,30,142,388
25,19,5,0,175,23,36,30,142,388
25,19,5,0,2,322,194,30,142,388
25,19,5,0,1,100,124,30,142,388
25,3,9,1,44,204,20,30,142,388
25,3,9,1,0,23,36,30,142,388
25,19,5,0,148,8,26,125,142,388
25,19,69,1,35,237,488,30,142,388
25,19,5,0,1,3,47,125,142,388
25,3,9,1,116,71,47,125,142,388
25,3,9,1,44,23,36,30,142,388
25,19,5,0,94,74,20,30,142,388
25,3,11,28,356,10,16,30,142,388
25,396,45,109,219,21,26,125,142,388
25,3,1,7,48,5,286,30,142,388
25,3,1,7,0,5,286,30,142,388
25,19,5,0,1,35,156,30,142,388
25,3,9,1,296,95,20,30,142,388
25,19,5,0,260,100,124,30,142,388
25,3,11,28,404,72,20,30,142,388
25,396,45,109,238,7,20,30,142,388
25,396,45,109,219,21,20,30,142,388
25,3,1,7,37,70,26,125,142,388
25,3,1,7,48,429,286,30,142,388
25,3,1,7,0,143,124,30,142,388
25,19,69,114,173,6,229,30,142,388
25,338,120,10,8,26,182,125,142,388
25,396,45,11,19,5,286,30,142,388
25,3,0,1,57,31,128,30,142,388
25,3,9,1,317,8,26,125,142,388
25,3,0,1,22,7,20,30,142,388
25,19,5,0,50,71,47,125,142,388
25,19,69,1,21,26,182,125,142,388
25,3,11,28,41,23,36,30,142,388
25,3,4,147,47,55,26,125,142,388
25,3,0,7,33,23,36,30,142,388
25,19,24,212,45,470,20,30,142,388
25,396,45,192,72,31,16,30,142,388
25,3,0,7,48,429,286,30,142,388
25,3,1,7,22,138,194,30,142,388
25,3,1,7,37,6,229,30,142,388
25,3,0,24,272,7,20,30,142,388
25,3,1,7,0,23,36,30,142,388
25,3,1,15,390,19,20,30,142,388
25,3,0,24,212,45,146,30,142,388
25,19,69,114,173,202,20,30,142,388
25,19,24,298,44,204,20,30,142,388
25,3,6,42,81,5,286,30,142,388
25,3,6,17,0,5,286,30,142,388
25,396,45,11,19,284,20,30,142,388
25,19,5,1,15,16,47,125,142,388
25,396,45,19,20,375,156,30,142,388
25,19,20,72,192,45,132,30,142,388
25,3,6,17,76,19,54,30,142,388
25,3,0,1,127,5,286,30,142,388
25,3,0,1,57,31,16,30,142,388
25,3,1,15,5,19,20,30,142,388
25,3,0,7,1,15,16,30,142,388
25,19,20,72,31,16,47,125,142,388
25,19,5,13,23,104,16,30,142,388
25,3,11,45,85,354,16,30,142,388
25,3,11,28,144,23,36,30,142,388
25,3,47,123,13,5,286,30,142,388
25,3,0,7,37,70,26,125,142,388
25,3,0,7,33,35,156,30,142,388
25,396,45,192,72,31,128,30,142,388
25,338,120,10,2,29,26,125,142,388
25,3,8,26,125,47,16,30,142,388
25,396,45,53,38,216,182,125,142,388
25,3,0,260,100,426,132,30,142,388
25,3,1,7,265,23,36,30,142,388
25,3,1,7,37,497,20,30,142,388
25,3,1,15,16,31,128,30,142,388
25,3,0,24,251,45,132,30,142,388
25,19,20,74,363,5,286,30,142,388
25,3,1,15,28,183,16,30,142,388
25,3,1,15,16,47,410,30,142,388
25,19,20,74,31,16,47,125,142,388
25,3,1,15,390,19,54,30,142,388
25,19,20,72,31,494,16,30,142,388
25,19,24,58,12,154,47,125,142,388
25,3,1,8,26,21,20,30,142,388
25,3,0,239,211,237,488,30,142,388
25,19,24,298,44,23,36,30,142,388
25,3,0,160,51,269,20,30,142,388
25,3,6,42,151,45,132,30,142,388
25,3,13,5,1,8,26,125,142,388
25,3,6,17,313,19,54,30,142,388
25,3,6,17,0,7,20,30,142,388
25,19,20,7,0,3,47,125,142,388
25,19,24,0,23,104,16,30,142,388
25,19,313,17,6,225,26,125,142,388
25,19,20,78,92,45,132,30,142,388
25,3,452,448,206,202,20,30,142,388
25,3,372,253,157,5,286,30,142,388
25,3,372,253,13,5,286,30,142,388
25,3,372,253,13,31,128,30,142,388
25,396,45,19,20,21,26,125,142,388
25,3,346,248,28,183,16,30,142,388
25,19,20,72,192,45,146,30,142,388
25,3,0,1,157,5,286,30,142,388
25,3,0,50,235,7,20,30,142,388
25,3,0,50,44,23,36,30,142,388
25,3,1,15,5,19,54,30,142,388
25,3,0,7,1,100,124,30,142,388
25,3,6,173,114,7,20,30,142,388
25,19,284,20,30,410,47,125,142,388
25,3,11,45,53,38,430,30,142,388
25,19,20,78,312,47,16,30,142,388
25,19,20,74,31,494,16,30,142,388
25,3,290,60,33,35,156,30,142,388
25,3,0,50,71,47,410,30,142,388
25,3,47,71,233,423,132,30,142,388
25,3,47,123,13,320,26,125,142,388
25,3,4,42,151,45,132,30,142,388
25,3,0,7,265,23,36,30,142,388
25,3,0,7,37,6,229,30,142,388
25,3,11,19,5,15,16,30,142,388
25,3,1,21,26,55,47,125,142,388
25,338,120,10,89,21,26,125,142,388
25,338,120,10,2,322,194,30,142,388
25,3,1,93,8,243,128,30,142,388
25,3,8,26,125,47,410,30,142,388
25,19,313,17,0,5,286,30,142,388
25,3,1,93,8,26,182,125,142,388
25,3,1,7,33,35,156,30,142,388
25,3,13,5,19,284,20,30,142,388
25,396,45,146,30,16,47,125,142,388
25,19,45,192,72,31,16,30,142,388
25,3,0,24,251,45,146,30,142,388
25,3,1,22,137,71,47,125,142,388
25,3,498,28,144,23,36,30,142,388
25,3,498,28,183,16,47,125,142,388
25,3,98,28,41,23,36,30,142,388
25,19,24,73,12,5,286,30,142,388
25,3,98,28,11,19,54,30,142,388
25,19,24,58,12,5,286,30,142,388
25,3,98,28,11,45,132,30,142,388
25,3,1,8,26,55,47,125,142,388
25,3,0,1,5,19,20,30,142,388
25,3,0,316,9,38,430,30,142,388
25,3,0,239,352,8,26,125,142,388
25,3,0,239,211,6,229,30,142,388
25,3,0,160,51,172,132,30,142,388
25,3,13,5,15,16,47,125,142,388
25,19,294,51,48,5,286,30,142,388
25,3,75,31,13,5,286,30,142,388
25,3,6,42,82,201,20,30,142,388
25,3,6,42,151,45,146,30,142,388
25,3,0,7,20,21,26,125,142,388
25,3,13,5,0,6,229,30,142,388
25,3,13,5,1,21,20,30,142,388
25,3,1,317,8,243,128,30,142,388
25,3,6,17,27,23,36,30,142,388
25,3,6,17,313,19,20,30,142,388
25,3,6,17,0,143,124,30,142,388
25,3,14,96,288,35,156,30,142,388
25,19,20,234,233,423,132,30,142,388
25,19,20,7,37,6,229,30,142,388
25,19,20,7,0,6,229,30,142,388
25,19,45,470,20,375,156,30,142,388
25,3,0,2,379,45,132,30,142,388
25,3,14,96,109,45,132,30,142,388
25,3,1,317,8,26,182,125,142,388
25,3,14,96,48,429,286,30,142,388
25,19,313,17,6,3,47,125,142,388
25,19,45,109,219,21,26,125,142,388
25,19,20,78,1,5,286,30,142,388
25,19,20,78,92,45,146,30,142,388
25,3,452,448,206,23,36,30,142,388
25,19,11,332,104,23,36,30,142,388
25,19,11,332,104,16,47,125,142,388
25,3,4,0,5,19,20,30,142,388
25,3,372,253,157,344,26,125,142,388
25,3,372,253,13,320,26,125,142,388
25,3,0,1,161,5,286,30,142,388
25,3,0,1,157,344,26,125,142,388
25,19,69,1,100,426,132,30,142,388
25,3,4,257,11,19,54,30,142,388
25,3,0,2,29,26,182,125,142,388
25,3,4,159,37,7,20,30,142,388
25,3,0,7,1,35,156,30,142,388
25,3,1,169,109,437,194,30,142,388
25,3,0,23,13,123,47,125,142,388
25,396,45,164,1,8,26,125,142,388
25,3,0,23,104,16,47,125,142,388
25,3,1,472,402,45,146,30,142,388
25,3,11,45,109,437,194,30,142,388
25,3,1,0,5,19,20,30,142,388
25,19,20,78,312,47,410,30,142,388
25,3,4,301,308,19,54,30,142,388
25,3,1,35,156,375,20,30,142,388
25,3,6,0,1,5,286,30,142,388
25,19,20,21,26,55,47,125,142,388
25,3,6,0,2,10,16,30,142,388
25,3,47,303,75,31,16,30,142,388
25,3,47,71,233,234,20,30,142,388
25,396,45,92,78,312,47,125,142,388
25,19,390,15,1,5,286,30,142,388
25,3,47,123,13,31,16,30,142,388
25,3,4,42,82,201,20,30,142,388
25,3,4,42,151,45,146,30,142,388
25,19,45,11,5,15,16,30,142,388
25,3,4,301,100,426,132,30,142,388
25,3,0,7,22,138,194,30,142,388
25,3,0,7,37,497,20,30,142,388
25,3,11,45,19,5,286,30,142,388
25,3,416,157,1,35,156,30,142,388
25,3,416,157,1,21,26,125,142,388
25,19,11,28,183,16,47,125,142,388
25,19,69,1,3,6,229,30,142,388
25,3,0,5,11,19,54,30,142,388
25,3,0,5,13,320,26,125,142,388
25,338,120,10,89,21,20,30,142,388
25,3,1,93,8,100,124,30,142,388
25,3,1,475,11,45,146,30,142,388
25,19,313,17,319,45,132,30,142,388
25,19,313,17,0,7,20,30,142,388
25,3,1,7,33,23,36,30,142,388
25,3,133,8,10,16,47,125,142,388
25,19,69,1,3,47,16,30,142,388
25,3,13,5,19,45,132,30,142,388
25,3,1,7,20,21,26,125,142,388
25,396,45,146,30,410,47,125,142,388
25,19,45,192,72,31,128,30,142,388
25,3,1,127,5,19,20,30,142,388
25,3,1,22,91,10,16,30,142,388
25,3,498,28,145,389,26,125,142,388
25,19,5,1,3,47,16,30,142,388
25,3,8,26,55,47,410,30,142,388
25,3,98,28,144,23,36,30,142,388
25,19,24,245,12,5,286,30,142,388
25,19,24,73,84,21,26,125,142,388
25,3,4,0,1,5,286,30,142,388
25,19,24,73,12,154,47,125,142,388
25,3,98,28,11,5,286,30,142,388
25,3,98,28,11,19,20,30,142,388
25,19,24,58,12,115,20,30,142,388
25,19,5,1,3,6,229,30,142,388
25,3,8,1,5,19,20,30,142,388
25,3,11,5,48,429,286,30,142,388
25,3,0,1,5,15,16,30,142,388
25,3,0,1,5,19,54,30,142,388
25,19,45,166,35,237,488,30,142,388
25,3,1,78,92,45,146,30,142,388
25,3,0,56,44,204,20,30,142,388
25,3,0,316,9,282,132,30,142,388
25,3,0,380,205,411,132,30,142,388
25,3,0,56,44,23,36,30,142,388
25,3,0,412,197,38,430,30,142,388
25,3,0,380,383,23,36,30,142,388
25,3,0,380,205,6,229,30,142,388
25,3,0,99,80,31,16,30,142,388
25,3,0,5,19,45,132,30,142,388
25,3,0,99,80,31,128,30,142,388
25,3,0,5,19,45,146,30,142,388
25,19,45,11,3,47,16,30,142,388
25,19,11,40,209,374,156,30,142,388
25,19,45,11,3,47,410,30,142,388
25,19,11,40,171,70,26,125,142,388
25,19,11,40,209,95,20,30,142,388
25,19,11,40,23,104,16,30,142,388
25,19,11,28,59,3,47,125,142,388
25,3,8,26,70,138,194,30,142,388
25,19,11,28,98,3,47,125,142,388
25,3,8,26,70,95,20,30,142,388
25,19,11,28,498,3,47,125,142,388
25,3,8,26,70,249,20,30,142,388
25,19,11,28,41,23,36,30,142,388
25,19,294,51,48,7,20,30,142,388
25,19,11,28,144,23,36,30,142,388
25,19,294,51,48,429,286,30,142,388
25,19,11,28,356,10,16,30,142,388
25,3,75,31,13,320,26,125,142,388
25,19,11,28,404,72,20,30,142,388
25,3,75,31,13,23,36,30,142,388
25,19,11,28,215,172,132,30,142,388
25,3,6,42,4,147,47,125,142,388
25,19,11,28,145,389,26,125,142,388
25,19,11,28,15,5,286,30,142,388
25,3,1,78,312,47,410,30,142,388
25,3,13,5,83,8,26,125,142,388
25,3,133,217,22,7,20,30,142,388
25,3,13,5,18,6,229,30,142,388
25,3,13,5,0,7,20,30,142,388
25,3,13,5,48,429,286,30,142,388
25,3,13,5,0,143,124,30,142,388
25,3,13,5,157,344,26,125,142,388
25,3,13,5,48,7,20,30,142,388
25,3,13,5,0,23,36,30,142,388
25,3,13,5,11,19,20,30,142,388
25,3,13,5,157,310,20,30,142,388
25,3,13,5,12,154,47,125,142,388
25,3,13,5,11,45,132,30,142,388
25,3,13,5,11,19,54,30,142,388
25,3,13,5,51,172,132,30,142,388
25,3,13,5,12,115,20,30,142,388
25,3,13,5,11,45,146,30,142,388
25,3,13,5,491,310,20,30,142,388
25,3,13,5,51,269,20,30,142,388
25,3,13,5,363,74,20,30,142,388
25,3,13,5,1,35,156,30,142,388
25,3,13,5,1,21,26,125,142,388
25,3,13,5,1,100,124,30,142,388
25,3,1,317,8,10,16,30,142,388
25,3,13,5,1,15,16,30,142,388
25,3,1,317,8,100,124,30,142,388
25,3,13,5,1,7,20,30,142,388
25,3,6,17,179,45,132,30,142,388
25,3,13,5,1,78,20,30,142,388
25,3,6,17,319,45,132,30,142,388
25,3,6,17,179,45,146,30,142,388
25,3,6,17,34,38,430,30,142,388
25,3,6,17,319,45,146,30,142,388
25,3,6,17,64,23,36,30,142,388
25,3,11,5,19,45,132,30,142,388
25,19,11,28,15,16,47,125,142,388
25,3,11,5,19,284,20,30,142,388
25,3,11,5,19,45,146,30,142,388
25,19,69,1,22,138,194,30,142,388
25,3,6,17,0,23,36,30,142,388
25,19,69,1,44,204,20,30,142,388
25,19,69,1,22,7,20,30,142,388
25,19,69,1,0,5,286,30,142,388
25,19,69,1,44,23,36,30,142,388
25,19,69,1,127,5,286,30,142,388
25,19,69,1,0,7,20,30,142,388
25,19,69,1,164,45,132,30,142,388
25,19,69,1,0,3,47,125,142,388
25,19,69,1,157,5,286,30,142,388
25,19,69,1,164,45,146,30,142,388
25,19,69,1,0,6,229,30,142,388
25,19,69,1,93,8,26,125,142,388
25,19,69,1,157,310,20,30,142,388
25,19,69,1,0,143,124,30,142,388
25,19,69,1,191,8,26,125,142,388
25,19,69,1,157,344,26,125,142,388
25,19,69,1,0,23,36,30,142,388
25,19,69,1,161,5,286,30,142,388
25,19,45,146,30,410,47,125,142,388
25,19,69,1,188,5,286,30,142,388
25,19,20,464,79,55,47,125,142,388
25,19,69,1,317,8,26,125,142,388
25,19,20,269,51,5,286,30,142,388
25,19,20,464,79,55,26,125,142,388
25,19,69,1,9,38,430,30,142,388
25,19,20,115,12,5,286,30,142,388
25,19,20,269,51,172,132,30,142,388
25,19,69,1,287,3,47,125,142,388
25,19,69,1,9,3,47,125,142,388
25,19,20,310,491,5,286,30,142,388
25,19,20,115,12,154,47,125,142,388
25,19,69,1,392,3,47,125,142,388
25,19,69,1,9,282,132,30,142,388
25,19,20,204,44,23,36,30,142,388
25,19,20,310,157,5,286,30,142,388
25,19,69,1,57,31,16,30,142,388
25,19,20,497,37,6,229,30,142,388
25,19,20,310,157,344,26,125,142,388
25,19,69,1,296,95,20,30,142,388
25,19,69,1,57,31,128,30,142,388
25,19,20,202,173,6,229,30,142,388
25,19,20,497,37,70,26,125,142,388
25,19,69,1,116,71,47,125,142,388
25,19,20,201,386,303,47,125,142,388
25,19,20,202,206,246,16,30,142,388
25,19,20,234,233,71,47,125,142,388
25,19,20,202,206,23,36,30,142,388
25,19,69,1,15,5,286,30,142,388
25,19,76,162,44,204,20,30,142,388
25,19,20,7,1,5,286,30,142,388
25,19,20,7,37,70,26,125,142,388
25,19,20,7,48,5,286,30,142,388
25,19,20,7,1,8,26,125,142,388
25,19,20,7,33,23,36,30,142,388
25,19,20,7,48,429,286,30,142,388
25,19,20,7,1,35,156,30,142,388
25,19,20,7,265,23,36,30,142,388
25,19,20,7,33,35,156,30,142,388
25,19,20,7,1,3,47,125,142,388
25,19,20,7,22,138,194,30,142,388
25,19,20,7,1,15,16,30,142,388
25,19,69,1,15,16,47,125,142,388
25,19,20,7,1,21,26,125,142,388
25,19,20,7,0,5,286,30,142,388
25,19,20,7,1,100,124,30,142,388
25,19,20,7,0,143,124,30,142,388
25,3,133,8,391,397,16,30,142,388
25,19,20,7,0,23,36,30,142,388
25,3,133,8,83,5,286,30,142,388
25,19,45,470,20,21,26,125,142,388
25,19,5,0,6,225,26,125,142,388
25,19,20,95,222,6,229,30,142,388
25,19,5,0,6,3,47,125,142,388
25,19,20,95,209,374,156,30,142,388
25,3,133,8,1,21,20,30,142,388
25,3,0,2,233,71,47,125,142,388
25,3,133,8,1,35,156,30,142,388
25,3,133,8,1,21,26,125,142,388
25,3,0,2,12,5,286,30,142,388
25,3,0,2,233,423,132,30,142,388
25,3,133,8,1,100,124,30,142,388
25,3,0,2,62,7,20,30,142,388
25,3,0,2,12,154,47,125,142,388
25,3,0,2,233,234,20,30,142,388
25,3,133,8,1,15,16,30,142,388
25,3,0,2,12,115,20,30,142,388
25,3,133,8,1,7,20,30,142,388
25,3,0,2,379,45,146,30,142,388
25,3,133,8,1,78,20,30,142,388
25,3,1,191,8,243,128,30,142,388
25,3,14,96,109,45,146,30,142,388
25,3,1,191,8,10,16,30,142,388
25,19,284,20,95,70,26,125,142,388
25,3,1,191,8,100,124,30,142,388
25,19,284,20,249,70,26,125,142,388
25,3,75,303,47,55,26,125,142,388
25,19,284,20,470,45,132,30,142,388
25,3,1,191,8,26,182,125,142,388
25,19,284,20,470,45,146,30,142,388
25,19,20,95,70,138,194,30,142,388
25,19,45,109,238,7,20,30,142,388
25,19,45,109,219,21,20,30,142,388
25,19,45,85,52,21,26,125,142,388
25,3,1,0,6,225,26,125,142,388
25,19,45,85,52,21,20,30,142,388
25,19,45,53,38,216,182,125,142,388
25,19,76,17,27,23,36,30,142,388
25,19,20,78,1,8,26,125,142,388
25,19,76,17,179,45,132,30,142,388
25,19,20,78,1,21,26,125,142,388
25,19,76,17,319,45,132,30,142,388
25,19,76,17,179,45,146,30,142,388
25,19,20,78,1,35,156,30,142,388
25,19,76,17,64,23,36,30,142,388
25,19,76,17,319,45,146,30,142,388
25,19,20,78,1,100,124,30,142,388
25,19,76,17,34,38,430,30,142,388
25,19,20,78,1,3,47,125,142,388
25,19,76,17,0,7,20,30,142,388
25,19,20,78,1,15,16,30,142,388
25,19,76,17,0,6,229,30,142,388
25,3,452,448,206,246,16,30,142,388
25,19,76,17,0,3,47,125,142,388
25,19,11,5,18,6,229,30,142,388
25,19,76,17,0,143,124,30,142,388
25,19,11,5,12,115,20,30,142,388
25,19,76,17,0,23,36,30,142,388
25,19,11,5,491,310,20,30,142,388
25,19,11,5,12,154,47,125,142,388
25,19,11,5,1,8,26,125,142,388
25,3,4,0,5,15,16,30,142,388
25,19,11,5,83,8,26,125,142,388
25,19,11,5,1,21,20,30,142,388
25,19,11,5,13,23,36,30,142,388
25,19,11,5,1,35,156,30,142,388
25,19,11,5,1,21,26,125,142,388
25,19,11,5,48,7,20,30,142,388
25,19,11,5,13,31,128,30,142,388
25,19,11,5,1,7,20,30,142,388
25,19,11,5,51,269,20,30,142,388
25,19,11,5,48,429,286,30,142,388
25,19,11,5,13,320,26,125,142,388
25,19,11,5,13,31,16,30,142,388
25,19,11,5,1,78,20,30,142,388
25,19,11,5,363,74,20,30,142,388
25,19,11,5,51,172,132,30,142,388
25,19,11,5,13,3,47,125,142,388
25,19,11,5,1,100,124,30,142,388
25,19,11,5,157,310,20,30,142,388
25,19,11,5,13,123,47,125,142,388
25,19,11,5,1,3,47,125,142,388
25,19,11,5,157,344,26,125,142,388
25,19,11,5,1,15,16,30,142,388
25,19,11,5,0,6,229,30,142,388
25,3,4,0,5,19,54,30,142,388
25,19,11,5,0,23,36,30,142,388
25,3,372,253,157,310,20,30,142,388
25,19,11,5,0,143,124,30,142,388
25,19,45,85,354,16,47,125,142,388
25,19,11,5,0,7,20,30,142,388
25,3,1,5,48,429,286,30,142,388
25,3,372,253,13,23,36,30,142,388
25,3,1,5,11,45,132,30,142,388
25,3,1,5,48,7,20,30,142,388
25,3,372,253,13,123,47,125,142,388
25,3,1,5,0,6,229,30,142,388
25,3,1,5,11,19,54,30,142,388
25,3,1,5,11,45,146,30,142,388
25,3,1,5,18,6,229,30,142,388
25,3,1,5,0,7,20,30,142,388
25,3,1,5,11,19,20,30,142,388
25,3,1,5,83,8,26,125,142,388
25,3,1,5,0,143,124,30,142,388
25,3,1,5,13,320,26,125,142,388
25,3,1,5,0,23,36,30,142,388
25,3,1,5,12,154,47,125,142,388
25,3,1,5,13,23,36,30,142,388
25,3,1,5,157,344,26,125,142,388
25,3,1,5,12,115,20,30,142,388
25,3,1,5,13,31,16,30,142,388
25,3,1,5,51,269,20,30,142,388
25,3,1,5,157,310,20,30,142,388
25,3,1,5,13,123,47,125,142,388
25,3,1,5,13,31,128,30,142,388
25,3,1,5,491,310,20,30,142,388
25,3,1,5,51,172,132,30,142,388
25,3,1,5,363,74,20,30,142,388
25,3,0,1,188,5,286,30,142,388
25,3,0,1,157,310,20,30,142,388
25,3,0,1,164,45,132,30,142,388
25,3,1,5,15,16,47,125,142,388
25,3,0,1,191,8,26,125,142,388
25,3,0,1,164,45,146,30,142,388
25,3,0,1,93,8,26,125,142,388
25,19,69,1,100,8,26,125,142,388
25,3,0,1,317,8,26,125,142,388
25,3,4,257,11,5,286,30,142,388
25,3,0,1,9,38,430,30,142,388
25,3,4,257,11,45,132,30,142,388
25,3,0,1,69,19,20,30,142,388
25,3,0,1,9,282,132,30,142,388
25,3,4,257,11,45,146,30,142,388
25,3,0,1,44,23,36,30,142,388
25,3,0,1,69,19,54,30,142,388
25,3,0,1,116,71,47,125,142,388
25,3,0,1,44,204,20,30,142,388
25,3,0,1,296,95,20,30,142,388
25,3,4,257,11,19,20,30,142,388
25,19,11,32,9,38,430,30,142,388
25,3,9,176,33,7,20,30,142,388
25,19,11,259,37,6,229,30,142,388
25,19,11,32,197,38,430,30,142,388
25,19,11,32,9,3,47,125,142,388
25,3,9,176,33,23,36,30,142,388
25,19,11,324,287,3,47,125,142,388
25,19,11,259,37,7,20,30,142,388
25,19,11,32,145,389,26,125,142,388
25,19,11,32,9,282,132,30,142,388
25,3,9,176,33,35,156,30,142,388
25,19,11,440,28,183,16,30,142,388
25,19,11,259,37,70,26,125,142,388
25,19,11,32,376,172,132,30,142,388
25,19,11,475,1,8,26,125,142,388
25,19,11,440,28,15,16,30,142,388
25,19,11,259,37,497,20,30,142,388
25,19,11,32,178,23,36,30,142,388
25,19,11,139,12,5,286,30,142,388
25,19,11,475,1,5,286,30,142,388
25,19,11,241,12,5,286,30,142,388
25,19,11,139,12,154,47,125,142,388
25,19,11,475,1,21,20,30,142,388
25,19,11,257,4,3,47,125,142,388
25,19,11,241,12,154,47,125,142,388
25,19,11,139,12,115,20,30,142,388
25,19,11,475,1,35,156,30,142,388
25,19,11,475,1,21,26,125,142,388
25,19,11,361,109,437,194,30,142,388
25,19,11,257,4,147,47,125,142,388
25,19,11,241,12,115,20,30,142,388
25,19,11,475,1,7,20,30,142,388
25,19,11,330,260,100,124,30,142,388
25,19,11,361,109,45,132,30,142,388
25,19,11,475,1,78,20,30,142,388
25,19,11,311,168,45,132,30,142,388
25,19,11,361,109,45,146,30,142,388
25,19,11,475,1,100,124,30,142,388
25,19,11,311,168,45,146,30,142,388
25,19,11,475,1,3,47,125,142,388
25,3,4,159,37,70,26,125,142,388
25,19,11,475,1,15,16,30,142,388
25,3,4,159,37,497,20,30,142,388
25,19,20,95,70,26,182,125,142,388
25,19,45,11,3,6,229,30,142,388
25,19,11,118,21,26,182,125,142,388
25,19,45,11,3,8,26,125,142,388
25,3,9,493,48,7,20,30,142,388
25,3,0,7,1,5,286,30,142,388
25,3,9,493,48,429,286,30,142,388
25,3,0,7,1,78,20,30,142,388
25,3,1,21,20,375,156,30,142,388
25,3,1,487,37,7,20,30,142,388
25,3,1,169,109,45,132,30,142,388
25,3,1,441,131,104,16,30,142,388
25,3,1,487,37,6,229,30,142,388
25,3,1,169,109,45,146,30,142,388
25,3,1,236,357,23,36,30,142,388
25,3,1,487,37,70,26,125,142,388
25,3,1,152,34,38,430,30,142,388
25,3,1,236,60,5,286,30,142,388
25,3,1,487,37,497,20,30,142,388
25,3,1,226,86,5,286,30,142,388
25,3,0,23,150,104,16,30,142,388
25,3,1,227,161,5,286,30,142,388
25,3,0,23,206,202,20,30,142,388
25,3,1,220,83,5,286,30,142,388
25,3,0,23,44,204,20,30,142,388
25,3,0,23,206,246,16,30,142,388
25,3,1,431,490,104,16,30,142,388
25,3,1,220,83,8,26,125,142,388
25,3,0,23,401,38,430,30,142,388
25,3,1,97,80,31,16,30,142,388
25,3,0,23,33,7,20,30,142,388
25,3,1,97,80,31,128,30,142,388
25,3,0,23,265,7,20,30,142,388
25,3,0,23,33,35,156,30,142,388
25,3,11,5,15,16,47,125,142,388
25,19,76,17,6,3,47,125,142,388
25,3,0,23,13,5,286,30,142,388
25,396,45,168,13,320,26,125,142,388
25,3,0,23,13,320,26,125,142,388
25,396,45,151,42,6,229,30,142,388
25,396,45,168,13,23,36,30,142,388
25,3,0,23,13,31,16,30,142,388
25,396,45,212,24,19,20,30,142,388
25,396,45,168,13,5,286,30,142,388
25,3,0,23,13,31,128,30,142,388
25,396,45,251,24,19,20,30,142,388
25,396,45,212,24,19,54,30,142,388
25,396,45,168,13,31,16,30,142,388
25,396,45,355,161,5,286,30,142,388
25,396,45,251,24,19,54,30,142,388
25,396,45,168,13,3,47,125,142,388
25,396,45,168,13,31,128,30,142,388
25,396,45,179,17,6,229,30,142,388
25,396,45,168,13,123,47,125,142,388
25,396,45,189,12,5,286,30,142,388
25,396,45,179,280,29,26,125,142,388
25,396,45,360,37,6,229,30,142,388
25,396,45,189,12,154,47,125,142,388
25,396,45,179,268,5,286,30,142,388
25,396,45,319,17,6,229,30,142,388
25,396,45,360,37,7,20,30,142,388
25,396,45,189,12,115,20,30,142,388
25,396,45,379,2,322,194,30,142,388
25,396,45,360,37,70,26,125,142,388
25,396,45,343,335,237,488,30,142,388
25,396,45,379,2,10,16,30,142,388
25,396,45,360,37,497,20,30,142,388
25,396,45,402,376,172,132,30,142,388
25,396,45,379,2,29,26,125,142,388
25,396,45,164,1,5,286,30,142,388
25,3,13,23,0,6,229,30,142,388
25,396,45,164,1,21,20,30,142,388
25,3,13,23,33,7,20,30,142,388
25,3,13,23,0,7,20,30,142,388
25,396,45,164,1,35,156,30,142,388
25,396,45,164,1,21,26,125,142,388
25,3,13,23,150,104,16,30,142,388
25,3,13,23,33,35,156,30,142,388
25,3,13,23,0,5,286,30,142,388
25,396,45,164,1,7,20,30,142,388
25,3,13,23,206,246,16,30,142,388
25,3,13,23,0,143,124,30,142,388
25,396,45,164,1,78,20,30,142,388
25,3,13,23,401,38,430,30,142,388
25,3,13,23,206,202,20,30,142,388
25,396,45,164,1,100,124,30,142,388
25,3,13,23,44,204,20,30,142,388
25,396,45,164,1,3,47,125,142,388
25,3,13,23,265,7,20,30,142,388
25,396,45,164,1,15,16,30,142,388
25,19,45,11,332,104,16,30,142,388
25,3,1,157,5,19,20,30,142,388
25,19,45,11,28,183,16,30,142,388
25,3,1,157,5,15,16,30,142,388
25,3,1,157,5,19,54,30,142,388
25,19,45,11,40,23,36,30,142,388
25,19,45,11,28,15,16,30,142,388
25,19,45,11,118,21,26,125,142,388
25,3,9,316,0,6,229,30,142,388
25,19,45,11,118,21,20,30,142,388
25,3,9,316,0,143,124,30,142,388
25,3,11,45,192,72,20,30,142,388
25,3,9,316,0,23,36,30,142,388
25,3,11,45,92,78,20,30,142,388
25,3,0,1,8,10,16,30,142,388
25,3,11,45,166,35,156,30,142,388
25,3,0,1,8,100,124,30,142,388
25,3,1,0,5,15,16,30,142,388
25,3,1,0,5,19,54,30,142,388
25,3,13,23,104,16,47,125,142,388
25,3,1,22,138,70,26,125,142,388
25,3,6,0,24,19,20,30,142,388
25,3,11,19,20,21,26,125,142,388
25,3,6,0,175,23,36,30,142,388
25,3,6,0,24,19,54,30,142,388
25,3,6,0,148,8,26,125,142,388
25,3,6,0,1,8,26,125,142,388
25,3,6,0,260,100,124,30,142,388
25,3,6,0,1,15,16,30,142,388
25,3,6,0,50,71,47,125,142,388
25,3,6,0,1,100,124,30,142,388
25,3,6,0,4,147,47,125,142,388
25,3,6,0,1,7,20,30,142,388
25,3,6,0,438,21,26,125,142,388
25,3,6,0,1,35,156,30,142,388
25,3,6,0,94,74,20,30,142,388
25,3,6,0,438,21,20,30,142,388
25,3,6,0,1,21,20,30,142,388
25,19,45,92,78,312,47,125,142,388
25,3,6,0,1,78,20,30,142,388
25,3,6,0,1,21,26,125,142,388
25,396,45,470,20,19,54,30,142,388
25,19,11,3,9,282,132,30,142,388
25,396,45,470,20,375,156,30,142,388
25,19,11,3,0,6,229,30,142,388
25,19,11,3,9,38,430,30,142,388
25,396,45,470,20,21,26,125,142,388
25,19,11,3,1,5,286,30,142,388
25,19,11,3,0,7,20,30,142,388
25,19,11,3,75,303,47,125,142,388
25,19,11,3,1,8,26,125,142,388
25,19,11,3,0,5,286,30,142,388
25,19,11,3,13,23,36,30,142,388
25,19,11,3,75,31,16,30,142,388
25,19,11,3,1,35,156,30,142,388
25,19,11,3,0,143,124,30,142,388
25,19,11,3,281,38,430,30,142,388
25,19,11,3,13,31,128,30,142,388
25,19,11,3,75,31,128,30,142,388
25,19,11,3,1,7,20,30,142,388
25,19,11,3,0,23,36,30,142,388
25,19,11,3,133,8,26,125,142,388
25,19,11,3,13,5,286,30,142,388
25,19,11,3,13,31,16,30,142,388
25,19,11,3,1,78,20,30,142,388
25,19,11,3,4,147,47,125,142,388
25,19,11,3,13,320,26,125,142,388
25,19,11,3,1,15,16,30,142,388
25,19,11,3,13,123,47,125,142,388
25,19,11,3,1,21,20,30,142,388
25,19,69,1,8,10,16,30,142,388
25,19,11,3,1,100,124,30,142,388
25,19,11,3,1,21,26,125,142,388
25,19,69,1,8,243,128,30,142,388
25,3,6,0,2,29,26,125,142,388
25,19,69,1,8,100,124,30,142,388
25,3,47,154,12,5,286,30,142,388
25,3,47,303,386,201,20,30,142,388
25,3,47,154,12,115,20,30,142,388
25,3,47,303,75,31,128,30,142,388
25,3,9,32,197,38,430,30,142,388
25,19,390,15,28,183,16,30,142,388
25,3,9,32,376,172,132,30,142,388
25,19,390,15,1,8,26,125,142,388
25,19,11,3,6,225,26,125,142,388
25,19,390,15,1,35,156,30,142,388
25,3,9,32,11,45,132,30,142,388
25,19,390,15,1,7,20,30,142,388
25,3,9,32,11,45,146,30,142,388
25,19,390,15,1,78,20,30,142,388
25,3,9,32,11,19,20,30,142,388
25,19,390,15,1,100,124,30,142,388
25,3,47,123,13,23,36,30,142,388
25,19,390,15,1,3,47,125,142,388
25,3,47,123,13,31,128,30,142,388
25,19,390,15,1,21,20,30,142,388
25,3,8,83,5,15,16,30,142,388
25,19,390,15,1,21,26,125,142,388
25,3,8,83,5,19,54,30,142,388
25,19,11,3,8,243,128,30,142,388
25,3,11,32,9,38,430,30,142,388
25,19,11,3,8,100,124,30,142,388
25,3,11,259,37,6,229,30,142,388
25,3,11,32,197,38,430,30,142,388
25,3,11,32,9,282,132,30,142,388
25,19,11,3,8,10,16,30,142,388
25,3,11,440,28,183,16,30,142,388
25,3,11,259,37,7,20,30,142,388
25,3,11,32,376,172,132,30,142,388
25,3,11,475,1,5,286,30,142,388
25,3,11,440,28,15,16,30,142,388
25,3,11,259,37,70,26,125,142,388
25,3,11,32,145,389,26,125,142,388
25,3,11,241,12,115,20,30,142,388
25,3,11,475,1,8,26,125,142,388
25,3,11,259,37,497,20,30,142,388
25,3,11,32,178,23,36,30,142,388
25,3,11,361,109,45,132,30,142,388
25,3,11,241,12,5,286,30,142,388
25,3,11,475,1,35,156,30,142,388
25,3,11,311,168,45,132,30,142,388
25,3,11,361,109,437,194,30,142,388
25,3,11,361,109,45,146,30,142,388
25,3,11,241,12,154,47,125,142,388
25,3,11,475,1,100,124,30,142,388
25,3,11,330,260,100,124,30,142,388
25,3,11,311,168,45,146,30,142,388
25,3,11,475,1,15,16,30,142,388
25,3,11,257,4,147,47,125,142,388
25,3,11,475,1,21,26,125,142,388
25,19,11,3,8,26,182,125,142,388
25,3,11,475,1,7,20,30,142,388
25,3,11,475,1,21,20,30,142,388
25,3,11,475,1,78,20,30,142,388
25,3,11,255,69,19,20,30,142,388
25,19,45,164,1,8,26,125,142,388
25,19,24,251,45,470,20,30,142,388
25,19,45,168,13,5,286,30,142,388
25,19,45,164,1,5,286,30,142,388
25,19,45,360,37,497,20,30,142,388
25,19,45,168,13,320,26,125,142,388
25,19,45,164,1,21,20,30,142,388
25,19,45,189,12,5,286,30,142,388
25,19,45,360,37,6,229,30,142,388
25,19,45,168,13,23,36,30,142,388
25,19,45,164,1,35,156,30,142,388
25,19,45,164,1,21,26,125,142,388
25,19,45,355,161,5,286,30,142,388
25,19,45,189,12,154,47,125,142,388
25,19,45,360,37,7,20,30,142,388
25,19,45,168,13,31,16,30,142,388
25,19,45,164,1,7,20,30,142,388
25,19,45,151,42,6,229,30,142,388
25,19,45,189,12,115,20,30,142,388
25,19,45,360,37,70,26,125,142,388
25,19,45,168,13,3,47,125,142,388
25,19,45,168,13,31,128,30,142,388
25,19,45,164,1,78,20,30,142,388
25,19,45,179,17,6,229,30,142,388
25,19,45,168,13,123,47,125,142,388
25,19,45,164,1,100,124,30,142,388
25,19,45,319,17,6,229,30,142,388
25,19,45,179,280,29,26,125,142,388
25,19,45,164,1,3,47,125,142,388
25,19,45,402,376,172,132,30,142,388
25,19,45,179,268,5,286,30,142,388
25,19,45,164,1,15,16,30,142,388
25,19,45,379,2,10,16,30,142,388
25,3,8,93,1,5,286,30,142,388
25,19,45,343,335,237,488,30,142,388
25,19,45,379,2,322,194,30,142,388
25,3,8,317,1,5,286,30,142,388
25,3,8,93,1,21,20,30,142,388
25,19,45,379,2,29,26,125,142,388
25,3,8,191,1,5,286,30,142,388
25,3,8,317,1,21,20,30,142,388
25,3,8,93,1,35,156,30,142,388
25,3,8,93,1,21,26,125,142,388
25,3,8,484,200,7,20,30,142,388
25,3,8,191,1,21,20,30,142,388
25,3,8,317,1,35,156,30,142,388
25,3,8,317,1,21,26,125,142,388
25,3,8,93,1,100,124,30,142,388
25,3,8,228,77,35,156,30,142,388
25,3,8,191,1,35,156,30,142,388
25,3,8,191,1,21,26,125,142,388
25,3,8,317,1,100,124,30,142,388
25,3,8,93,1,15,16,30,142,388
25,3,8,267,140,21,20,30,142,388
25,3,8,191,1,100,124,30,142,388
25,3,8,317,1,15,16,30,142,388
25,3,8,93,1,7,20,30,142,388
25,3,8,267,140,21,26,125,142,388
25,3,8,191,1,15,16,30,142,388
25,3,8,317,1,7,20,30,142,388
25,3,8,93,1,78,20,30,142,388
25,3,8,191,1,7,20,30,142,388
25,3,8,317,1,78,20,30,142,388
25,3,8,191,1,78,20,30,142,388
25,3,8,148,0,7,20,30,142,388
25,3,11,45,19,284,20,30,142,388
25,3,8,148,0,5,286,30,142,388
25,3,416,157,1,7,20,30,142,388
25,3,8,148,0,143,124,30,142,388
25,3,416,157,1,78,20,30,142,388
25,3,8,148,0,23,36,30,142,388
25,3,416,157,1,100,124,30,142,388
25,3,1,161,355,45,132,30,142,388
25,3,416,157,1,15,16,30,142,388
25,3,1,161,355,45,146,30,142,388
25,3,416,157,1,5,286,30,142,388
25,3,11,139,12,115,20,30,142,388
25,19,69,1,3,8,26,125,142,388
25,19,69,1,78,312,47,125,142,388
25,3,0,5,491,310,20,30,142,388
25,3,0,5,11,45,132,30,142,388
25,3,0,5,1,7,20,30,142,388
25,3,0,5,11,45,146,30,142,388
25,3,0,5,51,172,132,30,142,388
25,3,0,5,1,8,26,125,142,388
25,3,0,5,12,154,47,125,142,388
25,3,0,5,51,269,20,30,142,388
25,3,0,5,1,15,16,30,142,388
25,3,0,5,48,7,20,30,142,388
25,3,0,5,12,115,20,30,142,388
25,3,0,5,1,100,124,30,142,388
25,3,0,5,83,8,26,125,142,388
25,3,0,5,48,429,286,30,142,388
25,3,0,5,1,35,156,30,142,388
25,3,0,5,18,6,229,30,142,388
25,3,0,5,1,21,20,30,142,388
25,3,0,5,157,310,20,30,142,388
25,3,0,5,1,78,20,30,142,388
25,3,0,5,1,21,26,125,142,388
25,3,0,5,363,74,20,30,142,388
25,3,0,5,157,344,26,125,142,388
25,3,0,5,11,19,20,30,142,388
25,3,0,5,13,31,16,30,142,388
25,3,1,93,8,10,16,30,142,388
25,3,0,5,13,23,36,30,142,388
25,3,0,5,13,31,128,30,142,388
25,3,1,161,5,19,20,30,142,388
25,3,6,205,79,55,47,125,142,388
25,3,1,161,5,15,16,30,142,388
25,3,1,161,5,19,54,30,142,388
25,3,6,205,79,55,26,125,142,388
25,19,313,17,179,45,132,30,142,388
25,3,1,157,344,26,182,125,142,388
25,19,313,17,27,23,36,30,142,388
25,19,313,17,179,45,146,30,142,388
25,19,313,17,64,23,36,30,142,388
25,19,313,17,319,45,146,30,142,388
25,19,313,17,34,38,430,30,142,388
25,19,313,17,0,6,229,30,142,388
25,3,1,0,23,104,16,30,142,388
25,19,313,17,0,3,47,125,142,388
25,3,1,8,10,16,47,125,142,388
25,19,313,17,0,143,124,30,142,388
25,3,1,5,19,284,20,30,142,388
25,19,313,17,0,23,36,30,142,388
25,3,1,5,19,45,132,30,142,388
25,19,5,363,74,31,128,30,142,388
25,3,1,5,19,45,146,30,142,388
25,19,69,1,3,47,410,30,142,388
25,19,11,3,47,55,26,125,142,388
25,3,13,5,19,45,146,30,142,388
25,3,1,7,20,375,156,30,142,388
25,3,1,0,17,6,229,30,142,388
25,3,1,8,83,5,286,30,142,388
25,3,1,0,24,19,20,30,142,388
25,3,1,8,391,397,16,30,142,388
25,3,1,0,2,322,194,30,142,388
25,3,1,0,24,19,54,30,142,388
25,3,1,0,34,38,430,30,142,388
25,3,1,0,2,10,16,30,142,388
25,3,1,0,260,100,124,30,142,388
25,3,1,0,2,29,26,125,142,388
25,3,1,0,175,23,36,30,142,388
25,19,5,51,48,429,286,30,142,388
25,3,1,0,94,74,20,30,142,388
25,3,1,127,5,15,16,30,142,388
25,3,1,0,148,8,26,125,142,388
25,3,1,127,5,19,54,30,142,388
25,3,1,0,4,147,47,125,142,388
25,3,1,8,100,426,132,30,142,388
25,3,1,0,438,21,20,30,142,388
25,338,120,35,166,45,132,30,142,388
25,3,1,0,50,71,47,125,142,388
25,3,1,0,438,21,26,125,142,388
25,338,120,35,415,70,26,125,142,388
25,338,120,35,166,45,146,30,142,388
25,338,120,35,33,7,20,30,142,388
25,3,498,28,11,19,20,30,142,388
25,338,120,35,33,23,36,30,142,388
25,3,498,28,215,172,132,30,142,388
25,3,498,28,11,5,286,30,142,388
25,3,498,28,11,19,54,30,142,388
25,3,498,28,356,10,16,30,142,388
25,3,498,28,11,45,132,30,142,388
25,3,498,28,404,72,20,30,142,388
25,3,498,28,11,45,146,30,142,388
25,3,75,31,16,47,410,30,142,388
25,338,120,35,1,8,26,125,142,388
25,19,5,1,3,47,410,30,142,388
25,338,120,35,1,21,20,30,142,388
25,3,98,28,145,389,26,125,142,388
25,338,120,35,1,7,20,30,142,388
25,338,120,35,1,21,26,125,142,388
25,3,98,28,215,172,132,30,142,388
25,338,120,35,1,78,20,30,142,388
25,3,98,28,356,10,16,30,142,388
25,338,120,35,1,100,124,30,142,388
25,3,98,28,404,72,20,30,142,388
25,3,1,35,166,45,132,30,142,388
25,338,120,35,1,3,47,125,142,388
25,221,186,17,34,38,430,30,142,388
25,3,1,35,33,23,36,30,142,388
25,3,1,35,166,45,146,30,142,388
25,338,120,35,1,15,16,30,142,388
25,221,186,17,76,19,20,30,142,388
25,3,1,35,120,10,16,30,142,388
25,3,1,35,33,7,20,30,142,388
25,221,186,17,313,19,20,30,142,388
25,221,186,17,76,19,54,30,142,388
25,3,1,35,415,70,26,125,142,388
25,221,186,17,27,23,36,30,142,388
25,221,186,17,313,19,54,30,142,388
25,221,186,17,319,45,146,30,142,388
25,221,186,17,64,23,36,30,142,388
25,19,24,261,84,21,20,30,142,388
25,19,24,245,12,154,47,125,142,388
25,19,24,73,84,21,20,30,142,388
25,19,24,261,84,21,26,125,142,388
25,19,24,245,12,115,20,30,142,388
25,3,4,0,24,19,20,30,142,388
25,3,4,0,1,8,26,125,142,388
25,19,24,73,12,115,20,30,142,388
25,3,4,0,34,38,430,30,142,388
25,3,4,0,24,19,54,30,142,388
25,3,4,0,1,15,16,30,142,388
25,3,4,0,148,8,26,125,142,388
25,3,9,1,5,19,20,30,142,388
25,3,4,0,1,100,124,30,142,388
25,3,4,0,94,74,20,30,142,388
25,3,9,1,5,15,16,30,142,388
25,3,9,1,5,19,54,30,142,388
25,3,4,0,1,7,20,30,142,388
25,3,4,0,175,23,36,30,142,388
25,3,392,1,5,15,16,30,142,388
25,3,4,0,1,35,156,30,142,388
25,3,4,0,2,10,16,30,142,388
25,3,392,1,5,19,54,30,142,388
25,3,4,0,1,21,20,30,142,388
25,3,4,0,438,21,26,125,142,388
25,3,4,0,2,322,194,30,142,388
25,3,4,0,1,78,20,30,142,388
25,3,4,0,1,21,26,125,142,388
25,3,4,0,260,100,124,30,142,388
25,3,4,0,438,21,20,30,142,388
25,3,4,0,2,29,26,125,142,388
25,3,4,0,50,71,47,125,142,388
25,3,287,323,27,23,36,30,142,388
25,19,5,1,3,8,26,125,142,388
25,3,8,1,5,15,16,30,142,388
25,3,287,324,11,5,286,30,142,388
25,3,287,324,11,19,54,30,142,388
25,3,8,1,5,19,54,30,142,388
25,3,287,324,11,45,132,30,142,388
25,3,11,5,13,123,47,125,142,388
25,3,11,5,48,7,20,30,142,388
25,3,287,324,11,45,146,30,142,388
25,3,11,5,0,6,229,30,142,388
25,3,11,5,13,320,26,125,142,388
25,3,11,5,1,8,26,125,142,388
25,3,11,5,0,7,20,30,142,388
25,3,11,5,13,31,16,30,142,388
25,3,11,5,491,310,20,30,142,388
25,3,11,5,1,21,20,30,142,388
25,3,11,5,0,143,124,30,142,388
25,3,11,5,13,23,36,30,142,388
25,3,11,5,13,31,128,30,142,388
25,3,11,5,12,115,20,30,142,388
25,3,11,5,1,35,156,30,142,388
25,3,11,5,1,21,26,125,142,388
25,3,11,5,0,23,36,30,142,388
25,3,11,5,51,172,132,30,142,388
25,3,11,5,12,154,47,125,142,388
25,3,11,5,1,100,124,30,142,388
25,3,11,5,83,8,26,125,142,388
25,3,11,5,51,269,20,30,142,388
25,3,11,5,1,15,16,30,142,388
25,3,11,5,18,6,229,30,142,388
25,3,11,5,1,7,20,30,142,388
25,3,11,5,157,310,20,30,142,388
25,3,11,5,1,78,20,30,142,388
25,3,11,5,363,74,20,30,142,388
25,3,11,5,157,344,26,125,142,388
25,3,1,78,20,30,16,47,125,142,388
25,3,9,1,15,16,47,410,30,142,388
25,3,133,8,1,21,26,182,125,142,388
25,3,392,1,69,114,7,20,30,142,388
25,3,0,316,9,1,100,124,30,142,388
25,3,13,5,11,45,19,20,30,142,388
25,3,1,15,16,30,410,47,125,142,388
25,3,0,2,12,5,19,20,30,142,388
25,19,24,0,5,15,16,47,125,142,388
25,3,13,5,1,100,8,26,125,142,388
25,3,392,1,9,270,5,286,30,142,388
25,3,133,8,1,100,426,132,30,142,388
25,3,6,17,179,45,19,20,30,142,388
25,3,13,5,1,78,312,47,125,142,388
25,3,1,317,8,100,426,132,30,142,388
25,221,186,17,0,3,47,16,30,142,388
25,3,0,2,14,371,5,286,30,142,388
25,19,20,21,1,3,47,16,30,142,388
25,3,14,2,0,17,6,229,30,142,388
25,3,0,2,12,154,47,16,30,142,388
25,254,58,24,0,6,225,26,125,142,388
25,3,14,2,0,23,104,16,30,142,388
25,3,13,67,28,15,5,286,30,142,388
25,3,392,1,69,19,5,286,30,142,388
25,3,133,8,1,15,5,286,30,142,388
25,3,133,8,1,15,16,47,125,142,388
25,3,0,2,12,189,45,132,30,142,388
25,19,11,45,146,30,16,47,125,142,388
25,3,392,1,44,23,104,16,30,142,388
25,19,5,83,8,3,6,229,30,142,388
25,3,0,2,379,45,19,20,30,142,388
25,19,11,28,98,3,47,16,30,142,388
25,3,13,5,1,15,16,47,125,142,388
25,19,20,21,1,3,6,229,30,142,388
25,3,133,8,1,22,138,194,30,142,388
25,3,133,8,1,78,312,47,125,142,388
25,19,5,83,8,3,47,16,30,142,388
25,221,186,17,0,3,6,229,30,142,388
25,3,1,21,26,125,47,16,30,142,388
25,3,14,96,109,45,19,20,30,142,388
25,3,0,380,205,79,464,20,30,142,388
25,3,13,119,318,100,8,26,125,142,388
25,3,1,191,8,10,16,47,125,142,388
25,3,392,1,57,31,16,47,125,142,388
25,3,392,1,44,50,71,47,125,142,388
25,19,284,20,95,222,6,229,30,142,388
25,3,9,1,8,26,21,20,30,142,388
25,19,284,20,95,70,138,194,30,142,388
25,19,284,20,95,70,26,182,125,142,388
25,3,1,191,8,83,5,286,30,142,388
25,3,1,191,8,100,426,132,30,142,388
25,19,11,28,498,3,6,229,30,142,388
25,3,13,5,1,93,8,26,125,142,388
25,338,120,35,237,211,6,229,30,142,388
25,3,13,320,26,125,47,16,30,142,388
25,19,284,20,249,70,138,194,30,142,388
25,19,284,20,249,70,26,182,125,142,388
25,396,45,19,11,5,15,16,30,142,388
25,3,75,303,47,312,78,20,30,142,388
25,3,75,303,47,55,26,182,125,142,388
25,19,284,20,7,0,3,47,125,142,388
25,3,13,253,157,1,8,26,125,142,388
25,3,392,1,57,31,72,20,30,142,388
25,3,1,191,8,26,21,20,30,142,388
25,19,20,95,70,37,6,229,30,142,388
25,19,11,28,498,3,47,16,30,142,388
25,3,13,67,28,15,16,47,125,142,388
25,19,45,109,361,11,5,286,30,142,388
25,3,13,119,112,22,138,194,30,142,388
25,19,45,85,283,222,6,229,30,142,388
25,19,5,83,8,100,426,132,30,142,388
25,19,45,85,52,349,15,16,30,142,388
25,3,392,1,116,71,47,16,30,142,388
25,19,45,85,52,21,26,182,125,142,388
25,3,1,0,6,205,411,132,30,142,388
25,3,1,0,6,225,26,182,125,142,388
25,3,392,1,22,137,71,47,125,142,388
25,19,45,53,38,9,3,47,125,142,388
25,19,45,53,38,216,182,26,125,142,388
25,19,69,1,296,95,70,26,125,142,388
25,3,9,1,21,26,55,47,125,142,388
25,3,1,100,8,26,21,20,30,142,388
25,19,76,17,34,38,216,182,125,142,388
25,19,20,78,1,3,6,229,30,142,388
25,19,20,78,1,3,47,16,30,142,388
25,3,6,17,0,23,104,16,30,142,388
25,3,11,5,19,390,15,16,30,142,388
25,3,47,410,30,20,21,26,125,142,388
25,3,1,100,8,83,5,286,30,142,388
25,19,20,78,1,57,31,128,30,142,388
25,3,287,1,35,156,375,20,30,142,388
25,19,20,78,1,15,5,286,30,142,388
25,19,20,78,1,15,16,47,125,142,388
25,3,1,100,8,10,16,47,125,142,388
25,19,76,17,0,6,225,26,125,142,388
25,19,11,28,15,16,31,128,30,142,388
25,3,1,69,114,173,6,229,30,142,388
25,3,452,448,206,304,71,47,125,142,388
25,3,452,448,206,246,16,47,125,142,388
25,221,186,387,28,11,5,286,30,142,388
25,221,186,387,28,183,16,47,125,142,388
25,19,76,17,0,3,6,229,30,142,388
25,3,0,412,197,38,216,182,125,142,388
25,221,186,439,33,60,5,286,30,142,388
25,19,76,17,0,3,47,16,30,142,388
25,221,186,439,33,35,237,488,30,142,388
25,19,11,5,18,6,225,26,125,142,388
25,3,6,17,0,34,38,430,30,142,388
25,3,6,17,64,23,104,16,30,142,388
25,221,186,131,33,60,5,286,30,142,388
25,221,186,131,33,35,237,488,30,142,388
25,3,0,56,44,23,104,16,30,142,388
25,19,76,17,0,1,8,26,125,142,388
25,19,76,17,0,23,104,16,30,142,388
25,19,11,28,41,23,104,16,30,142,388
25,3,8,10,334,12,5,286,30,142,388
25,19,11,5,12,2,322,194,30,142,388
25,19,69,1,22,138,70,26,125,142,388
25,19,11,5,12,154,47,16,30,142,388
25,3,11,5,19,45,470,20,30,142,388
25,19,11,5,1,8,3,47,125,142,388
25,19,11,28,356,10,8,26,125,142,388
25,19,76,17,27,23,104,16,30,142,388
25,19,69,1,0,5,15,16,30,142,388
25,396,45,19,5,0,3,47,125,142,388
25,19,11,5,1,8,26,182,125,142,388
25,3,4,0,5,13,123,47,125,142,388
25,3,4,0,5,15,16,47,125,142,388
25,3,8,10,120,35,237,488,30,142,388
25,3,8,10,89,21,26,182,125,142,388
25,19,11,5,83,8,3,47,125,142,388
25,19,11,5,83,8,26,182,125,142,388
25,3,0,56,44,1,7,20,30,142,388
25,19,5,1,8,10,16,47,125,142,388
25,3,11,40,153,33,35,156,30,142,388
25,3,11,40,171,342,35,156,30,142,388
25,3,392,1,21,20,19,54,30,142,388
25,19,294,51,48,302,71,47,125,142,388
25,3,11,40,171,70,95,20,30,142,388
25,19,11,5,13,23,104,16,30,142,388
25,19,11,28,144,23,104,16,30,142,388
25,3,11,40,171,70,26,182,125,142,388
25,19,11,5,1,35,237,488,30,142,388
25,19,5,83,8,1,78,20,30,142,388
25,19,11,28,15,16,47,410,30,142,388
25,396,45,19,5,15,16,47,125,142,388
25,19,11,5,1,21,26,182,125,142,388
25,3,8,26,70,37,6,229,30,142,388
25,3,11,40,209,95,70,26,125,142,388
25,3,14,371,466,424,23,36,30,142,388
25,19,69,1,44,50,71,47,125,142,388
25,19,11,28,356,10,16,47,125,142,388
25,3,0,6,211,121,38,430,30,142,388
25,3,1,9,270,5,19,20,30,142,388
25,3,0,6,211,237,35,156,30,142,388
25,3,1,9,38,401,23,36,30,142,388
25,3,9,282,132,30,16,47,125,142,388
25,3,9,38,53,45,19,20,30,142,388
25,19,69,1,22,327,3,47,125,142,388
25,3,9,1,0,5,19,20,30,142,388
25,3,392,1,22,138,70,26,125,142,388
25,19,76,17,179,280,29,26,125,142,388
25,19,284,20,21,1,5,286,30,142,388
25,3,9,1,78,312,47,16,30,142,388
25,3,0,6,37,70,95,20,30,142,388
25,19,11,5,48,302,71,47,125,142,388
25,19,11,5,13,320,26,182,125,142,388
25,19,11,5,13,31,494,16,30,142,388
25,3,11,5,286,30,16,47,125,142,388
25,3,0,6,37,70,26,182,125,142,388
25,19,11,5,13,31,16,47,125,142,388
25,396,45,132,30,20,21,26,125,142,388
25,19,11,5,1,78,312,47,125,142,388
25,19,20,78,1,8,26,182,125,142,388
25,3,9,1,78,92,45,132,30,142,388
25,3,327,479,225,26,21,20,30,142,388
25,19,11,5,363,74,31,16,30,142,388
25,3,0,6,173,297,38,430,30,142,388
25,19,11,5,51,48,7,20,30,142,388
25,19,69,1,44,23,104,16,30,142,388
25,19,11,5,13,3,6,229,30,142,388
25,19,20,78,1,8,3,47,125,142,388
25,3,6,17,179,280,29,26,125,142,388
25,3,8,243,128,30,16,47,125,142,388
25,19,11,5,13,3,47,16,30,142,388
25,19,11,5,1,100,426,132,30,142,388
25,396,45,19,284,20,375,156,30,142,388
25,3,1,44,23,0,6,229,30,142,388
25,19,11,5,81,42,6,229,30,142,388
25,254,58,24,19,5,15,16,30,142,388
25,3,392,1,35,156,375,20,30,142,388
25,19,11,5,13,168,45,132,30,142,388
25,19,11,5,13,123,47,16,30,142,388
25,3,0,6,222,256,7,20,30,142,388
25,3,0,6,222,95,70,26,125,142,388
25,19,11,5,1,3,6,229,30,142,388
25,3,1,44,23,104,16,47,125,142,388
25,19,11,5,1,3,47,16,30,142,388
25,19,11,5,157,1,100,124,30,142,388
25,3,0,6,37,360,45,146,30,142,388
25,19,11,5,157,344,26,182,125,142,388
25,19,11,5,1,22,138,194,30,142,388
25,19,69,1,161,5,15,16,30,142,388
25,3,6,42,4,147,47,16,30,142,388
25,19,69,1,157,5,15,16,30,142,388
25,3,13,177,51,5,19,20,30,142,388
25,3,9,88,38,401,23,36,30,142,388
25,3,0,6,17,34,38,430,30,142,388
25,19,11,5,1,15,16,47,125,142,388
25,19,11,5,0,6,225,26,125,142,388
25,3,1,69,19,5,15,16,30,142,388
25,3,0,6,18,5,19,20,30,142,388
25,3,4,0,5,19,284,20,30,142,388
25,19,11,5,0,23,104,16,30,142,388
25,3,372,253,157,1,8,26,125,142,388
25,19,20,21,1,57,31,128,30,142,388
25,3,13,168,45,85,354,16,30,142,388
25,3,13,168,45,19,5,286,30,142,388
25,19,45,85,354,16,31,128,30,142,388
25,19,45,85,354,16,47,410,30,142,388
25,19,11,5,0,17,6,229,30,142,388
25,3,75,31,13,23,104,16,30,142,388
25,19,69,1,0,3,47,16,30,142,388
25,3,9,88,38,216,182,26,125,142,388
25,3,9,1,15,390,19,20,30,142,388
25,254,58,12,334,335,237,488,30,142,388
25,19,69,1,0,3,6,229,30,142,388
25,254,58,12,334,10,8,26,125,142,388
25,3,372,253,13,23,104,16,30,142,388
25,3,75,31,13,320,26,182,125,142,388
25,254,58,12,334,10,16,47,125,142,388
25,3,327,22,7,0,6,229,30,142,388
25,19,11,28,404,72,31,16,30,142,388
25,3,392,1,21,89,10,16,30,142,388
25,3,9,1,15,5,19,20,30,142,388
25,254,58,12,189,45,19,20,30,142,388
25,3,1,5,48,61,15,16,30,142,388
25,3,75,31,13,168,45,146,30,142,388
25,3,372,253,13,168,45,132,30,142,388
25,3,372,253,13,123,47,16,30,142,388
25,19,69,1,191,8,3,47,125,142,388
25,19,5,83,8,10,16,47,125,142,388
25,3,0,5,19,11,45,132,30,142,388
25,3,9,77,228,8,243,128,30,142,388
25,3,1,5,0,6,225,26,125,142,388
25,254,58,12,2,0,6,229,30,142,388
25,3,1,5,11,28,183,16,30,142,388
25,3,13,67,28,183,16,47,125,142,388
25,254,58,12,2,29,26,182,125,142,388
25,3,1,5,11,45,19,20,30,142,388
25,254,58,12,39,28,183,16,30,142,388
25,3,1,5,18,6,225,26,125,142,388
25,19,69,1,127,5,15,16,30,142,388
25,3,9,77,228,8,26,182,125,142,388
25,3,1,5,11,19,45,132,30,142,388
25,3,392,1,475,11,5,286,30,142,388
25,254,58,12,185,72,31,16,30,142,388
25,3,1,5,83,8,243,128,30,142,388
25,19,11,28,67,13,31,128,30,142,388
25,19,69,1,164,45,470,20,30,142,388
25,3,6,18,453,28,15,16,30,142,388
25,3,287,1,317,8,243,128,30,142,388
25,3,1,5,83,8,26,182,125,142,388
25,3,287,1,317,8,26,182,125,142,388
25,19,294,51,5,15,16,47,125,142,388
25,3,1,7,20,30,16,47,125,142,388
25,3,1,57,31,16,47,410,30,142,388
25,19,24,0,3,47,55,26,125,142,388
25,3,1,5,13,320,26,182,125,142,388
25,3,1,5,0,34,38,430,30,142,388
25,19,69,1,93,8,3,47,125,142,388
25,3,0,99,80,31,16,47,125,142,388
25,3,1,44,50,0,23,36,30,142,388
25,3,1,5,0,23,104,16,30,142,388
25,3,13,67,82,42,6,229,30,142,388
25,3,287,1,0,5,19,20,30,142,388
25,3,1,5,12,154,47,16,30,142,388
25,19,69,1,93,8,26,182,125,142,388
25,3,13,306,91,10,16,47,125,142,388
25,3,1,5,13,23,104,16,30,142,388
25,3,8,26,320,13,5,286,30,142,388
25,19,69,1,0,6,225,26,125,142,388
25,3,13,5,12,2,322,194,30,142,388
25,3,6,42,4,0,5,286,30,142,388
25,3,392,1,296,95,70,26,125,142,388
25,19,69,1,191,8,26,182,125,142,388
25,3,287,1,127,5,19,20,30,142,388
25,3,1,5,12,2,322,194,30,142,388
25,3,1,5,157,344,26,182,125,142,388
25,19,390,15,16,30,410,47,125,142,388
25,3,1,5,13,31,16,47,125,142,388
25,19,20,21,1,15,16,47,125,142,388
25,3,1,44,50,71,47,16,30,142,388
25,19,5,11,3,6,225,26,125,142,388
25,3,1,5,13,168,45,146,30,142,388
25,3,1,5,13,123,47,16,30,142,388
25,3,1,5,13,31,494,16,30,142,388
25,19,20,78,1,21,26,182,125,142,388
25,3,75,31,128,243,8,26,125,142,388
25,19,5,11,3,13,123,47,125,142,388
25,3,1,5,51,48,429,286,30,142,388
25,19,5,11,3,8,243,128,30,142,388
25,19,5,11,3,8,26,182,125,142,388
25,3,1,5,81,42,6,229,30,142,388
25,3,1,5,363,74,31,16,30,142,388
25,19,69,1,157,416,3,47,125,142,388
25,3,13,306,91,22,7,20,30,142,388
25,3,287,1,9,38,216,182,125,142,388
25,3,0,1,188,5,19,20,30,142,388
25,19,20,21,1,15,5,286,30,142,388
25,3,287,1,0,6,225,26,125,142,388
25,19,20,464,79,55,47,16,30,142,388
25,19,69,1,0,23,104,16,30,142,388
25,3,0,380,205,6,225,26,125,142,388
25,3,9,1,21,20,19,54,30,142,388
25,3,1,475,11,5,19,20,30,142,388
25,3,1,296,95,222,6,229,30,142,388
25,3,1,5,15,16,31,128,30,142,388
25,3,13,306,91,10,8,26,125,142,388
25,3,287,1,157,5,19,20,30,142,388
25,3,1,5,15,16,47,410,30,142,388
25,3,0,1,191,8,243,128,30,142,388
25,3,0,1,191,8,26,182,125,142,388
25,19,69,1,157,344,26,182,125,142,388
25,3,13,67,28,41,23,36,30,142,388
25,3,0,1,164,45,19,20,30,142,388
25,3,0,1,93,8,243,128,30,142,388
25,3,0,1,93,8,26,182,125,142,388
25,254,58,24,19,20,375,156,30,142,388
25,19,69,1,100,8,3,47,125,142,388
25,3,287,1,9,270,5,286,30,142,388
25,19,69,1,100,8,26,182,125,142,388
25,19,20,464,79,37,70,26,125,142,388
25,19,69,1,0,260,100,124,30,142,388
25,3,416,157,310,491,5,286,30,142,388
25,3,0,1,317,8,243,128,30,142,388
25,3,1,296,95,70,138,194,30,142,388
25,3,0,1,317,8,26,182,125,142,388
25,3,6,17,34,38,216,182,125,142,388
25,3,287,1,161,355,45,132,30,142,388
25,3,4,257,11,5,19,20,30,142,388
25,19,20,21,1,5,15,16,30,142,388
25,3,287,1,161,5,19,20,30,142,388
25,3,1,296,95,70,26,182,125,142,388
25,19,45,146,30,20,21,26,125,142,388
25,3,13,177,409,126,5,286,30,142,388
25,3,0,1,9,38,216,182,125,142,388
25,3,4,257,11,28,183,16,30,142,388
25,3,416,157,310,20,19,54,30,142,388
25,19,69,1,161,355,45,132,30,142,388
25,3,287,1,157,344,26,182,125,142,388
25,3,0,1,69,114,7,20,30,142,388
25,19,69,1,188,5,15,16,30,142,388
25,3,287,1,0,17,6,229,30,142,388
25,19,20,310,157,344,26,182,125,142,388
25,19,20,269,51,48,5,286,30,142,388
25,3,0,1,44,50,71,47,125,142,388
25,3,0,1,475,11,5,286,30,142,388
25,3,0,1,296,95,70,26,125,142,388
25,3,250,347,7,20,19,54,30,142,388
25,19,69,1,317,8,3,47,125,142,388
25,19,5,18,6,225,26,182,125,142,388
25,3,4,257,11,19,5,286,30,142,388
25,3,392,1,7,0,6,229,30,142,388
25,3,287,1,191,8,243,128,30,142,388
25,19,294,51,5,0,3,47,125,142,388
25,19,284,20,72,192,45,132,30,142,388
25,19,11,32,9,38,216,182,125,142,388
25,3,287,1,191,8,26,182,125,142,388
25,3,9,292,46,28,183,16,30,142,388
25,3,13,5,83,8,243,128,30,142,388
25,3,13,31,16,30,410,47,125,142,388
25,3,392,1,7,20,19,54,30,142,388
25,3,8,26,182,125,47,16,30,142,388
25,19,20,269,51,5,15,16,30,142,388
25,221,314,264,136,28,183,16,30,142,388
25,19,11,259,443,272,7,20,30,142,388
25,19,69,1,317,8,26,182,125,142,388
25,19,11,259,37,6,225,26,125,142,388
25,3,287,1,22,138,70,26,125,142,388
25,19,76,17,179,45,470,20,30,142,388
25,3,0,1,9,88,38,430,30,142,388
25,3,6,42,463,116,71,47,125,142,388
25,3,9,32,145,28,15,16,30,142,388
25,19,11,32,197,38,216,182,125,142,388
25,19,11,32,9,3,6,229,30,142,388
25,19,20,21,1,8,3,47,125,142,388
25,19,5,11,3,47,55,26,125,142,388
25,19,11,32,9,3,47,16,30,142,388
25,3,13,224,114,173,6,229,30,142,388
25,3,9,176,33,23,104,16,30,142,388
25,3,287,1,69,114,7,20,30,142,388
25,221,314,264,161,5,19,20,30,142,388
25,19,284,20,72,31,16,47,125,142,388
25,19,11,324,287,3,6,229,30,142,388
25,19,11,324,287,1,8,26,125,142,388
25,19,11,324,287,3,47,16,30,142,388
25,19,5,1,8,133,3,47,125,142,388
25,3,287,1,22,137,71,47,125,142,388
25,19,11,32,145,28,15,16,30,142,388
25,19,5,83,8,26,55,47,125,142,388
25,3,287,1,0,23,104,16,30,142,388
25,3,11,118,21,20,19,54,30,142,388
25,19,11,32,145,389,26,182,125,142,388
25,19,11,32,9,1,5,286,30,142,388
25,3,9,176,33,140,21,26,125,142,388
25,3,59,367,32,11,5,286,30,142,388
25,3,9,176,33,35,237,488,30,142,388
25,3,13,278,103,17,6,229,30,142,388
25,3,9,32,145,389,26,182,125,142,388
25,3,6,17,167,92,45,132,30,142,388
25,19,5,18,6,0,143,124,30,142,388
25,3,287,1,69,19,5,286,30,142,388
25,19,11,440,28,183,16,47,125,142,388
25,19,11,259,37,70,95,20,30,142,388
25,19,11,259,37,70,26,182,125,142,388
25,3,4,257,11,45,19,20,30,142,388
25,221,186,17,6,225,26,182,125,142,388
25,19,11,32,376,402,45,132,30,142,388
25,19,20,115,12,5,15,16,30,142,388
25,19,5,1,8,3,47,16,30,142,388
25,3,6,17,319,45,19,20,30,142,388
25,19,5,18,6,3,8,26,125,142,388
25,3,9,1,7,20,19,54,30,142,388
25,3,287,1,116,71,47,16,30,142,388
25,19,11,475,1,8,3,47,125,142,388
25,19,11,475,1,8,26,182,125,142,388
25,3,287,1,57,31,72,20,30,142,388
25,19,11,440,28,59,3,47,125,142,388
25,19,11,440,28,15,5,286,30,142,388
25,3,287,1,57,31,16,47,125,142,388
25,19,11,440,28,15,16,47,125,142,388
25,19,11,259,37,43,38,430,30,142,388
25,19,20,78,1,35,237,488,30,142,388
25,3,9,1,35,120,10,16,30,142,388
25,19,11,32,382,1,8,26,125,142,388
25,254,336,197,38,216,182,26,125,142,388
25,19,11,32,178,23,104,16,30,142,388
25,19,20,21,1,8,26,182,125,142,388
25,254,336,197,38,53,45,132,30,142,388
25,19,11,139,289,82,201,20,30,142,388
25,19,11,139,12,5,15,16,30,142,388
25,19,76,17,319,45,470,20,30,142,388
25,19,76,17,64,23,104,16,30,142,388
25,3,250,347,7,0,6,229,30,142,388
25,19,11,475,1,5,15,16,30,142,388
25,19,20,30,16,47,55,26,125,142,388
25,19,11,28,15,1,5,286,30,142,388
25,3,327,22,1,100,8,26,125,142,388
25,19,11,241,469,1,5,286,30,142,388
25,3,287,1,296,95,70,26,125,142,388
25,19,11,241,12,5,15,16,30,142,388
25,19,69,1,9,38,216,182,125,142,388
25,3,133,217,22,1,5,286,30,142,388
25,221,186,17,0,5,19,20,30,142,388
25,19,11,139,12,154,47,16,30,142,388
25,3,1,9,38,216,182,26,125,142,388
25,3,287,1,164,45,19,20,30,142,388
25,19,5,1,8,3,6,229,30,142,388
25,3,0,5,19,45,470,20,30,142,388
25,3,392,1,78,20,19,54,30,142,388
25,19,20,464,79,55,26,182,125,142,388
25,3,327,22,1,15,5,286,30,142,388
25,19,11,257,4,3,6,229,30,142,388
25,19,20,78,1,100,426,132,30,142,388
25,221,314,264,161,355,45,132,30,142,388
25,19,5,12,2,10,16,47,125,142,388
25,3,9,1,100,8,243,128,30,142,388
25,3,287,1,152,34,38,430,30,142,388
25,19,11,257,4,3,47,16,30,142,388
25,19,11,241,12,154,47,16,30,142,388
25,19,11,139,12,2,29,26,125,142,388
25,3,8,100,124,30,16,47,125,142,388
25,3,327,22,1,15,16,47,125,142,388
25,3,287,1,44,23,104,16,30,142,388
25,19,11,475,1,35,237,488,30,142,388
25,3,287,1,188,5,19,20,30,142,388
25,19,11,28,59,3,6,229,30,142,388
25,19,11,475,1,21,26,182,125,142,388
25,19,5,18,6,3,47,16,30,142,388
25,221,186,321,55,26,21,20,30,142,388
25,3,327,22,1,21,26,182,125,142,388
25,19,11,257,4,0,3,47,125,142,388
25,3,287,1,44,50,71,47,125,142,388
25,19,11,257,4,147,47,16,30,142,388
25,19,11,241,12,2,29,26,125,142,388
25,3,9,88,450,161,5,286,30,142,388
25,3,0,1,69,19,5,286,30,142,388
25,3,9,1,100,8,26,182,125,142,388
25,3,6,222,95,20,19,54,30,142,388
25,3,9,1,7,0,6,229,30,142,388
25,19,11,330,260,0,6,229,30,142,388
25,19,11,330,260,100,426,132,30,142,388
25,3,0,1,116,71,47,16,30,142,388
25,3,0,1,44,23,104,16,30,142,388
25,19,11,361,109,238,7,20,30,142,388
25,3,327,22,1,93,8,26,125,142,388
25,3,327,22,1,78,312,47,125,142,388
25,19,11,475,1,78,312,47,125,142,388
25,19,11,255,69,1,5,286,30,142,388
25,19,11,311,168,13,3,47,125,142,388
25,19,45,11,3,47,55,26,125,142,388
25,3,392,1,191,8,26,182,125,142,388
25,19,69,1,287,3,47,16,30,142,388
25,19,45,166,35,1,5,286,30,142,388
25,19,5,12,189,45,470,20,30,142,388
25,221,186,439,33,23,104,16,30,142,388
25,3,392,1,8,100,426,132,30,142,388
25,19,11,361,109,45,470,20,30,142,388
25,3,1,69,19,20,375,156,30,142,388
25,19,11,475,1,100,426,132,30,142,388
25,19,11,311,168,45,470,20,30,142,388
25,3,392,1,93,8,243,128,30,142,388
25,221,186,131,441,1,7,20,30,142,388
25,19,11,475,1,3,6,229,30,142,388
25,19,11,475,1,3,47,16,30,142,388
25,19,11,45,109,219,21,26,125,142,388
25,3,4,159,37,70,95,20,30,142,388
25,3,392,1,8,83,5,286,30,142,388
25,3,4,159,37,70,26,182,125,142,388
25,19,11,475,1,22,138,194,30,142,388
25,19,11,475,1,15,5,286,30,142,388
25,19,11,475,1,15,16,47,125,142,388
25,19,69,1,9,3,6,229,30,142,388
25,19,5,12,2,10,8,26,125,142,388
25,3,4,159,37,43,38,430,30,142,388
25,19,20,95,70,26,55,47,125,142,388
25,3,13,168,311,11,19,54,30,142,388
25,19,5,157,1,100,426,132,30,142,388
25,19,45,11,3,6,225,26,125,142,388
25,19,11,118,21,26,55,47,125,142,388
25,3,13,5,83,8,26,182,125,142,388
25,19,11,45,192,72,31,16,30,142,388
25,19,45,11,3,8,243,128,30,142,388
25,19,45,11,3,9,282,132,30,142,388
25,19,45,11,3,8,26,182,125,142,388
25,19,11,40,171,70,95,20,30,142,388
25,19,5,157,253,13,320,26,125,142,388
25,3,0,7,1,5,19,20,30,142,388
25,19,69,1,392,3,47,16,30,142,388
25,19,20,310,491,5,15,16,30,142,388
25,221,186,131,104,16,31,128,30,142,388
25,19,5,157,416,3,47,16,30,142,388
25,3,9,493,48,61,15,16,30,142,388
25,3,0,7,1,22,138,194,30,142,388
25,19,5,157,416,3,6,229,30,142,388
25,3,0,7,1,78,312,47,125,142,388
25,19,5,157,1,8,3,47,125,142,388
25,3,1,21,20,78,312,47,125,142,388
25,3,13,5,18,6,225,26,125,142,388
25,3,1,9,282,132,45,146,30,142,388
25,221,186,131,104,150,23,36,30,142,388
25,221,186,131,104,16,47,410,30,142,388
25,19,5,157,1,8,26,182,125,142,388
25,19,69,1,9,3,47,16,30,142,388
25,19,11,45,92,78,312,47,125,142,388
25,3,1,169,109,219,21,26,125,142,388
25,19,5,12,334,10,8,26,125,142,388
25,19,69,1,392,3,6,229,30,142,388
25,19,11,28,145,389,26,182,125,142,388
25,19,5,12,334,335,237,488,30,142,388
25,3,1,441,131,33,7,20,30,142,388
25,3,1,441,131,104,23,36,30,142,388
25,3,9,77,35,166,45,132,30,142,388
25,3,1,441,131,104,16,47,125,142,388
25,19,20,115,12,2,322,194,30,142,388
25,3,1,487,37,6,225,26,125,142,388
25,3,1,169,109,45,19,20,30,142,388
25,3,13,177,51,294,19,20,30,142,388
25,3,287,1,7,0,6,229,30,142,388
25,19,20,115,12,154,47,16,30,142,388
25,3,287,1,7,20,19,54,30,142,388
25,19,11,45,179,17,6,229,30,142,388
25,3,1,236,357,23,104,16,30,142,388
25,3,1,487,37,70,95,20,30,142,388
25,3,1,487,37,70,26,182,125,142,388
25,19,69,1,287,3,6,229,30,142,388
25,3,11,118,21,1,5,286,30,142,388
25,19,11,45,166,35,237,488,30,142,388
25,3,1,152,34,0,6,229,30,142,388
25,3,1,152,34,38,216,182,125,142,388
25,3,1,236,60,33,7,20,30,142,388
25,3,13,5,0,23,104,16,30,142,388
25,19,20,310,454,219,21,26,125,142,388
25,3,13,5,48,302,71,47,125,142,388
25,3,8,10,2,29,26,182,125,142,388
25,19,5,157,1,35,237,488,30,142,388
25,3,1,236,60,5,19,20,30,142,388
25,3,1,487,37,68,38,430,30,142,388
25,3,287,1,21,20,19,54,30,142,388
25,3,1,226,86,5,19,20,30,142,388
25,3,9,1,78,20,19,54,30,142,388
25,3,287,1,21,89,10,16,30,142,388
25,3,9,38,401,23,104,16,30,142,388
25,19,5,157,1,21,26,182,125,142,388
25,3,0,23,150,104,16,47,125,142,388
25,19,5,12,2,0,3,47,125,142,388
25,3,1,227,161,355,45,132,30,142,388
25,3,1,227,161,5,19,20,30,142,388
25,19,11,40,153,33,7,20,30,142,388
25,19,20,204,44,23,104,16,30,142,388
25,19,5,12,334,10,16,47,125,142,388
25,3,47,55,26,8,10,16,30,142,388
25,19,69,1,9,88,38,430,30,142,388
25,3,1,220,425,12,5,286,30,142,388
25,19,20,204,44,1,5,286,30,142,388
25,3,1,220,83,5,19,20,30,142,388
25,3,13,5,157,344,26,182,125,142,388
25,221,186,17,0,24,19,20,30,142,388
25,3,0,23,44,1,5,286,30,142,388
25,19,20,310,157,5,15,16,30,142,388
25,3,0,23,206,304,71,47,125,142,388
25,3,0,23,206,246,16,47,125,142,388
25,3,11,19,20,30,16,47,125,142,388
25,19,5,157,1,78,312,47,125,142,388
25,3,1,431,190,33,35,156,30,142,388
25,3,0,380,383,23,104,16,30,142,388
25,19,76,17,34,0,6,229,30,142,388
25,3,6,37,497,20,19,54,30,142,388
25,3,1,431,490,104,23,36,30,142,388
25,3,1,431,490,104,16,47,125,142,388
25,3,1,220,83,8,243,128,30,142,388
25,3,1,220,83,8,26,182,125,142,388
25,19,5,157,1,3,6,229,30,142,388
25,19,5,157,1,3,47,16,30,142,388
25,3,0,23,401,38,216,182,125,142,388
25,3,1,293,167,17,6,229,30,142,388
25,3,1,97,108,199,6,229,30,142,388
25,19,76,17,406,250,3,47,125,142,388
25,19,5,12,185,72,31,16,30,142,388
25,3,0,24,19,11,45,132,30,142,388
25,3,1,97,80,31,16,47,125,142,388
25,3,1,78,92,45,19,20,30,142,388
25,3,0,24,19,45,470,20,30,142,388
25,19,5,157,1,22,138,194,30,142,388
25,3,1,97,80,31,72,20,30,142,388
25,19,20,497,37,6,225,26,125,142,388
25,19,5,157,1,15,16,47,125,142,388
25,3,0,23,424,390,15,16,30,142,388
25,19,5,157,344,26,21,20,30,142,388
25,3,0,23,33,60,5,286,30,142,388
25,3,0,23,33,35,237,488,30,142,388
25,3,11,5,15,16,31,128,30,142,388
25,19,69,1,57,31,16,47,125,142,388
25,3,327,22,91,10,8,26,125,142,388
25,3,11,5,15,16,47,410,30,142,388
25,19,76,17,6,205,411,132,30,142,388
25,254,58,24,298,44,204,20,30,142,388
25,19,76,17,6,3,8,26,125,142,388
25,19,76,17,6,3,47,16,30,142,388
25,3,13,31,16,15,5,286,30,142,388
25,3,287,1,78,20,19,54,30,142,388
25,3,0,23,13,5,19,20,30,142,388
25,19,5,12,2,29,26,182,125,142,388
25,3,327,22,91,10,16,47,125,142,388
25,3,0,23,13,5,15,16,30,142,388
25,3,0,23,13,5,19,54,30,142,388
25,3,133,8,1,35,237,488,30,142,388
25,396,45,164,1,100,426,132,30,142,388
25,396,45,179,17,6,225,26,125,142,388
25,396,45,179,17,0,5,286,30,142,388
25,396,45,164,1,100,8,26,125,142,388
25,396,45,179,17,6,3,47,125,142,388
25,396,45,179,17,34,38,430,30,142,388
25,396,45,179,17,0,7,20,30,142,388
25,3,11,19,390,15,16,47,125,142,388
25,396,45,179,17,64,23,36,30,142,388
25,396,45,179,17,0,3,47,125,142,388
25,3,13,23,44,1,5,286,30,142,388
25,396,45,179,17,27,23,36,30,142,388
25,396,45,179,17,0,6,229,30,142,388
25,3,13,23,44,50,71,47,125,142,388
25,3,13,23,44,1,8,26,125,142,388
25,396,45,179,17,76,19,20,30,142,388
25,396,45,179,17,0,143,124,30,142,388
25,3,13,23,44,325,322,194,30,142,388
25,3,13,23,44,1,35,156,30,142,388
25,396,45,179,17,313,19,20,30,142,388
25,396,45,179,17,76,19,54,30,142,388
25,396,45,179,17,0,23,36,30,142,388
25,3,13,23,44,274,143,124,30,142,388
25,3,13,23,44,1,100,124,30,142,388
25,396,45,179,17,313,19,54,30,142,388
25,3,498,28,15,390,19,20,30,142,388
25,3,13,23,44,1,15,16,30,142,388
25,3,8,1,15,390,19,20,30,142,388
25,3,498,28,15,1,7,20,30,142,388
25,3,498,28,15,390,19,54,30,142,388
25,3,13,23,44,1,21,26,125,142,388
25,3,8,1,15,28,183,16,30,142,388
25,3,8,1,15,390,19,54,30,142,388
25,3,498,28,15,1,5,286,30,142,388
25,3,13,23,44,1,7,20,30,142,388
25,3,13,23,44,1,21,20,30,142,388
25,3,498,28,15,1,35,156,30,142,388
25,3,13,23,44,1,78,20,30,142,388
25,396,45,164,1,3,6,229,30,142,388
25,3,498,28,15,1,78,20,30,142,388
25,396,45,164,1,3,47,16,30,142,388
25,396,45,164,1,3,8,26,125,142,388
25,3,498,28,15,1,100,124,30,142,388
25,396,45,164,1,3,47,410,30,142,388
25,3,8,1,15,5,19,20,30,142,388
25,3,498,28,15,1,21,20,30,142,388
25,3,13,23,40,11,5,286,30,142,388
25,3,8,1,15,5,19,54,30,142,388
25,3,498,28,15,1,8,26,125,142,388
25,3,498,28,15,1,21,26,125,142,388
25,3,13,23,232,69,19,20,30,142,388
25,3,13,23,40,209,374,156,30,142,388
25,3,13,23,40,11,19,54,30,142,388
25,3,13,23,424,390,19,20,30,142,388
25,3,13,23,232,69,19,54,30,142,388
25,3,13,23,40,171,70,26,125,142,388
25,3,13,23,40,209,95,20,30,142,388
25,3,13,23,40,11,45,132,30,142,388
25,3,13,23,40,11,19,20,30,142,388
25,3,13,23,175,0,6,229,30,142,388
25,3,13,23,424,459,7,20,30,142,388
25,3,13,23,424,390,15,16,30,142,388
25,3,13,23,424,390,19,54,30,142,388
25,3,13,23,40,11,45,146,30,142,388
25,3,13,23,337,48,5,286,30,142,388
25,3,13,23,175,0,7,20,30,142,388
25,3,0,23,13,31,16,47,125,142,388
25,3,13,23,383,436,5,286,30,142,388
25,3,13,23,337,414,100,124,30,142,388
25,3,13,23,337,48,7,20,30,142,388
25,3,13,23,175,0,5,286,30,142,388
25,3,13,23,27,17,6,229,30,142,388
25,3,13,23,337,48,429,286,30,142,388
25,3,13,23,175,0,143,124,30,142,388
25,3,13,23,419,84,21,20,30,142,388
25,3,498,28,15,5,19,20,30,142,388
25,396,45,164,1,69,19,20,30,142,388
25,3,13,23,64,17,6,229,30,142,388
25,3,13,23,419,84,21,26,125,142,388
25,3,498,28,15,5,19,54,30,142,388
25,396,45,164,1,22,138,194,30,142,388
25,396,45,164,1,69,19,54,30,142,388
25,3,13,23,41,28,15,16,30,142,388
25,396,45,164,1,0,5,286,30,142,388
25,396,45,164,1,22,7,20,30,142,388
25,3,13,23,144,28,183,16,30,142,388
25,3,13,23,41,28,183,16,30,142,388
25,396,45,164,1,317,8,26,125,142,388
25,396,45,164,1,0,7,20,30,142,388
25,3,13,23,144,28,15,16,30,142,388
25,396,45,164,1,157,310,20,30,142,388
25,396,45,164,1,0,3,47,125,142,388
25,3,287,1,8,83,5,286,30,142,388
25,396,45,164,1,93,8,26,125,142,388
25,396,45,164,1,157,344,26,125,142,388
25,396,45,164,1,0,143,124,30,142,388
25,3,287,1,8,391,397,16,30,142,388
25,396,45,164,1,191,8,26,125,142,388
25,396,45,164,1,157,5,286,30,142,388
25,396,45,164,1,0,6,229,30,142,388
25,396,45,164,1,127,5,286,30,142,388
25,396,45,164,1,15,5,286,30,142,388
25,396,45,164,1,0,23,36,30,142,388
25,396,45,164,1,161,5,286,30,142,388
25,396,45,164,1,15,16,47,125,142,388
25,3,0,148,405,331,35,156,30,142,388
25,396,45,164,1,188,5,286,30,142,388
25,3,287,1,8,100,426,132,30,142,388
25,19,45,11,332,104,23,36,30,142,388
25,396,45,164,1,9,38,430,30,142,388
25,19,45,11,332,104,16,47,125,142,388
25,3,13,5,0,34,38,430,30,142,388
25,396,45,164,1,287,3,47,125,142,388
25,396,45,164,1,9,3,47,125,142,388
25,3,13,5,0,2,322,194,30,142,388
25,396,45,164,1,392,3,47,125,142,388
25,396,45,164,1,9,282,132,30,142,388
25,3,13,5,0,17,6,229,30,142,388
25,3,13,5,0,2,10,16,30,142,388
25,396,45,164,1,44,23,36,30,142,388
25,3,13,5,0,1,8,26,125,142,388
25,3,13,5,0,2,29,26,125,142,388
25,396,45,164,1,57,31,16,30,142,388
25,396,45,164,1,44,204,20,30,142,388
25,3,13,5,0,24,19,20,30,142,388
25,3,13,5,0,1,21,20,30,142,388
25,396,45,164,1,116,71,47,125,142,388
25,396,45,164,1,57,31,128,30,142,388
25,3,13,5,0,148,8,26,125,142,388
25,3,13,5,0,24,19,54,30,142,388
25,3,13,5,0,1,100,124,30,142,388
25,3,13,5,0,1,21,26,125,142,388
25,396,45,164,1,296,95,20,30,142,388
25,3,13,5,0,175,23,36,30,142,388
25,3,13,5,0,1,15,16,30,142,388
25,19,20,497,37,70,26,182,125,142,388
25,3,13,5,0,94,74,20,30,142,388
25,3,13,5,0,1,35,156,30,142,388
25,19,20,497,37,360,45,132,30,142,388
25,3,13,5,0,4,147,47,125,142,388
25,3,13,5,0,1,7,20,30,142,388
25,19,20,497,37,43,38,430,30,142,388
25,19,20,497,37,360,45,146,30,142,388
25,3,13,5,0,438,21,26,125,142,388
25,3,13,5,0,1,78,20,30,142,388
25,19,20,497,37,68,38,430,30,142,388
25,3,13,5,0,260,100,124,30,142,388
25,3,13,5,0,438,21,20,30,142,388
25,19,20,497,37,79,55,26,125,142,388
25,3,13,5,0,50,71,47,125,142,388
25,221,186,17,0,6,225,26,125,142,388
25,19,20,497,37,79,55,47,125,142,388
25,396,45,19,24,0,5,286,30,142,388
25,221,186,17,0,6,3,47,125,142,388
25,19,5,48,337,414,100,124,30,142,388
25,396,45,19,69,1,78,20,30,142,388
25,396,45,19,24,272,7,20,30,142,388
25,396,45,19,24,0,7,20,30,142,388
25,396,45,19,76,17,6,229,30,142,388
25,396,45,19,69,232,23,36,30,142,388
25,396,45,19,69,1,5,286,30,142,388
25,396,45,19,24,0,6,229,30,142,388
25,396,45,19,294,51,5,286,30,142,388
25,396,45,19,69,114,7,20,30,142,388
25,396,45,19,69,1,15,16,30,142,388
25,396,45,19,24,0,23,36,30,142,388
25,396,45,19,308,301,100,124,30,142,388
25,396,45,19,294,51,269,20,30,142,388
25,396,45,19,69,365,310,20,30,142,388
25,396,45,19,69,1,21,20,30,142,388
25,396,45,19,24,0,3,47,125,142,388
25,396,45,19,313,17,6,229,30,142,388
25,396,45,19,294,51,172,132,30,142,388
25,396,45,19,69,1,35,156,30,142,388
25,396,45,19,69,1,21,26,125,142,388
25,396,45,19,24,0,143,124,30,142,388
25,396,45,19,69,1,7,20,30,142,388
25,3,392,1,127,5,19,20,30,142,388
25,19,20,202,173,6,225,26,125,142,388
25,396,45,19,69,1,100,124,30,142,388
25,3,392,1,127,5,15,16,30,142,388
25,3,392,1,127,5,19,54,30,142,388
25,19,20,202,173,6,3,47,125,142,388
25,396,45,19,69,1,3,47,125,142,388
25,396,45,19,390,424,23,36,30,142,388
25,19,45,11,28,183,16,47,125,142,388
25,396,45,19,69,1,8,26,125,142,388
25,19,5,48,337,23,104,16,30,142,388
25,3,1,157,5,0,6,229,30,142,388
25,19,20,497,37,70,138,194,30,142,388
25,19,20,21,89,10,8,26,125,142,388
25,3,1,157,5,11,45,146,30,142,388
25,3,1,157,5,0,7,20,30,142,388
25,3,1,157,5,15,16,47,125,142,388
25,3,1,157,5,18,6,229,30,142,388
25,3,1,157,5,11,19,54,30,142,388
25,3,1,157,5,11,45,132,30,142,388
25,3,1,157,5,0,143,124,30,142,388
25,3,1,157,5,13,123,47,125,142,388
25,3,1,157,5,11,19,20,30,142,388
25,3,1,157,5,0,23,36,30,142,388
25,3,1,157,5,491,310,20,30,142,388
25,3,1,157,5,13,320,26,125,142,388
25,3,1,157,5,19,284,20,30,142,388
25,3,1,157,5,12,115,20,30,142,388
25,3,1,157,5,13,31,16,30,142,388
25,3,1,157,5,19,45,132,30,142,388
25,3,1,157,5,48,429,286,30,142,388
25,3,1,157,5,12,154,47,125,142,388
25,3,1,157,5,13,23,36,30,142,388
25,3,1,157,5,13,31,128,30,142,388
25,3,1,157,5,19,45,146,30,142,388
25,3,1,157,5,51,269,20,30,142,388
25,3,1,157,5,48,7,20,30,142,388
25,396,45,19,390,15,5,286,30,142,388
25,3,1,157,5,83,8,26,125,142,388
25,3,1,157,5,51,172,132,30,142,388
25,19,45,11,40,209,374,156,30,142,388
25,3,1,157,5,363,74,20,30,142,388
25,3,11,19,24,0,5,286,30,142,388
25,19,45,11,40,171,70,26,125,142,388
25,19,45,11,40,209,95,20,30,142,388
25,3,11,19,69,1,5,286,30,142,388
25,3,11,19,24,212,45,146,30,142,388
25,3,11,19,24,0,7,20,30,142,388
25,3,11,19,76,17,6,229,30,142,388
25,3,11,19,69,232,23,36,30,142,388
25,3,11,19,69,1,8,26,125,142,388
25,3,11,19,24,272,7,20,30,142,388
25,3,11,19,24,212,45,132,30,142,388
25,3,11,19,24,0,23,36,30,142,388
25,3,11,19,294,51,172,132,30,142,388
25,3,11,19,69,114,7,20,30,142,388
25,3,11,19,69,1,35,156,30,142,388
25,3,11,19,24,251,45,132,30,142,388
25,3,11,19,24,0,143,124,30,142,388
25,3,11,19,308,301,100,124,30,142,388
25,3,11,19,294,51,5,286,30,142,388
25,3,11,19,69,365,310,20,30,142,388
25,3,11,19,69,1,7,20,30,142,388
25,3,11,19,24,251,45,146,30,142,388
25,3,11,19,24,0,6,229,30,142,388
25,3,11,19,313,17,6,229,30,142,388
25,3,11,19,294,51,269,20,30,142,388
25,3,11,19,69,1,78,20,30,142,388
25,396,45,19,390,15,16,47,125,142,388
25,19,45,11,40,23,104,16,30,142,388
25,3,11,19,69,1,15,16,30,142,388
25,19,45,11,28,59,3,47,125,142,388
25,19,45,11,28,15,5,286,30,142,388
25,3,11,19,69,1,100,124,30,142,388
25,19,45,11,28,98,3,47,125,142,388
25,19,45,11,28,15,16,47,125,142,388
25,3,11,19,69,1,21,20,30,142,388
25,19,45,11,28,498,3,47,125,142,388
25,396,45,168,311,11,3,47,125,142,388
25,3,11,19,69,1,21,26,125,142,388
25,19,45,11,28,41,23,36,30,142,388
25,396,45,168,311,11,19,54,30,142,388
25,19,69,1,475,11,5,286,30,142,388
25,19,45,11,28,144,23,36,30,142,388
25,396,45,168,311,11,5,286,30,142,388
25,396,45,168,311,11,19,20,30,142,388
25,19,69,1,487,37,6,229,30,142,388
25,19,69,1,475,11,3,47,125,142,388
25,19,45,11,28,356,10,16,30,142,388
25,19,69,1,169,109,45,132,30,142,388
25,19,69,1,487,37,7,20,30,142,388
25,19,69,1,475,11,45,132,30,142,388
25,19,45,11,28,404,72,20,30,142,388
25,19,69,1,108,199,6,229,30,142,388
25,19,69,1,169,109,437,194,30,142,388
25,19,69,1,169,109,45,146,30,142,388
25,19,69,1,487,37,70,26,125,142,388
25,19,69,1,475,11,45,146,30,142,388
25,19,45,11,28,215,172,132,30,142,388
25,19,69,1,441,131,104,16,30,142,388
25,19,69,1,487,37,497,20,30,142,388
25,19,45,11,28,145,389,26,125,142,388
25,19,69,1,472,402,45,132,30,142,388
25,19,308,301,4,3,47,16,30,142,388
25,19,45,11,32,9,282,132,30,142,388
25,19,69,1,227,161,5,286,30,142,388
25,19,69,1,472,402,45,146,30,142,388
25,19,308,301,4,3,47,410,30,142,388
25,19,45,11,259,37,6,229,30,142,388
25,19,45,11,32,197,38,430,30,142,388
25,19,45,11,32,9,38,430,30,142,388
25,19,69,1,152,34,38,430,30,142,388
25,19,45,11,475,1,5,286,30,142,388
25,19,45,11,259,37,7,20,30,142,388
25,19,45,11,32,145,389,26,125,142,388
25,19,45,11,32,9,3,47,125,142,388
25,19,69,1,220,83,8,26,125,142,388
25,19,45,11,139,12,5,286,30,142,388
25,19,45,11,475,1,8,26,125,142,388
25,19,45,11,259,37,70,26,125,142,388
25,19,45,11,32,376,172,132,30,142,388
25,19,69,1,226,86,5,286,30,142,388
25,19,69,1,220,83,5,286,30,142,388
25,19,45,11,241,12,5,286,30,142,388
25,19,45,11,139,12,154,47,125,142,388
25,19,45,11,475,1,21,20,30,142,388
25,19,45,11,259,37,497,20,30,142,388
25,19,45,11,32,178,23,36,30,142,388
25,19,69,1,236,357,23,36,30,142,388
25,19,45,11,257,4,3,47,125,142,388
25,19,45,11,241,12,154,47,125,142,388
25,19,45,11,139,12,115,20,30,142,388
25,19,45,11,475,1,35,156,30,142,388
25,19,45,11,475,1,21,26,125,142,388
25,19,69,1,97,80,31,16,30,142,388
25,19,69,1,236,60,5,286,30,142,388
25,19,45,11,324,287,3,47,125,142,388
25,19,45,11,257,4,147,47,125,142,388
25,19,45,11,241,12,115,20,30,142,388
25,19,45,11,475,1,7,20,30,142,388
25,19,69,1,431,490,104,16,30,142,388
25,19,69,1,97,80,31,128,30,142,388
25,19,45,11,361,109,437,194,30,142,388
25,19,45,11,475,1,78,20,30,142,388
25,19,20,21,438,0,6,229,30,142,388
25,19,45,11,440,28,183,16,30,142,388
25,19,45,11,475,1,100,124,30,142,388
25,19,20,21,118,11,45,146,30,142,388
25,19,20,21,438,0,5,286,30,142,388
25,19,45,11,330,260,100,124,30,142,388
25,19,45,11,440,28,15,16,30,142,388
25,19,45,11,475,1,3,47,125,142,388
25,19,20,21,140,267,8,26,125,142,388
25,19,20,21,118,11,3,47,125,142,388
25,19,20,21,118,11,45,132,30,142,388
25,19,20,21,438,0,3,47,125,142,388
25,19,45,11,475,1,15,16,30,142,388
25,19,20,21,219,109,45,132,30,142,388
25,19,20,21,140,33,35,156,30,142,388
25,19,20,21,118,11,5,286,30,142,388
25,19,20,21,438,0,23,36,30,142,388
25,19,20,21,122,135,38,430,30,142,388
25,19,20,21,219,109,437,194,30,142,388
25,19,20,21,219,109,45,146,30,142,388
25,19,20,21,140,33,23,36,30,142,388
25,19,20,21,438,0,143,124,30,142,388
25,19,20,21,52,85,354,16,30,142,388
25,19,20,21,122,48,5,286,30,142,388
25,19,45,11,118,21,26,182,125,142,388
25,19,20,21,84,419,23,36,30,142,388
25,19,20,21,52,349,15,16,30,142,388
25,19,20,21,52,85,45,132,30,142,388
25,19,20,21,122,48,429,286,30,142,388
25,396,45,168,13,123,47,16,30,142,388
25,19,20,21,52,85,45,146,30,142,388
25,3,9,316,0,6,225,26,125,142,388
25,396,45,168,13,123,47,410,30,142,388
25,396,45,19,11,332,104,16,30,142,388
25,19,5,48,302,71,47,16,30,142,388
25,19,308,301,100,8,26,182,125,142,388
25,396,45,19,11,28,183,16,30,142,388
25,19,5,48,302,71,47,410,30,142,388
25,3,1,57,65,60,5,286,30,142,388
25,396,45,19,11,40,23,36,30,142,388
25,396,45,19,11,28,15,16,30,142,388
25,3,1,57,462,402,45,132,30,142,388
25,3,1,57,65,66,5,286,30,142,388
25,396,45,19,11,118,21,26,125,142,388
25,3,1,57,462,402,45,146,30,142,388
25,3,0,17,76,19,5,286,30,142,388
25,396,45,19,11,118,21,20,30,142,388
25,3,133,8,26,125,47,16,30,142,388
25,3,0,17,76,19,45,132,30,142,388
25,396,45,19,11,3,47,16,30,142,388
25,3,133,8,26,125,47,410,30,142,388
25,3,0,17,76,19,284,20,30,142,388
25,3,0,17,76,19,45,146,30,142,388
25,396,45,19,11,3,47,410,30,142,388
25,3,11,45,192,72,31,16,30,142,388
25,396,45,19,11,3,6,229,30,142,388
25,3,9,316,0,2,322,194,30,142,388
25,3,11,45,192,72,31,128,30,142,388
25,396,45,19,11,3,8,26,125,142,388
25,3,9,316,0,17,6,229,30,142,388
25,3,9,316,0,2,10,16,30,142,388
25,3,9,316,0,23,104,16,30,142,388
25,3,9,316,0,1,5,286,30,142,388
25,3,9,316,0,2,29,26,125,142,388
25,19,20,7,37,70,26,182,125,142,388
25,3,9,316,0,24,19,20,30,142,388
25,3,9,316,0,1,8,26,125,142,388
25,19,20,234,233,2,10,16,30,142,388
25,3,9,316,0,148,8,26,125,142,388
25,3,9,316,0,24,19,54,30,142,388
25,3,9,316,0,1,15,16,30,142,388
25,19,20,234,233,2,322,194,30,142,388
25,3,9,316,0,94,74,20,30,142,388
25,3,9,316,0,1,100,124,30,142,388
25,19,20,234,233,2,29,26,125,142,388
25,3,9,316,0,260,100,124,30,142,388
25,3,9,316,0,1,7,20,30,142,388
25,254,58,24,251,45,19,20,30,142,388
25,3,9,316,0,50,71,47,125,142,388
25,3,9,316,0,1,35,156,30,142,388
25,254,58,24,251,45,470,20,30,142,388
25,254,58,24,251,45,19,54,30,142,388
25,3,9,316,0,4,147,47,125,142,388
25,3,9,316,0,1,78,20,30,142,388
25,3,8,100,260,0,143,124,30,142,388
25,3,9,316,0,34,38,430,30,142,388
25,3,9,316,0,1,21,20,30,142,388
25,3,8,100,301,308,19,20,30,142,388
25,3,8,100,260,0,7,20,30,142,388
25,3,9,316,0,438,21,26,125,142,388
25,3,9,316,0,1,21,26,125,142,388
25,3,8,100,414,337,23,36,30,142,388
25,3,8,100,301,4,147,47,125,142,388
25,3,8,100,301,308,19,54,30,142,388
25,3,8,100,260,0,5,286,30,142,388
25,3,9,316,0,175,23,36,30,142,388
25,3,9,316,0,438,21,20,30,142,388
25,3,8,100,260,0,23,36,30,142,388
25,3,6,211,121,33,23,36,30,142,388
25,3,11,45,92,78,312,47,125,142,388
25,3,8,100,260,0,6,229,30,142,388
25,3,6,211,121,33,7,20,30,142,388
25,19,54,30,16,47,55,26,125,142,388
25,3,0,17,179,280,29,26,125,142,388
25,3,6,211,121,33,35,156,30,142,388
25,3,0,1,8,10,16,47,125,142,388
25,3,0,17,179,268,5,286,30,142,388
25,3,11,45,360,37,6,229,30,142,388
25,3,6,211,239,0,5,286,30,142,388
25,3,6,211,121,38,216,182,125,142,388
25,3,11,45,319,17,6,229,30,142,388
25,3,11,45,360,37,7,20,30,142,388
25,3,6,211,250,347,7,20,30,142,388
25,3,6,211,239,352,8,26,125,142,388
25,3,6,211,239,0,7,20,30,142,388
25,3,11,45,151,42,6,229,30,142,388
25,3,11,45,360,37,70,26,125,142,388
25,3,6,211,242,133,8,26,125,142,388
25,3,6,211,239,0,143,124,30,142,388
25,3,11,45,164,1,5,286,30,142,388
25,3,11,45,360,37,497,20,30,142,388
25,3,6,211,239,0,23,36,30,142,388
25,3,11,45,179,17,6,229,30,142,388
25,3,11,45,164,1,8,26,125,142,388
25,3,11,45,166,35,237,488,30,142,388
25,3,11,45,343,335,237,488,30,142,388
25,3,11,45,179,280,29,26,125,142,388
25,3,11,45,164,1,35,156,30,142,388
25,3,11,45,212,24,19,20,30,142,388
25,3,11,45,179,268,5,286,30,142,388
25,3,11,45,164,1,100,124,30,142,388
25,3,11,45,168,13,5,286,30,142,388
25,3,11,45,212,24,19,54,30,142,388
25,3,11,45,164,1,15,16,30,142,388
25,3,11,45,189,12,5,286,30,142,388
25,3,11,45,168,13,320,26,125,142,388
25,3,11,45,164,1,21,26,125,142,388
25,3,11,45,355,161,5,286,30,142,388
25,3,11,45,189,12,154,47,125,142,388
25,3,11,45,168,13,31,16,30,142,388
25,3,11,45,164,1,7,20,30,142,388
25,3,11,45,164,1,21,20,30,142,388
25,3,11,45,379,2,10,16,30,142,388
25,3,11,45,189,12,115,20,30,142,388
25,3,11,45,168,13,23,36,30,142,388
25,3,11,45,168,13,31,128,30,142,388
25,3,11,45,164,1,78,20,30,142,388
25,3,11,45,402,376,172,132,30,142,388
25,3,11,45,379,2,322,194,30,142,388
25,3,11,45,168,13,123,47,125,142,388
25,3,11,45,251,24,19,20,30,142,388
25,3,11,45,379,2,29,26,125,142,388
25,3,0,1,8,83,5,286,30,142,388
25,3,11,45,251,24,19,54,30,142,388
25,3,0,175,258,215,172,132,30,142,388
25,3,0,1,8,391,397,16,30,142,388
25,3,0,17,313,19,5,286,30,142,388
25,3,0,1,8,100,426,132,30,142,388
25,3,1,0,5,11,45,132,30,142,388
25,3,0,17,313,19,284,20,30,142,388
25,19,20,202,206,246,16,47,125,142,388
25,3,1,0,5,83,8,26,125,142,388
25,3,1,0,5,11,19,54,30,142,388
25,3,1,0,5,11,45,146,30,142,388
25,3,0,17,313,19,45,132,30,142,388
25,3,1,0,5,18,6,229,30,142,388
25,3,1,0,5,11,19,20,30,142,388
25,3,0,17,313,19,45,146,30,142,388
25,3,1,0,5,13,320,26,125,142,388
25,3,1,296,95,20,19,54,30,142,388
25,3,1,0,5,15,16,47,125,142,388
25,3,1,0,5,491,310,20,30,142,388
25,3,1,0,5,13,23,36,30,142,388
25,3,1,296,95,20,21,26,125,142,388
25,3,1,0,5,12,115,20,30,142,388
25,3,1,0,5,13,31,16,30,142,388
25,3,1,296,95,20,375,156,30,142,388
25,3,1,0,5,48,429,286,30,142,388
25,3,1,0,5,12,154,47,125,142,388
25,3,1,0,5,13,123,47,125,142,388
25,3,1,0,5,13,31,128,30,142,388
25,3,1,0,5,51,172,132,30,142,388
25,3,1,0,5,48,7,20,30,142,388
25,3,1,0,5,19,284,20,30,142,388
25,3,1,0,5,157,344,26,125,142,388
25,3,1,0,5,51,269,20,30,142,388
25,3,1,0,5,19,45,132,30,142,388
25,3,1,0,5,363,74,20,30,142,388
25,3,1,0,5,157,310,20,30,142,388
25,3,1,0,5,19,45,146,30,142,388
25,3,13,23,104,16,31,128,30,142,388
25,3,13,23,104,16,47,410,30,142,388
25,3,11,45,132,30,16,47,125,142,388
25,3,1,22,138,70,95,20,30,142,388
25,3,1,22,138,70,26,182,125,142,388
25,3,11,45,132,30,410,47,125,142,388
25,3,1,22,138,70,249,20,30,142,388
25,19,5,48,61,15,16,47,125,142,388
25,3,6,0,24,212,45,132,30,142,388
25,19,20,201,386,303,47,16,30,142,388
25,19,5,15,28,183,16,47,125,142,388
25,3,6,0,24,272,7,20,30,142,388
25,3,6,0,24,212,45,146,30,142,388
25,19,20,201,386,303,47,410,30,142,388
25,3,6,0,24,251,45,132,30,142,388
25,3,11,19,20,470,45,132,30,142,388
25,19,20,201,82,42,6,229,30,142,388
25,3,6,0,24,251,45,146,30,142,388
25,3,11,19,20,249,70,26,125,142,388
25,3,11,19,20,470,45,146,30,142,388
25,19,308,301,4,147,47,16,30,142,388
25,3,11,19,20,95,70,26,125,142,388
25,3,11,19,20,21,26,182,125,142,388
25,19,308,301,4,147,47,410,30,142,388
25,3,11,19,20,72,31,16,30,142,388
25,3,9,270,5,13,123,47,125,142,388
25,3,6,0,175,23,104,16,30,142,388
25,3,11,19,20,74,31,16,30,142,388
25,3,11,19,20,72,31,128,30,142,388
25,3,9,270,5,1,8,26,125,142,388
25,3,9,270,5,13,320,26,125,142,388
25,3,11,19,20,78,312,47,125,142,388
25,3,11,19,20,74,31,128,30,142,388
25,3,9,270,5,83,8,26,125,142,388
25,3,9,270,5,1,21,20,30,142,388
25,3,9,270,5,13,31,16,30,142,388
25,3,9,270,5,0,6,229,30,142,388
25,3,9,270,5,1,15,16,30,142,388
25,3,9,270,5,1,21,26,125,142,388
25,3,9,270,5,13,23,36,30,142,388
25,3,9,270,5,13,31,128,30,142,388
25,3,9,270,5,18,6,229,30,142,388
25,3,9,270,5,0,7,20,30,142,388
25,3,9,270,5,1,100,124,30,142,388
25,3,9,270,5,48,429,286,30,142,388
25,3,9,270,5,0,143,124,30,142,388
25,3,9,270,5,1,35,156,30,142,388
25,3,9,270,5,11,19,20,30,142,388
25,3,9,270,5,48,7,20,30,142,388
25,3,9,270,5,0,23,36,30,142,388
25,3,9,270,5,1,7,20,30,142,388
25,3,9,270,5,12,154,47,125,142,388
25,3,9,270,5,11,45,132,30,142,388
25,3,9,270,5,11,19,54,30,142,388
25,3,9,270,5,1,78,20,30,142,388
25,3,9,270,5,51,172,132,30,142,388
25,3,9,270,5,12,115,20,30,142,388
25,3,9,270,5,11,45,146,30,142,388
25,3,9,270,5,157,344,26,125,142,388
25,3,9,270,5,51,269,20,30,142,388
25,19,20,7,37,70,138,194,30,142,388
25,3,9,270,5,491,310,20,30,142,388
25,3,9,270,5,157,310,20,30,142,388
25,19,20,202,206,23,104,16,30,142,388
25,3,9,270,5,363,74,20,30,142,388
25,19,5,15,1,8,26,182,125,142,388
25,3,9,270,5,19,284,20,30,142,388
25,3,0,17,179,45,19,20,30,142,388
25,3,6,0,24,19,5,286,30,142,388
25,3,9,270,5,19,45,132,30,142,388
25,3,0,17,179,45,470,20,30,142,388
25,3,0,17,179,45,19,54,30,142,388
25,3,6,0,24,19,45,132,30,142,388
25,3,9,270,5,19,45,146,30,142,388
25,3,6,0,148,8,243,128,30,142,388
25,3,6,0,24,19,284,20,30,142,388
25,3,6,0,24,19,45,146,30,142,388
25,3,6,0,148,8,100,124,30,142,388
25,19,5,15,390,424,23,36,30,142,388
25,19,5,48,102,37,497,20,30,142,388
25,3,6,0,148,8,10,16,30,142,388
25,19,5,15,61,48,429,286,30,142,388
25,19,5,48,96,109,45,132,30,142,388
25,19,5,48,102,37,6,229,30,142,388
25,19,5,15,113,4,3,47,125,142,388
25,19,5,15,61,48,7,20,30,142,388
25,19,5,48,493,9,3,47,125,142,388
25,19,5,48,96,14,3,47,125,142,388
25,19,5,48,96,109,437,194,30,142,388
25,19,5,48,96,109,45,146,30,142,388
25,19,5,48,102,37,7,20,30,142,388
25,19,5,15,349,52,21,20,30,142,388
25,19,5,15,113,4,147,47,125,142,388
25,19,5,48,174,157,310,20,30,142,388
25,19,5,48,493,9,282,132,30,142,388
25,19,5,48,96,288,35,156,30,142,388
25,19,5,48,102,37,70,26,125,142,388
25,19,5,15,349,52,21,26,125,142,388
25,19,5,48,333,137,71,47,125,142,388
25,19,5,48,174,157,344,26,125,142,388
25,19,5,48,493,9,38,430,30,142,388
25,3,6,0,148,8,26,182,125,142,388
25,19,5,48,122,135,38,430,30,142,388
25,3,6,0,1,8,243,128,30,142,388
25,3,6,0,1,8,26,182,125,142,388
25,19,20,202,206,304,71,47,125,142,388
25,3,6,0,1,8,10,16,30,142,388
25,3,0,1,7,37,6,229,30,142,388
25,19,20,202,206,398,322,194,30,142,388
25,3,6,0,1,8,100,124,30,142,388
25,3,0,1,7,33,23,36,30,142,388
25,3,0,1,7,37,497,20,30,142,388
25,3,0,1,7,20,19,54,30,142,388
25,3,0,1,7,265,23,36,30,142,388
25,3,0,1,7,33,35,156,30,142,388
25,3,0,1,7,37,70,26,125,142,388
25,3,0,1,7,20,21,26,125,142,388
25,3,0,1,7,22,138,194,30,142,388
25,3,250,211,6,0,5,286,30,142,388
25,3,0,1,7,20,375,156,30,142,388
25,3,0,1,7,48,5,286,30,142,388
25,3,250,211,6,205,411,132,30,142,388
25,3,250,211,6,0,7,20,30,142,388
25,3,0,1,7,48,429,286,30,142,388
25,3,250,211,6,18,5,286,30,142,388
25,3,250,211,6,0,143,124,30,142,388
25,3,6,0,260,100,8,26,125,142,388
25,3,250,211,6,222,95,20,30,142,388
25,3,250,211,6,0,23,36,30,142,388
25,3,6,0,260,100,426,132,30,142,388
25,3,250,211,6,37,497,20,30,142,388
25,396,45,189,12,5,19,20,30,142,388
25,3,9,270,5,15,16,47,125,142,388
25,3,250,211,6,173,202,20,30,142,388
25,3,250,211,6,37,70,26,125,142,388
25,396,45,189,12,5,15,16,30,142,388
25,396,45,189,12,5,19,54,30,142,388
25,3,250,211,6,37,7,20,30,142,388
25,3,6,0,1,15,5,286,30,142,388
25,19,20,234,233,71,47,16,30,142,388
25,3,6,0,1,15,16,47,125,142,388
25,19,20,7,37,360,45,132,30,142,388
25,19,20,234,233,71,47,410,30,142,388
25,19,69,1,15,28,183,16,30,142,388
25,19,20,7,37,68,38,430,30,142,388
25,19,20,7,37,360,45,146,30,142,388
25,3,0,17,27,23,104,16,30,142,388
25,19,20,7,37,79,55,26,125,142,388
25,3,6,0,50,44,204,20,30,142,388
25,3,0,17,319,45,19,20,30,142,388
25,19,20,7,37,43,38,430,30,142,388
25,19,20,7,37,79,55,47,125,142,388
25,3,6,0,50,235,7,20,30,142,388
25,3,6,0,50,44,23,36,30,142,388
25,3,0,17,319,45,470,20,30,142,388
25,3,0,17,319,45,19,54,30,142,388
25,3,6,0,50,71,47,16,30,142,388
25,3,1,188,5,48,429,286,30,142,388
25,3,6,0,1,100,8,26,125,142,388
25,3,6,0,50,71,47,410,30,142,388
25,3,1,188,5,0,6,229,30,142,388
25,3,1,188,5,48,7,20,30,142,388
25,3,6,0,1,100,426,132,30,142,388
25,3,1,188,5,11,45,132,30,142,388
25,3,1,188,5,0,7,20,30,142,388
25,19,5,48,122,21,26,182,125,142,388
25,3,1,188,5,18,6,229,30,142,388
25,3,1,188,5,11,19,54,30,142,388
25,3,1,188,5,11,45,146,30,142,388
25,3,1,188,5,0,143,124,30,142,388
25,3,1,188,5,83,8,26,125,142,388
25,3,1,188,5,11,19,20,30,142,388
25,3,1,188,5,0,23,36,30,142,388
25,3,1,188,5,13,320,26,125,142,388
25,3,6,0,4,301,100,124,30,142,388
25,19,20,7,1,5,15,16,30,142,388
25,3,1,188,5,12,154,47,125,142,388
25,3,1,188,5,13,23,36,30,142,388
25,3,6,0,4,113,15,16,30,142,388
25,3,1,188,5,157,344,26,125,142,388
25,3,1,188,5,12,115,20,30,142,388
25,3,1,188,5,13,31,16,30,142,388
25,3,1,188,5,51,269,20,30,142,388
25,3,1,188,5,157,310,20,30,142,388
25,3,1,188,5,13,123,47,125,142,388
25,3,1,188,5,13,31,128,30,142,388
25,3,1,188,5,491,310,20,30,142,388
25,3,1,188,5,51,172,132,30,142,388
25,3,250,211,6,225,26,182,125,142,388
25,3,1,188,5,363,74,20,30,142,388
25,3,0,94,263,394,6,229,30,142,388
25,3,6,0,4,147,47,16,30,142,388
25,3,0,17,64,23,104,16,30,142,388
25,3,13,5,11,28,183,16,30,142,388
25,3,6,0,4,147,47,410,30,142,388
25,19,76,162,44,1,5,286,30,142,388
25,3,13,5,11,40,23,36,30,142,388
25,3,13,5,11,28,15,16,30,142,388
25,19,76,162,44,50,71,47,125,142,388
25,19,76,162,44,1,8,26,125,142,388
25,3,13,5,11,118,21,26,125,142,388
25,19,76,162,44,325,322,194,30,142,388
25,19,76,162,44,1,21,20,30,142,388
25,3,13,5,11,332,104,16,30,142,388
25,3,13,5,11,118,21,20,30,142,388
25,19,76,162,44,274,143,124,30,142,388
25,19,76,162,44,1,35,156,30,142,388
25,19,76,162,44,1,21,26,125,142,388
25,3,8,1,15,16,31,128,30,142,388
25,19,76,162,44,1,78,20,30,142,388
25,3,0,457,252,68,38,430,30,142,388
25,3,6,0,438,21,26,182,125,142,388
25,19,76,162,44,1,7,20,30,142,388
25,3,0,457,252,200,7,20,30,142,388
25,3,8,1,15,16,47,410,30,142,388
25,19,76,162,44,1,100,124,30,142,388
25,396,45,212,24,0,6,229,30,142,388
25,3,6,0,1,21,26,182,125,142,388
25,3,1,69,232,23,104,16,30,142,388
25,396,45,470,20,19,5,286,30,142,388
25,19,76,162,44,1,3,47,125,142,388
25,396,45,212,24,272,7,20,30,142,388
25,396,45,212,24,0,7,20,30,142,388
25,3,1,78,20,19,45,132,30,142,388
25,3,14,2,12,5,19,20,30,142,388
25,19,76,162,44,1,15,16,30,142,388
25,3,6,37,7,20,19,54,30,142,388
25,396,45,212,24,0,5,286,30,142,388
25,3,1,78,20,19,5,286,30,142,388
25,3,1,78,20,19,45,146,30,142,388
25,3,14,2,12,5,15,16,30,142,388
25,3,14,2,12,5,19,54,30,142,388
25,3,6,37,7,20,21,26,125,142,388
25,396,45,212,24,0,23,36,30,142,388
25,3,0,17,167,92,45,132,30,142,388
25,396,45,179,280,29,26,182,125,142,388
25,3,1,78,312,47,55,26,125,142,388
25,3,6,37,7,20,375,156,30,142,388
25,396,45,212,24,0,3,47,125,142,388
25,3,0,17,101,28,183,16,30,142,388
25,3,0,17,167,92,78,20,30,142,388
25,3,0,17,167,92,45,146,30,142,388
25,19,5,1,100,8,3,47,125,142,388
25,396,45,212,24,0,143,124,30,142,388
25,3,0,17,186,131,104,16,30,142,388
25,3,0,17,101,126,5,286,30,142,388
25,3,0,17,101,28,15,16,30,142,388
25,19,5,1,100,8,243,128,30,142,388
25,19,11,3,0,6,225,26,125,142,388
25,3,0,17,364,51,269,20,30,142,388
25,3,0,17,186,321,55,47,125,142,388
25,19,11,3,9,1,5,286,30,142,388
25,19,5,1,100,8,10,16,30,142,388
25,19,11,3,9,38,216,182,125,142,388
25,3,0,17,103,340,35,156,30,142,388
25,3,0,17,364,51,5,286,30,142,388
25,3,0,17,186,321,55,26,125,142,388
25,19,11,3,9,270,5,286,30,142,388
25,19,11,3,9,1,8,26,125,142,388
25,3,0,17,63,87,8,26,125,142,388
25,3,0,17,103,213,8,26,125,142,388
25,3,0,17,364,51,172,132,30,142,388
25,19,11,3,9,77,35,156,30,142,388
25,19,11,3,9,1,7,20,30,142,388
25,3,0,17,63,163,377,194,30,142,388
25,3,0,17,103,62,7,20,30,142,388
25,396,45,470,20,72,31,128,30,142,388
25,19,11,3,9,88,38,430,30,142,388
25,19,11,3,9,1,15,16,30,142,388
25,3,6,0,94,74,31,16,30,142,388
25,396,45,189,12,154,47,16,30,142,388
25,396,45,470,20,95,70,26,125,142,388
25,396,45,470,20,72,31,16,30,142,388
25,19,11,3,9,1,100,124,30,142,388
25,3,6,0,94,74,31,128,30,142,388
25,396,45,189,12,154,47,410,30,142,388
25,396,45,470,20,74,31,16,30,142,388
25,396,45,360,467,137,71,47,125,142,388
25,19,11,3,9,1,35,156,30,142,388
25,3,14,2,379,45,19,20,30,142,388
25,19,5,1,100,8,26,182,125,142,388
25,396,45,470,20,78,312,47,125,142,388
25,396,45,470,20,74,31,128,30,142,388
25,19,11,3,9,1,21,20,30,142,388
25,3,14,2,379,45,470,20,30,142,388
25,3,14,2,379,45,19,54,30,142,388
25,396,45,470,20,249,70,26,125,142,388
25,396,45,470,20,21,26,182,125,142,388
25,19,11,3,9,1,78,20,30,142,388
25,19,11,3,9,1,21,26,125,142,388
25,3,6,37,7,22,138,194,30,142,388
25,396,45,470,20,284,19,54,30,142,388
25,19,11,3,1,5,15,16,30,142,388
25,3,13,123,47,16,31,128,30,142,388
25,3,1,9,88,223,143,124,30,142,388
25,3,6,37,7,0,5,286,30,142,388
25,396,45,168,13,320,26,182,125,142,388
25,19,308,301,100,8,3,47,125,142,388
25,3,1,188,5,15,16,47,125,142,388
25,3,1,9,88,38,216,182,125,142,388
25,3,6,37,7,1,78,20,30,142,388
25,3,6,37,7,0,23,36,30,142,388
25,19,308,301,100,8,243,128,30,142,388
25,19,5,1,44,50,71,47,125,142,388
25,19,11,3,75,303,47,16,30,142,388
25,3,6,37,7,33,23,36,30,142,388
25,3,6,37,7,1,5,286,30,142,388
25,3,6,37,7,0,143,124,30,142,388
25,19,308,301,100,8,10,16,30,142,388
25,19,5,1,44,274,143,124,30,142,388
25,19,11,3,75,303,47,410,30,142,388
25,3,6,37,7,265,23,36,30,142,388
25,3,6,37,7,33,35,156,30,142,388
25,3,6,37,7,1,35,156,30,142,388
25,19,5,1,44,325,322,194,30,142,388
25,396,45,360,37,6,225,26,125,142,388
25,3,6,37,7,48,5,286,30,142,388
25,3,0,1,35,156,375,20,30,142,388
25,3,6,37,7,1,100,124,30,142,388
25,19,5,1,44,23,104,16,30,142,388
25,396,45,360,37,6,3,47,125,142,388
25,3,6,37,7,48,429,286,30,142,388
25,19,11,3,1,8,243,128,30,142,388
25,3,6,37,7,1,15,16,30,142,388
25,19,11,40,23,13,320,26,125,142,388
25,19,11,3,1,8,26,182,125,142,388
25,3,11,40,23,0,6,229,30,142,388
25,19,11,3,1,8,10,16,30,142,388
25,3,6,37,7,1,21,20,30,142,388
25,19,11,40,23,0,6,229,30,142,388
25,19,11,40,23,13,31,128,30,142,388
25,3,11,40,23,13,5,286,30,142,388
25,3,11,40,23,0,7,20,30,142,388
25,19,11,3,1,8,100,124,30,142,388
25,3,6,37,7,1,8,26,125,142,388
25,3,6,37,7,1,21,26,125,142,388
25,19,11,40,23,44,204,20,30,142,388
25,19,11,40,23,0,7,20,30,142,388
25,19,11,40,23,13,5,286,30,142,388
25,19,11,40,23,13,31,16,30,142,388
25,3,11,40,23,150,104,16,30,142,388
25,3,11,40,23,13,320,26,125,142,388
25,3,11,40,23,0,5,286,30,142,388
25,19,11,40,23,150,104,16,30,142,388
25,19,11,40,23,0,5,286,30,142,388
25,19,11,40,23,13,3,47,125,142,388
25,3,11,40,23,206,246,16,30,142,388
25,3,11,40,23,13,31,16,30,142,388
25,3,11,40,23,0,143,124,30,142,388
25,19,11,40,23,33,7,20,30,142,388
25,19,11,40,23,0,3,47,125,142,388
25,19,11,40,23,13,123,47,125,142,388
25,3,11,40,23,33,7,20,30,142,388
25,3,11,40,23,206,202,20,30,142,388
25,3,11,40,23,13,123,47,125,142,388
25,3,11,40,23,13,31,128,30,142,388
25,19,11,40,23,206,202,20,30,142,388
25,19,11,40,23,33,35,156,30,142,388
25,19,11,40,23,0,143,124,30,142,388
25,3,11,40,23,401,38,430,30,142,388
25,3,11,40,23,33,35,156,30,142,388
25,19,11,40,23,265,7,20,30,142,388
25,19,11,40,23,206,246,16,30,142,388
25,3,6,0,239,352,8,26,125,142,388
25,3,11,40,23,265,7,20,30,142,388
25,396,45,179,268,5,19,20,30,142,388
25,19,11,40,23,401,38,430,30,142,388
25,3,8,100,1,35,237,488,30,142,388
25,3,6,0,17,76,19,20,30,142,388
25,3,6,0,239,211,237,488,30,142,388
25,3,11,40,23,44,204,20,30,142,388
25,396,45,179,268,5,15,16,30,142,388
25,396,45,179,268,5,19,54,30,142,388
25,3,6,0,160,51,5,286,30,142,388
25,3,6,0,17,313,19,54,30,142,388
25,3,6,0,17,76,19,54,30,142,388
25,19,11,3,0,5,15,16,30,142,388
25,3,11,40,23,104,16,47,125,142,388
25,3,6,0,316,9,38,430,30,142,388
25,3,6,0,160,51,269,20,30,142,388
25,3,6,0,17,179,45,132,30,142,388
25,3,6,0,17,313,19,20,30,142,388
25,19,5,1,0,3,47,16,30,142,388
25,3,6,0,380,205,411,132,30,142,388
25,3,6,0,316,9,282,132,30,142,388
25,3,6,0,160,51,172,132,30,142,388
25,3,6,0,17,319,45,132,30,142,388
25,3,6,0,17,179,45,146,30,142,388
25,19,5,1,0,3,47,410,30,142,388
25,3,6,0,56,44,204,20,30,142,388
25,3,6,0,380,383,23,36,30,142,388
25,3,6,0,17,27,23,36,30,142,388
25,3,6,0,17,319,45,146,30,142,388
25,19,20,7,1,8,26,182,125,142,388
25,3,6,0,412,197,38,430,30,142,388
25,3,6,0,56,44,23,36,30,142,388
25,3,6,0,17,64,23,36,30,142,388
25,19,5,1,0,3,6,229,30,142,388
25,19,11,3,13,23,104,16,30,142,388
25,396,45,168,13,5,19,20,30,142,388
25,19,11,3,75,31,16,47,125,142,388
25,3,6,0,1,35,237,488,30,142,388
25,3,6,0,99,80,31,16,30,142,388
25,19,5,1,317,8,3,47,125,142,388
25,3,6,0,17,34,38,430,30,142,388
25,19,5,1,0,3,8,26,125,142,388
25,19,11,3,1,35,237,488,30,142,388
25,396,45,168,13,5,15,16,30,142,388
25,396,45,168,13,5,19,54,30,142,388
25,19,5,1,317,8,26,182,125,142,388
25,3,6,0,99,80,31,128,30,142,388
25,19,5,1,317,8,10,16,30,142,388
25,3,0,17,34,38,216,182,125,142,388
25,19,5,1,57,31,72,20,30,142,388
25,19,20,7,48,5,15,16,30,142,388
25,19,11,3,281,38,216,182,125,142,388
25,19,5,1,57,31,16,47,125,142,388
25,396,45,360,37,70,95,20,30,142,388
25,19,5,1,317,8,243,128,30,142,388
25,396,45,319,17,6,225,26,125,142,388
25,19,5,1,57,31,74,20,30,142,388
25,3,0,94,74,20,19,54,30,142,388
25,3,498,28,15,16,31,128,30,142,388
25,3,13,31,72,192,45,132,30,142,388
25,396,45,360,37,70,138,194,30,142,388
25,19,5,1,317,8,100,124,30,142,388
25,396,45,319,17,6,3,47,125,142,388
25,19,5,1,57,31,494,16,30,142,388
25,3,0,94,74,20,375,156,30,142,388
25,19,11,3,75,31,72,20,30,142,388
25,3,13,31,72,192,45,146,30,142,388
25,396,45,360,37,70,249,20,30,142,388
25,3,9,1,127,5,19,20,30,142,388
25,19,11,3,0,50,71,47,125,142,388
25,396,45,355,161,1,8,26,125,142,388
25,3,0,94,74,20,21,26,125,142,388
25,19,11,3,75,31,494,16,30,142,388
25,19,5,1,93,8,3,47,125,142,388
25,19,5,1,93,8,26,182,125,142,388
25,3,9,1,127,5,15,16,30,142,388
25,3,9,1,127,5,19,54,30,142,388
25,19,11,3,0,34,38,430,30,142,388
25,396,45,355,161,1,5,286,30,142,388
25,19,11,3,75,31,74,20,30,142,388
25,19,5,1,93,8,243,128,30,142,388
25,19,11,3,0,23,104,16,30,142,388
25,19,11,3,133,8,243,128,30,142,388
25,221,186,17,0,23,104,16,30,142,388
25,19,11,3,0,17,6,229,30,142,388
25,396,45,355,161,1,21,20,30,142,388
25,19,5,1,0,260,100,124,30,142,388
25,19,11,3,133,8,26,182,125,142,388
25,19,5,1,0,23,104,16,30,142,388
25,19,11,3,13,5,15,16,30,142,388
25,19,5,1,93,8,100,124,30,142,388
25,19,11,3,133,8,10,16,30,142,388
25,3,9,1,21,89,10,16,30,142,388
25,19,11,3,0,1,5,286,30,142,388
25,396,45,355,161,1,35,156,30,142,388
25,396,45,355,161,1,21,26,125,142,388
25,19,5,1,0,175,23,36,30,142,388
25,3,8,100,1,78,312,47,125,142,388
25,3,327,22,1,8,243,128,30,142,388
25,19,11,3,13,31,494,16,30,142,388
25,19,11,3,13,31,16,47,125,142,388
25,3,416,157,344,26,21,20,30,142,388
25,19,5,1,93,8,10,16,30,142,388
25,19,11,3,1,78,312,47,125,142,388
25,19,11,3,133,8,100,124,30,142,388
25,19,11,3,498,28,183,16,30,142,388
25,3,9,1,21,408,243,128,30,142,388
25,19,11,3,0,2,10,16,30,142,388
25,19,11,3,4,0,5,286,30,142,388
25,19,11,3,0,1,8,26,125,142,388
25,19,11,3,4,147,47,16,30,142,388
25,396,45,355,161,1,7,20,30,142,388
25,3,0,23,13,320,26,182,125,142,388
25,19,5,1,0,6,225,26,125,142,388
25,3,0,17,6,211,237,488,30,142,388
25,19,11,3,13,320,26,182,125,142,388
25,3,498,28,15,16,47,410,30,142,388
25,19,5,1,0,34,38,430,30,142,388
25,19,11,3,1,15,5,286,30,142,388
25,396,45,319,17,0,5,286,30,142,388
25,19,11,3,1,15,16,47,125,142,388
25,3,327,22,1,8,10,16,30,142,388
25,19,11,3,13,168,45,132,30,142,388
25,3,0,1,21,20,19,54,30,142,388
25,19,11,3,13,123,47,16,30,142,388
25,19,11,3,13,31,72,20,30,142,388
25,3,0,17,6,225,26,182,125,142,388
25,396,45,251,24,0,6,229,30,142,388
25,19,308,301,4,0,6,229,30,142,388
25,3,0,24,19,20,375,156,30,142,388
25,19,20,21,408,243,8,26,125,142,388
25,3,416,157,344,26,55,47,125,142,388
25,3,13,31,72,20,19,54,30,142,388
25,19,5,1,157,416,3,47,125,142,388
25,19,69,1,8,10,16,47,125,142,388
25,19,11,3,1,0,5,286,30,142,388
25,19,11,3,327,22,138,194,30,142,388
25,19,5,1,157,344,26,182,125,142,388
25,19,11,3,1,100,8,26,125,142,388
25,19,11,3,498,28,15,16,30,142,388
25,396,45,189,12,2,29,26,125,142,388
25,3,11,28,145,389,26,182,125,142,388
25,19,11,3,1,21,26,182,125,142,388
25,19,11,3,0,148,8,26,125,142,388
25,19,11,3,0,2,322,194,30,142,388
25,3,392,1,35,166,45,132,30,142,388
25,19,5,1,191,8,3,47,125,142,388
25,19,11,3,4,113,15,16,30,142,388
25,19,11,3,4,0,7,20,30,142,388
25,19,5,1,191,8,26,182,125,142,388
25,3,6,0,2,379,45,132,30,142,388
25,19,11,3,0,1,7,20,30,142,388
25,19,5,1,164,45,470,20,30,142,388
25,19,11,3,4,147,47,410,30,142,388
25,3,6,0,2,29,26,182,125,142,388
25,396,45,355,161,1,78,20,30,142,388
25,19,20,7,1,8,3,47,125,142,388
25,19,20,21,89,10,16,47,125,142,388
25,19,69,1,8,133,3,47,125,142,388
25,19,69,1,8,100,426,132,30,142,388
25,19,5,1,0,6,3,47,125,142,388
25,3,47,147,4,0,5,286,30,142,388
25,3,0,17,6,205,411,132,30,142,388
25,19,5,1,296,95,70,26,125,142,388
25,19,5,1,21,26,55,47,125,142,388
25,3,47,154,12,5,19,20,30,142,388
25,19,5,1,0,17,6,229,30,142,388
25,3,13,5,157,1,7,20,30,142,388
25,3,47,154,12,2,322,194,30,142,388
25,396,45,319,17,34,38,430,30,142,388
25,396,45,319,17,0,7,20,30,142,388
25,3,47,303,75,31,72,20,30,142,388
25,19,308,301,4,3,6,229,30,142,388
25,3,392,1,157,5,19,20,30,142,388
25,3,327,22,1,8,100,124,30,142,388
25,19,5,1,9,38,216,182,125,142,388
25,19,11,3,13,168,45,146,30,142,388
25,3,9,32,197,38,216,182,125,142,388
25,3,0,1,21,20,375,156,30,142,388
25,396,45,164,1,5,19,20,30,142,388
25,19,20,7,1,35,237,488,30,142,388
25,254,336,197,412,0,5,286,30,142,388
25,3,6,229,30,20,21,26,125,142,388
25,19,390,15,61,48,7,20,30,142,388
25,19,390,15,28,11,45,132,30,142,388
25,19,11,3,13,123,47,410,30,142,388
25,19,11,3,13,31,74,20,30,142,388
25,19,390,15,28,183,16,47,125,142,388
25,3,9,32,382,1,8,26,125,142,388
25,396,45,251,24,272,7,20,30,142,388
25,19,5,1,287,3,6,229,30,142,388
25,396,45,251,24,0,7,20,30,142,388
25,19,308,301,4,42,6,229,30,142,388
25,19,308,301,4,0,7,20,30,142,388
25,3,9,32,376,402,45,132,30,142,388
25,3,0,24,19,20,21,26,125,142,388
25,3,0,1,21,408,243,128,30,142,388
25,19,5,1,287,3,47,16,30,142,388
25,19,390,15,1,8,3,47,125,142,388
25,19,390,15,1,8,26,182,125,142,388
25,19,11,3,6,205,411,132,30,142,388
25,3,13,31,72,20,375,156,30,142,388
25,3,9,282,132,426,100,124,30,142,388
25,19,5,1,9,3,6,229,30,142,388
25,19,11,3,6,225,26,182,125,142,388
25,19,11,3,1,127,5,286,30,142,388
25,19,5,1,9,3,47,16,30,142,388
25,19,390,15,1,35,237,488,30,142,388
25,19,11,3,1,0,7,20,30,142,388
25,19,11,3,250,211,237,488,30,142,388
25,19,20,7,33,23,104,16,30,142,388
25,3,13,5,12,154,47,16,30,142,388
25,19,11,45,85,52,21,26,125,142,388
25,3,392,1,21,26,55,47,125,142,388
25,19,11,3,327,479,225,26,125,142,388
25,19,11,3,327,22,7,20,30,142,388
25,3,9,32,11,28,183,16,30,142,388
25,3,9,282,132,45,19,20,30,142,388
25,19,5,1,392,3,6,229,30,142,388
25,19,11,3,1,100,426,132,30,142,388
25,19,5,15,1,8,3,47,125,142,388
25,19,5,1,392,3,47,16,30,142,388
25,3,9,32,11,45,19,20,30,142,388
25,396,45,189,12,334,10,16,30,142,388
25,396,45,189,12,2,10,16,30,142,388
25,19,5,1,9,88,38,430,30,142,388
25,19,20,7,48,337,23,36,30,142,388
25,3,11,45,132,426,100,124,30,142,388
25,19,390,15,1,78,312,47,125,142,388
25,3,9,32,11,19,5,286,30,142,388
25,19,11,3,0,260,100,124,30,142,388
25,19,20,21,1,35,237,488,30,142,388
25,3,0,1,78,20,19,54,30,142,388
25,19,11,3,0,2,29,26,125,142,388
25,19,390,15,1,100,426,132,30,142,388
25,3,392,1,35,33,23,36,30,142,388
25,3,47,123,13,168,45,146,30,142,388
25,3,392,1,35,166,45,146,30,142,388
25,19,5,1,191,8,10,16,30,142,388
25,3,0,23,13,31,494,16,30,142,388
25,3,392,1,191,8,243,128,30,142,388
25,19,5,15,1,35,237,488,30,142,388
25,3,13,31,128,243,8,26,125,142,388
25,3,47,123,13,23,104,16,30,142,388
25,19,11,3,4,42,6,229,30,142,388
25,19,390,15,1,3,6,229,30,142,388
25,19,390,15,1,3,47,16,30,142,388
25,19,11,3,4,0,143,124,30,142,388
25,3,0,260,330,11,19,20,30,142,388
25,3,47,123,13,31,494,16,30,142,388
25,3,6,0,2,233,71,47,125,142,388
25,19,5,81,42,151,45,132,30,142,388
25,19,390,15,1,0,5,286,30,142,388
25,3,6,0,2,379,45,146,30,142,388
25,19,5,81,42,6,225,26,125,142,388
25,19,11,3,0,1,78,20,30,142,388
25,19,20,7,265,23,104,16,30,142,388
25,19,5,1,487,37,497,20,30,142,388
25,3,8,83,5,13,320,26,125,142,388
25,3,8,83,5,15,16,47,125,142,388
25,396,45,355,161,1,100,124,30,142,388
25,3,11,28,15,16,31,128,30,142,388
25,19,390,15,1,21,26,182,125,142,388
25,19,20,7,1,8,10,16,30,142,388
25,3,11,28,15,16,47,410,30,142,388
25,3,8,83,5,19,284,20,30,142,388
25,19,5,1,116,71,47,16,30,142,388
25,19,69,1,8,83,5,286,30,142,388
25,3,6,17,34,0,7,20,30,142,388
25,19,20,7,1,3,6,229,30,142,388
25,3,14,2,12,154,47,16,30,142,388
25,3,0,5,19,20,375,156,30,142,388
25,19,5,1,22,138,70,26,125,142,388
25,19,5,1,22,327,3,47,125,142,388
25,3,47,147,4,42,6,229,30,142,388
25,19,20,7,33,35,237,488,30,142,388
25,3,287,1,100,8,243,128,30,142,388
25,3,47,147,4,0,7,20,30,142,388
25,3,11,32,9,38,216,182,125,142,388
25,3,0,17,6,18,5,286,30,142,388
25,19,20,7,33,60,5,286,30,142,388
25,19,11,3,8,100,426,132,30,142,388
25,19,20,7,22,1,5,286,30,142,388
25,19,20,7,1,3,47,16,30,142,388
25,3,392,1,0,6,225,26,125,142,388
25,3,287,1,100,8,26,182,125,142,388
25,3,13,31,128,30,16,47,125,142,388
25,3,11,259,443,272,7,20,30,142,388
25,3,47,154,12,5,15,16,30,142,388
25,3,47,154,12,5,19,54,30,142,388
25,3,0,438,21,1,100,124,30,142,388
25,19,5,1,0,4,3,47,125,142,388
25,19,20,7,114,173,6,229,30,142,388
25,3,11,28,15,390,19,20,30,142,388
25,3,11,259,37,6,225,26,125,142,388
25,3,13,5,157,1,8,26,125,142,388
25,3,11,32,197,38,216,182,125,142,388
25,3,47,154,12,189,45,132,30,142,388
25,3,47,154,12,2,10,16,30,142,388
25,3,327,22,1,8,26,182,125,142,388
25,396,45,360,37,200,7,20,30,142,388
25,396,45,343,335,237,35,156,30,142,388
25,3,11,28,183,16,31,128,30,142,388
25,3,11,32,9,1,5,286,30,142,388
25,396,45,319,17,64,23,36,30,142,388
25,19,11,3,8,1,5,286,30,142,388
25,396,45,319,17,0,3,47,125,142,388
25,3,0,6,229,30,16,47,125,142,388
25,19,11,3,8,10,16,47,125,142,388
25,3,47,303,75,31,494,16,30,142,388
25,19,308,301,4,3,8,26,125,142,388
25,3,0,438,21,20,19,54,30,142,388
25,3,392,1,157,5,15,16,30,142,388
25,3,11,440,28,183,16,47,125,142,388
25,3,392,1,157,5,19,54,30,142,388
25,19,20,375,156,35,237,488,30,142,388
25,3,9,38,430,30,16,47,125,142,388
25,19,5,188,1,8,26,182,125,142,388
25,3,11,28,15,5,19,20,30,142,388
25,3,13,5,11,19,45,132,30,142,388
25,3,11,32,376,402,45,132,30,142,388
25,396,45,164,1,5,15,16,30,142,388
25,396,45,164,1,5,19,54,30,142,388
25,19,5,188,1,8,3,47,125,142,388
25,19,5,161,227,1,7,20,30,142,388
25,254,336,197,32,11,5,286,30,142,388
25,19,45,92,78,1,5,286,30,142,388
25,396,45,343,335,334,10,16,30,142,388
25,3,346,248,110,35,237,488,30,142,388
25,3,11,475,1,5,19,20,30,142,388
25,254,336,197,412,0,7,20,30,142,388
25,3,11,440,28,145,389,26,125,142,388
25,19,390,15,113,4,3,47,125,142,388
25,19,5,15,1,21,26,182,125,142,388
25,3,11,440,28,15,5,286,30,142,388
25,19,390,15,61,48,5,286,30,142,388
25,3,11,440,28,15,16,47,125,142,388
25,19,390,15,28,59,3,47,125,142,388
25,19,5,161,355,45,470,20,30,142,388
25,19,390,15,28,11,3,47,125,142,388
25,19,390,15,28,11,45,146,30,142,388
25,3,11,259,37,70,95,20,30,142,388
25,396,45,379,2,10,16,47,125,142,388
25,19,11,45,85,354,16,47,125,142,388
25,3,0,50,71,233,234,20,30,142,388
25,3,11,259,37,70,26,182,125,142,388
25,19,5,268,179,17,6,229,30,142,388
25,3,11,32,145,28,15,16,30,142,388
25,3,9,32,247,48,5,286,30,142,388
25,3,11,32,145,389,26,182,125,142,388
25,3,9,32,382,1,5,286,30,142,388
25,396,45,379,2,10,8,26,125,142,388
25,3,392,1,161,355,45,132,30,142,388
25,3,11,241,469,1,5,286,30,142,388
25,3,0,23,13,168,45,146,30,142,388
25,19,5,286,30,20,21,26,125,142,388
25,19,5,1,287,3,8,26,125,142,388
25,396,45,251,24,0,5,286,30,142,388
25,396,45,360,37,70,26,182,125,142,388
25,396,45,379,2,0,5,286,30,142,388
25,3,1,188,5,19,284,20,30,142,388
25,3,290,60,236,1,8,26,125,142,388
25,3,11,475,1,8,243,128,30,142,388
25,19,308,301,4,113,15,16,30,142,388
25,3,11,475,1,8,26,182,125,142,388
25,19,308,301,4,0,5,286,30,142,388
25,3,11,259,37,200,7,20,30,142,388
25,3,392,1,93,8,26,182,125,142,388
25,3,11,32,382,1,8,26,125,142,388
25,3,9,32,376,402,45,146,30,142,388
25,19,5,161,1,8,3,47,125,142,388
25,3,11,32,178,23,104,16,30,142,388
25,3,0,1,21,89,10,16,30,142,388
25,3,6,0,1,22,138,194,30,142,388
25,396,45,402,472,1,7,20,30,142,388
25,3,8,100,1,15,5,286,30,142,388
25,19,5,1,287,3,47,410,30,142,388
25,19,5,161,1,8,26,182,125,142,388
25,19,390,15,1,8,10,16,30,142,388
25,396,45,193,117,69,19,20,30,142,388
25,19,45,92,78,312,47,16,30,142,388
25,3,11,241,12,5,19,20,30,142,388
25,19,11,3,6,0,5,286,30,142,388
25,3,13,31,72,20,21,26,125,142,388
25,3,47,16,30,20,21,26,125,142,388
25,3,11,475,1,35,237,488,30,142,388
25,19,11,40,209,95,70,26,125,142,388
25,396,45,212,24,19,5,286,30,142,388
25,3,1,44,204,20,19,54,30,142,388
25,19,5,1,9,3,8,26,125,142,388
25,19,5,127,1,8,3,47,125,142,388
25,19,11,3,1,157,5,286,30,142,388
25,3,11,311,168,13,123,47,125,142,388
25,19,5,127,1,8,26,182,125,142,388
25,3,11,361,109,238,7,20,30,142,388
25,19,5,1,9,3,47,410,30,142,388
25,19,5,268,179,45,470,20,30,142,388
25,19,11,3,1,0,6,229,30,142,388
25,3,11,361,109,45,19,20,30,142,388
25,19,11,3,416,157,310,20,30,142,388
25,19,11,40,171,70,26,182,125,142,388
25,19,5,188,1,35,237,488,30,142,388
25,3,11,241,12,154,47,16,30,142,388
25,19,11,3,250,347,7,20,30,142,388
25,19,11,3,250,211,6,229,30,142,388
25,3,11,241,12,2,29,26,125,142,388
25,3,11,475,1,100,8,26,125,142,388
25,3,13,5,12,154,47,410,30,142,388
25,3,6,0,1,78,312,47,125,142,388
25,19,5,188,1,21,26,182,125,142,388
25,19,11,45,85,52,21,20,30,142,388
25,3,11,330,260,0,6,229,30,142,388
25,3,11,330,260,100,8,26,125,142,388
25,3,0,2,233,71,47,16,30,142,388
25,3,287,1,8,26,21,20,30,142,388
25,19,45,168,13,23,104,16,30,142,388
25,19,45,189,12,5,15,16,30,142,388
25,3,9,32,11,332,104,16,30,142,388
25,3,9,32,11,28,15,16,30,142,388
25,3,9,282,132,45,470,20,30,142,388
25,3,9,282,132,45,19,54,30,142,388
25,19,5,1,392,3,8,26,125,142,388
25,19,5,15,1,8,10,16,30,142,388
25,19,5,1,392,3,47,410,30,142,388
25,3,9,32,11,45,470,20,30,142,388
25,3,9,32,11,45,19,54,30,142,388
25,396,45,189,12,107,7,20,30,142,388
25,396,45,189,12,2,322,194,30,142,388
25,19,5,1,9,77,35,156,30,142,388
25,19,20,7,48,302,71,47,125,142,388
25,3,9,32,11,19,45,132,30,142,388
25,19,11,3,0,94,74,20,30,142,388
25,3,0,1,78,20,21,26,125,142,388
25,19,390,15,1,100,8,26,125,142,388
25,3,392,1,35,120,10,16,30,142,388
25,3,392,1,35,33,7,20,30,142,388
25,3,47,123,13,168,45,132,30,142,388
25,19,5,1,191,8,243,128,30,142,388
25,19,45,164,1,35,237,488,30,142,388
25,3,0,23,13,31,72,20,30,142,388
25,3,392,1,191,8,10,16,30,142,388
25,19,11,3,4,301,100,124,30,142,388
25,19,390,15,1,3,8,26,125,142,388
25,19,390,15,1,3,47,410,30,142,388
25,19,11,3,4,0,23,36,30,142,388
25,3,0,260,492,12,5,286,30,142,388
25,3,0,260,330,11,19,54,30,142,388
25,3,47,123,13,31,72,20,30,142,388
25,3,6,0,2,12,5,286,30,142,388
25,3,6,0,2,233,423,132,30,142,388
25,3,11,257,4,0,5,286,30,142,388
25,19,5,81,42,82,201,20,30,142,388
25,19,5,81,42,151,45,146,30,142,388
25,19,390,15,1,44,204,20,30,142,388
25,19,390,15,1,0,7,20,30,142,388
25,19,5,81,42,6,3,47,125,142,388
25,19,11,3,0,1,21,20,30,142,388
25,19,45,164,1,21,26,182,125,142,388
25,19,5,1,475,11,45,132,30,142,388
25,19,5,1,487,37,6,229,30,142,388
25,3,8,83,5,12,154,47,125,142,388
25,3,8,83,5,13,23,36,30,142,388
25,3,11,324,287,1,8,26,125,142,388
25,19,45,355,161,5,15,16,30,142,388
25,396,45,355,161,1,3,47,125,142,388
25,19,45,355,161,1,8,26,125,142,388
25,254,58,24,0,23,104,16,30,142,388
25,3,11,475,1,93,8,26,125,142,388
25,3,13,23,0,6,225,26,125,142,388
25,3,11,257,4,147,47,16,30,142,388
25,3,1,108,199,6,225,26,125,142,388
25,19,45,189,12,154,47,16,30,142,388
25,19,20,7,1,8,243,128,30,142,388
25,3,8,83,5,19,45,132,30,142,388
25,3,1,116,71,47,55,26,125,142,388
25,19,5,60,290,3,47,16,30,142,388
25,19,5,1,116,71,47,410,30,142,388
25,19,5,161,1,3,6,229,30,142,388
25,19,69,1,8,391,397,16,30,142,388
25,19,5,161,1,35,237,488,30,142,388
25,19,45,168,13,31,16,47,125,142,388
25,19,5,161,1,3,47,16,30,142,388
25,3,11,475,1,21,26,182,125,142,388
25,3,1,108,97,80,31,16,30,142,388
25,3,6,17,34,0,5,286,30,142,388
25,19,20,7,1,3,8,26,125,142,388
25,19,5,66,210,38,216,182,125,142,388
25,3,14,2,12,154,47,410,30,142,388
25,19,45,151,42,81,5,286,30,142,388
25,3,0,5,19,20,21,26,125,142,388
25,19,5,66,65,57,31,16,30,142,388
25,19,45,151,42,6,225,26,125,142,388
25,19,45,189,12,2,29,26,125,142,388
25,19,5,1,22,91,10,16,30,142,388
25,19,5,270,9,3,6,229,30,142,388
25,19,45,360,37,68,38,430,30,142,388
25,3,47,147,4,113,15,16,30,142,388
25,3,11,255,69,19,5,286,30,142,388
25,19,11,3,8,26,55,47,125,142,388
25,3,0,7,20,19,45,132,30,142,388
25,19,45,360,37,70,95,20,30,142,388
25,19,45,360,37,70,26,182,125,142,388
25,19,5,270,9,3,47,16,30,142,388
25,3,287,1,100,8,10,16,30,142,388
25,19,45,168,13,3,6,229,30,142,388
25,3,47,147,4,0,143,124,30,142,388
25,19,5,161,1,78,312,47,125,142,388
25,19,45,168,13,3,47,16,30,142,388
25,19,45,168,13,31,494,16,30,142,388
25,3,75,31,74,363,5,286,30,142,388
25,3,0,17,6,37,497,20,30,142,388
25,19,5,60,33,23,104,16,30,142,388
25,3,11,475,1,78,312,47,125,142,388
25,19,5,188,1,78,312,47,125,142,388
25,19,20,7,33,473,5,286,30,142,388
25,3,4,0,7,20,19,54,30,142,388
25,19,45,164,1,78,312,47,125,142,388
25,19,20,7,22,91,10,16,30,142,388
25,19,20,7,22,1,8,26,125,142,388
25,3,11,45,146,30,16,47,125,142,388
25,3,6,0,34,38,216,182,125,142,388
25,19,45,179,17,0,5,286,30,142,388
25,19,45,179,17,6,225,26,125,142,388
25,19,20,7,1,3,47,410,30,142,388
25,19,5,188,1,100,426,132,30,142,388
25,19,45,168,13,123,47,16,30,142,388
25,396,45,168,13,31,494,16,30,142,388
25,19,11,40,171,342,35,156,30,142,388
25,3,13,5,127,1,78,20,30,142,388
25,3,4,0,7,37,6,229,30,142,388
25,19,45,164,1,100,426,132,30,142,388
25,3,13,31,128,30,410,47,125,142,388
25,3,11,259,329,84,21,20,30,142,388
25,3,75,31,74,20,19,54,30,142,388
25,3,14,96,48,5,19,20,30,142,388
25,19,45,319,17,0,5,286,30,142,388
25,19,45,319,17,6,225,26,125,142,388
25,19,5,161,1,15,16,47,125,142,388
25,3,0,438,21,408,243,128,30,142,388
25,3,0,438,21,1,5,286,30,142,388
25,19,69,1,57,31,72,20,30,142,388
25,3,416,157,253,13,320,26,125,142,388
25,3,416,157,1,8,243,128,30,142,388
25,19,5,1,0,148,8,26,125,142,388
25,19,5,1,0,4,147,47,125,142,388
25,19,45,179,280,29,26,182,125,142,388
25,19,5,371,466,424,23,36,30,142,388
25,19,45,164,1,3,6,229,30,142,388
25,19,20,7,347,250,3,47,125,142,388
25,19,45,164,1,3,47,16,30,142,388
25,3,0,380,383,436,5,286,30,142,388
25,3,416,157,1,8,26,182,125,142,388
25,19,5,371,14,2,29,26,125,142,388
25,3,11,28,15,1,7,20,30,142,388
25,19,45,402,472,1,7,20,30,142,388
25,3,11,28,15,390,19,54,30,142,388
25,19,5,371,14,3,6,229,30,142,388
25,3,13,5,157,1,35,156,30,142,388
25,396,45,164,1,35,237,488,30,142,388
25,396,45,151,42,6,225,26,125,142,388
25,19,5,270,9,88,38,430,30,142,388
25,19,45,179,268,5,15,16,30,142,388
25,19,45,164,1,22,138,194,30,142,388
25,3,47,154,12,185,72,20,30,142,388
25,3,47,154,12,189,45,146,30,142,388
25,3,47,154,12,2,29,26,125,142,388
25,3,13,31,74,363,5,286,30,142,388
25,19,45,164,1,15,5,286,30,142,388
25,19,45,164,1,15,16,47,125,142,388
25,19,5,371,14,3,47,16,30,142,388
25,396,45,360,37,79,464,20,30,142,388
25,19,5,60,33,121,38,430,30,142,388
25,19,20,310,157,1,5,286,30,142,388
25,396,45,168,13,23,104,16,30,142,388
25,19,45,379,2,10,16,47,125,142,388
25,3,6,0,23,13,123,47,125,142,388
25,19,45,379,2,10,8,26,125,142,388
25,3,11,32,9,88,38,430,30,142,388
25,3,11,32,9,1,8,26,125,142,388
25,19,5,60,33,35,237,488,30,142,388
25,3,8,93,1,5,19,20,30,142,388
25,396,45,319,17,27,23,36,30,142,388
25,19,5,127,1,78,312,47,125,142,388
25,19,45,251,24,0,5,286,30,142,388
25,19,11,3,8,83,5,286,30,142,388
25,19,11,3,8,1,21,20,30,142,388
25,19,45,343,335,334,10,16,30,142,388
25,19,20,7,0,5,15,16,30,142,388
25,19,20,7,1,15,5,286,30,142,388
25,19,45,343,335,237,35,156,30,142,388
25,3,8,26,55,79,464,20,30,142,388
25,3,8,317,339,325,322,194,30,142,388
25,396,45,319,17,0,6,229,30,142,388
25,3,0,6,229,30,410,47,125,142,388
25,3,47,303,75,31,74,20,30,142,388
25,19,5,188,1,3,6,229,30,142,388
25,3,8,317,1,5,19,20,30,142,388
25,3,0,438,21,20,375,156,30,142,388
25,396,45,164,1,21,26,182,125,142,388
25,3,392,1,157,344,26,182,125,142,388
25,3,1,164,45,11,5,286,30,142,388
25,3,0,5,15,28,183,16,30,142,388
25,3,1,164,45,19,5,286,30,142,388
25,3,9,38,430,30,410,47,125,142,388
25,19,20,7,22,138,70,26,125,142,388
25,19,45,379,2,0,5,286,30,142,388
25,3,6,0,23,104,16,47,125,142,388
25,3,11,28,15,5,19,54,30,142,388
25,19,45,379,2,29,26,182,125,142,388
25,3,13,5,11,19,284,20,30,142,388
25,3,13,5,11,19,45,146,30,142,388
25,19,45,164,1,8,26,182,125,142,388
25,19,24,251,45,109,437,194,30,142,388
25,3,1,21,20,30,16,47,125,142,388
25,3,98,28,183,16,31,128,30,142,388
25,3,8,191,1,5,19,20,30,142,388
25,3,11,32,376,402,45,146,30,142,388
25,19,5,60,236,1,8,26,125,142,388
25,19,5,473,33,23,104,16,30,142,388
25,3,13,23,33,60,5,286,30,142,388
25,3,0,5,286,30,16,47,125,142,388
25,3,98,28,183,16,47,410,30,142,388
25,19,5,188,1,8,10,16,30,142,388
25,19,5,161,450,88,38,430,30,142,388
25,19,45,164,1,8,3,47,125,142,388
25,19,5,127,1,100,426,132,30,142,388
25,19,5,161,227,1,8,26,125,142,388
25,3,8,93,1,35,237,488,30,142,388
25,254,336,197,32,9,38,430,30,142,388
25,19,5,1,8,100,426,132,30,142,388
25,19,5,188,1,157,310,20,30,142,388
25,254,336,197,32,11,3,47,125,142,388
25,19,45,92,78,1,8,26,125,142,388
25,3,8,93,1,21,26,182,125,142,388
25,3,13,23,150,104,16,47,125,142,388
25,3,8,484,200,37,6,229,30,142,388
25,3,11,475,1,5,15,16,30,142,388
25,19,5,188,1,15,16,47,125,142,388
25,3,11,475,1,5,19,54,30,142,388
25,254,336,197,412,0,3,47,125,142,388
25,19,45,360,467,137,71,47,125,142,388
25,19,45,168,311,11,3,47,125,142,388
25,3,392,1,164,45,19,20,30,142,388
25,3,287,1,35,166,45,132,30,142,388
25,3,11,440,28,215,172,132,30,142,388
25,19,5,161,1,100,426,132,30,142,388
25,19,390,15,349,52,21,20,30,142,388
25,3,8,317,1,35,237,488,30,142,388
25,19,390,15,113,4,147,47,125,142,388
25,3,13,31,74,20,19,54,30,142,388
25,3,8,317,1,21,26,182,125,142,388
25,19,390,15,61,48,429,286,30,142,388
25,19,5,188,1,3,47,16,30,142,388
25,19,5,161,1,22,138,194,30,142,388
25,3,8,93,1,100,426,132,30,142,388
25,19,390,15,28,98,3,47,125,142,388
25,19,5,161,1,21,26,182,125,142,388
25,3,8,228,77,9,38,430,30,142,388
25,396,45,379,2,29,26,182,125,142,388
25,19,390,15,28,11,5,286,30,142,388
25,3,8,228,77,35,237,488,30,142,388
25,3,11,259,37,70,138,194,30,142,388
25,3,8,191,1,35,237,488,30,142,388
25,19,45,164,1,5,15,16,30,142,388
25,3,11,311,168,45,19,20,30,142,388
25,3,8,26,21,1,5,286,30,142,388
25,19,5,436,383,23,104,16,30,142,388
25,3,0,50,71,233,423,132,30,142,388
25,3,8,191,1,21,26,182,125,142,388
25,19,5,127,1,35,237,488,30,142,388
25,19,5,268,179,280,29,26,125,142,388
25,3,8,317,1,100,426,132,30,142,388
25,3,11,32,145,28,183,16,30,142,388
25,3,8,93,1,15,5,286,30,142,388
25,3,9,32,285,24,19,20,30,142,388
25,19,5,1,8,26,21,20,30,142,388
25,3,47,55,79,37,497,20,30,142,388
25,3,8,93,1,15,16,47,125,142,388
25,3,9,32,247,48,7,20,30,142,388
25,3,8,352,239,0,5,286,30,142,388
25,3,8,26,21,20,19,54,30,142,388
25,3,8,267,140,33,35,156,30,142,388
25,3,9,32,382,1,15,16,30,142,388
25,19,5,127,1,3,6,229,30,142,388
25,3,11,475,1,15,5,286,30,142,388
25,19,5,270,9,38,216,182,125,142,388
25,19,5,127,1,3,47,16,30,142,388
25,3,392,1,161,355,45,146,30,142,388
25,3,133,242,211,237,35,156,30,142,388
25,3,8,191,1,100,426,132,30,142,388
25,3,11,241,469,1,8,26,125,142,388
25,19,20,7,1,21,26,182,125,142,388
25,3,13,23,33,35,237,488,30,142,388
25,19,45,168,13,320,26,182,125,142,388
25,19,284,20,74,363,5,286,30,142,388
25,19,5,473,33,121,38,430,30,142,388
25,3,0,23,13,168,45,132,30,142,388
25,3,8,317,1,15,5,286,30,142,388
25,3,8,317,1,15,16,47,125,142,388
25,3,8,267,140,21,26,182,125,142,388
25,396,45,251,24,0,23,36,30,142,388
25,396,45,379,2,233,423,132,30,142,388
25,19,11,45,470,20,375,156,30,142,388
25,3,392,1,161,5,19,20,30,142,388
25,3,8,191,1,15,5,286,30,142,388
25,396,45,379,2,0,7,20,30,142,388
25,3,1,188,5,19,45,132,30,142,388
25,19,5,473,33,35,237,488,30,142,388
25,3,290,60,65,66,5,286,30,142,388
25,3,8,191,1,15,16,47,125,142,388
25,3,290,60,236,357,23,36,30,142,388
25,3,290,60,236,1,5,286,30,142,388
25,19,5,127,1,22,138,194,30,142,388
25,3,11,475,1,8,10,16,30,142,388
25,3,8,93,1,0,5,286,30,142,388
25,3,8,93,1,78,312,47,125,142,388
25,19,45,168,13,5,15,16,30,142,388
25,19,284,20,74,31,16,47,125,142,388
25,19,5,127,1,15,16,47,125,142,388
25,19,308,301,4,0,3,47,125,142,388
25,3,11,259,37,68,38,430,30,142,388
25,19,5,86,226,1,8,26,125,142,388
25,3,8,317,1,157,344,26,125,142,388
25,3,8,317,1,78,312,47,125,142,388
25,19,5,126,101,17,6,229,30,142,388
25,3,11,32,247,48,5,286,30,142,388
25,3,11,32,382,1,5,286,30,142,388
25,3,8,191,1,0,5,286,30,142,388
25,19,20,202,173,297,38,430,30,142,388
25,19,284,20,72,31,494,16,30,142,388
25,19,5,161,1,8,10,16,30,142,388
25,3,8,191,1,78,312,47,125,142,388
25,19,5,60,290,3,6,229,30,142,388
25,3,8,243,128,31,16,47,125,142,388
25,3,11,45,19,390,15,16,30,142,388
25,3,6,0,1,57,31,128,30,142,388
25,3,6,0,1,22,7,20,30,142,388
25,3,8,243,128,31,72,20,30,142,388
25,3,1,21,89,10,8,26,125,142,388
25,396,45,402,462,57,31,16,30,142,388
25,3,6,0,7,1,21,20,30,142,388
25,19,69,1,15,16,31,128,30,142,388
25,3,392,1,317,8,26,182,125,142,388
25,3,287,1,15,390,19,20,30,142,388
25,3,8,148,0,5,19,20,30,142,388
25,396,45,402,472,1,5,286,30,142,388
25,3,287,1,15,5,19,20,30,142,388
25,3,1,21,89,10,16,47,125,142,388
25,19,11,5,15,28,183,16,30,142,388
25,19,5,11,332,104,23,36,30,142,388
25,19,390,15,1,8,243,128,30,142,388
25,396,45,193,117,80,31,16,30,142,388
25,396,45,193,117,69,19,54,30,142,388
25,3,9,1,8,10,16,47,125,142,388
25,3,75,31,72,192,45,132,30,142,388
25,19,5,11,332,104,16,47,125,142,388
25,19,45,92,78,312,47,410,30,142,388
25,3,416,157,1,78,312,47,125,142,388
25,3,11,241,12,5,15,16,30,142,388
25,3,11,241,12,5,19,54,30,142,388
25,3,1,21,438,0,6,229,30,142,388
25,19,11,3,6,211,237,488,30,142,388
25,3,8,148,0,1,21,26,125,142,388
25,19,11,3,6,0,7,20,30,142,388
25,396,45,168,13,3,6,229,30,142,388
25,3,1,21,408,243,8,26,125,142,388
25,3,8,148,0,23,104,16,30,142,388
25,3,416,157,1,100,8,26,125,142,388
25,19,69,1,15,16,47,410,30,142,388
25,19,20,7,1,15,16,47,125,142,388
25,3,6,173,202,206,23,36,30,142,388
25,3,9,316,403,232,23,36,30,142,388
25,3,1,161,450,88,38,430,30,142,388
25,19,5,15,1,78,312,47,125,142,388
25,396,45,212,24,19,284,20,30,142,388
25,3,1,44,204,20,21,26,125,142,388
25,3,8,100,1,15,16,47,125,142,388
25,3,416,157,1,15,5,286,30,142,388
25,3,416,157,1,15,16,47,125,142,388
25,19,5,11,28,183,16,47,125,142,388
25,3,1,161,355,45,19,20,30,142,388
25,19,5,127,1,8,10,16,30,142,388
25,3,416,157,1,93,8,26,125,142,388
25,19,11,3,1,161,5,286,30,142,388
25,19,5,12,458,173,202,20,30,142,388
25,3,9,316,0,5,19,20,30,142,388
25,3,0,148,8,100,426,132,30,142,388
25,3,416,157,1,5,19,20,30,142,388
25,19,11,3,1,157,344,26,125,142,388
25,3,11,311,168,13,5,286,30,142,388
25,3,11,139,12,189,45,132,30,142,388
25,3,11,361,109,219,21,20,30,142,388
25,3,8,83,220,1,21,20,30,142,388
25,19,69,1,3,0,5,286,30,142,388
25,19,69,1,3,8,243,128,30,142,388
25,19,5,11,40,209,374,156,30,142,388
25,19,69,1,3,8,26,182,125,142,388
25,19,11,3,1,0,143,124,30,142,388
25,19,69,1,78,92,45,132,30,142,388
25,3,11,361,109,45,470,20,30,142,388
25,3,9,1,15,16,31,128,30,142,388
25,3,9,1,35,156,375,20,30,142,388
25,19,20,7,0,23,104,16,30,142,388
25,19,5,13,31,16,47,410,30,142,388
25,3,13,5,363,74,31,16,30,142,388
25,3,392,1,317,8,243,128,30,142,388
25,19,5,11,28,59,3,47,125,142,388
25,19,69,1,78,312,47,16,30,142,388
25,3,11,361,109,45,19,54,30,142,388
25,19,11,3,392,1,5,286,30,142,388
25,19,11,3,416,157,344,26,125,142,388
25,3,287,1,15,16,31,128,30,142,388
25,19,5,11,28,15,16,47,125,142,388
25,3,0,5,11,28,183,16,30,142,388
25,3,11,241,12,154,47,410,30,142,388
25,19,5,11,40,23,104,16,30,142,388
25,19,20,7,1,100,426,132,30,142,388
25,3,0,148,8,1,78,20,30,142,388
25,3,11,241,12,189,45,132,30,142,388
25,3,11,241,12,2,10,16,30,142,388
25,3,0,5,11,45,19,20,30,142,388
25,3,11,475,1,100,426,132,30,142,388
25,254,58,12,115,20,19,54,30,142,388
25,3,8,100,1,5,19,20,30,142,388
25,3,0,148,8,10,16,47,125,142,388
25,19,5,11,32,9,38,430,30,142,388
25,396,45,355,161,5,19,20,30,142,388
25,3,14,2,0,6,225,26,125,142,388
25,3,9,32,11,5,19,20,30,142,388
25,19,5,11,118,21,26,182,125,142,388
25,3,11,330,260,0,7,20,30,142,388
25,3,0,5,1,8,243,128,30,142,388
25,3,11,330,260,100,426,132,30,142,388
25,3,75,31,72,20,19,54,30,142,388
25,3,0,5,1,8,26,182,125,142,388
25,3,0,2,233,71,47,410,30,142,388
25,3,13,5,51,48,429,286,30,142,388
25,3,11,139,359,69,19,20,30,142,388
25,3,287,1,8,26,55,47,125,142,388
25,3,0,5,12,154,47,16,30,142,388
25,3,0,5,51,48,429,286,30,142,388
25,3,133,8,391,397,16,47,125,142,388
25,3,133,8,391,340,35,156,30,142,388
25,3,9,32,11,118,21,20,30,142,388
25,3,47,16,31,13,23,36,30,142,388
25,3,0,5,1,15,16,47,125,142,388
25,3,13,23,0,5,19,20,30,142,388
25,3,0,5,12,2,322,194,30,142,388
25,19,5,15,1,8,243,128,30,142,388
25,19,20,7,0,1,100,124,30,142,388
25,396,45,168,13,31,16,47,125,142,388
25,3,8,100,1,22,138,194,30,142,388
25,3,11,139,12,154,47,16,30,142,388
25,3,0,5,1,100,8,26,125,142,388
25,396,45,189,12,185,72,20,30,142,388
25,19,5,51,269,20,375,156,30,142,388
25,3,47,16,494,31,72,20,30,142,388
25,3,0,5,83,8,243,128,30,142,388
25,3,0,5,83,8,26,182,125,142,388
25,19,20,7,48,61,15,16,30,142,388
25,19,69,1,116,71,47,16,30,142,388
25,221,186,17,6,0,5,286,30,142,388
25,3,0,2,10,89,21,20,30,142,388
25,3,0,5,48,302,71,47,125,142,388
25,3,9,32,11,19,284,20,30,142,388
25,3,0,5,1,35,237,488,30,142,388
25,3,9,32,11,19,45,146,30,142,388
25,19,11,3,0,438,21,20,30,142,388
25,396,45,151,42,81,5,286,30,142,388
25,221,186,17,6,3,8,26,125,142,388
25,3,0,2,10,8,243,128,30,142,388
25,3,0,1,78,20,375,156,30,142,388
25,19,20,7,1,0,5,286,30,142,388
25,3,0,5,18,6,225,26,125,142,388
25,3,0,2,10,8,26,182,125,142,388
25,3,1,8,26,125,47,16,30,142,388
25,396,45,251,24,19,5,286,30,142,388
25,396,45,168,13,3,47,16,30,142,388
25,3,14,2,10,89,21,20,30,142,388
25,3,392,1,35,415,70,26,125,142,388
25,3,11,19,284,20,375,156,30,142,388
25,3,47,16,15,1,5,286,30,142,388
25,221,186,17,6,3,47,16,30,142,388
25,3,47,16,15,5,19,20,30,142,388
25,19,5,1,191,8,100,124,30,142,388
25,3,0,5,1,22,138,194,30,142,388
25,3,0,5,1,78,312,47,125,142,388
25,3,0,23,13,31,74,20,30,142,388
25,3,287,1,15,16,47,410,30,142,388
25,3,0,5,1,21,26,182,125,142,388
25,3,392,1,191,8,100,124,30,142,388
25,3,0,5,127,1,8,26,125,142,388
25,3,14,2,10,8,243,128,30,142,388
25,3,14,2,10,8,26,182,125,142,388
25,3,0,5,363,74,31,16,30,142,388
25,19,11,3,4,0,6,229,30,142,388
25,3,47,16,104,150,23,36,30,142,388
25,3,0,5,157,1,7,20,30,142,388
25,3,0,260,315,12,154,47,125,142,388
25,3,0,5,157,344,26,182,125,142,388
25,3,0,260,492,12,154,47,125,142,388
25,19,11,28,59,3,47,16,30,142,388
25,3,133,8,93,1,5,286,30,142,388
25,3,11,19,390,15,5,286,30,142,388
25,19,5,1,35,166,45,132,30,142,388
25,3,6,222,283,85,45,132,30,142,388
25,3,47,123,13,31,74,20,30,142,388
25,3,6,222,256,369,35,156,30,142,388
25,3,6,0,2,62,7,20,30,142,388
25,3,0,5,11,19,45,132,30,142,388
25,3,6,0,2,12,154,47,125,142,388
25,19,5,13,3,6,225,26,125,142,388
25,3,0,5,13,31,16,47,125,142,388
25,3,6,0,2,233,234,20,30,142,388
25,3,1,93,8,83,5,286,30,142,388
25,3,11,257,4,42,6,229,30,142,388
25,3,47,16,354,85,45,132,30,142,388
25,3,11,257,4,0,7,20,30,142,388
25,3,1,93,8,10,16,47,125,142,388
25,19,5,81,42,4,3,47,125,142,388
25,19,11,40,23,104,16,47,125,142,388
25,3,47,16,10,8,243,128,30,142,388
25,3,0,5,13,168,45,146,30,142,388
25,3,0,5,13,23,104,16,30,142,388
25,3,0,5,13,31,494,16,30,142,388
25,19,390,15,1,57,31,128,30,142,388
25,19,390,15,1,44,23,36,30,142,388
25,19,390,15,1,0,3,47,125,142,388
25,221,186,321,55,79,464,20,30,142,388
25,3,47,16,10,89,21,20,30,142,388
25,3,47,16,10,8,26,182,125,142,388
25,19,5,13,3,0,6,229,30,142,388
25,19,11,3,0,1,100,124,30,142,388
25,3,6,205,79,37,70,26,125,142,388
25,19,11,3,0,1,21,26,125,142,388
25,3,13,23,206,246,16,47,125,142,388
25,3,392,1,0,5,19,20,30,142,388
25,19,5,13,3,8,243,128,30,142,388
25,19,5,13,3,8,26,182,125,142,388
25,3,6,205,79,55,47,16,30,142,388
25,19,5,1,472,402,45,132,30,142,388
25,19,5,1,475,11,3,47,125,142,388
25,3,1,161,5,48,429,286,30,142,388
25,19,5,1,475,11,45,146,30,142,388
25,19,5,1,487,37,7,20,30,142,388
25,3,0,2,10,16,31,128,30,142,388
25,3,1,161,5,15,16,47,125,142,388
25,3,8,83,5,157,344,26,125,142,388
25,3,8,83,5,12,115,20,30,142,388
25,3,1,161,5,19,284,20,30,142,388
25,3,8,83,5,13,31,16,30,142,388
25,3,0,2,10,16,47,410,30,142,388
25,3,11,49,46,28,15,16,30,142,388
25,3,6,205,79,55,26,182,125,142,388
25,3,11,324,287,1,5,286,30,142,388
25,3,133,8,83,5,19,20,30,142,388
25,19,5,127,1,21,26,182,125,142,388
25,3,6,222,95,209,374,156,30,142,388
25,19,313,17,179,280,29,26,125,142,388
25,19,24,0,3,6,225,26,125,142,388
25,396,45,355,161,1,15,16,30,142,388
25,19,24,0,6,225,26,182,125,142,388
25,3,6,222,95,70,138,194,30,142,388
25,3,1,157,344,26,21,20,30,142,388
25,19,45,355,161,1,5,286,30,142,388
25,19,5,363,74,20,375,156,30,142,388
25,19,24,0,17,179,45,132,30,142,388
25,3,11,475,1,317,8,26,125,142,388
25,3,1,317,8,83,5,286,30,142,388
25,3,11,19,390,424,23,36,30,142,388
25,3,14,2,12,189,45,132,30,142,388
25,19,5,51,172,132,45,146,30,142,388
25,19,313,17,27,23,104,16,30,142,388
25,19,313,17,179,45,470,20,30,142,388
25,19,24,0,17,6,225,26,125,142,388
25,19,5,13,3,47,55,26,125,142,388
25,3,11,257,4,147,47,410,30,142,388
25,19,313,17,64,23,104,16,30,142,388
25,3,6,222,95,70,26,182,125,142,388
25,19,313,17,319,45,470,20,30,142,388
25,19,313,17,406,250,3,47,125,142,388
25,19,45,189,12,154,47,410,30,142,388
25,3,14,2,10,16,31,128,30,142,388
25,19,313,17,34,0,6,229,30,142,388
25,19,20,7,1,8,100,124,30,142,388
25,19,313,17,34,38,216,182,125,142,388
25,3,13,23,0,34,38,430,30,142,388
25,3,1,100,124,30,16,47,125,142,388
25,19,24,0,4,3,6,229,30,142,388
25,3,8,83,5,19,45,146,30,142,388
25,19,313,17,0,6,225,26,125,142,388
25,3,1,116,463,42,6,229,30,142,388
25,3,1,116,71,233,234,20,30,142,388
25,19,24,0,4,3,47,16,30,142,388
25,3,1,0,23,13,5,286,30,142,388
25,19,5,60,290,3,47,410,30,142,388
25,3,6,205,411,132,45,146,30,142,388
25,3,14,2,10,16,47,410,30,142,388
25,3,1,0,23,104,16,47,125,142,388
25,3,392,1,78,92,45,132,30,142,388
25,19,5,161,1,3,8,26,125,142,388
25,19,24,0,1,8,3,47,125,142,388
25,19,313,17,0,3,6,229,30,142,388
25,19,313,17,0,3,47,16,30,142,388
25,19,45,470,20,21,26,182,125,142,388
25,19,45,470,20,249,70,26,125,142,388
25,3,392,1,78,312,47,16,30,142,388
25,3,1,8,10,16,31,128,30,142,388
25,3,1,8,10,16,47,410,30,142,388
25,19,5,161,1,3,47,410,30,142,388
25,19,24,0,1,8,26,182,125,142,388
25,3,1,116,198,53,45,132,30,142,388
25,19,24,0,34,17,6,229,30,142,388
25,3,1,108,97,80,31,128,30,142,388
25,3,6,17,34,0,143,124,30,142,388
25,19,24,0,34,38,216,182,125,142,388
25,19,313,17,0,1,8,26,125,142,388
25,254,58,24,0,3,6,229,30,142,388
25,3,14,2,233,71,47,16,30,142,388
25,19,313,17,0,23,104,16,30,142,388
25,3,1,5,19,390,15,16,30,142,388
25,19,24,0,4,113,15,16,30,142,388
25,19,24,0,4,147,47,16,30,142,388
25,19,45,151,42,82,201,20,30,142,388
25,221,186,17,179,280,29,26,125,142,388
25,19,5,363,74,31,72,20,30,142,388
25,19,24,0,1,35,237,488,30,142,388
25,3,1,5,19,45,470,20,30,142,388
25,19,5,66,65,57,31,128,30,142,388
25,19,69,1,3,47,55,26,125,142,388
25,19,45,151,42,6,3,47,125,142,388
25,254,58,24,0,1,8,26,125,142,388
25,19,20,95,209,40,23,36,30,142,388
25,254,58,24,0,3,47,16,30,142,388
25,3,327,22,7,20,19,54,30,142,388
25,19,24,0,7,37,6,229,30,142,388
25,19,11,3,47,312,78,20,30,142,388
25,19,45,189,12,185,72,20,30,142,388
25,19,45,189,12,2,10,16,30,142,388
25,19,11,3,47,55,26,182,125,142,388
25,19,5,1,22,137,71,47,125,142,388
25,3,13,5,19,45,470,20,30,142,388
25,19,24,0,175,23,104,16,30,142,388
25,19,5,270,9,3,8,26,125,142,388
25,19,45,360,37,200,7,20,30,142,388
25,3,1,7,20,78,312,47,125,142,388
25,3,1,0,17,76,19,54,30,142,388
25,3,47,147,4,301,100,124,30,142,388
25,3,392,1,188,5,19,20,30,142,388
25,19,5,12,115,20,375,156,30,142,388
25,3,1,0,17,6,225,26,125,142,388
25,3,11,255,69,1,8,26,125,142,388
25,3,11,255,69,19,45,132,30,142,388
25,3,1,8,83,5,19,20,30,142,388
25,19,11,3,8,26,21,20,30,142,388
25,3,6,173,202,20,19,54,30,142,388
25,3,250,406,486,309,5,286,30,142,388
25,3,0,7,20,19,5,286,30,142,388
25,3,0,7,20,19,45,146,30,142,388
25,3,392,1,0,23,104,16,30,142,388
25,19,45,360,37,70,138,194,30,142,388
25,3,1,0,24,212,45,132,30,142,388
25,19,5,0,6,37,70,26,125,142,388
25,19,5,0,6,225,26,182,125,142,388
25,3,1,8,148,0,143,124,30,142,388
25,19,5,270,9,3,47,410,30,142,388
25,3,1,8,391,340,35,156,30,142,388
25,3,1,8,391,397,16,47,125,142,388
25,19,45,168,13,3,8,26,125,142,388
25,3,392,1,0,17,6,229,30,142,388
25,3,250,406,17,0,5,286,30,142,388
25,3,47,147,4,0,23,36,30,142,388
25,19,24,0,148,8,3,47,125,142,388
25,19,24,0,148,8,26,182,125,142,388
25,19,45,168,13,3,47,410,30,142,388
25,19,45,168,13,31,74,20,30,142,388
25,19,20,95,222,6,225,26,125,142,388
25,3,8,100,1,21,26,182,125,142,388
25,19,24,0,1,78,312,47,125,142,388
25,3,1,0,24,19,5,286,30,142,388
25,3,1,0,34,17,6,229,30,142,388
25,3,0,17,6,173,202,20,30,142,388
25,3,0,17,6,37,70,26,125,142,388
25,3,1,0,34,38,216,182,125,142,388
25,3,392,1,9,38,216,182,125,142,388
25,3,392,1,8,26,21,20,30,142,388
25,3,1,0,2,10,8,26,125,142,388
25,3,327,22,1,5,19,20,30,142,388
25,3,1,0,2,10,16,47,125,142,388
25,3,250,406,17,6,225,26,125,142,388
25,19,20,7,33,131,104,16,30,142,388
25,19,20,95,296,1,5,286,30,142,388
25,3,287,1,5,48,429,286,30,142,388
25,19,20,21,1,100,426,132,30,142,388
25,19,24,0,2,10,16,47,125,142,388
25,3,1,0,260,100,8,26,125,142,388
25,3,4,0,7,20,375,156,30,142,388
25,3,1,0,2,379,45,132,30,142,388
25,19,20,7,22,327,3,47,125,142,388
25,3,59,28,183,16,47,410,30,142,388
25,3,1,0,2,29,26,182,125,142,388
25,19,20,7,22,1,35,156,30,142,388
25,19,24,0,2,10,8,26,125,142,388
25,19,24,0,1,15,5,286,30,142,388
25,3,11,45,146,30,410,47,125,142,388
25,3,1,116,71,233,423,132,30,142,388
25,3,59,28,183,16,31,128,30,142,388
25,3,1,0,175,23,104,16,30,142,388
25,19,45,179,17,27,23,36,30,142,388
25,19,45,179,17,0,7,20,30,142,388
25,19,5,51,48,61,15,16,30,142,388
25,19,5,18,453,28,15,16,30,142,388
25,19,24,0,1,15,16,47,125,142,388
25,19,45,179,17,6,3,47,125,142,388
25,19,24,0,7,20,375,156,30,142,388
25,19,24,0,50,44,204,20,30,142,388
25,3,1,0,94,74,31,16,30,142,388
25,19,5,188,1,100,8,26,125,142,388
25,19,45,168,13,123,47,410,30,142,388
25,3,1,127,5,48,429,286,30,142,388
25,396,45,168,13,31,74,20,30,142,388
25,338,120,35,156,30,16,47,125,142,388
25,396,45,164,1,78,312,47,125,142,388
25,3,13,253,157,5,19,20,30,142,388
25,19,24,0,50,71,47,16,30,142,388
25,3,13,5,81,42,6,229,30,142,388
25,3,1,127,5,15,16,47,125,142,388
25,3,13,5,127,1,8,26,125,142,388
25,3,1,0,148,8,243,128,30,142,388
25,3,4,0,7,1,5,286,30,142,388
25,3,4,0,7,37,497,20,30,142,388
25,19,20,375,156,30,16,47,125,142,388
25,3,1,0,148,8,26,182,125,142,388
25,19,45,164,1,100,8,26,125,142,388
25,3,1,127,5,19,284,20,30,142,388
25,19,24,0,2,29,26,182,125,142,388
25,3,11,259,329,84,21,26,125,142,388
25,3,1,0,4,42,6,229,30,142,388
25,3,75,31,74,20,375,156,30,142,388
25,19,11,28,98,3,6,229,30,142,388
25,3,13,253,157,344,26,182,125,142,388
25,3,1,0,4,147,47,16,30,142,388
25,3,14,96,48,5,15,16,30,142,388
25,3,14,96,48,5,19,54,30,142,388
25,19,24,0,1,100,426,132,30,142,388
25,19,45,319,17,27,23,36,30,142,388
25,19,45,319,17,0,7,20,30,142,388
25,19,5,0,6,3,47,16,30,142,388
25,3,9,77,35,156,375,20,30,142,388
25,19,45,319,17,6,3,47,125,142,388
25,19,5,0,6,3,8,26,125,142,388
25,3,0,438,21,89,10,16,30,142,388
25,19,24,0,6,3,47,16,30,142,388
25,3,13,5,1,35,237,488,30,142,388
25,19,284,20,21,26,55,47,125,142,388
25,3,287,1,21,26,55,47,125,142,388
25,19,24,0,438,21,26,182,125,142,388
25,3,0,438,21,1,35,156,30,142,388
25,19,69,1,57,31,74,20,30,142,388
25,3,1,0,239,211,237,488,30,142,388
25,3,1,0,50,44,204,20,30,142,388
25,3,416,157,174,48,5,286,30,142,388
25,3,416,157,253,13,23,36,30,142,388
25,19,24,0,2,12,115,20,30,142,388
25,3,1,0,50,71,47,16,30,142,388
25,3,416,157,1,8,10,16,30,142,388
25,3,1,0,438,21,26,182,125,142,388
25,19,5,1,0,2,29,26,125,142,388
25,3,11,332,449,60,5,286,30,142,388
25,254,58,12,5,0,3,47,125,142,388
25,338,120,35,415,70,95,20,30,142,388
25,338,120,35,415,70,26,182,125,142,388
25,338,120,35,166,45,19,20,30,142,388
25,19,45,164,1,3,8,26,125,142,388
25,19,5,15,1,3,6,229,30,142,388
25,19,24,0,1,3,6,229,30,142,388
25,19,20,7,200,484,8,26,125,142,388
25,338,120,35,340,391,397,16,30,142,388
25,19,24,0,1,3,47,16,30,142,388
25,19,45,164,1,3,47,410,30,142,388
25,3,6,0,7,20,19,54,30,142,388
