65,60,33,23,41,207
65,60,33,7,200,207
65,57,1,7,200,207
65,60,33,23,41,207
65,60,33,7,200,207
65,57,1,7,37,200,207
65,66,5,1,7,200,207
65,60,33,46,28,41,207
65,60,33,7,37,200,207
65,57,31,13,23,41,207
65,60,5,1,7,200,207
65,57,465,150,23,41,207
65,184,50,0,23,41,207
65,60,230,203,400,41,207
65,184,50,44,23,41,207
65,184,50,0,7,200,207
65,60,236,357,23,41,207
65,184,50,235,7,200,207
65,60,236,1,7,200,207
65,57,1,0,23,41,207
65,60,5,0,23,41,207
65,66,5,0,23,41,207
65,57,1,8,484,200,207
65,57,1,0,7,200,207
65,60,5,11,28,41,207
65,60,5,0,7,200,207
65,60,5,13,23,41,207
65,66,5,11,28,41,207
65,60,5,15,28,41,207
65,66,5,13,23,41,207
65,60,5,48,7,200,207
65,66,5,15,28,41,207
65,66,5,0,7,200,207
65,66,5,48,7,200,207
65,57,1,15,28,41,207
65,57,1,22,7,200,207
65,57,1,44,23,41,207
65,57,1,326,252,200,207
65,57,1,487,37,200,207
65,60,5,13,67,28,41,207
65,60,33,35,1,7,200,207
65,57,1,0,6,37,200,207
65,60,33,46,63,106,41,207
65,66,5,11,40,23,41,207
65,66,5,1,0,23,41,207
65,60,5,15,1,7,200,207
65,60,5,0,7,37,200,207
65,184,295,113,15,28,41,207
65,60,33,7,0,23,41,207
65,60,230,203,63,106,41,207
65,66,5,13,67,28,41,207
65,60,33,7,265,23,41,207
65,57,465,150,104,23,41,207
65,60,5,12,107,7,200,207
65,60,33,7,272,341,41,207
65,60,5,48,102,37,200,207
65,60,5,18,6,37,200,207
65,60,5,12,39,28,41,207
65,60,5,48,337,23,41,207
65,60,5,19,20,7,200,207
65,60,5,18,453,28,41,207
65,60,5,12,90,28,41,207
65,184,50,44,1,7,200,207
65,60,5,48,7,37,200,207
65,60,5,51,48,7,200,207
65,60,5,19,11,28,41,207
65,60,5,11,40,23,41,207
65,184,50,0,1,7,200,207
65,66,5,15,1,7,200,207
65,184,50,0,7,37,200,207
65,60,5,83,8,484,200,207
65,60,5,51,136,28,41,207
65,66,5,0,1,7,200,207
65,66,5,0,7,37,200,207
65,60,33,23,0,7,200,207
65,66,5,12,107,7,200,207
65,60,5,11,259,37,200,207
65,66,5,48,102,37,200,207
65,184,50,0,6,37,200,207
65,57,1,7,0,23,41,207
65,66,5,48,7,37,200,207
65,60,290,3,6,37,200,207
65,66,5,1,7,37,200,207
65,57,1,0,7,37,200,207
65,184,50,235,328,37,200,207
65,57,1,22,91,155,41,207
65,60,5,157,1,7,200,207
65,184,50,235,7,37,200,207
65,57,1,22,7,37,200,207
65,66,5,0,6,37,200,207
65,60,33,23,144,28,41,207
65,60,5,0,1,7,200,207
65,60,236,1,0,23,41,207
65,60,236,1,7,37,200,207
65,60,236,1,0,7,200,207
65,66,5,18,6,37,200,207
65,66,5,12,39,28,41,207
65,66,5,19,20,7,200,207
65,66,5,18,453,28,41,207
65,66,5,12,90,28,41,207
65,66,5,51,48,7,200,207
65,66,5,19,11,28,41,207
65,66,5,60,33,23,41,207
65,66,5,51,136,28,41,207
65,66,5,83,8,484,200,207
65,66,5,60,33,7,200,207
65,66,5,86,46,28,41,207
65,57,1,3,8,484,200,207
65,66,5,126,427,7,200,207
65,66,5,86,231,28,41,207
65,57,1,236,357,23,41,207
65,57,1,3,0,23,41,207
65,66,5,127,1,7,200,207
65,66,5,126,101,28,41,207
65,57,1,93,8,484,200,207
65,57,1,3,6,37,200,207
65,57,1,3,0,7,200,207
65,66,5,157,1,7,200,207
65,57,1,317,8,484,200,207
65,57,1,3,11,28,41,207
65,66,5,161,1,7,200,207
65,57,1,100,8,484,200,207
65,57,1,3,13,23,41,207
65,66,5,188,1,7,200,207
65,57,1,5,11,28,41,207
65,57,1,3,59,28,41,207
65,66,5,291,136,28,41,207
65,57,1,9,482,155,41,207
65,57,1,5,0,23,41,207
65,57,1,3,98,28,41,207
65,66,5,309,272,341,41,207
65,57,1,69,232,23,41,207
65,57,1,5,13,23,41,207
65,57,1,5,0,7,200,207
65,57,1,3,498,28,41,207
65,66,5,362,299,37,200,207
65,66,5,309,272,7,200,207
65,57,1,35,33,23,41,207
65,57,1,69,114,7,200,207
65,57,1,5,15,28,41,207
65,60,5,11,440,28,41,207
65,57,1,487,37,7,200,207
65,66,5,433,46,28,41,207
65,57,1,475,11,28,41,207
65,57,1,35,33,7,200,207
65,57,1,5,48,7,200,207
65,66,5,436,383,23,41,207
65,57,1,111,90,28,41,207
65,66,5,48,337,23,41,207
65,57,31,13,67,28,41,207
65,66,5,473,33,23,41,207
65,184,50,0,175,23,41,207
65,57,1,21,20,7,200,207
65,57,1,111,203,400,41,207
65,57,31,16,15,28,41,207
65,66,5,473,33,7,200,207
65,57,1,7,33,23,41,207
65,184,50,0,457,252,200,207
65,57,1,78,20,7,200,207
65,60,33,131,104,23,41,207
65,57,31,72,404,28,41,207
65,57,31,16,104,23,41,207
65,57,1,7,265,23,41,207
65,60,5,1,0,23,41,207
65,66,210,38,43,37,200,207
65,57,1,0,175,23,41,207
65,60,195,131,33,7,200,207
65,60,290,3,0,23,41,207
65,57,1,191,8,484,200,207
65,60,33,153,40,23,41,207
65,57,31,74,20,7,200,207
65,57,31,72,20,7,200,207
65,57,31,16,183,28,41,207
65,57,1,22,112,37,200,207
65,57,1,7,272,341,41,207
65,60,5,1,8,484,200,207
65,60,5,1,0,7,200,207
65,66,210,38,68,37,200,207
65,60,5,161,1,7,200,207
65,57,1,0,457,252,200,207
65,60,449,332,11,28,41,207
65,60,195,131,104,23,41,207
65,60,449,332,104,23,41,207
65,60,195,131,33,23,41,207
65,60,5,1,7,37,200,207
65,66,5,11,259,37,200,207
65,60,290,3,1,7,200,207
65,66,5,11,440,28,41,207
65,60,290,3,8,484,200,207
65,60,290,3,0,7,200,207
65,60,290,3,11,28,41,207
65,60,33,170,46,28,41,207
65,60,290,3,13,23,41,207
65,66,5,1,8,484,200,207
65,60,290,3,59,28,41,207
65,66,5,1,15,28,41,207
65,60,290,3,98,28,41,207
65,66,5,1,22,7,200,207
65,60,290,3,498,28,41,207
65,66,5,1,44,23,41,207
65,57,31,80,46,28,41,207
65,66,5,1,326,252,200,207
65,66,5,0,175,23,41,207
65,66,5,1,487,37,200,207
65,66,5,0,457,252,200,207
65,66,5,1,0,7,200,207
65,60,33,23,265,7,200,207
65,60,5,1,15,28,41,207
65,60,5,0,6,37,200,207
65,60,5,1,22,7,200,207
65,60,5,0,175,23,41,207
65,60,5,1,44,23,41,207
65,60,5,0,457,252,200,207
65,60,5,1,326,252,200,207
65,66,210,38,401,23,41,207
65,60,5,1,487,37,200,207
65,60,236,1,8,484,200,207
65,66,210,38,68,252,200,207
65,60,236,1,15,28,41,207
65,60,5,86,231,28,41,207
65,60,236,1,22,7,200,207
65,60,5,126,427,7,200,207
65,60,5,86,46,28,41,207
65,60,236,1,44,23,41,207
65,60,5,436,383,23,41,207
65,60,5,126,101,28,41,207
65,60,236,1,326,252,200,207
65,60,5,127,1,7,200,207
65,60,236,1,487,37,200,207
65,60,5,473,33,7,200,207
65,60,5,188,1,7,200,207
65,60,5,473,33,23,41,207
65,60,5,291,136,28,41,207
65,60,5,309,272,7,200,207
65,60,5,362,299,37,200,207
65,60,5,309,272,341,41,207
65,60,5,433,46,28,41,207
65,60,195,131,104,150,23,41,207
65,66,5,13,3,8,484,200,207
65,66,5,51,48,102,37,200,207
65,60,195,131,186,387,28,41,207
65,66,5,51,48,7,37,200,207
65,60,5,161,1,0,23,41,207
65,66,5,18,6,0,23,41,207
65,66,5,19,11,40,23,41,207
65,66,5,1,22,91,155,41,207
65,66,5,1,22,7,37,200,207
65,60,290,3,4,0,23,41,207
65,60,5,11,28,144,23,41,207
65,66,5,19,45,11,28,41,207
65,57,31,494,16,15,28,41,207
65,60,449,332,11,40,23,41,207
65,60,236,1,0,6,37,200,207
65,57,31,80,97,1,7,200,207
65,57,31,80,46,33,23,41,207
65,66,5,60,230,203,400,41,207
65,60,5,1,7,0,23,41,207
65,66,5,51,130,478,7,200,207
65,60,290,3,13,67,28,41,207
65,66,5,19,20,7,37,200,207
65,66,5,1,3,8,484,200,207
65,66,5,1,487,37,7,200,207
65,66,5,0,2,62,7,200,207
65,66,5,1,0,6,37,200,207
65,66,5,1,0,7,37,200,207
65,60,33,23,40,11,28,41,207
65,60,33,23,265,7,37,200,207
65,66,5,60,33,46,28,41,207
65,66,5,60,33,7,37,200,207
65,66,5,83,8,1,7,200,207
65,60,5,0,6,37,7,200,207
65,60,5,1,22,91,155,41,207
65,57,1,0,3,8,484,200,207
65,60,290,3,1,0,23,41,207
65,66,5,18,6,37,7,200,207
65,66,5,86,46,33,23,41,207
65,60,5,1,22,7,37,200,207
65,60,33,7,0,6,37,200,207
65,60,5,12,107,7,37,200,207
65,60,5,0,2,62,7,200,207
65,66,5,11,3,8,484,200,207
65,57,465,150,351,215,28,41,207
65,60,33,7,1,44,23,41,207
65,66,210,38,9,482,155,41,207
65,60,290,3,1,7,37,200,207
65,60,5,1,3,8,484,200,207
65,60,5,15,1,7,37,200,207
65,60,5,1,487,37,7,200,207
65,60,236,1,7,0,23,41,207
65,60,33,170,46,63,106,41,207
65,60,290,3,11,40,23,41,207
65,60,290,3,0,1,7,200,207
65,66,5,126,427,7,37,200,207
65,66,5,86,226,1,7,200,207
65,66,5,19,20,497,37,200,207
65,60,5,13,23,0,7,200,207
65,66,5,11,28,144,23,41,207
65,57,1,236,60,33,7,200,207
65,60,236,1,22,91,155,41,207
65,60,236,1,22,7,37,200,207
65,60,5,161,1,7,37,200,207
65,60,290,3,0,7,37,200,207
65,57,1,8,26,70,37,200,207
65,60,5,48,102,37,7,200,207
65,60,5,126,427,7,37,200,207
65,60,5,86,226,1,7,200,207
65,60,195,131,33,46,28,41,207
65,60,33,473,5,11,28,41,207
65,184,50,0,23,33,7,200,207
65,60,5,86,46,33,23,41,207
65,60,230,273,127,1,7,200,207
65,66,5,83,220,1,7,200,207
65,184,295,113,4,0,23,41,207
65,60,5,18,6,0,23,41,207
65,66,5,11,259,37,7,200,207
65,66,5,127,1,0,23,41,207
65,60,5,126,214,43,37,200,207
65,66,5,127,1,7,37,200,207
65,60,290,3,8,1,7,200,207
65,60,5,18,6,37,7,200,207
65,66,5,126,214,43,37,200,207
65,60,5,0,7,265,23,41,207
65,60,230,203,63,46,28,41,207
65,60,449,332,104,150,23,41,207
65,60,230,203,111,90,28,41,207
65,60,236,1,0,7,37,200,207
65,66,5,157,174,48,7,200,207
65,60,236,1,3,8,484,200,207
65,60,236,1,487,37,7,200,207
65,66,5,157,1,0,23,41,207
65,60,5,127,1,7,37,200,207
65,60,5,127,1,0,23,41,207
65,60,5,473,33,7,37,200,207
65,60,5,19,20,497,37,200,207
65,60,5,188,1,0,23,41,207
65,60,5,188,1,7,37,200,207
65,60,5,473,33,46,28,41,207
65,60,5,188,368,299,37,200,207
65,57,465,150,23,0,7,200,207
65,66,5,12,2,62,7,200,207
65,66,5,157,1,7,37,200,207
65,60,5,309,272,7,37,200,207
65,184,295,113,15,1,7,200,207
65,60,5,362,299,144,23,41,207
65,60,5,362,299,37,7,200,207
65,57,1,3,6,0,23,41,207
65,60,5,19,20,7,37,200,207
65,60,5,442,353,240,37,200,207
65,60,5,433,46,33,23,41,207
65,66,5,13,23,0,7,200,207
65,66,5,13,305,203,400,41,207
65,57,1,3,6,37,7,200,207
65,60,5,15,28,144,23,41,207
65,60,5,12,2,62,7,200,207
65,66,5,13,3,0,23,41,207
65,66,5,51,48,337,23,41,207
65,57,1,3,11,40,23,41,207
65,60,195,131,441,1,7,200,207
65,66,5,161,227,1,7,200,207
65,60,33,46,28,144,23,41,207
65,66,5,161,1,7,37,200,207
65,60,5,161,1,8,484,200,207
65,60,5,161,1,0,7,200,207
65,66,5,161,1,0,23,41,207
65,57,1,100,260,0,7,200,207
65,66,5,18,6,0,7,200,207
65,57,1,3,0,7,37,200,207
65,184,50,44,23,0,7,200,207
65,184,50,44,56,0,7,200,207
65,66,5,19,11,259,37,200,207
65,184,50,44,23,33,7,200,207
65,184,50,44,204,20,7,200,207
65,184,50,44,56,0,23,41,207
65,66,5,19,11,440,28,41,207
65,184,50,44,23,144,28,41,207
65,66,5,1,22,112,37,200,207
65,184,50,44,1,0,23,41,207
65,184,50,44,23,265,7,200,207
65,57,1,3,13,67,28,41,207
65,184,50,44,1,8,484,200,207
65,184,50,44,1,0,7,200,207
65,57,1,3,0,6,37,200,207
65,184,50,44,1,15,28,41,207
65,184,50,44,1,7,37,200,207
65,57,1,3,0,175,23,41,207
65,184,50,44,1,22,7,200,207
65,60,290,3,9,482,155,41,207
65,57,1,3,0,457,252,200,207
65,184,50,44,1,326,252,200,207
65,60,290,3,133,8,484,200,207
65,60,290,3,9,1,7,200,207
65,184,50,44,1,487,37,200,207
65,60,290,3,250,347,7,200,207
65,60,290,3,4,159,37,200,207
65,66,5,188,368,299,37,200,207
65,60,290,3,287,1,7,200,207
65,60,290,3,4,0,7,200,207
65,60,5,48,7,0,23,41,207
65,60,290,3,327,22,7,200,207
65,66,5,188,1,0,23,41,207
65,60,5,48,7,265,23,41,207
65,60,290,3,346,248,28,41,207
65,66,5,188,1,8,484,200,207
65,66,5,188,1,0,7,200,207
65,60,5,48,7,272,341,41,207
65,60,290,3,392,1,7,200,207
65,66,5,188,1,15,28,41,207
65,60,5,48,7,33,23,41,207
65,66,5,188,1,7,37,200,207
65,66,5,188,1,22,7,200,207
65,66,5,19,24,0,7,200,207
65,60,5,51,48,102,37,200,207
65,66,5,188,1,44,23,41,207
65,66,5,19,69,1,7,200,207
65,66,5,19,24,272,341,41,207
65,66,5,19,24,0,23,41,207
65,60,5,51,48,337,23,41,207
65,66,5,188,1,326,252,200,207
65,66,5,19,284,20,7,200,207
65,66,5,19,69,114,7,200,207
65,66,5,19,24,272,7,200,207
65,66,5,188,1,487,37,200,207
65,66,5,19,390,15,28,41,207
65,66,5,19,69,232,23,41,207
65,60,5,48,61,15,28,41,207
65,66,5,19,390,424,23,41,207
65,66,5,19,45,360,37,200,207
65,60,5,48,381,46,28,41,207
65,57,31,75,3,498,28,41,207
65,57,31,494,16,104,23,41,207
65,60,5,48,51,136,28,41,207
65,57,31,128,30,36,23,41,207
65,57,31,75,3,0,23,41,207
65,57,31,494,16,183,28,41,207
65,57,31,128,243,8,484,200,207
65,57,31,128,30,20,7,200,207
65,57,31,75,3,1,7,200,207
65,57,31,75,3,0,7,200,207
65,60,449,332,11,259,37,200,207
65,57,31,75,3,6,37,200,207
65,60,236,1,0,175,23,41,207
65,60,449,332,11,440,28,41,207
65,57,31,75,3,8,484,200,207
65,60,236,1,0,457,252,200,207
65,57,31,80,99,0,7,200,207
65,57,31,75,3,11,28,41,207
65,60,5,51,48,7,37,200,207
65,57,31,80,99,0,23,41,207
65,57,31,75,3,13,23,41,207
65,60,5,19,45,11,28,41,207
65,57,31,80,46,63,106,41,207
65,57,31,75,3,59,28,41,207
65,60,5,19,24,0,7,200,207
65,60,5,19,45,360,37,200,207
65,57,31,75,3,98,28,41,207
65,60,5,19,69,1,7,200,207
65,60,5,19,24,272,341,41,207
65,60,5,19,24,0,23,41,207
65,60,5,19,284,20,7,200,207
65,60,5,19,69,114,7,200,207
65,60,5,19,24,272,7,200,207
65,60,5,19,390,15,28,41,207
65,57,31,80,46,33,7,200,207
65,60,5,19,69,232,23,41,207
65,57,1,9,38,68,252,200,207
65,60,5,19,390,424,23,41,207
65,66,5,60,236,1,7,200,207
65,60,5,1,7,33,23,41,207
65,57,1,9,3,498,28,41,207
65,57,1,9,38,43,37,200,207
65,57,1,9,38,68,37,200,207
65,66,5,60,236,357,23,41,207
65,60,5,1,7,265,23,41,207
65,57,1,9,292,345,37,200,207
65,57,1,9,3,0,23,41,207
65,57,1,9,38,401,23,41,207
65,60,5,1,7,272,341,41,207
65,57,1,9,32,178,23,41,207
65,57,1,9,292,46,28,41,207
65,57,1,9,3,6,37,200,207
65,57,1,9,3,0,7,200,207
65,57,1,9,176,33,7,200,207
65,57,1,9,32,11,28,41,207
65,57,1,9,3,8,484,200,207
65,57,1,5,11,40,23,41,207
65,57,1,9,316,0,7,200,207
65,57,1,9,176,33,23,41,207
65,57,1,9,32,145,28,41,207
65,57,1,9,3,11,28,41,207
65,57,1,5,11,259,37,200,207
65,57,1,9,493,48,7,200,207
65,57,1,9,316,0,23,41,207
65,57,1,9,3,59,28,41,207
65,57,1,5,11,440,28,41,207
65,60,5,19,11,40,23,41,207
65,66,5,51,172,215,28,41,207
65,57,1,9,3,13,23,41,207
65,66,5,51,130,46,28,41,207
65,60,5,19,11,259,37,200,207
65,66,5,51,160,0,7,200,207
65,57,1,9,3,98,28,41,207
65,66,5,15,28,144,23,41,207
65,60,5,19,11,440,28,41,207
65,66,5,51,428,22,7,200,207
65,66,5,51,160,0,23,41,207
65,60,33,7,37,68,252,200,207
65,66,5,1,236,357,23,41,207
65,66,5,51,366,44,23,41,207
65,66,5,1,3,0,23,41,207
65,66,5,0,3,8,484,200,207
65,66,5,1,0,175,23,41,207
65,66,5,1,93,8,484,200,207
65,66,5,51,262,27,23,41,207
65,66,5,1,3,6,37,200,207
65,66,5,1,3,0,7,200,207
65,66,5,0,17,6,37,200,207
65,66,5,0,3,13,23,41,207
65,66,5,1,0,457,252,200,207
65,66,5,1,317,8,484,200,207
65,66,5,51,177,13,23,41,207
65,66,5,1,3,11,28,41,207
65,66,5,0,24,272,341,41,207
65,66,5,0,17,27,23,41,207
65,66,5,0,3,59,28,41,207
65,66,5,1,111,203,400,41,207
65,66,5,51,269,20,7,200,207
65,66,5,1,3,59,28,41,207
65,66,5,0,148,8,484,200,207
65,66,5,0,24,272,7,200,207
65,66,5,0,17,63,106,41,207
65,66,5,0,3,498,28,41,207
65,66,5,1,9,482,155,41,207
65,66,5,1,111,90,28,41,207
65,66,5,1,3,98,28,41,207
65,66,5,0,50,44,23,41,207
65,184,50,0,1,8,484,200,207
65,66,5,0,17,64,23,41,207
65,66,5,0,3,6,37,200,207
65,66,5,1,35,33,23,41,207
65,66,5,1,3,13,23,41,207
65,66,5,0,56,44,23,41,207
65,66,5,0,50,235,7,200,207
65,184,50,0,1,487,37,200,207
65,66,5,0,17,101,28,41,207
65,66,5,0,3,98,28,41,207
65,66,5,1,69,232,23,41,207
65,66,5,1,35,33,7,200,207
65,66,5,1,3,498,28,41,207
65,184,50,0,1,7,37,200,207
65,60,33,23,424,459,7,200,207
65,66,5,0,380,383,23,41,207
65,184,50,0,1,22,7,200,207
65,57,1,5,13,67,28,41,207
65,66,5,0,3,1,7,200,207
65,66,5,1,475,11,28,41,207
65,66,5,1,69,114,7,200,207
65,66,5,15,16,183,28,41,207
65,57,1,5,0,6,37,200,207
65,57,1,5,0,7,37,200,207
65,66,5,15,1,0,23,41,207
65,57,1,3,133,8,484,200,207
65,60,33,23,175,0,7,200,207
65,66,5,0,4,159,37,200,207
65,184,50,0,1,15,28,41,207
65,66,5,362,299,37,7,200,207
65,184,50,0,7,265,23,41,207
65,66,5,309,272,7,37,200,207
65,57,1,15,28,144,23,41,207
65,57,1,35,110,248,28,41,207
65,60,5,1,22,112,37,200,207
65,57,1,0,2,62,7,200,207
65,66,5,0,3,11,28,41,207
65,57,1,0,3,13,23,41,207
65,66,5,1,21,20,7,200,207
65,60,290,3,1,8,484,200,207
65,60,290,3,1,0,7,200,207
65,66,5,15,390,424,23,41,207
65,66,5,15,16,104,23,41,207
65,66,5,86,46,63,106,41,207
65,57,1,5,0,175,23,41,207
65,66,5,15,1,8,484,200,207
65,66,5,15,1,0,7,200,207
65,66,5,86,46,33,7,200,207
65,57,1,3,9,482,155,41,207
65,60,33,23,337,48,7,200,207
65,60,5,83,220,1,7,200,207
65,60,5,83,8,1,7,200,207
65,60,33,7,0,457,252,200,207
65,184,50,0,1,44,23,41,207
65,57,1,69,19,20,7,200,207
65,60,5,0,3,8,484,200,207
65,184,50,0,7,272,341,41,207
65,60,236,357,23,0,7,200,207
65,184,50,71,304,206,23,41,207
65,57,1,69,114,7,37,200,207
65,57,1,35,415,70,37,200,207
65,57,1,35,110,46,28,41,207
65,66,5,11,32,178,23,41,207
65,60,5,51,130,478,7,200,207
65,66,5,11,3,0,23,41,207
65,57,1,0,17,63,106,41,207
65,60,33,7,22,91,155,41,207
65,60,33,7,1,8,484,200,207
65,57,1,0,3,6,37,200,207
65,66,5,362,299,144,23,41,207
65,66,5,15,1,7,37,200,207
65,60,5,11,3,8,484,200,207
65,66,210,38,34,0,23,41,207
65,66,5,1,78,20,7,200,207
65,66,210,38,9,1,7,200,207
65,60,290,3,1,15,28,41,207
65,57,1,487,37,68,252,200,207
65,66,5,15,61,48,7,200,207
65,60,5,1,236,357,23,41,207
65,57,1,7,37,68,252,200,207
65,66,5,0,1,7,37,200,207
65,60,5,1,3,0,23,41,207
65,57,1,5,0,457,252,200,207
65,66,5,433,46,33,23,41,207
65,66,5,15,1,22,7,200,207
65,66,5,0,1,8,484,200,207
65,57,1,3,250,347,7,200,207
65,60,236,1,7,33,23,41,207
65,60,33,23,44,1,7,200,207
65,57,1,15,5,0,7,200,207
65,57,1,475,11,40,23,41,207
65,60,290,3,11,259,37,200,207
65,57,1,35,33,46,28,41,207
65,60,33,7,0,175,23,41,207
65,184,50,0,1,326,252,200,207
65,57,1,35,33,7,37,200,207
65,60,290,3,0,6,37,200,207
65,57,1,69,255,11,28,41,207
65,57,1,69,19,11,28,41,207
65,66,5,0,7,265,23,41,207
65,57,1,44,23,0,7,200,207
65,57,1,5,12,107,7,200,207
65,60,5,0,17,6,37,200,207
65,60,5,0,3,13,23,41,207
65,57,1,5,48,102,37,200,207
65,184,50,0,7,33,23,41,207
65,60,236,357,23,33,7,200,207
65,57,1,44,50,0,23,41,207
65,57,1,5,48,7,37,200,207
65,184,50,71,116,1,7,200,207
65,60,33,23,0,1,7,200,207
65,60,5,13,23,33,7,200,207
65,57,1,35,331,244,28,41,207
65,60,33,23,0,7,37,200,207
65,66,5,12,107,7,37,200,207
65,66,5,48,61,15,28,41,207
65,57,1,236,60,33,23,41,207
65,66,5,11,19,20,7,200,207
65,66,5,11,32,145,28,41,207
65,60,5,51,172,215,28,41,207
65,60,5,51,130,46,28,41,207
65,66,5,11,3,1,7,200,207
65,66,5,11,3,0,7,200,207
65,57,1,0,5,48,7,200,207
65,57,1,0,17,27,23,41,207
65,60,33,7,48,337,23,41,207
65,60,236,1,22,112,37,200,207
65,60,33,7,22,112,37,200,207
65,60,33,7,1,487,37,200,207
65,57,1,0,3,11,28,41,207
65,66,5,362,299,144,28,41,207
65,60,5,11,32,178,23,41,207
65,60,5,11,3,0,23,41,207
65,57,1,326,252,68,37,200,207
65,57,31,13,3,8,484,200,207
65,57,1,8,3,498,28,41,207
65,66,210,38,121,33,23,41,207
65,66,210,38,34,0,7,200,207
65,66,5,1,100,8,484,200,207
65,60,290,3,1,22,7,200,207
65,60,5,11,259,37,7,200,207
65,66,5,15,158,136,28,41,207
65,60,5,1,93,8,484,200,207
65,66,5,270,9,482,155,41,207
65,60,33,140,267,8,484,200,207
65,60,5,1,3,6,37,200,207
65,60,5,1,3,0,7,200,207
65,60,33,473,5,0,23,41,207
65,60,5,13,3,8,484,200,207
65,66,5,48,102,37,7,200,207
65,184,50,0,23,144,28,41,207
65,66,5,433,46,63,106,41,207
65,66,5,433,46,33,7,200,207
65,66,5,15,1,44,23,41,207
65,66,5,0,1,326,252,200,207
65,60,5,86,46,63,106,41,207
65,57,1,3,327,22,7,200,207
65,60,5,86,46,33,7,200,207
65,60,236,1,7,265,23,41,207
65,57,31,13,23,0,7,200,207
65,57,1,21,438,0,7,200,207
65,60,33,23,13,67,28,41,207
65,57,1,21,20,497,37,200,207
65,57,1,15,16,183,28,41,207
65,57,1,15,5,48,7,200,207
65,57,1,15,5,0,23,41,207
65,57,1,21,20,7,37,200,207
65,57,1,475,11,259,37,200,207
65,60,290,3,11,440,28,41,207
65,57,1,111,385,33,7,200,207
65,184,295,113,4,159,37,200,207
65,184,295,113,4,0,7,200,207
65,184,50,0,6,37,7,200,207
65,57,31,16,15,1,7,200,207
65,60,5,18,6,0,7,200,207
65,66,5,127,1,8,484,200,207
65,60,290,3,0,175,23,41,207
65,57,1,69,275,63,106,41,207
65,66,5,127,1,0,7,200,207
65,57,1,111,203,63,106,41,207
65,66,5,473,33,46,28,41,207
65,66,5,0,7,272,341,41,207
65,57,1,44,23,33,7,200,207
65,57,1,5,19,20,7,200,207
65,57,1,5,12,39,28,41,207
65,57,1,7,0,6,37,200,207
65,60,5,0,24,272,341,41,207
65,60,5,0,17,27,23,41,207
65,66,5,473,33,7,37,200,207
65,60,5,0,3,59,28,41,207
65,66,5,48,7,0,23,41,207
65,57,1,7,33,46,28,41,207
65,184,50,0,2,62,7,200,207
65,60,33,35,1,0,23,41,207
65,60,5,0,7,272,341,41,207
65,57,1,5,48,337,23,41,207
65,60,236,357,23,144,28,41,207
65,57,1,44,56,0,7,200,207
65,60,236,357,23,265,7,200,207
65,57,1,44,204,20,7,200,207
65,57,1,44,56,0,23,41,207
65,57,1,44,50,235,7,200,207
65,57,1,44,50,0,7,200,207
65,184,50,71,137,181,28,41,207
65,60,33,35,110,248,28,41,207
65,184,50,71,302,48,7,200,207
65,184,50,71,137,22,7,200,207
65,60,33,35,415,70,37,200,207
65,60,33,35,110,46,28,41,207
65,60,33,35,331,244,28,41,207
65,60,33,23,0,6,37,200,207
65,60,33,35,369,256,7,200,207
65,60,33,23,0,457,252,200,207
65,60,5,13,23,144,28,41,207
65,57,1,78,20,497,37,200,207
65,60,5,13,23,265,7,200,207
65,57,1,35,369,256,7,200,207
65,57,1,78,20,7,37,200,207
65,60,230,203,305,13,23,41,207
65,60,230,203,111,1,7,200,207
65,60,230,203,266,215,28,41,207
65,57,1,0,23,33,7,200,207
65,60,230,203,417,46,28,41,207
65,57,1,0,23,144,28,41,207
65,60,290,3,6,0,23,41,207
65,57,1,0,23,265,7,200,207
65,60,290,3,6,0,7,200,207
65,60,33,131,186,387,28,41,207
65,66,5,48,381,46,28,41,207
65,60,33,131,441,1,7,200,207
65,66,5,48,51,136,28,41,207
65,66,5,11,45,360,37,200,207
65,60,290,3,6,37,7,200,207
65,66,5,11,332,104,23,41,207
65,60,33,131,104,150,23,41,207
65,66,5,11,49,46,28,41,207
65,66,5,157,476,299,37,200,207
65,66,5,11,475,1,7,200,207
65,66,5,157,253,13,23,41,207
65,60,236,1,191,8,484,200,207
65,66,5,157,307,33,7,200,207
65,60,236,1,317,8,484,200,207
65,66,5,157,310,20,7,200,207
65,66,5,157,307,33,23,41,207
65,60,236,1,93,8,484,200,207
65,60,5,51,160,0,7,200,207
65,60,236,1,5,0,23,41,207
65,60,5,51,428,22,7,200,207
65,60,5,51,160,0,23,41,207
65,60,236,1,9,482,155,41,207
65,60,236,1,5,48,7,200,207
65,60,236,1,5,0,7,200,207
65,60,5,51,366,44,23,41,207
65,60,236,1,111,203,400,41,207
65,60,236,1,5,11,28,41,207
65,60,5,51,262,27,23,41,207
65,60,236,1,35,33,23,41,207
65,60,236,1,111,90,28,41,207
65,60,236,1,5,13,23,41,207
65,60,5,51,177,13,23,41,207
65,60,236,1,69,232,23,41,207
65,60,236,1,35,33,7,200,207
65,60,236,1,5,15,28,41,207
65,60,5,51,269,20,7,200,207
65,60,236,1,475,11,28,41,207
65,60,236,1,69,114,7,200,207
65,60,236,1,21,20,7,200,207
65,66,5,1,7,0,23,41,207
65,60,236,1,78,20,7,200,207
65,66,5,1,7,33,23,41,207
65,60,236,1,100,8,484,200,207
65,66,5,1,7,265,23,41,207
65,60,33,35,1,7,37,200,207
65,66,5,1,7,272,341,41,207
65,60,236,1,3,0,23,41,207
65,66,5,11,3,6,37,200,207
65,60,236,1,3,6,37,200,207
65,60,236,1,3,0,7,200,207
65,66,5,11,3,59,28,41,207
65,60,236,1,3,11,28,41,207
65,66,5,11,3,98,28,41,207
65,60,236,1,3,13,23,41,207
65,66,5,11,3,13,23,41,207
65,60,236,1,3,59,28,41,207
65,66,5,11,3,498,28,41,207
65,60,236,1,3,98,28,41,207
65,66,5,157,1,8,484,200,207
65,60,236,1,3,498,28,41,207
65,66,5,157,1,15,28,41,207
65,66,5,157,1,0,7,200,207
65,66,5,157,1,22,7,200,207
65,57,1,0,24,272,341,41,207
65,66,5,157,1,44,23,41,207
65,57,1,0,148,8,484,200,207
65,57,1,0,24,272,7,200,207
65,66,5,157,1,326,252,200,207
65,57,1,0,50,44,23,41,207
65,66,5,157,1,487,37,200,207
65,57,1,0,56,44,23,41,207
65,57,1,0,50,235,7,200,207
65,57,1,0,380,383,23,41,207
65,57,1,0,5,11,28,41,207
65,57,1,0,4,159,37,200,207
65,57,1,0,5,13,23,41,207
65,57,1,0,17,6,37,200,207
65,57,1,0,5,15,28,41,207
65,57,1,0,17,64,23,41,207
65,60,5,0,23,33,7,200,207
65,57,1,0,17,101,28,41,207
65,60,5,0,23,144,28,41,207
65,57,31,16,104,150,23,41,207
65,60,5,0,23,265,7,200,207
65,57,1,0,7,33,23,41,207
65,60,5,127,1,8,484,200,207
65,57,1,0,7,265,23,41,207
65,60,5,127,1,15,28,41,207
65,57,1,0,7,272,341,41,207
65,60,5,127,1,22,7,200,207
65,60,33,7,20,497,37,200,207
65,60,5,127,1,44,23,41,207
65,60,33,7,347,350,252,200,207
65,60,5,127,1,326,252,200,207
65,60,33,7,459,424,23,41,207
65,60,5,127,1,487,37,200,207
65,60,33,7,235,328,37,200,207
65,60,33,7,48,102,37,200,207
65,60,5,127,1,0,7,200,207
65,60,33,7,1,326,252,200,207
65,57,1,0,3,59,28,41,207
65,60,33,7,1,0,23,41,207
65,57,1,0,3,98,28,41,207
65,60,33,7,1,15,28,41,207
65,57,1,0,3,498,28,41,207
65,57,1,0,6,37,7,200,207
65,60,5,188,1,8,484,200,207
65,60,5,188,1,0,7,200,207
65,60,5,188,1,15,28,41,207
65,60,5,11,19,20,7,200,207
65,60,5,188,1,22,7,200,207
65,60,5,11,45,360,37,200,207
65,60,5,188,1,44,23,41,207
65,60,5,11,332,104,23,41,207
65,60,5,188,1,326,252,200,207
65,60,5,11,49,46,28,41,207
65,60,5,188,1,487,37,200,207
65,60,5,11,475,1,7,200,207
65,60,5,11,32,145,28,41,207
65,60,5,11,3,1,7,200,207
65,60,5,11,3,0,7,200,207
65,60,5,11,3,6,37,200,207
65,184,50,235,328,37,7,200,207
65,60,5,11,3,59,28,41,207
65,57,31,13,5,1,7,200,207
65,60,5,11,3,98,28,41,207
65,57,31,13,306,91,155,41,207
65,57,31,13,5,0,23,41,207
65,60,5,11,3,13,23,41,207
65,57,31,13,119,112,37,200,207
65,57,31,13,5,11,28,41,207
65,57,31,13,5,0,7,200,207
65,60,5,11,3,498,28,41,207
65,57,31,13,305,203,400,41,207
65,57,31,13,119,277,37,200,207
65,57,31,13,5,15,28,41,207
65,57,31,13,224,114,7,200,207
65,57,31,13,5,48,7,200,207
65,57,31,13,3,0,23,41,207
65,57,1,8,10,356,28,41,207
65,57,31,13,3,1,7,200,207
65,57,31,13,3,0,7,200,207
65,57,1,8,148,0,7,200,207
65,57,1,8,10,91,155,41,207
65,57,31,13,3,6,37,200,207
65,57,1,8,87,63,106,41,207
65,57,1,8,148,0,23,41,207
65,57,31,13,3,11,28,41,207
65,57,1,8,3,0,23,41,207
65,57,31,13,3,59,28,41,207
65,57,1,8,3,6,37,200,207
65,57,1,8,3,0,7,200,207
65,57,31,13,3,98,28,41,207
65,57,1,8,3,11,28,41,207
65,57,31,13,3,498,28,41,207
65,57,1,8,3,59,28,41,207
65,66,210,38,43,37,7,200,207
65,57,1,8,3,13,23,41,207
65,57,465,150,23,33,7,200,207
65,57,1,8,3,98,28,41,207
65,57,465,150,23,144,28,41,207
65,66,210,38,141,46,28,41,207
65,57,465,150,23,265,7,200,207
65,66,210,38,165,46,28,41,207
65,66,210,38,121,33,7,200,207
65,66,5,1,191,8,484,200,207
65,66,5,12,115,20,7,200,207
65,60,290,3,1,44,23,41,207
65,66,5,12,139,11,28,41,207
65,60,290,3,1,326,252,200,207
65,66,5,12,241,11,28,41,207
65,60,290,3,1,487,37,200,207
65,66,5,12,2,0,23,41,207
65,60,33,46,130,478,7,200,207
65,66,5,12,2,0,7,200,207
65,60,33,46,446,112,37,200,207
65,60,33,46,63,203,400,41,207
65,60,33,46,163,63,106,41,207
65,60,5,1,317,8,484,200,207
65,60,33,46,292,345,37,200,207
65,60,5,1,111,203,400,41,207
65,60,33,46,417,203,400,41,207
65,60,5,1,9,482,155,41,207
65,60,5,1,111,90,28,41,207
65,60,33,46,381,48,7,200,207
65,60,5,1,35,33,23,41,207
65,60,33,46,49,11,28,41,207
65,60,5,1,69,232,23,41,207
65,60,5,1,35,33,7,200,207
65,60,33,46,52,481,28,41,207
65,60,5,1,475,11,28,41,207
65,60,5,1,69,114,7,200,207
65,60,33,46,105,240,37,200,207
65,60,5,1,21,20,7,200,207
65,60,33,46,86,231,28,41,207
65,60,5,1,78,20,7,200,207
65,60,33,46,110,248,28,41,207
65,60,5,1,100,8,484,200,207
65,66,5,442,353,62,7,200,207
65,60,5,1,191,8,484,200,207
65,66,5,491,310,20,7,200,207
65,66,5,442,353,240,37,200,207
65,66,5,371,466,424,23,41,207
65,66,5,270,9,1,7,200,207
65,66,5,363,74,20,7,200,207
65,60,5,157,174,48,7,200,207
65,66,5,286,429,48,7,200,207
65,60,5,157,476,299,37,200,207
65,66,5,81,42,6,37,200,207
65,66,5,286,30,20,7,200,207
65,60,5,157,253,13,23,41,207
65,66,5,286,30,36,23,41,207
65,60,5,157,307,33,7,200,207
65,60,33,307,157,1,7,200,207
65,60,5,157,310,20,7,200,207
65,60,5,157,307,33,23,41,207
65,60,33,176,9,482,155,41,207
65,60,33,140,21,1,7,200,207
65,60,33,385,111,203,400,41,207
65,60,33,176,9,1,7,200,207
65,60,33,140,21,20,7,200,207
65,60,33,121,38,401,23,41,207
65,60,33,385,111,1,7,200,207
65,60,33,190,158,136,28,41,207
65,60,33,121,211,6,37,200,207
65,60,33,121,38,43,37,200,207
65,60,33,385,111,90,28,41,207
65,60,33,439,186,387,28,41,207
65,60,33,190,431,1,7,200,207
65,60,33,190,158,15,28,41,207
65,60,33,121,38,68,37,200,207
65,60,5,1,3,11,28,41,207
65,60,33,121,38,68,252,200,207
65,60,5,1,3,59,28,41,207
65,60,5,157,1,7,37,200,207
65,60,5,1,3,98,28,41,207
65,60,195,131,33,7,37,200,207
65,60,5,1,3,13,23,41,207
65,60,5,157,1,0,23,41,207
65,60,5,1,3,498,28,41,207
65,60,5,157,1,8,484,200,207
65,60,5,157,1,0,7,200,207
65,60,5,157,1,15,28,41,207
65,60,5,362,299,144,28,41,207
65,60,5,157,1,22,7,200,207
65,60,33,473,5,1,7,200,207
65,60,5,157,1,44,23,41,207
65,60,33,473,5,13,23,41,207
65,60,5,157,1,326,252,200,207
65,60,33,473,5,15,28,41,207
65,60,5,157,1,487,37,200,207
65,60,33,473,5,48,7,200,207
65,60,33,473,5,0,7,200,207
65,60,5,13,305,203,400,41,207
65,60,5,13,3,0,23,41,207
65,60,5,13,306,91,155,41,207
65,60,5,13,3,1,7,200,207
65,60,5,13,3,0,7,200,207
65,60,5,13,119,112,37,200,207
65,60,5,13,3,6,37,200,207
65,60,5,13,224,114,7,200,207
65,60,5,13,119,277,37,200,207
65,60,5,13,3,11,28,41,207
65,57,1,3,6,0,7,200,207
65,60,5,13,3,59,28,41,207
65,184,50,0,23,265,7,200,207
65,60,5,13,3,98,28,41,207
65,66,5,15,1,326,252,200,207
65,60,5,13,3,498,28,41,207
65,66,5,15,1,487,37,200,207
65,57,1,157,476,299,37,200,207
65,60,5,371,466,424,23,41,207
65,57,1,287,3,498,28,41,207
65,57,1,157,5,0,23,41,207
65,60,5,81,42,6,37,200,207
65,57,1,108,199,6,37,200,207
65,57,1,287,323,27,23,41,207
65,57,1,287,3,0,23,41,207
65,57,1,157,174,48,7,200,207
65,57,1,157,5,48,7,200,207
65,57,1,157,5,0,7,200,207
65,60,5,491,310,20,7,200,207
65,57,1,97,420,175,23,41,207
65,57,1,287,324,11,28,41,207
65,57,1,287,3,6,37,200,207
65,57,1,287,3,0,7,200,207
65,57,1,157,253,13,23,41,207
65,57,1,157,5,11,28,41,207
65,60,5,286,429,48,7,200,207
65,57,1,220,83,8,484,200,207
65,57,1,97,80,46,28,41,207
65,57,1,287,3,8,484,200,207
65,57,1,157,307,33,7,200,207
65,57,1,157,5,13,23,41,207
65,60,5,363,74,20,7,200,207
65,60,5,286,30,20,7,200,207
65,57,1,169,109,238,7,200,207
65,57,1,287,3,11,28,41,207
65,57,1,157,310,20,7,200,207
65,57,1,157,307,33,23,41,207
65,57,1,157,5,15,28,41,207
65,60,5,270,9,1,7,200,207
65,60,5,286,30,36,23,41,207
65,57,1,188,368,299,37,200,207
65,57,1,287,3,59,28,41,207
65,60,5,270,9,482,155,41,207
65,57,1,164,45,360,37,200,207
65,57,1,188,5,0,7,200,207
65,57,1,287,3,13,23,41,207
65,57,1,392,3,8,484,200,207
65,57,1,164,45,11,28,41,207
65,57,1,188,5,48,7,200,207
65,57,1,188,5,0,23,41,207
65,57,1,287,3,98,28,41,207
65,57,1,296,95,70,37,200,207
65,57,1,392,3,0,23,41,207
65,57,1,188,5,11,28,41,207
65,57,1,152,34,0,7,200,207
65,57,1,296,95,20,7,200,207
65,57,1,392,3,6,37,200,207
65,57,1,392,3,0,7,200,207
65,57,1,188,5,13,23,41,207
65,57,1,127,5,0,7,200,207
65,57,1,152,34,0,23,41,207
65,57,1,392,3,11,28,41,207
65,66,5,0,1,15,28,41,207
65,57,1,188,5,15,28,41,207
65,57,1,226,86,231,28,41,207
65,57,1,127,5,48,7,200,207
65,57,1,127,5,0,23,41,207
65,57,1,392,3,59,28,41,207
65,66,5,0,1,22,7,200,207
65,57,1,431,490,104,23,41,207
65,57,1,226,86,46,28,41,207
65,57,1,127,5,11,28,41,207
65,57,1,392,3,98,28,41,207
65,66,5,0,1,44,23,41,207
65,57,1,382,32,11,28,41,207
65,57,1,431,190,33,7,200,207
65,57,1,127,5,13,23,41,207
65,57,1,392,3,13,23,41,207
65,66,5,0,1,487,37,200,207
65,57,1,161,5,15,28,41,207
65,57,1,382,32,145,28,41,207
65,57,1,431,190,33,23,41,207
65,57,1,127,5,15,28,41,207
65,57,1,392,3,498,28,41,207
65,57,1,441,131,33,7,200,207
65,57,1,161,264,136,28,41,207
65,57,1,161,5,0,23,41,207
65,57,1,382,32,178,23,41,207
65,57,1,469,241,11,28,41,207
65,57,1,441,131,104,23,41,207
65,57,1,441,131,33,23,41,207
65,57,1,161,5,11,28,41,207
65,57,1,161,5,0,7,200,207
65,60,5,442,353,62,7,200,207
65,57,1,161,5,13,23,41,207
65,57,1,3,4,0,7,200,207
65,184,50,235,7,0,23,41,207
65,57,1,161,5,48,7,200,207
65,57,1,3,346,248,28,41,207
65,57,1,3,4,159,37,200,207
65,57,1,3,4,0,23,41,207
65,184,50,235,7,265,23,41,207
65,60,33,153,40,11,28,41,207
65,60,5,433,46,63,106,41,207
65,184,50,235,7,272,341,41,207
65,60,236,1,7,272,341,41,207
65,60,5,433,46,33,7,200,207
65,184,50,235,7,33,23,41,207
65,57,31,13,23,33,7,200,207
65,57,1,22,7,0,23,41,207
65,57,31,74,94,0,7,200,207
65,57,31,13,23,144,28,41,207
65,57,1,22,7,33,23,41,207
65,57,31,74,94,0,23,41,207
65,57,31,13,23,265,7,200,207
65,57,1,22,7,265,23,41,207
65,66,5,13,23,33,7,200,207
65,57,1,21,26,8,484,200,207
65,57,1,22,7,272,341,41,207
65,66,5,13,23,144,28,41,207
65,57,1,21,84,419,23,41,207
65,57,1,21,26,70,37,200,207
65,66,5,13,23,265,7,200,207
65,57,1,21,52,46,28,41,207
65,57,1,21,84,358,28,41,207
65,57,1,21,438,0,23,41,207
65,57,1,21,118,11,28,41,207
65,57,1,21,52,481,28,41,207
65,57,31,74,20,497,37,200,207
65,57,1,21,122,48,7,200,207
65,66,5,13,306,91,155,41,207
65,57,1,15,390,424,23,41,207
65,57,1,21,140,33,7,200,207
65,66,5,13,119,112,37,200,207
65,57,1,15,61,48,7,200,207
65,57,1,21,140,33,23,41,207
65,66,5,13,224,114,7,200,207
65,66,5,13,119,277,37,200,207
65,57,1,15,158,136,28,41,207
65,57,1,15,16,104,23,41,207
65,57,1,15,5,11,28,41,207
65,57,31,74,20,7,37,200,207
65,60,5,12,115,20,7,200,207
65,57,1,15,5,13,23,41,207
65,57,1,475,11,440,28,41,207
65,60,5,12,139,11,28,41,207
65,57,31,72,20,497,37,200,207
65,60,5,12,2,0,23,41,207
65,60,5,12,241,11,28,41,207
65,57,1,111,385,33,23,41,207
65,60,5,12,2,0,7,200,207
65,57,31,72,20,7,37,200,207
65,66,5,13,3,1,7,200,207
65,66,5,0,23,33,7,200,207
65,57,31,16,10,91,155,41,207
65,66,5,13,3,6,37,200,207
65,66,5,0,23,144,28,41,207
65,57,31,16,30,20,7,200,207
65,57,31,16,10,8,484,200,207
65,66,5,13,3,11,28,41,207
65,66,5,0,23,265,7,200,207
65,57,31,16,246,206,23,41,207
65,57,31,16,30,36,23,41,207
65,57,31,16,10,356,28,41,207
65,66,5,13,3,59,28,41,207
65,66,5,0,6,37,7,200,207
65,66,5,13,3,0,7,200,207
65,66,5,13,3,98,28,41,207
65,57,1,22,138,70,37,200,207
65,57,1,3,11,259,37,200,207
65,66,5,13,3,498,28,41,207
65,57,1,22,137,181,28,41,207
65,57,1,3,11,440,28,41,207
65,66,5,127,1,15,28,41,207
65,60,290,3,0,457,252,200,207
65,57,1,22,112,37,7,200,207
65,66,5,127,1,22,7,200,207
65,57,1,7,235,328,37,200,207
65,66,5,161,264,136,28,41,207
65,66,5,127,1,44,23,41,207
65,57,1,7,20,497,37,200,207
65,66,5,0,7,33,23,41,207
65,66,5,127,1,326,252,200,207
65,57,1,7,48,337,23,41,207
65,60,33,23,144,299,37,200,207
65,66,5,127,1,487,37,200,207
65,57,1,7,347,350,252,200,207
65,57,1,7,48,102,37,200,207
65,57,1,44,23,144,28,41,207
65,57,1,7,22,91,155,41,207
65,57,1,5,83,8,484,200,207
65,57,1,44,23,265,7,200,207
65,57,1,7,459,424,23,41,207
65,57,1,7,22,112,37,200,207
65,57,1,5,18,453,28,41,207
65,57,1,5,19,11,28,41,207
65,57,1,5,12,90,28,41,207
65,57,1,5,51,136,28,41,207
65,57,1,5,18,6,37,200,207
65,60,5,15,16,183,28,41,207
65,57,1,5,60,33,7,200,207
65,57,1,5,51,48,7,200,207
65,60,5,15,390,424,23,41,207
65,60,5,15,16,104,23,41,207
65,57,1,5,86,231,28,41,207
65,57,1,5,60,33,23,41,207
65,60,5,15,61,48,7,200,207
65,57,1,5,126,427,7,200,207
65,57,1,5,86,46,28,41,207
65,60,5,15,158,136,28,41,207
65,57,1,5,362,299,37,200,207
65,57,1,5,126,101,28,41,207
65,60,5,1,0,6,37,200,207
65,57,1,5,436,383,23,41,207
65,60,5,161,1,15,28,41,207
65,60,5,1,0,175,23,41,207
65,57,1,5,473,33,7,200,207
65,60,5,161,1,22,7,200,207
65,60,5,1,0,457,252,200,207
65,57,1,5,309,272,7,200,207
65,57,1,5,473,33,23,41,207
65,60,5,161,1,44,23,41,207
65,57,1,5,291,136,28,41,207
65,57,1,5,309,272,341,41,207
65,60,5,161,1,326,252,200,207
65,57,1,5,433,46,28,41,207
65,57,1,7,0,175,23,41,207
65,60,5,161,1,487,37,200,207
65,60,5,0,148,8,484,200,207
65,57,1,7,0,457,252,200,207
65,60,5,0,24,272,7,200,207
65,60,5,0,50,44,23,41,207
65,60,5,0,17,63,106,41,207
65,57,462,402,45,360,37,200,207
65,60,5,0,56,44,23,41,207
65,60,5,0,50,235,7,200,207
65,60,5,0,17,64,23,41,207
65,57,462,402,472,1,7,200,207
65,57,462,402,45,11,28,41,207
65,60,5,0,380,383,23,41,207
65,60,5,1,0,7,37,200,207
65,60,5,0,17,101,28,41,207
65,60,5,0,1,8,484,200,207
65,60,5,0,4,159,37,200,207
65,60,5,0,3,498,28,41,207
65,66,5,161,1,8,484,200,207
65,60,5,0,1,326,252,200,207
65,66,5,48,7,265,23,41,207
65,60,5,0,3,6,37,200,207
65,66,5,161,1,15,28,41,207
65,60,5,0,1,15,28,41,207
65,66,5,48,7,272,341,41,207
65,60,5,0,3,98,28,41,207
65,66,5,161,1,22,7,200,207
65,60,5,0,1,22,7,200,207
65,66,5,48,7,33,23,41,207
65,60,5,0,3,1,7,200,207
65,66,5,161,1,44,23,41,207
65,60,5,0,1,44,23,41,207
65,60,5,0,1,7,37,200,207
65,60,5,0,3,11,28,41,207
65,66,5,161,1,326,252,200,207
65,60,5,0,1,487,37,200,207
65,66,210,38,68,37,7,200,207
65,66,5,161,1,0,7,200,207
65,66,5,161,1,487,37,200,207
65,57,1,100,414,337,23,41,207
65,184,50,0,3,8,484,200,207
65,60,5,15,1,0,23,41,207
65,57,1,100,260,0,23,41,207
65,60,33,35,1,8,484,200,207
65,184,50,0,5,11,28,41,207
65,184,50,0,3,13,23,41,207
65,60,5,15,1,8,484,200,207
65,60,5,15,1,0,7,200,207
65,60,33,35,1,15,28,41,207
65,184,50,0,17,6,37,200,207
65,184,50,0,5,1,7,200,207
65,184,50,0,3,59,28,41,207
65,60,5,15,1,22,7,200,207
65,60,33,35,1,22,7,200,207
65,184,50,0,24,272,341,41,207
65,184,50,0,17,27,23,41,207
65,184,50,0,5,13,23,41,207
65,184,50,0,3,498,28,41,207
65,60,5,15,1,44,23,41,207
65,60,33,35,1,44,23,41,207
65,184,50,0,148,8,484,200,207
65,184,50,0,24,272,7,200,207
65,184,50,0,17,63,106,41,207
65,184,50,0,5,15,28,41,207
65,184,50,0,3,98,28,41,207
65,60,5,15,1,326,252,200,207
65,60,33,35,1,326,252,200,207
65,184,50,0,56,44,23,41,207
65,184,50,0,17,64,23,41,207
65,184,50,0,5,48,7,200,207
65,184,50,0,3,6,37,200,207
65,60,5,15,1,487,37,200,207
65,60,33,35,1,487,37,200,207
65,184,50,0,380,383,23,41,207
65,184,50,0,17,101,28,41,207
65,184,50,0,3,1,7,200,207
65,60,33,35,1,0,7,200,207
65,184,50,0,4,159,37,200,207
65,60,5,161,227,1,7,200,207
65,184,50,0,3,11,28,41,207
65,60,5,0,7,33,23,41,207
65,60,5,161,264,136,28,41,207
65,60,236,1,35,33,46,28,41,207
65,60,236,1,35,33,7,37,200,207
65,60,236,1,5,83,8,484,200,207
65,60,5,51,294,19,20,7,200,207
65,60,5,51,269,20,497,37,200,207
65,184,50,44,23,144,299,37,200,207
65,66,5,1,44,50,0,23,41,207
65,66,5,188,1,0,7,37,200,207
65,60,5,51,269,20,7,37,200,207
65,60,236,1,475,11,40,23,41,207
65,60,290,3,498,28,144,23,41,207
65,60,236,1,69,19,20,7,200,207
65,66,5,188,1,0,6,37,200,207
65,60,236,1,69,114,7,37,200,207
65,60,5,13,23,265,7,37,200,207
65,60,5,13,23,175,0,7,200,207
65,66,5,1,44,23,0,7,200,207
65,60,236,1,21,438,0,7,200,207
65,60,236,1,21,20,497,37,200,207
65,60,290,3,392,1,0,23,41,207
65,60,236,1,21,20,7,37,200,207
65,60,449,332,104,23,0,7,200,207
65,66,5,1,7,0,6,37,200,207
65,60,290,3,47,16,15,28,41,207
65,60,290,3,392,1,7,37,200,207
65,57,1,35,369,256,7,37,200,207
65,66,5,19,11,28,144,23,41,207
65,60,236,1,78,20,7,37,200,207
65,60,236,1,78,20,497,37,200,207
65,66,5,1,7,33,46,28,41,207
65,60,5,48,7,1,326,252,200,207
65,60,236,1,157,310,20,7,200,207
65,60,5,48,7,33,46,28,41,207
65,60,236,1,100,260,0,7,200,207
65,60,230,203,417,421,256,7,200,207
65,60,236,357,23,265,7,37,200,207
65,60,230,203,305,13,67,28,41,207
65,66,5,13,67,28,144,23,41,207
65,60,33,35,1,7,0,23,41,207
65,60,5,0,7,37,68,252,200,207
65,66,5,1,7,235,328,37,200,207
65,66,5,1,22,138,70,37,200,207
65,66,5,188,1,7,0,23,41,207
65,57,1,44,50,0,7,37,200,207
65,60,195,131,33,23,0,7,200,207
65,66,5,188,1,22,7,37,200,207
65,66,5,11,3,6,0,23,41,207
65,66,5,11,3,6,37,7,200,207
65,184,50,71,137,333,48,7,200,207
65,57,31,80,46,28,144,23,41,207
65,60,236,1,3,6,0,23,41,207
65,66,5,188,1,22,91,155,41,207
65,60,236,1,3,6,37,7,200,207
65,60,236,1,3,0,6,37,200,207
65,60,230,203,370,250,347,7,200,207
65,60,230,203,111,385,33,7,200,207
65,66,5,1,22,112,37,7,200,207
65,66,5,60,33,23,0,7,200,207
65,60,236,1,3,0,7,37,200,207
65,66,5,19,24,0,7,37,200,207
65,57,1,35,77,228,8,484,200,207
65,66,5,1,326,252,68,37,200,207
65,60,236,1,3,11,40,23,41,207
65,184,50,44,23,0,1,7,200,207
65,57,1,0,23,33,7,37,200,207
65,184,50,44,23,0,7,37,200,207
65,60,33,7,265,23,144,28,41,207
65,60,5,51,48,102,37,7,200,207
65,66,5,0,175,258,215,28,41,207
65,60,236,1,3,13,67,28,41,207
65,60,236,1,7,37,68,252,200,207
65,66,5,0,175,23,33,7,200,207
65,66,5,11,3,13,67,28,41,207
65,60,230,203,111,1,0,23,41,207
65,60,290,3,4,113,15,28,41,207
65,60,236,1,3,133,8,484,200,207
65,60,5,1,15,16,183,28,41,207
65,66,5,157,1,0,6,37,200,207
65,66,5,157,1,0,7,37,200,207
65,57,1,44,204,20,7,37,200,207
65,57,1,0,23,144,299,37,200,207
65,66,5,157,1,22,7,37,200,207
65,57,1,0,24,19,11,28,41,207
65,60,230,203,111,1,7,37,200,207
65,66,5,157,1,22,91,155,41,207
65,57,1,0,23,424,459,7,200,207
65,60,290,3,6,18,453,28,41,207
65,57,1,0,24,272,7,37,200,207
65,57,1,44,50,0,6,37,200,207
65,184,50,71,302,48,7,37,200,207
65,60,290,3,11,28,144,23,41,207
65,57,465,150,104,23,0,7,200,207
65,66,5,157,1,3,8,484,200,207
65,66,5,19,69,114,7,37,200,207
65,66,5,157,1,487,37,7,200,207
65,60,236,357,23,40,11,28,41,207
65,60,5,1,15,28,144,23,41,207
65,57,1,0,50,235,328,37,200,207
65,66,5,19,24,272,7,37,200,207
65,57,1,0,50,235,7,37,200,207
65,66,5,188,1,3,8,484,200,207
65,60,290,3,6,0,1,7,200,207
65,57,1,0,380,205,6,37,200,207
65,66,5,188,1,487,37,7,200,207
65,66,5,19,25,3,8,484,200,207
65,60,33,131,441,1,0,23,41,207
65,57,465,150,104,131,33,7,200,207
65,66,5,19,390,15,1,7,200,207
65,57,1,0,5,11,40,23,41,207
65,57,1,0,143,274,44,23,41,207
65,57,1,0,4,3,6,37,200,207
65,60,5,0,6,3,498,28,41,207
65,57,1,0,4,159,37,7,200,207
65,66,5,19,69,255,11,28,41,207
65,57,1,0,5,13,67,28,41,207
65,60,5,0,6,18,453,28,41,207
65,60,5,0,6,3,1,7,200,207
65,66,5,19,69,275,63,106,41,207
65,66,5,48,381,46,33,23,41,207
65,60,5,0,6,222,256,7,200,207
65,60,5,0,6,3,8,484,200,207
65,66,5,51,136,158,15,28,41,207
65,66,5,48,381,46,63,106,41,207
65,66,5,48,381,46,33,7,200,207
65,60,5,0,6,17,27,23,41,207
65,60,5,0,6,3,11,28,41,207
65,57,1,0,17,6,37,7,200,207
65,60,290,3,6,0,7,37,200,207
65,60,5,0,6,173,114,7,200,207
65,60,5,0,6,17,101,28,41,207
65,60,5,0,6,3,59,28,41,207
65,57,1,0,5,12,107,7,200,207
65,60,5,0,6,205,79,37,200,207
65,60,5,0,6,17,63,106,41,207
65,60,5,0,6,3,13,23,41,207
65,57,1,0,5,19,20,7,200,207
65,57,1,0,5,12,39,28,41,207
65,60,5,0,6,17,64,23,41,207
65,60,5,0,6,3,98,28,41,207
65,57,1,0,5,83,8,484,200,207
65,57,1,0,5,19,11,28,41,207
65,57,1,0,5,12,90,28,41,207
65,60,5,48,61,105,46,28,41,207
65,57,1,0,5,18,453,28,41,207
65,184,50,71,233,2,62,7,200,207
65,60,290,3,6,37,68,252,200,207
65,60,5,48,61,105,240,37,200,207
65,57,1,0,5,51,136,28,41,207
65,57,1,0,5,18,6,37,200,207
65,184,50,71,47,3,0,7,200,207
65,184,50,71,233,234,20,7,200,207
65,184,50,71,233,2,0,23,41,207
65,57,1,0,5,60,33,7,200,207
65,57,1,0,5,51,48,7,200,207
65,184,50,71,47,16,15,28,41,207
65,184,50,71,47,3,1,7,200,207
65,184,50,71,47,3,0,23,41,207
65,184,50,71,233,2,0,7,200,207
65,57,1,0,5,86,231,28,41,207
65,57,1,0,5,60,33,23,41,207
65,184,50,71,47,55,79,37,200,207
65,184,50,71,47,16,104,23,41,207
65,184,50,71,47,3,6,37,200,207
65,57,1,0,5,126,427,7,200,207
65,57,1,0,5,86,46,28,41,207
65,184,50,71,47,123,13,23,41,207
65,184,50,71,47,16,183,28,41,207
65,184,50,71,47,3,8,484,200,207
65,57,1,0,5,362,299,37,200,207
65,57,1,0,5,126,101,28,41,207
65,60,33,131,441,1,7,37,200,207
65,184,50,71,47,3,11,28,41,207
65,57,1,0,5,436,383,23,41,207
65,184,50,44,23,265,7,37,200,207
65,66,5,19,390,424,459,7,200,207
65,184,50,71,47,3,13,23,41,207
65,57,1,0,5,473,33,7,200,207
65,60,5,0,23,33,46,28,41,207
65,60,5,0,23,33,7,37,200,207
65,184,50,71,47,3,59,28,41,207
65,57,1,0,5,309,272,7,200,207
65,57,1,0,5,473,33,23,41,207
65,60,5,0,175,23,33,7,200,207
65,184,50,71,47,3,98,28,41,207
65,57,1,0,5,291,136,28,41,207
65,57,1,0,5,309,272,341,41,207
65,60,5,0,175,23,144,28,41,207
65,184,50,71,47,3,498,28,41,207
65,57,1,0,5,433,46,28,41,207
65,57,1,0,17,186,387,28,41,207
65,60,5,0,175,23,265,7,200,207
65,60,449,332,11,28,144,23,41,207
65,60,5,0,23,144,299,37,200,207
65,57,1,0,17,103,62,7,200,207
65,57,31,16,104,131,33,7,200,207
65,60,5,48,61,15,1,7,200,207
65,60,5,0,23,424,459,7,200,207
65,66,5,19,45,85,244,28,41,207
65,57,31,16,104,332,11,28,41,207
65,57,31,16,104,131,33,23,41,207
65,60,5,0,23,337,48,7,200,207
65,66,5,19,45,109,238,7,200,207
65,60,5,0,23,265,7,37,200,207
65,66,5,19,45,360,37,7,200,207
65,60,5,0,23,40,11,28,41,207
65,66,5,19,45,164,1,7,200,207
65,66,5,11,45,360,37,7,200,207
65,66,5,48,96,109,238,7,200,207
65,60,5,0,23,44,1,7,200,207
65,66,5,19,45,168,13,23,41,207
65,60,5,1,44,50,0,23,41,207
65,66,5,48,333,137,181,28,41,207
65,60,5,0,23,13,67,28,41,207
65,66,5,19,45,470,20,7,200,207
65,60,5,1,44,56,0,7,200,207
65,60,5,1,44,50,235,7,200,207
65,60,5,1,44,50,0,7,200,207
65,66,5,48,493,9,482,155,41,207
65,66,5,48,333,137,22,7,200,207
65,60,5,1,44,204,20,7,200,207
65,60,5,1,44,56,0,23,41,207
65,66,5,48,247,32,11,28,41,207
65,66,5,48,493,9,1,7,200,207
65,57,1,0,7,33,46,28,41,207
65,66,5,48,51,428,22,7,200,207
65,66,5,48,174,157,1,7,200,207
65,66,5,48,247,32,145,28,41,207
65,60,5,48,381,46,33,23,41,207
65,66,5,48,51,130,478,7,200,207
65,66,5,48,122,21,1,7,200,207
65,66,5,48,247,32,178,23,41,207
65,60,5,48,381,46,63,106,41,207
65,60,5,48,381,46,33,7,200,207
65,66,5,48,51,160,0,7,200,207
65,66,5,48,51,130,46,28,41,207
65,66,5,48,122,21,20,7,200,207
65,184,50,44,23,424,459,7,200,207
65,66,5,48,51,366,44,23,41,207
65,66,5,48,51,160,0,23,41,207
65,57,1,3,0,2,62,7,200,207
65,184,50,44,23,175,0,7,200,207
65,66,5,48,51,172,215,28,41,207
65,60,5,1,7,37,68,252,200,207
65,57,1,3,0,17,6,37,200,207
65,184,50,44,23,40,11,28,41,207
65,66,5,48,51,262,27,23,41,207
65,57,1,0,7,235,328,37,200,207
65,57,1,3,0,5,48,7,200,207
65,57,1,3,0,17,27,23,41,207
65,184,50,44,23,337,48,7,200,207
65,66,5,48,51,177,13,23,41,207
65,57,1,0,7,20,497,37,200,207
65,57,1,3,0,24,272,341,41,207
65,57,1,3,0,5,11,28,41,207
65,57,1,3,0,17,63,106,41,207
65,184,50,44,23,13,67,28,41,207
65,66,5,48,51,269,20,7,200,207
65,57,1,0,7,48,337,23,41,207
65,57,1,3,0,148,8,484,200,207
65,57,1,3,0,24,272,7,200,207
65,57,1,3,0,5,13,23,41,207
65,57,1,3,0,17,64,23,41,207
65,57,1,0,7,347,350,252,200,207
65,57,1,0,7,48,102,37,200,207
65,57,1,3,0,50,44,23,41,207
65,57,1,3,0,5,15,28,41,207
65,57,1,3,0,17,101,28,41,207
65,57,1,0,7,22,91,155,41,207
65,57,1,3,0,56,44,23,41,207
65,57,1,3,0,50,235,7,200,207
65,60,5,1,44,23,0,7,200,207
65,57,1,0,7,459,424,23,41,207
65,57,1,0,7,22,112,37,200,207
65,57,1,3,0,380,383,23,41,207
65,60,5,1,44,23,33,7,200,207
65,66,5,11,45,19,20,7,200,207
65,66,5,86,46,28,144,23,41,207
65,57,1,3,0,4,159,37,200,207
65,60,5,1,44,23,144,28,41,207
65,66,5,11,45,85,244,28,41,207
65,60,5,127,1,22,91,155,41,207
65,60,5,127,1,22,7,37,200,207
65,60,5,1,44,23,265,7,200,207
65,60,5,0,175,258,215,28,41,207
65,57,31,494,16,104,150,23,41,207
65,66,5,11,45,109,238,7,200,207
65,60,5,127,1,22,112,37,200,207
65,60,33,7,20,95,70,37,200,207
65,66,5,157,476,299,37,7,200,207
65,184,50,71,302,48,102,37,200,207
65,66,5,19,24,0,1,7,200,207
65,66,5,11,45,164,1,7,200,207
65,60,5,48,96,109,238,7,200,207
65,60,33,7,20,204,44,23,41,207
65,66,5,51,136,28,144,23,41,207
65,184,50,71,302,48,337,23,41,207
65,66,5,19,24,0,6,37,200,207
65,66,5,11,45,168,13,23,41,207
65,60,5,48,333,137,181,28,41,207
65,60,33,7,20,249,70,37,200,207
65,60,5,48,51,428,22,7,200,207
65,60,33,131,104,16,15,28,41,207
65,66,5,19,24,0,175,23,41,207
65,66,5,11,45,470,20,7,200,207
65,60,5,48,493,9,482,155,41,207
65,60,5,48,333,137,22,7,200,207
65,60,33,7,20,72,404,28,41,207
65,60,5,48,51,130,478,7,200,207
65,60,33,131,104,332,11,28,41,207
65,60,33,131,104,16,183,28,41,207
65,66,5,19,24,0,457,252,200,207
65,60,5,48,247,32,11,28,41,207
65,60,5,48,493,9,1,7,200,207
65,60,33,7,20,19,11,28,41,207
65,60,5,48,51,160,0,7,200,207
65,60,5,48,51,130,46,28,41,207
65,66,5,11,332,104,150,23,41,207
65,60,5,48,174,157,1,7,200,207
65,60,5,48,247,32,145,28,41,207
65,60,33,7,20,30,36,23,41,207
65,60,5,48,51,366,44,23,41,207
65,60,5,48,51,160,0,23,41,207
65,57,1,3,8,26,70,37,200,207
65,60,5,48,122,21,1,7,200,207
65,60,5,48,247,32,178,23,41,207
65,60,33,7,20,202,206,23,41,207
65,60,5,48,51,172,215,28,41,207
65,60,5,0,457,252,68,37,200,207
65,60,5,1,326,252,68,37,200,207
65,57,1,3,8,10,356,28,41,207
65,60,5,48,122,21,20,7,200,207
65,60,5,127,1,3,8,484,200,207
65,60,33,7,20,464,79,37,200,207
65,60,5,48,51,262,27,23,41,207
65,60,5,127,1,487,37,7,200,207
65,60,33,7,114,173,6,37,200,207
65,57,1,3,8,148,0,7,200,207
65,57,1,3,8,10,91,155,41,207
65,60,5,127,1,93,8,484,200,207
65,60,5,127,1,3,0,23,41,207
65,60,5,48,51,177,13,23,41,207
65,66,5,157,476,299,144,23,41,207
65,60,33,7,256,222,6,37,200,207
65,60,33,7,114,69,232,23,41,207
65,57,1,3,8,87,63,106,41,207
65,57,1,3,8,148,0,23,41,207
65,60,5,127,1,317,8,484,200,207
65,60,5,127,1,3,6,37,200,207
65,60,5,127,1,3,0,7,200,207
65,60,5,48,51,269,20,7,200,207
65,57,1,0,457,252,68,37,200,207
65,66,5,157,476,299,144,28,41,207
65,60,33,7,427,126,101,28,41,207
65,60,33,7,114,224,13,23,41,207
65,60,5,127,1,100,8,484,200,207
65,60,5,127,1,3,11,28,41,207
65,66,210,38,401,23,0,7,200,207
65,60,33,7,235,50,0,23,41,207
65,60,33,7,272,24,0,23,41,207
65,60,33,7,48,381,46,28,41,207
65,66,5,19,24,298,44,23,41,207
65,60,5,127,1,0,6,37,200,207
65,60,33,7,107,12,39,28,41,207
65,57,31,494,16,10,91,155,41,207
65,60,5,127,1,0,7,37,200,207
65,60,5,127,1,21,20,7,200,207
65,60,5,127,1,3,59,28,41,207
65,184,50,44,23,33,7,37,200,207
65,57,31,128,243,8,1,7,200,207
65,66,210,38,401,23,33,7,200,207
65,60,33,7,235,50,44,23,41,207
65,60,33,7,272,443,259,37,200,207
65,66,5,11,49,46,33,23,41,207
65,57,31,128,30,16,15,28,41,207
65,60,33,7,1,0,6,37,200,207
65,60,33,7,48,5,0,23,41,207
65,57,1,44,56,0,7,37,200,207
65,60,33,170,46,28,144,23,41,207
65,66,5,19,284,20,7,37,200,207
65,57,31,128,30,20,7,37,200,207
65,60,33,7,1,191,8,484,200,207
65,57,31,75,3,1,0,23,41,207
65,60,5,127,1,0,175,23,41,207
65,60,33,7,62,353,240,37,200,207
65,60,33,7,107,12,90,28,41,207
65,57,31,494,16,30,20,7,200,207
65,57,31,494,16,10,8,484,200,207
65,57,1,0,3,133,8,484,200,207
65,57,1,0,6,37,68,252,200,207
65,60,5,127,1,9,482,155,41,207
65,66,5,11,259,443,272,7,200,207
65,60,236,1,15,5,0,7,200,207
65,57,31,75,3,0,1,7,200,207
65,60,5,127,1,3,98,28,41,207
65,60,5,188,1,0,6,37,200,207
65,60,5,188,1,0,7,37,200,207
65,60,236,1,8,26,70,37,200,207
65,57,31,75,3,1,7,37,200,207
65,66,210,38,401,23,144,28,41,207
65,57,31,128,30,20,497,37,200,207
65,57,31,75,3,0,7,37,200,207
65,57,1,44,50,235,7,37,200,207
65,66,5,11,475,1,0,23,41,207
65,60,236,1,15,28,144,23,41,207
65,60,5,11,19,20,497,37,200,207
65,66,5,11,49,46,63,106,41,207
65,66,5,11,49,46,33,7,200,207
65,60,5,11,19,45,360,37,200,207
65,57,31,128,30,229,6,37,200,207
65,60,5,11,19,20,7,37,200,207
65,57,31,128,30,16,104,23,41,207
65,66,5,19,69,1,7,37,200,207
65,60,5,188,1,22,91,155,41,207
65,60,33,7,1,0,175,23,41,207
65,60,5,188,1,22,7,37,200,207
65,60,449,332,11,259,37,7,200,207
65,57,31,75,3,6,0,23,41,207
65,60,33,7,48,61,15,28,41,207
65,60,33,7,48,5,13,23,41,207
65,60,5,11,45,19,20,7,200,207
65,66,5,11,475,1,7,37,200,207
65,66,5,86,231,28,144,23,41,207
65,60,5,11,45,360,37,7,200,207
65,57,31,75,3,6,37,7,200,207
65,66,5,11,139,348,248,28,41,207
65,60,33,7,1,236,357,23,41,207
65,57,31,75,3,1,8,484,200,207
65,60,5,11,332,104,150,23,41,207
65,57,31,75,3,1,0,7,200,207
65,60,5,127,1,0,457,252,200,207
65,184,50,44,1,22,7,37,200,207
65,60,290,3,9,292,345,37,200,207
65,184,295,113,15,28,144,23,41,207
65,66,5,12,39,28,144,23,41,207
65,60,33,7,478,130,46,28,41,207
65,60,33,7,62,2,0,23,41,207
65,60,449,332,11,3,8,484,200,207
65,60,5,11,49,46,33,23,41,207
65,57,31,75,3,8,1,7,200,207
65,60,5,188,1,3,8,484,200,207
65,57,31,494,16,246,206,23,41,207
65,57,31,494,16,30,36,23,41,207
65,60,5,188,1,487,37,7,200,207
65,57,31,494,16,10,356,28,41,207
65,60,5,11,139,348,248,28,41,207
65,57,1,0,3,9,482,155,41,207
65,60,290,3,133,8,1,7,200,207
65,60,5,11,475,1,0,23,41,207
65,60,5,11,475,1,7,37,200,207
65,60,5,11,32,9,482,155,41,207
65,60,5,127,1,475,11,28,41,207
65,60,5,86,231,28,144,23,41,207
65,60,236,1,0,3,8,484,200,207
65,66,5,11,259,443,272,341,41,207
65,57,31,80,271,260,0,7,200,207
65,60,5,11,3,1,0,23,41,207
65,60,236,1,15,16,183,28,41,207
65,60,236,1,15,5,48,7,200,207
65,60,5,11,3,1,7,37,200,207
65,60,236,1,15,5,0,23,41,207
65,66,5,157,416,3,0,23,41,207
65,60,230,203,417,46,33,23,41,207
65,57,1,236,357,23,0,7,200,207
65,60,5,11,3,0,1,7,200,207
65,57,31,75,3,0,6,37,200,207
65,60,5,11,3,0,7,37,200,207
65,60,5,127,1,3,13,23,41,207
65,57,31,80,99,0,7,37,200,207
65,60,5,188,1,0,175,23,41,207
65,60,5,11,3,6,0,23,41,207
65,57,1,3,13,224,114,7,200,207
65,60,5,11,3,6,37,7,200,207
65,184,50,235,328,37,68,252,200,207
65,60,236,1,8,3,498,28,41,207
65,57,31,75,3,11,40,23,41,207
65,184,50,44,1,69,114,7,200,207
65,184,50,44,1,487,37,7,200,207
65,66,210,38,401,23,265,7,200,207
65,60,5,51,48,7,0,23,41,207
65,66,5,157,307,33,7,37,200,207
65,57,31,13,5,1,0,23,41,207
65,66,5,11,475,1,8,484,200,207
65,57,31,13,5,1,7,37,200,207
65,66,5,11,475,1,0,7,200,207
65,57,31,80,99,0,1,7,200,207
65,60,5,51,160,0,7,37,200,207
65,66,5,157,253,13,67,28,41,207
65,60,290,3,133,217,22,7,200,207
65,60,33,131,186,17,63,106,41,207
65,184,50,44,1,0,7,37,200,207
65,57,31,75,3,13,67,28,41,207
65,57,31,13,306,91,22,7,200,207
65,57,1,3,0,23,33,7,200,207
65,60,5,11,19,24,0,7,200,207
65,66,5,19,284,20,497,37,200,207
65,60,236,1,44,50,0,23,41,207
65,184,50,44,56,0,7,37,200,207
65,60,5,11,3,13,67,28,41,207
65,57,31,128,30,16,183,28,41,207
65,66,5,157,307,33,46,28,41,207
65,66,5,157,310,20,497,37,200,207
65,60,5,19,45,11,40,23,41,207
65,60,5,188,1,22,112,37,200,207
65,60,5,86,46,28,144,23,41,207
65,57,31,13,119,112,22,7,200,207
65,60,33,7,1,0,457,252,200,207
65,66,5,157,310,20,7,37,200,207
65,57,31,80,46,49,11,28,41,207
65,57,31,13,119,112,37,7,200,207
65,57,31,13,5,11,40,23,41,207
65,57,31,75,3,6,0,7,200,207
65,60,290,3,250,211,6,37,200,207
65,60,5,51,48,381,46,28,41,207
65,57,31,80,46,63,203,400,41,207
65,57,31,13,5,0,1,7,200,207
65,60,33,7,48,51,136,28,41,207
65,57,31,13,5,0,7,37,200,207
65,60,5,11,3,133,8,484,200,207
65,60,33,7,48,5,11,28,41,207
65,60,5,11,45,85,244,28,41,207
65,60,236,1,44,23,0,7,200,207
65,57,31,13,305,203,63,106,41,207
65,57,31,13,119,277,37,7,200,207
65,60,236,357,23,144,299,37,200,207
65,57,1,3,0,6,37,7,200,207
65,57,1,3,0,7,33,23,41,207
65,60,5,436,451,418,244,28,41,207
65,57,31,13,5,15,1,7,200,207
65,66,5,127,273,230,203,400,41,207
65,66,5,11,241,12,39,28,41,207
65,66,5,11,139,12,39,28,41,207
65,57,31,13,320,26,8,484,200,207
65,66,5,11,440,28,144,23,41,207
65,60,5,436,383,380,0,7,200,207
65,60,33,7,1,69,232,23,41,207
65,57,31,13,224,114,7,37,200,207
65,57,31,75,3,1,15,28,41,207
65,60,5,19,24,0,7,37,200,207
65,57,31,13,5,12,107,7,200,207
65,57,31,13,5,48,102,37,200,207
65,184,50,71,137,22,1,7,200,207
65,60,33,35,415,70,37,7,200,207
65,60,290,3,9,1,0,23,41,207
65,184,50,44,1,7,0,23,41,207
65,57,31,13,5,48,7,37,200,207
65,60,5,19,45,85,244,28,41,207
65,60,290,3,9,316,0,7,200,207
65,60,290,3,9,292,46,28,41,207
65,60,33,7,0,23,144,28,41,207
65,184,50,44,204,20,497,37,200,207
65,60,5,19,45,360,37,7,200,207
65,57,1,0,23,265,7,37,200,207
65,57,31,75,3,4,0,23,41,207
65,60,290,3,250,347,350,252,200,207
65,60,5,126,101,28,144,23,41,207
65,57,31,13,3,1,0,23,41,207
65,57,31,13,3,1,7,37,200,207
65,57,31,13,3,0,1,7,200,207
65,57,31,13,3,0,7,37,200,207
65,60,449,332,11,5,1,7,200,207
65,60,449,332,11,3,0,23,41,207
65,60,290,3,250,347,7,37,200,207
65,60,5,126,101,17,63,106,41,207
65,60,5,11,49,46,63,106,41,207
65,60,5,11,49,46,33,7,200,207
65,60,5,436,383,23,0,7,200,207
65,60,5,19,69,1,0,23,41,207
65,57,1,8,148,0,7,37,200,207
65,60,5,188,1,93,8,484,200,207
65,66,5,0,457,252,68,37,200,207
65,66,5,19,69,1,0,23,41,207
65,60,236,1,326,252,68,37,200,207
65,57,1,8,10,16,15,28,41,207
65,60,5,188,1,3,0,23,41,207
65,57,1,8,10,91,22,7,200,207
65,60,5,19,24,298,44,23,41,207
65,60,5,19,69,1,7,37,200,207
65,57,31,13,3,6,0,23,41,207
65,57,31,13,3,6,37,7,200,207
65,60,5,11,241,12,39,28,41,207
65,60,5,19,24,0,1,7,200,207
65,57,1,8,133,217,22,7,200,207
65,60,5,11,139,12,39,28,41,207
65,57,1,8,87,418,244,28,41,207
65,57,1,0,3,327,22,7,200,207
65,57,1,44,50,235,328,37,200,207
65,184,50,44,1,0,6,37,200,207
65,57,1,8,87,63,46,28,41,207
65,57,1,8,148,0,6,37,200,207
65,66,5,126,101,17,63,106,41,207
65,60,5,11,475,1,8,484,200,207
65,60,5,11,475,1,0,7,200,207
65,66,5,11,3,133,8,484,200,207
65,60,5,19,284,20,497,37,200,207
65,57,31,13,3,11,40,23,41,207
65,60,5,11,32,247,48,7,200,207
65,60,5,11,32,9,1,7,200,207
65,184,50,44,23,33,46,28,41,207
65,60,5,19,284,20,7,37,200,207
65,60,5,127,1,111,90,28,41,207
65,60,5,127,273,230,203,400,41,207
65,60,290,3,9,1,7,37,200,207
65,66,5,188,368,299,144,23,41,207
65,66,5,12,139,348,248,28,41,207
65,66,5,12,139,11,40,23,41,207
65,60,236,1,0,2,62,7,200,207
65,60,236,1,0,3,13,23,41,207
65,57,31,80,117,69,114,7,200,207
65,57,31,80,271,260,0,23,41,207
65,60,5,11,3,1,8,484,200,207
65,60,5,11,3,1,0,7,200,207
65,60,236,1,15,390,424,23,41,207
65,60,236,1,15,16,104,23,41,207
65,60,236,1,15,5,11,28,41,207
65,66,5,157,344,26,8,484,200,207
65,66,5,157,416,3,1,7,200,207
65,66,5,157,416,3,0,7,200,207
65,60,230,203,417,46,63,106,41,207
65,60,230,203,417,46,33,7,200,207
65,57,1,236,357,23,33,7,200,207
65,60,5,11,3,0,6,37,200,207
65,57,31,75,3,0,175,23,41,207
65,60,5,127,1,3,498,28,41,207
65,60,5,188,1,0,457,252,200,207
65,60,5,11,3,6,0,7,200,207
65,57,1,3,13,119,112,37,200,207
65,60,236,1,8,10,356,28,41,207
65,60,236,1,8,3,0,23,41,207
65,60,5,51,428,22,1,7,200,207
65,57,31,75,3,11,259,37,200,207
65,184,50,44,1,78,20,7,200,207
65,184,50,44,1,69,232,23,41,207
65,60,5,51,48,7,265,23,41,207
65,57,31,13,5,1,8,484,200,207
65,57,31,13,5,1,0,7,200,207
65,66,5,11,475,1,15,28,41,207
65,57,31,80,99,0,6,37,200,207
65,66,5,12,241,469,1,7,200,207
65,60,33,131,186,17,0,23,41,207
65,57,1,3,0,23,144,28,41,207
65,66,5,12,241,11,40,23,41,207
65,60,5,11,19,69,1,7,200,207
65,60,5,11,19,24,272,341,41,207
65,60,5,11,19,24,0,23,41,207
65,66,5,12,58,24,272,341,41,207
65,60,290,3,1,487,37,7,200,207
65,60,236,1,44,56,0,7,200,207
65,60,236,1,44,50,235,7,200,207
65,60,236,1,44,50,0,7,200,207
65,60,290,3,1,191,8,484,200,207
65,66,5,12,2,10,91,155,41,207
65,57,1,8,3,0,7,37,200,207
65,60,5,51,428,22,7,37,200,207
65,66,5,1,8,26,70,37,200,207
65,57,1,9,38,43,37,7,200,207
65,60,33,46,130,51,48,7,200,207
65,60,33,46,130,478,7,37,200,207
65,57,1,9,292,345,37,7,200,207
65,66,5,12,2,0,7,37,200,207
65,60,5,19,45,11,259,37,200,207
65,66,5,12,2,0,1,7,200,207
65,60,33,46,446,112,22,7,200,207
65,60,5,51,160,0,1,7,200,207
65,60,33,46,446,112,37,7,200,207
65,60,33,46,63,17,6,37,200,207
65,60,5,309,272,24,0,7,200,207
65,60,33,46,163,63,203,400,41,207
65,57,31,80,46,52,481,28,41,207
65,60,33,46,163,489,144,23,41,207
65,57,31,13,5,11,259,37,200,207
65,66,5,12,90,28,144,23,41,207
65,60,290,3,287,323,27,23,41,207
65,57,1,93,8,26,70,37,200,207
65,60,290,3,250,370,203,400,41,207
65,60,33,46,292,9,1,7,200,207
65,60,33,46,292,345,37,7,200,207
65,60,5,51,48,61,15,28,41,207
65,66,5,19,11,259,37,7,200,207
65,60,5,19,69,255,11,28,41,207
65,57,1,9,38,34,0,7,200,207
65,57,31,13,5,0,6,37,200,207
65,66,5,188,368,299,37,7,200,207
65,60,5,1,111,203,63,106,41,207
65,60,236,1,9,38,68,252,200,207
65,60,33,23,41,341,272,7,200,207
65,60,33,46,417,203,63,106,41,207
65,60,33,46,417,421,256,7,200,207
65,60,5,11,3,346,248,28,41,207
65,60,5,1,9,38,68,252,200,207
65,60,33,7,48,5,15,28,41,207
65,60,5,1,7,235,328,37,200,207
65,60,5,1,111,385,33,7,200,207
65,60,5,11,45,109,238,7,200,207
65,60,236,1,44,23,33,7,200,207
65,60,290,3,13,23,0,7,200,207
65,57,1,8,3,6,37,7,200,207
65,57,1,8,3,6,0,23,41,207
65,66,5,126,101,28,144,23,41,207
65,60,33,46,381,48,102,37,200,207
65,60,5,433,46,28,144,23,41,207
65,60,33,46,381,48,7,37,200,207
65,184,50,71,137,22,7,37,200,207
65,57,1,9,292,46,33,23,41,207
65,60,5,1,35,110,248,28,41,207
65,57,1,3,0,7,265,23,41,207
65,60,5,19,390,424,459,7,200,207
65,60,236,1,5,48,102,37,200,207
65,60,290,3,287,1,0,23,41,207
65,60,33,46,49,11,40,23,41,207
65,57,1,317,339,325,44,23,41,207
65,66,5,11,311,168,13,23,41,207
65,57,1,9,3,6,0,23,41,207
65,66,5,11,241,469,1,7,200,207
65,66,5,11,241,12,90,28,41,207
65,57,1,9,3,6,37,7,200,207
65,66,5,11,139,12,90,28,41,207
65,57,1,9,3,0,6,37,200,207
65,60,5,1,35,33,46,28,41,207
65,57,31,13,177,51,48,7,200,207
65,57,31,13,320,26,70,37,200,207
65,60,5,1,35,33,7,37,200,207
65,57,31,13,3,133,8,484,200,207
65,57,1,8,3,0,6,37,200,207
65,66,5,60,290,3,6,37,200,207
65,57,1,9,3,0,7,37,200,207
65,60,33,46,52,21,1,7,200,207
65,60,5,19,390,15,1,7,200,207
65,60,5,436,383,380,0,23,41,207
65,60,33,7,1,317,8,484,200,207
65,60,195,131,104,16,15,28,41,207
65,60,5,1,475,11,40,23,41,207
65,60,5,1,69,19,20,7,200,207
65,57,31,75,3,1,22,7,200,207
65,57,1,8,3,11,40,23,41,207
65,60,5,48,337,23,0,7,200,207
65,57,1,317,8,26,70,37,200,207
65,57,31,13,5,19,20,7,200,207
65,60,5,1,69,114,7,37,200,207
65,57,31,13,5,12,39,28,41,207
65,57,1,9,176,33,7,37,200,207
65,60,33,46,105,61,15,28,41,207
65,57,31,13,5,48,337,23,41,207
65,184,50,71,137,22,91,155,41,207
65,57,1,78,20,497,37,7,200,207
65,57,1,9,32,11,40,23,41,207
65,60,33,46,105,240,37,7,200,207
65,60,5,1,21,438,0,7,200,207
65,60,290,3,9,1,8,484,200,207
65,60,290,3,9,1,0,7,200,207
65,60,5,1,21,20,497,37,200,207
65,184,50,44,1,7,33,23,41,207
65,57,1,44,204,20,497,37,200,207
65,60,5,291,136,28,144,23,41,207
65,57,1,9,316,403,232,23,41,207
65,60,33,46,86,5,0,23,41,207
65,60,5,1,21,20,7,37,200,207
65,60,5,19,45,109,238,7,200,207
65,60,5,1,78,20,497,37,200,207
65,60,290,3,9,32,11,28,41,207
65,60,290,3,9,316,0,23,41,207
65,66,5,13,3,8,1,7,200,207
65,60,33,46,141,38,43,37,200,207
65,60,33,46,110,35,1,7,200,207
65,57,31,75,3,9,482,155,41,207
65,60,5,1,78,20,7,37,200,207
65,57,31,75,3,4,159,37,200,207
65,57,31,75,3,4,0,7,200,207
65,60,5,1,100,260,0,7,200,207
65,60,236,1,5,0,6,37,200,207
65,66,5,1,15,16,183,28,41,207
65,57,1,3,11,28,144,23,41,207
65,57,1,9,316,0,7,37,200,207
65,57,31,13,3,1,8,484,200,207
65,57,31,13,3,1,0,7,200,207
65,57,1,9,176,33,46,28,41,207
65,66,5,442,353,62,7,37,200,207
65,57,31,13,3,0,6,37,200,207
65,60,33,35,110,46,63,106,41,207
65,60,5,1,220,83,8,484,200,207
65,60,449,332,11,19,20,7,200,207
65,60,449,332,11,5,0,23,41,207
65,57,1,9,32,247,48,7,200,207
65,66,5,491,310,157,1,7,200,207
65,60,449,332,11,3,1,7,200,207
65,60,449,332,11,3,0,7,200,207
65,60,236,1,5,48,7,37,200,207
65,66,5,491,310,20,497,37,200,207
65,66,5,491,310,20,7,37,200,207
65,60,5,126,101,17,0,23,41,207
65,66,5,442,353,240,37,7,200,207
65,66,5,51,48,102,37,7,200,207
65,60,195,131,186,17,63,106,41,207
65,60,5,436,383,23,33,7,200,207
65,66,5,371,14,3,98,28,41,207
65,57,1,9,3,11,40,23,41,207
65,66,5,371,466,424,459,7,200,207
65,60,5,19,69,1,8,484,200,207
65,60,5,19,69,1,0,7,200,207
65,60,290,3,287,1,7,37,200,207
65,60,5,51,366,44,1,7,200,207
65,60,5,12,39,28,144,23,41,207
65,60,5,12,90,111,1,7,200,207
65,66,5,270,9,1,0,23,41,207
65,60,5,188,1,317,8,484,200,207
65,66,5,270,9,3,8,484,200,207
65,66,5,270,9,1,7,37,200,207
65,66,5,19,69,1,8,484,200,207
65,66,5,19,69,1,0,7,200,207
65,66,5,51,48,7,0,23,41,207
65,66,5,363,74,31,13,23,41,207
65,66,5,363,74,20,497,37,200,207
65,57,1,5,11,259,37,7,200,207
65,57,1,8,10,2,0,7,200,207
65,57,1,8,10,16,104,23,41,207
65,66,5,363,74,20,7,37,200,207
65,60,236,1,0,23,33,7,200,207
65,60,33,23,0,6,37,7,200,207
65,60,5,157,174,48,7,37,200,207
65,60,5,188,1,3,6,37,200,207
65,60,5,188,1,3,0,7,200,207
65,57,1,9,77,228,8,484,200,207
65,60,5,157,174,48,102,37,200,207
65,60,236,1,5,0,7,37,200,207
65,66,5,286,429,48,102,37,200,207
65,66,5,286,429,48,7,37,200,207
65,57,1,9,493,48,102,37,200,207
65,57,1,9,493,48,7,37,200,207
65,57,31,13,3,6,0,7,200,207
65,60,5,157,476,299,144,23,41,207
65,66,210,38,43,37,68,252,200,207
65,66,5,60,236,1,7,37,200,207
65,57,1,9,316,0,6,37,200,207
65,60,5,157,476,299,37,7,200,207
65,60,5,11,311,168,13,23,41,207
65,60,5,11,241,469,1,7,200,207
65,66,5,268,179,17,63,106,41,207
65,60,5,11,241,12,90,28,41,207
65,66,5,81,42,4,0,23,41,207
65,60,5,19,24,0,6,37,200,207
65,66,5,81,42,6,0,23,41,207
65,57,1,8,83,5,0,7,200,207
65,60,5,12,90,28,144,23,41,207
65,66,5,18,6,3,8,484,200,207
65,57,1,8,133,3,0,7,200,207
65,66,5,81,42,6,37,7,200,207
65,66,5,286,30,20,497,37,200,207
65,60,5,11,139,12,90,28,41,207
65,66,5,286,30,20,7,37,200,207
65,57,1,9,38,68,37,7,200,207
65,60,5,18,453,28,144,23,41,207
65,57,1,0,3,346,248,28,41,207
65,60,5,157,253,13,67,28,41,207
65,184,50,44,1,0,175,23,41,207
65,60,290,3,4,0,7,37,200,207
65,66,5,286,30,16,15,28,41,207
65,57,1,8,87,63,203,400,41,207
65,184,50,44,298,24,0,7,200,207
65,57,1,8,148,0,175,23,41,207
65,57,1,5,11,3,8,484,200,207
65,66,5,126,101,17,0,23,41,207
65,57,465,150,23,40,11,28,41,207
65,60,290,3,59,28,144,23,41,207
65,57,1,100,8,26,70,37,200,207
65,60,5,157,307,33,7,37,200,207
65,60,33,307,157,5,1,7,200,207
65,60,5,11,475,1,15,28,41,207
65,60,33,307,157,1,0,23,41,207
65,66,5,11,3,346,248,28,41,207
65,60,33,307,157,1,7,37,200,207
65,60,5,157,416,3,0,23,41,207
65,57,31,13,3,11,259,37,200,207
65,60,5,157,310,20,497,37,200,207
65,60,5,11,32,367,59,28,41,207
65,60,5,19,69,114,7,37,200,207
65,57,1,3,13,23,0,7,200,207
65,60,5,157,307,33,46,28,41,207
65,60,5,157,310,20,7,37,200,207
65,60,5,291,136,51,48,7,200,207
65,57,1,9,3,13,67,28,41,207
65,60,5,127,1,35,33,23,41,207
65,60,5,127,1,111,203,400,41,207
65,60,33,176,180,134,1,7,200,207
65,60,33,140,447,105,46,28,41,207
65,60,236,1,5,11,40,23,41,207
65,66,5,60,236,1,0,23,41,207
65,60,5,19,24,272,7,37,200,207
65,60,33,140,21,1,0,23,41,207
65,66,5,188,368,299,144,28,41,207
65,66,5,1,22,7,0,23,41,207
65,66,5,12,139,11,259,37,200,207
65,60,33,140,21,1,7,37,200,207
65,57,1,8,3,13,67,28,41,207
65,66,5,51,130,46,33,23,41,207
65,60,236,1,0,17,63,106,41,207
65,60,33,385,434,103,62,7,200,207
65,60,33,385,111,203,63,106,41,207
65,60,236,1,0,3,6,37,200,207
65,60,33,176,9,3,8,484,200,207
65,57,31,80,395,163,46,28,41,207
65,57,465,150,23,33,7,37,200,207
65,60,33,176,9,1,0,23,41,207
65,60,33,176,9,1,7,37,200,207
65,57,31,80,117,187,145,28,41,207
65,57,31,80,117,69,1,7,200,207
65,60,33,140,21,26,8,484,200,207
65,60,33,140,21,20,497,37,200,207
65,60,5,11,3,1,15,28,41,207
65,57,465,150,23,33,46,28,41,207
65,60,5,1,7,33,46,28,41,207
65,60,33,140,21,20,7,37,200,207
65,60,236,1,15,61,48,7,200,207
65,60,236,1,111,203,63,106,41,207
65,60,5,19,11,259,37,7,200,207
65,60,5,473,33,23,0,7,200,207
65,60,290,3,4,0,1,7,200,207
65,66,5,12,90,111,1,7,200,207
65,60,33,35,77,228,8,484,200,207
65,57,1,9,3,133,8,484,200,207
65,60,236,1,15,5,13,23,41,207
65,60,33,385,111,1,0,23,41,207
65,66,5,157,432,293,1,7,200,207
65,66,5,157,344,26,70,37,200,207
65,60,33,385,111,1,7,37,200,207
65,66,5,157,416,3,6,37,200,207
65,57,1,8,3,9,482,155,41,207
65,66,5,51,160,0,7,37,200,207
65,66,5,15,28,46,63,106,41,207
65,60,5,19,25,3,8,484,200,207
65,57,465,150,23,144,299,37,200,207
65,60,33,121,211,250,347,7,200,207
65,57,1,236,357,23,144,28,41,207
65,60,5,11,3,0,175,23,41,207
65,60,33,121,211,6,0,23,41,207
65,60,33,121,211,6,37,7,200,207
65,57,31,75,3,0,457,252,200,207
65,66,5,15,28,144,299,37,200,207
65,60,5,19,11,3,8,484,200,207
65,60,33,121,38,43,37,7,200,207
65,57,1,3,13,5,0,7,200,207
65,60,33,35,369,256,7,37,200,207
65,60,5,11,28,144,299,37,200,207
65,66,5,51,428,22,1,7,200,207
65,60,33,439,460,241,11,28,41,207
65,57,1,3,13,119,277,37,200,207
65,60,236,1,8,148,0,7,200,207
65,60,33,439,186,17,63,106,41,207
65,60,236,1,8,10,91,155,41,207
65,60,236,1,8,3,6,37,200,207
65,60,236,1,8,3,0,7,200,207
65,66,5,51,428,22,7,37,200,207
65,60,33,190,431,490,104,23,41,207
65,60,5,51,428,22,91,155,41,207
65,60,33,190,431,1,0,23,41,207
65,66,5,51,160,0,1,7,200,207
65,60,33,190,431,1,7,37,200,207
65,57,31,75,3,11,440,28,41,207
65,60,33,190,158,15,1,7,200,207
65,184,50,44,1,3,0,7,200,207
65,57,31,80,46,33,7,37,200,207
65,60,33,7,37,259,11,28,41,207
65,60,33,121,38,9,482,155,41,207
65,60,33,121,38,68,37,7,200,207
65,60,5,51,48,7,272,341,41,207
65,60,5,11,28,46,33,23,41,207
65,60,5,1,3,11,40,23,41,207
65,57,31,13,5,1,15,28,41,207
65,66,5,11,475,1,22,7,200,207
65,57,31,80,99,0,175,23,41,207
65,66,5,19,45,11,40,23,41,207
65,57,31,494,16,15,1,7,200,207
65,60,5,1,3,133,8,484,200,207
65,60,290,3,327,22,7,37,200,207
65,60,33,131,186,17,6,37,200,207
65,60,33,131,186,17,0,7,200,207
65,57,1,3,0,23,265,7,200,207
65,66,5,12,241,11,259,37,200,207
65,60,5,11,19,284,20,7,200,207
65,60,5,11,19,69,114,7,200,207
65,60,5,11,19,24,272,7,200,207
65,66,5,12,185,72,20,7,200,207
65,66,5,12,58,24,0,23,41,207
65,66,5,12,58,24,272,7,200,207
65,60,236,1,44,204,20,7,200,207
65,60,236,1,44,56,0,23,41,207
65,57,1,78,20,202,206,23,41,207
65,60,5,157,1,0,6,37,200,207
65,60,290,3,1,317,8,484,200,207
65,66,5,12,2,10,8,484,200,207
65,57,1,5,11,28,144,23,41,207
65,60,5,157,1,0,7,37,200,207
65,66,5,1,8,3,498,28,41,207
65,60,195,131,104,23,0,7,200,207
65,60,5,48,7,37,68,252,200,207
65,60,5,157,1,22,91,155,41,207
65,60,33,46,130,51,136,28,41,207
65,57,1,44,56,0,6,37,200,207
65,60,5,157,1,22,7,37,200,207
65,60,33,473,5,1,0,23,41,207
65,60,5,19,45,11,440,28,41,207
65,60,33,473,5,1,7,37,200,207
65,60,5,51,177,13,67,28,41,207
65,66,5,19,11,3,8,484,200,207
65,60,236,1,35,110,248,28,41,207
65,66,5,1,3,0,6,37,200,207
65,66,5,12,2,0,6,37,200,207
65,60,5,51,160,0,6,37,200,207
65,66,5,1,3,6,37,7,200,207
65,60,33,46,63,87,8,484,200,207
65,60,33,473,5,13,67,28,41,207
65,60,33,46,63,17,0,23,41,207
65,60,5,309,272,443,259,37,200,207
65,60,236,1,111,385,33,7,200,207
65,60,33,473,5,15,1,7,200,207
65,60,5,309,272,24,0,23,41,207
65,60,5,157,1,3,8,484,200,207
65,57,31,80,46,163,63,106,41,207
65,60,5,157,1,487,37,7,200,207
65,60,33,473,5,12,107,7,200,207
65,60,33,46,163,489,144,28,41,207
65,57,31,13,5,11,440,28,41,207
65,60,33,473,5,48,102,37,200,207
65,60,33,473,5,48,7,37,200,207
65,60,290,3,98,28,144,23,41,207
65,60,236,1,5,13,67,28,41,207
65,57,1,3,59,28,144,23,41,207
65,60,33,473,5,0,1,7,200,207
65,60,290,3,287,324,11,28,41,207
65,60,33,473,5,0,7,37,200,207
65,66,5,1,3,0,7,37,200,207
65,57,1,93,8,3,498,28,41,207
65,60,5,13,305,203,63,106,41,207
65,60,290,3,327,22,1,7,200,207
65,66,5,1,3,6,0,23,41,207
65,60,236,1,0,6,37,7,200,207
65,60,33,46,292,9,482,155,41,207
65,66,5,1,15,28,144,23,41,207
65,184,50,44,56,0,1,7,200,207
65,66,5,51,366,44,1,7,200,207
65,60,5,13,306,91,22,7,200,207
65,57,31,80,97,108,1,7,200,207
65,66,5,0,17,6,37,7,200,207
65,60,5,19,69,275,63,106,41,207
65,60,5,13,3,1,0,23,41,207
65,60,5,13,23,144,299,37,200,207
65,66,5,0,3,13,67,28,41,207
65,60,5,13,3,1,7,37,200,207
65,57,1,9,38,121,33,7,200,207
65,60,5,13,3,0,1,7,200,207
65,57,1,9,38,34,0,23,41,207
65,57,31,80,97,1,0,23,41,207
65,57,31,13,5,0,175,23,41,207
65,60,5,13,3,0,7,37,200,207
65,60,33,23,0,3,6,37,200,207
65,66,210,38,88,9,482,155,41,207
65,66,5,291,136,28,144,23,41,207
65,60,5,13,119,112,22,7,200,207
65,60,5,13,119,112,37,7,200,207
65,60,236,1,9,3,498,28,41,207
65,60,236,1,9,38,43,37,200,207
65,60,236,1,9,38,68,37,200,207
65,60,5,13,3,6,0,23,41,207
65,60,5,13,3,6,37,7,200,207
65,60,5,13,31,16,15,28,41,207
65,60,5,11,3,9,482,155,41,207
65,66,5,51,177,13,67,28,41,207
65,60,5,13,224,114,7,37,200,207
65,60,5,1,9,3,498,28,41,207
65,60,5,1,9,38,43,37,200,207
65,60,5,1,9,38,68,37,200,207
65,60,5,13,119,277,37,7,200,207
65,60,5,1,7,20,497,37,200,207
65,60,5,13,3,11,40,23,41,207
65,60,5,1,111,385,33,23,41,207
65,57,1,3,6,0,175,23,41,207
65,60,5,11,45,164,1,7,200,207
65,57,1,3,6,0,7,37,200,207
65,184,50,44,204,20,7,37,200,207
65,184,50,44,1,22,91,155,41,207
65,66,5,1,3,11,40,23,41,207
65,60,236,1,44,23,144,28,41,207
65,60,290,3,13,23,33,7,200,207
65,184,50,0,23,424,459,7,200,207
65,66,210,38,165,46,33,23,41,207
65,184,50,0,23,265,7,37,200,207
65,57,1,8,3,6,0,7,200,207
65,66,5,60,230,203,63,106,41,207
65,60,33,46,381,48,337,23,41,207
65,66,210,38,121,33,7,37,200,207
65,66,5,0,24,19,11,28,41,207
65,60,5,13,3,133,8,484,200,207
65,66,5,15,1,69,114,7,200,207
65,60,290,3,4,159,37,7,200,207
65,66,5,1,0,3,8,484,200,207
65,57,1,9,292,46,63,106,41,207
65,57,1,9,292,46,33,7,200,207
65,66,5,15,1,487,37,7,200,207
65,60,5,1,35,415,70,37,200,207
65,66,5,291,136,51,48,7,200,207
65,57,31,80,97,1,7,37,200,207
65,60,5,1,35,110,46,28,41,207
65,57,1,157,476,299,144,23,41,207
65,57,1,3,0,7,272,341,41,207
65,57,1,0,23,33,46,28,41,207
65,66,5,1,111,203,63,106,41,207
65,57,1,157,476,299,37,7,200,207
65,60,236,1,5,48,337,23,41,207
65,60,290,3,287,1,8,484,200,207
65,60,290,3,287,1,0,7,200,207
65,60,33,46,49,11,259,37,200,207
65,66,5,11,330,260,0,23,41,207
65,57,1,78,20,7,0,23,41,207
65,66,5,1,220,83,8,484,200,207
65,66,5,18,453,28,144,23,41,207
65,57,1,9,3,6,0,7,200,207
65,66,210,38,141,46,33,23,41,207
65,66,5,11,241,12,107,7,200,207
65,60,5,81,42,4,0,23,41,207
65,60,5,81,42,6,0,23,41,207
65,66,5,11,139,12,107,7,200,207
65,66,5,51,269,20,497,37,200,207
65,60,5,81,42,6,37,7,200,207
65,57,1,108,97,80,46,28,41,207
65,57,1,9,3,0,175,23,41,207
65,57,1,108,199,6,0,23,41,207
65,57,31,13,168,311,11,28,41,207
65,60,5,19,11,28,144,23,41,207
65,66,5,51,130,478,7,37,200,207
65,57,1,108,199,6,37,7,200,207
65,57,31,13,177,51,136,28,41,207
65,66,5,51,269,20,7,37,200,207
65,60,290,3,13,224,114,7,200,207
65,66,5,51,294,19,20,7,200,207
65,60,5,371,466,424,459,7,200,207
65,60,5,1,7,0,6,37,200,207
65,57,31,13,3,346,248,28,41,207
65,60,5,371,14,3,98,28,41,207
65,57,1,8,3,0,175,23,41,207
65,66,5,60,195,131,33,7,200,207
65,57,465,150,23,265,7,37,200,207
65,57,1,157,174,48,102,37,200,207
65,66,5,60,290,3,0,23,41,207
65,57,1,157,174,48,7,37,200,207
65,57,1,5,0,23,33,7,200,207
65,60,33,46,52,85,244,28,41,207
65,57,1,157,5,48,102,37,200,207
65,60,33,46,52,21,20,7,200,207
65,66,5,1,9,38,68,252,200,207
65,57,1,287,3,0,6,37,200,207
65,57,1,287,3,6,37,7,200,207
65,60,33,7,1,93,8,484,200,207
65,60,195,131,104,332,11,28,41,207
65,60,195,131,104,16,183,28,41,207
65,60,5,1,475,11,259,37,200,207
65,60,5,1,69,255,11,28,41,207
65,60,5,1,69,19,11,28,41,207
65,57,31,75,3,1,44,23,41,207
65,57,1,8,3,11,259,37,200,207
65,60,5,48,337,23,33,7,200,207
65,57,1,317,8,3,498,28,41,207
65,57,1,287,3,0,7,37,200,207
65,66,5,0,24,272,7,37,200,207
65,57,31,13,5,83,8,484,200,207
65,57,31,13,5,19,11,28,41,207
65,57,31,13,5,12,90,28,41,207
65,57,1,157,253,13,67,28,41,207
65,60,33,46,105,300,104,23,41,207
65,66,5,1,111,385,33,7,200,207
65,60,33,46,105,61,48,7,200,207
65,60,5,11,40,153,33,7,200,207
65,57,1,157,5,0,6,37,200,207
65,184,50,71,137,22,112,37,200,207
65,66,5,0,148,8,1,7,200,207
65,57,1,157,5,11,40,23,41,207
65,57,1,9,32,11,259,37,200,207
65,57,1,157,5,0,7,37,200,207
65,60,5,286,429,48,102,37,200,207
65,60,5,286,429,48,7,37,200,207
65,66,5,1,487,37,68,252,200,207
65,60,5,1,21,52,481,28,41,207
65,60,5,1,21,438,0,23,41,207
65,57,1,220,425,12,39,28,41,207
65,60,290,3,9,1,15,28,41,207
65,57,1,97,80,46,33,23,41,207
65,57,1,97,108,199,6,37,200,207
65,184,50,44,1,7,265,23,41,207
65,60,33,46,86,226,1,7,200,207
65,60,5,491,310,20,497,37,200,207
65,66,5,0,2,10,356,28,41,207
65,60,33,46,86,5,1,7,200,207
65,60,33,46,86,5,0,7,200,207
65,66,5,0,50,44,1,7,200,207
65,60,5,19,45,164,1,7,200,207
65,57,1,157,307,33,7,37,200,207
65,66,5,0,2,62,7,37,200,207
65,60,290,3,9,38,43,37,200,207
65,60,290,3,9,32,145,28,41,207
65,57,1,157,5,13,67,28,41,207
65,60,5,363,74,31,13,23,41,207
65,57,1,220,83,5,0,23,41,207
65,60,5,491,310,157,1,7,200,207
65,66,5,1,0,6,37,7,200,207
65,60,5,363,74,20,7,37,200,207
65,60,33,46,80,99,0,7,200,207
65,60,5,363,74,20,497,37,200,207
65,60,33,46,141,38,68,37,200,207
65,60,5,286,30,20,497,37,200,207
65,66,5,0,3,6,37,7,200,207
65,66,5,1,35,110,248,28,41,207
65,60,5,286,30,20,7,37,200,207
65,57,31,75,3,133,8,484,200,207
65,57,31,75,3,9,1,7,200,207
65,57,1,169,109,45,360,37,200,207
65,57,1,169,109,238,7,37,200,207
65,57,1,97,80,31,13,23,41,207
65,57,1,69,232,373,350,252,200,207
65,66,5,1,0,7,33,23,41,207
65,57,1,287,3,11,40,23,41,207
65,57,1,157,344,26,70,37,200,207
65,60,5,1,100,414,337,23,41,207
65,60,5,1,100,260,0,23,41,207
65,60,5,11,40,23,0,7,200,207
65,57,1,157,310,20,497,37,200,207
65,60,236,1,5,0,175,23,41,207
65,66,5,1,15,390,424,23,41,207
65,66,5,1,3,13,67,28,41,207
65,57,1,157,310,20,7,37,200,207
65,66,5,1,15,16,104,23,41,207
65,57,1,157,307,33,46,28,41,207
65,57,1,157,5,48,7,37,200,207
65,66,5,0,56,44,1,7,200,207
65,57,1,157,5,12,107,7,200,207
65,60,5,270,483,105,46,28,41,207
65,57,31,13,3,1,15,28,41,207
65,60,5,66,210,38,68,252,200,207
65,60,5,270,9,1,0,23,41,207
65,57,31,13,3,0,175,23,41,207
65,60,5,491,310,20,7,37,200,207
65,66,5,0,50,235,328,37,200,207
65,60,5,286,30,16,15,28,41,207
65,60,5,1,108,199,6,37,200,207
65,60,5,270,9,1,7,37,200,207
65,60,449,332,11,32,178,23,41,207
65,57,1,69,232,23,0,7,200,207
65,60,33,23,40,11,259,37,200,207
65,60,449,332,11,5,13,23,41,207
65,60,449,332,11,5,0,7,200,207
65,57,1,188,368,299,144,23,41,207
65,57,1,9,32,367,59,28,41,207
65,60,33,23,40,171,70,37,200,207
65,57,1,188,368,299,37,7,200,207
65,66,5,0,50,235,7,37,200,207
65,66,5,0,17,63,46,28,41,207
65,57,1,44,298,24,0,7,200,207
65,66,5,0,17,186,387,28,41,207
65,60,449,332,11,3,6,37,200,207
65,60,5,270,9,3,8,484,200,207
65,60,33,23,265,7,272,341,41,207
65,184,50,0,1,487,37,7,200,207
65,57,1,164,45,360,37,7,200,207
65,60,5,126,101,17,6,37,200,207
65,60,5,126,101,17,0,7,200,207
65,60,195,131,33,7,0,23,41,207
65,66,5,0,3,8,1,7,200,207
65,66,5,60,33,35,1,7,200,207
65,66,5,12,115,20,497,37,200,207
65,60,195,131,186,439,33,7,200,207
65,60,195,131,186,17,0,23,41,207
65,57,1,188,5,0,7,37,200,207
65,60,5,436,383,23,144,28,41,207
65,66,210,38,121,33,46,28,41,207
65,57,1,287,3,13,67,28,41,207
65,66,5,371,14,2,62,7,200,207
65,66,5,371,14,3,0,23,41,207
65,60,5,157,1,7,0,23,41,207
65,57,1,5,13,23,0,7,200,207
65,57,1,9,3,11,259,37,200,207
65,66,5,60,33,46,63,106,41,207
65,60,5,48,7,0,6,37,200,207
65,57,1,287,324,11,40,23,41,207
65,66,5,1,35,33,46,28,41,207
65,57,1,164,45,19,20,7,200,207
65,60,5,19,69,1,15,28,41,207
65,57,1,164,45,11,40,23,41,207
65,66,5,1,35,33,7,37,200,207
65,57,1,188,5,48,102,37,200,207
65,57,1,188,5,48,7,37,200,207
65,57,1,188,5,0,6,37,200,207
65,60,5,12,90,111,203,400,41,207
65,66,5,19,20,7,0,23,41,207
65,66,5,1,3,133,8,484,200,207
65,66,5,270,9,1,8,484,200,207
65,66,5,270,9,1,0,7,200,207
65,57,1,287,3,133,8,484,200,207
65,60,5,188,1,100,8,484,200,207
65,66,5,270,9,32,178,23,41,207
65,57,1,97,420,175,0,23,41,207
65,66,5,83,8,3,498,28,41,207
65,184,50,0,1,7,33,23,41,207
65,66,5,270,9,3,0,23,41,207
65,66,5,60,33,7,0,23,41,207
65,66,5,19,69,1,15,28,41,207
65,57,1,296,95,70,37,7,200,207
65,57,1,3,98,28,144,23,41,207
65,60,5,1,3,13,67,28,41,207
65,66,5,83,8,1,0,23,41,207
65,66,5,51,48,7,265,23,41,207
65,66,5,363,74,94,0,23,41,207
65,60,33,23,424,390,15,28,41,207
65,57,1,188,5,11,40,23,41,207
65,66,5,12,115,20,7,37,200,207
65,60,33,23,424,459,7,37,200,207
65,66,5,1,236,60,33,7,200,207
65,57,1,152,34,17,63,106,41,207
65,57,1,8,10,2,62,7,200,207
65,57,1,8,10,2,0,23,41,207
65,66,5,83,8,1,7,37,200,207
65,57,1,8,10,16,183,28,41,207
65,57,1,287,3,6,0,23,41,207
65,66,5,0,380,205,6,37,200,207
65,57,1,152,34,0,7,37,200,207
65,57,1,296,95,209,40,23,41,207
65,57,1,296,95,20,497,37,200,207
65,60,236,1,0,23,144,28,41,207
65,57,1,296,95,20,7,37,200,207
65,60,5,0,6,37,68,252,200,207
65,57,1,3,498,28,144,23,41,207
65,57,1,392,3,6,0,23,41,207
65,60,5,188,1,3,11,28,41,207
65,57,1,392,3,6,37,7,200,207
65,57,1,392,3,0,6,37,200,207
65,57,1,161,5,0,7,37,200,207
65,60,5,1,22,112,37,7,200,207
65,66,5,11,3,8,1,7,200,207
65,60,5,442,353,62,7,37,200,207
65,57,1,9,270,5,48,7,200,207
65,57,1,9,77,35,33,7,200,207
65,60,5,157,174,48,337,23,41,207
65,66,5,286,429,48,337,23,41,207
65,57,1,9,493,48,337,23,41,207
65,60,5,157,476,299,144,28,41,207
65,57,1,9,316,0,175,23,41,207
65,60,5,11,330,260,0,23,41,207
65,66,5,268,179,45,360,37,200,207
65,66,5,268,179,17,0,23,41,207
65,60,5,11,241,12,107,7,200,207
65,66,5,81,42,82,67,28,41,207
65,66,5,81,42,4,159,37,200,207
65,66,5,81,42,4,0,7,200,207
65,60,5,19,24,0,175,23,41,207
65,66,5,81,42,6,0,7,200,207
65,57,1,8,100,414,337,23,41,207
65,57,1,8,83,5,48,7,200,207
65,57,1,8,83,5,0,23,41,207
65,66,5,18,6,17,63,106,41,207
65,66,5,18,6,3,0,23,41,207
65,57,1,8,133,3,6,37,200,207
65,57,1,8,133,3,0,23,41,207
65,60,5,11,139,12,107,7,200,207
65,57,1,0,3,4,159,37,200,207
65,184,50,44,1,0,457,252,200,207
65,66,5,286,30,229,6,37,200,207
65,66,5,286,30,16,104,23,41,207
65,184,50,44,274,143,0,7,200,207
65,184,50,44,298,24,272,341,41,207
65,184,50,44,298,24,0,23,41,207
65,57,1,8,148,0,457,252,200,207
65,57,1,5,11,32,178,23,41,207
65,57,1,5,11,3,0,23,41,207
65,66,5,126,101,17,6,37,200,207
65,66,5,126,101,17,0,7,200,207
65,57,465,150,23,424,459,7,200,207
65,57,1,100,8,3,498,28,41,207
65,60,33,307,157,174,48,7,200,207
65,57,1,161,5,13,67,28,41,207
65,60,33,307,157,5,0,23,41,207
65,60,5,11,475,1,22,7,200,207
65,60,33,307,157,1,8,484,200,207
65,60,33,307,157,1,0,7,200,207
65,66,5,11,3,9,482,155,41,207
65,60,5,157,344,26,8,484,200,207
65,60,5,157,416,3,1,7,200,207
65,60,5,157,416,3,0,7,200,207
65,57,31,13,3,11,440,28,41,207
65,60,5,11,32,382,1,7,200,207
65,57,1,3,13,23,33,7,200,207
65,60,5,291,136,158,15,28,41,207
65,60,5,127,1,69,114,7,200,207
65,60,5,127,1,35,33,7,200,207
65,60,33,140,447,105,240,37,200,207
65,60,236,1,5,11,259,37,200,207
65,66,5,60,236,1,8,484,200,207
65,66,5,60,236,1,0,7,200,207
65,57,1,127,5,0,6,37,200,207
65,60,33,140,21,1,8,484,200,207
65,60,33,140,21,1,0,7,200,207
65,66,5,1,22,7,33,23,41,207
65,66,5,12,139,11,440,28,41,207
65,66,5,51,130,46,63,106,41,207
65,66,5,51,130,46,33,7,200,207
65,60,236,1,0,5,48,7,200,207
65,60,236,1,0,17,27,23,41,207
65,60,236,1,0,3,11,28,41,207
65,60,33,176,9,32,178,23,41,207
65,60,33,176,9,3,0,23,41,207
65,57,1,5,13,3,8,484,200,207
65,184,50,0,1,22,7,37,200,207
65,57,1,0,2,10,356,28,41,207
65,57,31,80,395,163,63,106,41,207
65,57,1,5,15,16,183,28,41,207
65,57,1,3,4,0,7,37,200,207
65,60,33,176,9,1,8,484,200,207
65,60,33,176,9,1,0,7,200,207
65,66,5,1,475,11,40,23,41,207
65,57,1,0,2,62,7,37,200,207
65,184,50,235,7,0,6,37,200,207
65,66,5,0,3,133,8,484,200,207
65,57,1,161,5,12,107,7,200,207
65,57,31,80,117,69,232,23,41,207
65,57,1,5,15,28,144,23,41,207
65,66,5,0,3,11,40,23,41,207
65,57,1,161,5,48,102,37,200,207
65,60,33,140,21,52,481,28,41,207
65,57,1,161,5,48,7,37,200,207
65,60,33,140,21,26,70,37,200,207
65,57,1,3,452,448,206,23,41,207
65,60,5,11,3,1,22,7,200,207
65,60,5,51,136,158,15,28,41,207
65,57,1,3,4,113,15,28,41,207
65,57,1,0,3,13,67,28,41,207
65,57,1,3,4,159,37,7,200,207
65,57,1,392,3,13,67,28,41,207
65,57,1,392,3,0,7,37,200,207
65,57,1,431,490,104,150,23,41,207
65,66,5,1,21,20,497,37,200,207
65,60,5,11,440,28,144,23,41,207
65,57,1,3,4,0,6,37,200,207
65,60,236,1,15,158,136,28,41,207
65,60,33,153,40,171,70,37,200,207
65,60,33,153,40,11,259,37,200,207
65,60,5,473,33,23,144,28,41,207
65,60,5,433,46,49,11,28,41,207
65,60,290,3,4,0,6,37,200,207
65,66,5,12,90,111,203,400,41,207
65,66,5,1,21,20,7,37,200,207
65,60,5,51,136,28,144,23,41,207
65,60,5,433,46,63,203,400,41,207
65,60,33,35,340,391,8,484,200,207
65,60,33,35,77,9,482,155,41,207
65,60,236,1,7,235,328,37,200,207
65,57,1,9,3,250,347,7,200,207
65,60,290,3,1,0,6,37,200,207
65,60,33,385,111,1,8,484,200,207
65,60,5,433,46,33,7,37,200,207
65,60,33,385,111,1,0,7,200,207
65,184,50,235,7,48,102,37,200,207
65,66,5,309,272,24,0,7,200,207
65,66,5,1,21,438,0,7,200,207
65,60,290,3,1,0,7,37,200,207
65,184,50,235,7,33,46,28,41,207
65,57,31,13,23,33,46,28,41,207
65,66,5,157,416,3,8,484,200,207
65,60,290,3,1,7,0,23,41,207
65,66,5,15,390,19,11,28,41,207
65,57,1,8,3,250,347,7,200,207
65,57,31,13,23,33,7,37,200,207
65,66,5,15,390,424,459,7,200,207
65,57,1,22,7,0,6,37,200,207
65,66,5,15,28,11,40,23,41,207
65,66,5,15,28,46,33,7,200,207
65,66,5,0,1,22,7,37,200,207
65,66,5,15,16,10,8,484,200,207
65,57,31,74,94,263,46,28,41,207
65,60,5,19,54,30,20,7,200,207
65,60,5,19,25,3,0,23,41,207
65,57,31,74,363,5,0,7,200,207
65,57,31,74,94,0,7,37,200,207
65,57,1,5,0,6,37,7,200,207
65,57,1,487,37,7,0,23,41,207
65,66,5,15,16,104,150,23,41,207
65,60,33,121,211,239,0,7,200,207
65,57,31,13,23,144,299,37,200,207
65,66,5,0,1,22,91,155,41,207
65,57,1,236,357,23,265,7,200,207
65,60,5,11,3,0,457,252,200,207
65,184,50,0,1,22,91,155,41,207
65,57,1,5,0,7,33,23,41,207
65,66,5,86,46,63,203,400,41,207
65,57,31,74,94,0,1,7,200,207
65,60,33,121,211,6,0,7,200,207
65,57,1,22,7,33,46,28,41,207
65,57,31,13,23,265,7,37,200,207
65,57,31,13,23,175,0,7,200,207
65,60,5,19,11,475,1,7,200,207
65,60,5,19,11,3,0,23,41,207
65,57,1,152,34,0,6,37,200,207
65,66,5,86,46,49,11,28,41,207
65,66,5,13,23,33,46,28,41,207
65,57,1,3,13,306,91,155,41,207
65,57,1,3,13,5,48,7,200,207
65,57,1,3,13,5,0,23,41,207
65,60,5,15,1,7,0,23,41,207
65,66,5,13,23,33,7,37,200,207
65,57,1,226,86,5,0,7,200,207
65,66,5,15,1,0,6,37,200,207
65,66,5,51,428,22,91,155,41,207
65,57,1,22,7,48,337,23,41,207
65,57,1,188,5,13,67,28,41,207
65,57,1,127,5,11,40,23,41,207
65,66,5,15,1,0,7,37,200,207
65,66,5,13,23,144,299,37,200,207
65,60,236,1,8,87,63,106,41,207
65,60,5,1,487,37,68,252,200,207
65,60,236,1,8,148,0,23,41,207
65,60,33,439,186,131,104,23,41,207
65,60,33,439,186,17,0,23,41,207
65,57,1,226,86,46,33,23,41,207
65,66,5,86,46,33,7,37,200,207
65,57,1,21,26,55,79,37,200,207
65,60,236,1,8,3,11,28,41,207
65,184,50,0,7,37,68,252,200,207
65,66,5,433,46,28,144,23,41,207
65,57,1,21,26,70,37,7,200,207
65,66,5,13,23,175,0,7,200,207
65,57,1,3,9,38,68,252,200,207
65,60,5,51,428,22,112,37,200,207
65,66,5,13,23,265,7,37,200,207
65,66,5,18,6,37,68,252,200,207
65,60,236,1,7,0,6,37,200,207
65,60,33,190,431,1,8,484,200,207
65,60,33,190,431,1,0,7,200,207
65,57,1,21,52,46,33,23,41,207
65,66,5,51,160,0,6,37,200,207
65,57,1,21,84,276,159,37,200,207
65,60,33,23,175,0,1,7,200,207
65,60,33,23,175,258,215,28,41,207
65,57,1,188,5,12,107,7,200,207
65,60,33,23,337,48,7,37,200,207
65,60,5,83,220,1,0,23,41,207
65,57,1,21,438,0,6,37,200,207
65,184,50,44,1,93,8,484,200,207
65,184,50,44,1,3,6,37,200,207
65,184,50,44,1,3,0,23,41,207
65,57,1,21,118,11,40,23,41,207
65,60,33,7,37,299,144,23,41,207
65,57,1,21,52,85,244,28,41,207
65,60,33,121,38,34,0,23,41,207
65,60,33,170,46,130,478,7,200,207
65,66,5,0,7,37,68,252,200,207
65,60,5,83,220,1,7,37,200,207
65,57,31,74,20,95,70,37,200,207
65,60,33,121,38,9,1,7,200,207
65,57,31,74,20,497,37,7,200,207
65,60,33,170,46,63,203,400,41,207
65,60,5,83,8,3,498,28,41,207
65,60,5,51,48,7,33,23,41,207
65,60,5,83,8,10,91,155,41,207
65,60,5,83,8,3,0,23,41,207
65,60,5,83,8,87,63,106,41,207
65,60,5,83,8,10,356,28,41,207
65,60,5,83,8,3,1,7,200,207
65,60,5,83,8,3,0,7,200,207
65,60,5,83,8,93,1,7,200,207
65,60,5,83,8,3,6,37,200,207
65,60,5,83,8,148,0,23,41,207
65,60,5,83,8,3,11,28,41,207
65,60,5,83,8,26,70,37,200,207
65,60,5,83,8,148,0,7,200,207
65,60,5,83,8,3,59,28,41,207
65,60,5,83,8,100,1,7,200,207
65,60,5,83,8,3,13,23,41,207
65,60,5,83,8,191,1,7,200,207
65,60,5,83,8,3,98,28,41,207
65,60,5,83,8,317,1,7,200,207
65,60,5,11,28,15,1,7,200,207
65,60,5,11,28,46,63,106,41,207
65,60,5,11,28,67,13,23,41,207
65,60,33,23,337,48,102,37,200,207
65,60,5,83,8,1,0,23,41,207
65,57,1,21,122,48,102,37,200,207
65,60,5,83,8,1,326,252,200,207
65,60,5,83,8,1,0,7,200,207
65,57,1,21,122,48,337,23,41,207
65,60,5,83,8,1,15,28,41,207
65,60,5,11,28,46,33,7,200,207
65,60,5,83,8,1,22,7,200,207
65,57,1,21,122,48,7,37,200,207
65,60,5,83,8,1,44,23,41,207
65,60,5,1,3,11,259,37,200,207
65,60,5,83,8,1,487,37,200,207
65,60,5,1,3,11,440,28,41,207
65,57,1,475,11,28,144,23,41,207
65,60,5,83,8,1,7,37,200,207
65,57,31,13,5,1,22,7,200,207
65,66,5,13,306,91,22,7,200,207
65,57,31,13,5,1,44,23,41,207
65,60,5,1,22,7,0,23,41,207
65,57,31,13,5,1,326,252,200,207
65,60,5,1,22,7,33,23,41,207
65,57,31,13,5,1,487,37,200,207
65,60,5,1,22,7,265,23,41,207
65,57,1,392,3,11,40,23,41,207
65,60,5,1,22,7,272,341,41,207
65,57,1,392,3,11,259,37,200,207
65,57,1,15,390,19,11,28,41,207
65,57,1,392,3,11,440,28,41,207
65,57,1,15,390,19,20,7,200,207
65,66,5,11,475,1,44,23,41,207
65,57,31,80,99,0,457,252,200,207
65,66,5,11,475,1,326,252,200,207
65,57,1,15,390,424,459,7,200,207
65,66,5,11,475,1,487,37,200,207
65,66,5,19,45,11,259,37,200,207
65,60,290,3,0,1,8,484,200,207
65,66,5,19,45,11,440,28,41,207
65,60,290,3,0,1,326,252,200,207
65,57,1,21,89,10,356,28,41,207
65,60,290,3,0,1,15,28,41,207
65,57,1,21,219,109,238,7,200,207
65,57,1,21,89,10,8,484,200,207
65,60,290,3,0,1,22,7,200,207
65,57,1,21,408,243,8,484,200,207
65,57,1,21,89,10,91,155,41,207
65,60,290,3,0,1,44,23,41,207
65,60,5,1,3,9,482,155,41,207
65,60,290,3,0,1,487,37,200,207
65,60,5,1,3,250,347,7,200,207
65,57,1,21,140,267,8,484,200,207
65,60,5,1,3,327,22,7,200,207
65,66,5,0,3,1,8,484,200,207
65,60,5,1,3,4,0,7,200,207
65,66,5,0,3,1,487,37,200,207
65,60,5,1,3,346,248,28,41,207
65,60,5,1,3,4,159,37,200,207
65,60,5,1,3,4,0,23,41,207
65,66,5,0,3,1,326,252,200,207
65,57,1,382,32,11,40,23,41,207
65,66,5,0,3,1,15,28,41,207
65,57,1,382,32,11,259,37,200,207
65,66,5,0,3,1,22,7,200,207
65,57,1,382,32,11,440,28,41,207
65,66,5,0,3,1,44,23,41,207
65,57,1,21,140,33,7,37,200,207
65,60,33,131,186,17,27,23,41,207
65,57,1,69,19,20,497,37,200,207
65,60,33,131,186,17,64,23,41,207
65,66,5,13,119,112,22,7,200,207
65,60,33,131,186,17,101,28,41,207
65,57,1,431,190,158,15,28,41,207
65,66,5,13,119,112,37,7,200,207
65,57,1,431,190,158,136,28,41,207
65,66,5,12,241,11,440,28,41,207
65,60,5,11,19,390,15,28,41,207
65,57,1,15,61,105,46,28,41,207
65,60,5,11,19,390,424,23,41,207
65,57,1,15,61,105,240,37,200,207
65,57,1,15,61,48,102,37,200,207
65,60,5,11,19,69,232,23,41,207
65,57,1,15,61,48,337,23,41,207
65,57,1,127,5,0,7,37,200,207
65,57,1,69,19,20,7,37,200,207
65,66,5,126,427,7,0,23,41,207
65,57,1,15,61,48,7,37,200,207
65,66,5,126,427,7,265,23,41,207
65,57,1,21,140,33,46,28,41,207
65,66,5,126,427,7,272,341,41,207
65,66,5,12,73,24,272,341,41,207
65,66,5,126,427,7,33,23,41,207
65,66,5,12,189,45,360,37,200,207
65,66,5,12,73,84,419,23,41,207
65,66,5,12,73,24,0,23,41,207
65,66,5,12,73,24,272,7,200,207
65,66,5,12,492,260,0,7,200,207
65,66,5,12,189,45,11,28,41,207
65,66,5,12,73,134,1,7,200,207
65,66,5,12,73,84,358,28,41,207
65,66,5,12,73,24,0,7,200,207
65,66,5,12,315,260,0,23,41,207
65,66,5,12,492,260,0,23,41,207
65,66,5,12,73,279,40,23,41,207
65,66,5,12,458,173,114,7,200,207
65,66,5,12,315,260,0,7,200,207
65,66,5,12,245,24,0,7,200,207
65,66,5,12,458,173,6,37,200,207
65,66,5,12,425,220,1,7,200,207
65,66,5,12,245,24,272,341,41,207
65,66,5,12,245,24,0,23,41,207
65,66,5,12,334,10,8,484,200,207
65,66,5,12,245,24,272,7,200,207
65,66,5,12,334,10,91,155,41,207
65,66,5,13,31,16,15,28,41,207
65,66,5,12,334,10,356,28,41,207
65,66,5,13,320,26,8,484,200,207
65,66,5,13,31,72,404,28,41,207
65,66,5,13,31,16,104,23,41,207
65,66,5,13,177,51,48,7,200,207
65,66,5,13,320,26,70,37,200,207
65,66,5,13,31,57,1,7,200,207
65,66,5,13,31,72,20,7,200,207
65,66,5,13,31,16,183,28,41,207
65,66,5,13,168,311,11,28,41,207
65,66,5,13,177,51,136,28,41,207
65,66,5,13,31,74,20,7,200,207
65,66,5,13,278,103,62,7,200,207
65,66,5,13,168,45,11,28,41,207
65,66,5,13,31,80,46,28,41,207
65,66,5,13,253,157,1,7,200,207
65,66,5,13,168,45,360,37,200,207
65,66,5,12,185,72,404,28,41,207
65,60,5,0,3,8,1,7,200,207
65,66,5,13,224,114,7,37,200,207
65,66,5,12,58,24,0,7,200,207
65,66,5,13,119,277,37,7,200,207
65,60,290,3,0,1,7,37,200,207
65,57,1,15,349,52,481,28,41,207
65,57,1,15,158,190,33,7,200,207
65,57,1,15,113,4,0,7,200,207
65,57,1,15,349,52,46,28,41,207
65,57,1,15,158,190,33,23,41,207
65,57,1,15,113,4,159,37,200,207
65,57,1,15,113,4,0,23,41,207
65,57,1,78,20,95,70,37,200,207
65,60,5,157,1,0,175,23,41,207
65,57,1,78,20,204,44,23,41,207
65,60,5,157,1,0,457,252,200,207
65,57,1,78,20,30,36,23,41,207
65,66,5,86,226,1,0,23,41,207
65,57,1,78,20,249,70,37,200,207
65,66,5,86,226,1,8,484,200,207
65,66,5,86,226,1,0,7,200,207
65,57,1,78,20,72,404,28,41,207
65,66,5,86,226,1,15,28,41,207
65,57,1,78,20,464,79,37,200,207
65,66,5,86,226,1,22,7,200,207
65,57,1,78,20,19,11,28,41,207
65,66,5,86,226,1,44,23,41,207
65,57,1,15,16,10,8,484,200,207
65,66,5,86,226,1,326,252,200,207
65,57,1,15,16,30,20,7,200,207
65,57,1,15,16,10,91,155,41,207
65,66,5,86,226,1,487,37,200,207
65,57,1,15,16,31,13,23,41,207
65,57,1,15,16,30,36,23,41,207
65,57,1,15,16,10,356,28,41,207
65,57,1,15,16,246,206,23,41,207
65,60,290,3,1,93,8,484,200,207
65,57,1,15,16,104,150,23,41,207
65,60,290,3,1,5,0,7,200,207
65,66,5,12,2,10,356,28,41,207
65,60,290,3,1,100,8,484,200,207
65,60,290,3,1,5,48,7,200,207
65,60,290,3,1,5,0,23,41,207
65,60,290,3,1,21,20,7,200,207
65,60,290,3,1,5,11,28,41,207
65,60,290,3,1,9,482,155,41,207
65,60,290,3,1,5,13,23,41,207
65,60,290,3,1,475,11,28,41,207
65,60,290,3,1,5,15,28,41,207
65,60,290,3,1,35,33,7,200,207
65,60,236,357,23,0,1,7,200,207
65,60,290,3,1,69,114,7,200,207
65,60,290,3,1,35,33,23,41,207
65,60,236,357,23,0,6,37,200,207
65,60,290,3,1,78,20,7,200,207
65,60,290,3,1,69,232,23,41,207
65,60,236,357,23,0,457,252,200,207
65,60,290,3,1,111,90,28,41,207
65,57,1,431,190,33,7,37,200,207
65,60,290,3,1,236,357,23,41,207
65,60,290,3,1,111,203,400,41,207
65,60,236,357,23,0,7,37,200,207
65,57,1,15,5,11,40,23,41,207
65,66,5,1,8,10,356,28,41,207
65,57,1,15,5,11,259,37,200,207
65,66,5,1,8,148,0,7,200,207
65,66,5,1,8,10,91,155,41,207
65,57,1,15,5,11,440,28,41,207
65,66,5,1,8,87,63,106,41,207
65,66,5,1,8,148,0,23,41,207
65,66,5,1,8,3,0,23,41,207
65,57,31,74,20,7,0,23,41,207
65,66,5,1,8,3,6,37,200,207
65,66,5,1,8,3,0,7,200,207
65,57,31,74,20,7,33,23,41,207
65,66,5,1,8,3,11,28,41,207
65,57,31,74,20,7,265,23,41,207
65,66,5,1,8,3,59,28,41,207
65,57,31,74,20,7,272,341,41,207
65,66,5,1,8,3,13,23,41,207
65,60,195,131,104,23,33,7,200,207
65,66,5,1,8,3,98,28,41,207
65,60,195,131,104,23,144,28,41,207
65,66,5,86,226,1,7,37,200,207
65,60,195,131,104,23,265,7,200,207
65,66,5,19,20,95,70,37,200,207
65,60,5,12,115,20,497,37,200,207
65,66,5,19,20,30,36,23,41,207
65,60,5,157,1,22,112,37,200,207
65,66,5,19,20,72,404,28,41,207
65,60,5,12,115,20,7,37,200,207
65,66,5,19,20,202,206,23,41,207
65,57,1,15,5,12,107,7,200,207
65,66,5,19,20,204,44,23,41,207
65,57,1,15,5,19,20,7,200,207
65,57,1,15,5,12,39,28,41,207
65,66,5,19,20,249,70,37,200,207
65,57,1,15,5,83,8,484,200,207
65,57,1,15,5,19,11,28,41,207
65,57,1,15,5,12,90,28,41,207
65,66,5,19,20,21,1,7,200,207
65,57,1,15,5,18,453,28,41,207
65,66,5,19,20,464,79,37,200,207
65,57,1,15,5,51,136,28,41,207
65,57,1,15,5,18,6,37,200,207
65,66,5,19,20,78,1,7,200,207
65,57,1,15,5,60,33,7,200,207
65,57,1,15,5,51,48,7,200,207
65,57,1,15,5,86,231,28,41,207
65,57,1,15,5,60,33,23,41,207
65,57,1,15,5,126,427,7,200,207
65,57,1,15,5,86,46,28,41,207
65,57,1,15,5,362,299,37,200,207
65,57,1,15,5,126,101,28,41,207
65,57,1,15,5,436,383,23,41,207
65,57,1,3,133,217,22,7,200,207
65,57,1,15,5,473,33,7,200,207
65,57,1,69,114,7,0,23,41,207
65,57,1,15,5,309,272,7,200,207
65,57,1,15,5,473,33,23,41,207
65,57,1,69,114,7,33,23,41,207
65,57,1,15,5,291,136,28,41,207
65,57,1,15,5,309,272,341,41,207
65,57,1,69,114,7,265,23,41,207
65,57,1,15,5,433,46,28,41,207
65,57,1,69,114,7,272,341,41,207
65,57,1,15,5,13,67,28,41,207
65,57,1,44,56,0,175,23,41,207
65,57,1,475,11,3,8,484,200,207
65,57,1,44,56,0,457,252,200,207
65,57,1,475,11,45,360,37,200,207
65,57,1,475,11,3,0,23,41,207
65,57,1,475,11,5,0,23,41,207
65,57,1,475,11,3,6,37,200,207
65,57,1,475,11,3,0,7,200,207
65,57,1,475,11,19,20,7,200,207
65,57,1,475,11,5,48,7,200,207
65,57,1,475,11,5,0,7,200,207
65,57,1,475,11,3,13,23,41,207
65,57,1,475,11,32,178,23,41,207
65,57,1,475,11,5,13,23,41,207
65,57,1,475,11,3,59,28,41,207
65,57,1,475,11,49,46,28,41,207
65,57,1,475,11,32,145,28,41,207
65,57,1,475,11,5,15,28,41,207
65,57,1,475,11,3,98,28,41,207
65,57,1,475,11,332,104,23,41,207
65,57,1,475,11,3,498,28,41,207
65,60,33,473,5,1,8,484,200,207
65,60,33,473,5,1,0,7,200,207
65,60,33,473,5,1,15,28,41,207
65,66,5,19,20,497,37,7,200,207
65,60,33,473,5,1,22,7,200,207
65,60,5,12,139,348,248,28,41,207
65,60,33,473,5,1,44,23,41,207
65,60,5,12,139,11,40,23,41,207
65,60,33,473,5,1,326,252,200,207
65,60,5,12,139,11,259,37,200,207
65,60,33,473,5,1,487,37,200,207
65,60,5,12,139,11,440,28,41,207
65,66,5,0,23,33,46,28,41,207
65,57,1,35,415,70,37,7,200,207
65,66,5,436,383,380,0,7,200,207
65,66,5,0,23,33,7,37,200,207
65,66,5,436,383,380,0,23,41,207
65,66,5,19,11,475,1,7,200,207
65,66,5,19,11,3,0,23,41,207
65,66,5,19,11,45,360,37,200,207
65,66,5,19,11,3,1,7,200,207
65,66,5,19,11,3,0,7,200,207
65,66,5,19,11,332,104,23,41,207
65,66,5,19,11,3,6,37,200,207
65,66,5,19,11,32,178,23,41,207
65,66,5,19,11,3,59,28,41,207
65,66,5,19,11,49,46,28,41,207
65,66,5,19,11,32,145,28,41,207
65,66,5,19,11,3,98,28,41,207
65,60,236,1,35,415,70,37,200,207
65,66,5,19,11,3,13,23,41,207
65,60,236,1,35,331,244,28,41,207
65,66,5,19,11,3,498,28,41,207
65,60,236,1,35,369,256,7,200,207
65,60,236,1,35,110,46,28,41,207
65,66,5,1,3,0,175,23,41,207
65,66,5,12,2,0,175,23,41,207
65,66,5,1,3,0,457,252,200,207
65,66,5,12,2,0,457,252,200,207
65,60,5,51,160,0,175,23,41,207
65,60,33,46,63,17,27,23,41,207
65,60,5,51,160,0,457,252,200,207
65,60,33,46,63,17,64,23,41,207
65,60,33,46,63,17,0,7,200,207
65,60,33,46,63,17,101,28,41,207
65,60,236,1,111,385,33,23,41,207
65,57,1,236,60,5,0,7,200,207
65,57,31,16,10,91,22,7,200,207
65,57,1,236,60,230,203,400,41,207
65,57,1,236,60,5,48,7,200,207
65,57,1,236,60,5,0,23,41,207
65,57,1,236,60,5,11,28,41,207
65,60,5,157,1,93,8,484,200,207
65,57,1,236,60,5,13,23,41,207
65,60,5,157,1,317,8,484,200,207
65,57,1,236,60,5,15,28,41,207
65,60,5,157,1,100,8,484,200,207
65,60,5,157,1,3,0,23,41,207
65,60,5,157,1,21,20,7,200,207
65,60,5,157,1,3,6,37,200,207
65,60,5,157,1,3,0,7,200,207
65,60,5,157,1,9,482,155,41,207
65,60,5,157,1,3,11,28,41,207
65,60,5,157,1,475,11,28,41,207
65,60,5,157,1,3,59,28,41,207
65,60,5,157,1,35,33,7,200,207
65,60,5,157,1,3,98,28,41,207
65,60,5,157,1,69,114,7,200,207
65,60,5,157,1,35,33,23,41,207
65,60,5,157,1,3,13,23,41,207
65,60,5,157,1,78,20,7,200,207
65,60,5,157,1,69,232,23,41,207
65,60,5,157,1,3,498,28,41,207
65,60,5,157,1,191,8,484,200,207
65,57,31,80,46,170,33,7,200,207
65,60,5,157,1,111,90,28,41,207
65,57,31,80,46,381,48,7,200,207
65,57,31,80,46,170,33,23,41,207
65,60,5,157,1,236,357,23,41,207
65,60,5,157,1,111,203,400,41,207
65,57,31,80,46,417,203,400,41,207
65,60,33,473,5,18,6,37,200,207
65,57,31,80,46,86,231,28,41,207
65,60,33,473,5,19,20,7,200,207
65,60,33,473,5,18,453,28,41,207
65,57,31,80,46,130,478,7,200,207
65,60,33,473,5,51,48,7,200,207
65,60,33,473,5,19,11,28,41,207
65,57,31,80,46,446,112,37,200,207
65,60,33,473,5,291,136,28,41,207
65,60,33,473,5,51,136,28,41,207
65,57,31,80,46,292,345,37,200,207
65,60,33,473,5,309,272,341,41,207
65,57,31,80,46,105,240,37,200,207
65,60,33,473,5,362,299,37,200,207
65,60,33,473,5,309,272,7,200,207
65,57,31,80,46,110,248,28,41,207
65,60,33,473,5,86,46,28,41,207
65,60,33,473,5,12,39,28,41,207
65,60,33,473,5,126,101,28,41,207
65,60,33,473,5,86,231,28,41,207
65,60,33,473,5,12,90,28,41,207
65,60,33,473,5,83,8,484,200,207
65,60,33,473,5,126,427,7,200,207
65,60,33,473,5,127,1,7,200,207
65,66,5,11,28,46,33,23,41,207
65,60,33,473,5,433,46,28,41,207
65,66,5,11,28,15,1,7,200,207
65,66,5,11,28,46,63,106,41,207
65,66,5,11,28,46,33,7,200,207
65,60,33,473,5,157,1,7,200,207
65,66,5,11,28,67,13,23,41,207
65,60,33,473,5,161,1,7,200,207
65,66,5,436,383,23,0,7,200,207
65,60,33,473,5,188,1,7,200,207
65,66,5,436,383,23,33,7,200,207
65,60,33,473,5,436,383,23,41,207
65,66,5,436,383,23,144,28,41,207
65,66,5,436,451,418,244,28,41,207
65,66,5,436,383,23,265,7,200,207
65,66,5,13,3,6,0,23,41,207
65,60,33,473,5,48,337,23,41,207
65,66,5,13,3,6,0,7,200,207
65,66,5,13,3,6,37,7,200,207
65,57,1,35,110,46,33,23,41,207
65,57,1,0,17,63,46,28,41,207
65,57,1,35,110,46,63,106,41,207
65,57,1,35,110,46,33,7,200,207
65,57,1,0,17,63,203,400,41,207
65,66,5,0,23,144,299,37,200,207
65,57,1,127,5,13,67,28,41,207
65,57,1,236,60,33,7,37,200,207
65,66,5,0,4,3,1,7,200,207
65,60,33,23,175,0,7,37,200,207
65,66,5,0,4,113,15,28,41,207
65,66,5,0,4,3,6,37,200,207
65,66,5,0,4,42,6,37,200,207
65,66,5,0,4,3,8,484,200,207
65,66,5,0,4,257,11,28,41,207
65,66,5,0,4,3,11,28,41,207
65,66,5,0,1,69,114,7,200,207
65,66,5,0,4,3,59,28,41,207
65,66,5,0,1,78,20,7,200,207
65,66,5,0,1,69,232,23,41,207
65,66,5,0,4,3,98,28,41,207
65,66,5,0,1,3,6,37,200,207
65,66,5,0,4,3,13,23,41,207
65,66,5,0,1,100,8,484,200,207
65,66,5,0,1,3,13,23,41,207
65,66,5,0,4,3,498,28,41,207
65,66,5,0,1,317,8,484,200,207
65,66,5,0,1,3,8,484,200,207
65,66,5,0,1,21,20,7,200,207
65,66,5,0,1,3,11,28,41,207
65,66,5,0,1,111,203,400,41,207
65,66,5,0,1,3,59,28,41,207
65,66,5,0,1,93,8,484,200,207
65,66,5,0,1,111,90,28,41,207
65,66,5,0,1,3,98,28,41,207
65,66,5,0,1,9,482,155,41,207
65,66,5,0,1,3,498,28,41,207
65,66,5,0,1,191,8,484,200,207
65,60,236,1,22,7,0,23,41,207
65,66,5,0,1,35,33,7,200,207
65,60,236,1,22,7,33,23,41,207
65,66,5,0,1,475,11,28,41,207
65,66,5,0,1,35,33,23,41,207
65,60,236,1,22,7,265,23,41,207
65,66,5,0,1,236,357,23,41,207
65,60,236,1,22,7,272,341,41,207
65,60,33,473,5,0,6,37,200,207
65,57,31,16,30,20,497,37,200,207
65,60,33,473,5,0,175,23,41,207
65,57,31,16,30,20,7,37,200,207
65,60,33,473,5,0,457,252,200,207
65,57,1,111,90,12,107,7,200,207
65,57,31,16,10,8,1,7,200,207
65,57,1,111,90,12,39,28,41,207
65,66,5,13,3,11,40,23,41,207
65,57,1,93,8,10,356,28,41,207
65,66,5,13,3,11,259,37,200,207
65,57,1,93,8,87,63,106,41,207
65,57,1,93,8,10,91,155,41,207
65,66,5,13,3,11,440,28,41,207
65,57,1,93,8,148,0,7,200,207
65,57,1,93,8,3,0,23,41,207
65,57,1,93,8,148,0,23,41,207
65,57,1,93,8,3,6,37,200,207
65,57,1,93,8,3,0,7,200,207
65,57,1,93,8,3,11,28,41,207
65,57,1,0,3,6,37,7,200,207
65,57,1,93,8,3,59,28,41,207
65,66,5,0,23,424,459,7,200,207
65,57,1,93,8,3,13,23,41,207
65,66,5,0,23,337,48,7,200,207
65,57,1,93,8,3,98,28,41,207
65,66,5,0,23,40,11,28,41,207
65,66,5,0,23,265,7,37,200,207
65,66,5,0,23,44,1,7,200,207
65,60,290,3,327,22,91,155,41,207
65,66,5,0,23,13,67,28,41,207
65,60,290,3,327,22,112,37,200,207
65,57,31,16,47,3,6,37,200,207
65,66,5,1,3,6,0,7,200,207
65,57,31,16,354,85,244,28,41,207
65,57,31,16,47,55,79,37,200,207
65,57,31,16,47,3,0,23,41,207
65,57,31,16,397,391,8,484,200,207
65,57,31,16,47,123,13,23,41,207
65,57,31,16,47,3,1,7,200,207
65,57,31,16,47,3,0,7,200,207
65,57,31,16,47,3,8,484,200,207
65,57,31,16,30,229,6,37,200,207
65,57,31,16,47,3,11,28,41,207
65,57,31,16,10,2,62,7,200,207
65,57,31,16,47,3,13,23,41,207
65,57,31,16,10,2,0,23,41,207
65,57,31,16,47,3,59,28,41,207
65,57,31,16,10,2,0,7,200,207
65,57,31,16,47,3,98,28,41,207
65,184,50,44,56,0,6,37,200,207
65,57,31,16,47,3,498,28,41,207
65,184,50,44,56,0,175,23,41,207
65,66,5,0,3,1,7,37,200,207
65,184,50,44,56,0,457,252,200,207
65,57,1,111,90,28,144,23,41,207
65,60,5,161,1,7,0,23,41,207
65,66,5,15,1,7,0,23,41,207
65,60,5,161,1,7,33,23,41,207
65,66,5,15,1,7,33,23,41,207
65,60,5,161,1,7,265,23,41,207
65,66,5,15,1,7,265,23,41,207
65,60,5,161,1,7,272,341,41,207
65,66,5,15,1,7,272,341,41,207
65,66,5,0,6,37,68,252,200,207
65,57,31,80,97,420,175,23,41,207
65,66,5,13,3,0,1,7,200,207
65,66,5,13,3,0,7,37,200,207
65,66,5,13,3,0,6,37,200,207
65,60,5,12,2,10,91,155,41,207
65,66,5,13,3,0,175,23,41,207
65,60,5,12,2,10,8,484,200,207
65,66,5,13,3,0,457,252,200,207
65,60,5,12,2,10,356,28,41,207
65,57,31,72,20,497,37,7,200,207
65,60,5,13,3,1,8,484,200,207
65,60,5,13,3,1,0,7,200,207
65,60,5,13,3,1,15,28,41,207
65,60,290,3,0,7,265,23,41,207
65,60,5,13,3,1,22,7,200,207
65,60,290,3,0,7,272,341,41,207
65,60,5,13,3,1,44,23,41,207
65,60,290,3,0,7,33,23,41,207
65,60,5,13,3,1,326,252,200,207
65,60,5,12,58,24,272,341,41,207
65,60,5,13,3,1,487,37,200,207
65,60,5,12,185,72,20,7,200,207
65,60,5,12,58,24,0,23,41,207
65,60,5,12,58,24,272,7,200,207
65,60,5,12,73,24,272,341,41,207
65,60,5,12,185,72,404,28,41,207
65,60,5,12,58,24,0,7,200,207
65,60,5,12,189,45,360,37,200,207
65,60,5,12,73,84,419,23,41,207
65,60,5,12,73,24,0,23,41,207
65,60,5,12,73,24,272,7,200,207
65,60,5,12,492,260,0,7,200,207
65,60,5,12,189,45,11,28,41,207
65,60,5,12,73,134,1,7,200,207
65,60,5,12,73,84,358,28,41,207
65,60,5,12,73,24,0,7,200,207
65,60,5,12,315,260,0,23,41,207
65,60,5,12,492,260,0,23,41,207
65,60,5,12,73,279,40,23,41,207
65,60,5,12,458,173,114,7,200,207
65,60,5,12,315,260,0,7,200,207
65,60,5,12,245,24,0,7,200,207
65,60,5,12,458,173,6,37,200,207
65,60,5,12,425,220,1,7,200,207
65,60,5,12,245,24,272,341,41,207
65,60,5,12,245,24,0,23,41,207
65,60,5,12,334,10,8,484,200,207
65,60,5,12,245,24,272,7,200,207
65,60,5,12,334,10,91,155,41,207
65,57,1,22,138,70,37,7,200,207
65,60,5,12,334,10,356,28,41,207
65,57,1,9,38,141,46,28,41,207
65,60,5,11,3,8,1,7,200,207
65,57,1,9,38,165,46,28,41,207
65,57,1,9,38,121,33,23,41,207
65,60,5,13,3,0,6,37,200,207
65,60,5,12,241,469,1,7,200,207
65,60,5,13,3,0,175,23,41,207
65,57,1,127,5,12,107,7,200,207
65,60,5,13,3,0,457,252,200,207
65,57,1,127,5,83,8,484,200,207
65,57,1,127,5,12,39,28,41,207
65,57,1,127,5,18,453,28,41,207
65,57,1,127,5,12,90,28,41,207
65,57,1,127,5,19,11,28,41,207
65,57,1,127,5,18,6,37,200,207
65,57,1,127,5,51,136,28,41,207
65,57,1,127,5,19,20,7,200,207
65,57,1,127,5,291,136,28,41,207
65,57,1,127,5,51,48,7,200,207
65,57,1,127,5,309,272,7,200,207
65,66,5,48,337,23,0,7,200,207
65,57,1,127,5,362,299,37,200,207
65,57,1,127,5,309,272,341,41,207
65,66,5,48,337,23,33,7,200,207
65,57,1,127,5,86,46,28,41,207
65,66,5,48,337,23,144,28,41,207
65,57,1,127,5,433,46,28,41,207
65,57,1,127,5,86,231,28,41,207
65,66,5,48,337,23,265,7,200,207
65,57,1,127,5,436,383,23,41,207
65,57,1,3,11,259,37,7,200,207
65,57,1,127,5,126,101,28,41,207
65,66,5,13,3,133,8,484,200,207
65,57,1,127,5,60,33,7,200,207
65,57,1,127,5,126,427,7,200,207
65,66,5,13,3,346,248,28,41,207
65,57,1,127,5,473,33,7,200,207
65,57,1,127,5,60,33,23,41,207
65,66,5,13,3,9,482,155,41,207
65,57,1,127,5,473,33,23,41,207
65,66,5,13,3,287,1,7,200,207
65,66,5,13,3,9,1,7,200,207
65,66,5,13,3,4,0,23,41,207
65,57,1,22,217,133,8,484,200,207
65,66,5,13,3,250,347,7,200,207
65,66,5,13,3,4,159,37,200,207
65,66,5,13,3,4,0,7,200,207
65,57,1,22,327,3,8,484,200,207
65,66,5,13,3,327,22,7,200,207
65,57,1,22,428,51,48,7,200,207
65,57,1,22,327,3,0,23,41,207
65,66,5,13,3,392,1,7,200,207
65,57,1,22,428,51,136,28,41,207
65,57,1,22,327,3,6,37,200,207
65,57,1,22,327,3,0,7,200,207
65,57,1,22,327,3,11,28,41,207
65,57,31,80,97,1,8,484,200,207
65,57,1,22,327,3,59,28,41,207
65,57,31,80,97,1,15,28,41,207
65,57,1,22,327,3,98,28,41,207
65,57,31,80,97,1,22,7,200,207
65,57,1,22,327,3,13,23,41,207
65,57,31,80,97,1,44,23,41,207
65,57,1,22,327,3,498,28,41,207
65,57,31,80,97,1,326,252,200,207
65,57,31,80,97,1,0,7,200,207
65,57,31,80,97,1,487,37,200,207
65,57,31,13,5,0,457,252,200,207
65,57,1,22,137,333,48,7,200,207
65,57,1,3,11,45,360,37,200,207
65,57,1,22,137,467,360,37,200,207
65,57,1,3,11,32,178,23,41,207
65,60,33,23,0,4,159,37,200,207
65,57,1,3,11,332,104,23,41,207
65,57,1,3,11,32,145,28,41,207
65,60,33,23,0,148,8,484,200,207
65,57,1,3,11,49,46,28,41,207
65,60,33,23,0,17,6,37,200,207
65,57,1,3,11,19,20,7,200,207
65,60,33,23,0,5,15,28,41,207
65,60,33,23,0,17,101,28,41,207
65,57,1,3,11,5,0,7,200,207
65,60,33,23,0,24,272,341,41,207
65,60,33,23,0,5,1,7,200,207
65,60,33,23,0,17,63,106,41,207
65,57,1,3,11,5,48,7,200,207
65,57,1,3,11,5,0,23,41,207
65,60,33,23,0,50,235,7,200,207
65,60,33,23,0,24,272,7,200,207
65,60,33,23,0,5,11,28,41,207
65,57,1,3,11,5,13,23,41,207
65,60,33,23,0,2,62,7,200,207
65,60,33,23,0,5,48,7,200,207
65,57,1,3,11,5,15,28,41,207
65,60,33,23,0,3,1,7,200,207
65,66,210,38,34,17,63,106,41,207
65,60,33,23,0,3,8,484,200,207
65,66,210,38,34,152,1,7,200,207
65,66,210,38,34,17,0,23,41,207
65,60,33,23,0,3,11,28,41,207
65,66,210,38,34,17,6,37,200,207
65,66,210,38,34,17,0,7,200,207
65,60,33,23,0,3,59,28,41,207
65,66,210,38,34,17,27,23,41,207
65,60,33,23,0,3,98,28,41,207
65,66,210,38,34,17,64,23,41,207
65,60,33,23,0,3,498,28,41,207
65,66,210,38,34,17,101,28,41,207
65,66,5,1,78,20,497,37,200,207
65,66,210,38,53,45,360,37,200,207
65,66,210,38,88,218,46,28,41,207
65,66,210,38,197,412,0,7,200,207
65,66,210,38,53,45,11,28,41,207
65,66,210,38,430,30,36,23,41,207
65,66,210,38,197,32,178,23,41,207
65,66,210,38,197,412,0,23,41,207
65,66,210,38,297,173,6,37,200,207
65,66,210,38,430,30,20,7,200,207
65,66,210,38,197,32,11,28,41,207
65,66,210,38,281,3,1,7,200,207
65,66,210,38,297,173,114,7,200,207
65,66,210,38,197,32,145,28,41,207
65,66,210,38,135,122,48,7,200,207
65,66,210,38,281,3,0,23,41,207
65,66,210,38,88,9,1,7,200,207
65,66,210,38,281,3,6,37,200,207
65,66,210,38,281,3,0,7,200,207
65,66,210,38,281,3,8,484,200,207
65,60,290,3,0,2,62,7,200,207
65,66,210,38,281,3,11,28,41,207
65,60,290,3,0,5,11,28,41,207
65,66,210,38,281,3,13,23,41,207
65,60,290,3,0,17,6,37,200,207
65,60,290,3,0,5,1,7,200,207
65,66,210,38,281,3,59,28,41,207
65,60,290,3,0,24,272,341,41,207
65,60,290,3,0,17,27,23,41,207
65,60,290,3,0,5,13,23,41,207
65,66,210,38,281,3,98,28,41,207
65,60,290,3,0,148,8,484,200,207
65,60,290,3,0,24,272,7,200,207
65,60,290,3,0,17,63,106,41,207
65,60,290,3,0,5,15,28,41,207
65,66,210,38,281,3,498,28,41,207
65,60,290,3,0,50,44,23,41,207
65,60,290,3,0,17,64,23,41,207
65,60,290,3,0,5,48,7,200,207
65,60,290,3,0,56,44,23,41,207
65,60,290,3,0,50,235,7,200,207
65,60,290,3,0,17,101,28,41,207
65,60,290,3,0,380,383,23,41,207
65,57,1,8,26,320,13,23,41,207
65,60,290,3,0,4,159,37,200,207
65,57,1,8,26,389,145,28,41,207
65,57,1,22,112,37,68,252,200,207
65,57,1,8,26,225,6,37,200,207
65,66,5,1,78,20,7,37,200,207
65,57,1,8,26,21,20,7,200,207
65,60,236,1,9,292,345,37,200,207
65,57,1,8,26,55,79,37,200,207
65,60,236,1,9,32,178,23,41,207
65,60,236,1,9,292,46,28,41,207
65,60,236,1,9,176,33,7,200,207
65,60,236,1,9,32,11,28,41,207
65,60,236,1,9,316,0,7,200,207
65,60,236,1,9,176,33,23,41,207
65,60,236,1,9,32,145,28,41,207
65,60,236,1,9,493,48,7,200,207
65,60,236,1,9,316,0,23,41,207
65,60,236,1,9,3,0,23,41,207
65,60,236,1,9,38,401,23,41,207
65,60,236,1,9,3,6,37,200,207
65,60,236,1,9,3,0,7,200,207
65,60,236,1,9,3,8,484,200,207
65,57,1,431,190,33,46,28,41,207
65,60,236,1,9,3,11,28,41,207
65,60,5,11,259,443,272,7,200,207
65,60,236,1,9,3,59,28,41,207
65,60,5,11,259,443,272,341,41,207
65,60,236,1,9,3,13,23,41,207
65,66,210,38,9,3,8,484,200,207
65,60,236,1,9,3,98,28,41,207
65,66,210,38,9,32,178,23,41,207
65,66,210,38,9,3,0,23,41,207
65,66,210,38,9,292,345,37,200,207
65,66,210,38,9,32,11,28,41,207
65,66,210,38,9,3,1,7,200,207
65,66,210,38,9,3,0,7,200,207
65,66,210,38,9,176,33,7,200,207
65,66,210,38,9,292,46,28,41,207
65,66,210,38,9,32,145,28,41,207
65,66,210,38,9,3,6,37,200,207
65,66,210,38,9,316,0,7,200,207
65,66,210,38,9,176,33,23,41,207
65,66,210,38,9,3,11,28,41,207
65,66,210,38,9,493,48,7,200,207
65,66,210,38,9,316,0,23,41,207
65,66,210,38,9,3,13,23,41,207
65,66,5,127,1,22,91,155,41,207
65,66,210,38,9,3,59,28,41,207
65,66,5,127,1,22,112,37,200,207
65,66,210,38,9,3,98,28,41,207
65,66,5,127,1,22,7,37,200,207
65,66,210,38,9,3,498,28,41,207
65,66,210,38,9,1,0,23,41,207
65,60,5,13,3,6,0,7,200,207
65,66,210,38,9,1,8,484,200,207
65,66,210,38,9,1,0,7,200,207
65,66,210,38,9,1,15,28,41,207
65,57,1,7,235,50,0,23,41,207
65,66,210,38,9,1,22,7,200,207
65,57,1,7,235,50,44,23,41,207
65,66,210,38,9,1,44,23,41,207
65,57,1,8,26,70,37,7,200,207
65,66,210,38,9,1,326,252,200,207
65,66,210,38,9,1,7,37,200,207
65,66,210,38,9,1,487,37,200,207
65,60,5,13,320,26,8,484,200,207
65,60,5,13,31,72,404,28,41,207
65,60,5,13,177,51,48,7,200,207
65,60,5,13,320,26,70,37,200,207
65,60,5,13,31,57,1,7,200,207
65,60,5,13,31,72,20,7,200,207
65,60,5,13,168,311,11,28,41,207
65,60,5,13,177,51,136,28,41,207
65,60,5,13,31,74,20,7,200,207
65,60,5,13,278,103,62,7,200,207
65,60,5,13,168,45,11,28,41,207
65,60,5,13,31,80,46,28,41,207
65,60,5,13,253,157,1,7,200,207
65,60,5,13,168,45,360,37,200,207
65,66,5,161,355,45,11,28,41,207
65,60,5,13,31,16,104,23,41,207
65,66,5,161,355,45,360,37,200,207
65,60,5,13,31,16,183,28,41,207
65,60,5,48,102,37,68,252,200,207
65,60,5,11,3,287,1,7,200,207
65,60,5,11,3,9,1,7,200,207
65,60,5,11,3,4,0,23,41,207
65,60,5,12,107,7,0,23,41,207
65,60,5,11,3,250,347,7,200,207
65,60,5,11,3,4,159,37,200,207
65,60,5,11,3,4,0,7,200,207
65,60,5,12,107,7,265,23,41,207
65,60,5,11,3,327,22,7,200,207
65,60,5,12,107,7,272,341,41,207
65,60,5,11,3,392,1,7,200,207
65,60,5,12,107,7,33,23,41,207
65,60,5,126,427,7,0,23,41,207
65,60,5,1,9,292,345,37,200,207
65,60,5,126,427,7,265,23,41,207
65,60,5,1,9,32,178,23,41,207
65,60,5,1,9,292,46,28,41,207
65,60,5,126,427,7,272,341,41,207
65,60,5,1,9,176,33,7,200,207
65,60,5,1,9,32,11,28,41,207
65,60,5,126,427,7,33,23,41,207
65,60,5,1,9,316,0,7,200,207
65,60,5,1,9,176,33,23,41,207
65,60,5,1,9,32,145,28,41,207
65,60,5,1,9,493,48,7,200,207
65,60,5,1,9,316,0,23,41,207
65,60,5,1,9,3,0,23,41,207
65,66,5,0,143,274,44,23,41,207
65,60,5,1,9,3,6,37,200,207
65,60,5,1,9,3,0,7,200,207
65,66,5,0,94,263,46,28,41,207
65,60,5,1,9,3,8,484,200,207
65,66,5,0,239,352,8,484,200,207
65,66,5,0,94,74,20,7,200,207
65,60,5,1,9,3,11,28,41,207
65,66,5,0,260,100,8,484,200,207
65,66,5,0,239,211,6,37,200,207
65,60,5,1,9,3,59,28,41,207
65,66,5,0,316,403,232,23,41,207
65,66,5,0,260,330,11,28,41,207
65,66,5,0,260,100,1,7,200,207
65,60,5,1,9,3,13,23,41,207
65,66,5,0,34,152,1,7,200,207
65,66,5,0,316,9,1,7,200,207
65,60,5,1,9,3,98,28,41,207
65,66,5,0,160,51,48,7,200,207
65,66,5,0,34,17,6,37,200,207
65,66,5,0,316,9,482,155,41,207
65,66,5,0,438,21,1,7,200,207
65,66,5,0,160,51,136,28,41,207
65,66,5,0,34,38,401,23,41,207
65,66,5,0,34,17,27,23,41,207
65,66,5,0,99,80,46,28,41,207
65,66,5,0,438,21,20,7,200,207
65,66,5,0,34,38,43,37,200,207
65,66,5,0,34,17,63,106,41,207
65,66,5,0,34,38,68,37,200,207
65,66,5,0,34,17,64,23,41,207
65,66,5,0,34,38,68,252,200,207
65,66,5,0,34,17,101,28,41,207
65,57,1,487,37,497,20,7,200,207
65,60,5,1,9,38,401,23,41,207
65,57,1,487,37,259,11,28,41,207
65,57,1,7,20,95,70,37,200,207
65,57,1,487,37,299,144,23,41,207
65,57,1,7,20,249,70,37,200,207
65,57,1,487,37,112,22,7,200,207
65,57,1,487,37,299,144,28,41,207
65,57,1,7,20,202,206,23,41,207
65,57,1,487,37,328,235,7,200,207
65,57,1,7,20,204,44,23,41,207
65,57,1,487,37,6,0,7,200,207
65,57,1,7,20,30,36,23,41,207
65,57,1,487,37,102,48,7,200,207
65,57,1,487,37,6,0,23,41,207
65,57,1,7,20,72,404,28,41,207
65,66,5,0,7,48,102,37,200,207
65,57,1,7,20,464,79,37,200,207
65,66,5,0,7,235,328,37,200,207
65,66,5,0,7,48,337,23,41,207
65,57,1,7,20,19,11,28,41,207
65,66,5,0,7,20,497,37,200,207
65,60,5,1,7,48,337,23,41,207
65,66,5,0,7,1,15,28,41,207
65,60,5,1,7,347,350,252,200,207
65,60,5,1,7,48,102,37,200,207
65,66,5,0,7,347,350,252,200,207
65,66,5,0,7,1,326,252,200,207
65,60,5,1,7,22,91,155,41,207
65,66,5,0,7,22,91,155,41,207
65,66,5,0,7,1,8,484,200,207
65,60,5,1,7,459,424,23,41,207
65,60,5,1,7,22,112,37,200,207
65,66,5,0,7,459,424,23,41,207
65,66,5,0,7,22,112,37,200,207
65,66,5,0,7,1,44,23,41,207
65,57,1,441,131,33,7,37,200,207
65,66,5,0,7,1,487,37,200,207
65,57,1,127,273,230,203,400,41,207
65,66,5,362,299,37,68,252,200,207
65,66,5,15,61,105,46,28,41,207
65,60,5,13,3,11,259,37,200,207
65,66,5,15,61,105,240,37,200,207
65,60,5,13,3,11,440,28,41,207
65,66,5,0,7,33,46,28,41,207
65,57,1,3,6,0,457,252,200,207
65,57,31,13,67,28,144,23,41,207
65,60,5,86,226,1,0,23,41,207
65,60,5,11,45,168,13,23,41,207
65,60,5,86,226,1,8,484,200,207
65,60,5,86,226,1,0,7,200,207
65,60,5,11,45,470,20,7,200,207
65,60,5,86,226,1,15,28,41,207
65,66,5,15,61,48,102,37,200,207
65,60,5,86,226,1,22,7,200,207
65,66,5,15,61,48,337,23,41,207
65,60,5,86,226,1,44,23,41,207
65,57,1,392,3,133,8,484,200,207
65,60,5,86,226,1,326,252,200,207
65,57,1,392,3,9,482,155,41,207
65,60,5,86,226,1,487,37,200,207
65,57,1,392,3,327,22,7,200,207
65,66,5,15,61,48,7,37,200,207
65,57,1,392,3,4,0,7,200,207
65,184,50,44,1,22,112,37,200,207
65,57,1,392,3,250,347,7,200,207
65,57,1,392,3,4,159,37,200,207
65,57,1,392,3,4,0,23,41,207
65,57,1,392,3,346,248,28,41,207
65,66,5,1,3,11,259,37,200,207
65,60,33,23,144,299,37,7,200,207
65,66,5,1,3,11,440,28,41,207
65,66,5,127,1,3,8,484,200,207
65,60,236,1,44,23,265,7,200,207
65,66,5,127,1,93,8,484,200,207
65,66,5,127,1,3,0,23,41,207
65,66,5,127,1,317,8,484,200,207
65,66,5,127,1,3,6,37,200,207
65,66,5,127,1,3,0,7,200,207
65,66,5,127,1,100,8,484,200,207
65,66,5,127,1,3,11,28,41,207
65,66,5,127,1,21,20,7,200,207
65,66,5,127,1,3,59,28,41,207
65,66,5,127,1,9,482,155,41,207
65,66,5,127,1,3,98,28,41,207
65,66,5,127,1,475,11,28,41,207
65,66,5,127,1,3,13,23,41,207
65,66,5,127,1,111,90,28,41,207
65,66,5,127,1,3,498,28,41,207
65,66,5,127,1,35,33,23,41,207
65,66,5,127,1,111,203,400,41,207
65,66,5,127,1,69,114,7,200,207
65,66,5,127,1,35,33,7,200,207
65,66,5,127,1,78,20,7,200,207
65,66,5,127,1,69,232,23,41,207
65,66,5,127,1,191,8,484,200,207
65,60,5,86,226,1,7,37,200,207
65,66,5,127,1,236,357,23,41,207
65,60,195,131,33,35,1,7,200,207
65,60,290,3,13,23,144,28,41,207
65,60,195,131,33,153,40,23,41,207
65,60,290,3,13,23,265,7,200,207
65,60,195,131,33,170,46,28,41,207
65,66,5,127,1,487,37,7,200,207
65,57,1,7,37,259,11,28,41,207
65,184,50,0,23,337,48,7,200,207
65,57,1,7,37,299,144,23,41,207
65,184,50,0,23,40,11,28,41,207
65,57,1,7,37,6,0,23,41,207
65,57,1,7,37,299,144,28,41,207
65,184,50,0,23,44,1,7,200,207
65,66,210,38,165,46,63,106,41,207
65,184,50,0,23,13,67,28,41,207
65,66,5,309,272,7,0,23,41,207
65,66,5,1,69,19,20,7,200,207
65,66,5,309,272,7,265,23,41,207
65,66,5,1,69,255,11,28,41,207
65,66,5,1,69,19,11,28,41,207
65,66,5,309,272,7,33,23,41,207
65,66,5,1,69,275,63,106,41,207
65,57,1,7,48,381,46,28,41,207
65,66,210,38,165,46,33,7,200,207
65,57,1,7,48,5,0,23,41,207
65,60,195,131,33,46,63,106,41,207
65,57,1,7,48,61,15,28,41,207
65,57,1,7,48,5,13,23,41,207
65,57,1,7,48,51,136,28,41,207
65,57,1,7,48,5,11,28,41,207
65,57,1,44,23,144,299,37,200,207
65,57,1,7,48,5,15,28,41,207
65,66,5,0,1,7,33,23,41,207
65,66,5,0,24,298,44,23,41,207
65,66,5,0,1,7,265,23,41,207
65,66,5,0,24,19,20,7,200,207
65,66,5,0,1,7,272,341,41,207
65,57,1,35,33,23,0,7,200,207
65,66,5,0,4,159,37,7,200,207
65,57,1,35,33,23,144,28,41,207
65,60,5,13,3,346,248,28,41,207
65,57,1,35,33,23,265,7,200,207
65,60,5,13,3,9,482,155,41,207
65,66,5,473,33,23,0,7,200,207
65,60,5,13,3,287,1,7,200,207
65,60,5,13,3,9,1,7,200,207
65,66,5,473,33,23,144,28,41,207
65,60,5,13,3,4,0,23,41,207
65,66,5,473,33,23,265,7,200,207
65,60,5,13,3,250,347,7,200,207
65,60,5,13,3,4,159,37,200,207
65,60,5,13,3,4,0,7,200,207
65,60,5,13,3,327,22,7,200,207
65,66,5,15,1,78,20,7,200,207
65,60,5,13,3,392,1,7,200,207
65,66,5,15,1,3,0,7,200,207
65,66,5,15,1,69,232,23,41,207
65,66,5,15,1,100,8,484,200,207
65,66,5,15,1,3,6,37,200,207
65,66,5,15,1,3,0,23,41,207
65,66,5,15,1,317,8,484,200,207
65,66,5,15,1,3,8,484,200,207
65,66,5,15,1,21,20,7,200,207
65,66,5,15,1,3,11,28,41,207
65,66,5,15,1,111,203,400,41,207
65,66,5,15,1,3,59,28,41,207
65,66,5,15,1,93,8,484,200,207
65,66,5,15,1,111,90,28,41,207
65,66,5,15,1,3,98,28,41,207
65,66,5,15,1,9,482,155,41,207
65,66,5,15,1,3,13,23,41,207
65,66,5,15,1,191,8,484,200,207
65,66,5,15,1,3,498,28,41,207
65,66,5,15,1,35,33,7,200,207
65,57,1,5,0,3,8,484,200,207
65,66,5,15,1,475,11,28,41,207
65,66,5,15,1,35,33,23,41,207
65,57,1,5,0,50,44,23,41,207
65,57,1,5,0,3,13,23,41,207
65,66,5,15,1,236,357,23,41,207
65,57,1,5,0,56,44,23,41,207
65,57,1,5,0,50,235,7,200,207
65,57,1,5,0,3,6,37,200,207
65,57,1,5,0,4,159,37,200,207
65,57,1,5,0,3,11,28,41,207
65,57,1,5,0,17,27,23,41,207
65,57,1,5,0,3,59,28,41,207
65,57,1,5,0,24,272,7,200,207
65,57,1,5,0,17,101,28,41,207
65,57,1,5,0,3,98,28,41,207
65,57,1,5,0,148,8,484,200,207
65,57,1,5,0,24,272,341,41,207
65,57,1,5,0,17,63,106,41,207
65,57,1,5,0,3,498,28,41,207
65,57,1,5,0,380,383,23,41,207
65,57,1,5,0,17,6,37,200,207
65,57,1,5,0,2,62,7,200,207
65,57,1,5,0,17,64,23,41,207
65,66,5,1,0,50,44,23,41,207
65,66,5,1,0,3,13,23,41,207
65,66,5,1,0,56,44,23,41,207
65,66,5,1,0,50,235,7,200,207
65,66,5,1,0,3,6,37,200,207
65,66,5,1,0,4,159,37,200,207
65,66,5,1,0,3,11,28,41,207
65,66,5,1,0,17,27,23,41,207
65,66,5,1,0,3,59,28,41,207
65,66,5,1,0,24,272,7,200,207
65,66,5,1,0,17,101,28,41,207
65,66,5,1,0,3,98,28,41,207
65,66,5,1,0,148,8,484,200,207
65,66,5,1,0,24,272,341,41,207
65,66,5,1,0,17,63,106,41,207
65,66,5,1,0,3,498,28,41,207
65,66,5,1,0,380,383,23,41,207
65,66,5,1,0,17,6,37,200,207
65,66,5,1,0,2,62,7,200,207
65,66,5,1,0,17,64,23,41,207
65,57,1,44,23,424,459,7,200,207
65,57,1,44,23,265,7,37,200,207
65,57,1,44,23,175,0,7,200,207
65,57,1,69,114,173,6,37,200,207
65,57,1,44,23,40,11,28,41,207
65,57,1,69,114,224,13,23,41,207
65,57,1,44,23,337,48,7,200,207
65,66,5,15,1,22,91,155,41,207
65,57,1,44,23,13,67,28,41,207
65,66,5,15,1,22,112,37,200,207
65,57,1,7,22,138,70,37,200,207
65,66,5,15,1,22,7,37,200,207
65,57,1,7,22,137,181,28,41,207
65,57,1,7,114,173,6,37,200,207
65,60,5,1,35,331,244,28,41,207
65,57,1,7,256,222,6,37,200,207
65,57,1,7,114,69,232,23,41,207
65,60,5,1,35,369,256,7,200,207
65,57,1,7,427,126,101,28,41,207
65,57,1,7,114,224,13,23,41,207
65,57,1,7,107,12,39,28,41,207
65,66,5,291,136,158,15,28,41,207
65,57,1,7,62,353,240,37,200,207
65,57,1,7,107,12,90,28,41,207
65,57,1,7,478,130,46,28,41,207
65,57,1,7,62,2,0,23,41,207
65,57,1,157,476,299,144,28,41,207
65,60,33,473,5,11,40,23,41,207
65,57,1,5,19,284,20,7,200,207
65,60,33,473,5,11,259,37,200,207
65,57,1,5,19,24,0,7,200,207
65,60,33,473,5,11,440,28,41,207
65,57,1,5,19,45,360,37,200,207
65,57,1,5,19,24,272,341,41,207
65,57,1,5,19,24,0,23,41,207
65,57,1,5,19,69,114,7,200,207
65,57,1,5,19,45,11,28,41,207
65,57,1,5,19,24,272,7,200,207
65,57,1,5,19,390,15,28,41,207
65,57,1,5,19,69,232,23,41,207
65,57,1,5,19,390,424,23,41,207
65,57,1,5,19,11,40,23,41,207
65,184,50,0,23,33,46,28,41,207
65,57,1,5,19,11,259,37,200,207
65,57,1,5,12,2,62,7,200,207
65,57,1,5,19,11,440,28,41,207
65,57,1,5,12,115,20,7,200,207
65,57,1,5,12,2,0,23,41,207
65,57,1,5,12,139,11,28,41,207
65,57,1,5,12,2,0,7,200,207
65,57,1,5,12,241,11,28,41,207
65,60,290,3,287,1,15,28,41,207
65,184,50,0,175,258,215,28,41,207
65,60,290,3,287,1,22,7,200,207
65,66,5,0,1,487,37,7,200,207
65,60,290,3,287,1,44,23,41,207
65,184,50,0,23,33,7,37,200,207
65,60,290,3,287,1,326,252,200,207
65,60,33,46,49,11,440,28,41,207
65,60,290,3,287,1,487,37,200,207
65,57,1,5,18,6,0,23,41,207
65,66,5,11,324,287,1,7,200,207
65,57,1,5,18,6,0,7,200,207
65,66,5,11,257,4,159,37,200,207
65,66,5,11,330,260,0,7,200,207
65,66,5,11,255,69,114,7,200,207
65,66,5,11,257,4,0,23,41,207
65,66,5,11,361,109,238,7,200,207
65,66,5,11,255,69,1,7,200,207
65,66,5,11,257,4,0,7,200,207
65,66,5,11,118,21,1,7,200,207
65,66,5,11,255,69,232,23,41,207
65,66,5,11,499,129,102,37,200,207
65,66,5,11,118,21,20,7,200,207
65,57,1,161,355,45,11,28,41,207
65,57,1,3,250,211,6,37,200,207
65,57,1,161,355,45,360,37,200,207
65,57,1,3,250,370,203,400,41,207
65,57,1,78,20,7,272,341,41,207
65,57,1,5,18,6,37,7,200,207
65,57,1,78,20,7,33,23,41,207
65,66,5,1,108,199,6,37,200,207
65,57,1,78,20,7,265,23,41,207
65,66,5,1,164,45,360,37,200,207
65,184,50,0,175,23,33,7,200,207
65,66,5,1,157,476,299,37,200,207
65,66,5,1,164,45,11,28,41,207
65,184,50,0,175,23,144,28,41,207
65,66,5,1,431,190,33,7,200,207
65,66,5,1,157,174,48,7,200,207
65,184,50,0,175,23,265,7,200,207
65,66,5,1,188,368,299,37,200,207
65,66,5,1,431,490,104,23,41,207
65,66,5,1,431,190,33,23,41,207
65,66,5,1,157,253,13,23,41,207
65,66,5,1,169,109,238,7,200,207
65,66,5,1,157,307,33,7,200,207
65,66,5,1,287,3,0,7,200,207
65,66,5,1,157,310,20,7,200,207
65,66,5,1,157,307,33,23,41,207
65,66,5,1,296,95,20,7,200,207
65,66,5,1,287,323,27,23,41,207
65,66,5,1,287,3,6,37,200,207
65,66,5,1,287,3,0,23,41,207
65,66,5,1,392,3,6,37,200,207
65,66,5,1,296,95,70,37,200,207
65,66,5,1,287,324,11,28,41,207
65,66,5,1,287,3,8,484,200,207
65,66,5,1,226,86,231,28,41,207
65,66,5,1,392,3,0,23,41,207
65,66,5,1,287,3,11,28,41,207
65,66,5,1,152,34,0,7,200,207
65,66,5,1,226,86,46,28,41,207
65,66,5,1,392,3,8,484,200,207
65,66,5,1,392,3,0,7,200,207
65,66,5,1,287,3,59,28,41,207
65,66,5,1,57,465,150,23,41,207
65,66,5,1,152,34,0,23,41,207
65,66,5,1,392,3,11,28,41,207
65,66,5,1,287,3,98,28,41,207
65,66,5,1,97,420,175,23,41,207
65,66,5,1,57,31,13,23,41,207
65,66,5,1,392,3,59,28,41,207
65,66,5,1,287,3,13,23,41,207
65,66,5,1,441,131,33,7,200,207
65,66,5,1,97,80,46,28,41,207
65,66,5,1,392,3,98,28,41,207
65,66,5,1,287,3,498,28,41,207
65,66,5,1,382,32,11,28,41,207
65,66,5,1,441,131,104,23,41,207
65,66,5,1,441,131,33,23,41,207
65,66,5,1,392,3,13,23,41,207
65,66,5,1,469,241,11,28,41,207
65,66,5,1,382,32,145,28,41,207
65,66,5,1,392,3,498,28,41,207
65,66,5,1,161,264,136,28,41,207
65,66,5,1,382,32,178,23,41,207
65,57,1,3,250,347,350,252,200,207
65,60,5,13,23,0,7,37,200,207
65,60,5,12,241,11,40,23,41,207
65,57,1,5,60,230,203,400,41,207
65,60,5,12,241,11,259,37,200,207
65,57,1,5,60,236,357,23,41,207
65,60,5,12,241,11,440,28,41,207
65,66,210,38,141,46,63,106,41,207
65,57,1,3,250,347,7,37,200,207
65,66,210,38,141,46,33,7,200,207
65,57,1,5,60,33,7,37,200,207
65,66,5,1,69,114,7,37,200,207
65,57,1,5,51,130,478,7,200,207
65,60,5,81,42,82,67,28,41,207
65,57,1,5,51,172,215,28,41,207
65,57,1,5,51,130,46,28,41,207
65,57,1,5,51,160,0,7,200,207
65,60,5,81,42,4,159,37,200,207
65,57,1,5,51,428,22,7,200,207
65,57,1,5,51,160,0,23,41,207
65,57,1,5,51,366,44,23,41,207
65,57,1,5,51,48,102,37,200,207
65,57,1,5,51,262,27,23,41,207
65,57,1,5,51,48,337,23,41,207
65,57,1,5,51,177,13,23,41,207
65,60,5,81,42,4,0,7,200,207
65,57,1,5,51,269,20,7,200,207
65,60,236,1,7,33,46,28,41,207
65,60,5,81,42,6,0,7,200,207
65,57,1,5,51,48,7,37,200,207
65,57,1,15,28,46,63,106,41,207
65,60,5,12,2,0,1,7,200,207
65,57,1,15,28,11,40,23,41,207
65,57,1,15,28,46,33,7,200,207
65,60,5,12,2,0,6,37,200,207
65,57,1,15,28,67,13,23,41,207
65,57,1,15,28,11,259,37,200,207
65,57,1,15,28,46,33,23,41,207
65,60,5,12,2,0,175,23,41,207
65,60,230,273,127,5,1,7,200,207
65,60,5,12,2,0,457,252,200,207
65,60,230,273,127,5,0,23,41,207
65,60,5,15,390,19,11,28,41,207
65,60,230,273,127,5,11,28,41,207
65,60,230,273,127,5,0,7,200,207
65,60,5,15,390,19,20,7,200,207
65,60,230,273,127,5,13,23,41,207
65,60,5,15,390,424,459,7,200,207
65,60,230,273,127,5,15,28,41,207
65,60,5,15,16,10,8,484,200,207
65,60,230,273,127,5,48,7,200,207
65,60,5,15,16,30,20,7,200,207
65,60,5,15,16,10,91,155,41,207
65,60,5,15,16,31,13,23,41,207
65,60,5,15,16,30,36,23,41,207
65,60,5,15,16,10,356,28,41,207
65,60,5,15,16,246,206,23,41,207
65,57,1,108,97,420,175,23,41,207
65,60,33,23,44,50,235,7,200,207
65,60,5,15,16,104,150,23,41,207
65,60,33,23,44,56,0,7,200,207
65,60,33,23,44,50,0,7,200,207
65,60,33,23,44,204,20,7,200,207
65,57,1,9,3,0,457,252,200,207
65,60,230,273,127,1,0,23,41,207
65,60,33,23,44,1,7,37,200,207
65,60,230,273,127,1,8,484,200,207
65,60,230,273,127,1,0,7,200,207
65,60,230,273,127,1,15,28,41,207
65,57,1,108,199,6,0,7,200,207
65,60,230,273,127,1,22,7,200,207
65,60,33,23,44,1,0,7,200,207
65,60,230,273,127,1,44,23,41,207
65,60,33,23,44,1,8,484,200,207
65,60,230,273,127,1,326,252,200,207
65,60,33,23,44,1,15,28,41,207
65,60,230,273,127,1,487,37,200,207
65,60,33,23,44,1,22,7,200,207
65,57,31,13,278,103,62,7,200,207
65,60,33,23,44,1,326,252,200,207
65,57,31,13,253,157,1,7,200,207
65,60,33,23,44,1,487,37,200,207
65,57,1,111,385,33,46,28,41,207
65,57,1,5,60,33,46,28,41,207
65,57,31,13,168,45,11,28,41,207
65,60,230,273,127,1,7,37,200,207
65,57,31,13,168,45,360,37,200,207
65,57,1,15,5,0,7,37,200,207
65,60,5,15,61,105,46,28,41,207
65,60,5,15,61,48,102,37,200,207
65,60,5,15,61,105,240,37,200,207
65,60,5,15,61,48,337,23,41,207
65,60,5,15,61,48,7,37,200,207
65,60,290,3,13,119,112,37,200,207
65,57,31,72,20,7,0,23,41,207
65,60,290,3,13,306,91,155,41,207
65,60,290,3,13,119,277,37,200,207
65,57,31,72,20,7,33,23,41,207
65,60,290,3,13,5,11,28,41,207
65,57,31,72,20,7,265,23,41,207
65,60,290,3,13,305,203,400,41,207
65,60,290,3,13,5,0,23,41,207
65,57,31,72,20,7,272,341,41,207
65,60,290,3,13,5,1,7,200,207
65,60,290,3,13,5,0,7,200,207
65,60,290,3,13,5,15,28,41,207
65,66,5,11,28,144,299,37,200,207
65,60,290,3,13,5,48,7,200,207
65,184,50,0,6,3,498,28,41,207
65,66,5,83,220,1,0,23,41,207
65,184,50,0,6,18,453,28,41,207
65,184,50,0,6,3,1,7,200,207
65,66,5,83,220,1,8,484,200,207
65,66,5,83,220,1,0,7,200,207
65,184,50,0,6,222,256,7,200,207
65,184,50,0,6,3,8,484,200,207
65,66,5,83,220,1,15,28,41,207
65,184,50,0,6,17,27,23,41,207
65,184,50,0,6,3,11,28,41,207
65,66,5,83,220,1,22,7,200,207
65,184,50,0,6,173,114,7,200,207
65,184,50,0,6,17,101,28,41,207
65,184,50,0,6,3,59,28,41,207
65,66,5,83,220,1,44,23,41,207
65,184,50,0,6,205,79,37,200,207
65,184,50,0,6,17,63,106,41,207
65,184,50,0,6,3,13,23,41,207
65,66,5,83,220,1,326,252,200,207
65,184,50,0,6,17,64,23,41,207
65,184,50,0,6,3,98,28,41,207
65,66,5,83,220,1,487,37,200,207
65,66,5,51,364,17,6,37,200,207
65,66,5,51,294,19,11,28,41,207
65,66,5,51,364,17,0,23,41,207
65,57,1,5,126,427,7,37,200,207
65,66,5,51,364,17,27,23,41,207
65,66,5,51,364,17,0,7,200,207
65,66,5,51,364,17,63,106,41,207
65,57,1,5,86,46,33,23,41,207
65,66,5,51,364,17,64,23,41,207
65,57,1,5,86,46,63,106,41,207
65,57,1,5,86,46,33,7,200,207
65,66,5,51,364,17,101,28,41,207
65,66,5,83,220,1,7,37,200,207
65,60,5,15,349,52,481,28,41,207
65,60,5,1,7,0,175,23,41,207
65,60,5,15,113,4,0,7,200,207
65,60,5,15,349,52,46,28,41,207
65,60,5,1,7,0,457,252,200,207
65,60,5,15,113,4,159,37,200,207
65,60,5,15,113,4,0,23,41,207
65,57,31,13,3,9,482,155,41,207
65,60,5,15,158,190,33,7,200,207
65,57,31,13,3,287,1,7,200,207
65,57,31,13,3,9,1,7,200,207
65,60,5,15,158,190,33,23,41,207
65,57,31,13,3,4,0,23,41,207
65,60,5,371,14,2,62,7,200,207
65,57,31,13,3,250,347,7,200,207
65,57,31,13,3,4,159,37,200,207
65,57,31,13,3,4,0,7,200,207
65,60,5,371,14,96,48,7,200,207
65,60,5,371,14,2,0,23,41,207
65,57,31,13,3,327,22,7,200,207
65,60,5,371,14,2,0,7,200,207
65,57,31,13,3,392,1,7,200,207
65,60,5,371,14,3,0,23,41,207
65,60,5,0,2,10,356,28,41,207
65,60,5,371,14,3,1,7,200,207
65,60,5,371,14,3,0,7,200,207
65,60,290,3,11,259,37,7,200,207
65,57,1,8,3,0,457,252,200,207
65,60,5,0,2,12,39,28,41,207
65,60,5,0,2,10,8,484,200,207
65,60,5,371,14,3,6,37,200,207
65,57,1,5,362,299,144,23,41,207
65,60,5,0,2,12,90,28,41,207
65,60,5,0,2,10,91,155,41,207
65,60,5,371,14,3,8,484,200,207
65,57,1,5,362,299,144,28,41,207
65,60,5,0,2,12,107,7,200,207
65,66,5,60,449,332,11,28,41,207
65,60,5,371,14,3,11,28,41,207
65,66,5,60,195,131,104,23,41,207
65,66,5,60,195,131,33,23,41,207
65,66,5,60,449,332,104,23,41,207
65,60,5,371,14,3,13,23,41,207
65,57,1,35,33,131,104,23,41,207
65,57,1,5,362,299,37,7,200,207
65,57,1,5,126,214,43,37,200,207
65,60,5,371,14,3,59,28,41,207
65,57,1,35,33,153,40,23,41,207
65,57,1,157,174,48,337,23,41,207
65,57,1,35,33,46,63,106,41,207
65,60,5,371,14,3,498,28,41,207
65,57,1,35,33,170,46,28,41,207
65,66,5,60,290,3,1,7,200,207
65,66,5,60,290,3,0,7,200,207
65,57,1,382,32,9,482,155,41,207
65,60,5,1,22,138,70,37,200,207
65,66,5,60,290,3,8,484,200,207
65,57,1,469,241,12,107,7,200,207
65,57,1,382,32,247,48,7,200,207
65,60,5,1,22,137,181,28,41,207
65,66,5,60,290,3,11,28,41,207
65,57,1,469,241,12,39,28,41,207
65,57,1,382,32,367,59,28,41,207
65,60,5,18,6,3,8,484,200,207
65,66,5,60,290,3,13,23,41,207
65,57,1,469,241,12,90,28,41,207
65,60,5,13,67,28,144,23,41,207
65,60,5,18,6,17,63,106,41,207
65,60,5,18,6,3,0,23,41,207
65,66,5,60,290,3,59,28,41,207
65,57,1,5,0,23,144,28,41,207
65,60,5,18,6,205,79,37,200,207
65,60,5,18,6,17,0,23,41,207
65,60,5,18,6,3,1,7,200,207
65,60,5,18,6,3,0,7,200,207
65,66,5,60,290,3,98,28,41,207
65,57,1,5,0,23,265,7,200,207
65,60,5,18,6,173,114,7,200,207
65,60,5,18,6,17,27,23,41,207
65,60,5,18,6,17,0,7,200,207
65,60,5,18,6,3,11,28,41,207
65,66,5,60,290,3,498,28,41,207
65,60,5,18,6,222,256,7,200,207
65,60,5,18,6,17,64,23,41,207
65,60,5,18,6,3,59,28,41,207
65,60,5,1,0,6,37,7,200,207
65,60,33,46,52,349,15,28,41,207
65,60,5,18,6,17,101,28,41,207
65,60,5,18,6,3,98,28,41,207
65,60,33,7,0,1,15,28,41,207
65,57,1,157,5,48,337,23,41,207
65,66,5,1,9,3,498,28,41,207
65,60,5,18,6,3,13,23,41,207
65,60,33,7,0,3,8,484,200,207
65,60,33,7,0,1,326,252,200,207
65,66,5,1,9,292,345,37,200,207
65,66,5,1,9,3,0,23,41,207
65,60,5,18,6,3,498,28,41,207
65,60,33,7,0,50,44,23,41,207
65,60,33,7,0,3,13,23,41,207
65,60,33,7,0,1,8,484,200,207
65,66,5,1,9,32,178,23,41,207
65,66,5,1,9,292,46,28,41,207
65,66,5,1,9,3,6,37,200,207
65,66,5,1,9,3,0,7,200,207
65,60,33,7,0,4,159,37,200,207
65,60,33,7,0,3,6,37,200,207
65,60,33,7,0,1,44,23,41,207
65,66,5,1,9,176,33,7,200,207
65,66,5,1,9,32,11,28,41,207
65,66,5,1,9,3,8,484,200,207
65,60,33,7,0,5,11,28,41,207
65,60,33,7,0,3,59,28,41,207
65,60,33,7,0,1,487,37,200,207
65,66,5,1,9,316,0,7,200,207
65,66,5,1,9,176,33,23,41,207
65,66,5,1,9,32,145,28,41,207
65,66,5,1,9,3,11,28,41,207
65,60,33,7,0,17,27,23,41,207
65,60,33,7,0,5,13,23,41,207
65,60,33,7,0,3,98,28,41,207
65,66,5,1,9,493,48,7,200,207
65,66,5,1,9,316,0,23,41,207
65,66,5,1,9,3,59,28,41,207
65,60,33,7,0,24,272,341,41,207
65,60,33,7,0,17,101,28,41,207
65,60,33,7,0,5,15,28,41,207
65,60,33,7,0,3,11,28,41,207
65,66,5,1,9,3,13,23,41,207
65,60,33,7,0,148,8,484,200,207
65,60,33,7,0,17,63,106,41,207
65,60,33,7,0,3,498,28,41,207
65,66,5,1,9,3,98,28,41,207
65,60,33,7,0,56,44,23,41,207
65,60,33,7,0,17,6,37,200,207
65,57,1,293,167,17,63,106,41,207
65,184,50,0,1,69,114,7,200,207
65,60,33,7,0,380,383,23,41,207
65,60,33,7,0,17,64,23,41,207
65,57,1,116,435,213,8,484,200,207
65,57,1,293,167,17,0,23,41,207
65,184,50,0,1,78,20,7,200,207
65,184,50,0,1,69,232,23,41,207
65,57,1,134,180,176,33,7,200,207
65,57,1,116,463,42,6,37,200,207
65,57,1,293,167,17,6,37,200,207
65,57,1,293,167,17,0,7,200,207
65,184,50,0,1,3,6,37,200,207
65,57,1,471,399,85,244,28,41,207
65,57,1,134,73,12,39,28,41,207
65,57,1,134,180,176,33,23,41,207
65,57,1,116,198,448,206,23,41,207
65,57,1,293,167,17,27,23,41,207
65,184,50,0,1,93,8,484,200,207
65,184,50,0,1,3,13,23,41,207
65,57,1,472,402,45,11,28,41,207
65,57,1,134,73,24,272,341,41,207
65,57,1,134,73,12,90,28,41,207
65,57,1,116,71,50,235,7,200,207
65,57,1,293,167,17,64,23,41,207
65,184,50,0,1,100,8,484,200,207
65,184,50,0,1,3,8,484,200,207
65,57,1,227,161,5,13,23,41,207
65,57,1,472,402,45,360,37,200,207
65,57,1,134,73,84,419,23,41,207
65,57,1,134,73,24,0,23,41,207
65,57,1,134,73,24,272,7,200,207
65,57,1,134,73,12,107,7,200,207
65,57,1,116,71,304,206,23,41,207
65,57,1,116,71,50,0,23,41,207
65,57,1,293,167,17,101,28,41,207
65,184,50,0,1,317,8,484,200,207
65,184,50,0,1,3,11,28,41,207
65,57,1,227,161,264,136,28,41,207
65,57,1,227,161,5,0,23,41,207
65,57,1,134,73,279,40,23,41,207
65,57,1,134,73,84,358,28,41,207
65,57,1,134,73,24,0,7,200,207
65,57,1,116,71,137,181,28,41,207
65,57,1,116,71,50,44,23,41,207
65,57,1,116,71,50,0,7,200,207
65,184,50,0,1,21,20,7,200,207
65,184,50,0,1,3,59,28,41,207
65,57,1,227,161,5,11,28,41,207
65,57,1,227,161,5,0,7,200,207
65,57,1,116,71,302,48,7,200,207
65,57,1,116,71,137,22,7,200,207
65,184,50,0,1,5,13,23,41,207
65,184,50,0,1,3,98,28,41,207
65,57,1,227,161,5,15,28,41,207
65,66,5,1,9,38,43,37,200,207
65,184,50,0,1,35,33,7,200,207
65,184,50,0,1,5,11,28,41,207
65,184,50,0,1,3,498,28,41,207
65,57,1,227,161,5,48,7,200,207
65,66,5,1,9,38,401,23,41,207
65,184,50,0,1,191,8,484,200,207
65,184,50,0,1,35,33,23,41,207
65,184,50,0,1,5,15,28,41,207
65,66,5,1,9,38,68,37,200,207
65,184,50,0,1,9,482,155,41,207
65,57,1,287,3,0,175,23,41,207
65,184,50,0,1,5,48,7,200,207
65,57,1,15,28,144,299,37,200,207
65,184,50,0,1,475,11,28,41,207
65,57,1,287,3,0,457,252,200,207
65,57,1,35,33,7,0,23,41,207
65,60,33,7,1,22,91,155,41,207
65,184,50,0,1,111,90,28,41,207
65,60,5,12,2,0,7,37,200,207
65,57,1,35,33,7,265,23,41,207
65,60,33,7,1,3,6,37,200,207
65,60,33,7,1,22,112,37,200,207
65,184,50,0,1,236,357,23,41,207
65,184,50,0,1,111,203,400,41,207
65,57,1,35,33,7,272,341,41,207
65,60,33,7,1,5,11,28,41,207
65,60,33,7,1,3,0,23,41,207
65,57,1,5,473,33,7,37,200,207
65,60,5,1,475,11,440,28,41,207
65,60,33,7,1,9,482,155,41,207
65,60,33,7,1,5,0,23,41,207
65,60,33,7,1,3,8,484,200,207
65,60,5,13,23,0,1,7,200,207
65,60,33,7,1,475,11,28,41,207
65,60,33,7,1,5,13,23,41,207
65,60,33,7,1,3,11,28,41,207
65,60,5,13,23,0,6,37,200,207
65,60,33,7,1,100,8,484,200,207
65,60,33,7,1,5,15,28,41,207
65,60,33,7,1,3,13,23,41,207
65,60,5,13,23,0,457,252,200,207
65,60,33,7,1,111,90,28,41,207
65,57,1,127,5,48,7,37,200,207
65,60,33,7,1,3,59,28,41,207
65,60,5,161,1,22,91,155,41,207
65,60,33,7,1,111,203,400,41,207
65,60,5,1,69,275,63,106,41,207
65,60,33,7,1,3,98,28,41,207
65,60,5,161,1,22,112,37,200,207
65,60,5,161,1,22,7,37,200,207
65,60,5,1,0,3,8,484,200,207
65,60,33,7,1,3,498,28,41,207
65,57,1,469,241,11,40,23,41,207
65,57,31,75,3,1,326,252,200,207
65,60,5,1,0,50,44,23,41,207
65,60,5,1,0,3,13,23,41,207
65,57,1,469,241,11,259,37,200,207
65,57,31,75,3,1,487,37,200,207
65,60,5,1,0,56,44,23,41,207
65,60,5,1,0,50,235,7,200,207
65,60,5,1,0,3,6,37,200,207
65,57,1,469,241,11,440,28,41,207
65,60,5,1,0,4,159,37,200,207
65,57,1,8,3,11,440,28,41,207
65,60,5,1,0,3,11,28,41,207
65,60,290,3,0,6,37,7,200,207
65,60,5,1,0,17,27,23,41,207
65,60,5,48,337,23,144,28,41,207
65,60,5,1,0,3,59,28,41,207
65,57,31,72,20,95,70,37,200,207
65,60,5,1,0,24,272,7,200,207
65,60,5,1,0,17,101,28,41,207
65,60,5,48,337,23,265,7,200,207
65,60,5,1,0,3,98,28,41,207
65,57,31,72,20,21,1,7,200,207
65,60,5,1,0,148,8,484,200,207
65,60,5,1,0,24,272,341,41,207
65,60,5,1,0,17,63,106,41,207
65,60,5,1,0,3,498,28,41,207
65,57,31,72,20,30,36,23,41,207
65,60,5,1,0,380,383,23,41,207
65,60,5,1,0,17,6,37,200,207
65,57,1,69,255,11,40,23,41,207
65,57,31,72,20,202,206,23,41,207
65,60,5,1,0,2,62,7,200,207
65,60,5,1,0,17,64,23,41,207
65,57,1,69,255,11,259,37,200,207
65,57,31,72,20,204,44,23,41,207
65,57,1,5,473,33,46,28,41,207
65,57,1,317,8,10,356,28,41,207
65,57,1,69,255,11,440,28,41,207
65,57,31,72,20,249,70,37,200,207
65,57,1,317,8,3,0,23,41,207
65,57,1,317,8,148,0,7,200,207
65,57,1,317,8,10,91,155,41,207
65,57,31,72,20,78,1,7,200,207
65,57,1,317,8,3,6,37,200,207
65,57,1,317,8,3,0,7,200,207
65,57,1,317,8,87,63,106,41,207
65,57,1,317,8,148,0,23,41,207
65,57,31,72,20,19,11,28,41,207
65,57,1,317,8,3,11,28,41,207
65,57,1,5,309,272,7,37,200,207
65,57,1,127,5,48,102,37,200,207
65,57,31,72,20,464,79,37,200,207
65,57,1,317,8,3,59,28,41,207
65,57,1,69,19,5,11,28,41,207
65,57,1,127,5,48,337,23,41,207
65,57,31,13,5,18,453,28,41,207
65,57,1,317,8,3,13,23,41,207
65,57,1,69,19,24,272,341,41,207
65,57,1,69,19,5,0,23,41,207
65,57,31,13,5,51,136,28,41,207
65,57,31,13,5,18,6,37,200,207
65,57,1,317,8,3,98,28,41,207
65,57,1,69,19,45,360,37,200,207
65,57,1,69,19,24,0,23,41,207
65,57,1,69,19,24,272,7,200,207
65,57,1,69,19,5,13,23,41,207
65,57,1,69,19,5,0,7,200,207
65,57,31,13,5,60,33,7,200,207
65,57,31,13,5,51,48,7,200,207
65,57,1,69,19,284,20,7,200,207
65,57,1,69,19,45,11,28,41,207
65,57,1,69,19,24,0,7,200,207
65,57,1,69,19,5,15,28,41,207
65,57,31,13,5,157,1,7,200,207
65,57,31,13,5,60,33,23,41,207
65,57,1,69,19,390,15,28,41,207
65,57,1,69,19,5,48,7,200,207
65,57,31,13,5,161,1,7,200,207
65,66,5,11,259,37,68,252,200,207
65,57,1,69,19,390,424,23,41,207
65,57,1,69,19,11,40,23,41,207
65,57,31,13,5,86,231,28,41,207
65,66,5,13,3,1,0,23,41,207
65,57,1,441,131,104,150,23,41,207
65,57,1,69,19,11,259,37,200,207
65,57,31,13,5,126,427,7,200,207
65,57,31,13,5,86,46,28,41,207
65,66,5,13,3,1,8,484,200,207
65,66,5,13,3,1,0,7,200,207
65,57,1,69,19,11,440,28,41,207
65,57,31,13,5,436,383,23,41,207
65,57,31,13,5,126,101,28,41,207
65,66,5,13,3,1,15,28,41,207
65,60,5,126,409,177,13,23,41,207
65,57,31,13,5,127,1,7,200,207
65,60,33,46,105,129,102,37,200,207
65,66,5,13,3,1,22,7,200,207
65,57,1,44,23,0,6,37,200,207
65,57,31,13,5,473,33,7,200,207
65,60,33,46,105,461,231,28,41,207
65,66,5,13,3,1,44,23,41,207
65,57,1,44,23,0,457,252,200,207
65,57,31,13,5,188,1,7,200,207
65,57,31,13,5,473,33,23,41,207
65,66,5,13,3,1,326,252,200,207
65,57,1,5,433,46,33,23,41,207
65,57,31,13,5,291,136,28,41,207
65,66,5,1,111,385,33,23,41,207
65,66,5,13,3,1,487,37,200,207
65,57,1,5,433,46,63,106,41,207
65,57,1,5,433,46,33,7,200,207
65,57,31,13,5,309,272,7,200,207
65,57,1,5,157,476,299,37,200,207
65,60,5,11,40,171,70,37,200,207
65,60,5,11,40,153,33,23,41,207
65,57,31,13,5,362,299,37,200,207
65,57,31,13,5,309,272,341,41,207
65,57,1,5,371,466,424,23,41,207
65,57,1,5,157,174,48,7,200,207
65,57,31,13,5,433,46,28,41,207
65,57,1,157,5,0,175,23,41,207
65,57,1,5,286,30,20,7,200,207
65,57,1,5,157,253,13,23,41,207
65,60,5,51,130,478,7,37,200,207
65,57,1,157,5,0,457,252,200,207
65,57,1,5,442,353,62,7,200,207
65,57,1,5,286,429,48,7,200,207
65,57,1,5,286,30,36,23,41,207
65,57,1,5,157,307,33,7,200,207
65,57,1,5,188,368,299,37,200,207
65,57,1,5,442,353,240,37,200,207
65,60,5,161,1,3,8,484,200,207
65,57,1,5,157,310,20,7,200,207
65,57,1,5,157,307,33,23,41,207
65,57,1,5,81,42,6,37,200,207
65,60,5,161,1,93,8,484,200,207
65,60,5,161,1,3,0,23,41,207
65,60,5,161,1,487,37,7,200,207
65,57,1,44,23,0,7,37,200,207
65,57,1,5,161,264,136,28,41,207
65,60,5,161,1,317,8,484,200,207
65,60,5,161,1,3,6,37,200,207
65,60,5,161,1,3,0,7,200,207
65,60,5,126,214,43,37,7,200,207
65,57,1,5,491,310,20,7,200,207
65,60,5,161,1,100,8,484,200,207
65,60,5,161,1,3,11,28,41,207
65,57,1,157,5,11,259,37,200,207
65,57,1,9,32,11,440,28,41,207
65,57,1,5,363,74,20,7,200,207
65,60,5,161,1,21,20,7,200,207
65,60,5,161,1,3,59,28,41,207
65,57,1,157,5,11,440,28,41,207
65,57,31,16,15,28,144,23,41,207
65,57,1,5,270,9,482,155,41,207
65,60,5,161,1,9,482,155,41,207
65,60,5,161,1,3,98,28,41,207
65,60,5,0,148,8,1,7,200,207
65,57,1,7,0,3,8,484,200,207
65,66,5,13,3,1,7,37,200,207
65,60,5,161,1,475,11,28,41,207
65,60,5,161,1,3,13,23,41,207
65,57,1,441,131,33,46,28,41,207
65,57,1,7,0,50,44,23,41,207
65,57,1,7,0,3,13,23,41,207
65,60,5,161,1,35,33,7,200,207
65,60,5,161,1,3,498,28,41,207
65,57,1,5,12,107,7,37,200,207
65,57,1,7,0,4,159,37,200,207
65,57,1,7,0,3,6,37,200,207
65,60,5,161,1,69,114,7,200,207
65,60,5,161,1,35,33,23,41,207
65,60,5,286,429,48,337,23,41,207
65,57,1,7,0,17,6,37,200,207
65,57,1,7,0,3,11,28,41,207
65,60,5,161,1,111,90,28,41,207
65,60,5,161,1,69,232,23,41,207
65,66,5,127,1,7,0,23,41,207
65,57,1,7,0,148,8,484,200,207
65,57,1,7,0,17,27,23,41,207
65,57,1,7,0,3,59,28,41,207
65,60,5,161,1,78,20,7,200,207
65,60,5,161,1,111,203,400,41,207
65,66,5,127,1,7,33,23,41,207
65,57,1,7,0,24,272,341,41,207
65,57,1,7,0,17,63,106,41,207
65,57,1,7,0,3,98,28,41,207
65,60,5,161,1,191,8,484,200,207
65,66,5,127,1,7,265,23,41,207
65,57,1,7,0,5,13,23,41,207
65,57,1,7,0,17,64,23,41,207
65,57,1,7,0,3,498,28,41,207
65,60,5,161,1,236,357,23,41,207
65,66,5,127,1,7,272,341,41,207
65,57,1,7,0,56,44,23,41,207
65,57,1,7,0,5,11,28,41,207
65,57,1,7,0,17,101,28,41,207
65,60,5,0,24,272,7,37,200,207
65,57,1,441,131,186,387,28,41,207
65,57,1,7,0,380,383,23,41,207
65,57,1,7,0,5,15,28,41,207
65,60,5,0,50,44,1,7,200,207
65,60,5,1,21,84,419,23,41,207
65,60,5,1,21,52,46,28,41,207
65,57,1,7,0,23,144,28,41,207
65,57,1,220,425,12,90,28,41,207
65,60,290,3,9,1,22,7,200,207
65,60,5,1,21,26,8,484,200,207
65,60,5,1,21,84,358,28,41,207
65,57,1,161,5,0,6,37,200,207
65,57,1,220,425,12,107,7,200,207
65,60,290,3,9,1,44,23,41,207
65,60,5,1,21,118,11,28,41,207
65,60,5,1,21,26,70,37,200,207
65,57,1,161,5,0,175,23,41,207
65,57,1,161,5,11,40,23,41,207
65,60,290,3,9,1,326,252,200,207
65,60,5,1,21,122,48,7,200,207
65,60,290,3,8,10,356,28,41,207
65,57,1,161,5,0,457,252,200,207
65,57,1,161,5,11,259,37,200,207
65,60,290,3,9,1,487,37,200,207
65,60,5,1,21,140,33,7,200,207
65,60,290,3,8,148,0,7,200,207
65,60,290,3,8,10,91,155,41,207
65,57,1,161,5,11,440,28,41,207
65,60,5,0,17,63,46,28,41,207
65,60,5,1,21,140,33,23,41,207
65,60,290,3,8,191,1,7,200,207
65,60,290,3,8,148,0,23,41,207
65,57,1,97,80,46,63,106,41,207
65,60,5,0,17,63,203,400,41,207
65,57,1,97,80,46,33,7,200,207
65,60,290,3,8,87,63,106,41,207
65,60,5,0,17,6,37,7,200,207
65,184,50,44,1,7,272,341,41,207
65,60,5,0,2,62,7,37,200,207
65,60,290,3,8,1,0,23,41,207
65,60,290,3,8,93,1,7,200,207
65,57,462,402,45,360,37,7,200,207
65,60,5,0,3,13,67,28,41,207
65,60,5,0,56,44,1,7,200,207
65,60,290,3,8,1,326,252,200,207
65,60,290,3,8,1,0,7,200,207
65,60,290,3,8,317,1,7,200,207
65,66,5,0,2,12,39,28,41,207
65,66,5,0,2,10,8,484,200,207
65,60,290,3,8,1,15,28,41,207
65,60,290,3,8,26,70,37,200,207
65,66,5,0,2,12,90,28,41,207
65,66,5,0,2,10,91,155,41,207
65,60,290,3,8,1,22,7,200,207
65,60,290,3,8,100,1,7,200,207
65,66,5,0,2,12,107,7,200,207
65,60,290,3,8,1,44,23,41,207
65,57,1,5,48,7,0,23,41,207
65,60,5,0,50,235,328,37,200,207
65,60,290,3,8,1,487,37,200,207
65,57,1,5,48,7,33,23,41,207
65,66,5,48,7,37,68,252,200,207
65,184,50,0,7,48,102,37,200,207
65,57,1,5,48,7,265,23,41,207
65,60,33,46,86,5,11,28,41,207
65,184,50,0,7,1,326,252,200,207
65,184,50,0,7,48,337,23,41,207
65,57,1,5,48,7,272,341,41,207
65,60,33,46,86,5,13,23,41,207
65,184,50,0,7,22,91,155,41,207
65,184,50,0,7,1,8,484,200,207
65,60,33,46,86,5,15,28,41,207
65,184,50,0,7,20,497,37,200,207
65,184,50,0,7,22,112,37,200,207
65,184,50,0,7,1,15,28,41,207
65,60,33,46,86,5,48,7,200,207
65,184,50,0,7,347,350,252,200,207
65,184,50,0,7,1,44,23,41,207
65,60,5,19,45,168,13,23,41,207
65,184,50,0,7,235,328,37,200,207
65,184,50,0,7,1,487,37,200,207
65,60,5,19,45,470,20,7,200,207
65,184,50,0,7,459,424,23,41,207
65,60,290,3,9,176,33,7,200,207
65,60,290,3,9,38,68,37,200,207
65,60,290,3,9,32,178,23,41,207
65,60,290,3,9,493,48,7,200,207
65,60,290,3,9,176,33,23,41,207
65,60,290,3,9,38,401,23,41,207
65,60,290,3,9,38,68,252,200,207
65,60,5,363,74,94,0,23,41,207
65,57,1,220,83,5,48,7,200,207
65,57,1,220,83,5,0,7,200,207
65,60,5,363,74,94,0,7,200,207
65,57,1,220,83,5,11,28,41,207
65,60,33,46,433,5,11,28,41,207
65,60,33,46,80,31,13,23,41,207
65,57,1,220,83,5,13,23,41,207
65,60,33,46,165,38,68,252,200,207
65,60,33,46,433,5,0,23,41,207
65,60,33,46,80,97,1,7,200,207
65,57,1,220,83,5,15,28,41,207
65,60,33,46,263,394,6,37,200,207
65,60,33,46,165,38,43,37,200,207
65,60,33,46,165,38,68,37,200,207
65,60,33,46,433,5,1,7,200,207
65,60,33,46,433,5,0,7,200,207
65,60,33,46,263,94,0,7,200,207
65,60,33,46,165,38,401,23,41,207
65,60,33,46,433,5,13,23,41,207
65,60,33,46,263,94,0,23,41,207
65,60,33,46,80,99,0,23,41,207
65,60,33,46,433,5,15,28,41,207
65,60,33,46,141,38,401,23,41,207
65,60,33,46,141,38,68,252,200,207
65,60,33,46,433,5,48,7,200,207
65,66,5,1,35,415,70,37,200,207
65,66,5,1,35,110,46,28,41,207
65,57,31,75,3,250,347,7,200,207
65,66,5,1,35,331,244,28,41,207
65,66,5,126,214,43,37,7,200,207
65,57,31,75,3,287,1,7,200,207
65,66,5,1,35,369,256,7,200,207
65,57,462,402,45,19,20,7,200,207
65,57,31,75,3,327,22,7,200,207
65,57,1,5,48,102,37,7,200,207
65,57,462,402,45,85,244,28,41,207
65,57,462,402,45,19,11,28,41,207
65,57,31,75,3,346,248,28,41,207
65,57,462,402,45,109,238,7,200,207
65,184,50,71,116,1,0,23,41,207
65,57,31,75,3,392,1,7,200,207
65,57,462,402,45,164,1,7,200,207
65,184,50,71,116,1,8,484,200,207
65,184,50,71,116,1,0,7,200,207
65,57,462,402,45,168,13,23,41,207
65,184,50,71,116,1,15,28,41,207
65,57,1,169,109,96,48,7,200,207
65,57,462,402,45,470,20,7,200,207
65,184,50,71,116,1,22,7,200,207
65,57,1,169,109,361,11,28,41,207
65,57,1,169,109,45,11,28,41,207
65,184,50,71,116,1,44,23,41,207
65,60,230,203,63,17,6,37,200,207
65,57,1,97,80,99,0,7,200,207
65,184,50,71,116,1,326,252,200,207
65,60,230,203,63,87,8,484,200,207
65,60,230,203,63,17,0,23,41,207
65,57,1,97,80,99,0,23,41,207
65,184,50,71,116,1,487,37,200,207
65,60,230,203,63,163,46,28,41,207
65,60,230,203,63,17,27,23,41,207
65,60,230,203,63,17,0,7,200,207
65,57,1,78,92,45,11,28,41,207
65,60,230,203,63,17,64,23,41,207
65,60,5,0,3,6,37,7,200,207
65,57,1,78,92,45,360,37,200,207
65,60,230,203,63,17,101,28,41,207
65,184,50,71,116,1,7,37,200,207
65,60,230,203,63,46,33,23,41,207
65,66,5,1,0,7,265,23,41,207
65,57,462,402,472,1,7,37,200,207
65,60,230,203,63,46,33,7,200,207
65,66,5,1,0,7,272,341,41,207
65,60,33,23,0,1,8,484,200,207
65,60,33,23,0,1,7,37,200,207
65,57,1,287,3,11,259,37,200,207
65,60,33,23,0,1,22,7,200,207
65,57,1,157,416,3,0,23,41,207
65,57,1,287,3,11,440,28,41,207
65,60,33,23,0,1,15,28,41,207
65,57,1,157,416,3,6,37,200,207
65,57,1,157,416,3,0,7,200,207
65,60,33,23,0,1,326,252,200,207
65,57,1,157,416,3,8,484,200,207
65,57,1,157,344,26,8,484,200,207
65,60,33,23,0,1,487,37,200,207
65,57,1,157,416,3,11,28,41,207
65,184,50,0,7,33,46,28,41,207
65,60,449,332,104,16,15,28,41,207
65,57,1,157,416,3,59,28,41,207
65,57,462,402,472,1,0,23,41,207
65,60,449,332,104,131,33,23,41,207
65,60,449,332,104,16,183,28,41,207
65,57,1,157,416,3,98,28,41,207
65,57,462,402,472,1,8,484,200,207
65,57,462,402,472,1,0,7,200,207
65,60,449,332,104,131,33,7,200,207
65,57,1,157,416,3,13,23,41,207
65,57,462,402,472,1,15,28,41,207
65,60,5,13,23,33,46,28,41,207
65,57,1,157,416,3,498,28,41,207
65,57,462,402,472,1,22,7,200,207
65,60,5,11,40,23,33,7,200,207
65,57,462,402,376,172,215,28,41,207
65,57,462,402,472,1,44,23,41,207
65,60,5,11,40,23,144,28,41,207
65,57,462,402,376,32,178,23,41,207
65,57,462,402,472,1,326,252,200,207
65,60,5,11,40,23,265,7,200,207
65,57,462,402,376,32,11,28,41,207
65,57,462,402,472,1,487,37,200,207
65,57,462,402,45,11,40,23,41,207
65,57,462,402,376,32,145,28,41,207
65,60,5,13,23,33,7,37,200,207
65,57,462,402,45,11,259,37,200,207
65,60,236,1,5,0,457,252,200,207
65,66,5,161,1,22,91,155,41,207
65,57,462,402,45,11,440,28,41,207
65,66,5,1,15,61,48,7,200,207
65,66,5,161,1,22,112,37,200,207
65,66,5,161,1,22,7,37,200,207
65,66,5,1,15,158,136,28,41,207
65,60,5,0,1,22,91,155,41,207
65,60,5,0,1,22,7,37,200,207
65,66,5,48,7,1,326,252,200,207
65,60,5,0,1,22,112,37,200,207
65,66,5,48,7,33,46,28,41,207
65,66,5,48,7,22,91,155,41,207
65,66,5,48,7,1,0,23,41,207
65,60,5,0,380,205,6,37,200,207
65,66,5,48,7,20,497,37,200,207
65,66,5,48,7,22,112,37,200,207
65,66,5,48,7,1,8,484,200,207
65,60,5,0,380,205,79,37,200,207
65,66,5,48,7,347,350,252,200,207
65,66,5,48,7,1,15,28,41,207
65,60,33,23,0,7,272,341,41,207
65,66,5,48,7,459,424,23,41,207
65,66,5,48,7,1,44,23,41,207
65,60,5,0,3,1,8,484,200,207
65,66,5,48,7,235,328,37,200,207
65,66,5,48,7,1,487,37,200,207
65,60,5,0,3,1,487,37,200,207
65,60,5,0,3,1,7,37,200,207
65,60,236,357,23,33,46,28,41,207
65,60,5,0,3,1,326,252,200,207
65,66,5,12,107,7,0,23,41,207
65,57,1,157,5,83,8,484,200,207
65,60,5,0,3,1,15,28,41,207
65,66,5,12,107,7,265,23,41,207
65,57,1,157,5,18,453,28,41,207
65,60,5,0,3,1,22,7,200,207
65,66,5,12,107,7,272,341,41,207
65,57,1,157,5,19,11,28,41,207
65,57,1,157,5,18,6,37,200,207
65,60,5,0,3,1,44,23,41,207
65,66,5,12,107,7,33,23,41,207
65,57,1,157,5,51,48,7,200,207
65,57,1,157,5,19,20,7,200,207
65,57,1,157,5,12,39,28,41,207
65,57,1,157,5,291,136,28,41,207
65,57,1,157,5,51,136,28,41,207
65,57,1,157,5,12,90,28,41,207
65,57,1,157,5,309,272,7,200,207
65,66,5,126,409,177,13,23,41,207
65,60,5,270,483,105,240,37,200,207
65,57,1,157,5,362,299,37,200,207
65,57,1,157,5,309,272,341,41,207
65,57,31,13,3,1,22,7,200,207
65,57,1,157,5,86,46,28,41,207
65,66,5,161,1,0,6,37,200,207
65,57,31,13,3,1,44,23,41,207
65,57,1,157,5,433,46,28,41,207
65,57,1,157,5,86,231,28,41,207
65,66,5,161,1,0,175,23,41,207
65,57,31,13,3,1,326,252,200,207
65,57,1,157,5,436,383,23,41,207
65,66,5,161,1,0,457,252,200,207
65,57,31,13,3,1,487,37,200,207
65,57,1,157,5,126,101,28,41,207
65,66,5,161,1,0,7,37,200,207
65,66,5,161,1,3,8,484,200,207
65,57,1,157,5,60,33,7,200,207
65,57,1,157,5,126,427,7,200,207
65,66,5,161,1,93,8,484,200,207
65,66,5,161,1,3,0,23,41,207
65,57,1,157,5,473,33,7,200,207
65,57,1,157,5,60,33,23,41,207
65,66,5,161,1,317,8,484,200,207
65,66,5,161,1,3,6,37,200,207
65,66,5,161,1,3,0,7,200,207
65,57,1,157,5,473,33,23,41,207
65,66,5,161,1,100,8,484,200,207
65,66,5,161,1,3,11,28,41,207
65,60,5,268,179,17,63,106,41,207
65,66,5,161,1,21,20,7,200,207
65,66,5,161,1,3,59,28,41,207
65,60,5,268,179,45,360,37,200,207
65,60,5,268,179,17,0,23,41,207
