77,35,166,208,12,115
77,35,156,375,20,115
77,35,156,30,20,115
77,35,33,7,20,115
77,35,1,78,20,115
77,35,1,21,20,115
77,35,1,7,20,115
77,35,1,5,12,115
77,9,270,5,12,115
77,9,1,78,20,115
77,9,1,21,20,115
77,9,1,7,20,115
77,9,1,5,12,115
77,35,33,7,20,115
77,9,1,21,20,115
77,35,1,21,20,115
77,9,1,5,12,115
77,35,156,30,20,115
77,35,1,5,12,115
77,35,166,208,12,115
77,35,156,375,20,115
77,35,1,7,20,115
77,9,1,7,20,115
77,35,1,78,20,115
77,9,1,78,20,115
77,9,3,25,19,20,115
77,9,1,5,19,20,115
77,35,33,7,107,12,115
77,9,32,11,139,12,115
77,9,3,0,2,12,115
77,9,270,5,19,20,115
77,228,8,83,5,12,115
77,35,1,5,19,20,115
77,9,38,430,30,20,115
77,9,32,11,5,12,115
77,35,120,10,2,12,115
77,9,3,1,21,20,115
77,9,3,0,5,12,115
77,35,166,45,470,20,115
77,9,3,1,5,12,115
77,9,3,0,7,20,115
77,35,166,45,19,20,115
77,9,3,1,7,20,115
77,35,166,45,189,12,115
77,9,3,1,78,20,115
77,35,33,60,5,12,115
77,35,1,7,107,12,115
77,35,33,140,21,20,115
77,228,8,1,21,20,115
77,35,33,473,5,12,115
77,228,8,10,2,12,115
77,228,8,1,5,12,115
77,228,8,26,21,20,115
77,228,8,10,334,12,115
77,228,8,1,7,20,115
77,9,176,33,7,20,115
77,9,1,7,107,12,115
77,228,8,1,78,20,115
77,9,282,132,30,20,115
77,35,1,0,2,12,115
77,9,32,11,19,20,115
77,9,316,0,2,12,115
77,35,237,488,30,20,115
77,35,1,15,5,12,115
77,35,1,0,5,12,115
77,9,32,11,241,12,115
77,35,1,0,7,20,115
77,9,493,48,5,12,115
77,9,1,0,2,12,115
77,9,493,48,7,20,115
77,9,1,15,5,12,115
77,9,1,0,5,12,115
77,9,1,22,7,20,115
77,9,1,0,7,20,115
77,9,1,44,204,20,115
77,35,120,10,334,12,115
77,9,1,69,19,20,115
77,9,316,0,5,12,115
77,9,1,111,90,12,115
77,9,316,0,7,20,115
77,9,1,127,5,12,115
77,35,369,256,7,20,115
77,9,1,134,73,12,115
77,35,415,70,95,20,115
77,9,1,157,310,20,115
77,35,415,70,249,20,115
77,9,1,161,5,12,115
77,9,1,157,5,12,115
77,9,1,188,5,12,115
77,9,3,11,139,12,115
77,9,1,220,425,12,115
77,35,237,335,334,12,115
77,9,3,13,5,12,115
77,9,3,11,5,12,115
77,9,1,296,95,20,115
77,9,3,14,2,12,115
77,9,3,11,19,20,115
77,9,1,469,241,12,115
77,9,3,47,154,12,115
77,9,3,11,241,12,115
77,35,1,22,7,20,115
77,35,1,44,204,20,115
77,35,1,69,19,20,115
77,35,1,111,90,12,115
77,35,1,127,5,12,115
77,35,1,134,73,12,115
77,35,1,157,310,20,115
77,35,1,161,5,12,115
77,35,1,157,5,12,115
77,35,1,188,5,12,115
77,35,1,220,425,12,115
77,35,1,296,95,20,115
77,35,1,469,241,12,115
77,9,1,0,7,107,12,115
77,9,3,1,7,107,12,115
77,35,166,45,11,139,12,115
77,35,1,0,7,107,12,115
77,9,3,1,0,2,12,115
77,35,120,10,16,30,20,115
77,35,33,7,0,2,12,115
77,9,1,69,114,7,20,115
77,9,3,1,15,5,12,115
77,9,3,1,0,5,12,115
77,35,120,10,89,21,20,115
77,35,33,7,1,21,20,115
77,35,33,7,0,5,12,115
77,9,1,69,359,139,12,115
77,9,3,1,22,7,20,115
77,9,3,1,0,7,20,115
77,35,33,7,37,497,20,115
77,35,33,7,1,5,12,115
77,9,1,69,365,310,20,115
77,9,3,1,44,204,20,115
77,35,33,7,62,2,12,115
77,35,33,7,1,78,20,115
77,9,3,1,69,19,20,115
77,35,33,7,48,5,12,115
77,9,3,0,7,107,12,115
77,9,3,1,111,90,12,115
77,35,1,7,0,2,12,115
77,35,156,30,54,19,20,115
77,9,3,1,127,5,12,115
77,35,1,7,37,497,20,115
77,35,1,7,0,5,12,115
77,35,156,30,286,5,12,115
77,9,3,1,134,73,12,115
77,9,1,69,19,5,12,115
77,9,316,0,5,19,20,115
77,9,316,0,1,21,20,115
77,35,1,7,48,5,12,115
77,9,316,0,7,107,12,115
77,9,3,1,157,310,20,115
77,9,1,69,19,284,20,115
77,9,316,0,24,73,12,115
77,9,493,48,5,19,20,115
77,9,3,0,5,19,20,115
77,9,316,0,1,5,12,115
77,35,1,7,62,2,12,115
77,9,32,382,1,7,20,115
77,9,1,127,5,19,20,115
77,9,3,1,161,5,12,115
77,9,3,1,157,5,12,115
77,35,1,15,5,19,20,115
77,35,369,256,7,107,12,115
77,9,316,0,94,74,20,115
77,9,316,0,24,19,20,115
77,35,369,256,222,95,20,115
77,35,1,0,24,19,20,115
77,9,493,48,7,107,12,115
77,9,1,21,84,73,12,115
77,9,316,0,1,7,20,115
77,35,110,248,348,139,12,115
77,9,32,145,28,39,12,115
77,9,32,382,1,5,12,115
77,9,493,48,51,269,20,115
77,35,33,60,5,19,20,115
77,35,33,439,460,241,12,115
77,9,3,1,188,5,12,115
77,35,33,473,5,19,20,115
77,35,415,70,26,21,20,115
77,35,1,0,5,19,20,115
77,9,3,25,254,58,12,115
77,9,3,0,1,21,20,115
77,9,316,0,260,492,12,115
77,9,270,5,0,2,12,115
77,9,1,161,5,19,20,115
77,9,316,0,24,58,12,115
77,9,1,5,0,2,12,115
77,9,3,1,5,19,20,115
77,9,1,157,5,19,20,115
77,35,1,0,260,315,12,115
77,9,1,188,5,19,20,115
77,35,1,0,24,58,12,115
77,9,1,0,24,19,20,115
77,9,3,13,5,19,20,115
77,228,8,10,16,30,20,115
77,9,316,0,1,78,20,115
77,35,331,244,28,39,12,115
77,35,110,46,28,39,12,115
77,35,110,248,28,90,12,115
77,9,32,247,48,5,12,115
77,9,32,145,28,90,12,115
77,9,32,382,1,21,20,115
77,9,493,48,122,21,20,115
77,9,493,48,51,5,12,115
77,228,8,83,220,425,12,115
77,35,33,46,86,5,12,115
77,9,3,1,220,425,12,115
77,9,3,11,5,19,20,115
77,228,8,83,5,19,20,115
77,35,415,70,37,497,20,115
77,228,8,26,29,2,12,115
77,228,8,1,7,107,12,115
77,9,1,15,16,30,20,115
77,228,8,1,5,19,20,115
77,35,1,5,19,284,20,115
77,9,3,14,371,5,12,115
77,9,3,0,24,73,12,115
77,9,3,0,1,5,12,115
77,9,176,180,134,73,12,115
77,9,316,0,438,21,20,115
77,9,316,0,260,315,12,115
77,9,3,11,19,5,12,115
77,9,270,5,1,21,20,115
77,9,270,5,0,7,20,115
77,9,270,5,11,139,12,115
77,9,270,5,1,7,20,115
77,9,270,5,491,310,20,115
77,9,270,5,11,19,20,115
77,9,270,5,1,78,20,115
77,9,270,5,157,310,20,115
77,9,270,5,11,241,12,115
77,9,270,5,48,7,20,115
77,9,176,33,60,5,12,115
77,9,270,5,51,269,20,115
77,9,176,33,140,21,20,115
77,9,270,5,286,30,20,115
77,9,176,33,473,5,12,115
77,9,270,5,363,74,20,115
77,9,1,3,25,19,20,115
77,9,316,0,24,245,12,115
77,9,1,8,83,5,12,115
77,9,1,3,0,2,12,115
77,9,1,487,37,497,20,115
77,9,1,8,10,334,12,115
77,9,1,3,11,5,12,115
77,9,1,3,0,5,12,115
77,9,1,35,156,375,20,115
77,9,1,487,37,7,20,115
77,9,1,8,26,21,20,115
77,9,1,8,10,2,12,115
77,9,1,3,47,154,12,115
77,9,1,3,11,19,20,115
77,9,1,3,0,7,20,115
77,9,1,475,11,19,20,115
77,9,1,35,33,7,20,115
77,9,1,35,156,30,20,115
77,9,1,3,13,5,12,115
77,9,1,3,11,139,12,115
77,9,1,57,31,72,20,115
77,9,1,475,11,5,12,115
77,9,1,35,166,208,12,115
77,9,1,3,14,2,12,115
77,9,1,3,11,241,12,115
77,9,1,164,45,470,20,115
77,9,1,57,31,74,20,115
77,9,1,475,11,139,12,115
77,9,1,226,86,5,12,115
77,9,1,164,45,19,20,115
77,9,1,475,11,241,12,115
77,9,1,227,161,5,12,115
77,9,1,164,45,189,12,115
77,9,1,100,260,315,12,115
77,9,176,33,7,107,12,115
77,9,1,236,60,5,12,115
77,9,1,100,124,30,20,115
77,9,1,100,260,492,12,115
77,9,3,4,0,2,12,115
77,9,1,5,11,139,12,115
77,9,3,6,37,497,20,115
77,9,3,4,0,5,12,115
77,9,1,5,491,310,20,115
77,9,1,5,11,19,20,115
77,9,3,8,83,5,12,115
77,9,3,6,0,2,12,115
77,9,3,6,37,7,20,115
77,9,3,4,0,7,20,115
77,9,1,5,363,74,20,115
77,9,1,5,11,241,12,115
77,9,3,59,28,39,12,115
77,9,3,8,1,21,20,115
77,9,3,6,18,5,12,115
77,9,3,6,0,5,12,115
77,9,1,5,157,310,20,115
77,9,3,290,60,5,12,115
77,9,3,59,28,90,12,115
77,9,3,8,10,2,12,115
77,9,3,8,1,5,12,115
77,9,3,6,173,202,20,115
77,9,3,6,0,7,20,115
77,9,1,5,48,7,20,115
77,9,3,75,31,72,20,115
77,9,3,8,26,21,20,115
77,9,3,8,10,334,12,115
77,9,3,8,1,7,20,115
77,9,3,6,222,95,20,115
77,9,3,6,173,458,12,115
77,9,1,5,51,269,20,115
77,9,3,392,1,5,12,115
77,9,3,75,31,74,20,115
77,9,3,8,1,78,20,115
77,9,3,6,229,30,20,115
77,9,1,5,286,30,20,115
77,9,3,327,22,7,20,115
77,9,3,392,1,7,20,115
77,9,3,98,28,39,12,115
77,9,3,392,1,21,20,115
77,9,3,416,157,5,12,115
77,9,3,98,28,90,12,115
77,9,3,392,1,78,20,115
77,9,3,250,347,7,20,115
77,9,3,416,157,310,20,115
77,9,3,287,1,7,20,115
77,9,3,47,16,30,20,115
77,9,3,498,28,39,12,115
77,9,3,287,1,5,12,115
77,9,3,47,312,78,20,115
77,9,3,498,28,90,12,115
77,9,1,5,0,7,20,115
77,9,1,220,83,5,12,115
77,9,3,287,1,21,20,115
77,9,3,47,410,30,20,115
77,35,156,374,209,95,20,115
77,9,3,11,28,90,12,115
77,9,3,287,1,78,20,115
77,9,1,7,0,2,12,115
77,228,8,1,0,2,12,115
77,9,3,11,45,470,20,115
77,9,3,11,28,39,12,115
77,9,1,7,37,497,20,115
77,9,1,7,0,5,12,115
77,228,8,1,15,5,12,115
77,228,8,1,0,5,12,115
77,9,3,11,118,21,20,115
77,9,3,11,45,19,20,115
77,9,1,7,48,5,12,115
77,228,8,1,22,7,20,115
77,228,8,1,0,7,20,115
77,9,3,11,45,189,12,115
77,9,1,7,62,2,12,115
77,228,8,1,44,204,20,115
77,35,1,0,94,74,20,115
77,35,1,0,260,492,12,115
77,9,3,13,31,72,20,115
77,228,8,1,69,19,20,115
77,35,1,0,438,21,20,115
77,35,1,5,0,2,12,115
77,9,3,13,31,74,20,115
77,35,1,0,24,73,12,115
77,228,8,1,111,90,12,115
77,35,1,22,7,107,12,115
77,35,1,5,11,139,12,115
77,35,1,5,0,7,20,115
77,35,1,0,24,245,12,115
77,228,8,1,127,5,12,115
77,9,1,0,260,315,12,115
77,35,1,5,491,310,20,115
77,35,1,5,11,19,20,115
77,9,1,0,24,58,12,115
77,228,8,1,134,73,12,115
77,9,1,0,94,74,20,115
77,9,1,0,260,492,12,115
77,35,1,5,363,74,20,115
77,35,1,5,11,241,12,115
77,9,1,0,24,73,12,115
77,228,8,3,25,19,20,115
77,228,8,1,157,310,20,115
77,9,1,0,438,21,20,115
77,35,1,5,157,310,20,115
77,9,38,210,66,5,12,115
77,9,1,0,24,245,12,115
77,228,8,93,1,21,20,115
77,228,8,3,0,2,12,115
77,228,8,10,89,21,20,115
77,228,8,1,161,5,12,115
77,228,8,1,157,5,12,115
77,35,1,5,48,7,20,115
77,9,38,297,173,202,20,115
77,228,8,100,260,492,12,115
77,228,8,93,1,5,12,115
77,9,1,5,19,284,20,115
77,9,1,22,7,107,12,115
77,9,32,11,5,19,20,115
77,35,1,69,114,7,20,115
77,228,8,3,1,21,20,115
77,228,8,3,0,5,12,115
77,228,8,1,188,5,12,115
77,35,1,69,19,5,12,115
77,35,288,96,48,5,12,115
77,35,1,5,51,269,20,115
77,35,331,244,28,90,12,115
77,9,38,34,0,5,12,115
77,9,38,297,173,458,12,115
77,9,282,132,45,470,20,115
77,35,110,46,33,7,20,115
77,35,110,46,28,90,12,115
77,228,8,148,0,2,12,115
77,228,8,100,1,21,20,115
77,228,8,100,260,315,12,115
77,35,110,248,28,39,12,115
77,228,8,93,1,7,20,115
77,35,1,127,5,19,20,115
77,9,32,285,24,58,12,115
77,35,1,69,359,139,12,115
77,9,32,247,48,7,20,115
77,228,8,3,11,139,12,115
77,228,8,3,1,5,12,115
77,9,1,0,5,19,20,115
77,9,1,15,5,19,20,115
77,9,32,382,1,78,20,115
77,228,8,3,0,7,20,115
77,228,8,1,220,425,12,115
77,35,1,69,19,284,20,115
77,35,340,103,62,7,20,115
77,35,1,21,84,73,12,115
77,35,288,96,14,2,12,115
77,35,288,96,48,7,20,115
77,35,1,5,286,30,20,115
77,9,38,43,37,497,20,115
77,35,166,45,19,5,12,115
77,9,32,11,19,5,12,115
77,9,38,34,0,2,12,115
77,35,33,23,265,7,20,115
77,9,282,132,45,19,20,115
77,35,33,46,28,90,12,115
77,35,110,46,52,21,20,115
77,35,33,46,28,39,12,115
77,35,110,46,86,5,12,115
77,9,32,11,28,90,12,115
77,35,110,46,433,5,12,115
77,9,32,11,45,470,20,115
77,9,32,11,28,39,12,115
77,9,32,11,118,21,20,115
77,9,32,11,45,19,20,115
77,228,8,191,1,21,20,115
77,9,32,11,45,189,12,115
77,228,8,243,408,21,20,115
77,228,8,191,1,5,12,115
77,228,8,267,140,21,20,115
77,228,8,243,128,30,20,115
77,228,8,191,1,7,20,115
77,228,8,317,1,21,20,115
77,228,8,191,1,78,20,115
77,228,8,484,200,7,20,115
77,228,8,317,1,5,12,115
77,9,3,1,296,95,20,115
77,228,8,317,1,7,20,115
77,9,3,1,469,241,12,115
77,228,8,317,1,78,20,115
77,228,8,148,0,5,12,115
77,228,8,100,124,30,20,115
77,228,8,148,0,7,20,115
77,9,88,450,161,5,12,115
77,9,3,25,19,5,12,115
77,9,292,345,37,7,20,115
77,9,88,38,430,30,20,115
77,9,3,25,19,284,20,115
77,9,292,46,28,39,12,115
77,9,292,345,37,497,20,115
77,9,292,46,33,7,20,115
77,9,292,46,28,90,12,115
77,9,292,46,52,21,20,115
77,35,1,161,5,19,20,115
77,9,292,46,86,5,12,115
77,228,8,100,1,5,12,115
77,9,292,46,433,5,12,115
77,228,8,100,1,7,20,115
77,228,8,93,1,78,20,115
77,228,8,100,1,78,20,115
77,35,1,157,5,19,20,115
77,35,415,70,37,7,20,115
77,9,32,285,24,19,20,115
77,228,8,26,70,95,20,115
77,9,32,285,24,73,12,115
77,228,8,26,70,249,20,115
77,9,32,285,24,245,12,115
77,35,1,69,365,310,20,115
77,35,120,149,62,2,12,115
77,9,1,15,28,39,12,115
77,35,120,338,25,19,20,115
77,35,120,149,62,7,20,115
77,9,1,15,390,19,20,115
77,9,1,15,28,90,12,115
77,228,8,3,13,5,12,115
77,228,8,3,11,5,12,115
77,228,8,3,14,2,12,115
77,228,8,3,11,19,20,115
77,228,8,3,47,154,12,115
77,228,8,3,11,241,12,115
77,228,8,3,1,7,20,115
77,35,1,188,5,19,20,115
77,228,8,3,1,78,20,115
77,35,1,220,83,5,12,115
77,228,8,1,296,95,20,115
77,9,270,5,19,284,20,115
77,228,8,1,469,241,12,115
77,35,1,15,16,30,20,115
77,9,3,0,94,74,20,115
77,35,1,15,28,39,12,115
77,9,3,0,260,492,12,115
77,35,1,15,390,19,20,115
77,35,1,15,28,90,12,115
77,9,3,0,438,21,20,115
77,9,3,0,260,315,12,115
77,35,342,171,70,95,20,115
77,35,340,103,62,2,12,115
77,35,342,171,70,249,20,115
77,35,1,3,25,19,20,115
77,9,3,0,24,19,20,115
77,35,1,8,83,5,12,115
77,35,1,3,0,2,12,115
77,9,3,0,24,58,12,115
77,35,1,9,270,5,12,115
77,35,1,8,10,334,12,115
77,35,1,3,11,5,12,115
77,35,1,3,0,5,12,115
77,9,3,0,24,245,12,115
77,35,1,487,37,497,20,115
77,35,1,8,26,21,20,115
77,35,1,8,10,2,12,115
77,35,1,3,13,5,12,115
77,35,1,3,11,19,20,115
77,35,1,3,0,7,20,115
77,35,1,475,11,19,20,115
77,35,1,487,37,7,20,115
77,35,1,3,14,2,12,115
77,35,1,3,11,139,12,115
77,35,1,57,31,72,20,115
77,35,1,475,11,5,12,115
77,35,1,3,47,154,12,115
77,35,1,3,11,241,12,115
77,35,1,164,45,470,20,115
77,35,1,57,31,74,20,115
77,35,1,475,11,139,12,115
77,35,1,226,86,5,12,115
77,35,1,164,45,19,20,115
77,35,1,475,11,241,12,115
77,35,1,227,161,5,12,115
77,35,1,164,45,189,12,115
77,35,1,100,260,315,12,115
77,9,3,0,1,7,20,115
77,35,1,236,60,5,12,115
77,35,1,100,124,30,20,115
77,35,1,100,260,492,12,115
77,9,3,0,1,78,20,115
77,35,166,45,92,78,20,115
77,9,38,53,45,189,12,115
77,35,166,45,132,30,20,115
77,9,38,68,37,497,20,115
77,9,38,53,45,19,20,115
77,35,166,45,146,30,20,115
77,9,38,121,33,7,20,115
77,9,38,68,37,7,20,115
77,9,38,53,45,470,20,115
77,35,166,45,192,72,20,115
77,9,38,135,122,21,20,115
77,35,166,45,379,2,12,115
77,9,38,43,37,7,20,115
77,35,166,45,19,284,20,115
77,9,32,11,19,284,20,115
77,35,166,45,11,5,12,115
77,9,38,34,0,7,20,115
77,35,166,45,11,19,20,115
77,35,33,385,111,90,12,115
77,35,166,45,11,241,12,115
77,35,33,307,157,5,12,115
77,35,33,23,0,2,12,115
77,35,33,307,157,310,20,115
77,35,33,23,13,5,12,115
77,35,33,23,0,5,12,115
77,35,33,23,36,30,20,115
77,35,33,23,0,7,20,115
77,35,33,23,44,204,20,115
77,9,3,11,19,284,20,115
77,35,33,23,206,202,20,115
77,9,282,132,45,189,12,115
77,35,33,46,52,21,20,115
77,35,33,46,433,5,12,115
77,35,1,161,5,0,2,12,115
77,9,1,8,83,5,19,20,115
77,9,292,46,86,5,19,20,115
77,228,8,100,1,5,19,20,115
77,9,292,46,49,11,139,12,115
77,35,110,46,86,5,19,20,115
77,228,8,191,1,0,2,12,115
77,9,1,0,2,10,334,12,115
77,35,33,7,0,5,19,20,115
77,9,292,46,433,5,19,20,115
77,228,8,100,1,7,107,12,115
77,228,8,93,1,0,2,12,115
77,9,3,1,0,5,19,20,115
77,228,8,100,1,0,2,12,115
77,35,1,157,5,0,2,12,115
77,228,8,133,3,0,2,12,115
77,9,270,5,157,1,7,20,115
77,35,1,157,5,19,284,20,115
77,35,415,70,37,79,464,20,115
77,9,270,5,11,28,90,12,115
77,35,415,70,37,7,107,12,115
77,35,33,7,0,1,21,20,115
77,9,270,5,11,19,284,20,115
77,9,32,285,24,19,5,12,115
77,228,8,26,125,142,30,20,115
77,9,1,69,114,173,202,20,115
77,35,110,46,433,5,19,20,115
77,228,8,484,200,37,497,20,115
77,9,1,3,11,5,19,20,115
77,228,8,26,70,37,7,20,115
77,9,32,285,24,0,2,12,115
77,228,8,484,200,7,107,12,115
77,9,3,1,15,5,19,20,115
77,35,1,69,255,11,5,12,115
77,9,32,11,3,25,19,20,115
77,228,8,317,1,5,19,20,115
77,9,1,3,0,5,19,20,115
77,9,3,1,22,7,107,12,115
77,35,120,338,25,254,58,12,115
77,9,270,5,0,7,107,12,115
77,35,120,338,25,19,5,12,115
77,35,120,149,62,7,107,12,115
77,9,1,15,349,52,21,20,115
77,9,88,218,46,28,39,12,115
77,35,33,7,37,70,95,20,115
77,228,8,3,11,5,19,20,115
77,228,8,3,14,371,5,12,115
77,9,1,69,255,11,5,12,115
77,228,8,3,11,19,5,12,115
77,228,8,3,4,0,2,12,115
77,228,8,3,47,16,30,20,115
77,228,8,148,0,5,19,20,115
77,9,1,3,11,19,5,12,115
77,9,1,3,0,24,58,12,115
77,228,8,3,11,28,90,12,115
77,228,8,3,1,7,107,12,115
77,35,1,188,5,0,2,12,115
77,35,1,188,5,19,284,20,115
77,228,8,3,1,0,2,12,115
77,9,32,11,45,92,78,20,115
77,35,33,7,1,5,19,20,115
77,35,1,220,83,5,19,20,115
77,9,1,3,0,7,107,12,115
77,228,8,317,1,0,2,12,115
77,9,270,5,19,24,58,12,115
77,228,8,1,3,25,19,20,115
77,9,3,1,0,24,58,12,115
77,9,1,475,11,19,5,12,115
77,9,88,450,161,5,19,20,115
77,228,8,267,140,33,7,20,115
77,228,8,148,0,1,21,20,115
77,35,1,15,16,10,2,12,115
77,35,110,46,49,11,139,12,115
77,9,1,35,33,60,5,12,115
77,9,1,35,33,7,107,12,115
77,228,8,148,0,7,107,12,115
77,9,1,22,91,10,2,12,115
77,35,1,15,349,52,21,20,115
77,35,1,15,390,19,5,12,115
77,9,1,3,13,31,72,20,115
77,35,1,15,28,11,139,12,115
77,9,1,3,13,5,19,20,115
77,9,3,0,6,37,497,20,115
77,35,156,30,20,7,107,12,115
77,228,8,317,1,7,107,12,115
77,9,1,487,37,7,107,12,115
77,35,342,171,40,279,73,12,115
77,35,1,0,7,37,497,20,115
77,35,1,78,20,7,107,12,115
77,35,342,171,70,26,21,20,115
77,9,1,57,65,60,5,12,115
77,9,88,450,161,1,21,20,115
77,228,8,100,301,308,19,20,115
77,35,33,7,1,0,2,12,115
77,35,1,3,25,254,58,12,115
77,9,1,8,26,29,2,12,115
77,35,1,3,25,19,5,12,115
77,9,1,57,31,72,185,12,115
77,9,1,3,25,254,58,12,115
77,9,1,8,243,408,21,20,115
77,9,3,0,24,19,5,12,115
77,9,32,11,45,19,5,12,115
77,9,1,475,11,5,19,20,115
77,35,1,8,83,220,425,12,115
77,35,33,46,28,11,139,12,115
77,9,316,0,24,272,7,20,115
77,9,1,8,10,16,30,20,115
77,35,1,9,270,5,19,20,115
77,9,3,1,69,114,7,20,115
77,9,1,3,11,28,90,12,115
77,35,1,8,83,5,19,20,115
77,35,33,7,256,222,95,20,115
77,9,176,33,60,5,19,20,115
77,35,33,7,48,51,5,12,115
77,35,1,3,11,5,19,20,115
77,9,1,3,6,37,497,20,115
77,9,3,1,0,7,107,12,115
77,35,1,3,0,5,19,20,115
77,9,3,0,7,62,2,12,115
77,9,3,0,24,272,7,20,115
77,9,1,57,31,13,5,12,115
77,9,270,5,48,51,269,20,115
77,9,1,44,50,235,7,20,115
77,35,1,8,3,25,19,20,115
77,35,1,8,26,29,2,12,115
77,9,1,35,120,10,334,12,115
77,9,1,487,37,70,95,20,115
77,35,1,8,10,16,30,20,115
77,35,33,7,48,5,19,20,115
77,35,1,3,13,31,72,20,115
77,9,3,1,69,19,5,12,115
77,9,1,226,86,5,19,20,115
77,35,1,3,13,5,19,20,115
77,35,1,3,11,19,5,12,115
77,35,1,3,0,24,58,12,115
77,9,482,155,91,10,2,12,115
77,228,8,3,13,31,72,20,115
77,9,1,35,166,45,470,20,115
77,9,270,5,48,7,107,12,115
77,9,1,164,45,19,5,12,115
77,35,1,3,0,7,107,12,115
77,35,120,10,16,15,5,12,115
77,35,1,475,11,19,5,12,115
77,9,270,5,51,48,7,20,115
77,35,1,487,37,70,95,20,115
77,35,1,487,37,7,107,12,115
77,9,1,475,11,28,90,12,115
77,35,1,3,14,371,5,12,115
77,9,1,15,390,19,5,12,115
77,9,3,1,487,37,497,20,115
77,9,1,78,92,45,470,20,115
77,9,1,3,47,16,30,20,115
77,9,1,227,161,5,19,20,115
77,35,1,57,65,60,5,12,115
77,9,1,78,20,7,107,12,115
77,35,1,57,31,72,185,12,115
77,9,1,164,45,11,139,12,115
77,228,8,3,13,5,19,20,115
77,9,1,3,14,371,5,12,115
77,9,3,1,21,84,73,12,115
77,35,1,475,11,5,19,20,115
77,35,1,3,6,37,497,20,115
77,35,156,30,54,19,5,12,115
77,35,1,3,47,16,30,20,115
77,35,1,3,11,28,90,12,115
77,9,270,5,1,7,107,12,115
77,9,270,5,0,24,58,12,115
77,9,3,1,15,16,30,20,115
77,9,176,33,7,0,2,12,115
77,35,1,57,31,13,5,12,115
77,9,270,5,1,296,95,20,115
77,35,1,9,282,132,30,20,115
77,9,1,293,432,157,310,20,115
77,35,166,208,12,107,7,20,115
77,9,1,15,28,11,139,12,115
77,35,1,226,86,5,19,20,115
77,9,1,236,60,33,7,20,115
77,9,1,236,60,5,19,20,115
77,35,1,164,45,19,5,12,115
77,228,8,191,1,5,19,20,115
77,35,1,161,5,19,284,20,115
77,35,1,293,432,157,310,20,115
77,35,1,236,60,33,7,20,115
77,35,1,236,60,5,19,20,115
77,35,1,100,8,10,2,12,115
77,35,1,475,11,28,90,12,115
77,9,3,4,0,5,19,20,115
77,9,3,0,1,296,95,20,115
77,35,1,100,260,0,2,12,115
77,35,1,164,45,11,139,12,115
77,35,120,10,8,83,5,12,115
77,9,3,1,127,5,19,20,115
77,9,88,38,210,66,5,12,115
77,9,38,68,252,200,7,20,115
77,9,292,345,37,70,95,20,115
77,35,156,30,286,5,19,20,115
77,9,32,11,28,15,5,12,115
77,35,33,60,65,66,5,12,115
77,9,1,111,90,28,39,12,115
77,9,38,53,45,19,5,12,115
77,9,3,25,19,11,139,12,115
77,9,38,121,33,60,5,12,115
77,35,1,227,161,5,19,20,115
77,9,38,121,33,7,107,12,115
77,9,38,68,37,70,95,20,115
77,9,38,68,37,7,107,12,115
77,9,38,53,45,11,139,12,115
77,9,3,8,83,220,425,12,115
77,9,3,8,83,5,19,20,115
77,35,166,45,192,72,185,12,115
77,9,38,281,3,1,21,20,115
77,9,292,345,37,7,107,12,115
77,9,316,0,5,491,310,20,115
77,9,38,135,122,48,5,12,115
77,35,166,45,168,13,5,12,115
77,9,3,6,37,70,95,20,115
77,9,38,43,37,70,95,20,115
77,9,38,43,37,7,107,12,115
77,35,166,45,19,11,139,12,115
77,9,1,100,260,0,2,12,115
77,9,1,111,385,33,7,20,115
77,9,3,6,37,7,107,12,115
77,9,32,11,19,24,58,12,115
77,9,3,4,0,1,21,20,115
77,35,166,45,11,5,19,20,115
77,9,38,34,0,1,21,20,115
77,9,3,0,1,7,107,12,115
77,35,1,5,12,107,7,20,115
77,9,38,34,0,7,107,12,115
77,9,3,4,0,7,107,12,115
77,9,1,5,11,19,284,20,115
77,35,166,45,11,19,5,12,115
77,9,316,0,5,19,284,20,115
77,9,1,8,83,220,425,12,115
77,228,8,243,128,31,72,20,115
77,9,292,46,33,60,5,12,115
77,35,1,7,48,5,19,20,115
77,35,166,45,11,28,90,12,115
77,35,33,385,111,1,21,20,115
77,35,33,121,38,430,30,20,115
77,35,33,307,157,5,19,20,115
77,9,1,3,25,19,5,12,115
77,9,1,5,11,28,90,12,115
77,35,33,307,157,1,21,20,115
77,35,1,7,48,51,5,12,115
77,35,33,23,13,31,72,20,115
77,35,33,23,13,5,19,20,115
77,9,270,5,12,107,7,20,115
77,228,8,191,1,7,107,12,115
77,9,3,6,18,5,19,20,115
77,35,33,23,0,5,19,20,115
77,9,292,46,33,7,107,12,115
77,35,33,23,0,7,107,12,115
77,35,33,23,0,1,21,20,115
77,35,33,23,44,1,21,20,115
77,9,292,46,28,11,139,12,115
77,9,3,11,19,24,58,12,115
77,35,33,23,40,279,73,12,115
77,9,3,6,0,5,19,20,115
77,9,316,0,7,62,2,12,115
77,9,282,132,45,11,139,12,115
77,9,3,290,60,33,7,20,115
77,9,3,290,60,5,19,20,115
77,35,33,46,49,11,139,12,115
77,35,33,46,433,5,19,20,115
77,35,1,161,5,11,139,12,115
77,35,1,161,5,0,7,20,115
77,9,1,69,19,11,139,12,115
77,9,292,46,80,31,72,20,115
77,35,33,140,21,1,78,20,115
77,9,292,46,49,11,5,12,115
77,9,3,59,28,11,139,12,115
77,9,493,48,5,0,2,12,115
77,9,3,8,1,5,19,20,115
77,228,8,191,1,15,5,12,115
77,228,8,191,1,0,5,12,115
77,9,1,0,2,62,7,20,115
77,9,493,48,5,19,284,20,115
77,228,8,191,1,0,7,20,115
77,9,1,0,2,233,234,20,115
77,228,8,93,1,15,5,12,115
77,9,3,0,5,11,139,12,115
77,9,3,6,0,1,21,20,115
77,228,8,93,1,22,7,20,115
77,9,3,0,5,491,310,20,115
77,9,3,0,5,11,19,20,115
77,9,3,6,0,24,73,12,115
77,9,3,6,0,1,5,12,115
77,228,8,93,1,44,204,20,115
77,9,3,0,5,363,74,20,115
77,9,3,0,5,11,241,12,115
77,9,3,6,0,94,74,20,115
77,9,3,6,0,24,19,20,115
77,9,3,6,0,1,7,20,115
77,228,8,93,1,69,19,20,115
77,9,3,0,5,1,7,20,115
77,9,3,6,0,260,492,12,115
77,9,3,6,0,24,58,12,115
77,9,3,6,0,1,78,20,115
77,228,8,93,1,111,90,12,115
77,9,3,0,5,157,310,20,115
77,9,3,0,5,1,21,20,115
77,9,3,6,0,438,21,20,115
77,9,3,6,0,260,315,12,115
77,9,3,6,0,24,245,12,115
77,228,8,93,1,127,5,12,115
77,9,3,0,5,48,7,20,115
77,9,3,0,5,1,78,20,115
77,228,8,93,1,134,73,12,115
77,9,3,0,5,51,269,20,115
77,228,8,93,1,0,5,12,115
77,228,8,93,1,157,310,20,115
77,9,3,0,5,286,30,20,115
77,228,8,93,1,0,7,20,115
77,228,8,93,1,161,5,12,115
77,228,8,93,1,157,5,12,115
77,9,3,6,0,7,107,12,115
77,228,8,93,1,188,5,12,115
77,35,1,7,0,24,19,20,115
77,35,1,7,33,473,5,12,115
77,228,8,93,1,220,425,12,115
77,35,1,7,0,260,315,12,115
77,35,1,7,0,24,58,12,115
77,35,1,7,272,24,19,20,115
77,35,1,7,33,60,5,12,115
77,228,8,93,1,296,95,20,115
77,35,1,7,0,94,74,20,115
77,35,1,7,0,260,492,12,115
77,35,1,7,0,24,73,12,115
77,35,1,7,427,126,5,12,115
77,35,1,7,272,309,5,12,115
77,35,1,7,272,24,58,12,115
77,35,1,7,33,140,21,20,115
77,228,8,93,1,469,241,12,115
77,35,1,7,0,438,21,20,115
77,35,1,7,0,24,245,12,115
77,35,1,7,200,37,497,20,115
77,35,1,7,272,24,73,12,115
77,9,3,75,303,47,154,12,115
77,35,1,7,114,69,19,20,115
77,35,1,7,272,24,245,12,115
77,9,3,75,303,386,201,20,115
77,35,1,7,256,222,95,20,115
77,35,1,7,114,173,202,20,115
77,9,3,75,31,72,185,12,115
77,228,8,100,1,15,5,12,115
77,35,1,7,114,173,458,12,115
77,228,8,100,1,0,5,12,115
77,228,8,100,1,22,7,20,115
77,35,1,157,5,11,139,12,115
77,228,8,100,1,0,7,20,115
77,228,8,100,1,44,204,20,115
77,35,1,157,5,491,310,20,115
77,35,1,157,5,11,19,20,115
77,228,8,100,1,69,19,20,115
77,35,1,157,5,48,7,20,115
77,35,1,157,5,11,241,12,115
77,228,8,100,1,111,90,12,115
77,35,1,157,5,51,269,20,115
77,35,1,157,5,0,7,20,115
77,228,8,100,1,127,5,12,115
77,35,1,157,5,286,30,20,115
77,228,8,391,397,16,30,20,115
77,228,8,100,1,134,73,12,115
77,35,1,157,5,363,74,20,115
77,228,8,352,239,0,2,12,115
77,228,8,100,1,157,310,20,115
77,228,8,133,217,22,7,20,115
77,228,8,213,103,62,2,12,115
77,228,8,352,239,0,5,12,115
77,228,8,100,1,161,5,12,115
77,228,8,100,1,157,5,12,115
77,228,8,213,103,62,7,20,115
77,228,8,352,239,0,7,20,115
77,228,8,100,1,188,5,12,115
77,9,3,8,93,1,78,20,115
77,228,8,133,3,1,21,20,115
77,228,8,100,1,220,425,12,115
77,9,3,8,243,408,21,20,115
77,9,3,8,93,1,5,12,115
77,228,8,133,3,11,139,12,115
77,228,8,133,3,1,5,12,115
77,228,8,100,1,296,95,20,115
77,9,3,8,100,1,7,20,115
77,9,3,8,243,128,30,20,115
77,9,3,8,93,1,7,20,115
77,228,8,133,3,13,5,12,115
77,228,8,133,3,11,5,12,115
77,228,8,133,3,1,7,20,115
77,228,8,100,1,469,241,12,115
77,9,3,8,267,140,21,20,115
77,9,3,8,100,124,30,20,115
77,9,3,8,100,1,5,12,115
77,9,3,8,93,1,21,20,115
77,228,8,133,3,14,2,12,115
77,228,8,133,3,11,19,20,115
77,228,8,133,3,1,78,20,115
77,9,3,8,148,0,2,12,115
77,9,3,8,100,260,492,12,115
77,9,3,8,100,1,21,20,115
77,228,8,133,3,25,19,20,115
77,228,8,133,3,11,241,12,115
77,9,3,8,191,1,5,12,115
77,9,3,8,148,0,5,12,115
77,9,3,8,100,260,315,12,115
77,9,3,8,100,1,78,20,115
77,228,8,133,3,47,154,12,115
77,9,3,8,317,1,5,12,115
77,9,3,8,191,1,7,20,115
77,9,3,8,148,0,7,20,115
77,9,3,8,484,200,7,20,115
77,9,3,8,317,1,7,20,115
77,9,3,8,191,1,21,20,115
77,228,8,133,3,0,5,12,115
77,9,3,8,317,1,21,20,115
77,9,3,8,191,1,78,20,115
77,228,8,133,3,0,7,20,115
77,9,3,8,317,1,78,20,115
77,9,270,5,157,1,21,20,115
77,35,415,70,37,200,7,20,115
77,9,1,134,73,24,58,12,115
77,9,270,5,157,1,78,20,115
77,9,3,8,10,16,30,20,115
77,9,1,134,73,84,21,20,115
77,9,1,134,73,24,19,20,115
77,9,3,8,10,89,21,20,115
77,9,270,5,11,45,189,12,115
77,9,1,134,73,24,245,12,115
77,9,270,5,11,28,39,12,115
77,9,270,5,11,118,21,20,115
77,9,270,5,11,45,19,20,115
77,35,33,7,0,24,19,20,115
77,35,33,7,0,1,5,12,115
77,9,270,5,11,45,470,20,115
77,35,33,7,0,260,315,12,115
77,35,33,7,0,24,58,12,115
77,35,33,7,0,1,78,20,115
77,35,33,7,0,94,74,20,115
77,35,33,7,0,260,492,12,115
77,35,33,7,0,24,73,12,115
77,35,33,7,0,438,21,20,115
77,228,8,1,21,84,73,12,115
77,35,33,7,0,24,245,12,115
77,9,3,8,1,7,107,12,115
77,9,32,285,24,19,284,20,115
77,228,8,26,55,79,464,20,115
77,9,3,8,26,29,2,12,115
77,228,8,26,125,47,154,12,115
77,228,8,26,320,13,5,12,115
77,228,8,26,55,47,154,12,115
77,9,3,8,26,70,95,20,115
77,228,8,26,344,157,5,12,115
77,9,3,6,222,256,7,20,115
77,9,3,8,26,70,249,20,115
77,228,8,26,344,157,310,20,115
77,9,316,0,1,5,19,20,115
77,9,1,127,5,0,2,12,115
77,9,3,6,173,114,7,20,115
77,9,1,69,114,173,458,12,115
77,9,1,127,5,11,139,12,115
77,9,1,127,5,0,7,20,115
77,9,1,5,51,48,7,20,115
77,9,1,127,5,491,310,20,115
77,9,1,127,5,11,19,20,115
77,9,1,5,51,294,19,20,115
77,9,1,127,5,157,310,20,115
77,9,1,127,5,11,241,12,115
77,228,8,484,200,37,7,20,115
77,9,1,127,5,48,7,20,115
77,9,1,5,48,51,269,20,115
77,9,32,382,1,7,107,12,115
77,9,1,127,5,51,269,20,115
77,9,1,5,48,122,21,20,115
77,228,8,26,70,37,497,20,115
77,9,1,127,5,286,30,20,115
77,9,1,127,5,19,284,20,115
77,9,32,285,24,272,7,20,115
77,9,1,127,5,363,74,20,115
77,9,3,392,1,5,19,20,115
77,9,32,285,24,0,5,12,115
77,9,3,75,31,13,5,12,115
77,9,1,157,310,491,5,12,115
77,9,32,285,24,0,7,20,115
77,9,3,75,31,16,30,20,115
77,9,3,1,161,5,19,20,115
77,9,3,8,1,0,2,12,115
77,9,3,75,31,128,30,20,115
77,35,1,69,255,11,19,20,115
77,9,3,8,1,15,5,12,115
77,9,3,8,1,0,5,12,115
77,35,1,69,255,11,139,12,115
77,9,3,8,1,22,7,20,115
77,9,3,8,1,0,7,20,115
77,35,1,69,255,11,241,12,115
77,9,3,8,1,44,204,20,115
77,9,3,6,17,0,7,20,115
77,9,32,11,255,69,19,20,115
77,9,32,11,3,0,2,12,115
77,9,3,8,1,69,19,20,115
77,9,3,6,42,82,201,20,115
77,9,3,6,17,76,19,20,115
77,9,3,6,17,0,2,12,115
77,9,32,11,475,1,7,20,115
77,9,32,11,3,1,21,20,115
77,9,32,11,3,0,5,12,115
77,9,3,8,1,111,90,12,115
77,9,3,6,205,79,464,20,115
77,9,3,6,42,81,5,12,115
77,9,3,6,17,313,19,20,115
77,9,3,6,17,0,5,12,115
77,9,32,11,40,279,73,12,115
77,9,32,11,475,1,5,12,115
77,9,32,11,3,47,154,12,115
77,9,32,11,3,1,5,12,115
77,9,32,11,3,0,7,20,115
77,9,3,8,1,127,5,12,115
77,9,3,6,225,26,21,20,115
77,9,32,11,330,260,492,12,115
77,9,32,11,40,209,95,20,115
77,9,32,11,475,1,21,20,115
77,9,32,11,3,13,5,12,115
77,9,32,11,3,1,7,20,115
77,9,3,8,1,134,73,12,115
77,9,32,11,440,28,39,12,115
77,9,32,11,330,260,315,12,115
77,9,32,11,475,1,78,20,115
77,9,32,11,3,14,2,12,115
77,9,32,11,3,1,78,20,115
77,9,3,8,1,157,310,20,115
77,9,32,11,259,37,497,20,115
77,9,32,11,440,28,90,12,115
77,9,3,1,157,5,19,20,115
77,9,3,8,1,161,5,12,115
77,9,3,8,1,157,5,12,115
77,9,32,11,259,37,7,20,115
77,9,1,5,13,31,72,20,115
77,9,3,8,1,188,5,12,115
77,35,156,30,146,45,470,20,115
77,9,1,100,8,10,2,12,115
77,9,1,5,15,28,39,12,115
77,9,1,5,13,31,74,20,115
77,9,3,8,1,220,425,12,115
77,35,156,30,194,322,2,12,115
77,35,156,30,146,45,19,20,115
77,9,1,100,301,308,19,20,115
77,9,1,100,8,26,21,20,115
77,9,1,100,8,10,334,12,115
77,9,1,5,473,33,7,20,115
77,9,1,5,15,16,30,20,115
77,9,1,5,15,28,90,12,115
77,9,3,8,1,296,95,20,115
77,35,156,30,16,10,2,12,115
77,35,156,30,146,45,189,12,115
77,9,1,100,426,132,30,20,115
77,9,1,100,8,83,5,12,115
77,9,1,5,83,220,425,12,115
77,9,1,5,15,390,19,20,115
77,9,3,8,1,469,241,12,115
77,35,156,30,410,47,154,12,115
77,35,156,30,16,15,5,12,115
77,35,156,30,16,10,334,12,115
77,9,1,5,126,427,7,20,115
77,35,156,30,128,31,72,20,115
77,35,156,30,16,31,72,20,115
77,9,3,4,42,81,5,12,115
77,9,1,5,309,272,7,20,115
77,35,156,30,132,45,19,20,115
77,35,156,30,128,31,74,20,115
77,35,156,30,16,47,154,12,115
77,35,156,30,16,31,74,20,115
77,9,3,4,147,47,154,12,115
77,9,3,4,42,82,201,20,115
77,9,1,5,362,496,334,12,115
77,35,156,30,132,45,189,12,115
77,9,3,4,301,308,19,20,115
77,35,1,15,5,19,284,20,115
77,9,1,5,371,14,2,12,115
77,35,156,30,132,45,470,20,115
77,9,3,4,257,11,19,20,115
77,35,120,338,25,19,284,20,115
77,9,1,5,60,33,7,20,115
77,9,3,327,22,1,21,20,115
77,9,3,4,113,15,5,12,115
77,9,3,4,257,11,5,12,115
77,9,1,15,61,48,5,12,115
77,9,3,327,22,1,5,12,115
77,9,3,4,159,37,7,20,115
77,9,3,4,257,11,139,12,115
77,9,1,15,61,48,7,20,115
77,9,3,327,22,1,7,20,115
77,9,3,4,159,37,497,20,115
77,9,3,4,257,11,241,12,115
77,9,3,327,22,7,107,12,115
77,9,3,327,22,1,78,20,115
77,9,88,223,143,0,5,12,115
77,9,1,5,48,7,107,12,115
77,35,369,256,7,0,2,12,115
77,9,88,218,46,33,7,20,115
77,9,88,218,46,28,90,12,115
77,9,88,223,143,124,30,20,115
77,9,88,223,143,0,2,12,115
77,35,369,256,7,1,21,20,115
77,35,369,256,7,0,5,12,115
77,9,88,218,46,52,21,20,115
77,9,3,392,1,7,107,12,115
77,9,88,223,143,0,7,20,115
77,35,369,256,7,37,497,20,115
77,35,369,256,7,1,5,12,115
77,9,88,218,46,86,5,12,115
77,35,33,7,37,79,464,20,115
77,35,33,7,37,70,249,20,115
77,35,369,256,7,48,5,12,115
77,35,369,256,7,1,78,20,115
77,9,88,218,46,433,5,12,115
77,9,3,0,2,10,334,12,115
77,9,1,161,355,45,19,20,115
77,35,369,256,7,62,2,12,115
77,35,1,15,5,0,2,12,115
77,9,270,5,15,16,30,20,115
77,9,3,0,2,62,7,20,115
77,9,1,161,355,45,189,12,115
77,9,493,495,212,24,245,12,115
77,35,1,15,5,491,310,20,115
77,35,1,15,5,0,7,20,115
77,9,270,5,13,31,72,20,115
77,9,270,5,15,28,39,12,115
77,9,3,0,2,233,234,20,115
77,9,1,161,355,45,470,20,115
77,9,493,495,212,45,470,20,115
77,9,493,495,212,24,19,20,115
77,35,1,15,5,363,74,20,115
77,9,270,5,362,496,334,12,115
77,9,270,5,13,31,74,20,115
77,9,270,5,15,1,7,20,115
77,9,270,5,15,28,90,12,115
77,9,493,495,212,45,19,20,115
77,9,493,495,212,24,58,12,115
77,35,1,15,5,11,19,20,115
77,9,270,5,126,427,7,20,115
77,9,270,5,15,390,19,20,115
77,9,270,5,15,1,21,20,115
77,9,493,495,212,45,189,12,115
77,9,493,495,212,24,73,12,115
77,35,1,15,5,48,7,20,115
77,35,1,15,5,11,139,12,115
77,9,270,5,83,220,425,12,115
77,9,270,5,15,1,78,20,115
77,9,1,69,255,11,19,20,115
77,35,1,15,5,51,269,20,115
77,35,1,15,5,11,241,12,115
77,9,270,5,127,1,7,20,115
77,9,176,33,439,460,241,12,115
77,9,1,69,255,11,139,12,115
77,228,8,3,11,19,284,20,115
77,9,1,157,174,48,5,12,115
77,35,1,15,5,157,310,20,115
77,228,8,3,6,37,497,20,115
77,9,270,5,473,33,7,20,115
77,9,270,5,127,1,21,20,115
77,9,176,33,35,156,375,20,115
77,9,1,69,255,11,241,12,115
77,9,1,157,253,13,5,12,115
77,9,1,157,174,48,7,20,115
77,35,1,15,5,286,30,20,115
77,228,8,3,498,28,39,12,115
77,228,8,3,6,0,2,12,115
77,228,8,3,6,37,7,20,115
77,9,270,5,309,272,7,20,115
77,9,270,5,127,1,78,20,115
77,9,176,33,23,0,2,12,115
77,9,176,33,35,1,21,20,115
77,9,176,33,35,156,30,20,115
77,9,316,0,24,19,5,12,115
77,9,1,157,307,33,7,20,115
77,228,8,3,59,28,39,12,115
77,228,8,3,498,28,90,12,115
77,228,8,3,6,18,5,12,115
77,228,8,3,6,0,5,12,115
77,9,3,416,157,5,19,20,115
77,228,8,3,4,0,5,12,115
77,9,270,5,371,14,2,12,115
77,9,3,98,28,11,139,12,115
77,228,8,3,47,312,78,20,115
77,9,176,33,46,86,5,12,115
77,9,3,392,1,0,2,12,115
77,9,176,33,23,13,5,12,115
77,9,176,33,23,0,5,12,115
77,9,176,33,35,166,208,12,115
77,9,176,33,35,1,5,12,115
77,9,1,69,114,7,107,12,115
77,35,1,7,0,5,19,20,115
77,9,1,3,11,19,284,20,115
77,9,1,3,0,260,315,12,115
77,9,316,0,24,19,284,20,115
77,9,1,157,344,26,21,20,115
77,9,1,3,0,24,19,20,115
77,228,8,3,75,31,72,20,115
77,228,8,3,59,28,90,12,115
77,228,8,3,11,45,470,20,115
77,228,8,3,6,173,202,20,115
77,228,8,3,11,28,39,12,115
77,228,8,3,6,0,7,20,115
77,35,1,0,24,19,5,12,115
77,9,3,416,157,1,21,20,115
77,35,1,188,5,11,139,12,115
77,228,8,3,4,0,7,20,115
77,9,270,5,60,33,7,20,115
77,35,1,188,5,0,7,20,115
77,9,3,98,28,15,5,12,115
77,9,3,250,347,7,107,12,115
77,228,8,3,1,15,5,12,115
77,9,3,98,28,11,5,12,115
77,228,8,3,47,410,30,20,115
77,228,8,3,1,0,5,12,115
77,9,176,33,385,111,90,12,115
77,9,176,33,46,28,90,12,115
77,9,176,33,473,5,19,20,115
77,9,3,0,5,19,284,20,115
77,9,3,287,324,11,5,12,115
77,9,32,11,45,166,208,12,115
77,9,3,392,1,15,5,12,115
77,9,3,392,1,0,5,12,115
77,9,176,33,23,36,30,20,115
77,9,176,33,23,0,7,20,115
77,228,8,10,2,0,5,12,115
77,9,176,33,35,1,7,20,115
77,9,3,287,1,7,107,12,115
77,35,1,7,37,70,95,20,115
77,9,3,47,16,10,2,12,115
77,228,8,317,1,15,5,12,115
77,9,1,3,0,94,74,20,115
77,9,1,3,0,260,492,12,115
77,228,8,317,1,0,5,12,115
77,9,270,5,19,45,189,12,115
77,9,1,3,0,24,73,12,115
77,9,493,48,7,0,2,12,115
77,9,3,452,448,206,202,20,115
77,9,270,5,19,24,73,12,115
77,228,8,3,98,28,39,12,115
77,228,8,3,75,31,74,20,115
77,9,1,21,118,11,19,20,115
77,228,8,1,487,37,497,20,115
77,228,8,1,3,0,2,12,115
77,228,8,3,11,118,21,20,115
77,228,8,3,11,45,19,20,115
77,228,8,26,21,1,78,20,115
77,35,156,375,20,7,107,12,115
77,35,237,211,6,37,497,20,115
77,35,237,335,343,45,19,20,115
77,9,3,1,0,260,315,12,115
77,9,3,1,0,24,19,20,115
77,9,1,475,11,19,284,20,115
77,228,8,3,6,222,95,20,115
77,228,8,3,6,173,458,12,115
77,35,1,0,24,19,284,20,115
77,9,3,416,157,1,5,12,115
77,35,1,188,5,491,310,20,115
77,35,1,188,5,11,19,20,115
77,228,8,148,0,24,73,12,115
77,9,270,5,188,1,7,20,115
77,9,3,98,28,404,72,20,115
77,228,8,148,0,1,5,12,115
77,228,8,3,1,22,7,20,115
77,35,1,15,16,31,72,20,115
77,9,3,98,28,11,19,20,115
77,35,1,15,16,10,334,12,115
77,35,110,46,80,31,72,20,115
77,35,110,46,49,11,5,12,115
77,228,8,3,1,0,7,20,115
77,9,176,33,307,157,310,20,115
77,9,176,33,46,52,21,20,115
77,9,1,35,33,140,21,20,115
77,9,176,33,46,28,39,12,115
77,9,3,287,324,11,19,20,115
77,9,1,22,112,37,7,20,115
77,9,32,11,45,192,72,20,115
77,9,3,392,1,22,7,20,115
77,9,3,392,1,0,7,20,115
77,9,176,33,23,44,204,20,115
77,9,1,22,91,10,334,12,115
77,228,8,10,2,62,7,20,115
77,35,1,15,61,48,5,12,115
77,228,8,10,2,0,7,20,115
77,9,176,33,35,1,78,20,115
77,9,32,382,1,5,19,20,115
77,35,1,15,390,19,284,20,115
77,9,1,3,13,31,74,20,115
77,35,1,7,37,79,464,20,115
77,35,1,7,37,70,249,20,115
77,9,3,47,16,15,5,12,115
77,9,3,47,16,10,334,12,115
77,228,8,317,1,22,7,20,115
77,35,1,15,28,404,72,20,115
77,9,1,3,0,438,21,20,115
77,35,1,15,28,11,5,12,115
77,228,8,317,1,0,7,20,115
77,9,3,0,17,76,19,20,115
77,9,270,5,19,54,30,20,115
77,9,270,5,19,45,470,20,115
77,9,1,3,0,24,245,12,115
77,9,493,48,7,1,21,20,115
77,9,493,48,7,0,5,12,115
77,9,3,372,253,157,5,12,115
77,9,3,0,6,222,95,20,115
77,9,3,0,6,37,7,20,115
77,9,270,5,19,24,245,12,115
77,35,156,30,20,72,185,12,115
77,228,8,3,290,60,5,12,115
77,228,8,3,98,28,90,12,115
77,9,3,498,28,11,139,12,115
77,35,342,171,40,11,139,12,115
77,9,1,21,438,0,7,20,115
77,9,1,21,118,11,5,12,115
77,228,8,1,57,31,72,20,115
77,228,8,1,487,37,7,20,115
77,228,8,1,3,11,5,12,115
77,228,8,1,3,0,5,12,115
77,35,1,0,7,48,5,12,115
77,228,8,3,11,45,189,12,115
77,35,1,78,20,72,185,12,115
77,228,8,26,21,84,73,12,115
77,35,342,171,70,37,497,20,115
77,228,8,26,21,1,5,12,115
77,9,1,5,0,7,107,12,115
77,35,237,335,334,10,2,12,115
77,35,156,375,20,72,185,12,115
77,35,237,211,121,33,7,20,115
77,35,237,211,6,0,2,12,115
77,35,237,211,6,37,7,20,115
77,9,3,11,28,15,5,12,115
77,35,237,335,343,45,189,12,115
77,9,1,57,65,66,5,12,115
77,9,3,1,0,94,74,20,115
77,9,3,1,0,260,492,12,115
77,9,1,5,0,24,19,20,115
77,35,33,60,5,0,2,12,115
77,9,3,1,0,24,73,12,115
77,228,8,3,6,229,30,20,115
77,9,1,7,37,70,95,20,115
77,9,88,450,161,1,5,12,115
77,9,316,0,1,7,107,12,115
77,9,1,220,83,5,19,20,115
77,9,1,7,0,5,19,20,115
77,228,8,1,15,16,30,20,115
77,228,8,100,426,132,30,20,115
77,9,3,416,157,1,7,20,115
77,35,1,188,5,157,310,20,115
77,35,1,188,5,11,241,12,115
77,228,8,148,0,94,74,20,115
77,228,8,148,0,24,19,20,115
77,35,33,7,1,296,95,20,115
77,35,33,7,1,0,5,12,115
77,9,270,5,161,1,7,20,115
77,9,270,5,188,1,21,20,115
77,228,8,148,0,1,7,20,115
77,9,1,7,0,24,19,20,115
77,228,8,1,15,5,19,20,115
77,228,8,3,1,44,204,20,115
77,9,1,8,26,70,95,20,115
77,35,1,15,16,47,154,12,115
77,35,1,15,16,31,74,20,115
77,9,3,98,28,11,241,12,115
77,228,8,1,0,5,19,20,115
77,35,1,3,25,19,284,20,115
77,35,110,46,130,478,7,20,115
77,9,3,11,259,37,497,20,115
77,35,110,46,80,31,74,20,115
77,35,110,46,49,11,19,20,115
77,9,3,287,1,5,19,20,115
77,35,33,60,5,19,284,20,115
77,9,1,8,484,200,7,20,115
77,9,176,33,307,157,5,12,115
77,9,176,33,46,433,5,12,115
77,9,3,1,188,5,19,20,115
77,9,1,8,243,128,30,20,115
77,9,1,35,33,473,5,12,115
77,9,3,11,45,19,5,12,115
77,9,3,0,24,19,284,20,115
77,9,3,287,324,11,139,12,115
77,9,1,22,428,51,5,12,115
77,9,1,21,20,7,107,12,115
77,9,1,7,48,51,5,12,115
77,9,32,11,45,19,284,20,115
77,9,1,22,112,37,497,20,115
77,9,32,11,45,379,2,12,115
77,9,1,7,48,5,19,20,115
77,9,3,392,1,44,204,20,115
77,35,33,473,5,0,2,12,115
77,35,33,46,28,15,5,12,115
77,35,33,46,28,11,5,12,115
77,9,176,33,23,206,202,20,115
77,228,8,10,2,233,234,20,115
77,9,3,287,1,0,2,12,115
77,35,33,473,5,19,284,20,115
77,228,8,1,22,7,107,12,115
77,228,8,1,0,24,19,20,115
77,9,1,8,10,89,21,20,115
77,35,1,15,61,48,7,20,115
77,228,8,1,0,7,107,12,115
77,9,3,11,45,92,78,20,115
77,9,3,1,69,359,139,12,115
77,35,415,70,26,29,2,12,115
77,9,1,3,11,45,470,20,115
77,9,3,47,16,31,72,20,115
77,9,1,3,11,28,39,12,115
77,228,8,317,1,44,204,20,115
77,9,1,7,33,60,5,12,115
77,35,33,7,272,309,5,12,115
77,35,1,15,28,11,19,20,115
77,9,32,145,389,26,21,20,115
77,9,1,296,95,70,249,20,115
77,35,1,0,5,11,139,12,115
77,9,3,0,23,36,30,20,115
77,9,3,0,17,313,19,20,115
77,9,270,5,19,11,139,12,115
77,35,1,0,5,19,284,20,115
77,35,33,7,48,122,21,20,115
77,9,493,48,7,37,497,20,115
77,9,493,48,7,1,5,12,115
77,35,33,7,48,51,269,20,115
77,9,3,346,248,348,139,12,115
77,9,3,47,303,386,201,20,115
77,9,3,13,177,51,5,12,115
77,9,3,372,253,13,5,12,115
77,9,3,372,253,157,310,20,115
77,9,3,0,6,18,5,12,115
77,9,1,3,498,28,39,12,115
77,9,1,3,6,0,2,12,115
77,9,3,25,396,45,19,20,115
77,9,1,3,6,37,7,20,115
77,35,156,30,20,19,5,12,115
77,228,8,3,327,22,7,20,115
77,9,3,13,31,72,185,12,115
77,9,3,498,28,15,5,12,115
77,35,1,0,3,14,2,12,115
77,9,3,13,31,16,30,20,115
77,228,8,1,69,19,5,12,115
77,9,3,0,7,1,78,20,115
77,9,1,57,31,16,30,20,115
77,9,3,498,28,11,5,12,115
77,35,342,171,40,209,95,20,115
77,35,342,171,40,11,5,12,115
77,9,1,21,26,29,2,12,115
77,9,1,21,438,0,2,12,115
77,9,1,21,118,11,139,12,115
77,228,8,1,35,156,375,20,115
77,228,8,1,57,31,74,20,115
77,9,270,5,48,122,21,20,115
77,9,1,44,23,265,7,20,115
77,228,8,1,3,47,154,12,115
77,228,8,1,3,11,19,20,115
77,228,8,1,3,0,7,20,115
77,35,1,0,7,62,2,12,115
77,9,1,44,50,0,2,12,115
77,35,1,78,20,19,5,12,115
77,35,1,8,100,260,315,12,115
77,35,342,171,70,37,7,20,115
77,228,8,26,21,1,7,20,115
77,35,1,22,7,0,2,12,115
77,35,1,8,3,0,2,12,115
77,35,1,8,26,70,95,20,115
77,35,156,375,20,19,5,12,115
77,35,237,211,239,0,2,12,115
77,9,1,35,415,70,95,20,115
77,35,237,211,6,18,5,12,115
77,35,237,211,6,0,5,12,115
77,9,3,11,28,404,72,20,115
77,9,1,35,120,10,2,12,115
77,9,1,487,37,79,464,20,115
77,35,237,335,343,45,470,20,115
77,9,1,487,37,70,249,20,115
77,9,3,1,0,438,21,20,115
77,35,1,8,10,89,21,20,115
77,9,1,5,0,260,315,12,115
77,9,1,5,0,24,58,12,115
77,35,33,60,5,1,21,20,115
77,35,33,60,5,0,7,20,115
77,35,1,7,20,72,185,12,115
77,35,1,5,0,7,107,12,115
77,35,1,3,13,31,74,20,115
77,9,3,1,0,24,245,12,115
77,9,1,7,37,79,464,20,115
77,9,1,7,37,70,249,20,115
77,9,88,450,161,1,7,20,115
77,9,3,1,69,19,284,20,115
77,228,8,1,15,28,39,12,115
77,35,1,0,24,272,7,20,115
77,35,1,3,11,19,284,20,115
77,9,3,416,157,1,78,20,115
77,35,1,188,5,48,7,20,115
77,9,1,161,5,19,284,20,115
77,9,1,469,241,11,139,12,115
77,35,1,3,0,260,315,12,115
77,228,8,148,0,260,492,12,115
77,35,1,3,0,24,19,20,115
77,228,8,148,0,24,58,12,115
77,35,1,5,0,24,19,20,115
77,228,8,1,69,114,7,20,115
77,9,482,155,41,28,90,12,115
77,9,482,155,91,22,7,20,115
77,35,33,7,1,44,204,20,115
77,9,482,155,91,10,334,12,115
77,9,270,5,161,1,21,20,115
77,9,1,7,20,72,185,12,115
77,228,8,3,13,31,74,20,115
77,9,270,5,188,1,78,20,115
77,228,8,148,0,1,78,20,115
77,228,8,1,127,5,19,20,115
77,9,1,7,0,260,315,12,115
77,9,1,7,0,24,58,12,115
77,9,1,35,166,45,19,20,115
77,9,1,161,5,0,2,12,115
77,9,1,164,45,19,284,20,115
77,228,8,3,1,69,19,20,115
77,9,1,8,26,70,249,20,115
77,9,3,14,2,10,334,12,115
77,35,120,10,16,31,72,20,115
77,35,1,5,11,19,284,20,115
77,35,1,475,11,19,284,20,115
77,35,110,46,170,33,7,20,115
77,9,1,157,5,0,2,12,115
77,9,1,157,5,19,284,20,115
77,9,270,5,51,294,19,20,115
77,35,1,487,37,79,464,20,115
77,35,110,46,130,51,269,20,115
77,9,3,11,40,279,73,12,115
77,9,3,11,259,37,7,20,115
77,35,110,46,49,11,241,12,115
77,35,1,487,37,70,249,20,115
77,9,1,8,267,140,21,20,115
77,9,1,475,11,45,470,20,115
77,9,1,475,11,28,39,12,115
77,9,1,15,390,19,284,20,115
77,9,3,11,45,19,284,20,115
77,9,3,287,324,11,241,12,115
77,9,1,22,138,194,30,20,115
77,9,1,22,428,51,269,20,115
77,35,1,22,91,10,2,12,115
77,35,1,5,11,28,90,12,115
77,9,3,1,57,31,72,20,115
77,9,3,1,487,37,7,20,115
77,9,1,21,20,72,185,12,115
77,9,1,7,48,122,21,20,115
77,9,1,7,48,51,269,20,115
77,9,1,78,312,47,154,12,115
77,9,32,11,45,132,30,20,115
77,9,1,78,92,45,19,20,115
77,9,1,3,47,312,78,20,115
77,9,3,392,1,69,19,20,115
77,35,33,473,5,1,21,20,115
77,35,33,473,5,0,7,20,115
77,35,1,21,20,7,107,12,115
77,9,1,188,5,0,2,12,115
77,35,33,46,28,404,72,20,115
77,35,33,46,28,11,19,20,115
77,35,1,57,65,66,5,12,115
77,9,176,33,23,265,7,20,115
77,9,3,1,5,19,284,20,115
77,9,1,188,5,19,284,20,115
77,9,3,287,1,15,5,12,115
77,9,3,287,1,0,5,12,115
77,9,3,1,5,0,2,12,115
77,9,1,78,20,72,185,12,115
77,228,8,1,0,260,315,12,115
77,228,8,3,25,254,58,12,115
77,228,8,3,25,19,5,12,115
77,9,1,164,45,92,78,20,115
77,9,1,164,45,11,5,12,115
77,228,8,1,0,24,58,12,115
77,9,3,11,45,166,208,12,115
77,9,3,1,69,365,310,20,115
77,9,1,0,3,47,154,12,115
77,9,1,3,11,118,21,20,115
77,9,1,3,11,45,19,20,115
77,9,3,47,16,31,74,20,115
77,228,8,317,1,69,19,20,115
77,35,1,3,498,28,39,12,115
77,9,1,7,272,24,19,20,115
77,9,1,7,33,140,21,20,115
77,35,1,3,6,0,2,12,115
77,35,33,7,22,1,21,20,115
77,35,33,7,272,24,73,12,115
77,35,1,3,6,37,7,20,115
77,9,1,0,24,19,5,12,115
77,9,3,13,5,0,2,12,115
77,35,156,30,54,19,284,20,115
77,35,1,15,28,11,241,12,115
77,35,1,3,47,312,78,20,115
77,35,1,0,5,491,310,20,115
77,35,1,3,11,45,470,20,115
77,35,1,0,5,11,19,20,115
77,9,3,0,160,51,5,12,115
77,9,3,0,23,13,5,12,115
77,35,1,3,11,28,39,12,115
77,9,38,210,66,5,19,20,115
77,9,1,0,24,272,7,20,115
77,9,270,5,0,260,315,12,115
77,9,270,5,19,11,241,12,115
77,9,270,5,0,24,19,20,115
77,9,493,48,7,62,2,12,115
77,35,1,44,50,235,7,20,115
77,9,3,1,15,28,39,12,115
77,9,493,48,7,1,78,20,115
77,9,3,133,8,26,21,20,115
77,9,3,13,5,19,284,20,115
77,9,3,346,248,28,90,12,115
77,9,176,33,7,1,21,20,115
77,9,3,47,55,79,464,20,115
77,228,8,10,16,15,5,12,115
77,9,38,430,30,156,375,20,115
77,9,316,0,1,296,95,20,115
77,228,8,10,356,28,39,12,115
77,9,282,132,30,156,375,20,115
77,9,176,33,7,0,5,12,115
77,35,1,57,31,16,30,20,115
77,9,3,13,23,0,2,12,115
77,9,3,13,177,51,269,20,115
77,9,270,5,1,220,425,12,115
77,9,3,0,6,173,458,12,115
77,35,1,9,493,48,7,20,115
77,9,1,3,8,10,2,12,115
77,9,1,3,498,28,90,12,115
77,9,1,3,6,18,5,12,115
77,9,1,3,6,0,5,12,115
77,9,1,97,80,31,72,20,115
77,9,1,293,167,92,78,20,115
77,9,3,25,388,142,30,20,115
77,9,3,25,396,45,189,12,115
77,9,1,293,432,157,5,12,115
77,228,8,3,416,157,310,20,115
77,35,166,208,12,5,19,20,115
77,9,3,498,28,404,72,20,115
77,9,1,15,28,404,72,20,115
77,228,8,1,161,5,19,20,115
77,228,8,1,157,5,19,20,115
77,9,1,15,28,11,5,12,115
77,35,1,0,6,37,497,20,115
77,35,1,0,3,11,19,20,115
77,9,3,13,31,128,30,20,115
77,228,8,1,69,19,284,20,115
77,35,331,405,148,0,2,12,115
77,9,3,0,7,37,497,20,115
77,9,3,0,7,1,5,12,115
77,9,1,57,31,128,30,20,115
77,9,3,498,28,11,19,20,115
77,35,331,244,85,45,470,20,115
77,9,3,498,28,11,241,12,115
77,35,331,244,85,52,21,20,115
77,35,331,244,85,45,19,20,115
77,35,1,5,48,51,269,20,115
77,35,331,244,85,45,189,12,115
77,35,1,5,48,122,21,20,115
77,35,1,164,45,19,284,20,115
77,35,1,5,48,7,107,12,115
77,35,342,171,40,11,19,20,115
77,9,1,21,89,10,2,12,115
77,35,342,171,40,11,241,12,115
77,9,1,21,219,454,310,20,115
77,9,1,21,89,10,334,12,115
77,9,1,21,122,48,5,12,115
77,9,1,21,26,70,95,20,115
77,9,1,21,140,33,7,20,115
77,9,1,21,122,48,7,20,115
77,9,1,21,26,70,249,20,115
77,35,1,111,385,33,7,20,115
77,9,1,21,438,0,5,12,115
77,35,1,97,80,31,72,20,115
77,9,1,21,118,11,241,12,115
77,35,1,169,109,45,189,12,115
77,35,1,97,80,31,74,20,115
77,35,1,93,8,10,2,12,115
77,35,1,169,109,219,21,20,115
77,35,1,169,109,45,19,20,115
77,35,1,326,252,200,7,20,115
77,35,1,93,8,26,21,20,115
77,35,1,93,8,10,334,12,115
77,35,1,169,109,238,7,20,115
77,35,1,169,109,45,470,20,115
77,35,1,392,3,47,154,12,115
77,35,1,93,8,83,5,12,115
77,35,1,382,32,11,5,12,115
77,35,1,392,3,0,2,12,115
77,35,1,472,402,45,189,12,115
77,35,1,382,32,11,19,20,115
77,35,1,392,3,11,5,12,115
77,35,1,392,3,0,5,12,115
77,35,1,116,71,233,2,12,115
77,35,1,472,402,45,19,20,115
77,35,1,382,32,11,139,12,115
77,35,1,392,3,14,2,12,115
77,35,1,392,3,11,19,20,115
77,35,1,392,3,0,7,20,115
77,35,1,287,3,11,5,12,115
77,35,1,116,71,47,154,12,115
77,35,1,116,71,233,234,20,115
77,35,1,472,402,45,470,20,115
77,35,1,382,32,11,241,12,115
77,35,1,392,3,13,5,12,115
77,35,1,392,3,11,139,12,115
77,35,1,431,190,33,7,20,115
77,35,1,287,324,11,5,12,115
77,35,1,287,3,0,2,12,115
77,35,1,287,3,11,19,20,115
77,35,1,392,3,25,19,20,115
77,35,1,392,3,11,241,12,115
77,35,1,441,131,33,7,20,115
77,35,1,287,324,11,19,20,115
77,35,1,287,3,13,5,12,115
77,35,1,287,3,0,5,12,115
77,35,1,287,3,11,139,12,115
77,35,1,191,8,10,2,12,115
77,35,1,287,324,11,139,12,115
77,35,1,287,3,25,19,20,115
77,35,1,287,3,0,7,20,115
77,35,1,287,3,11,241,12,115
77,35,1,152,34,0,2,12,115
77,35,1,191,8,26,21,20,115
77,35,1,191,8,10,334,12,115
77,35,1,287,324,11,241,12,115
77,35,1,287,3,14,2,12,115
77,35,1,317,8,10,2,12,115
77,35,1,152,34,0,5,12,115
77,35,1,191,8,83,5,12,115
77,35,1,287,3,47,154,12,115
77,35,1,317,8,26,21,20,115
77,35,1,317,8,10,334,12,115
77,35,1,152,34,0,7,20,115
77,35,1,317,8,83,5,12,115
77,35,1,293,167,92,78,20,115
77,228,8,1,475,11,5,12,115
77,228,8,1,35,33,7,20,115
77,228,8,1,164,45,470,20,115
77,228,8,1,475,11,19,20,115
77,228,8,1,35,166,208,12,115
77,228,8,1,9,270,5,12,115
77,228,8,1,164,45,19,20,115
77,228,8,1,475,11,139,12,115
77,228,8,1,226,86,5,12,115
77,228,8,1,164,45,189,12,115
77,228,8,1,475,11,241,12,115
77,228,8,1,227,161,5,12,115
77,35,33,7,20,72,185,12,115
77,228,8,1,236,60,5,12,115
77,35,33,7,20,19,5,12,115
77,228,8,1,100,260,315,12,115
77,228,8,93,1,5,19,20,115
77,228,8,1,100,124,30,20,115
77,228,8,1,100,260,492,12,115
77,35,1,293,432,157,5,12,115
77,228,8,1,35,156,30,20,115
77,9,1,44,56,0,2,12,115
77,9,1,44,23,0,2,12,115
77,9,1,44,366,51,5,12,115
77,9,1,44,56,0,5,12,115
77,9,1,44,23,13,5,12,115
77,9,1,44,23,0,5,12,115
77,9,1,44,162,76,19,20,115
77,9,1,44,366,51,269,20,115
77,9,1,44,56,0,7,20,115
77,9,1,44,23,33,7,20,115
77,9,1,44,23,0,7,20,115
77,9,1,44,298,24,19,20,115
77,9,1,44,23,36,30,20,115
77,9,1,44,325,322,2,12,115
77,9,1,44,298,24,58,12,115
77,9,1,44,23,206,202,20,115
77,9,1,44,298,24,73,12,115
77,35,1,100,301,308,19,20,115
77,9,1,44,298,24,245,12,115
77,35,1,100,426,132,30,20,115
77,228,8,1,3,13,5,12,115
77,228,8,1,3,11,139,12,115
77,228,8,1,3,14,2,12,115
77,228,8,1,3,11,241,12,115
77,35,1,111,90,28,39,12,115
77,35,1,100,8,26,21,20,115
77,35,1,100,8,10,334,12,115
77,35,1,100,8,83,5,12,115
77,9,1,44,50,0,5,12,115
77,35,1,475,11,45,470,20,115
77,9,1,44,50,0,7,20,115
77,35,1,475,11,118,21,20,115
77,35,1,475,11,45,19,20,115
77,35,1,8,243,408,21,20,115
77,35,1,475,11,45,189,12,115
77,35,1,8,267,140,21,20,115
77,35,1,8,243,128,30,20,115
77,35,1,8,484,200,7,20,115
77,9,1,5,19,24,58,12,115
77,35,1,8,148,0,2,12,115
77,9,1,5,19,45,189,12,115
77,9,1,5,19,24,73,12,115
77,35,1,8,148,0,5,12,115
77,9,1,5,19,54,30,20,115
77,9,1,5,19,45,470,20,115
77,9,1,5,19,24,245,12,115
77,35,1,8,148,0,7,20,115
77,9,1,5,19,11,139,12,115
77,35,1,475,11,28,39,12,115
77,9,1,5,19,11,241,12,115
77,35,1,8,100,124,30,20,115
77,35,1,8,100,260,492,12,115
77,9,1,22,7,0,2,12,115
77,35,1,22,7,37,497,20,115
77,9,1,22,7,37,497,20,115
77,9,1,22,7,0,5,12,115
77,35,1,22,7,48,5,12,115
77,9,1,22,7,48,5,12,115
77,35,1,22,7,62,2,12,115
77,9,1,22,7,62,2,12,115
77,35,1,22,7,0,5,12,115
77,9,32,11,5,0,2,12,115
77,9,32,11,5,19,284,20,115
77,9,32,11,5,1,21,20,115
77,9,32,11,5,0,7,20,115
77,9,32,11,5,491,310,20,115
77,9,32,11,5,1,7,20,115
77,9,32,11,5,363,74,20,115
77,9,32,11,5,1,78,20,115
77,9,32,11,5,157,310,20,115
77,9,3,0,1,69,19,20,115
77,9,32,11,5,48,7,20,115
77,9,3,0,1,469,241,12,115
77,9,32,11,5,51,269,20,115
77,9,3,0,1,15,5,12,115
77,9,32,11,5,286,30,20,115
77,9,3,0,1,22,7,20,115
77,35,1,8,3,11,5,12,115
77,9,3,0,1,44,204,20,115
77,35,1,8,3,47,154,12,115
77,35,1,8,3,11,19,20,115
77,9,3,0,1,111,90,12,115
77,35,1,8,3,13,5,12,115
77,35,1,8,3,11,139,12,115
77,9,3,0,1,127,5,12,115
77,35,1,8,3,14,2,12,115
77,35,1,8,3,11,241,12,115
77,9,3,0,1,134,73,12,115
77,35,1,8,3,0,5,12,115
77,9,3,0,1,157,5,12,115
77,35,1,8,3,0,7,20,115
77,9,3,0,1,161,5,12,115
77,9,3,0,1,157,310,20,115
77,9,3,0,1,188,5,12,115
77,35,1,100,260,0,5,12,115
77,9,3,0,1,220,425,12,115
77,35,1,100,260,0,7,20,115
77,35,1,8,26,70,249,20,115
77,35,1,69,114,173,202,20,115
77,35,1,164,45,92,78,20,115
77,35,1,69,114,173,458,12,115
77,35,1,164,45,132,30,20,115
77,35,237,211,250,347,7,20,115
77,35,1,164,45,146,30,20,115
77,35,237,211,239,0,5,12,115
77,35,1,164,45,166,208,12,115
77,35,237,211,239,0,7,20,115
77,35,1,164,45,192,72,20,115
77,35,1,164,45,11,5,12,115
77,35,1,164,45,379,2,12,115
77,35,1,164,45,11,19,20,115
77,9,1,35,237,488,30,20,115
77,35,1,164,45,11,241,12,115
77,9,1,35,369,256,7,20,115
77,9,1,35,237,335,334,12,115
77,9,1,35,415,70,249,20,115
77,35,1,69,114,7,107,12,115
77,35,120,10,91,22,7,20,115
77,35,120,10,8,1,21,20,115
77,35,120,10,356,28,39,12,115
77,35,120,10,8,26,21,20,115
77,35,120,10,8,1,5,12,115
77,35,120,10,356,28,90,12,115
77,35,120,10,8,1,7,20,115
77,35,237,211,6,173,202,20,115
77,35,120,10,8,1,78,20,115
77,35,237,211,6,222,95,20,115
77,35,237,211,6,173,458,12,115
77,35,237,211,6,229,30,20,115
77,35,237,211,6,0,7,20,115
77,9,32,247,48,5,19,20,115
77,9,1,487,37,200,7,20,115
77,9,88,38,34,0,5,12,115
77,9,32,145,28,11,139,12,115
77,9,88,38,43,37,497,20,115
77,9,88,38,34,0,2,12,115
77,9,32,145,28,15,5,12,115
77,9,32,145,28,11,5,12,115
77,9,88,38,53,45,189,12,115
77,9,88,38,43,37,7,20,115
77,9,88,38,34,0,7,20,115
77,9,32,145,28,404,72,20,115
77,9,32,145,28,11,19,20,115
77,9,88,38,297,173,458,12,115
77,9,88,38,53,45,19,20,115
77,9,32,145,28,11,241,12,115
77,9,88,38,68,37,497,20,115
77,9,88,38,297,173,202,20,115
77,9,88,38,53,45,470,20,115
77,9,88,38,121,33,7,20,115
77,9,88,38,68,37,7,20,115
77,9,88,38,135,122,21,20,115
77,228,8,3,0,5,19,20,115
77,35,1,0,2,10,334,12,115
77,9,292,345,37,79,464,20,115
77,35,1,0,2,62,7,20,115
77,9,292,345,37,200,7,20,115
77,35,1,0,2,233,234,20,115
77,9,1,5,0,94,74,20,115
77,9,1,5,0,260,492,12,115
77,9,1,5,0,438,21,20,115
77,9,1,5,0,24,73,12,115
77,35,33,60,5,11,139,12,115
77,9,1,5,0,24,245,12,115
77,35,33,60,5,491,310,20,115
77,35,33,60,5,11,19,20,115
77,35,33,60,5,157,310,20,115
77,35,33,60,5,11,241,12,115
77,35,33,60,5,48,7,20,115
77,35,33,60,5,1,7,20,115
77,35,33,60,5,51,269,20,115
77,35,33,60,5,1,78,20,115
77,35,33,60,5,286,30,20,115
77,9,292,345,37,70,249,20,115
77,35,33,60,5,363,74,20,115
77,35,1,7,20,19,5,12,115
77,228,8,1,188,5,19,20,115
77,9,32,11,28,404,72,20,115
77,9,88,450,161,1,78,20,115
77,228,8,1,15,390,19,20,115
77,228,8,1,15,28,90,12,115
77,35,33,60,236,1,5,12,115
77,35,1,188,5,51,269,20,115
77,35,33,60,236,1,7,20,115
77,35,1,188,5,286,30,20,115
77,35,33,60,236,1,21,20,115
77,35,1,188,5,363,74,20,115
77,35,33,60,236,1,78,20,115
77,9,493,48,429,286,30,20,115
77,35,288,96,48,5,19,20,115
77,9,493,48,96,14,2,12,115
77,9,493,48,429,286,5,12,115
77,9,493,48,102,37,497,20,115
77,9,38,53,45,19,284,20,115
77,9,493,48,174,157,5,12,115
77,9,493,48,102,37,7,20,115
77,9,493,48,61,15,5,12,115
77,9,493,48,174,157,310,20,115
77,9,1,469,241,11,5,12,115
77,9,3,25,19,24,73,12,115
77,9,1,469,241,11,19,20,115
77,9,3,25,19,54,30,20,115
77,9,3,25,19,24,58,12,115
77,9,3,25,19,45,470,20,115
77,9,3,25,19,24,245,12,115
77,9,3,25,19,45,189,12,115
77,35,1,3,0,94,74,20,115
77,35,1,3,0,260,492,12,115
77,35,1,3,0,438,21,20,115
77,228,8,148,0,438,21,20,115
77,228,8,148,0,260,315,12,115
77,9,3,25,19,11,5,12,115
77,35,1,3,0,24,73,12,115
77,9,3,25,19,11,241,12,115
77,35,1,3,0,24,245,12,115
77,228,8,148,0,24,245,12,115
77,9,38,121,33,140,21,20,115
77,35,1,5,0,260,315,12,115
77,9,38,121,33,473,5,12,115
77,35,1,5,0,94,74,20,115
77,35,1,5,0,260,492,12,115
77,35,1,5,0,438,21,20,115
77,35,1,5,0,24,58,12,115
77,228,8,1,69,359,139,12,115
77,35,1,5,0,24,73,12,115
77,228,8,1,69,365,310,20,115
77,35,1,5,0,24,245,12,115
77,35,1,5,51,48,7,20,115
77,35,331,244,28,11,139,12,115
77,35,1,5,51,294,19,20,115
77,35,331,244,28,15,5,12,115
77,35,331,244,28,11,5,12,115
77,35,331,244,28,404,72,20,115
77,35,331,244,28,11,19,20,115
77,9,482,155,41,28,39,12,115
77,35,331,244,28,11,241,12,115
77,35,1,134,73,24,58,12,115
77,9,38,68,37,79,464,20,115
77,35,1,134,73,84,21,20,115
77,35,1,134,73,24,19,20,115
77,9,38,68,37,200,7,20,115
77,35,1,134,73,24,245,12,115
77,35,33,7,1,469,241,12,115
77,9,38,68,37,70,249,20,115
77,35,33,7,1,15,5,12,115
77,9,493,48,51,294,19,20,115
77,35,33,7,1,220,425,12,115
77,9,270,5,161,1,78,20,115
77,35,33,7,1,69,19,20,115
77,9,1,7,20,19,5,12,115
77,35,33,7,1,111,90,12,115
77,9,493,48,51,5,19,20,115
77,35,33,7,1,127,5,12,115
77,9,38,34,17,313,19,20,115
77,35,33,7,1,134,73,12,115
77,9,38,34,152,1,5,12,115
77,9,38,34,17,0,2,12,115
77,35,33,7,1,157,5,12,115
77,9,38,34,152,1,7,20,115
77,9,38,34,17,76,19,20,115
77,9,38,34,17,0,5,12,115
77,35,33,7,1,161,5,12,115
77,35,33,7,1,157,310,20,115
77,9,38,34,152,1,21,20,115
77,9,38,34,17,0,7,20,115
77,35,33,7,1,188,5,12,115
77,9,38,34,152,1,78,20,115
77,228,8,83,220,1,21,20,115
77,9,38,53,45,92,78,20,115
77,228,8,83,220,1,5,12,115
77,9,38,53,45,132,30,20,115
77,228,8,83,220,1,7,20,115
77,9,38,53,45,146,30,20,115
77,228,8,83,220,1,78,20,115
77,9,38,53,45,166,208,12,115
77,9,38,53,45,11,5,12,115
77,9,38,53,45,192,72,20,115
77,9,38,53,45,11,19,20,115
77,9,38,53,45,379,2,12,115
77,9,38,53,45,11,241,12,115
77,9,1,7,0,94,74,20,115
77,9,38,34,0,5,19,20,115
77,9,1,7,0,438,21,20,115
77,9,1,7,0,260,492,12,115
77,9,1,7,0,24,73,12,115
77,9,1,35,166,45,189,12,115
77,9,1,7,0,24,245,12,115
77,9,38,297,173,114,7,20,115
77,9,1,161,5,11,139,12,115
77,9,38,88,450,161,5,12,115
77,9,1,161,5,491,310,20,115
77,9,1,161,5,11,19,20,115
77,9,38,401,23,36,30,20,115
77,9,1,161,5,157,310,20,115
77,9,1,161,5,11,241,12,115
77,9,38,141,46,52,21,20,115
77,9,38,401,23,0,2,12,115
77,9,1,161,5,48,7,20,115
77,9,38,165,46,28,39,12,115
77,9,38,141,46,28,90,12,115
77,9,38,401,23,13,5,12,115
77,9,38,401,23,0,5,12,115
77,9,1,161,5,51,269,20,115
77,9,38,197,412,0,2,12,115
77,9,38,165,46,33,7,20,115
77,9,38,165,46,28,90,12,115
77,9,38,141,46,33,7,20,115
77,9,38,141,46,28,39,12,115
77,9,38,401,23,33,7,20,115
77,9,38,401,23,0,7,20,115
77,9,1,161,5,286,30,20,115
77,9,38,216,182,26,21,20,115
77,9,38,197,32,11,139,12,115
77,9,38,197,412,0,5,12,115
77,9,38,165,46,52,21,20,115
77,9,38,141,46,86,5,12,115
77,9,38,401,23,44,204,20,115
77,9,1,161,5,363,74,20,115
77,9,38,197,336,254,58,12,115
77,9,38,197,32,11,5,12,115
77,9,38,197,412,0,7,20,115
77,9,38,165,46,86,5,12,115
77,9,38,141,46,433,5,12,115
77,9,38,401,23,206,202,20,115
77,9,38,197,32,11,19,20,115
77,9,38,165,46,433,5,12,115
77,9,38,401,23,265,7,20,115
77,9,38,197,32,11,241,12,115
77,9,1,161,5,0,7,20,115
77,9,282,132,172,51,269,20,115
77,35,1,157,310,491,5,12,115
77,9,282,132,423,233,2,12,115
77,9,282,132,172,51,5,12,115
77,9,282,132,423,233,234,20,115
77,9,38,281,3,0,2,12,115
77,228,8,3,1,111,90,12,115
77,9,38,281,3,11,139,12,115
77,9,38,281,3,0,5,12,115
77,228,8,3,1,127,5,12,115
77,9,38,281,3,13,5,12,115
77,9,38,281,3,11,5,12,115
77,9,38,281,3,0,7,20,115
77,228,8,3,1,134,73,12,115
77,9,38,281,3,14,2,12,115
77,9,38,281,3,11,19,20,115
77,228,8,3,1,157,310,20,115
77,9,38,281,3,25,19,20,115
77,9,38,281,3,11,241,12,115
77,228,8,3,1,161,5,12,115
77,228,8,3,1,157,5,12,115
77,9,38,281,3,47,154,12,115
77,228,8,3,1,188,5,12,115
77,9,38,281,3,1,5,12,115
77,228,8,3,1,220,425,12,115
77,9,38,281,3,1,7,20,115
77,228,8,3,1,296,95,20,115
77,9,38,281,3,1,78,20,115
77,228,8,3,1,469,241,12,115
77,9,3,14,2,0,5,12,115
77,35,110,46,33,60,5,12,115
77,9,3,14,2,62,7,20,115
77,9,3,14,2,0,7,20,115
77,35,110,46,33,140,21,20,115
77,9,3,14,2,233,234,20,115
77,35,110,46,33,473,5,12,115
77,9,316,0,5,363,74,20,115
77,35,120,10,16,47,154,12,115
77,9,316,0,5,1,7,20,115
77,35,120,10,16,31,74,20,115
77,9,316,0,5,11,19,20,115
77,9,316,0,5,1,21,20,115
77,9,316,0,5,157,310,20,115
77,9,316,0,5,11,139,12,115
77,9,316,0,5,1,78,20,115
77,9,316,0,5,48,7,20,115
77,9,316,0,5,11,241,12,115
77,9,316,0,5,51,269,20,115
77,9,38,135,122,48,7,20,115
77,9,316,0,5,286,30,20,115
77,35,110,46,263,94,74,20,115
77,35,110,46,33,7,107,12,115
77,35,110,46,381,48,5,12,115
77,35,110,46,28,11,139,12,115
77,35,110,46,381,48,7,20,115
77,35,110,46,28,15,5,12,115
77,35,110,46,28,11,5,12,115
77,35,110,46,28,404,72,20,115
77,35,110,46,28,11,19,20,115
77,35,166,45,179,268,5,12,115
77,35,110,46,28,11,241,12,115
77,35,166,45,212,24,19,20,115
77,9,1,157,5,11,139,12,115
77,35,166,45,251,24,19,20,115
77,35,166,45,212,24,58,12,115
77,9,1,157,5,491,310,20,115
77,9,1,157,5,11,19,20,115
77,35,166,45,343,335,334,12,115
77,35,166,45,251,24,58,12,115
77,35,166,45,212,24,73,12,115
77,9,1,157,5,48,7,20,115
77,9,1,157,5,11,241,12,115
77,35,166,45,109,219,21,20,115
77,35,166,45,251,24,73,12,115
77,35,166,45,212,24,245,12,115
77,9,1,157,5,51,269,20,115
77,35,166,45,396,25,19,20,115
77,35,166,45,109,238,7,20,115
77,35,166,45,251,24,245,12,115
77,9,1,157,5,286,30,20,115
77,35,166,45,85,52,21,20,115
77,9,1,157,5,363,74,20,115
77,35,166,45,355,161,5,12,115
77,9,1,157,5,0,7,20,115
77,35,166,45,360,37,497,20,115
77,35,1,487,37,200,7,20,115
77,35,166,45,164,1,5,12,115
77,35,166,45,360,37,7,20,115
77,35,166,45,164,1,7,20,115
77,35,33,46,86,5,19,20,115
77,35,166,45,164,1,21,20,115
77,9,3,6,37,79,464,20,115
77,35,166,45,164,1,78,20,115
77,9,3,6,37,200,7,20,115
77,35,110,46,130,51,5,12,115
77,9,3,11,330,260,315,12,115
77,9,3,11,40,209,95,20,115
77,9,3,11,440,28,90,12,115
77,9,3,11,330,260,492,12,115
77,9,3,11,475,1,21,20,115
77,9,3,11,440,28,39,12,115
77,9,3,11,255,69,19,20,115
77,9,3,11,475,1,5,12,115
77,9,3,6,37,70,249,20,115
77,9,3,11,475,1,7,20,115
77,35,1,161,355,45,19,20,115
77,9,3,11,475,1,78,20,115
77,35,1,161,355,45,189,12,115
77,9,38,43,37,79,464,20,115
77,35,1,161,355,45,470,20,115
77,9,38,43,37,200,7,20,115
77,9,38,43,37,70,249,20,115
77,9,1,8,3,0,7,20,115
77,9,1,475,11,118,21,20,115
77,9,1,8,100,124,30,20,115
77,9,1,8,3,11,5,12,115
77,9,1,8,3,0,2,12,115
77,9,1,8,148,0,2,12,115
77,9,1,8,100,260,315,12,115
77,9,1,8,3,47,154,12,115
77,9,1,8,3,11,19,20,115
77,9,1,8,3,0,5,12,115
77,9,1,8,148,0,5,12,115
77,9,1,8,100,260,492,12,115
77,9,1,8,3,14,2,12,115
77,9,1,8,3,11,139,12,115
77,9,1,8,148,0,7,20,115
77,9,1,8,3,13,5,12,115
77,9,1,8,3,11,241,12,115
77,9,1,8,3,25,19,20,115
77,9,1,475,11,45,19,20,115
77,9,3,1,220,83,5,12,115
77,9,1,475,11,45,189,12,115
77,35,166,45,19,24,73,12,115
77,35,166,45,19,11,5,12,115
77,35,166,45,19,54,30,20,115
77,35,166,45,19,24,58,12,115
77,35,166,45,19,11,241,12,115
77,35,166,45,19,24,245,12,115
77,9,1,22,138,70,95,20,115
77,35,1,78,92,45,470,20,115
77,9,1,22,138,70,249,20,115
77,35,1,78,312,47,154,12,115
77,35,1,78,92,45,19,20,115
77,9,3,11,5,0,2,12,115
77,35,1,78,92,45,189,12,115
77,9,3,11,5,1,21,20,115
77,9,3,11,5,0,7,20,115
77,9,3,11,5,491,310,20,115
77,9,3,11,5,1,7,20,115
77,9,3,11,5,363,74,20,115
77,9,3,11,5,1,78,20,115
77,9,3,11,5,157,310,20,115
77,9,3,11,5,19,284,20,115
77,9,3,11,5,48,7,20,115
77,228,8,100,260,0,2,12,115
77,9,3,11,5,51,269,20,115
77,228,8,100,260,0,5,12,115
77,9,3,11,5,286,30,20,115
77,228,8,100,260,0,7,20,115
77,35,110,248,28,11,139,12,115
77,9,1,100,260,0,5,12,115
77,35,110,248,28,15,5,12,115
77,35,110,248,28,11,5,12,115
77,9,1,100,260,0,7,20,115
77,35,110,248,28,404,72,20,115
77,35,110,248,28,11,19,20,115
77,35,1,22,112,37,7,20,115
77,35,110,248,28,11,241,12,115
77,35,1,22,428,51,5,12,115
77,35,1,22,112,37,497,20,115
77,35,1,22,138,194,30,20,115
77,35,1,22,428,51,269,20,115
77,35,1,22,138,70,95,20,115
77,35,1,22,91,10,334,12,115
77,35,1,22,138,70,249,20,115
77,35,1,5,11,45,189,12,115
77,35,1,5,11,28,39,12,115
77,35,1,5,11,118,21,20,115
77,35,1,5,11,45,19,20,115
77,9,3,1,35,156,30,20,115
77,35,1,5,11,45,470,20,115
77,9,3,1,475,11,19,20,115
77,9,3,1,35,33,7,20,115
77,9,3,1,35,156,375,20,115
77,9,3,1,164,45,470,20,115
77,9,3,1,475,11,5,12,115
77,9,3,1,35,166,208,12,115
77,9,3,1,8,26,21,20,115
77,9,3,1,164,45,19,20,115
77,9,3,1,475,11,139,12,115
77,9,3,1,226,86,5,12,115
77,9,3,1,8,10,334,12,115
77,9,3,1,164,45,189,12,115
77,9,3,1,475,11,241,12,115
77,9,3,1,227,161,5,12,115
77,9,3,1,8,83,5,12,115
77,9,3,1,8,10,2,12,115
77,9,3,1,100,260,315,12,115
77,9,32,11,19,45,189,12,115
77,9,3,1,236,60,5,12,115
77,9,3,1,100,124,30,20,115
77,9,3,1,100,260,492,12,115
77,9,32,11,19,54,30,20,115
77,9,32,11,19,45,470,20,115
77,9,3,1,57,31,74,20,115
77,9,1,21,20,19,5,12,115
77,35,1,157,174,48,5,12,115
77,228,8,83,5,0,2,12,115
77,35,1,157,253,13,5,12,115
77,35,1,157,174,48,7,20,115
77,228,8,83,5,1,21,20,115
77,228,8,83,5,0,7,20,115
77,35,1,157,307,33,7,20,115
77,228,8,83,5,11,139,12,115
77,228,8,83,5,1,7,20,115
77,35,1,157,344,26,21,20,115
77,228,8,83,5,491,310,20,115
77,228,8,83,5,11,19,20,115
77,228,8,83,5,1,78,20,115
77,228,8,83,5,157,310,20,115
77,228,8,83,5,11,241,12,115
77,228,8,83,5,48,7,20,115
77,9,32,11,19,24,73,12,115
77,228,8,83,5,51,269,20,115
77,9,32,11,19,24,245,12,115
77,228,8,83,5,286,30,20,115
77,9,32,11,45,146,30,20,115
77,228,8,83,5,363,74,20,115
77,228,8,93,1,7,107,12,115
77,9,3,4,0,24,73,12,115
77,9,3,4,0,1,5,12,115
77,9,3,4,0,94,74,20,115
77,9,3,4,0,24,19,20,115
77,9,3,4,0,1,7,20,115
77,9,3,4,0,260,492,12,115
77,9,3,4,0,24,58,12,115
77,9,3,4,0,1,78,20,115
77,9,3,4,0,438,21,20,115
77,9,3,4,0,260,315,12,115
77,9,3,4,0,24,245,12,115
77,9,1,78,92,45,189,12,115
77,228,8,83,5,19,284,20,115
77,35,1,127,5,0,2,12,115
77,9,1,3,47,410,30,20,115
77,35,1,127,5,11,139,12,115
77,35,1,127,5,0,7,20,115
77,35,1,127,5,491,310,20,115
77,35,1,127,5,11,19,20,115
77,35,1,127,5,157,310,20,115
77,35,1,127,5,11,241,12,115
77,35,1,127,5,48,7,20,115
77,9,3,392,1,111,90,12,115
77,35,1,127,5,51,269,20,115
77,9,3,392,1,127,5,12,115
77,35,1,127,5,286,30,20,115
77,9,3,392,1,134,73,12,115
77,35,1,127,5,363,74,20,115
77,9,3,392,1,157,310,20,115
77,35,1,127,5,19,284,20,115
77,9,3,392,1,161,5,12,115
77,9,3,392,1,157,5,12,115
77,9,3,392,1,188,5,12,115
77,35,33,473,5,11,139,12,115
77,9,3,392,1,220,425,12,115
77,35,33,473,5,491,310,20,115
77,35,33,473,5,11,19,20,115
77,9,3,392,1,296,95,20,115
77,35,33,473,5,363,74,20,115
77,35,33,473,5,11,241,12,115
77,9,3,392,1,469,241,12,115
77,35,33,473,5,157,310,20,115
77,9,38,34,0,24,73,12,115
77,35,33,473,5,48,7,20,115
77,9,38,34,0,94,74,20,115
77,9,38,34,0,24,19,20,115
77,35,33,473,5,51,269,20,115
77,9,38,34,0,260,492,12,115
77,9,38,34,0,24,58,12,115
77,35,33,473,5,286,30,20,115
77,9,38,34,0,438,21,20,115
77,9,38,34,0,260,315,12,115
77,9,38,34,0,24,245,12,115
77,35,33,473,5,1,7,20,115
77,9,32,178,23,13,5,12,115
77,35,33,473,5,1,78,20,115
77,9,32,197,412,0,2,12,115
77,9,32,178,23,0,2,12,115
77,9,32,367,59,28,39,12,115
77,9,32,197,38,430,30,20,115
77,9,32,197,412,0,5,12,115
77,9,32,178,23,33,7,20,115
77,9,32,178,23,0,5,12,115
77,9,32,376,172,51,5,12,115
77,9,32,367,59,28,90,12,115
77,9,32,197,336,254,58,12,115
77,9,32,197,412,0,7,20,115
77,9,32,178,23,36,30,20,115
77,9,32,178,23,0,7,20,115
77,9,32,376,402,45,19,20,115
77,9,32,376,172,132,30,20,115
77,9,32,376,172,51,269,20,115
77,9,32,178,23,44,204,20,115
77,9,32,376,402,45,189,12,115
77,9,32,178,23,206,202,20,115
77,9,32,376,402,45,470,20,115
77,9,32,178,23,265,7,20,115
77,35,415,70,138,22,7,20,115
77,9,38,34,0,1,5,12,115
77,35,415,70,138,194,30,20,115
77,9,38,34,0,1,7,20,115
77,35,1,21,20,72,185,12,115
77,9,38,34,0,1,78,20,115
77,35,1,21,20,19,5,12,115
77,9,1,188,5,11,139,12,115
77,35,1,5,12,185,72,20,115
77,9,1,188,5,491,310,20,115
77,9,1,188,5,11,19,20,115
77,9,1,188,5,157,310,20,115
77,9,1,188,5,11,241,12,115
77,9,1,188,5,48,7,20,115
77,9,1,188,5,0,7,20,115
77,9,1,188,5,51,269,20,115
77,35,166,45,11,19,284,20,115
77,9,1,188,5,286,30,20,115
77,35,33,46,28,11,241,12,115
77,9,1,188,5,363,74,20,115
77,9,316,403,232,69,19,20,115
77,228,8,243,128,31,74,20,115
77,9,3,287,1,22,7,20,115
77,9,3,287,1,0,7,20,115
77,9,3,287,1,44,204,20,115
77,9,3,1,5,11,139,12,115
77,9,3,287,1,69,19,20,115
77,9,3,1,5,491,310,20,115
77,9,3,1,5,11,19,20,115
77,9,3,287,1,111,90,12,115
77,9,3,1,5,363,74,20,115
77,9,3,1,5,11,241,12,115
77,9,3,287,1,127,5,12,115
77,9,3,1,5,157,310,20,115
77,9,3,287,1,134,73,12,115
77,9,3,1,5,48,7,20,115
77,9,3,287,1,157,310,20,115
77,9,3,1,5,51,269,20,115
77,9,3,287,1,161,5,12,115
77,9,3,287,1,157,5,12,115
77,9,3,1,5,286,30,20,115
77,9,3,287,1,188,5,12,115
77,9,3,1,5,0,7,20,115
77,9,3,287,1,220,425,12,115
77,9,32,247,48,51,269,20,115
77,9,3,287,1,296,95,20,115
77,9,32,247,48,122,21,20,115
77,9,32,247,48,51,5,12,115
77,9,3,287,1,469,241,12,115
77,9,292,46,33,140,21,20,115
77,9,1,78,20,19,5,12,115
77,9,292,46,33,473,5,12,115
77,228,8,1,0,94,74,20,115
77,228,8,1,0,260,492,12,115
77,228,8,1,0,438,21,20,115
77,228,8,3,25,19,284,20,115
77,228,8,1,7,0,2,12,115
77,9,32,247,48,7,107,12,115
77,228,8,1,7,37,497,20,115
77,228,8,1,7,0,5,12,115
77,228,8,1,7,48,5,12,115
77,35,166,45,11,118,21,20,115
77,228,8,1,7,62,2,12,115
77,35,166,45,11,28,39,12,115
77,9,1,164,45,132,30,20,115
77,9,1,164,45,11,19,20,115
77,9,1,164,45,146,30,20,115
77,9,1,164,45,11,241,12,115
77,9,1,164,45,166,208,12,115
77,228,8,1,0,24,73,12,115
77,9,1,164,45,192,72,20,115
77,228,8,1,0,24,245,12,115
77,9,1,164,45,379,2,12,115
77,35,33,385,111,1,5,12,115
77,9,3,11,45,192,72,20,115
77,35,33,385,111,1,7,20,115
77,9,3,11,45,379,2,12,115
77,35,33,385,111,1,78,20,115
77,9,3,11,45,132,30,20,115
77,35,33,131,441,1,7,20,115
77,9,3,11,45,146,30,20,115
77,35,33,153,40,209,95,20,115
77,35,33,131,384,192,72,20,115
77,35,33,131,441,1,5,12,115
77,35,33,176,180,134,73,12,115
77,35,33,153,40,11,139,12,115
77,35,33,131,104,16,30,20,115
77,35,33,131,441,1,21,20,115
77,35,33,170,46,86,5,12,115
77,35,33,176,9,1,78,20,115
77,35,33,153,40,279,73,12,115
77,35,33,153,40,11,5,12,115
77,35,33,131,195,60,5,12,115
77,35,33,131,441,1,78,20,115
77,35,33,190,158,15,5,12,115
77,35,33,170,46,28,90,12,115
77,35,33,176,9,270,5,12,115
77,35,33,176,9,1,5,12,115
77,35,33,153,40,11,19,20,115
77,35,33,190,431,1,5,12,115
77,35,33,170,46,52,21,20,115
77,35,33,170,46,28,39,12,115
77,35,33,176,9,1,7,20,115
77,35,33,153,40,11,241,12,115
77,35,33,190,431,1,7,20,115
77,35,33,170,46,433,5,12,115
77,35,33,176,9,1,21,20,115
77,35,33,190,431,1,21,20,115
77,9,1,0,6,37,497,20,115
77,35,33,190,431,1,78,20,115
77,9,1,0,17,76,19,20,115
77,9,1,0,6,222,95,20,115
77,9,1,0,6,37,7,20,115
77,9,1,0,23,36,30,20,115
77,9,1,0,17,313,19,20,115
77,9,1,0,6,18,5,12,115
77,9,1,0,143,124,30,20,115
77,9,1,0,23,13,5,12,115
77,9,1,0,6,173,458,12,115
77,9,1,0,160,51,5,12,115
77,9,1,0,23,206,202,20,115
77,9,1,0,6,229,30,20,115
77,9,1,0,6,173,202,20,115
77,9,1,0,50,44,204,20,115
77,9,1,0,160,51,269,20,115
77,9,1,0,23,33,7,20,115
77,9,1,0,3,11,5,12,115
77,9,1,0,56,44,204,20,115
77,9,1,0,50,235,7,20,115
77,9,1,0,23,44,204,20,115
77,9,1,0,3,25,19,20,115
77,9,1,0,3,11,19,20,115
77,9,1,0,23,265,7,20,115
77,9,1,0,3,13,5,12,115
77,9,1,0,3,11,139,12,115
77,9,316,0,2,10,334,12,115
77,9,1,0,3,14,2,12,115
77,9,1,0,3,11,241,12,115
77,9,316,0,2,62,7,20,115
77,228,8,3,1,5,19,20,115
77,9,1,3,11,45,189,12,115
77,9,316,0,2,233,234,20,115
77,228,8,317,1,111,90,12,115
77,9,1,15,16,10,2,12,115
77,9,1,0,5,11,139,12,115
77,228,8,317,1,127,5,12,115
77,9,1,15,16,31,72,20,115
77,9,1,15,16,10,334,12,115
77,9,1,0,5,491,310,20,115
77,9,1,0,5,11,19,20,115
77,228,8,317,1,134,73,12,115
77,9,1,15,16,47,154,12,115
77,9,1,15,16,31,74,20,115
77,9,1,0,5,363,74,20,115
77,9,1,0,5,11,241,12,115
77,228,8,317,1,157,310,20,115
77,9,1,0,5,157,310,20,115
77,35,1,3,250,347,7,20,115
77,228,8,317,1,161,5,12,115
77,228,8,317,1,157,5,12,115
77,9,1,0,5,48,7,20,115
77,35,1,3,8,10,2,12,115
77,228,8,317,1,188,5,12,115
77,9,1,0,5,51,269,20,115
77,35,1,3,9,270,5,12,115
77,35,1,3,8,26,21,20,115
77,35,1,3,8,10,334,12,115
77,228,8,317,1,220,425,12,115
77,9,1,0,5,286,30,20,115
77,35,1,3,290,60,5,12,115
77,35,1,3,8,83,5,12,115
77,228,8,317,1,296,95,20,115
77,35,1,3,327,22,7,20,115
77,35,1,3,498,28,90,12,115
77,228,8,317,1,469,241,12,115
77,35,1,3,75,31,72,20,115
77,9,1,3,25,19,284,20,115
77,9,1,7,427,126,5,12,115
77,35,1,3,59,28,39,12,115
77,35,1,3,75,31,74,20,115
77,9,1,7,200,37,497,20,115
77,35,1,3,98,28,39,12,115
77,35,1,3,59,28,90,12,115
77,9,1,7,114,69,19,20,115
77,35,1,3,416,157,310,20,115
77,35,1,3,98,28,90,12,115
77,9,1,7,256,222,95,20,115
77,9,1,7,114,173,202,20,115
77,35,1,3,4,0,2,12,115
77,35,1,3,416,157,5,12,115
77,9,1,7,114,173,458,12,115
77,35,1,3,4,0,5,12,115
77,9,1,7,272,309,5,12,115
77,9,1,0,5,19,284,20,115
77,35,1,3,4,0,7,20,115
77,9,1,7,272,24,58,12,115
77,9,1,5,11,45,189,12,115
77,9,1,7,33,473,5,12,115
77,9,1,7,272,24,73,12,115
77,9,1,5,11,118,21,20,115
77,9,1,5,11,45,19,20,115
77,9,1,7,272,24,245,12,115
77,228,8,1,5,0,2,12,115
77,9,1,5,11,45,470,20,115
77,9,1,15,5,0,2,12,115
77,228,8,1,5,11,139,12,115
77,228,8,1,5,0,7,20,115
77,9,1,15,5,491,310,20,115
77,9,1,15,5,0,7,20,115
77,228,8,1,5,491,310,20,115
77,228,8,1,5,11,19,20,115
77,9,1,15,5,363,74,20,115
77,228,8,1,5,363,74,20,115
77,228,8,1,5,11,241,12,115
77,9,1,15,5,11,19,20,115
77,228,8,1,5,157,310,20,115
77,9,1,15,5,19,284,20,115
77,9,1,15,5,48,7,20,115
77,9,1,15,5,11,139,12,115
77,228,8,1,5,48,7,20,115
77,9,1,15,5,51,269,20,115
77,9,1,15,5,11,241,12,115
77,228,8,1,5,51,269,20,115
77,9,1,15,5,157,310,20,115
77,9,1,5,11,28,39,12,115
77,228,8,1,5,286,30,20,115
77,9,1,15,5,286,30,20,115
77,35,1,3,6,18,5,12,115
77,35,1,3,6,0,5,12,115
77,35,33,307,157,1,5,12,115
77,35,1,3,6,173,202,20,115
77,35,1,3,6,0,7,20,115
77,35,33,307,157,1,7,20,115
77,35,1,3,6,222,95,20,115
77,35,1,3,6,173,458,12,115
77,35,33,307,157,1,78,20,115
77,35,1,3,6,229,30,20,115
77,35,33,7,427,126,5,12,115
77,35,33,7,22,1,5,12,115
77,9,32,382,1,0,2,12,115
77,35,33,7,114,173,202,20,115
77,35,33,7,22,1,78,20,115
77,9,32,382,1,15,5,12,115
77,9,32,382,1,0,5,12,115
77,35,33,7,200,37,497,20,115
77,35,33,7,114,69,19,20,115
77,35,33,7,114,173,458,12,115
77,9,32,382,1,22,7,20,115
77,9,32,382,1,0,7,20,115
77,35,1,7,48,122,21,20,115
77,9,32,382,1,44,204,20,115
77,35,33,7,272,24,19,20,115
77,35,1,7,48,51,269,20,115
77,9,32,382,1,69,19,20,115
77,35,33,7,272,24,58,12,115
77,9,1,0,24,19,284,20,115
77,9,32,382,1,111,90,12,115
77,35,33,7,272,24,245,12,115
77,9,3,13,5,1,21,20,115
77,9,32,382,1,127,5,12,115
77,228,8,1,5,19,284,20,115
77,9,3,13,5,11,139,12,115
77,9,3,13,5,1,7,20,115
77,9,32,382,1,134,73,12,115
77,9,3,13,5,491,310,20,115
77,9,3,13,5,11,19,20,115
77,9,3,13,5,1,78,20,115
77,9,32,382,1,157,310,20,115
77,9,3,13,5,48,7,20,115
77,9,3,13,5,11,241,12,115
77,9,32,382,1,161,5,12,115
77,9,32,382,1,157,5,12,115
77,9,3,13,5,51,269,20,115
77,9,32,382,1,188,5,12,115
77,228,8,3,0,1,21,20,115
77,9,3,13,5,157,310,20,115
77,9,32,382,1,220,425,12,115
77,228,8,3,0,24,73,12,115
77,228,8,3,0,1,5,12,115
77,9,3,13,5,286,30,20,115
77,9,32,382,1,296,95,20,115
77,228,8,3,0,94,74,20,115
77,228,8,3,0,24,19,20,115
77,228,8,3,0,1,7,20,115
77,9,3,13,5,363,74,20,115
77,9,32,382,1,469,241,12,115
77,228,8,3,0,260,492,12,115
77,228,8,3,0,24,58,12,115
77,228,8,3,0,1,78,20,115
77,228,8,3,0,438,21,20,115
77,228,8,3,0,260,315,12,115
77,228,8,3,0,24,245,12,115
77,35,33,23,13,31,74,20,115
77,9,3,13,5,0,7,20,115
77,228,8,3,0,7,107,12,115
77,35,1,3,47,410,30,20,115
77,35,1,0,5,363,74,20,115
77,35,1,5,19,24,58,12,115
77,9,270,5,12,185,72,20,115
77,35,1,0,5,157,310,20,115
77,35,1,5,19,45,189,12,115
77,35,1,5,19,24,73,12,115
77,35,1,0,5,48,7,20,115
77,35,1,5,19,54,30,20,115
77,35,1,5,19,45,470,20,115
77,35,1,5,19,24,245,12,115
77,35,1,0,5,51,269,20,115
77,35,1,5,19,11,139,12,115
77,35,1,3,11,118,21,20,115
77,35,1,0,5,286,30,20,115
77,35,1,5,19,11,241,12,115
77,35,1,3,11,45,19,20,115
77,35,1,0,5,11,241,12,115
77,228,8,1,220,83,5,12,115
77,35,1,3,11,45,189,12,115
77,9,3,0,50,44,204,20,115
77,9,3,0,160,51,269,20,115
77,9,3,14,96,48,5,12,115
77,9,3,0,56,44,204,20,115
77,9,3,0,50,235,7,20,115
77,9,3,14,96,48,7,20,115
77,9,3,0,143,124,30,20,115
77,35,1,69,19,11,139,12,115
77,35,340,391,8,1,21,20,115
77,35,340,103,17,313,19,20,115
77,35,1,69,19,24,73,12,115
77,35,1,69,19,11,5,12,115
77,35,340,391,397,16,30,20,115
77,35,340,391,8,10,2,12,115
77,35,340,391,8,1,5,12,115
77,35,340,103,278,13,5,12,115
77,35,340,103,17,0,2,12,115
77,35,1,69,19,45,189,12,115
77,35,1,69,19,24,58,12,115
77,35,1,69,19,11,241,12,115
77,35,340,391,8,26,21,20,115
77,35,340,391,8,10,334,12,115
77,35,340,391,8,1,7,20,115
77,35,340,103,17,76,19,20,115
77,35,340,103,17,0,5,12,115
77,35,1,69,19,54,30,20,115
77,35,1,69,19,45,470,20,115
77,35,1,69,19,24,245,12,115
77,35,340,391,8,83,5,12,115
77,35,340,391,8,1,78,20,115
77,35,340,103,17,0,7,20,115
77,9,3,0,23,206,202,20,115
77,35,33,23,0,24,73,12,115
77,9,270,5,0,1,21,20,115
77,9,3,0,23,33,7,20,115
77,35,33,23,0,94,74,20,115
77,35,33,23,0,24,19,20,115
77,9,270,5,0,94,74,20,115
77,9,270,5,0,1,7,20,115
77,9,3,0,23,44,204,20,115
77,35,33,23,0,260,492,12,115
77,35,33,23,0,24,58,12,115
77,9,270,5,0,438,21,20,115
77,9,270,5,0,1,78,20,115
77,9,3,0,23,265,7,20,115
77,35,33,23,0,438,21,20,115
77,35,33,23,0,260,315,12,115
77,35,33,23,0,24,245,12,115
77,9,270,5,0,260,492,12,115
77,35,33,23,0,1,5,12,115
77,9,270,5,0,24,73,12,115
77,35,120,10,2,0,5,12,115
77,35,33,23,0,1,7,20,115
77,9,270,5,0,24,245,12,115
77,35,120,10,2,62,7,20,115
77,35,120,10,2,0,7,20,115
77,35,33,23,0,1,78,20,115
77,35,120,10,2,233,234,20,115
77,9,3,14,371,5,19,20,115
77,35,33,23,44,1,5,12,115
77,35,1,44,23,265,7,20,115
77,35,1,44,50,0,2,12,115
77,35,33,23,44,1,7,20,115
77,35,1,44,56,0,2,12,115
77,35,1,44,23,0,2,12,115
77,35,1,44,50,0,5,12,115
77,35,33,23,44,1,78,20,115
77,35,1,44,366,51,5,12,115
77,35,1,44,56,0,5,12,115
77,35,1,44,23,13,5,12,115
77,35,1,44,23,0,5,12,115
77,35,1,44,50,0,7,20,115
77,35,1,44,162,76,19,20,115
77,35,1,44,366,51,269,20,115
77,35,1,44,56,0,7,20,115
77,35,1,44,23,33,7,20,115
77,35,1,44,23,0,7,20,115
77,35,1,44,298,24,19,20,115
77,35,1,44,23,36,30,20,115
77,35,340,103,62,7,107,12,115
77,35,1,44,325,322,2,12,115
77,35,1,44,298,24,58,12,115
77,35,1,44,23,206,202,20,115
77,9,292,46,28,15,5,12,115
77,35,1,44,298,24,73,12,115
77,9,3,1,15,390,19,20,115
77,9,292,46,28,404,72,20,115
77,35,1,44,298,24,245,12,115
77,9,3,1,15,28,90,12,115
77,35,1,296,95,70,249,20,115
77,35,1,21,118,11,19,20,115
77,9,292,46,28,11,5,12,115
77,9,3,281,38,430,30,20,115
77,35,1,21,438,0,7,20,115
77,35,1,21,118,11,5,12,115
77,9,292,46,28,11,19,20,115
77,35,1,21,26,29,2,12,115
77,35,1,21,438,0,2,12,115
77,35,1,21,118,11,139,12,115
77,9,292,46,28,11,241,12,115
77,35,1,21,89,10,2,12,115
77,35,1,21,26,70,95,20,115
77,35,1,21,438,0,5,12,115
77,35,1,21,118,11,241,12,115
77,35,1,21,219,454,310,20,115
77,35,1,21,89,10,334,12,115
77,35,1,21,26,70,249,20,115
77,35,1,21,122,48,5,12,115
77,9,3,133,217,22,7,20,115
77,9,3,11,19,45,189,12,115
77,35,1,21,140,33,7,20,115
77,35,1,21,122,48,7,20,115
77,9,3,11,19,54,30,20,115
77,9,3,11,19,45,470,20,115
77,9,3,133,8,1,21,20,115
77,9,3,11,19,24,73,12,115
77,35,237,488,30,156,375,20,115
77,9,3,133,8,10,2,12,115
77,9,3,133,8,1,5,12,115
77,9,3,11,19,24,245,12,115
77,35,237,488,30,54,19,20,115
77,9,3,133,8,83,5,12,115
77,9,3,133,8,10,334,12,115
77,9,3,133,8,1,7,20,115
77,35,237,488,30,286,5,12,115
77,35,288,96,109,238,7,20,115
77,9,3,133,8,1,78,20,115
77,35,33,23,175,0,7,20,115
77,35,288,96,109,45,470,20,115
77,9,3,346,248,28,39,12,115
77,35,33,23,337,48,5,12,115
77,35,33,23,175,0,2,12,115
77,35,288,96,109,219,21,20,115
77,35,288,96,109,45,19,20,115
77,35,33,23,383,436,5,12,115
77,35,33,23,337,48,7,20,115
77,35,33,23,175,0,5,12,115
77,35,288,96,109,45,189,12,115
77,35,33,23,41,28,39,12,115
77,9,176,33,7,37,497,20,115
77,35,33,23,40,11,139,12,115
77,35,33,23,424,390,19,20,115
77,35,33,23,41,28,90,12,115
77,9,176,33,7,62,2,12,115
77,35,33,23,40,209,95,20,115
77,35,33,23,40,11,5,12,115
77,35,33,23,419,84,21,20,115
77,35,33,23,424,459,7,20,115
77,9,176,33,7,48,5,12,115
77,35,33,23,40,11,19,20,115
77,35,33,23,232,69,19,20,115
77,35,33,23,419,84,73,12,115
77,35,33,23,40,11,241,12,115
77,35,33,23,104,16,30,20,115
77,9,176,33,7,1,5,12,115
77,9,3,47,71,233,2,12,115
77,35,33,23,144,28,39,12,115
77,9,176,33,7,1,78,20,115
77,9,3,47,125,26,21,20,115
77,9,3,47,71,233,234,20,115
77,35,33,23,144,28,90,12,115
77,9,3,47,123,13,5,12,115
77,9,3,47,125,142,30,20,115
77,9,3,47,55,26,21,20,115
77,35,288,96,14,371,5,12,115
77,228,8,10,16,31,72,20,115
77,9,316,0,7,1,78,20,115
77,9,38,430,30,54,19,20,115
77,228,8,10,16,47,154,12,115
77,228,8,10,16,31,74,20,115
77,9,316,0,7,37,497,20,115
77,9,316,0,7,1,5,12,115
77,9,38,430,30,286,5,12,115
77,9,316,0,7,48,5,12,115
77,9,316,0,7,1,21,20,115
77,9,316,0,1,44,204,20,115
77,35,1,469,241,11,139,12,115
77,35,288,96,48,51,269,20,115
77,9,316,0,1,220,425,12,115
77,35,1,469,241,11,5,12,115
77,35,288,96,48,122,21,20,115
77,35,288,96,48,51,5,12,115
77,9,316,0,1,15,5,12,115
77,35,1,469,241,11,19,20,115
77,9,282,132,45,92,78,20,115
77,9,316,0,1,22,7,20,115
77,228,8,10,91,22,7,20,115
77,9,282,132,45,146,30,20,115
77,9,316,0,1,69,19,20,115
77,228,8,10,356,28,90,12,115
77,9,282,132,45,166,208,12,115
77,9,316,0,1,111,90,12,115
77,9,282,132,30,54,19,20,115
77,9,282,132,45,192,72,20,115
77,9,316,0,1,127,5,12,115
77,9,282,132,30,286,5,12,115
77,9,282,132,45,379,2,12,115
77,9,316,0,1,134,73,12,115
77,35,288,96,48,7,107,12,115
77,9,282,132,45,11,5,12,115
77,9,316,0,1,157,5,12,115
77,35,1,57,31,128,30,20,115
77,9,282,132,45,11,19,20,115
77,9,316,0,1,161,5,12,115
77,9,316,0,1,157,310,20,115
77,9,282,132,45,11,241,12,115
77,9,316,0,1,188,5,12,115
77,9,3,0,1,5,19,20,115
77,35,1,5,13,31,72,20,115
77,9,316,0,1,469,241,12,115
77,9,3,13,253,157,5,12,115
77,35,1,5,15,28,39,12,115
77,35,1,5,13,31,74,20,115
77,9,3,13,67,28,39,12,115
77,9,3,13,253,157,310,20,115
77,35,1,5,473,33,7,20,115
77,35,1,5,15,16,30,20,115
77,35,1,5,15,28,90,12,115
77,9,3,13,123,47,154,12,115
77,9,3,13,67,82,201,20,115
77,9,3,13,67,28,90,12,115
77,35,1,5,126,427,7,20,115
77,35,1,5,15,390,19,20,115
77,9,3,13,168,45,189,12,115
77,35,1,5,309,272,7,20,115
77,9,3,13,23,44,204,20,115
77,9,3,13,320,26,21,20,115
77,9,3,13,168,45,19,20,115
77,35,1,5,362,496,334,12,115
77,9,3,13,23,36,30,20,115
77,9,3,13,224,114,7,20,115
77,9,3,13,168,45,470,20,115
77,35,1,5,371,14,2,12,115
77,9,3,13,23,206,202,20,115
77,9,3,13,23,0,5,12,115
77,35,1,5,60,33,7,20,115
77,9,3,13,23,33,7,20,115
77,9,3,13,23,0,7,20,115
77,9,270,5,1,0,2,12,115
77,35,1,5,83,220,425,12,115
77,9,3,13,23,265,7,20,115
77,9,176,180,134,1,21,20,115
77,9,270,5,1,44,204,20,115
77,9,270,5,1,0,7,20,115
77,9,1,0,7,37,497,20,115
77,9,176,180,134,1,5,12,115
77,9,270,5,1,69,19,20,115
77,9,38,43,214,126,5,12,115
77,9,1,0,7,48,5,12,115
77,9,176,180,134,1,7,20,115
77,9,270,5,1,469,241,12,115
77,35,33,46,80,31,72,20,115
77,9,1,0,7,62,2,12,115
77,9,176,180,134,1,78,20,115
77,9,270,5,1,111,90,12,115
77,35,33,46,130,51,5,12,115
77,35,33,46,80,31,74,20,115
77,9,3,0,6,229,30,20,115
77,9,270,5,1,134,73,12,115
77,35,33,46,263,94,74,20,115
77,35,33,46,130,478,7,20,115
77,35,33,46,130,51,269,20,115
77,9,270,5,1,22,7,20,115
77,35,33,46,381,48,5,12,115
77,9,3,0,6,173,202,20,115
77,35,1,9,3,0,2,12,115
77,9,270,5,1,157,310,20,115
77,35,33,46,381,48,7,20,115
77,35,33,46,49,11,5,12,115
77,35,1,9,32,11,19,20,115
77,35,1,9,3,11,5,12,115
77,35,1,9,3,0,5,12,115
77,35,33,46,49,11,19,20,115
77,35,1,9,38,430,30,20,115
77,35,1,9,32,11,5,12,115
77,35,1,9,3,13,5,12,115
77,35,1,9,3,11,19,20,115
77,35,1,9,3,0,7,20,115
77,35,33,46,49,11,241,12,115
77,35,1,9,176,33,7,20,115
77,35,1,9,32,11,139,12,115
77,35,1,9,3,47,154,12,115
77,35,1,9,3,11,139,12,115
77,35,1,9,316,0,2,12,115
77,35,1,9,32,11,241,12,115
77,35,1,9,3,14,2,12,115
77,35,1,9,3,11,241,12,115
77,35,1,9,316,0,5,12,115
77,35,1,9,493,48,5,12,115
77,35,1,9,3,25,19,20,115
77,9,1,3,250,347,7,20,115
77,35,1,9,316,0,7,20,115
77,9,1,3,8,26,21,20,115
77,35,1,161,5,491,310,20,115
77,9,1,3,290,60,5,12,115
77,9,1,3,8,10,334,12,115
77,9,1,3,8,83,5,12,115
77,35,1,161,5,157,310,20,115
77,9,1,3,327,22,7,20,115
77,35,1,161,5,11,19,20,115
77,9,1,3,6,173,202,20,115
77,35,1,161,5,48,7,20,115
77,9,1,3,75,31,72,20,115
77,35,1,161,5,11,241,12,115
77,9,1,3,6,222,95,20,115
77,9,1,3,6,173,458,12,115
77,35,1,161,5,51,269,20,115
77,9,1,3,59,28,39,12,115
77,9,1,3,75,31,74,20,115
77,9,1,3,6,229,30,20,115
77,35,1,161,5,286,30,20,115
77,9,1,3,98,28,39,12,115
77,9,1,3,59,28,90,12,115
77,9,1,3,6,0,7,20,115
77,35,1,161,5,363,74,20,115
77,9,1,3,416,157,310,20,115
77,9,1,3,98,28,90,12,115
77,9,3,1,7,0,2,12,115
77,9,1,69,19,24,73,12,115
77,9,1,3,4,0,2,12,115
77,9,1,3,416,157,5,12,115
77,9,3,1,7,37,497,20,115
77,9,3,1,7,0,5,12,115
77,9,1,69,19,45,189,12,115
77,9,1,69,19,24,58,12,115
77,9,1,3,4,0,5,12,115
77,9,3,1,7,48,5,12,115
77,9,1,69,19,54,30,20,115
77,9,1,69,19,45,470,20,115
77,9,1,69,19,24,245,12,115
77,9,1,3,4,0,7,20,115
77,9,3,1,7,62,2,12,115
77,9,1,169,109,45,189,12,115
77,9,1,97,80,31,74,20,115
77,9,316,0,3,25,19,20,115
77,9,1,69,19,11,5,12,115
77,9,1,93,8,10,2,12,115
77,9,1,169,109,219,21,20,115
77,9,1,169,109,45,19,20,115
77,9,316,0,6,37,497,20,115
77,9,316,0,3,1,5,12,115
77,9,1,69,19,11,241,12,115
77,9,1,326,252,200,7,20,115
77,9,1,93,8,26,21,20,115
77,9,1,93,8,10,334,12,115
77,9,1,169,109,238,7,20,115
77,9,1,169,109,45,470,20,115
77,9,316,0,17,76,19,20,115
77,9,316,0,6,222,95,20,115
77,9,316,0,6,37,7,20,115
77,9,316,0,3,11,5,12,115
77,9,316,0,3,1,7,20,115
77,9,1,392,3,47,154,12,115
77,9,1,93,8,83,5,12,115
77,9,316,0,23,33,7,20,115
77,9,316,0,17,313,19,20,115
77,9,316,0,6,18,5,12,115
77,9,316,0,3,47,154,12,115
77,9,316,0,3,11,19,20,115
77,9,316,0,3,1,21,20,115
77,9,1,472,402,45,189,12,115
77,9,1,392,3,0,2,12,115
77,9,316,0,160,51,5,12,115
77,9,316,0,23,13,5,12,115
77,9,316,0,6,173,458,12,115
77,9,316,0,3,13,5,12,115
77,9,316,0,3,11,139,12,115
77,9,316,0,3,1,78,20,115
77,9,1,116,71,47,154,12,115
77,9,1,472,402,45,19,20,115
77,9,1,392,3,11,19,20,115
77,9,1,392,3,0,5,12,115
77,9,316,0,50,44,204,20,115
77,9,316,0,160,51,269,20,115
77,9,316,0,23,36,30,20,115
77,9,316,0,6,229,30,20,115
77,9,316,0,6,173,202,20,115
77,9,316,0,3,14,2,12,115
77,9,316,0,3,11,241,12,115
77,9,1,287,3,13,5,12,115
77,9,1,116,71,233,2,12,115
77,9,1,472,402,45,470,20,115
77,9,1,392,3,25,19,20,115
77,9,1,392,3,11,5,12,115
77,9,1,392,3,0,7,20,115
77,9,316,0,56,44,204,20,115
77,9,316,0,50,235,7,20,115
77,9,316,0,23,44,204,20,115
77,9,1,152,34,0,7,20,115
77,9,1,287,324,11,5,12,115
77,9,1,287,3,0,2,12,115
77,9,1,116,71,233,234,20,115
77,9,1,392,3,13,5,12,115
77,9,1,392,3,11,139,12,115
77,9,316,0,143,124,30,20,115
77,9,316,0,23,206,202,20,115
77,9,1,382,32,11,139,12,115
77,9,1,152,34,0,2,12,115
77,9,1,287,324,11,19,20,115
77,9,1,287,3,11,19,20,115
77,9,1,287,3,0,5,12,115
77,9,1,392,3,14,2,12,115
77,9,1,392,3,11,241,12,115
77,9,316,0,23,265,7,20,115
77,9,1,441,131,33,7,20,115
77,9,1,382,32,11,5,12,115
77,9,1,152,34,0,5,12,115
77,9,1,287,324,11,139,12,115
77,9,1,287,3,47,154,12,115
77,9,1,287,3,11,5,12,115
77,9,1,287,3,0,7,20,115
77,9,1,191,8,10,2,12,115
77,9,1,382,32,11,19,20,115
77,9,1,287,324,11,241,12,115
77,9,1,287,3,14,2,12,115
77,9,1,287,3,11,139,12,115
77,9,1,431,190,33,7,20,115
77,9,1,191,8,26,21,20,115
77,9,1,191,8,10,334,12,115
77,9,1,382,32,11,241,12,115
77,9,1,287,3,25,19,20,115
77,9,1,287,3,11,241,12,115
77,9,1,317,8,10,2,12,115
77,9,1,191,8,83,5,12,115
77,9,292,46,130,478,7,20,115
77,9,3,25,396,45,470,20,115
77,9,1,317,8,26,21,20,115
77,9,1,317,8,10,334,12,115
77,9,292,46,170,33,7,20,115
77,9,292,46,130,51,269,20,115
77,9,1,317,8,83,5,12,115
77,35,33,23,265,7,107,12,115
77,9,292,46,263,94,74,20,115
77,9,292,46,130,51,5,12,115
77,9,292,46,80,31,74,20,115
77,35,33,140,21,84,73,12,115
77,9,292,46,381,48,5,12,115
77,228,8,3,9,1,21,20,115
77,228,8,3,416,157,5,12,115
77,35,166,208,12,185,72,20,115
77,35,33,140,21,1,5,12,115
77,9,292,46,381,48,7,20,115
77,228,8,3,250,347,7,20,115
77,228,8,3,9,270,5,12,115
77,228,8,3,9,1,5,12,115
77,35,33,140,21,1,7,20,115
77,9,292,46,49,11,19,20,115
77,228,8,3,287,1,5,12,115
77,9,3,59,28,15,5,12,115
77,228,8,3,9,1,7,20,115
77,9,1,15,28,11,19,20,115
77,9,292,46,49,11,241,12,115
77,228,8,3,392,1,5,12,115
77,228,8,3,287,1,7,20,115
77,9,3,59,28,404,72,20,115
77,228,8,3,9,1,78,20,115
77,9,1,15,28,11,241,12,115
77,228,8,3,392,1,7,20,115
77,228,8,3,287,1,21,20,115
77,35,1,0,17,76,19,20,115
77,9,1,5,12,107,7,20,115
77,9,3,59,28,11,5,12,115
77,228,8,3,392,1,21,20,115
77,228,8,3,287,1,78,20,115
77,35,1,0,23,36,30,20,115
77,35,1,0,17,313,19,20,115
77,9,1,5,12,185,72,20,115
77,9,3,59,28,11,19,20,115
77,228,8,3,392,1,78,20,115
77,35,1,0,143,124,30,20,115
77,35,1,0,23,13,5,12,115
77,35,1,0,6,222,95,20,115
77,9,3,59,28,11,241,12,115
77,35,1,0,6,37,7,20,115
77,35,1,0,160,51,5,12,115
77,35,1,0,23,206,202,20,115
77,35,1,0,6,18,5,12,115
77,35,1,0,3,13,5,12,115
77,35,1,0,3,11,5,12,115
77,35,1,0,50,44,204,20,115
77,35,1,0,160,51,269,20,115
77,35,1,0,23,33,7,20,115
77,35,1,0,6,173,458,12,115
77,35,1,0,3,25,19,20,115
77,35,1,0,3,11,139,12,115
77,35,1,0,56,44,204,20,115
77,35,1,0,50,235,7,20,115
77,35,1,0,23,44,204,20,115
77,35,1,0,6,229,30,20,115
77,35,1,0,6,173,202,20,115
77,35,1,0,3,47,154,12,115
77,35,1,0,3,11,241,12,115
77,35,1,0,23,265,7,20,115
77,9,493,48,5,1,21,20,115
77,9,493,48,5,0,7,20,115
77,9,282,132,45,19,5,12,115
77,35,331,405,148,0,5,12,115
77,228,8,191,1,22,7,20,115
77,9,493,48,5,11,139,12,115
77,9,493,48,5,1,7,20,115
77,9,282,132,45,19,284,20,115
77,35,331,405,148,0,7,20,115
77,228,8,191,1,44,204,20,115
77,9,493,48,5,491,310,20,115
77,9,493,48,5,11,19,20,115
77,9,493,48,5,1,78,20,115
77,9,3,0,7,48,5,12,115
77,228,8,191,1,69,19,20,115
77,9,493,48,5,157,310,20,115
77,9,493,48,5,11,241,12,115
77,9,3,0,7,1,21,20,115
77,228,8,191,1,111,90,12,115
77,9,493,48,5,51,269,20,115
77,228,8,191,1,127,5,12,115
77,9,493,48,5,286,30,20,115
77,228,8,191,1,134,73,12,115
77,9,493,48,5,363,74,20,115
77,228,8,191,1,157,310,20,115
77,228,8,191,1,161,5,12,115
77,228,8,191,1,157,5,12,115
77,228,8,191,1,188,5,12,115
77,228,8,191,1,220,425,12,115
77,228,8,191,1,296,95,20,115
77,228,8,191,1,469,241,12,115
77,9,32,11,5,1,7,107,12,115
77,9,32,11,5,1,296,95,20,115
77,228,8,243,128,30,156,375,20,115
77,9,32,11,5,157,1,7,20,115
77,35,1,431,190,158,15,5,12,115
77,35,1,287,3,11,19,5,12,115
77,228,8,93,1,15,5,19,20,115
77,9,3,0,1,69,114,7,20,115
77,9,3,0,5,157,1,7,20,115
77,9,3,0,1,69,19,5,12,115
77,35,1,392,3,25,19,5,12,115
77,9,32,11,5,48,7,107,12,115
77,9,32,11,5,48,51,269,20,115
77,35,1,392,3,13,5,19,20,115
77,35,1,287,3,11,5,19,20,115
77,35,1,5,48,7,0,2,12,115
77,228,8,191,1,0,7,107,12,115
77,9,1,69,359,139,11,19,20,115
77,228,8,133,217,22,7,107,12,115
77,9,32,11,5,51,48,7,20,115
77,228,8,133,217,22,1,21,20,115
77,9,3,0,1,15,16,30,20,115
77,228,8,87,418,451,436,5,12,115
77,9,3,0,1,15,5,19,20,115
77,9,32,11,5,15,16,30,20,115
77,228,8,213,435,116,1,5,12,115
77,35,1,287,324,11,19,5,12,115
77,35,1,7,427,126,5,19,20,115
77,228,8,213,103,17,313,19,20,115
77,9,32,285,24,73,84,21,20,115
77,9,3,0,1,22,7,107,12,115
77,35,1,441,131,33,60,5,12,115
77,9,3,0,7,20,72,185,12,115
77,35,1,8,3,11,5,19,20,115
77,35,1,441,131,33,7,107,12,115
77,35,1,287,3,0,5,19,20,115
77,35,1,392,3,25,254,58,12,115
77,9,3,6,0,24,272,7,20,115
77,35,1,69,365,310,157,5,12,115
77,35,1,8,3,47,16,30,20,115
77,9,316,0,5,12,107,7,20,115
77,228,8,352,239,0,5,19,20,115
77,35,1,8,3,11,19,5,12,115
77,35,1,287,3,13,31,72,20,115
77,228,8,100,1,161,5,19,20,115
77,35,1,392,3,13,31,72,20,115
77,9,1,21,122,48,7,107,12,115
77,228,8,100,1,157,5,19,20,115
77,35,1,8,3,13,5,19,20,115
77,35,1,8,3,13,31,72,20,115
77,35,1,287,3,13,5,19,20,115
77,228,8,213,103,62,7,107,12,115
77,9,3,0,1,127,5,19,20,115
77,35,1,8,3,6,37,497,20,115
77,35,1,287,3,11,28,90,12,115
77,35,1,287,3,25,254,58,12,115
77,228,8,93,1,15,16,30,20,115
77,228,8,352,239,0,7,107,12,115
77,35,1,8,3,14,371,5,12,115
77,35,1,8,3,11,28,90,12,115
77,9,32,11,241,469,1,5,12,115
77,228,8,352,239,0,1,21,20,115
77,9,3,1,22,91,10,2,12,115
77,35,1,111,385,33,60,5,12,115
77,35,1,431,190,33,60,5,12,115
77,228,8,100,1,188,5,19,20,115
77,35,1,8,3,0,5,19,20,115
77,9,1,15,5,12,107,7,20,115
77,9,3,0,1,157,5,19,20,115
77,9,1,21,438,0,24,58,12,115
77,35,1,8,3,0,24,58,12,115
77,35,1,8,3,0,7,107,12,115
77,35,120,149,62,2,10,334,12,115
77,35,1,111,203,230,60,5,12,115
77,35,1,287,3,25,19,5,12,115
77,9,3,0,5,48,7,107,12,115
77,9,3,0,1,161,5,19,20,115
77,9,1,69,19,20,7,107,12,115
77,35,120,149,62,353,442,5,12,115
77,9,3,0,5,1,296,95,20,115
77,9,3,0,1,188,5,19,20,115
77,228,8,93,1,127,5,19,20,115
77,35,1,100,260,0,5,19,20,115
77,35,1,116,71,47,16,30,20,115
77,228,8,100,1,220,83,5,12,115
77,9,3,0,1,487,37,497,20,115
77,9,3,0,1,220,83,5,12,115
77,35,1,100,260,0,24,58,12,115
77,35,1,100,260,0,7,107,12,115
77,9,3,0,5,48,51,269,20,115
77,35,1,8,26,70,37,7,20,115
77,35,1,69,114,224,13,5,12,115
77,228,8,267,140,21,1,78,20,115
77,9,1,57,31,494,16,30,20,115
77,35,1,164,45,11,19,5,12,115
77,9,1,21,438,0,5,19,20,115
77,35,1,164,45,11,28,90,12,115
77,35,1,191,8,83,220,425,12,115
77,35,1,317,339,325,44,204,20,115
77,9,1,35,369,256,7,107,12,115
77,9,1,35,415,70,26,21,20,115
77,35,1,69,114,7,0,2,12,115
77,35,1,108,199,6,0,2,12,115
77,35,120,10,91,306,13,5,12,115
77,35,120,10,91,22,1,21,20,115
77,35,120,10,91,22,7,107,12,115
77,35,1,431,490,104,16,30,20,115
77,9,1,35,369,256,222,95,20,115
77,9,1,35,110,248,348,139,12,115
77,35,1,97,420,175,0,2,12,115
77,9,1,21,122,413,209,95,20,115
77,35,120,10,8,26,29,2,12,115
77,35,120,10,8,484,200,7,20,115
77,35,120,10,356,28,11,139,12,115
77,35,120,10,8,1,5,19,20,115
77,35,1,111,385,33,7,107,12,115
77,35,1,287,3,14,371,5,12,115
77,35,120,10,8,1,7,107,12,115
77,35,1,191,8,26,29,2,12,115
77,35,120,10,8,1,0,2,12,115
77,35,237,211,6,222,256,7,20,115
77,35,1,152,34,0,7,107,12,115
77,35,237,211,250,347,7,107,12,115
77,35,1,191,8,3,47,154,12,115
77,35,237,211,6,3,25,19,20,115
77,35,237,211,6,0,1,21,20,115
77,35,237,211,6,0,7,107,12,115
77,9,32,247,48,5,0,2,12,115
77,9,32,247,48,5,19,284,20,115
77,9,3,8,93,1,5,19,20,115
77,9,1,487,37,360,45,189,12,115
77,9,32,247,48,5,1,21,20,115
77,9,32,247,48,5,0,7,20,115
77,9,1,487,37,200,7,107,12,115
77,9,1,487,37,6,229,30,20,115
77,9,1,487,37,360,45,19,20,115
77,9,32,247,48,5,11,139,12,115
77,9,32,247,48,5,1,7,20,115
77,9,1,487,37,259,11,139,12,115
77,9,1,487,37,6,0,2,12,115
77,9,1,487,37,360,45,470,20,115
77,9,32,247,48,5,491,310,20,115
77,9,32,247,48,5,11,19,20,115
77,9,32,247,48,5,1,78,20,115
77,9,1,487,37,328,235,7,20,115
77,9,1,487,37,259,11,5,12,115
77,9,1,487,37,6,18,5,12,115
77,9,1,487,37,6,0,5,12,115
77,9,32,247,48,5,157,310,20,115
77,9,32,247,48,5,11,241,12,115
77,9,1,487,37,299,362,5,12,115
77,9,1,487,37,259,11,19,20,115
77,9,1,487,37,6,173,458,12,115
77,9,1,487,37,6,0,7,20,115
77,9,32,247,48,5,51,269,20,115
77,9,1,487,37,102,48,5,12,115
77,9,1,487,37,259,11,241,12,115
77,9,1,487,37,6,222,95,20,115
77,9,1,487,37,6,173,202,20,115
77,9,32,247,48,5,286,30,20,115
77,9,1,487,37,112,22,7,20,115
77,9,1,487,37,102,48,7,20,115
77,228,8,133,3,11,19,5,12,115
77,9,32,247,48,5,363,74,20,115
77,9,88,38,34,17,313,19,20,115
77,35,237,211,6,173,114,7,20,115
77,228,8,133,3,11,19,284,20,115
77,9,88,38,34,0,5,19,20,115
77,9,88,38,34,152,1,5,12,115
77,9,88,38,34,17,0,2,12,115
77,228,8,133,3,14,371,5,12,115
77,35,1,191,8,83,5,19,20,115
77,9,88,38,34,152,1,7,20,115
77,9,88,38,34,17,76,19,20,115
77,9,88,38,34,17,0,5,12,115
77,228,8,133,3,1,0,2,12,115
77,9,88,38,34,152,1,21,20,115
77,9,88,38,43,214,126,5,12,115
77,9,88,38,34,17,0,7,20,115
77,228,8,133,3,1,15,5,12,115
77,228,8,133,3,1,0,5,12,115
77,9,88,38,34,152,1,78,20,115
77,35,1,317,8,26,29,2,12,115
77,228,8,133,3,1,22,7,20,115
77,228,8,133,3,1,0,7,20,115
77,35,1,152,34,0,5,19,20,115
77,35,1,317,8,26,70,95,20,115
77,228,8,133,3,1,44,204,20,115
77,35,1,287,3,6,37,497,20,115
77,228,8,100,124,30,156,375,20,115
77,35,1,317,8,26,70,249,20,115
77,228,8,133,3,1,69,19,20,115
77,35,1,287,3,327,22,7,20,115
77,35,1,287,3,6,0,2,12,115
77,35,1,287,3,6,37,7,20,115
77,228,8,100,124,30,54,19,20,115
77,228,8,133,3,1,111,90,12,115
77,35,1,287,3,416,157,310,20,115
77,35,1,287,3,6,18,5,12,115
77,35,1,287,3,6,0,5,12,115
77,228,8,100,124,30,286,5,12,115
77,228,8,133,3,1,127,5,12,115
77,35,1,287,3,498,28,39,12,115
77,35,1,287,3,416,157,5,12,115
77,35,1,287,3,6,173,202,20,115
77,35,1,287,3,6,0,7,20,115
77,228,8,133,3,1,134,73,12,115
77,35,1,287,3,250,347,7,20,115
77,35,1,287,3,498,28,90,12,115
77,35,1,287,3,6,222,95,20,115
77,35,1,287,3,6,173,458,12,115
77,228,8,133,3,1,157,310,20,115
77,35,1,287,3,98,28,39,12,115
77,35,1,287,3,6,229,30,20,115
77,228,8,133,3,1,5,19,20,115
77,228,8,133,3,1,161,5,12,115
77,228,8,133,3,1,157,5,12,115
77,35,1,287,3,290,60,5,12,115
77,35,1,287,3,98,28,90,12,115
77,228,8,133,3,1,188,5,12,115
77,9,32,145,28,15,5,19,20,115
77,35,1,287,3,4,0,7,20,115
77,9,32,145,28,15,1,21,20,115
77,228,8,133,3,1,220,425,12,115
77,9,32,145,28,11,5,19,20,115
77,35,1,287,3,9,270,5,12,115
77,35,1,287,3,4,0,2,12,115
77,9,32,145,28,15,16,30,20,115
77,9,32,145,28,15,1,5,12,115
77,228,8,133,3,1,296,95,20,115
77,35,1,287,3,8,10,2,12,115
77,35,1,287,3,4,0,5,12,115
77,9,32,145,28,15,390,19,20,115
77,9,32,145,28,15,1,7,20,115
77,228,8,133,3,1,469,241,12,115
77,35,1,287,3,59,28,39,12,115
77,35,1,287,3,8,26,21,20,115
77,35,1,287,3,8,10,334,12,115
77,9,32,145,28,15,1,78,20,115
77,35,1,287,3,75,31,72,20,115
77,35,1,287,3,59,28,90,12,115
77,35,1,287,3,8,83,5,12,115
77,35,1,287,324,11,28,90,12,115
77,35,1,287,3,75,31,74,20,115
77,9,3,8,100,301,308,19,20,115
77,35,1,287,3,47,16,30,20,115
77,35,1,287,324,11,45,470,20,115
77,35,1,287,324,11,28,39,12,115
77,9,3,8,100,426,132,30,20,115
77,35,1,287,3,47,312,78,20,115
77,35,1,287,324,11,118,21,20,115
77,35,1,287,324,11,45,19,20,115
77,9,88,38,43,37,70,95,20,115
77,35,1,287,3,47,410,30,20,115
77,35,237,211,239,0,7,107,12,115
77,35,1,287,324,11,45,189,12,115
77,9,88,38,43,37,79,464,20,115
77,9,88,38,43,37,70,249,20,115
77,35,1,191,8,10,16,30,20,115
77,228,8,133,3,13,31,72,20,115
77,9,88,38,43,37,200,7,20,115
77,35,415,70,95,20,7,107,12,115
77,35,1,191,8,10,89,21,20,115
77,228,8,133,3,13,31,74,20,115
77,9,88,38,43,37,7,107,12,115
77,35,415,70,95,20,72,185,12,115
77,9,88,38,34,0,1,21,20,115
77,9,88,38,34,0,7,107,12,115
77,9,32,145,28,101,126,5,12,115
77,35,415,70,95,20,19,5,12,115
77,9,88,38,34,0,24,73,12,115
77,9,88,38,34,0,1,5,12,115
77,9,32,145,28,46,52,21,20,115
77,9,3,8,243,128,31,72,20,115
77,9,88,38,34,0,94,74,20,115
77,9,88,38,34,0,24,19,20,115
77,9,88,38,34,0,1,7,20,115
77,9,32,145,28,183,16,30,20,115
77,9,32,145,28,46,86,5,12,115
77,9,3,8,243,128,31,74,20,115
77,9,88,38,34,0,260,492,12,115
77,9,88,38,34,0,24,58,12,115
77,9,88,38,34,0,1,78,20,115
77,9,32,145,28,231,86,5,12,115
77,9,32,145,28,46,33,7,20,115
77,9,88,38,34,0,438,21,20,115
77,9,88,38,34,0,260,315,12,115
77,9,88,38,34,0,24,245,12,115
77,9,32,145,28,67,13,5,12,115
77,9,32,145,28,46,433,5,12,115
77,35,1,220,83,8,10,334,12,115
77,9,32,145,28,404,72,185,12,115
77,9,32,145,28,248,348,139,12,115
77,9,32,145,28,67,82,201,20,115
77,35,1,220,83,8,26,21,20,115
77,35,1,220,83,8,10,2,12,115
77,9,32,145,28,356,10,2,12,115
77,9,1,15,390,424,459,7,20,115
77,9,32,145,28,11,19,5,12,115
77,9,3,8,100,1,5,19,20,115
77,9,32,145,28,358,84,21,20,115
77,9,32,145,28,356,10,334,12,115
77,9,32,145,28,11,19,284,20,115
77,35,1,317,8,10,16,30,20,115
77,9,32,145,28,440,11,5,12,115
77,9,32,145,28,358,84,73,12,115
77,228,8,1,296,95,70,249,20,115
77,35,1,317,8,10,89,21,20,115
77,9,32,145,28,453,18,5,12,115
77,9,32,145,28,440,11,19,20,115
77,228,8,133,3,25,254,58,12,115
77,228,8,133,3,25,19,5,12,115
77,9,32,145,28,481,52,21,20,115
77,9,32,145,28,440,11,139,12,115
77,9,88,38,53,45,19,5,12,115
77,228,8,133,3,25,19,284,20,115
77,9,32,145,28,136,291,5,12,115
77,9,32,145,28,440,11,241,12,115
77,9,88,38,53,45,19,284,20,115
77,9,32,145,28,11,45,189,12,115
77,9,32,145,28,136,51,5,12,115
77,35,237,211,250,3,25,19,20,115
77,228,8,133,3,11,28,90,12,115
77,9,32,145,28,11,118,21,20,115
77,9,32,145,28,11,45,19,20,115
77,9,32,145,28,136,51,269,20,115
77,35,237,211,250,3,0,2,12,115
77,228,8,133,3,11,45,470,20,115
77,228,8,133,3,11,28,39,12,115
77,9,32,145,28,11,45,470,20,115
77,35,237,211,250,3,1,21,20,115
77,35,237,211,250,3,0,5,12,115
77,228,8,133,3,11,118,21,20,115
77,228,8,133,3,11,45,19,20,115
77,35,237,211,250,3,11,139,12,115
77,35,237,211,250,3,1,5,12,115
77,35,237,211,250,3,0,7,20,115
77,228,8,133,3,11,45,189,12,115
77,35,237,211,250,3,13,5,12,115
77,35,237,211,250,3,11,5,12,115
77,35,237,211,250,3,1,7,20,115
77,35,237,211,239,0,5,19,20,115
77,35,237,211,250,3,14,2,12,115
77,35,237,211,250,3,11,19,20,115
77,35,237,211,250,3,1,78,20,115
77,9,88,38,68,252,200,7,20,115
77,35,237,211,250,3,47,154,12,115
77,35,237,211,250,3,11,241,12,115
77,35,1,152,34,0,24,58,12,115
77,228,8,133,3,13,5,19,20,115
77,9,1,161,5,12,107,7,20,115
77,9,88,38,297,173,114,7,20,115
77,35,1,152,34,0,260,315,12,115
77,35,1,152,34,0,24,19,20,115
77,9,1,161,5,12,185,72,20,115
77,9,1,69,365,310,157,5,12,115
77,35,1,152,34,0,94,74,20,115
77,35,1,152,34,0,260,492,12,115
77,35,1,152,34,0,24,73,12,115
77,9,1,69,365,310,491,5,12,115
77,35,1,152,34,0,438,21,20,115
77,9,88,38,53,45,11,139,12,115
77,35,1,152,34,0,24,245,12,115
77,9,3,8,100,1,7,107,12,115
77,9,88,38,121,33,60,5,12,115
77,9,88,38,53,45,92,78,20,115
77,9,88,38,53,45,11,5,12,115
77,9,3,8,191,1,5,19,20,115
77,9,88,38,121,33,140,21,20,115
77,9,88,38,53,45,132,30,20,115
77,9,88,38,53,45,11,19,20,115
77,9,88,38,121,33,7,107,12,115
77,9,88,38,121,33,473,5,12,115
77,9,88,38,53,45,146,30,20,115
77,9,88,38,53,45,11,241,12,115
77,9,88,38,68,37,70,95,20,115
77,35,1,287,3,0,7,107,12,115
77,9,88,38,53,45,166,208,12,115
77,9,3,8,148,0,5,19,20,115
77,9,88,38,68,37,79,464,20,115
77,9,88,38,68,37,70,249,20,115
77,9,88,38,53,45,192,72,20,115
77,9,88,38,68,37,7,107,12,115
77,9,88,38,68,37,200,7,20,115
77,9,88,38,401,23,36,30,20,115
77,9,88,38,53,45,379,2,12,115
77,9,3,8,100,260,0,2,12,115
77,9,88,38,135,122,48,5,12,115
77,9,88,38,281,3,11,19,20,115
77,9,88,38,401,23,0,2,12,115
77,9,3,8,100,260,0,5,12,115
77,9,88,38,135,122,48,7,20,115
77,9,88,38,141,46,52,21,20,115
77,9,88,38,281,3,0,2,12,115
77,9,88,38,281,3,11,5,12,115
77,9,88,38,401,23,13,5,12,115
77,9,88,38,401,23,0,5,12,115
77,9,3,8,100,260,0,7,20,115
77,9,88,38,165,46,28,39,12,115
77,9,88,38,141,46,28,90,12,115
77,9,88,38,281,3,1,21,20,115
77,9,88,38,281,3,0,5,12,115
77,9,88,38,281,3,11,139,12,115
77,9,88,38,401,23,33,7,20,115
77,9,88,38,401,23,0,7,20,115
77,9,88,38,197,412,0,2,12,115
77,9,88,38,165,46,33,7,20,115
77,9,88,38,165,46,28,90,12,115
77,9,88,38,141,46,33,7,20,115
77,9,88,38,141,46,28,39,12,115
77,9,88,38,281,3,13,5,12,115
77,9,88,38,281,3,1,5,12,115
77,9,88,38,281,3,0,7,20,115
77,9,88,38,281,3,11,241,12,115
77,9,88,38,401,23,44,204,20,115
77,9,88,38,216,182,26,21,20,115
77,9,88,38,197,32,11,139,12,115
77,9,88,38,197,412,0,5,12,115
77,9,88,38,165,46,52,21,20,115
77,9,88,38,141,46,86,5,12,115
77,9,88,38,281,3,14,2,12,115
77,9,88,38,281,3,1,7,20,115
77,9,88,38,401,23,206,202,20,115
77,9,88,38,197,336,254,58,12,115
77,9,88,38,197,32,11,5,12,115
77,9,88,38,197,412,0,7,20,115
77,9,88,38,165,46,86,5,12,115
77,9,88,38,141,46,433,5,12,115
77,9,88,38,281,3,25,19,20,115
77,9,88,38,281,3,1,78,20,115
77,9,88,38,401,23,265,7,20,115
77,9,88,38,197,32,11,19,20,115
77,9,88,38,165,46,433,5,12,115
77,9,88,38,281,3,47,154,12,115
77,228,8,1,469,241,11,139,12,115
77,9,88,38,197,32,11,241,12,115
77,228,8,3,0,5,11,139,12,115
77,9,3,8,100,1,0,2,12,115
77,228,8,1,469,241,11,5,12,115
77,228,8,3,0,5,19,284,20,115
77,228,8,3,0,5,491,310,20,115
77,228,8,3,0,5,11,19,20,115
77,9,3,8,100,1,15,5,12,115
77,9,3,8,100,1,0,5,12,115
77,228,8,1,469,241,11,19,20,115
77,228,8,3,0,5,363,74,20,115
77,228,8,3,0,5,11,241,12,115
77,9,3,8,100,1,22,7,20,115
77,9,3,8,100,1,0,7,20,115
77,228,8,3,0,5,1,7,20,115
77,35,1,7,272,309,5,19,20,115
77,9,3,8,100,1,44,204,20,115
77,228,8,1,475,11,19,5,12,115
77,228,8,3,0,5,157,310,20,115
77,228,8,3,0,5,1,21,20,115
77,9,3,8,100,1,69,19,20,115
77,228,8,1,475,11,19,284,20,115
77,228,8,3,0,5,48,7,20,115
77,228,8,3,0,5,1,78,20,115
77,9,3,8,100,1,111,90,12,115
77,228,8,1,475,11,5,19,20,115
77,228,8,3,0,5,51,269,20,115
77,9,270,483,105,61,48,7,20,115
77,9,3,8,100,1,127,5,12,115
77,9,1,8,26,21,84,73,12,115
77,228,8,3,0,5,286,30,20,115
77,9,270,483,105,46,86,5,12,115
77,9,270,483,105,61,15,5,12,115
77,9,270,483,105,61,48,5,12,115
77,9,3,8,100,1,134,73,12,115
77,9,270,483,105,240,37,497,20,115
77,9,270,483,105,46,28,90,12,115
77,228,8,133,3,4,0,2,12,115
77,9,3,8,100,1,157,310,20,115
77,9,270,483,105,447,140,21,20,115
77,9,270,483,105,240,37,7,20,115
77,9,270,483,105,46,33,7,20,115
77,9,270,483,105,46,28,39,12,115
77,228,8,133,3,6,37,497,20,115
77,228,8,133,3,4,0,5,12,115
77,9,3,8,100,1,161,5,12,115
77,9,3,8,100,1,157,5,12,115
77,9,270,483,105,46,52,21,20,115
77,228,8,133,3,498,28,39,12,115
77,228,8,133,3,6,0,2,12,115
77,228,8,133,3,6,37,7,20,115
77,228,8,133,3,4,0,7,20,115
77,9,3,8,100,1,188,5,12,115
77,9,270,483,105,46,433,5,12,115
77,228,8,133,3,59,28,39,12,115
77,228,8,133,3,498,28,90,12,115
77,228,8,133,3,6,18,5,12,115
77,228,8,133,3,6,0,5,12,115
77,9,3,8,100,1,220,425,12,115
77,228,8,133,3,75,31,72,20,115
77,228,8,133,3,59,28,90,12,115
77,228,8,133,3,6,173,202,20,115
77,228,8,133,3,6,0,7,20,115
77,9,3,8,100,1,296,95,20,115
77,228,8,133,3,416,157,310,20,115
77,228,8,133,3,75,31,74,20,115
77,228,8,133,3,6,222,95,20,115
77,228,8,133,3,6,173,458,12,115
77,9,3,8,100,1,469,241,12,115
77,228,8,133,3,98,28,39,12,115
77,228,8,133,3,416,157,5,12,115
77,228,8,133,3,6,229,30,20,115
77,35,1,0,2,10,16,30,20,115
77,228,8,133,3,327,22,7,20,115
77,228,8,133,3,98,28,90,12,115
77,35,1,15,16,30,156,375,20,115
77,35,1,0,2,10,89,21,20,115
77,228,8,133,3,9,1,7,20,115
77,228,8,133,3,47,16,30,20,115
77,35,1,15,16,30,54,19,20,115
77,35,1,0,2,62,7,107,12,115
77,228,8,133,3,392,1,78,20,115
77,228,8,133,3,9,270,5,12,115
77,228,8,133,3,9,1,5,12,115
77,228,8,133,3,47,312,78,20,115
77,35,1,15,16,30,286,5,12,115
77,228,8,133,3,250,347,7,20,115
77,228,8,133,3,392,1,5,12,115
77,228,8,133,3,9,1,21,20,115
77,228,8,133,3,47,410,30,20,115
77,228,8,133,3,287,1,5,12,115
77,228,8,133,3,392,1,7,20,115
77,228,8,133,3,9,1,78,20,115
77,9,292,345,37,487,1,5,12,115
77,228,8,133,3,290,60,5,12,115
77,228,8,133,3,287,1,7,20,115
77,228,8,133,3,392,1,21,20,115
77,9,292,345,37,360,45,189,12,115
77,9,292,345,37,487,1,7,20,115
77,228,8,133,3,287,1,21,20,115
77,228,8,191,1,0,5,19,20,115
77,9,292,345,37,328,235,7,20,115
77,9,292,345,37,360,45,19,20,115
77,9,292,345,37,487,1,21,20,115
77,228,8,133,3,287,1,78,20,115
77,9,292,345,37,299,362,5,12,115
77,9,292,345,37,360,45,470,20,115
77,9,292,345,37,487,1,78,20,115
77,9,3,8,317,1,5,19,20,115
77,9,292,345,37,6,0,7,20,115
77,9,292,345,37,200,7,107,12,115
77,35,1,0,2,14,371,5,12,115
77,35,1,44,204,20,7,107,12,115
77,9,292,345,37,259,11,139,12,115
77,9,292,345,37,6,18,5,12,115
77,9,292,345,37,6,0,2,12,115
77,35,1,0,2,379,45,19,20,115
77,35,1,44,204,20,72,185,12,115
77,9,292,345,37,102,48,5,12,115
77,9,292,345,37,259,11,5,12,115
77,9,292,345,37,6,173,458,12,115
77,9,292,345,37,6,0,5,12,115
77,35,1,0,2,29,26,21,20,115
77,35,1,0,2,379,45,189,12,115
77,35,1,44,204,20,19,5,12,115
77,9,292,345,37,112,22,7,20,115
77,9,292,345,37,102,48,7,20,115
77,9,292,345,37,259,11,19,20,115
77,9,3,1,44,50,235,7,20,115
77,9,3,8,191,1,7,107,12,115
77,9,292,345,37,6,222,95,20,115
77,9,292,345,37,6,173,202,20,115
77,35,1,0,2,322,194,30,20,115
77,35,1,0,2,379,45,470,20,115
77,9,292,345,37,259,11,241,12,115
77,9,3,1,44,23,265,7,20,115
77,9,3,1,44,50,0,2,12,115
77,9,292,345,37,6,229,30,20,115
77,35,1,293,167,92,45,470,20,115
77,35,1,169,109,45,19,5,12,115
77,9,3,8,148,0,1,21,20,115
77,9,3,1,44,56,0,2,12,115
77,9,3,1,44,23,0,2,12,115
77,9,3,1,44,50,0,5,12,115
77,35,1,293,167,92,45,19,20,115
77,35,1,169,109,45,19,284,20,115
77,9,3,8,148,0,24,73,12,115
77,9,3,8,148,0,1,5,12,115
77,9,3,1,44,366,51,5,12,115
77,9,3,1,44,56,0,5,12,115
77,9,3,1,44,23,13,5,12,115
77,9,3,1,44,23,0,5,12,115
77,9,3,1,44,50,0,7,20,115
77,35,1,293,167,92,45,189,12,115
77,9,3,8,148,0,94,74,20,115
77,9,3,8,148,0,24,19,20,115
77,9,3,8,148,0,1,7,20,115
77,9,3,1,44,162,76,19,20,115
77,9,3,1,44,366,51,269,20,115
77,9,3,1,44,56,0,7,20,115
77,9,3,1,44,23,33,7,20,115
77,9,3,1,44,23,0,7,20,115
77,9,3,8,148,0,260,492,12,115
77,9,3,8,148,0,24,58,12,115
77,9,3,8,148,0,1,78,20,115
77,9,3,1,44,298,24,19,20,115
77,9,3,1,44,23,36,30,20,115
77,9,1,5,0,3,47,154,12,115
77,9,3,8,148,0,438,21,20,115
77,9,3,8,148,0,260,315,12,115
77,9,3,8,148,0,24,245,12,115
77,9,3,1,44,325,322,2,12,115
77,9,3,1,44,298,24,58,12,115
77,9,3,1,44,23,206,202,20,115
77,9,1,5,0,6,37,497,20,115
77,9,1,5,0,3,11,19,20,115
77,9,3,8,148,0,7,107,12,115
77,35,1,317,8,83,5,19,20,115
77,9,3,1,44,298,24,73,12,115
77,228,8,3,14,2,10,334,12,115
77,9,1,5,0,17,76,19,20,115
77,9,1,5,0,6,222,95,20,115
77,9,1,5,0,6,37,7,20,115
77,9,1,5,0,3,25,19,20,115
77,9,1,5,0,3,11,139,12,115
77,9,3,1,44,298,24,245,12,115
77,228,8,3,14,2,0,5,12,115
77,9,1,5,0,23,36,30,20,115
77,9,1,5,0,17,313,19,20,115
77,9,1,5,0,6,229,30,20,115
77,9,1,5,0,3,14,2,12,115
77,9,1,5,0,3,11,241,12,115
77,228,8,3,14,2,62,7,20,115
77,228,8,3,14,2,0,7,20,115
77,9,1,5,0,143,124,30,20,115
77,9,1,5,0,23,44,204,20,115
77,9,1,5,0,6,173,202,20,115
77,9,3,8,391,397,16,30,20,115
77,228,8,3,14,2,233,234,20,115
77,9,3,8,484,200,37,497,20,115
77,9,1,5,0,160,51,269,20,115
77,9,1,5,0,23,33,7,20,115
77,9,1,5,0,6,173,458,12,115
77,9,3,8,352,239,0,2,12,115
77,9,1,5,0,24,272,7,20,115
77,9,3,8,484,200,37,7,20,115
77,9,1,5,0,50,44,204,20,115
77,9,1,5,0,23,206,202,20,115
77,35,1,293,167,17,313,19,20,115
77,9,3,8,133,217,22,7,20,115
77,9,3,8,352,239,0,5,12,115
77,9,3,498,28,11,45,189,12,115
77,9,1,5,0,56,44,204,20,115
77,9,1,5,0,50,235,7,20,115
77,9,1,5,0,23,265,7,20,115
77,35,1,293,167,17,0,2,12,115
77,9,3,8,213,103,62,2,12,115
77,9,3,8,352,239,0,7,20,115
77,9,3,498,28,11,118,21,20,115
77,9,3,498,28,11,45,19,20,115
77,9,1,35,156,374,209,95,20,115
77,35,1,293,167,17,76,19,20,115
77,35,1,293,167,17,0,5,12,115
77,9,3,8,213,103,62,7,20,115
77,228,8,133,3,11,5,19,20,115
77,9,3,498,28,11,45,470,20,115
77,9,3,8,484,200,7,107,12,115
77,35,33,60,5,11,19,284,20,115
77,35,1,293,167,17,0,7,20,115
77,35,1,97,80,46,86,5,12,115
77,9,3,0,94,74,31,72,20,115
77,35,33,60,5,157,1,7,20,115
77,9,3,8,317,1,7,107,12,115
77,35,33,60,5,11,28,90,12,115
77,9,3,498,28,11,19,5,12,115
77,228,8,1,35,33,60,5,12,115
77,35,1,317,8,83,220,425,12,115
77,35,1,97,80,99,0,2,12,115
77,35,1,97,80,46,28,90,12,115
77,9,3,0,94,74,363,5,12,115
77,35,33,60,5,157,1,21,20,115
77,35,33,60,5,11,45,189,12,115
77,35,33,60,5,11,28,39,12,115
77,9,3,498,28,11,19,284,20,115
77,228,8,1,35,33,140,21,20,115
77,35,1,97,80,271,260,315,12,115
77,35,1,97,80,99,0,5,12,115
77,35,1,97,80,46,33,7,20,115
77,35,1,97,80,46,28,39,12,115
77,35,33,60,5,157,1,78,20,115
77,35,33,60,5,11,118,21,20,115
77,35,33,60,5,11,45,19,20,115
77,228,8,1,35,33,473,5,12,115
77,35,1,97,80,117,69,19,20,115
77,35,1,97,80,271,260,492,12,115
77,35,1,97,80,99,0,7,20,115
77,35,1,97,80,46,52,21,20,115
77,9,1,35,156,30,54,19,20,115
77,35,33,60,5,48,51,269,20,115
77,35,33,60,5,11,45,470,20,115
77,35,33,60,5,48,7,107,12,115
77,35,369,256,7,20,72,185,12,115
77,9,3,11,241,12,107,7,20,115
77,35,33,60,5,1,7,107,12,115
77,35,1,97,80,46,433,5,12,115
77,9,1,35,156,30,286,5,12,115
77,228,8,133,3,1,7,107,12,115
77,228,8,133,3,0,5,19,20,115
77,35,33,60,5,51,48,7,20,115
77,35,33,60,5,48,122,21,20,115
77,35,331,244,418,451,436,5,12,115
77,35,369,256,7,20,19,5,12,115
77,9,3,11,241,12,5,19,20,115
77,35,1,15,390,424,459,7,20,115
77,35,33,60,5,1,0,2,12,115
77,9,3,8,191,1,0,2,12,115
77,9,1,188,5,12,107,7,20,115
77,9,292,345,37,70,26,21,20,115
77,228,8,133,3,0,1,21,20,115
77,35,33,60,5,51,294,19,20,115
77,35,33,60,5,83,220,425,12,115
77,9,3,11,241,12,185,72,20,115
77,228,8,1,35,33,7,107,12,115
77,35,33,60,5,1,296,95,20,115
77,35,33,7,62,353,442,5,12,115
77,9,3,8,317,1,0,2,12,115
77,35,1,7,20,470,45,189,12,115
77,35,1,7,20,19,24,58,12,115
77,35,33,60,5,1,0,7,20,115
77,9,3,8,191,1,15,5,12,115
77,9,3,8,191,1,0,5,12,115
77,228,8,1,188,5,0,2,12,115
77,9,1,188,5,12,185,72,20,115
77,228,8,1,188,5,19,284,20,115
77,228,8,133,3,0,7,107,12,115
77,9,32,11,28,46,33,7,20,115
77,228,8,133,3,0,24,73,12,115
77,9,32,11,28,404,72,185,12,115
77,228,8,133,3,0,1,5,12,115
77,9,88,450,161,1,0,2,12,115
77,35,33,60,5,15,28,39,12,115
77,228,8,317,339,325,44,204,20,115
77,35,415,70,37,487,1,5,12,115
77,228,8,1,15,349,52,21,20,115
77,35,33,60,5,1,469,241,12,115
77,228,8,1,15,390,19,5,12,115
77,228,8,1,15,28,11,139,12,115
77,9,3,0,438,21,1,78,20,115
77,35,33,60,290,3,1,7,20,115
77,9,3,8,317,1,15,5,12,115
77,9,3,8,317,1,0,5,12,115
77,35,1,7,20,202,173,458,12,115
77,35,415,70,37,200,7,107,12,115
77,35,1,7,20,19,11,5,12,115
77,35,1,7,20,19,24,73,12,115
77,35,33,7,20,19,24,58,12,115
77,228,8,1,226,86,5,19,20,115
77,35,331,244,85,45,11,139,12,115
77,228,8,93,1,0,24,19,20,115
77,228,8,317,1,21,84,73,12,115
77,35,33,7,62,2,10,334,12,115
77,9,3,8,191,1,22,7,20,115
77,35,33,60,236,1,5,19,20,115
77,9,3,8,191,1,0,7,20,115
77,9,3,0,260,100,1,7,20,115
77,228,8,1,188,5,11,139,12,115
77,35,1,188,5,51,48,7,20,115
77,228,8,1,188,5,0,7,20,115
77,9,1,134,73,12,107,7,20,115
77,9,270,5,157,1,220,425,12,115
77,35,33,60,236,1,7,107,12,115
77,9,32,11,28,136,51,269,20,115
77,9,32,11,28,46,86,5,12,115
77,228,8,133,3,0,94,74,20,115
77,35,1,169,109,219,454,310,20,115
77,228,8,26,21,20,7,107,12,115
77,228,8,133,3,0,24,19,20,115
77,228,8,133,3,0,1,7,20,115
77,35,1,188,5,13,31,72,20,115
77,9,88,450,161,1,15,5,12,115
77,9,88,450,161,1,0,5,12,115
77,228,8,1,35,166,45,470,20,115
77,35,33,60,236,1,0,2,12,115
77,35,33,60,5,362,496,334,12,115
77,35,33,60,5,15,1,7,20,115
77,35,33,60,5,15,28,90,12,115
77,228,8,317,339,325,322,2,12,115
77,228,8,1,35,120,10,334,12,115
77,35,415,70,37,360,45,189,12,115
77,9,3,8,10,16,15,5,12,115
77,35,415,70,37,487,1,7,20,115
77,9,1,21,118,11,28,90,12,115
77,9,3,0,5,51,48,7,20,115
77,35,1,69,19,20,7,107,12,115
77,228,8,1,15,61,48,5,12,115
77,35,33,60,5,1,44,204,20,115
77,35,288,96,48,5,0,2,12,115
77,228,8,1,15,390,19,284,20,115
77,35,288,96,48,5,19,284,20,115
77,228,8,1,15,28,404,72,20,115
77,35,340,103,62,353,442,5,12,115
77,9,493,48,96,109,45,19,20,115
77,228,8,1,15,28,11,5,12,115
77,9,493,48,96,14,371,5,12,115
77,9,3,0,438,21,84,73,12,115
77,9,3,0,438,21,1,5,12,115
77,35,340,103,62,2,10,334,12,115
77,35,33,60,230,273,127,5,12,115
77,9,493,48,429,286,5,19,20,115
77,35,33,60,290,3,0,2,12,115
77,35,33,60,290,3,1,5,12,115
77,228,8,1,9,282,132,30,20,115
77,228,8,1,9,270,5,19,20,115
77,9,3,8,10,356,28,39,12,115
77,9,3,8,317,1,22,7,20,115
77,35,33,7,0,2,10,334,12,115
77,9,3,8,317,1,0,7,20,115
77,9,38,53,45,19,11,139,12,115
77,35,1,7,20,234,233,2,12,115
77,228,8,1,164,45,19,5,12,115
77,35,1,5,48,51,294,19,20,115
77,35,1,7,20,19,45,189,12,115
77,9,1,134,73,24,19,5,12,115
77,35,1,7,20,19,11,139,12,115
77,35,1,7,20,19,24,245,12,115
77,9,493,48,174,157,5,19,20,115
77,35,33,7,20,19,11,5,12,115
77,35,33,7,20,19,24,73,12,115
77,9,493,48,102,37,70,95,20,115
77,35,33,7,20,470,45,189,12,115
77,228,8,1,475,11,28,90,12,115
77,228,8,93,1,0,5,19,20,115
77,9,1,134,73,24,0,2,12,115
77,9,493,48,102,37,7,107,12,115
77,35,331,244,85,45,92,78,20,115
77,35,331,244,85,45,11,5,12,115
77,9,493,48,247,32,11,5,12,115
77,228,8,93,1,0,260,315,12,115
77,9,493,48,61,15,1,21,20,115
77,228,8,93,1,0,24,58,12,115
77,35,1,78,20,7,0,2,12,115
77,9,493,48,61,15,5,19,20,115
77,35,33,7,62,2,0,5,12,115
77,9,493,48,174,157,1,21,20,115
77,9,270,5,11,28,404,72,20,115
77,9,3,8,191,1,44,204,20,115
77,9,270,5,11,40,279,73,12,115
77,9,176,33,140,21,1,78,20,115
77,9,3,8,267,140,33,7,20,115
77,9,1,469,241,11,5,19,20,115
77,9,3,0,260,330,11,5,12,115
77,9,3,0,5,11,19,284,20,115
77,9,3,0,260,100,124,30,20,115
77,9,3,0,260,100,1,5,12,115
77,228,8,1,188,5,491,310,20,115
77,228,8,1,164,45,11,139,12,115
77,9,1,469,241,11,28,90,12,115
77,228,8,1,188,5,11,19,20,115
77,9,1,469,241,11,19,5,12,115
77,35,1,188,5,51,294,19,20,115
77,35,156,30,20,7,0,2,12,115
77,9,270,5,11,45,19,284,20,115
77,9,1,134,73,12,5,19,20,115
77,35,1,287,3,0,24,58,12,115
77,35,1,382,32,11,5,19,20,115
77,228,8,100,1,3,25,19,20,115
77,35,33,7,0,24,19,5,12,115
77,9,270,5,157,1,296,95,20,115
77,9,32,11,28,183,16,30,20,115
77,35,33,60,5,12,107,7,20,115
77,9,32,11,28,136,291,5,12,115
77,9,32,11,28,136,51,5,12,115
77,9,3,25,19,69,365,310,20,115
77,9,32,11,28,46,52,21,20,115
77,9,1,0,2,12,107,7,20,115
77,9,3,25,19,24,0,2,12,115
77,228,8,133,3,0,260,492,12,115
77,9,3,25,19,45,11,5,12,115
77,35,1,22,7,20,72,185,12,115
77,35,33,7,0,1,5,19,20,115
77,228,8,26,21,20,72,185,12,115
77,228,8,133,3,0,24,58,12,115
77,35,1,93,8,3,47,154,12,115
77,9,270,5,11,45,92,78,20,115
77,228,8,133,3,0,1,78,20,115
77,35,1,188,5,83,220,425,12,115
77,35,1,3,0,6,37,497,20,115
77,35,1,188,5,13,31,74,20,115
77,9,88,450,161,1,22,7,20,115
77,9,3,0,5,15,16,30,20,115
77,228,8,148,0,3,25,19,20,115
77,9,88,450,161,1,0,7,20,115
77,228,8,1,35,166,45,19,20,115
77,9,1,0,2,62,7,107,12,115
77,35,33,60,236,1,15,5,12,115
77,35,33,60,236,1,0,5,12,115
77,9,1,8,10,2,0,5,12,115
77,35,33,60,5,371,14,2,12,115
77,9,3,25,19,11,28,90,12,115
77,35,1,127,5,12,107,7,20,115
77,35,1,3,0,24,272,7,20,115
77,228,8,148,0,24,272,7,20,115
77,228,8,191,1,15,5,19,20,115
77,35,33,60,5,15,16,30,20,115
77,35,33,60,5,15,1,21,20,115
77,228,8,1,35,415,70,95,20,115
77,228,8,1,35,120,10,2,12,115
77,35,415,70,37,6,229,30,20,115
77,35,415,70,37,360,45,19,20,115
77,9,3,8,93,1,7,107,12,115
77,35,33,7,0,1,296,95,20,115
77,9,3,8,10,16,31,72,20,115
77,35,415,70,37,487,1,21,20,115
77,9,1,21,118,11,45,470,20,115
77,9,1,21,118,11,28,39,12,115
77,228,8,93,1,188,5,19,20,115
77,9,38,121,33,473,5,19,20,115
77,9,3,0,5,51,294,19,20,115
77,35,1,69,19,20,72,185,12,115
77,9,38,121,33,439,460,241,12,115
77,228,8,1,15,61,48,7,20,115
77,228,8,1,236,60,5,19,20,115
77,228,8,93,1,5,0,2,12,115
77,35,1,5,0,3,14,2,12,115
77,35,33,60,5,1,69,19,20,115
77,35,288,96,48,5,1,21,20,115
77,35,288,96,48,5,0,7,20,115
77,35,33,7,0,160,51,269,20,115
77,228,8,1,21,118,11,19,20,115
77,9,493,48,96,109,219,21,20,115
77,9,493,48,96,109,45,189,12,115
77,228,8,1,100,301,308,19,20,115
77,9,3,8,1,7,0,2,12,115
77,228,8,1,15,28,11,19,20,115
77,228,8,1,69,255,11,5,12,115
77,228,8,93,1,5,19,284,20,115
77,9,3,0,438,21,1,7,20,115
77,35,340,103,62,2,0,5,12,115
77,35,1,5,0,24,272,7,20,115
77,35,33,60,449,332,11,5,12,115
77,35,1,5,51,48,122,21,20,115
77,35,33,60,230,203,111,90,12,115
77,9,1,44,366,51,5,19,20,115
77,35,1,93,8,26,29,2,12,115
77,35,1,293,432,157,5,19,20,115
77,9,3,0,5,12,107,7,20,115
77,9,32,285,24,19,11,139,12,115
77,35,1,5,51,48,7,107,12,115
77,35,33,60,290,3,11,139,12,115
77,9,1,3,14,2,10,334,12,115
77,35,33,60,290,3,0,5,12,115
77,35,33,60,290,3,1,21,20,115
77,9,3,1,21,20,7,107,12,115
77,35,1,5,51,136,28,39,12,115
77,228,8,1,9,493,48,7,20,115
77,35,1,5,51,294,19,284,20,115
77,35,1,111,90,12,107,7,20,115
77,228,8,26,55,79,37,497,20,115
77,9,3,8,10,91,22,7,20,115
77,35,331,244,28,15,1,21,20,115
77,9,3,8,10,356,28,90,12,115
77,9,3,8,317,1,44,204,20,115
77,228,8,1,100,260,0,2,12,115
77,35,1,188,5,12,107,7,20,115
77,35,331,244,28,15,5,19,20,115
77,35,33,7,0,2,233,234,20,115
77,35,331,244,28,11,5,19,20,115
77,35,331,244,28,101,126,5,12,115
77,9,38,53,45,19,24,73,12,115
77,228,8,93,1,3,25,19,20,115
77,35,331,244,28,404,72,185,12,115
77,9,38,53,45,19,11,5,12,115
77,35,1,7,20,284,19,5,12,115
77,35,331,244,28,11,19,5,12,115
77,228,8,1,164,45,19,284,20,115
77,9,482,155,41,28,11,139,12,115
77,35,1,93,8,10,16,30,20,115
77,9,3,25,19,5,491,310,20,115
77,228,8,93,1,161,5,19,20,115
77,9,1,134,73,24,19,284,20,115
77,35,1,7,20,19,11,241,12,115
77,228,8,26,125,47,16,30,20,115
77,35,331,244,28,11,45,189,12,115
77,35,33,7,20,19,45,189,12,115
77,35,33,7,20,19,11,139,12,115
77,9,1,21,89,10,16,30,20,115
77,228,8,26,320,13,31,72,20,115
77,35,33,7,20,19,24,245,12,115
77,9,493,48,102,37,79,464,20,115
77,9,493,48,102,37,70,249,20,115
77,228,8,26,320,13,5,19,20,115
77,35,33,7,20,202,173,458,12,115
77,228,8,1,475,11,45,470,20,115
77,228,8,1,475,11,28,39,12,115
77,35,1,326,252,200,7,107,12,115
77,228,8,93,1,0,7,107,12,115
77,9,1,134,73,24,272,7,20,115
77,9,1,134,73,24,0,5,12,115
77,35,1,134,73,24,19,5,12,115
77,35,331,244,85,45,132,30,20,115
77,228,8,26,55,47,16,30,20,115
77,9,38,68,37,6,229,30,20,115
77,35,331,244,85,45,11,19,20,115
77,9,493,48,333,137,22,7,20,115
77,9,3,8,26,125,142,30,20,115
77,9,38,68,37,200,7,107,12,115
77,9,493,48,247,32,11,19,20,115
77,35,1,134,73,24,0,2,12,115
77,228,8,93,1,0,94,74,20,115
77,35,1,164,45,192,72,185,12,115
77,9,3,6,0,24,19,5,12,115
77,9,1,44,56,0,5,19,20,115
77,9,493,48,7,20,72,185,12,115
77,35,1,134,73,12,107,7,20,115
77,228,8,93,1,0,260,492,12,115
77,9,493,48,61,15,16,30,20,115
77,9,493,48,61,15,1,5,12,115
77,228,8,26,182,125,47,154,12,115
77,228,8,93,1,0,24,73,12,115
77,9,38,68,37,70,26,21,20,115
77,35,1,78,20,7,48,5,12,115
77,35,1,78,20,7,0,5,12,115
77,228,8,26,344,157,5,19,20,115
77,35,33,7,1,15,16,30,20,115
77,35,33,7,1,15,5,19,20,115
77,35,33,7,62,2,233,234,20,115
77,9,493,48,51,136,28,39,12,115
77,9,493,48,51,294,19,5,12,115
77,9,493,48,174,157,1,5,12,115
77,35,1,7,0,3,14,2,12,115
77,9,3,6,222,256,7,107,12,115
77,35,33,7,1,220,83,5,12,115
77,9,3,8,191,1,69,19,20,115
77,9,270,5,161,1,220,425,12,115
77,9,270,5,11,330,260,492,12,115
77,9,270,5,11,40,209,95,20,115
77,9,176,33,140,21,84,73,12,115
77,9,3,8,93,1,0,2,12,115
77,9,3,8,26,70,37,7,20,115
77,9,176,33,140,21,1,5,12,115
77,35,33,7,1,69,365,310,20,115
77,35,33,7,1,69,19,5,12,115
77,9,1,7,20,470,45,189,12,115
77,9,1,44,23,13,5,19,20,115
77,228,8,1,227,161,5,19,20,115
77,228,8,26,344,157,1,21,20,115
77,9,1,7,20,19,24,58,12,115
77,9,3,0,260,330,11,19,20,115
77,9,3,0,260,100,1,21,20,115
77,35,33,473,5,12,107,7,20,115
77,9,493,48,51,5,0,2,12,115
77,228,8,1,188,5,157,310,20,115
77,9,493,48,51,5,19,284,20,115
77,228,8,1,164,45,92,78,20,115
77,228,8,1,164,45,11,5,12,115
77,9,316,0,1,5,11,139,12,115
77,9,316,0,1,5,19,284,20,115
77,9,1,469,241,11,45,189,12,115
77,9,1,469,241,11,28,39,12,115
77,9,88,38,430,30,156,375,20,115
77,35,1,169,109,96,48,5,12,115
77,35,1,8,26,21,84,73,12,115
77,228,8,1,188,5,11,241,12,115
77,35,33,7,1,127,5,19,20,115
77,9,1,469,241,11,19,284,20,115
77,9,1,57,31,74,363,5,12,115
77,9,38,34,17,313,19,5,12,115
77,35,156,30,20,7,62,2,12,115
77,35,156,30,20,7,0,5,12,115
77,9,1,44,23,13,31,72,20,115
77,9,1,134,73,12,185,72,20,115
77,35,1,287,3,0,260,315,12,115
77,9,3,1,7,20,72,185,12,115
77,35,1,287,3,0,24,19,20,115
77,35,237,211,239,0,1,21,20,115
77,35,1,97,80,31,13,5,12,115
77,9,1,44,23,0,5,19,20,115
77,228,8,93,1,157,5,19,20,115
77,9,3,6,173,114,7,107,12,115
77,228,8,100,1,487,37,497,20,115
77,228,8,100,1,3,0,2,12,115
77,9,38,34,152,1,5,19,20,115
77,35,1,157,5,12,107,7,20,115
77,35,33,7,0,24,19,284,20,115
77,9,270,5,157,1,0,2,12,115
77,35,342,171,40,11,19,5,12,115
77,9,176,33,60,65,66,5,12,115
77,9,32,11,28,67,13,5,12,115
77,9,3,6,173,114,69,19,20,115
77,35,33,60,5,12,185,72,20,115
77,35,1,7,200,37,70,95,20,115
77,35,33,7,1,157,5,19,20,115
77,35,1,7,33,439,460,241,12,115
77,9,38,34,152,1,7,107,12,115
77,9,38,34,17,6,37,497,20,115
77,9,3,25,19,390,15,5,12,115
77,9,3,25,19,69,1,5,12,115
77,9,32,11,28,46,433,5,12,115
77,9,38,34,17,76,19,5,12,115
77,9,1,0,2,12,185,72,20,115
77,9,3,25,19,24,272,7,20,115
77,9,1,44,162,76,19,5,12,115
77,9,1,127,5,0,24,19,20,115
77,9,3,25,19,24,0,5,12,115
77,9,38,34,17,0,5,19,20,115
77,228,8,133,3,0,438,21,20,115
77,228,8,133,3,0,260,315,12,115
77,35,1,8,10,2,0,5,12,115
77,9,1,127,5,0,7,107,12,115
77,9,3,25,19,45,92,78,20,115
77,9,3,25,19,45,11,139,12,115
77,35,1,22,7,20,19,5,12,115
77,35,1,317,8,3,47,154,12,115
77,35,415,70,249,20,7,107,12,115
77,9,3,6,0,7,62,2,12,115
77,35,33,7,1,161,5,19,20,115
77,228,8,26,21,20,19,5,12,115
77,228,8,133,3,0,24,245,12,115
77,9,1,5,51,48,122,21,20,115
77,35,1,93,8,243,408,21,20,115
77,35,1,93,8,3,0,2,12,115
77,9,1,226,86,46,52,21,20,115
77,9,38,34,17,0,1,21,20,115
77,9,270,5,11,45,166,208,12,115
77,9,1,5,51,48,7,107,12,115
77,9,38,34,17,0,7,107,12,115
77,35,1,188,5,15,390,19,20,115
77,35,33,7,1,487,37,497,20,115
77,35,1,3,0,17,76,19,20,115
77,9,270,5,286,30,156,375,20,115
77,9,3,1,111,385,33,7,20,115
77,35,33,7,1,188,5,19,20,115
77,35,1,3,0,6,222,95,20,115
77,35,1,3,0,6,37,7,20,115
77,9,38,34,152,1,0,2,12,115
77,9,88,450,161,1,44,204,20,115
77,9,3,0,5,13,31,72,20,115
77,35,1,326,252,68,37,497,20,115
77,9,1,127,5,11,19,284,20,115
77,9,3,0,5,15,28,39,12,115
77,228,8,148,0,6,37,497,20,115
77,9,3,1,296,95,70,249,20,115
77,9,1,5,51,136,28,39,12,115
77,228,8,148,0,3,1,5,12,115
77,35,1,3,0,2,10,334,12,115
77,9,1,5,19,20,7,107,12,115
77,35,1,7,33,473,5,19,20,115
77,9,1,5,51,294,19,284,20,115
77,228,8,83,220,1,5,19,20,115
77,228,8,1,35,166,45,189,12,115
77,35,33,60,236,1,22,7,20,115
77,35,33,60,236,1,0,7,20,115
77,35,166,45,470,20,7,107,12,115
77,9,1,8,10,2,62,7,20,115
77,9,1,8,10,2,0,7,20,115
77,228,8,83,220,1,7,107,12,115
77,35,33,60,5,126,427,7,20,115
77,9,1,44,56,0,7,107,12,115
77,9,1,127,5,11,28,90,12,115
77,9,3,25,19,11,45,189,12,115
77,9,3,25,19,11,28,39,12,115
77,35,1,127,5,12,185,72,20,115
77,228,8,83,220,1,0,2,12,115
77,9,1,44,366,51,48,5,12,115
77,228,8,484,200,37,70,95,20,115
77,228,8,100,124,143,0,2,12,115
77,228,8,484,200,37,7,107,12,115
77,35,33,60,5,15,390,19,20,115
77,9,38,53,45,11,5,19,20,115
77,35,33,60,5,15,1,78,20,115
77,9,3,75,303,47,16,30,20,115
77,9,1,44,23,33,60,5,12,115
77,228,8,93,1,22,7,107,12,115
77,228,8,1,35,237,488,30,20,115
77,228,8,1,35,415,70,249,20,115
77,9,3,1,111,90,28,39,12,115
77,9,38,53,45,192,72,185,12,115
77,35,415,70,37,259,11,139,12,115
77,35,415,70,37,6,0,2,12,115
77,9,1,127,5,48,51,269,20,115
77,9,38,53,45,11,19,5,12,115
77,35,415,70,37,360,45,470,20,115
77,9,38,53,45,109,238,7,20,115
77,9,1,127,5,48,7,107,12,115
77,35,33,7,0,1,44,204,20,115
77,9,38,53,45,11,28,90,12,115
77,9,3,8,10,16,47,154,12,115
77,9,3,8,10,16,31,74,20,115
77,9,1,44,23,33,7,107,12,115
77,35,1,296,95,20,7,107,12,115
77,9,32,382,1,7,0,2,12,115
77,35,415,70,37,487,1,78,20,115
77,9,1,21,118,11,45,19,20,115
77,9,1,5,48,51,294,19,20,115
77,9,38,34,0,5,491,310,20,115
77,9,38,34,0,5,19,284,20,115
77,9,1,127,5,51,48,7,20,115
77,9,1,7,0,3,47,154,12,115
77,9,38,121,33,35,156,30,20,115
77,35,1,164,45,11,5,19,20,115
77,228,8,1,236,60,33,7,20,115
77,35,1,220,425,12,107,7,20,115
77,35,120,10,334,496,362,5,12,115
77,9,1,5,48,429,286,30,20,115
77,9,1,35,166,45,11,139,12,115
77,228,8,93,1,5,11,139,12,115
77,228,8,93,1,5,0,7,20,115
77,35,1,5,0,6,37,497,20,115
77,228,8,26,70,37,79,464,20,115
77,9,38,297,173,6,37,497,20,115
77,35,1,5,0,3,11,19,20,115
77,35,33,60,5,1,220,425,12,115
77,9,38,297,173,114,69,19,20,115
77,9,38,297,173,114,7,107,12,115
77,35,288,96,48,5,11,139,12,115
77,35,288,96,48,5,1,7,20,115
77,35,1,97,80,31,72,185,12,115
77,9,1,44,23,0,7,107,12,115
77,35,1,3,14,2,10,334,12,115
77,9,1,227,161,355,45,19,20,115
77,35,33,7,0,3,14,2,12,115
77,9,3,1,469,241,11,139,12,115
77,35,33,7,0,160,51,5,12,115
77,228,8,1,21,438,0,7,20,115
77,228,8,1,21,118,11,5,12,115
77,35,1,392,3,47,16,30,20,115
77,9,38,88,218,46,28,39,12,115
77,9,493,48,96,109,238,7,20,115
77,9,38,88,450,161,1,21,20,115
77,9,493,48,96,109,45,470,20,115
77,9,1,127,5,19,24,58,12,115
77,228,8,1,100,426,132,30,20,115
77,9,38,88,450,161,5,19,20,115
77,9,3,8,1,7,37,497,20,115
77,9,1,44,274,143,0,5,12,115
77,9,1,44,56,0,24,58,12,115
77,35,1,7,0,24,19,5,12,115
77,9,32,285,24,272,309,5,12,115
77,9,3,8,1,7,0,5,12,115
77,228,8,1,15,28,11,241,12,115
77,9,32,285,24,298,44,204,20,115
77,228,8,1,69,255,11,19,20,115
77,9,1,161,5,11,19,284,20,115
77,9,270,5,363,74,31,72,20,115
77,9,32,285,24,272,7,107,12,115
77,35,340,103,62,2,233,234,20,115
77,35,340,103,62,2,0,7,20,115
77,9,270,5,286,429,48,7,20,115
77,9,1,127,5,15,28,90,12,115
77,35,1,7,114,69,365,310,20,115
77,35,1,7,0,2,10,334,12,115
77,35,33,60,449,332,11,19,20,115
77,9,1,161,5,11,28,90,12,115
77,9,1,44,298,24,19,5,12,115
77,9,3,392,1,5,0,2,12,115
77,9,1,0,5,12,107,7,20,115
77,35,1,93,8,26,70,95,20,115
77,9,3,392,1,5,19,284,20,115
77,9,1,44,23,0,24,58,12,115
77,9,1,157,310,491,5,19,20,115
77,35,1,5,48,429,286,30,20,115
77,9,3,0,5,12,185,72,20,115
77,9,32,285,24,19,45,189,12,115
77,9,32,285,24,19,11,5,12,115
77,35,33,60,290,3,13,5,12,115
77,35,33,60,290,3,11,5,12,115
77,9,1,3,14,2,0,5,12,115
77,35,33,60,290,3,0,7,20,115
77,35,33,60,290,3,1,78,20,115
77,9,3,1,78,92,45,470,20,115
77,9,3,1,21,20,72,185,12,115
77,35,1,5,51,130,478,7,20,115
77,35,1,5,51,136,28,90,12,115
77,228,8,1,9,3,0,7,20,115
77,228,8,1,9,493,48,5,12,115
77,9,38,401,23,13,31,72,20,115
77,9,38,401,23,13,5,19,20,115
77,35,1,111,90,12,5,19,20,115
77,228,8,26,55,79,37,7,20,115
77,9,32,285,24,0,1,21,20,115
77,9,32,285,24,0,7,107,12,115
77,9,38,401,23,0,5,19,20,115
77,35,1,7,114,69,19,5,12,115
77,9,3,75,31,16,10,2,12,115
77,35,331,244,28,15,16,30,20,115
77,35,331,244,28,15,1,5,12,115
77,9,3,8,317,1,69,19,20,115
77,228,8,1,152,34,0,2,12,115
77,9,3,1,161,5,0,2,12,115
77,228,8,1,100,260,0,5,12,115
77,35,1,188,5,12,185,72,20,115
77,9,1,161,5,48,51,269,20,115
77,9,38,165,46,33,60,5,12,115
77,228,8,93,1,220,83,5,12,115
77,9,32,11,118,21,1,78,20,115
77,9,38,165,46,33,7,107,12,115
77,35,331,244,28,46,52,21,20,115
77,9,38,165,46,28,11,139,12,115
77,9,3,1,161,5,19,284,20,115
77,9,38,53,45,19,54,30,20,115
77,9,38,53,45,19,24,58,12,115
77,9,1,161,5,51,48,7,20,115
77,9,38,141,46,33,60,5,12,115
77,228,8,93,1,487,37,497,20,115
77,228,8,93,1,3,0,2,12,115
77,9,38,141,46,33,7,107,12,115
77,9,1,78,20,7,0,2,12,115
77,9,38,53,45,19,11,241,12,115
77,9,38,141,46,28,11,139,12,115
77,35,1,7,20,30,286,5,12,115
77,9,1,157,310,365,69,19,20,115
77,35,1,164,45,179,268,5,12,115
77,9,3,6,0,1,5,19,20,115
77,9,38,401,23,33,60,5,12,115
77,9,38,401,23,33,7,107,12,115
77,35,331,244,28,11,19,284,20,115
77,9,38,401,23,0,1,21,20,115
77,9,482,155,41,28,15,5,12,115
77,9,482,155,41,28,11,5,12,115
77,9,38,401,23,0,7,107,12,115
77,35,1,93,8,10,89,21,20,115
77,35,1,469,241,12,107,7,20,115
77,9,3,75,31,57,1,21,20,115
77,9,3,25,19,5,363,74,20,115
77,9,38,216,182,125,47,154,12,115
77,9,1,161,5,48,7,107,12,115
77,35,1,57,31,74,363,5,12,115
77,9,38,216,182,26,29,2,12,115
77,228,8,26,125,47,312,78,20,115
77,35,331,244,28,11,118,21,20,115
77,9,1,236,357,23,0,7,20,115
77,35,1,69,255,11,19,5,12,115
77,35,331,244,28,11,45,19,20,115
77,9,38,197,32,382,1,7,20,115
77,35,33,7,20,19,11,241,12,115
77,9,3,75,31,13,5,19,20,115
77,9,3,8,1,15,16,30,20,115
77,228,8,26,320,13,31,74,20,115
77,35,1,7,272,24,19,5,12,115
77,9,3,8,1,15,5,19,20,115
77,9,493,48,102,37,200,7,20,115
77,9,38,197,412,0,5,19,20,115
77,9,1,44,204,20,7,107,12,115
77,9,493,48,5,19,24,58,12,115
77,35,33,140,21,20,7,107,12,115
77,9,3,8,1,0,5,19,20,115
77,35,33,7,20,234,233,2,12,115
77,9,3,1,0,2,10,334,12,115
77,228,8,1,475,11,118,21,20,115
77,228,8,1,475,11,45,19,20,115
77,35,110,46,52,21,1,78,20,115
77,9,38,141,46,86,5,19,20,115
77,35,1,226,86,46,52,21,20,115
77,9,1,134,73,24,0,7,20,115
77,9,38,401,23,44,1,21,20,115
77,35,1,134,73,24,19,284,20,115
77,9,32,285,24,0,5,19,20,115
77,9,1,161,5,13,31,72,20,115
77,35,331,244,85,45,146,30,20,115
77,228,8,26,55,47,312,78,20,115
77,9,38,197,336,254,25,19,20,115
77,9,38,68,37,487,1,78,20,115
77,9,38,68,37,6,0,2,12,115
77,9,3,0,5,11,28,90,12,115
77,9,3,8,1,22,7,107,12,115
77,35,331,244,85,45,11,241,12,115
77,9,38,197,32,11,5,19,20,115
77,9,493,48,381,46,33,7,20,115
77,9,3,8,1,0,24,58,12,115
77,9,38,197,412,0,1,21,20,115
77,9,38,197,412,0,7,107,12,115
77,9,3,8,26,55,79,464,20,115
77,9,3,8,1,0,7,107,12,115
77,9,3,1,134,73,24,58,12,115
77,35,110,46,28,11,19,5,12,115
77,9,3,8,26,125,47,154,12,115
77,9,493,48,247,32,11,139,12,115
77,35,1,134,73,24,272,7,20,115
77,35,1,134,73,24,0,5,12,115
77,228,8,93,1,0,438,21,20,115
77,9,3,6,0,24,19,284,20,115
77,9,493,48,7,20,19,5,12,115
77,35,1,134,73,12,5,19,20,115
77,9,493,48,61,15,28,90,12,115
77,9,493,48,61,15,1,7,20,115
77,228,8,26,225,6,37,497,20,115
77,228,8,26,182,125,142,30,20,115
77,228,8,93,1,0,24,245,12,115
77,35,1,78,20,7,62,2,12,115
77,35,33,7,1,15,28,39,12,115
77,9,493,48,51,130,478,7,20,115
77,9,493,48,51,136,291,5,12,115
77,9,493,48,51,136,28,90,12,115
77,9,493,48,51,294,19,284,20,115
77,9,493,48,174,157,1,7,20,115
77,35,1,7,0,6,37,497,20,115
77,35,1,7,0,3,11,19,20,115
77,9,3,8,191,1,111,90,12,115
77,9,270,5,161,1,296,95,20,115
77,9,270,5,11,3,0,2,12,115
77,9,270,5,11,330,260,315,12,115
77,9,3,8,93,1,15,5,12,115
77,9,3,8,93,1,0,5,12,115
77,9,3,8,26,70,37,497,20,115
77,9,176,33,140,21,1,7,20,115
77,35,33,7,1,69,359,139,12,115
77,35,33,7,1,69,19,284,20,115
77,9,1,7,20,202,173,458,12,115
77,228,8,26,344,157,1,5,12,115
77,9,1,7,20,19,11,5,12,115
77,9,1,7,20,19,24,73,12,115
77,9,3,0,260,330,11,139,12,115
77,9,3,0,260,100,1,78,20,115
77,35,33,473,5,12,185,72,20,115
77,9,493,48,51,5,1,21,20,115
77,9,493,48,51,5,0,7,20,115
77,228,8,1,188,5,48,7,20,115
77,228,8,1,164,45,132,30,20,115
77,228,8,1,164,45,11,19,20,115
77,9,316,0,1,5,491,310,20,115
77,9,316,0,1,5,11,19,20,115
77,9,1,469,241,11,118,21,20,115
77,9,1,469,241,11,45,19,20,115
77,9,88,38,430,30,54,19,20,115
77,35,1,169,109,361,11,5,12,115
77,35,1,169,109,96,14,2,12,115
77,35,1,169,109,96,48,7,20,115
77,9,38,34,17,313,19,284,20,115
77,35,156,30,20,7,1,5,12,115
77,9,1,44,23,13,31,74,20,115
77,35,1,287,3,0,94,74,20,115
77,35,1,287,3,0,260,492,12,115
77,9,3,1,7,20,19,5,12,115
77,35,1,287,3,0,24,73,12,115
77,35,237,211,239,0,24,73,12,115
77,35,237,211,239,0,1,5,12,115
77,35,1,97,80,31,16,30,20,115
77,228,8,100,1,35,156,375,20,115
77,228,8,100,1,487,37,7,20,115
77,228,8,100,1,3,11,5,12,115
77,228,8,100,1,3,0,5,12,115
77,35,1,157,5,12,185,72,20,115
77,9,270,5,157,1,44,204,20,115
77,9,270,5,157,1,0,7,20,115
77,35,342,171,40,11,19,284,20,115
77,9,176,33,60,236,1,5,12,115
77,9,32,11,28,231,86,5,12,115
77,9,32,11,28,67,82,201,20,115
77,35,1,7,200,37,79,464,20,115
77,35,1,7,200,37,70,249,20,115
77,35,1,7,33,23,206,202,20,115
77,9,38,34,17,364,51,269,20,115
77,9,38,34,17,6,0,2,12,115
77,9,38,34,17,6,37,7,20,115
77,9,3,25,19,294,51,5,12,115
77,9,3,25,19,69,114,7,20,115
77,9,3,25,19,69,1,7,20,115
77,9,38,34,17,76,19,284,20,115
77,9,1,0,2,12,5,19,20,115
77,9,1,44,162,76,19,284,20,115
77,9,1,127,5,0,260,315,12,115
77,9,1,127,5,0,24,58,12,115
77,9,3,25,19,24,0,7,20,115
77,35,1,8,10,2,62,7,20,115
77,35,1,8,10,2,0,7,20,115
77,9,3,25,19,45,166,208,12,115
77,9,3,25,19,45,11,241,12,115
77,35,1,317,8,100,260,315,12,115
77,35,1,317,8,3,0,2,12,115
77,35,415,70,249,20,72,185,12,115
77,9,3,6,0,7,1,78,20,115
77,35,1,93,8,100,260,315,12,115
77,35,1,93,8,243,128,30,20,115
77,35,1,93,8,3,11,5,12,115
77,35,1,93,8,3,0,5,12,115
77,35,166,45,179,17,76,19,20,115
77,35,166,45,179,268,5,19,20,115
77,9,1,226,86,231,28,39,12,115
77,9,1,226,86,46,28,90,12,115
77,9,38,34,17,0,24,73,12,115
77,9,38,34,17,0,1,5,12,115
77,9,270,5,11,45,192,72,20,115
77,35,1,188,5,473,33,7,20,115
77,35,1,188,5,15,16,30,20,115
77,35,33,7,1,475,11,5,12,115
77,35,1,3,0,23,36,30,20,115
77,35,1,3,0,17,313,19,20,115
77,9,270,5,286,30,54,19,20,115
77,35,1,3,0,6,18,5,12,115
77,9,38,34,152,1,15,5,12,115
77,9,38,34,152,1,0,5,12,115
77,9,88,450,161,1,69,19,20,115
77,9,3,0,5,362,496,334,12,115
77,9,3,0,5,13,31,74,20,115
77,35,1,326,252,350,347,7,20,115
77,35,1,326,252,68,37,7,20,115
77,9,3,0,5,15,1,7,20,115
77,9,3,0,5,15,28,90,12,115
77,228,8,148,0,17,76,19,20,115
77,228,8,148,0,6,222,95,20,115
77,228,8,148,0,6,37,7,20,115
77,9,1,5,51,130,478,7,20,115
77,9,1,5,51,136,28,90,12,115
77,228,8,148,0,3,11,5,12,115
77,228,8,148,0,3,1,7,20,115
77,35,1,3,0,2,62,7,20,115
77,35,166,45,146,30,156,375,20,115
77,35,110,46,28,11,45,189,12,115
77,9,32,11,330,260,0,2,12,115
77,9,1,5,19,20,72,185,12,115
77,35,33,60,236,1,44,204,20,115
77,9,32,11,475,1,0,2,12,115
77,35,166,45,470,20,72,185,12,115
77,9,1,8,10,2,233,234,20,115
77,228,8,1,3,13,31,72,20,115
77,228,8,191,1,15,16,30,20,115
77,35,166,45,212,24,19,5,12,115
77,35,33,60,5,127,1,7,20,115
77,35,1,100,318,119,13,5,12,115
77,9,32,11,3,6,37,497,20,115
77,9,1,127,5,11,45,189,12,115
77,228,8,1,3,13,5,19,20,115
77,9,32,11,3,14,371,5,12,115
77,9,1,127,5,11,28,39,12,115
77,9,3,25,19,11,118,21,20,115
77,9,3,25,19,11,45,470,20,115
77,9,3,1,5,12,107,7,20,115
77,35,166,45,251,24,19,5,12,115
77,228,8,83,220,1,15,5,12,115
77,228,8,83,220,1,0,5,12,115
77,228,8,3,1,127,5,19,20,115
77,228,8,1,3,6,37,497,20,115
77,9,32,11,40,23,33,7,20,115
77,9,1,44,366,51,294,19,20,115
77,9,1,44,366,51,48,7,20,115
77,9,32,11,139,12,107,7,20,115
77,228,8,484,200,37,79,464,20,115
77,228,8,484,200,37,70,249,20,115
77,9,3,6,17,313,19,5,12,115
77,9,32,11,3,1,0,2,12,115
77,228,8,100,124,143,0,5,12,115
77,9,1,157,5,11,19,284,20,115
77,228,8,100,1,15,16,30,20,115
77,9,3,6,17,0,1,21,20,115
77,9,38,281,3,0,5,19,20,115
77,9,3,75,303,47,312,78,20,115
77,9,32,11,3,13,31,72,20,115
77,9,1,44,23,33,140,21,20,115
77,9,38,165,46,433,5,19,20,115
77,9,32,11,332,104,16,30,20,115
77,228,8,1,35,369,256,7,20,115
77,228,8,1,35,237,335,334,12,115
77,9,32,11,259,329,84,21,20,115
77,9,1,157,5,48,51,269,20,115
77,9,1,157,5,48,7,107,12,115
77,35,415,70,37,328,235,7,20,115
77,9,38,281,3,11,19,5,12,115
77,9,282,132,172,215,28,39,12,115
77,9,38,281,3,11,5,19,20,115
77,228,8,10,2,12,107,7,20,115
77,9,32,11,440,28,15,5,12,115
77,35,415,70,37,259,11,5,12,115
77,35,415,70,37,6,18,5,12,115
77,9,3,1,157,5,0,2,12,115
77,35,415,70,37,6,0,5,12,115
77,9,1,157,5,11,28,90,12,115
77,9,1,127,5,48,122,21,20,115
77,9,38,135,196,180,134,73,12,115
77,35,166,45,109,219,454,310,20,115
77,9,38,53,45,11,19,284,20,115
77,9,38,53,45,212,24,19,20,115
77,9,3,1,157,5,19,284,20,115
77,9,38,53,45,109,219,21,20,115
77,35,33,7,0,1,469,241,12,115
77,9,38,197,32,11,28,90,12,115
77,9,38,281,3,13,31,72,20,115
77,35,166,45,212,24,0,2,12,115
77,9,38,53,45,11,118,21,20,115
77,9,38,53,45,11,28,39,12,115
77,9,38,135,122,21,1,78,20,115
77,9,1,157,5,51,48,7,20,115
77,9,3,8,1,161,5,19,20,115
77,35,166,45,396,25,254,58,12,115
77,35,1,296,95,20,72,185,12,115
77,35,166,45,396,25,19,5,12,115
77,9,32,382,1,7,37,497,20,115
77,9,32,382,1,7,0,5,12,115
77,35,166,45,109,437,194,30,20,115
77,35,166,45,109,238,7,107,12,115
77,9,1,21,118,11,45,189,12,115
77,9,38,141,46,49,11,139,12,115
77,9,38,401,23,265,7,107,12,115
77,35,166,45,379,2,10,334,12,115
77,9,3,8,1,157,5,19,20,115
77,35,166,45,251,24,0,2,12,115
77,9,38,34,0,5,363,74,20,115
77,9,32,11,259,37,70,95,20,115
77,9,1,127,5,51,294,19,20,115
77,9,32,11,255,69,19,5,12,115
77,9,3,6,0,2,10,334,12,115
77,9,1,7,0,6,37,497,20,115
77,35,166,45,85,283,222,95,20,115
77,9,1,7,0,3,11,5,12,115
77,9,32,11,259,37,7,107,12,115
77,9,38,121,33,23,36,30,20,115
77,9,38,121,33,35,1,21,20,115
77,9,38,121,33,35,156,375,20,115
77,9,38,281,3,14,371,5,12,115
77,9,3,6,17,0,7,107,12,115
77,9,1,157,5,13,31,72,20,115
77,228,8,1,21,20,7,107,12,115
77,9,1,5,13,23,36,30,20,115
77,35,1,220,425,12,5,19,20,115
77,35,166,45,355,161,1,21,20,115
77,9,38,281,3,0,1,21,20,115
77,35,166,45,355,161,5,19,20,115
77,9,1,5,48,102,37,7,20,115
77,9,1,157,5,0,24,19,20,115
77,9,1,35,166,45,92,78,20,115
77,9,1,69,19,5,491,310,20,115
77,9,1,157,5,0,7,107,12,115
77,9,1,35,166,45,11,5,12,115
77,9,1,5,13,31,72,185,12,115
77,228,8,93,1,5,491,310,20,115
77,228,8,93,1,5,11,19,20,115
77,35,1,100,8,26,29,2,12,115
77,228,8,1,3,11,28,90,12,115
77,9,3,8,1,188,5,19,20,115
77,35,1,487,37,360,45,189,12,115
77,35,1,5,0,17,76,19,20,115
77,35,1,5,0,6,222,95,20,115
77,35,1,5,0,6,37,7,20,115
77,228,8,26,70,37,200,7,20,115
77,9,1,100,124,30,156,375,20,115
77,35,166,45,193,117,69,19,20,115
77,9,38,297,173,6,0,2,12,115
77,9,38,297,173,6,37,7,20,115
77,35,1,5,0,3,25,19,20,115
77,35,1,5,0,3,11,139,12,115
77,35,1,487,37,200,7,107,12,115
77,35,33,60,5,1,111,90,12,115
77,35,166,45,164,1,5,19,20,115
77,228,8,1,3,14,371,5,12,115
77,9,32,11,255,69,1,21,20,115
77,35,166,45,360,37,7,107,12,115
77,35,288,96,48,5,491,310,20,115
77,35,166,45,360,37,70,95,20,115
77,35,288,96,48,5,11,19,20,115
77,35,166,45,164,1,7,107,12,115
77,35,288,96,48,5,1,78,20,115
77,9,38,281,3,0,7,107,12,115
77,35,33,46,86,5,0,2,12,115
77,35,33,46,86,5,19,284,20,115
77,35,1,3,14,2,0,5,12,115
77,35,1,227,161,355,45,19,20,115
77,9,1,227,161,355,45,189,12,115
77,35,1,111,90,28,11,5,12,115
77,9,1,5,13,31,16,30,20,115
77,35,166,45,164,1,0,2,12,115
77,35,33,7,0,6,37,497,20,115
77,35,33,7,0,3,1,5,12,115
77,9,3,1,469,241,11,5,12,115
77,9,3,6,37,487,1,78,20,115
77,228,8,1,21,26,29,2,12,115
77,228,8,1,21,438,0,2,12,115
77,9,3,6,37,200,7,107,12,115
77,228,8,1,21,118,11,139,12,115
77,35,110,46,130,51,48,5,12,115
77,35,1,392,3,47,312,78,20,115
77,9,1,127,5,12,107,7,20,115
77,9,3,6,17,0,5,19,20,115
77,35,110,46,130,51,5,19,20,115
77,9,38,88,223,143,0,5,12,115
77,9,38,88,218,46,33,7,20,115
77,9,38,88,218,46,28,90,12,115
77,35,1,69,255,11,28,90,12,115
77,9,3,11,40,23,33,7,20,115
77,9,38,88,450,161,1,5,12,115
77,9,1,0,2,14,371,5,12,115
77,9,1,127,5,19,45,189,12,115
77,9,1,127,5,19,24,73,12,115
77,35,1,164,45,19,11,139,12,115
77,9,3,8,1,220,83,5,12,115
77,35,120,10,16,183,28,90,12,115
77,9,3,11,255,69,1,21,20,115
77,35,166,45,92,78,1,21,20,115
77,9,3,11,255,69,19,5,12,115
77,9,3,11,475,1,5,19,20,115
77,9,3,8,1,7,48,5,12,115
77,9,1,44,274,143,124,30,20,115
77,9,1,44,274,143,0,2,12,115
77,9,1,44,56,0,260,315,12,115
77,9,1,44,56,0,24,19,20,115
77,35,1,7,0,24,19,284,20,115
77,9,3,6,37,70,26,21,20,115
77,9,32,285,24,261,84,21,20,115
77,228,8,1,69,255,11,139,12,115
77,9,1,100,8,10,16,30,20,115
77,9,3,11,475,1,7,107,12,115
77,35,33,385,434,103,62,2,12,115
77,35,1,161,264,136,28,39,12,115
77,228,8,191,1,0,24,19,20,115
77,228,8,100,1,0,5,19,20,115
77,35,1,161,355,45,19,5,12,115
