7,22,137
7,1,22,137
7,48,333,137
7,1,116,71,137
7,37,112,22,137
7,48,302,71,137
7,37,360,467,137
7,0,50,71,137
7,235,50,71,137
7,0,1,22,137
7,1,5,48,333,137
7,200,37,112,22,137
7,0,2,233,71,137
7,48,51,428,22,137
7,0,1,116,71,137
7,1,0,50,71,137
7,20,234,233,71,137
7,1,44,50,71,137
7,62,2,233,71,137
7,20,21,1,22,137
7,1,3,47,71,137
7,114,69,1,22,137
7,20,78,1,22,137
7,37,102,48,333,137
7,200,37,360,467,137
7,1,15,28,181,137
7,1,3,327,22,137
7,0,3,47,71,137
7,33,35,1,22,137
7,0,5,1,22,137
7,0,3,1,22,137
7,33,46,28,181,137
7,0,5,48,333,137
7,0,3,327,22,137
7,22,1,116,71,137
7,48,5,1,22,137
7,37,70,138,22,137
7,37,487,1,22,137
7,1,15,5,48,333,137
7,107,12,154,47,71,137
7,1,3,0,50,71,137
7,235,50,0,1,22,137
7,33,35,1,116,71,137
7,0,6,37,360,467,137
7,1,0,2,233,71,137
7,0,1,44,50,71,137
7,0,5,1,116,71,137
7,0,3,1,116,71,137
7,33,473,5,1,22,137
7,235,328,37,112,22,137
7,33,46,381,48,333,137
7,0,5,51,48,333,137
7,0,5,48,302,71,137
7,0,3,8,1,22,137
7,0,5,51,428,22,137
7,22,112,37,360,467,137
7,0,3,498,28,181,137
7,22,1,15,28,181,137
7,22,327,3,47,71,137
7,0,3,59,28,181,137
7,22,1,5,48,333,137
7,22,428,51,48,333,137
7,0,3,98,28,181,137
7,22,1,0,50,71,137
7,48,61,15,1,22,137
7,0,3,133,217,22,137
7,22,1,3,47,71,137
7,48,102,37,360,467,137
7,48,61,15,28,181,137
7,0,3,11,28,181,137
7,1,5,48,302,71,137
7,22,1,44,50,71,137
7,48,381,46,28,181,137
7,48,102,37,112,22,137
7,0,3,9,1,22,137
7,62,2,0,1,22,137
7,48,493,9,1,22,137
7,48,5,1,116,71,137
7,48,5,0,50,71,137
7,0,3,287,1,22,137
7,62,2,10,91,22,137
7,62,2,0,50,71,137
7,1,5,0,50,71,137
7,37,259,11,28,181,137
7,48,122,135,485,71,137
7,37,487,1,116,71,137
7,1,15,16,47,71,137
7,48,5,11,28,181,137
7,20,21,122,48,333,137
7,20,21,1,116,71,137
7,200,484,8,1,22,137
7,427,126,101,28,181,137
7,48,5,0,1,22,137
7,0,3,392,1,22,137
7,107,12,2,233,71,137
7,1,3,59,28,181,137
7,1,5,51,48,333,137
7,235,50,44,1,22,137
7,37,328,235,50,71,137
7,37,102,48,302,71,137
7,48,174,157,1,22,137
7,48,122,21,1,22,137
7,1,15,61,48,333,137
7,0,4,147,47,71,137
7,0,6,3,1,22,137
7,48,5,15,28,181,137
7,0,6,3,47,71,137
7,48,5,51,428,22,137
7,48,5,15,1,22,137
7,0,6,3,327,22,137
7,48,5,127,1,22,137
7,0,6,37,112,22,137
7,48,5,157,1,22,137
7,1,0,3,47,71,137
7,48,5,161,1,22,137
7,1,0,5,48,333,137
7,1,0,3,327,22,137
7,48,5,188,1,22,137
7,200,207,41,28,181,137
7,0,2,10,91,22,137
7,200,252,326,1,22,137
7,114,69,1,116,71,137
7,20,72,404,28,181,137
7,478,130,51,48,333,137
7,20,269,51,428,22,137
7,272,341,41,28,181,137
7,478,130,46,28,181,137
7,478,130,51,428,22,137
7,20,497,37,112,22,137
7,20,269,51,48,333,137
7,265,23,206,304,71,137
7,272,24,0,50,71,137
7,20,30,194,138,22,137
7,20,497,37,360,467,137
7,238,109,45,360,467,137
7,265,23,0,50,71,137
7,272,309,5,1,22,137
7,272,24,0,1,22,137
7,20,202,206,304,71,137
7,20,30,16,47,71,137
7,347,250,3,47,71,137
7,238,109,96,48,333,137
7,265,23,44,50,71,137
7,265,23,0,1,22,137
7,272,309,5,48,333,137
7,20,204,44,1,22,137
7,20,30,410,47,71,137
7,256,369,35,1,22,137
7,347,250,3,1,22,137
7,238,109,169,1,22,137
7,265,23,41,28,181,137
7,265,23,44,1,22,137
7,20,249,70,138,22,137
7,20,204,44,50,71,137
7,347,250,3,327,22,137
7,265,23,144,28,181,137
7,20,19,5,48,333,137
7,265,23,337,48,333,137
7,427,126,5,48,333,137
7,20,470,45,360,467,137
7,20,19,11,28,181,137
7,20,19,5,1,22,137
7,427,126,5,1,22,137
7,20,95,296,1,22,137
7,20,19,45,360,467,137
7,0,1,3,47,71,137
7,20,310,157,1,22,137
7,20,95,70,138,22,137
7,20,19,69,1,22,137
7,0,1,5,48,333,137
7,0,1,3,327,22,137
7,20,78,312,47,71,137
7,0,1,15,28,181,137
7,107,12,5,48,333,137
7,1,3,498,28,181,137
7,20,78,1,116,71,137
7,107,12,39,28,181,137
7,107,12,5,1,22,137
7,1,3,98,28,181,137
7,107,12,90,28,181,137
7,1,5,11,28,181,137
7,1,3,133,217,22,137
7,1,5,51,428,22,137
7,1,5,15,28,181,137
7,1,3,11,28,181,137
7,0,50,44,1,22,137
7,33,23,206,304,71,137
7,37,6,3,47,71,137
7,33,473,5,48,333,137
7,48,51,5,1,22,137
7,33,60,5,48,333,137
7,33,23,0,50,71,137
7,37,277,119,112,22,137
7,37,6,0,1,22,137
7,37,6,3,1,22,137
7,48,51,136,28,181,137
7,33,131,441,1,22,137
7,33,60,236,1,22,137
7,33,60,5,1,22,137
7,33,23,44,1,22,137
7,33,23,0,1,22,137
7,37,299,144,28,181,137
7,37,6,0,50,71,137
7,37,6,3,327,22,137
7,33,190,431,1,22,137
7,200,37,70,138,22,137
7,33,23,41,28,181,137
7,33,23,44,50,71,137
7,37,79,55,47,71,137
7,235,328,37,360,467,137
7,33,307,157,1,22,137
7,200,37,102,48,333,137
7,33,140,21,1,22,137
7,200,37,487,1,22,137
7,33,170,46,28,181,137
7,33,23,144,28,181,137
7,33,176,9,1,22,137
7,33,23,337,48,333,137
7,33,385,111,1,22,137
7,1,487,37,360,467,137
7,33,46,446,112,22,137
7,1,475,11,28,181,137
7,1,487,37,112,22,137
7,1,9,493,48,333,137
7,0,5,11,28,181,137
7,1,78,312,47,71,137
7,1,9,3,47,71,137
7,0,5,15,1,22,137
7,1,8,3,47,71,137
7,1,9,3,327,22,137
7,0,5,127,1,22,137
7,0,5,15,28,181,137
7,1,164,45,360,467,137
7,1,8,133,217,22,137
7,1,8,3,327,22,137
7,0,5,157,1,22,137
7,1,21,122,48,333,137
7,1,8,10,91,22,137
7,0,5,161,1,22,137
7,1,392,3,327,22,137
7,0,5,188,1,22,137
7,1,111,90,28,181,137
7,1,392,3,47,71,137
7,1,127,5,48,333,137
7,0,160,51,48,333,137
7,1,157,5,48,333,137
7,0,23,206,304,71,137
7,0,160,51,428,22,137
7,1,161,5,48,333,137
7,1,157,174,48,333,137
7,0,34,152,1,22,137
7,0,23,44,50,71,137
7,1,188,5,48,333,137
7,0,56,44,50,71,137
7,0,23,41,28,181,137
7,0,23,44,1,22,137
7,1,287,3,47,71,137
7,0,148,8,1,22,137
7,0,56,44,1,22,137
7,0,23,144,28,181,137
7,1,287,3,327,22,137
7,0,260,100,1,22,137
7,0,23,337,48,333,137
7,0,316,9,1,22,137
7,0,4,3,1,22,137
7,0,438,21,1,22,137
7,0,4,3,47,71,137
7,0,17,101,28,181,137
7,0,4,3,327,22,137
7,33,140,21,122,48,333,137
7,1,9,493,48,302,71,137
7,0,5,11,3,327,22,137
7,0,6,37,70,138,22,137
7,1,78,20,234,233,71,137
7,200,37,102,48,302,71,137
7,22,112,446,46,28,181,137
7,1,9,38,135,485,71,137
7,200,37,487,1,116,71,137
7,33,140,21,1,116,71,137
7,48,5,157,1,116,71,137
7,200,37,277,119,112,22,137
7,0,5,15,1,116,71,137
7,33,140,267,8,1,22,137
7,33,170,46,381,48,333,137
7,0,5,48,51,428,22,137
7,22,1,15,5,48,333,137
7,1,9,3,0,50,71,137
7,22,112,37,102,48,333,137
7,48,5,161,227,1,22,137
7,48,5,161,1,116,71,137
7,0,5,127,1,116,71,137
7,33,307,157,1,116,71,137
7,48,5,51,136,28,181,137
7,1,0,4,147,47,71,137
7,0,5,15,16,47,71,137
7,22,327,3,11,28,181,137
7,1,164,45,11,28,181,137
7,1,0,5,51,48,333,137
7,0,6,3,1,116,71,137
7,1,0,3,59,28,181,137
7,1,8,133,3,327,22,137
7,1,8,3,0,50,71,137
7,1,0,5,48,302,71,137
7,1,21,122,48,302,71,137
7,1,8,213,435,116,71,137
7,1,188,5,48,302,71,137
7,1,8,10,2,233,71,137
7,33,176,9,3,327,22,137
7,200,207,41,155,91,22,137
7,0,5,161,227,1,22,137
7,0,2,10,8,1,22,137
7,0,5,161,1,116,71,137
7,48,5,188,1,116,71,137
7,0,5,12,154,47,71,137
7,33,46,433,5,48,333,137
7,33,121,38,135,485,71,137
7,22,1,5,48,302,71,137
7,200,252,457,0,1,22,137
7,0,5,188,1,116,71,137
7,200,252,326,1,116,71,137
7,48,5,15,1,116,71,137
7,114,69,1,5,48,333,137
7,1,392,3,0,50,71,137
7,22,217,133,3,47,71,137
7,33,23,337,48,302,71,137
7,48,5,127,1,116,71,137
7,22,1,5,0,50,71,137
7,1,127,5,0,50,71,137
7,33,23,13,67,28,181,137
7,20,72,192,45,360,467,137
7,48,5,15,16,47,71,137
7,33,385,111,90,28,181,137
7,37,112,446,46,28,181,137
7,22,428,51,136,28,181,137
7,1,157,5,0,50,71,137
7,33,385,111,1,116,71,137
7,235,50,71,116,1,22,137
7,33,176,180,134,1,22,137
7,1,21,122,135,485,71,137
7,0,160,51,5,48,333,137
7,1,161,355,45,360,467,137
7,37,112,22,1,116,71,137
7,1,161,5,48,302,71,137
7,1,157,416,3,47,71,137
7,1,161,5,0,50,71,137
7,1,157,174,48,302,71,137
7,0,34,17,101,28,181,137
7,1,475,11,3,327,22,137
7,0,2,14,3,47,71,137
7,272,341,41,155,91,22,137
7,0,34,152,1,116,71,137
7,22,1,0,2,233,71,137
7,33,307,157,5,48,333,137
7,478,130,46,381,48,333,137
7,0,5,157,174,48,333,137
7,1,188,5,0,50,71,137
7,478,130,51,5,48,333,137
7,1,157,5,48,302,71,137
7,1,21,84,358,28,181,137
7,0,3,8,100,1,22,137
7,0,5,51,48,302,71,137
7,1,116,71,302,48,333,137
7,48,61,105,46,28,181,137
7,0,23,41,155,91,22,137
7,20,269,51,5,48,333,137
7,0,23,44,1,116,71,137
7,1,35,415,70,138,22,137
7,1,287,324,11,28,181,137
7,0,3,8,1,116,71,137
7,0,5,157,1,116,71,137
7,33,35,110,248,28,181,137
7,20,269,51,48,302,71,137
7,48,5,12,154,47,71,137
7,0,5,51,136,28,181,137
7,478,130,51,48,302,71,137
7,0,148,8,3,327,22,137
7,0,148,8,1,116,71,137
7,48,61,15,1,116,71,137
7,0,56,44,1,116,71,137
7,0,6,18,453,28,181,137
7,33,176,9,1,116,71,137
7,0,160,51,48,302,71,137
7,0,6,3,498,28,181,137
7,22,1,3,11,28,181,137
7,1,287,3,0,50,71,137
7,0,260,330,11,28,181,137
7,0,260,100,8,1,22,137
7,0,260,100,1,116,71,137
7,1,44,366,51,428,22,137
7,20,497,37,70,138,22,137
7,0,23,104,16,47,71,137
7,0,23,337,48,302,71,137
7,272,24,298,44,1,22,137
7,0,316,9,1,116,71,137
7,0,316,9,3,327,22,137
7,0,4,301,100,1,22,137
7,1,127,5,48,302,71,137
7,1,487,37,70,138,22,137
7,238,109,45,11,28,181,137
7,0,4,3,1,116,71,137
7,0,438,21,122,48,333,137
7,0,438,21,1,116,71,137
7,48,61,15,5,1,22,137
7,0,175,258,215,28,181,137
7,0,17,186,387,28,181,137
7,272,443,259,11,28,181,137
7,0,4,3,498,28,181,137
7,0,5,11,45,360,467,137
7,0,3,11,45,360,467,137
7,272,309,5,1,116,71,137
7,272,24,0,2,233,71,137
7,0,5,11,3,1,22,137
7,0,6,37,102,48,333,137
7,272,24,0,1,116,71,137
7,1,78,92,45,360,467,137
7,272,309,5,48,302,71,137
7,1,5,48,51,428,22,137
7,33,46,28,15,1,22,137
7,1,9,32,11,28,181,137
7,37,360,45,11,28,181,137
7,20,30,16,10,91,22,137
7,1,9,32,145,28,181,137
7,37,360,45,164,1,22,137
7,20,30,16,15,28,181,137
7,1,9,32,247,48,333,137
7,22,1,487,37,360,467,137
7,20,30,16,183,28,181,137
7,20,30,16,15,1,22,137
7,22,1,475,11,28,181,137
7,200,37,328,235,50,71,137
7,347,350,252,326,1,22,137
7,22,1,9,493,48,333,137
7,200,37,259,11,28,181,137
7,33,46,381,48,302,71,137
7,22,1,78,312,47,71,137
7,22,1,9,3,47,71,137
7,200,37,6,0,1,22,137
7,22,1,8,3,47,71,137
7,33,170,46,446,112,22,137
7,200,37,299,144,28,181,137
7,200,37,6,3,327,22,137
7,200,37,6,0,50,71,137
7,22,1,164,45,360,467,137
7,200,37,79,55,47,71,137
7,200,37,6,3,1,22,137
7,22,1,21,122,48,333,137
7,0,3,133,8,1,22,137
7,200,37,6,3,47,71,137
7,22,1,111,90,28,181,137
7,22,428,51,48,302,71,137
7,48,102,37,70,138,22,137
7,22,1,127,5,48,333,137
7,22,1,15,16,47,71,137
7,48,102,37,487,1,22,137
7,22,1,157,5,48,333,137
7,22,1,15,61,48,333,137
7,1,9,3,498,28,181,137
7,22,1,392,3,47,71,137
7,22,1,157,174,48,333,137
7,1,9,3,59,28,181,137
7,22,1,161,5,48,333,137
7,265,23,0,1,116,71,137
7,1,9,3,98,28,181,137
7,22,1,188,5,48,333,137
7,265,23,0,2,233,71,137
7,1,9,3,133,217,22,137
7,22,1,287,3,47,71,137
7,265,23,0,5,48,333,137
7,1,9,3,11,28,181,137
7,272,309,5,0,50,71,137
7,265,23,0,3,1,22,137
7,265,23,0,5,1,22,137
7,272,309,5,11,28,181,137
7,272,309,5,0,1,22,137
7,265,23,0,3,47,71,137
7,272,309,5,15,28,181,137
7,0,3,9,493,48,333,137
7,265,23,0,3,327,22,137
7,272,309,5,51,48,333,137
7,272,309,5,15,1,22,137
7,0,3,9,1,116,71,137
7,272,309,5,127,1,22,137
7,272,309,5,51,428,22,137
7,20,204,44,1,116,71,137
7,272,309,5,157,1,22,137
7,1,0,17,101,28,181,137
7,1,0,4,3,47,71,137
7,272,309,5,161,1,22,137
7,1,0,160,51,48,333,137
7,1,0,4,3,327,22,137
7,272,309,5,188,1,22,137
7,1,0,23,206,304,71,137
7,1,0,160,51,428,22,137
7,20,30,286,429,48,333,137
7,1,0,56,44,50,71,137
7,1,0,23,44,50,71,137
7,20,30,146,45,360,467,137
7,20,30,286,5,48,333,137
7,1,0,6,3,47,71,137
7,1,0,23,41,28,181,137
7,20,30,124,100,1,22,137
7,20,30,286,5,1,22,137
7,1,0,6,37,112,22,137
7,1,0,6,3,327,22,137
7,1,0,23,144,28,181,137
7,20,30,132,45,360,467,137
7,1,0,6,37,360,467,137
7,1,0,23,337,48,333,137
7,20,30,142,125,47,71,137
7,20,30,132,423,233,71,137
7,0,5,15,61,48,333,137
7,20,30,156,35,1,22,137
7,22,327,3,1,116,71,137
7,62,353,442,5,1,22,137
7,459,424,390,15,1,22,137
7,22,327,3,59,28,181,137
7,62,103,17,101,28,181,137
7,62,353,240,37,112,22,137
7,62,353,442,5,48,333,137
7,459,424,23,0,50,71,137
7,459,424,390,15,28,181,137
7,22,327,3,0,50,71,137
7,62,149,120,10,91,22,137
7,62,103,213,435,116,71,137
7,62,103,17,0,1,22,137
7,62,353,240,37,360,467,137
7,459,424,23,44,50,71,137
7,459,424,23,0,1,22,137
7,22,327,3,98,28,181,137
7,256,222,6,0,50,71,137
7,62,149,120,35,1,22,137
7,62,103,340,35,1,22,137
7,62,103,213,8,1,22,137
7,62,103,17,0,50,71,137
7,459,424,23,41,28,181,137
7,459,424,23,44,1,22,137
7,22,327,3,498,28,181,137
7,256,421,417,46,28,181,137
7,256,222,283,407,28,181,137
7,256,222,6,3,327,22,137
7,256,222,6,0,1,22,137
7,459,424,23,144,28,181,137
7,256,222,95,296,1,22,137
7,256,222,6,37,112,22,137
7,256,222,6,3,1,22,137
7,459,424,23,206,304,71,137
7,256,222,95,70,138,22,137
7,256,222,6,37,360,467,137
7,256,222,6,3,47,71,137
7,459,424,23,337,48,333,137
7,1,0,5,11,28,181,137
7,37,70,26,55,47,71,137
7,1,0,5,51,428,22,137
7,256,369,35,1,116,71,137
7,1,0,5,15,28,181,137
7,37,70,95,296,1,22,137
7,37,70,26,8,1,22,137
7,1,0,3,498,28,181,137
7,238,109,96,48,302,71,137
7,37,70,415,35,1,22,137
7,37,70,26,21,1,22,137
7,1,0,3,98,28,181,137
7,347,250,3,1,116,71,137
7,238,109,361,11,28,181,137
7,37,70,26,125,47,71,137
7,1,0,3,133,217,22,137
7,1,8,133,3,47,71,137
7,238,109,219,21,1,22,137
7,238,109,169,1,116,71,137
7,1,0,3,11,28,181,137
7,1,8,3,498,28,181,137
7,238,109,437,194,138,22,137
7,48,493,9,3,327,22,137
7,265,23,41,155,91,22,137
7,1,8,3,59,28,181,137
7,1,8,148,0,50,71,137
7,48,493,9,3,1,22,137
7,265,23,44,1,116,71,137
7,1,8,3,98,28,181,137
7,1,8,26,55,47,71,137
7,48,493,9,3,47,71,137
7,48,381,46,446,112,22,137
7,48,493,9,1,116,71,137
7,1,8,3,133,217,22,137
7,1,8,83,5,48,333,137
7,1,8,26,70,138,22,137
7,48,5,1,0,50,71,137
7,1,8,10,16,47,71,137
7,1,8,3,11,28,181,137
7,20,249,70,37,112,22,137
7,1,8,26,125,47,71,137
7,48,5,1,3,47,71,137
7,1,8,10,356,28,181,137
7,33,176,9,493,48,333,137
7,20,249,70,37,360,467,137
7,33,176,9,3,1,22,137
7,48,5,1,15,28,181,137
7,48,5,1,3,327,22,137
7,62,2,0,1,116,71,137
7,0,2,10,16,47,71,137
7,33,176,9,3,47,71,137
7,48,5,1,44,50,71,137
7,347,250,3,0,50,71,137
7,0,2,10,356,28,181,137
7,347,250,3,8,1,22,137
7,347,250,3,0,1,22,137
7,347,250,3,9,1,22,137
7,20,19,11,3,327,22,137
7,347,250,3,11,28,181,137
7,20,19,11,5,48,333,137
7,20,19,11,3,1,22,137
7,347,250,3,59,28,181,137
7,20,19,11,45,360,467,137
7,20,19,11,5,1,22,137
7,20,19,11,3,47,71,137
7,347,250,3,98,28,181,137
7,20,19,11,440,28,181,137
7,347,250,3,133,217,22,137
7,20,19,11,475,1,22,137
7,347,250,3,287,1,22,137
7,62,2,10,8,1,22,137
7,347,250,3,392,1,22,137
7,62,2,10,16,47,71,137
7,347,250,3,498,28,181,137
7,62,2,10,356,28,181,137
7,20,19,5,0,50,71,137
7,20,19,5,1,116,71,137
7,20,19,5,11,28,181,137
7,20,19,5,0,1,22,137
7,20,19,5,15,28,181,137
7,0,5,19,45,360,467,137
7,20,19,5,51,48,333,137
7,20,19,5,15,1,22,137
7,0,5,18,453,28,181,137
7,0,5,19,11,28,181,137
7,20,19,5,127,1,22,137
7,20,19,5,51,428,22,137
7,0,5,13,67,28,181,137
7,0,5,19,69,1,22,137
7,0,5,12,2,233,71,137
7,33,46,105,61,48,333,137
7,33,46,433,5,1,22,137
7,33,153,40,11,28,181,137
7,33,121,38,9,1,22,137
7,20,19,5,157,1,22,137
7,0,5,126,101,28,181,137
7,0,5,13,3,327,22,137
7,0,5,12,39,28,181,137
7,33,46,130,51,48,333,137
7,200,252,68,37,112,22,137
7,33,439,186,387,28,181,137
7,200,252,457,0,50,71,137
7,20,19,5,161,1,22,137
7,0,5,60,236,1,22,137
7,0,5,13,119,112,22,137
7,427,126,5,0,50,71,137
7,114,69,1,0,50,71,137
7,0,5,13,3,1,22,137
7,0,5,12,90,28,181,137
7,33,46,110,35,1,22,137
7,33,46,130,51,428,22,137
7,200,252,68,37,360,467,137
7,20,19,5,188,1,22,137
7,427,126,5,1,116,71,137
7,1,392,3,498,28,181,137
7,0,5,286,429,48,333,137
7,22,91,10,2,233,71,137
7,0,5,13,123,47,71,137
7,427,126,5,11,28,181,137
7,427,126,5,0,1,22,137
7,114,69,1,3,47,71,137
7,0,5,13,3,47,71,137
7,265,23,337,48,302,71,137
7,265,23,175,0,1,22,137
7,48,302,71,116,1,22,137
7,22,1,5,51,48,333,137
7,33,46,52,21,1,22,137
7,33,46,110,248,28,181,137
7,62,2,0,3,47,71,137
7,20,95,296,1,116,71,137
7,1,127,5,51,48,333,137
7,1,392,3,59,28,181,137
7,0,5,83,8,1,22,137
7,22,138,70,37,360,467,137
7,20,19,5,48,302,71,137
7,1,3,0,2,233,71,137
7,33,23,357,236,1,22,137
7,22,91,155,41,28,181,137
7,22,91,10,356,28,181,137
7,20,19,45,11,28,181,137
7,33,23,13,3,327,22,137
7,0,5,13,306,91,22,137
7,427,126,5,15,28,181,137
7,1,15,5,0,50,71,137
7,1,5,0,2,233,71,137
7,20,72,31,16,47,71,137
7,114,69,1,44,50,71,137
7,114,69,1,3,327,22,137
7,37,259,11,3,327,22,137
7,20,284,19,5,48,333,137
7,20,310,491,5,48,333,137
7,265,23,13,67,28,181,137
7,265,23,175,0,50,71,137
7,20,310,157,5,48,333,137
7,22,1,5,11,28,181,137
7,33,46,49,11,28,181,137
7,33,46,52,481,28,181,137
7,20,310,157,1,116,71,137
7,22,428,51,5,48,333,137
7,62,2,0,5,1,22,137
7,20,95,70,37,112,22,137
7,1,157,5,51,48,333,137
7,62,2,0,3,1,22,137
7,1,127,5,11,28,181,137
7,1,127,5,51,428,22,137
7,1,392,3,98,28,181,137
7,20,19,24,0,50,71,137
7,235,50,71,302,48,333,137
7,0,5,86,226,1,22,137
7,0,5,83,220,1,22,137
7,62,2,14,3,327,22,137
7,1,15,5,48,302,71,137
7,20,19,69,1,116,71,137
7,0,1,5,51,48,333,137
7,1,3,0,5,48,333,137
7,33,23,175,0,50,71,137
7,0,160,51,136,28,181,137
7,22,91,10,16,47,71,137
7,20,19,45,164,1,22,137
7,0,160,51,5,1,22,137
7,33,23,13,5,48,333,137
7,1,161,264,136,28,181,137
7,33,23,13,3,1,22,137
7,0,1,5,48,302,71,137
7,0,1,3,59,28,181,137
7,427,126,5,51,48,333,137
7,427,126,5,15,1,22,137
7,1,15,5,51,48,333,137
7,1,5,0,3,47,71,137
7,20,78,92,45,360,467,137
7,20,72,31,57,1,22,137
7,1,157,416,3,327,22,137
7,114,69,1,15,28,181,137
7,37,487,1,5,48,333,137
7,235,50,0,2,233,71,137
7,0,1,487,37,112,22,137
7,1,161,5,51,48,333,137
7,37,259,11,5,48,333,137
7,0,1,15,5,48,333,137
7,37,259,11,3,1,22,137
7,20,74,363,5,1,22,137
7,20,284,19,11,28,181,137
7,33,35,1,5,48,333,137
7,20,284,19,5,1,22,137
7,20,310,365,69,1,22,137
7,20,310,491,5,1,22,137
7,265,23,104,16,47,71,137
7,1,5,51,48,302,71,137
7,0,34,38,9,1,22,137
7,265,23,13,3,327,22,137
7,235,50,0,1,116,71,137
7,1,15,16,10,91,22,137
7,107,12,5,48,302,71,137
7,20,310,157,174,48,333,137
7,20,310,157,5,1,22,137
7,1,475,11,5,48,333,137
7,22,1,5,15,28,181,137
7,20,78,1,5,48,333,137
7,1,475,11,3,47,71,137
7,33,46,86,226,1,22,137
7,0,3,287,1,116,71,137
7,0,2,379,45,360,467,137
7,0,2,14,96,48,333,137
7,0,2,14,3,1,22,137
7,62,2,0,5,48,333,137
7,20,95,70,37,360,467,137
7,20,470,45,11,28,181,137
7,427,126,5,48,302,71,137
7,48,5,11,3,327,22,137
7,107,12,5,1,116,71,137
7,1,157,5,11,28,181,137
7,1,157,5,51,428,22,137
7,62,2,0,3,327,22,137
7,1,127,5,15,28,181,137
7,107,12,5,0,50,71,137
7,22,1,0,3,47,71,137
7,1,392,3,133,217,22,137
7,20,19,25,3,47,71,137
7,20,19,24,0,1,22,137
7,107,12,189,45,360,467,137
7,0,5,270,9,1,22,137
7,20,21,122,48,302,71,137
7,0,50,71,116,1,22,137
7,107,12,90,111,1,22,137
7,33,307,157,174,48,333,137
7,0,5,86,46,28,181,137
7,33,307,157,5,1,22,137
7,20,21,26,70,138,22,137
7,478,130,46,446,112,22,137
7,62,2,12,90,28,181,137
7,62,2,14,96,48,333,137
7,62,2,14,3,1,22,137
7,114,224,13,3,1,22,137
7,1,5,11,3,327,22,137
7,1,188,5,51,48,333,137
7,20,21,122,135,485,71,137
7,0,1,5,11,28,181,137
7,0,1,5,51,428,22,137
7,478,130,51,136,28,181,137
7,114,69,19,5,48,333,137
7,20,21,1,5,48,333,137
7,1,15,61,48,302,71,137
7,478,130,51,5,1,22,137
7,33,23,40,11,28,181,137
7,33,23,175,0,1,22,137
7,1,5,51,136,28,181,137
7,1,21,89,10,91,22,137
7,1,5,13,3,327,22,137
7,0,3,8,133,217,22,137
7,1,5,15,16,47,71,137
7,33,23,13,119,112,22,137
7,33,23,13,5,1,22,137
7,200,484,8,3,327,22,137
7,1,3,8,133,217,22,137
7,33,23,13,3,47,71,137
7,1,3,11,45,360,467,137
7,0,1,3,498,28,181,137
7,427,126,5,127,1,22,137
7,427,126,5,51,428,22,137
7,1,15,5,11,28,181,137
7,1,15,5,51,428,22,137
7,1,5,0,3,327,22,137
7,0,50,44,1,116,71,137
7,1,0,2,10,91,22,137
7,33,473,5,48,302,71,137
7,200,484,8,1,116,71,137
7,20,269,51,136,28,181,137
7,20,269,51,5,1,22,137
7,1,97,80,46,28,181,137
7,37,487,1,0,50,71,137
7,1,35,166,45,360,467,137
7,235,50,0,3,47,71,137
7,0,1,475,11,28,181,137
7,1,22,112,37,360,467,137
7,0,1,487,37,360,467,137
7,1,161,5,11,28,181,137
7,1,161,5,51,428,22,137
7,37,259,11,45,360,467,137
7,37,259,11,5,1,22,137
7,0,1,15,16,47,71,137
7,33,35,288,96,48,333,137
7,37,259,11,3,47,71,137
7,20,115,12,5,48,333,137
7,20,74,31,16,47,71,137
7,20,375,156,35,1,22,137
7,20,115,12,2,233,71,137
7,20,115,12,5,1,22,137
7,20,74,94,0,1,22,137
7,20,74,31,57,1,22,137
7,20,464,79,37,360,467,137
7,20,115,12,39,28,181,137
7,20,74,94,0,50,71,137
7,20,201,82,67,28,181,137
7,20,464,79,55,47,71,137
7,20,464,79,37,112,22,137
7,20,115,12,90,28,181,137
7,20,201,386,303,47,71,137
7,20,115,12,154,47,71,137
7,20,74,363,5,48,333,137
7,20,284,19,45,360,467,137
7,48,5,0,1,116,71,137
7,20,284,19,69,1,22,137
7,33,473,5,0,50,71,137
7,33,35,110,46,28,181,137
7,33,473,5,11,28,181,137
7,33,473,5,0,1,22,137
7,33,473,5,15,28,181,137
7,33,35,1,0,50,71,137
7,33,473,5,51,48,333,137
7,33,473,5,15,1,22,137
7,33,35,1,3,47,71,137
7,33,473,5,127,1,22,137
7,33,473,5,51,428,22,137
7,33,35,1,44,50,71,137
7,33,35,1,3,327,22,137
7,33,473,5,157,1,22,137
7,33,35,1,15,28,181,137
7,33,473,5,161,1,22,137
7,48,51,5,0,50,71,137
7,33,473,5,188,1,22,137
7,48,51,5,11,28,181,137
7,48,51,5,0,1,22,137
7,48,51,5,15,28,181,137
7,48,5,19,45,360,467,137
7,48,51,5,127,1,22,137
7,48,51,5,15,1,22,137
7,48,5,18,453,28,181,137
7,48,5,19,11,28,181,137
7,48,51,5,157,1,22,137
7,48,5,13,67,28,181,137
7,48,5,19,69,1,22,137
7,48,51,5,161,1,22,137
7,48,5,126,101,28,181,137
7,48,5,13,3,327,22,137
7,48,51,5,188,1,22,137
7,48,5,60,236,1,22,137
7,48,5,13,119,112,22,137
7,48,5,13,3,1,22,137
7,48,5,83,8,1,22,137
7,48,5,13,123,47,71,137
7,48,5,13,3,47,71,137
7,48,5,86,226,1,22,137
7,48,5,83,220,1,22,137
7,48,5,13,306,91,22,137
7,48,5,270,9,1,22,137
7,48,5,86,46,28,181,137
7,48,5,433,46,28,181,137
7,48,5,86,231,28,181,137
7,48,5,291,136,28,181,137
7,265,23,232,69,1,22,137
7,48,5,12,2,233,71,137
7,265,23,357,236,1,22,137
7,48,5,12,39,28,181,137
7,265,23,33,35,1,22,137
7,48,5,12,90,28,181,137
7,265,23,40,11,28,181,137
7,265,23,33,46,28,181,137
7,48,51,5,1,116,71,137
7,0,34,38,135,485,71,137
7,48,5,0,2,233,71,137
7,0,3,75,303,47,71,137
7,48,5,0,3,1,22,137
7,0,3,346,248,28,181,137
7,48,5,0,3,47,71,137
7,0,3,13,5,48,333,137
7,48,5,0,3,327,22,137
7,0,3,416,157,1,22,137
7,0,3,13,67,28,181,137
7,0,3,13,5,1,22,137
7,0,3,4,147,47,71,137
7,0,3,13,119,112,22,137
7,0,3,6,37,112,22,137
7,0,3,13,123,47,71,137
7,0,3,14,2,233,71,137
7,0,3,6,37,360,467,137
7,0,3,13,306,91,22,137
7,0,3,14,96,48,333,137
7,265,23,13,5,48,333,137
7,265,23,13,3,1,22,137
7,265,23,13,119,112,22,137
7,265,23,13,5,1,22,137
7,265,23,13,3,47,71,137
7,265,23,13,123,47,71,137
7,0,148,8,10,91,22,137
7,265,23,13,306,91,22,137
7,0,148,8,93,1,22,137
7,1,15,16,183,28,181,137
7,0,148,8,100,1,22,137
7,33,60,5,48,302,71,137
7,0,148,8,133,217,22,137
7,0,148,8,3,1,22,137
7,0,148,8,191,1,22,137
7,0,148,8,3,47,71,137
7,0,148,8,317,1,22,137
7,0,3,392,1,116,71,137
7,1,475,11,45,360,467,137
7,0,5,1,3,47,71,137
7,1,475,11,440,28,181,137
7,0,5,1,15,28,181,137
7,0,5,1,3,327,22,137
7,0,5,1,44,50,71,137
7,107,12,2,0,1,22,137
7,0,6,42,463,116,71,137
7,107,12,2,10,91,22,137
7,107,12,2,0,50,71,137
7,0,6,225,479,327,22,137
7,20,78,1,0,50,71,137
7,0,6,199,108,1,22,137
7,20,78,1,3,47,71,137
7,0,6,17,101,28,181,137
7,20,78,1,44,50,71,137
7,20,78,1,3,327,22,137
7,20,78,1,15,28,181,137
7,33,46,80,97,1,22,137
7,0,6,18,5,48,333,137
7,33,46,292,9,1,22,137
7,0,6,18,5,1,22,137
7,33,46,86,5,48,333,137
7,0,2,322,194,138,22,137
7,33,46,86,231,28,181,137
7,33,46,86,5,1,22,137
7,0,2,12,39,28,181,137
7,37,6,18,5,1,22,137
7,0,2,12,5,48,333,137
7,37,6,42,463,116,71,137
7,37,6,18,453,28,181,137
7,37,6,18,5,48,333,137
7,0,2,12,90,28,181,137
7,0,2,12,5,1,22,137
7,37,6,225,479,327,22,137
7,0,2,12,154,47,71,137
7,37,6,17,0,50,71,137
7,0,6,3,59,28,181,137
7,37,6,199,108,1,22,137
7,37,6,17,101,28,181,137
7,37,6,17,0,1,22,137
7,0,6,3,98,28,181,137
7,0,2,14,3,327,22,137
7,0,6,3,133,217,22,137
7,22,1,3,59,28,181,137
7,0,6,3,11,28,181,137
7,22,1,3,498,28,181,137
7,0,6,3,8,1,22,137
7,22,1,3,98,28,181,137
7,0,6,3,9,1,22,137
7,22,1,3,0,50,71,137
7,0,6,3,287,1,22,137
7,20,470,45,164,1,22,137
7,0,6,3,392,1,22,137
7,37,6,0,1,116,71,137
7,1,287,3,498,28,181,137
7,48,5,11,45,360,467,137
7,1,287,3,59,28,181,137
7,48,5,11,440,28,181,137
7,1,287,3,98,28,181,137
7,48,5,11,475,1,22,137
7,1,287,3,133,217,22,137
7,48,5,11,3,1,22,137
7,1,287,3,11,28,181,137
7,48,5,11,3,47,71,137
7,1,157,5,15,28,181,137
7,0,3,1,44,50,71,137
7,37,6,3,1,116,71,137
7,0,3,1,5,48,333,137
7,107,12,5,11,28,181,137
7,0,3,1,15,28,181,137
7,107,12,5,15,28,181,137
7,107,12,5,0,1,22,137
7,107,12,5,51,48,333,137
7,107,12,5,15,1,22,137
7,107,12,5,127,1,22,137
7,107,12,5,51,428,22,137
7,107,12,5,157,1,22,137
7,22,1,0,5,48,333,137
7,107,12,5,161,1,22,137
7,48,51,366,44,50,71,137
7,107,12,5,188,1,22,137
7,48,51,130,46,28,181,137
7,48,51,366,44,1,22,137
7,48,51,160,0,1,22,137
7,1,392,3,11,28,181,137
7,48,51,172,215,28,181,137
7,48,51,160,0,50,71,137
7,1,44,23,337,48,333,137
7,20,19,390,15,1,22,137
7,1,44,56,0,50,71,137
7,1,44,23,0,50,71,137
7,20,19,294,51,48,333,137
7,20,19,390,15,28,181,137
7,1,44,23,41,28,181,137
7,20,19,294,51,428,22,137
7,1,44,23,144,28,181,137
7,20,19,25,3,1,22,137
7,1,44,23,206,304,71,137
7,20,19,25,3,327,22,137
7,33,131,104,16,47,71,137
7,1,44,366,51,48,333,137
7,33,131,186,387,28,181,137
7,20,497,37,102,48,333,137
7,107,12,425,220,1,22,137
7,20,497,37,487,1,22,137
7,107,12,241,469,1,22,137
7,0,5,433,46,28,181,137
7,107,12,334,10,91,22,137
7,107,12,241,11,28,181,137
7,0,5,291,136,28,181,137
7,107,12,73,134,1,22,137
7,33,131,441,1,116,71,137
7,107,12,139,11,28,181,137
7,0,23,13,67,28,181,137
7,0,50,71,302,48,333,137
7,0,23,232,69,1,22,137
7,0,23,13,3,327,22,137
7,0,23,40,11,28,181,137
7,0,23,13,5,48,333,137
7,0,23,13,3,1,22,137
7,0,23,357,236,1,22,137
7,0,23,13,119,112,22,137
7,0,23,13,5,1,22,137
7,0,23,13,3,47,71,137
7,0,23,33,35,1,22,137
7,0,23,13,123,47,71,137
7,0,23,33,46,28,181,137
7,0,23,13,306,91,22,137
7,33,60,65,184,50,71,137
7,33,60,5,0,50,71,137
7,33,60,290,3,1,22,137
7,33,60,65,57,1,22,137
7,33,60,5,11,28,181,137
7,33,60,5,0,1,22,137
7,33,60,290,3,47,71,137
7,33,60,5,15,28,181,137
7,33,60,290,3,327,22,137
7,33,60,5,51,48,333,137
7,33,60,5,15,1,22,137
7,33,60,5,127,1,22,137
7,33,60,5,51,428,22,137
7,33,60,5,157,1,22,137
7,33,60,5,1,116,71,137
7,33,60,5,161,1,22,137
7,235,50,44,1,116,71,137
7,33,60,5,188,1,22,137
7,272,24,19,11,28,181,137
7,272,24,298,44,50,71,137
7,272,24,73,134,1,22,137
7,272,24,19,5,48,333,137
7,272,24,212,45,360,467,137
7,272,24,19,45,360,467,137
7,272,24,19,5,1,22,137
7,272,24,251,45,360,467,137
7,272,24,19,69,1,22,137
7,0,5,86,231,28,181,137
7,20,21,52,481,28,181,137
7,20,21,26,8,1,22,137
7,20,21,438,0,50,71,137
7,20,21,52,46,28,181,137
7,20,21,26,55,47,71,137
7,20,21,89,10,91,22,137
7,20,21,438,0,1,22,137
7,20,21,26,125,47,71,137
7,20,21,84,358,28,181,137
7,0,316,9,493,48,333,137
7,20,21,118,11,28,181,137
7,62,2,379,45,360,467,137
7,62,2,12,5,48,333,137
7,62,2,322,194,138,22,137
7,62,2,12,39,28,181,137
7,62,2,12,5,1,22,137
7,62,2,12,154,47,71,137
7,62,2,14,3,47,71,137
7,33,60,236,1,116,71,137
7,0,316,9,3,1,22,137
7,114,173,6,3,47,71,137
7,0,316,9,3,47,71,137
7,114,422,283,407,28,181,137
7,114,173,202,206,304,71,137
7,114,173,6,0,1,22,137
7,114,173,6,3,1,22,137
7,114,173,6,37,112,22,137
7,114,173,6,0,50,71,137
7,114,173,6,3,327,22,137
7,114,173,6,37,360,467,137
7,114,224,13,5,48,333,137
7,114,224,13,3,47,71,137
7,114,224,13,67,28,181,137
7,114,224,13,5,1,22,137
7,114,224,13,3,327,22,137
7,114,224,13,119,112,22,137
7,0,4,42,463,116,71,137
7,114,224,13,123,47,71,137
7,0,4,257,11,28,181,137
7,114,224,13,306,91,22,137
7,0,4,113,15,28,181,137
7,1,5,11,45,360,467,137
7,0,4,159,37,112,22,137
7,0,4,113,15,1,22,137
7,1,5,11,440,28,181,137
7,0,4,159,37,360,467,137
7,1,5,11,3,47,71,137
7,33,23,44,1,116,71,137
7,1,188,5,11,28,181,137
7,1,188,5,51,428,22,137
7,1,188,5,15,28,181,137
7,33,23,0,2,233,71,137
7,0,1,5,15,28,181,137
7,33,23,0,5,48,333,137
7,37,102,48,5,1,22,137
7,33,23,0,3,1,22,137
7,33,23,0,5,1,22,137
7,37,102,48,51,428,22,137
7,33,23,0,3,47,71,137
7,33,23,0,1,116,71,137
7,33,23,0,3,327,22,137
7,1,487,37,102,48,333,137
7,114,69,255,11,28,181,137
7,114,69,19,11,28,181,137
7,114,69,19,5,1,22,137
7,114,69,19,45,360,467,137
7,238,109,45,164,1,22,137
7,20,21,1,0,50,71,137
7,37,299,476,157,1,22,137
7,20,21,1,3,47,71,137
7,37,299,362,5,48,333,137
7,20,21,1,44,50,71,137
7,20,21,1,3,327,22,137
7,37,299,368,188,1,22,137
7,37,299,362,5,1,22,137
7,20,21,1,15,28,181,137
7,33,23,104,16,47,71,137
7,33,473,5,1,116,71,137
7,33,23,232,69,1,22,137
7,48,247,32,382,1,22,137
7,37,6,0,2,233,71,137
7,48,96,14,2,233,71,137
7,48,247,32,9,1,22,137
7,37,6,0,5,48,333,137
7,48,337,414,100,1,22,137
7,48,96,109,45,360,467,137
7,48,96,14,3,327,22,137
7,48,247,32,11,28,181,137
7,37,6,0,3,1,22,137
7,37,6,0,5,1,22,137
7,48,429,286,5,1,22,137
7,48,337,23,0,50,71,137
7,48,96,288,35,1,22,137
7,48,96,109,169,1,22,137
7,48,96,14,3,1,22,137
7,48,247,32,145,28,181,137
7,37,6,0,3,47,71,137
7,48,337,23,44,50,71,137
7,48,337,23,0,1,22,137
7,48,96,14,3,47,71,137
7,37,6,0,3,327,22,137
7,48,337,23,41,28,181,137
7,48,337,23,44,1,22,137
7,48,337,23,144,28,181,137
7,1,21,26,70,138,22,137
7,48,337,23,206,304,71,137
7,1,21,438,0,50,71,137
7,1,21,26,55,47,71,137
7,1,21,20,234,233,71,137
7,1,21,26,125,47,71,137
7,1,21,52,481,28,181,137
7,48,61,15,16,47,71,137
7,1,21,118,11,28,181,137
7,1,21,52,46,28,181,137
7,1,5,157,174,48,333,137
7,1,5,13,67,28,181,137
7,1,5,18,453,28,181,137
7,1,5,13,119,112,22,137
7,1,5,86,231,28,181,137
7,1,5,13,123,47,71,137
7,1,5,126,101,28,181,137
7,1,5,86,46,28,181,137
7,1,5,13,306,91,22,137
7,1,5,19,45,360,467,137
7,1,5,13,3,47,71,137
7,1,5,12,154,47,71,137
7,1,5,19,11,28,181,137
7,1,5,286,429,48,333,137
7,1,5,12,2,233,71,137
7,1,5,291,136,28,181,137
7,1,5,12,39,28,181,137
7,1,5,433,46,28,181,137
7,1,5,12,90,28,181,137
7,48,174,157,5,1,22,137
7,37,6,3,59,28,181,137
7,0,3,8,191,1,22,137
7,37,6,3,0,50,71,137
7,0,3,8,10,91,22,137
7,37,6,3,8,1,22,137
7,37,6,3,0,1,22,137
7,0,3,8,93,1,22,137
7,37,6,3,9,1,22,137
7,0,3,8,317,1,22,137
7,37,6,3,11,28,181,137
7,1,5,15,61,48,333,137
7,37,6,3,98,28,181,137
7,0,24,19,5,48,333,137
7,37,6,3,133,217,22,137
7,0,94,263,46,28,181,137
7,0,24,298,44,1,22,137
7,0,24,19,11,28,181,137
7,0,24,19,5,1,22,137
7,37,6,3,287,1,22,137
7,0,99,80,46,28,181,137
7,0,24,73,134,1,22,137
7,0,24,298,44,50,71,137
7,0,24,19,45,360,467,137
7,37,6,3,392,1,22,137
7,0,143,274,44,1,22,137
7,0,99,80,97,1,22,137
7,0,24,212,45,360,467,137
7,33,23,13,123,47,71,137
7,0,24,19,69,1,22,137
7,37,6,3,498,28,181,137
7,0,239,352,8,1,22,137
7,0,143,124,100,1,22,137
7,0,143,274,44,50,71,137
7,0,24,251,45,360,467,137
7,33,23,13,306,91,22,137
7,0,457,252,326,1,22,137
7,0,175,23,44,50,71,137
7,33,190,431,1,116,71,137
7,33,190,158,136,28,181,137
7,0,175,420,97,1,22,137
7,0,175,23,41,28,181,137
7,0,175,23,44,1,22,137
7,33,190,158,15,28,181,137
7,0,175,23,144,28,181,137
7,0,17,6,3,47,71,137
7,33,190,158,15,1,22,137
7,0,175,23,206,304,71,137
7,0,17,364,51,48,333,137
7,0,17,6,37,112,22,137
7,0,17,6,3,1,22,137
7,0,175,23,337,48,333,137
7,0,17,34,152,1,22,137
7,0,17,364,51,428,22,137
7,0,17,6,37,360,467,137
7,0,17,6,3,327,22,137
7,0,17,167,293,1,22,137
7,200,484,8,10,91,22,137
7,200,484,8,3,1,22,137
7,0,17,63,46,28,181,137
7,200,484,8,93,1,22,137
7,200,484,8,3,47,71,137
7,0,17,319,45,360,467,137
7,200,484,8,100,1,22,137
7,1,3,6,0,50,71,137
7,0,17,179,45,360,467,137
7,200,484,8,133,217,22,137
7,1,3,75,303,47,71,137
7,1,3,6,37,112,22,137
7,200,484,8,191,1,22,137
7,1,3,9,493,48,333,137
7,1,3,6,37,360,467,137
7,200,484,8,317,1,22,137
7,1,3,13,123,47,71,137
7,1,3,8,10,91,22,137
7,272,443,259,37,112,22,137
7,1,3,4,0,50,71,137
7,1,3,13,306,91,22,137
7,272,443,259,37,360,467,137
7,1,3,346,248,28,181,137
7,1,3,4,147,47,71,137
7,1,3,13,67,28,181,137
7,1,3,14,2,233,71,137
7,1,3,11,5,48,333,137
7,1,3,13,5,48,333,137
7,1,3,14,96,48,333,137
7,1,3,11,440,28,181,137
7,1,3,13,119,112,22,137
7,0,4,3,59,28,181,137
7,0,1,3,98,28,181,137
7,427,126,5,157,1,22,137
7,0,4,3,98,28,181,137
7,0,1,3,133,217,22,137
7,427,126,5,161,1,22,137
7,0,4,3,133,217,22,137
7,0,1,3,11,28,181,137
7,427,126,5,188,1,22,137
7,0,4,3,11,28,181,137
7,0,5,11,440,28,181,137
7,48,122,21,1,116,71,137
7,0,4,3,8,1,22,137
7,0,5,11,475,1,22,137
7,0,3,11,5,48,333,137
7,0,4,3,9,1,22,137
7,48,174,157,1,116,71,137
7,0,3,11,440,28,181,137
7,0,3,11,5,1,22,137
7,0,4,3,287,1,22,137
7,0,3,11,475,1,22,137
7,272,24,0,5,48,333,137
7,0,4,3,392,1,22,137
7,1,15,158,136,28,181,137
7,272,24,0,3,1,22,137
7,272,24,0,5,1,22,137
7,33,23,41,155,91,22,137
7,272,24,0,3,47,71,137
7,0,5,11,3,47,71,137
7,1,169,109,96,48,333,137
7,272,24,0,3,327,22,137
7,0,6,37,487,1,22,137
7,1,100,318,119,112,22,137
7,1,169,109,45,360,467,137
7,37,487,1,3,47,71,137
7,1,191,8,3,327,22,137
7,1,100,8,3,47,71,137
7,37,487,1,15,28,181,137
7,37,487,1,3,327,22,137
7,1,226,86,231,28,181,137
7,1,191,8,133,217,22,137
7,1,191,8,3,47,71,137
7,1,100,260,0,50,71,137
7,1,100,8,133,217,22,137
7,1,100,8,3,327,22,137
7,37,487,1,44,50,71,137
7,1,93,8,3,47,71,137
7,1,226,86,5,48,333,137
7,1,191,8,10,91,22,137
7,1,100,414,337,48,333,137
7,1,100,8,10,91,22,137
7,1,317,8,3,47,71,137
7,1,93,8,133,217,22,137
7,1,93,8,3,327,22,137
7,1,226,86,46,28,181,137
7,1,69,255,11,28,181,137
7,1,317,8,133,217,22,137
7,1,317,8,3,327,22,137
7,1,93,8,10,91,22,137
7,1,382,32,145,28,181,137
7,1,69,19,5,48,333,137
7,1,317,8,10,91,22,137
7,1,227,161,5,48,333,137
7,1,382,32,11,28,181,137
7,1,69,19,11,28,181,137
7,1,296,95,70,138,22,137
7,1,382,32,247,48,333,137
7,1,69,19,45,360,467,137
7,1,220,83,5,48,333,137
7,37,68,38,135,485,71,137
7,1,35,288,96,48,333,137
7,1,57,31,16,47,71,137
7,37,345,292,46,28,181,137
7,37,68,252,326,1,22,137
7,37,68,38,9,1,22,137
7,1,35,331,244,28,181,137
7,1,472,402,45,360,467,137
7,1,57,65,184,50,71,137
7,37,159,4,3,47,71,137
7,37,345,292,9,1,22,137
7,1,35,33,46,28,181,137
7,1,236,60,5,48,333,137
7,37,200,484,8,1,22,137
7,37,159,4,0,1,22,137
7,37,159,4,3,1,22,137
7,1,35,110,248,28,181,137
7,1,469,241,11,28,181,137
7,37,497,20,21,1,22,137
7,37,200,207,41,28,181,137
7,37,159,4,147,47,71,137
7,37,159,4,0,50,71,137
7,37,159,4,3,327,22,137
7,1,35,120,10,91,22,137
7,1,35,110,46,28,181,137
7,1,152,34,0,50,71,137
7,37,43,38,135,485,71,137
7,37,497,20,78,1,22,137
7,37,200,252,326,1,22,137
7,37,240,105,46,28,181,137
7,37,43,38,9,1,22,137
7,37,497,20,234,233,71,137
7,37,240,105,61,48,333,137
7,235,50,0,5,1,22,137
7,235,50,0,3,1,22,137
7,235,328,37,70,138,22,137
7,235,50,0,5,48,333,137
7,235,50,0,3,327,22,137
7,235,328,37,102,48,333,137
7,0,1,9,493,48,333,137
7,1,22,327,3,47,71,137
7,235,328,37,487,1,22,137
7,0,1,78,312,47,71,137
7,0,1,9,3,47,71,137
7,1,22,428,51,48,333,137
7,0,1,8,3,47,71,137
7,0,1,9,3,327,22,137
7,1,161,5,15,28,181,137
7,0,1,164,45,360,467,137
7,0,1,8,133,217,22,137
7,0,1,8,3,327,22,137
7,0,1,21,122,48,333,137
7,0,1,8,10,91,22,137
7,1,9,482,155,91,22,137
7,0,1,392,3,327,22,137
7,37,259,11,440,28,181,137
7,1,9,316,0,50,71,137
7,0,1,111,90,28,181,137
7,0,1,392,3,47,71,137
7,37,259,11,475,1,22,137
7,1,9,292,46,28,181,137
7,0,1,127,5,48,333,137
7,0,1,15,61,48,333,137
7,1,9,270,5,48,333,137
7,0,1,157,5,48,333,137
7,33,35,77,9,1,22,137
7,0,1,161,5,48,333,137
7,0,1,157,174,48,333,137
7,33,35,120,10,91,22,137
7,0,1,188,5,48,333,137
7,33,35,166,45,360,467,137
7,0,1,287,3,47,71,137
7,33,35,415,70,138,22,137
7,0,1,287,3,327,22,137
7,33,35,331,244,28,181,137
7,0,3,13,5,48,302,71,137
7,33,473,5,161,227,1,22,137
7,347,350,373,232,69,1,22,137
7,0,3,6,18,453,28,181,137
7,265,23,0,2,10,91,22,137
7,33,473,5,188,1,116,71,137
7,33,473,5,12,2,233,71,137
7,22,1,287,324,11,28,181,137
7,22,1,382,32,247,48,333,137
7,0,3,25,396,45,360,467,137
7,22,1,287,3,11,28,181,137
7,0,3,14,2,10,91,22,137
7,0,3,6,37,70,138,22,137
7,0,3,13,31,57,1,22,137
7,20,115,12,90,111,1,22,137
7,22,1,21,84,358,28,181,137
7,347,350,252,457,0,1,22,137
7,0,3,14,371,5,1,22,137
7,0,3,14,96,48,302,71,137
7,20,74,31,13,306,91,22,137
7,200,37,259,11,3,327,22,137
7,1,9,3,8,133,217,22,137
7,265,23,0,5,48,302,71,137
7,33,473,5,161,1,116,71,137
7,265,23,13,3,1,116,71,137
7,1,9,3,11,45,360,467,137
7,48,51,5,0,1,116,71,137
7,20,30,16,10,2,233,71,137
7,265,23,13,5,0,50,71,137
7,265,23,13,5,1,116,71,137
7,22,1,9,493,48,302,71,137
7,265,23,13,3,0,50,71,137
7,265,23,0,17,101,28,181,137
7,33,35,110,46,381,48,333,137
7,1,15,16,30,194,138,22,137
7,0,3,9,32,382,1,22,137
7,0,148,8,100,1,116,71,137
7,33,60,5,48,51,428,22,137
7,0,3,9,493,48,302,71,137
7,265,23,0,3,8,1,22,137
7,0,148,8,133,3,327,22,137
7,265,23,13,5,48,302,71,137
7,0,148,8,3,1,116,71,137
7,0,148,8,191,1,116,71,137
7,0,148,8,3,498,28,181,137
7,0,148,8,83,220,1,22,137
7,0,148,8,317,1,116,71,137
7,48,51,5,127,1,116,71,137
7,0,3,392,1,44,50,71,137
7,48,5,19,45,11,28,181,137
7,20,74,363,5,0,50,71,137
7,1,475,11,32,247,48,333,137
7,20,74,363,5,48,302,71,137
7,20,375,156,30,194,138,22,137
7,33,46,381,48,5,1,22,137
7,272,309,5,51,48,302,71,137
7,0,5,1,15,16,47,71,137
7,0,5,1,3,59,28,181,137
7,200,207,41,28,15,1,22,137
7,0,5,1,487,37,360,467,137
7,272,309,5,15,16,47,71,137
7,272,309,5,15,1,116,71,137
7,48,51,5,15,16,47,71,137
7,48,51,5,15,1,116,71,137
7,107,12,2,0,1,116,71,137
7,1,3,47,71,302,48,333,137
7,0,6,42,151,45,360,467,137
7,0,3,9,1,15,28,181,137
7,0,6,42,463,116,1,22,137
7,107,12,2,379,45,360,467,137
7,107,12,2,10,8,1,22,137
7,48,51,5,157,1,116,71,137
7,20,284,19,45,11,28,181,137
7,272,309,5,51,136,28,181,137
7,107,12,2,0,3,47,71,137
7,0,6,225,26,8,1,22,137
7,1,164,45,360,37,112,22,137
7,20,204,44,1,5,48,333,137
7,20,78,1,0,2,233,71,137
7,48,5,19,11,3,327,22,137
7,20,115,12,5,0,50,71,137
7,272,309,5,157,174,48,333,137
7,0,6,199,108,97,1,22,137
7,265,23,0,3,1,116,71,137
7,0,6,199,108,1,116,71,137
7,48,5,18,6,3,47,71,137
7,272,309,5,127,1,116,71,137
7,272,309,5,157,1,116,71,137
7,0,6,222,95,296,1,22,137
7,0,6,17,186,387,28,181,137
7,0,148,8,93,1,116,71,137
7,33,473,5,51,136,28,181,137
7,48,5,19,390,15,28,181,137
7,1,111,203,400,41,28,181,137
7,1,0,17,186,387,28,181,137
7,1,0,4,42,463,116,71,137
7,20,78,1,3,0,50,71,137
7,20,78,1,487,37,360,467,137
7,20,78,1,15,5,48,333,137
7,1,116,198,448,206,304,71,137
7,1,111,90,12,2,233,71,137
7,33,46,80,99,0,50,71,137
7,33,46,80,97,108,1,22,137
7,33,46,80,97,1,116,71,137
7,22,1,9,3,11,28,181,137
7,272,309,5,161,227,1,22,137
7,33,46,63,17,0,1,22,137
7,272,309,5,161,1,116,71,137
7,33,46,292,345,37,112,22,137
7,33,46,292,9,3,327,22,137
7,48,5,19,69,1,116,71,137
7,48,5,0,1,3,47,71,137
7,22,1,78,20,234,233,71,137
7,33,46,292,9,1,116,71,137
7,0,6,18,5,51,48,333,137
7,33,46,433,5,48,302,71,137
7,0,6,18,5,1,116,71,137
7,20,115,12,5,1,116,71,137
7,22,1,9,38,135,485,71,137
7,1,0,4,3,498,28,181,137
7,1,0,160,51,48,302,71,137
7,0,2,322,325,44,1,22,137
7,48,51,5,11,3,327,22,137
7,33,46,86,5,0,50,71,137
7,33,46,86,5,1,116,71,137
7,48,51,5,161,227,1,22,137
7,272,309,5,12,2,233,71,137
7,0,2,29,26,55,47,71,137
7,48,51,5,161,1,116,71,137
7,272,309,5,188,1,116,71,137
7,0,3,47,71,116,1,22,137
7,265,23,13,31,57,1,22,137
7,20,201,82,42,463,116,71,137
7,22,1,21,122,48,302,71,137
7,272,309,5,0,1,116,71,137
7,37,6,18,5,1,116,71,137
7,265,23,0,5,1,116,71,137
7,1,0,160,51,5,48,333,137
7,0,5,11,28,15,1,22,137
7,0,2,12,5,48,302,71,137
7,37,6,42,151,45,360,467,137
7,37,6,42,463,116,1,22,137
7,37,6,18,5,0,50,71,137
7,20,464,79,37,70,138,22,137
7,20,234,233,71,116,1,22,137
7,0,1,22,112,37,360,467,137
7,37,6,18,5,48,302,71,137
7,0,2,12,90,111,1,22,137
7,20,30,286,429,48,302,71,137
7,0,2,12,5,51,48,333,137
7,0,2,12,5,1,116,71,137
7,20,284,19,69,1,116,71,137
7,37,6,225,26,8,1,22,137
7,0,2,12,189,45,360,467,137
7,48,51,5,188,1,116,71,137
7,0,3,133,8,1,116,71,137
7,0,148,8,10,2,233,71,137
7,272,309,5,0,2,233,71,137
7,37,360,45,85,456,302,71,137
7,37,259,11,3,0,1,22,137
7,37,6,222,95,296,1,22,137
7,48,51,5,12,154,47,71,137
7,20,30,146,45,11,28,181,137
7,37,6,199,108,97,1,22,137
7,37,6,199,108,1,116,71,137
7,37,6,17,186,387,28,181,137
7,272,309,5,11,3,327,22,137
7,1,0,148,8,3,47,71,137
7,37,6,17,0,2,233,71,137
7,37,6,17,0,1,116,71,137
7,265,23,0,5,51,48,333,137
7,20,30,286,5,48,302,71,137
7,0,2,14,3,498,28,181,137
7,0,17,101,28,15,1,22,137
7,0,6,18,5,48,302,71,137
7,22,1,487,37,102,48,333,137
7,48,5,60,236,1,116,71,137
7,0,23,206,448,198,116,71,137
7,20,30,124,100,8,1,22,137
7,0,6,3,133,8,1,22,137
7,1,0,23,41,155,91,22,137
7,20,30,124,143,0,1,22,137
7,0,6,3,11,45,360,467,137
7,48,5,60,65,184,50,71,137
7,33,46,86,5,48,302,71,137
7,0,6,3,8,100,1,22,137
7,20,30,124,100,1,116,71,137
7,0,6,3,8,1,116,71,137
7,20,284,19,24,0,1,22,137
7,0,6,3,9,493,48,333,137
7,0,6,3,9,1,116,71,137
7,22,1,3,6,0,50,71,137
7,20,74,94,0,1,116,71,137
7,0,3,98,28,15,1,22,137
7,20,30,286,5,0,50,71,137
7,22,1,3,0,2,233,71,137
7,20,30,286,5,1,116,71,137
7,0,6,3,287,1,116,71,137
7,20,30,286,5,11,28,181,137
7,20,30,286,5,0,1,22,137
7,22,1,3,0,5,48,333,137
7,20,470,45,19,69,1,22,137
7,20,30,286,5,15,28,181,137
7,1,0,6,18,453,28,181,137
7,20,470,45,164,1,116,71,137
7,20,470,45,53,198,116,71,137
7,20,470,45,19,5,48,333,137
7,20,30,286,5,51,48,333,137
7,20,30,286,5,15,1,22,137
7,1,0,6,42,463,116,71,137
7,1,0,6,18,5,48,333,137
7,20,470,45,85,244,28,181,137
7,20,470,45,19,11,28,181,137
7,20,470,45,19,5,1,22,137
7,20,30,286,5,127,1,22,137
7,20,30,286,5,51,428,22,137
7,1,0,6,225,479,327,22,137
7,20,470,45,92,78,1,22,137
7,20,470,45,85,456,302,71,137
7,20,30,286,5,157,1,22,137
7,1,0,6,17,101,28,181,137
7,20,470,45,109,169,1,22,137
7,0,6,3,13,123,47,71,137
7,20,30,286,5,161,1,22,137
7,20,74,94,263,46,28,181,137
7,20,470,45,402,472,1,22,137
7,20,470,45,109,96,48,333,137
7,0,6,3,4,147,47,71,137
7,0,6,3,13,306,91,22,137
7,20,30,286,5,188,1,22,137
7,20,470,45,132,423,233,71,137
7,0,6,3,75,303,47,71,137
7,0,6,3,13,5,1,22,137
7,0,160,51,5,48,302,71,137
7,20,470,45,166,35,1,22,137
7,0,6,3,14,2,233,71,137
7,0,6,3,13,67,28,181,137
7,0,6,3,13,5,48,333,137
7,20,470,45,379,2,233,71,137
7,0,6,3,416,157,1,22,137
7,0,6,3,14,96,48,333,137
7,0,6,3,13,119,112,22,137
7,20,470,45,355,161,1,22,137
7,0,6,3,346,248,28,181,137
7,37,6,0,1,44,50,71,137
7,0,6,3,392,1,116,71,137
7,48,5,13,3,1,116,71,137
7,1,0,6,3,498,28,181,137
7,37,6,0,1,3,47,71,137
7,48,5,11,45,164,1,22,137
7,22,1,21,122,135,485,71,137
7,1,0,6,3,59,28,181,137
7,37,6,0,1,5,48,333,137
7,37,6,0,1,3,327,22,137
7,20,115,12,2,0,1,22,137
7,1,0,6,3,98,28,181,137
7,37,6,0,1,15,28,181,137
7,33,473,5,0,2,233,71,137
7,20,115,12,2,10,91,22,137
7,20,115,12,2,0,50,71,137
7,1,0,6,3,133,217,22,137
7,33,473,5,0,3,1,22,137
7,48,5,83,8,3,327,22,137
7,478,130,46,28,15,1,22,137
7,1,0,6,3,11,28,181,137
7,33,473,5,0,3,47,71,137
7,48,5,83,8,10,91,22,137
7,48,5,83,8,3,1,22,137
7,272,341,41,28,15,1,22,137
7,33,473,5,0,3,327,22,137
7,48,5,83,8,93,1,22,137
7,48,5,83,8,3,47,71,137
7,48,5,11,32,145,28,181,137
7,48,5,11,475,1,116,71,137
7,48,5,83,8,100,1,22,137
7,1,0,5,51,48,302,71,137
7,48,5,11,259,37,360,467,137
7,48,5,11,32,9,1,22,137
7,48,5,83,8,133,217,22,137
7,20,30,132,45,11,28,181,137
7,48,5,11,241,469,1,22,137
7,48,5,11,259,37,112,22,137
7,48,5,11,32,382,1,22,137
7,48,5,83,8,191,1,22,137
7,20,30,132,45,164,1,22,137
7,48,5,11,49,46,28,181,137
7,0,3,498,28,15,1,22,137
7,48,5,83,8,317,1,22,137
7,48,5,11,3,1,116,71,137
7,48,5,11,324,287,1,22,137
7,48,5,83,8,1,116,71,137
7,1,0,23,104,16,47,71,137
7,1,287,3,8,133,217,22,137
7,48,5,11,118,21,1,22,137
7,1,287,3,11,45,360,467,137
7,1,0,23,13,67,28,181,137
7,1,287,3,346,248,28,181,137
7,1,287,3,8,10,91,22,137
7,48,5,11,19,45,360,467,137
7,1,287,3,11,5,48,333,137
7,1,0,23,40,11,28,181,137
7,1,0,23,13,3,327,22,137
7,1,287,3,9,493,48,333,137
7,48,5,11,255,69,1,22,137
7,48,5,11,19,69,1,22,137
7,1,287,3,11,440,28,181,137
7,1,0,23,33,46,28,181,137
7,1,0,23,13,5,48,333,137
7,1,0,23,13,3,47,71,137
7,1,287,3,75,303,47,71,137
7,48,5,11,3,0,1,22,137
7,1,0,23,13,119,112,22,137
7,33,23,337,414,100,1,22,137
7,1,287,3,13,119,112,22,137
7,48,5,11,3,8,1,22,137
7,48,5,11,3,0,50,71,137
7,1,0,23,13,123,47,71,137
7,1,287,3,6,37,360,467,137
7,1,287,3,13,306,91,22,137
7,48,5,11,3,9,1,22,137
7,1,0,23,13,306,91,22,137
7,1,287,3,4,0,50,71,137
7,1,287,3,6,0,50,71,137
7,1,287,3,6,37,112,22,137
7,1,287,3,13,67,28,181,137
7,48,5,11,3,59,28,181,137
7,1,287,3,14,2,233,71,137
7,1,287,3,4,147,47,71,137
7,1,287,3,13,5,48,333,137
7,48,5,11,3,98,28,181,137
7,1,287,3,14,96,48,333,137
7,1,157,5,13,306,91,22,137
7,1,287,3,13,123,47,71,137
7,48,5,11,3,498,28,181,137
7,1,157,5,15,16,47,71,137
7,1,157,5,18,453,28,181,137
7,1,157,5,13,3,327,22,137
7,48,5,11,3,133,217,22,137
7,1,157,5,15,61,48,333,137
7,1,157,5,86,231,28,181,137
7,1,157,5,13,67,28,181,137
7,1,157,5,13,3,47,71,137
7,48,5,11,3,287,1,22,137
7,1,157,5,126,101,28,181,137
7,1,157,5,86,46,28,181,137
7,1,157,5,13,119,112,22,137
7,48,5,11,3,392,1,22,137
7,1,157,5,19,45,360,467,137
7,1,0,6,37,70,138,22,137
7,1,157,5,13,123,47,71,137
7,1,0,23,337,48,302,71,137
7,1,157,5,12,154,47,71,137
7,1,157,5,19,11,28,181,137
7,1,0,6,37,102,48,333,137
7,48,5,86,226,1,116,71,137
7,1,157,5,286,429,48,333,137
7,1,157,5,12,2,233,71,137
7,200,37,6,3,59,28,181,137
7,20,30,132,426,100,1,22,137
7,1,157,5,291,136,28,181,137
7,1,157,5,12,39,28,181,137
7,200,37,6,3,0,50,71,137
7,20,30,132,172,51,428,22,137
7,1,157,5,433,46,28,181,137
7,1,157,5,12,90,28,181,137
7,200,37,6,3,8,1,22,137
7,200,37,6,3,0,1,22,137
7,20,30,132,282,9,1,22,137
7,20,30,132,172,215,28,181,137
7,20,30,132,172,51,48,333,137
7,200,37,6,3,9,1,22,137
7,37,6,3,1,0,50,71,137
7,1,188,368,299,37,112,22,137
7,0,3,1,5,51,48,333,137
7,200,37,6,3,11,28,181,137
7,37,6,3,1,44,50,71,137
7,1,188,368,299,144,28,181,137
7,1,188,368,299,37,360,467,137
7,0,3,1,5,11,28,181,137
7,0,3,1,5,51,428,22,137
7,200,37,6,3,98,28,181,137
7,37,6,3,1,5,48,333,137
7,0,3,1,5,15,28,181,137
7,0,3,1,5,48,302,71,137
7,200,37,6,3,133,217,22,137
7,37,6,3,1,15,28,181,137
7,107,12,5,11,3,327,22,137
7,0,3,1,487,37,112,22,137
7,200,37,6,3,287,1,22,137
7,1,0,50,71,302,48,333,137
7,107,12,5,11,45,360,467,137
7,107,12,5,11,3,1,22,137
7,0,3,1,475,11,28,181,137
7,0,3,1,487,37,360,467,137
7,200,37,6,3,392,1,22,137
7,107,12,5,11,440,28,181,137
7,107,12,5,11,3,47,71,137
7,0,3,1,9,493,48,333,137
7,200,37,6,3,498,28,181,137
7,107,12,5,11,475,1,22,137
7,48,5,13,3,0,50,71,137
7,0,3,1,78,312,47,71,137
7,0,3,1,15,5,48,333,137
7,0,5,15,158,136,28,181,137
7,48,5,13,3,8,1,22,137
7,48,5,13,3,0,1,22,137
7,0,3,1,8,10,91,22,137
7,0,3,1,15,16,47,71,137
7,107,12,5,0,2,233,71,137
7,48,5,13,3,9,1,22,137
7,33,473,5,0,1,116,71,137
7,0,3,1,164,45,360,467,137
7,0,3,1,8,133,217,22,137
7,0,3,1,15,61,48,333,137
7,107,12,5,0,3,1,22,137
7,48,5,13,3,11,28,181,137
7,0,3,1,21,122,48,333,137
7,0,5,15,61,48,302,71,137
7,107,12,5,0,1,116,71,137
7,107,12,5,0,3,47,71,137
7,48,5,13,3,59,28,181,137
7,0,3,1,111,90,28,181,137
7,33,473,5,11,3,327,22,137
7,20,30,36,23,0,50,71,137
7,107,12,5,0,3,327,22,137
7,48,5,13,3,98,28,181,137
7,0,3,1,127,5,48,333,137
7,33,473,5,11,45,360,467,137
7,33,473,5,11,3,1,22,137
7,20,30,54,19,45,360,467,137
7,20,30,36,23,44,50,71,137
7,20,30,36,23,0,1,22,137
7,48,5,13,3,133,217,22,137
7,0,3,1,157,5,48,333,137
7,33,473,5,11,440,28,181,137
7,33,473,5,11,3,47,71,137
7,20,30,488,237,35,1,22,137
7,20,30,54,19,5,48,333,137
7,20,30,36,23,144,28,181,137
7,20,30,36,23,44,1,22,137
7,48,5,13,3,287,1,22,137
7,0,3,1,161,5,48,333,137
7,0,3,1,157,174,48,333,137
7,33,473,5,11,475,1,22,137
7,20,30,229,6,37,360,467,137
7,20,30,54,19,11,28,181,137
7,20,30,54,19,5,1,22,137
7,20,30,36,23,206,304,71,137
7,48,5,13,3,392,1,22,137
7,0,3,1,188,5,48,333,137
7,20,30,128,243,8,1,22,137
7,20,30,229,6,3,47,71,137
7,20,30,229,6,37,112,22,137
7,20,30,54,19,69,1,22,137
7,20,30,36,23,337,48,333,137
7,48,5,13,3,498,28,181,137
7,20,30,430,38,9,1,22,137
7,20,30,128,31,16,47,71,137
7,20,30,229,6,0,1,22,137
7,20,30,229,6,3,1,22,137
7,20,30,36,23,41,28,181,137
7,20,30,430,38,135,485,71,137
7,20,30,128,31,57,1,22,137
7,20,30,229,6,0,50,71,137
7,20,30,229,6,3,327,22,137
7,107,12,5,15,16,47,71,137
7,48,5,157,432,293,1,22,137
7,200,37,6,3,1,116,71,137
7,33,473,5,15,1,116,71,137
7,20,30,156,35,1,116,71,137
7,107,12,5,15,61,48,333,137
7,48,5,157,416,3,1,22,137
7,107,12,5,15,1,116,71,137
7,107,12,5,127,1,116,71,137
7,33,307,157,5,48,302,71,137
7,107,12,5,51,136,28,181,137
7,48,5,157,416,3,47,71,137
7,107,12,5,157,174,48,333,137
7,107,12,5,157,1,116,71,137
7,48,5,13,23,206,304,71,137
7,0,5,157,174,48,302,71,137
7,48,5,157,416,3,327,22,137
7,22,1,0,5,15,28,181,137
7,22,1,0,4,147,47,71,137
7,48,5,13,31,57,1,22,137
7,48,5,13,23,0,50,71,137
7,22,1,0,5,48,302,71,137
7,22,1,0,5,51,48,333,137
7,22,1,0,17,101,28,181,137
7,22,1,0,4,3,47,71,137
7,48,5,13,168,45,360,467,137
7,48,5,13,31,16,47,71,137
7,48,5,13,23,44,1,22,137
7,48,5,13,23,0,1,22,137
7,22,1,0,5,11,28,181,137
7,22,1,0,160,51,48,333,137
7,48,5,13,177,51,428,22,137
7,48,5,13,23,144,28,181,137
7,48,5,13,23,44,50,71,137
7,107,12,5,161,227,1,22,137
7,22,1,0,23,206,304,71,137
7,48,5,13,253,157,1,22,137
7,48,5,13,23,41,28,181,137
7,48,5,83,220,1,116,71,137
7,22,327,3,1,15,28,181,137
7,22,1,0,56,44,50,71,137
7,22,1,0,23,44,50,71,137
7,107,12,5,161,1,116,71,137
7,478,130,46,381,48,302,71,137
7,22,327,3,1,0,50,71,137
7,22,1,0,6,3,47,71,137
7,22,1,0,23,41,28,181,137
7,48,5,270,9,3,327,22,137
7,22,1,475,11,3,47,71,137
7,37,360,45,164,1,116,71,137
7,22,327,3,1,5,48,333,137
7,22,1,0,6,37,360,467,137
7,22,1,0,23,144,28,181,137
7,48,5,270,9,3,1,22,137
7,22,1,475,11,5,48,333,137
7,107,12,5,19,45,360,467,137
7,22,327,3,1,44,50,71,137
7,478,130,51,5,48,302,71,137
7,22,1,0,23,337,48,333,137
7,48,5,270,9,3,47,71,137
7,22,1,475,11,45,360,467,137
7,107,12,5,18,453,28,181,137
7,107,12,5,19,11,28,181,137
7,107,12,5,188,1,116,71,137
7,62,353,442,5,1,116,71,137
7,0,3,59,28,15,1,22,137
7,22,1,475,11,440,28,181,137
7,107,12,5,13,67,28,181,137
7,107,12,5,19,69,1,22,137
7,0,23,41,28,15,1,22,137
7,48,51,130,46,446,112,22,137
7,0,23,44,366,51,428,22,137
7,48,51,366,44,1,116,71,137
7,107,12,5,126,101,28,181,137
7,107,12,5,13,3,327,22,137
7,459,424,390,19,69,1,22,137
7,1,78,312,47,3,327,22,137
7,0,23,44,366,51,48,333,137
7,22,1,8,3,11,28,181,137
7,107,12,5,60,236,1,22,137
7,107,12,5,13,119,112,22,137
7,107,12,5,13,3,1,22,137
7,459,424,390,19,5,48,333,137
7,20,234,233,2,0,50,71,137
7,22,1,8,3,59,28,181,137
7,107,12,5,286,429,48,333,137
7,107,12,5,13,123,47,71,137
7,107,12,5,13,3,47,71,137
7,459,424,390,19,11,28,181,137
7,459,424,390,19,5,1,22,137
7,20,234,233,2,10,91,22,137
7,20,234,233,2,0,1,22,137
7,22,1,8,3,498,28,181,137
7,107,12,5,83,8,1,22,137
7,107,12,5,13,306,91,22,137
7,459,424,390,19,45,360,467,137
7,48,51,160,0,1,116,71,137
7,459,424,390,15,1,116,71,137
7,22,1,8,3,98,28,181,137
7,107,12,5,86,226,1,22,137
7,107,12,5,83,220,1,22,137
7,1,392,3,8,133,217,22,137
7,1,392,3,11,45,360,467,137
7,22,1,8,213,435,116,71,137
7,48,51,294,19,45,360,467,137
7,48,51,172,132,45,360,467,137
7,22,1,8,3,0,50,71,137
7,107,12,5,270,9,1,22,137
7,107,12,5,86,46,28,181,137
7,1,392,3,6,37,360,467,137
7,1,392,3,8,10,91,22,137
7,1,392,3,11,5,48,333,137
7,22,1,8,133,3,47,71,137
7,48,51,364,17,0,50,71,137
7,48,51,294,19,11,28,181,137
7,48,51,172,132,423,233,71,137
7,107,12,5,433,46,28,181,137
7,107,12,5,86,231,28,181,137
7,1,392,3,9,493,48,333,137
7,1,392,3,6,0,50,71,137
7,1,392,3,6,37,112,22,137
7,48,51,160,0,2,233,71,137
7,1,392,3,11,440,28,181,137
7,22,1,8,10,356,28,181,137
7,48,51,177,13,119,112,22,137
7,48,51,364,17,101,28,181,137
7,48,51,364,17,0,1,22,137
7,48,51,294,19,5,1,22,137
7,107,12,5,291,136,28,181,137
7,1,392,3,13,5,48,333,137
7,48,51,160,0,3,47,71,137
7,22,1,8,148,0,50,71,137
7,48,5,291,136,51,428,22,137
7,107,12,5,51,48,302,71,137
7,48,5,86,46,446,112,22,137
7,62,353,240,105,46,28,181,137
7,22,1,8,10,16,47,71,137
7,48,51,269,20,21,1,22,137
7,48,51,177,13,3,327,22,137
7,20,30,16,31,57,1,22,137
7,1,44,23,337,48,302,71,137
7,48,51,294,19,69,1,22,137
7,200,37,6,0,1,116,71,137
7,20,19,390,15,1,116,71,137
7,1,392,3,346,248,28,181,137
7,48,5,433,46,446,112,22,137
7,62,353,442,5,0,50,71,137
7,1,44,56,0,2,233,71,137
7,1,392,3,13,67,28,181,137
7,48,51,160,0,5,1,22,137
7,48,51,160,0,3,1,22,137
7,1,44,298,24,0,50,71,137
7,22,1,8,26,55,47,71,137
7,48,5,270,9,1,116,71,137
7,1,44,23,0,2,233,71,137
7,20,19,313,17,101,28,181,137
7,62,353,240,105,61,48,333,137
7,22,1,127,5,0,50,71,137
7,0,3,133,8,100,1,22,137
7,62,353,442,5,48,302,71,137
7,459,424,466,371,5,1,22,137
7,20,19,390,15,5,48,333,137
7,22,1,8,10,2,233,71,137
7,20,19,294,51,48,302,71,137
7,1,44,23,41,155,91,22,137
7,48,51,269,20,78,1,22,137
7,20,19,294,51,5,48,333,137
7,33,35,1,0,2,233,71,137
7,265,23,206,246,16,47,71,137
7,48,51,177,13,5,1,22,137
7,48,51,177,13,3,1,22,137
7,20,30,16,246,206,304,71,137
7,0,148,405,331,35,1,22,137
7,20,19,25,3,1,116,71,137
7,0,3,47,16,10,91,22,137
7,0,56,44,23,206,304,71,137
7,1,44,23,13,3,327,22,137
7,459,424,390,15,5,48,333,137
7,20,19,25,3,0,50,71,137
7,20,269,51,5,48,302,71,137
7,22,327,3,0,2,233,71,137
7,1,392,3,4,0,50,71,137
7,33,131,104,23,206,304,71,137
7,33,131,104,16,10,91,22,137
7,62,353,442,5,11,28,181,137
7,62,353,442,5,0,1,22,137
7,1,44,56,0,3,47,71,137
7,0,23,33,35,1,116,71,137
7,0,23,13,31,57,1,22,137
7,0,23,33,46,381,48,333,137
7,1,392,3,13,119,112,22,137
7,48,51,160,0,3,327,22,137
7,1,44,274,143,0,50,71,137
7,22,1,8,83,5,48,333,137
7,22,1,8,26,125,47,71,137
7,1,44,23,0,3,47,71,137
7,20,19,54,30,194,138,22,137
7,20,19,313,17,0,1,22,137
7,22,1,127,5,51,48,333,137
7,0,3,133,8,191,1,22,137
7,459,424,466,371,5,48,333,137
7,20,19,390,15,16,47,71,137
7,20,19,390,15,5,1,22,137
7,48,51,269,20,234,233,71,137
7,20,19,294,51,136,28,181,137
7,20,19,294,51,5,1,22,137
7,33,35,1,0,3,47,71,137
7,265,23,206,448,198,116,71,137
7,48,51,177,13,67,28,181,137
7,48,51,177,13,3,47,71,137
7,0,148,405,331,244,28,181,137
7,0,3,47,312,78,1,22,137
7,0,3,47,16,15,1,22,137
7,0,56,44,366,51,428,22,137
7,0,56,44,23,41,28,181,137
7,1,44,23,104,16,47,71,137
7,1,44,23,13,5,48,333,137
7,1,44,23,13,3,47,71,137
7,459,424,390,15,16,47,71,137
7,459,424,390,15,5,1,22,137
7,20,19,25,3,8,1,22,137
7,20,19,25,3,0,1,22,137
7,22,327,3,0,1,116,71,137
7,1,392,3,75,303,47,71,137
7,1,392,3,4,147,47,71,137
7,33,131,104,332,11,28,181,137
7,33,131,104,23,0,50,71,137
7,33,131,104,16,15,28,181,137
7,62,353,442,5,15,28,181,137
7,1,44,56,0,5,48,333,137
7,1,44,56,0,3,327,22,137
7,0,23,13,168,45,360,467,137
7,0,23,13,31,16,47,71,137
7,0,23,33,46,446,112,22,137
7,1,392,3,13,123,47,71,137
7,1,44,204,20,234,233,71,137
7,48,102,37,487,1,116,71,137
7,0,23,144,28,15,1,22,137
7,20,30,16,15,5,48,333,137
7,1,44,23,0,5,48,333,137
7,1,44,23,0,3,327,22,137
7,20,19,76,162,44,50,71,137
7,20,19,54,30,16,47,71,137
7,20,19,313,17,0,50,71,137
7,22,1,127,5,11,28,181,137
7,0,3,133,8,10,91,22,137
7,20,115,12,5,48,302,71,137
7,20,19,390,15,61,48,333,137
7,33,60,195,131,441,1,22,137
7,33,35,1,0,5,48,333,137
7,33,35,1,0,3,327,22,137
7,33,473,5,15,16,47,71,137
7,256,222,6,0,1,116,71,137
7,33,60,65,66,5,1,22,137
7,33,60,65,57,1,116,71,137
7,48,51,177,13,123,47,71,137
7,33,60,290,3,1,116,71,137
7,33,60,5,11,3,327,22,137
7,33,60,5,0,2,233,71,137
7,0,3,47,16,183,28,181,137
7,0,3,47,16,15,28,181,137
7,33,60,5,0,1,116,71,137
7,107,12,241,469,1,116,71,137
7,1,44,366,51,48,302,71,137
7,0,56,44,366,51,48,333,137
7,0,56,44,23,144,28,181,137
7,1,44,23,175,0,50,71,137
7,265,23,357,236,1,116,71,137
7,1,44,23,13,67,28,181,137
7,0,5,433,46,381,48,333,137
7,459,424,390,15,61,48,333,137
7,256,222,283,85,244,28,181,137
7,33,60,290,3,0,50,71,137
7,265,23,33,35,1,116,71,137
7,107,12,334,10,2,233,71,137
7,272,24,0,50,44,1,22,137
7,0,17,101,126,5,48,333,137
7,33,60,5,51,48,302,71,137
7,33,60,5,15,16,47,71,137
7,20,19,25,3,9,1,22,137
7,33,60,5,15,1,116,71,137
7,0,438,21,122,48,302,71,137
7,22,327,3,0,5,48,333,137
7,48,381,46,28,15,1,22,137
7,33,60,5,127,1,116,71,137
7,1,392,3,14,2,233,71,137
7,33,60,5,51,136,28,181,137
7,256,222,95,296,1,116,71,137
7,256,222,6,17,101,28,181,137
7,33,60,5,157,174,48,333,137
7,33,131,104,490,431,1,22,137
7,33,170,46,28,15,1,22,137
7,62,103,213,435,116,1,22,137
7,33,60,5,157,1,116,71,137
7,33,131,104,23,44,1,22,137
7,33,60,5,1,0,50,71,137
7,33,131,104,23,0,1,22,137
7,33,140,21,438,0,50,71,137
7,33,131,104,16,183,28,181,137
7,33,131,104,16,15,1,22,137
7,62,353,442,5,51,48,333,137
7,62,353,442,5,15,1,22,137
7,265,23,0,50,44,1,22,137
7,33,60,5,161,227,1,22,137
7,33,60,5,161,1,116,71,137
7,256,222,6,3,1,116,71,137
7,235,50,44,1,5,48,333,137
7,0,23,13,177,51,48,333,137
7,22,1,157,5,48,302,71,137
7,265,23,144,28,15,1,22,137
7,33,140,21,122,48,302,71,137
7,33,60,5,12,2,233,71,137
7,1,9,493,48,51,428,22,137
7,1,392,3,13,306,91,22,137
7,33,60,5,188,1,116,71,137
7,1,44,325,322,2,233,71,137
7,62,103,17,186,387,28,181,137
7,256,222,95,20,21,1,22,137
7,272,24,19,11,3,327,22,137
7,256,222,95,70,37,112,22,137
7,20,30,16,15,61,48,333,137
7,20,30,16,15,5,1,22,137
7,107,12,241,11,3,327,22,137
7,33,140,21,122,135,485,71,137
7,256,222,6,37,70,138,22,137
7,272,24,73,12,2,233,71,137
7,272,24,73,134,1,116,71,137
7,20,19,308,301,100,1,22,137
7,20,19,76,17,101,28,181,137
7,20,19,76,162,44,1,22,137
7,20,30,16,15,1,116,71,137
7,33,473,5,51,48,302,71,137
7,20,19,54,30,410,47,71,137
7,256,222,6,3,59,28,181,137
7,48,102,37,259,11,28,181,137
7,272,24,19,5,48,302,71,137
7,22,1,127,5,15,28,181,137
7,272,24,212,495,493,48,333,137
7,0,3,133,8,93,1,22,137
7,0,34,38,281,3,47,71,137
7,48,5,12,90,111,1,22,137
7,48,5,12,189,45,360,467,137
7,459,424,23,13,67,28,181,137
7,459,424,23,337,48,302,71,137
7,272,24,212,45,11,28,181,137
7,272,24,19,45,11,28,181,137
7,272,24,19,5,0,50,71,137
7,33,60,449,332,11,28,181,137
7,1,0,5,11,3,327,22,137
7,272,24,19,5,1,116,71,137
7,272,24,285,32,247,48,333,137
7,272,24,251,45,11,28,181,137
7,33,473,5,15,61,48,333,137
7,272,24,19,390,15,28,181,137
7,62,103,17,0,1,116,71,137
7,1,78,20,497,37,360,467,137
7,272,24,19,69,1,116,71,137
7,33,60,65,66,5,48,333,137
7,0,6,37,102,48,302,71,137
7,48,51,177,13,306,91,22,137
7,0,316,403,232,69,1,22,137
7,0,23,144,299,37,112,22,137
7,33,60,5,11,45,360,467,137
7,20,21,26,8,3,327,22,137
7,33,60,5,11,3,1,22,137
7,20,21,26,8,1,116,71,137
7,33,60,5,0,3,1,22,137
7,107,12,73,134,1,116,71,137
7,22,1,15,158,136,28,181,137
7,1,44,50,0,5,48,333,137
7,256,369,35,1,5,48,333,137
7,20,21,52,349,15,1,22,137
7,0,5,291,136,51,48,333,137
7,1,0,5,13,3,327,22,137
7,20,21,52,46,381,48,333,137
7,0,56,44,23,337,48,333,137
7,1,44,23,40,11,28,181,137
7,107,12,73,24,0,50,71,137
7,1,0,5,51,136,28,181,137
7,1,0,5,15,16,47,71,137
7,20,21,89,10,2,233,71,137
7,1,44,23,13,119,112,22,137
7,20,21,438,0,2,233,71,137
7,0,5,433,46,446,112,22,137
7,37,70,95,20,78,1,22,137
7,20,21,438,0,1,116,71,137
7,256,222,283,85,45,360,467,137
7,20,21,26,389,145,28,181,137
7,33,60,290,3,8,1,22,137
7,33,60,290,3,0,1,22,137
7,37,70,95,296,1,116,71,137
7,107,12,334,10,8,1,22,137
7,22,1,15,61,48,302,71,137
7,33,131,441,1,5,48,333,137
7,20,30,194,322,2,233,71,137
7,0,3,11,28,15,1,22,137
7,37,70,26,8,3,327,22,137
7,20,21,84,73,134,1,22,137
7,0,316,9,32,382,1,22,137
7,0,17,101,126,5,1,22,137
7,62,353,240,37,70,138,22,137
7,0,316,9,493,48,302,71,137
7,20,21,140,33,46,28,181,137
7,33,60,5,15,61,48,333,137
7,20,21,118,11,3,327,22,137
7,200,37,102,48,5,1,22,137
7,37,70,26,8,1,116,71,137
7,20,19,25,3,11,28,181,137
7,62,2,379,45,11,28,181,137
7,107,12,139,11,3,327,22,137
7,107,12,492,260,0,50,71,137
7,20,202,173,6,0,50,71,137
7,238,109,96,48,5,1,22,137
7,22,112,119,277,37,360,467,137
7,62,2,12,5,48,302,71,137
7,62,2,29,26,125,47,71,137
7,62,2,322,325,44,1,22,137
7,107,12,139,348,248,28,181,137
7,37,70,171,40,11,28,181,137
7,1,392,3,14,96,48,333,137
7,22,112,446,46,381,48,333,137
7,62,2,12,5,0,50,71,137
7,265,23,40,11,3,327,22,137
7,0,23,337,414,100,1,22,137
7,37,70,415,35,1,116,71,137
7,62,2,12,5,1,116,71,137
7,62,2,12,189,45,360,467,137
7,256,222,6,18,453,28,181,137
7,256,222,6,17,0,1,22,137
7,62,2,14,3,0,50,71,137
7,1,9,38,34,0,50,71,137
7,33,60,236,1,5,48,333,137
7,37,70,26,21,122,48,333,137
7,37,70,26,21,1,116,71,137
7,265,23,40,171,70,138,22,137
7,22,1,157,5,0,50,71,137
7,20,202,206,448,198,116,71,137
7,0,316,9,3,1,116,71,137
7,33,131,104,23,41,28,181,137
7,33,131,104,23,44,50,71,137
7,1,9,38,135,122,48,333,137
7,33,60,5,1,3,47,71,137
7,265,23,27,262,51,428,22,137
7,347,250,3,1,0,50,71,137
7,459,424,23,0,1,116,71,137
7,20,497,37,487,1,116,71,137
7,459,424,23,0,2,233,71,137
7,33,140,21,26,55,47,71,137
7,33,140,21,438,0,1,22,137
7,200,37,487,1,5,48,333,137
7,0,316,9,3,498,28,181,137
7,62,353,442,5,127,1,22,137
7,62,353,442,5,51,428,22,137
7,114,224,13,5,48,302,71,137
7,22,1,15,16,183,28,181,137
7,48,5,268,179,45,360,467,137
7,62,103,17,0,2,233,71,137
7,37,70,26,389,145,28,181,137
7,114,422,283,85,244,28,181,137
7,114,173,458,12,154,47,71,137
7,114,173,202,20,78,1,22,137
7,62,149,120,35,1,116,71,137
7,238,109,361,11,3,327,22,137
7,235,50,44,1,3,47,71,137
7,33,140,21,1,5,48,333,137
7,0,23,13,253,157,1,22,137
7,114,173,6,0,1,116,71,137
7,0,23,13,177,51,428,22,137
7,265,23,33,190,431,1,22,137
7,48,5,157,1,0,50,71,137
7,114,173,6,17,101,28,181,137
7,114,173,6,3,1,116,71,137
7,33,60,5,13,306,91,22,137
7,1,8,133,3,0,50,71,137
7,114,173,6,0,2,233,71,137
7,33,60,5,12,39,28,181,137
7,114,173,6,3,59,28,181,137
7,0,23,232,69,1,116,71,137
7,48,5,12,2,0,1,22,137
7,33,131,195,60,5,48,333,137
7,114,173,6,37,70,138,22,137
7,1,44,325,322,194,138,22,137
7,20,30,16,47,3,327,22,137
7,22,1,44,366,51,48,333,137
7,62,103,17,6,0,50,71,137
7,0,50,71,47,3,1,22,137
7,238,109,219,21,122,48,333,137
7,256,222,95,20,78,1,22,137
7,238,109,219,21,1,116,71,137
7,272,24,19,11,5,48,333,137
7,272,24,19,11,3,1,22,137
7,114,224,13,5,0,50,71,137
7,265,23,33,46,381,48,333,137
7,238,109,169,1,5,48,333,137
7,114,224,13,3,0,50,71,137
7,256,222,95,70,37,360,467,137
7,114,224,13,5,1,116,71,137
7,107,12,241,11,5,48,333,137
7,107,12,241,11,3,1,22,137
7,265,23,232,69,1,116,71,137
7,256,222,6,37,102,48,333,137
7,1,0,3,8,133,217,22,137
7,1,0,3,11,45,360,467,137
7,0,4,42,151,45,360,467,137
7,272,24,73,84,21,1,22,137
7,272,24,73,12,5,48,333,137
7,0,23,40,11,3,327,22,137
7,33,23,144,299,37,112,22,137
7,0,23,40,171,70,138,22,137
7,62,103,278,13,3,47,71,137
7,0,4,42,463,116,1,22,137
7,0,5,15,1,3,47,71,137
7,20,19,76,17,0,1,22,137
7,62,103,213,8,1,116,71,137
7,0,4,257,11,3,327,22,137
7,114,224,13,23,206,304,71,137
7,48,493,9,32,382,1,22,137
7,20,74,31,57,1,116,71,137
7,48,51,5,0,2,233,71,137
7,33,140,447,105,46,28,181,137
7,256,222,6,3,0,50,71,137
7,0,4,113,295,184,50,71,137
7,48,102,37,328,235,50,71,137
7,347,250,211,242,133,217,22,137
7,20,74,94,0,2,233,71,137
7,33,140,267,8,3,327,22,137
7,0,3,133,8,317,1,22,137
7,0,4,113,15,5,48,333,137
7,0,34,38,43,37,112,22,137
7,0,34,38,281,3,1,22,137
7,48,102,129,499,11,28,181,137
7,62,103,213,8,3,327,22,137
7,33,140,267,8,1,116,71,137
7,0,4,113,15,1,116,71,137
7,1,5,11,49,46,28,181,137
7,48,5,12,241,469,1,22,137
7,0,4,159,37,70,138,22,137
7,459,424,23,104,16,47,71,137
7,459,424,23,13,3,327,22,137
7,1,5,11,3,0,50,71,137
7,62,103,340,391,8,1,22,137
7,33,23,44,1,5,48,333,137
7,272,24,212,45,164,1,22,137
7,272,24,19,45,164,1,22,137
7,200,37,112,22,1,116,71,137
7,272,24,19,5,11,28,181,137
7,272,24,19,5,0,1,22,137
7,48,51,5,1,0,50,71,137
7,0,5,48,61,15,1,22,137
7,1,188,5,11,3,327,22,137
7,33,60,230,203,111,1,22,137
7,1,188,5,51,136,28,181,137
7,1,0,5,11,45,360,467,137
7,1,8,148,0,2,233,71,137
7,1,188,5,13,3,327,22,137
7,1,0,5,11,3,47,71,137
7,1,188,5,15,16,47,71,137
7,62,103,340,35,1,116,71,137
7,238,109,96,14,2,233,71,137
7,272,24,58,12,5,1,22,137
7,272,24,285,399,471,1,22,137
7,33,23,0,2,10,91,22,137
7,272,24,285,32,9,1,22,137
7,272,24,251,45,164,1,22,137
7,0,5,48,51,136,28,181,137
7,0,1,5,13,3,327,22,137
7,272,24,19,25,3,47,71,137
7,0,23,357,236,1,116,71,137
7,33,23,0,17,101,28,181,137
7,1,8,100,414,337,48,333,137
7,33,23,0,5,51,48,333,137
7,33,23,0,5,1,116,71,137
7,272,24,19,390,15,1,22,137
7,1,78,20,19,11,28,181,137
7,1,78,20,497,37,112,22,137
7,37,102,48,61,15,28,181,137
7,0,23,144,299,37,360,467,137
7,33,60,5,11,440,28,181,137
7,20,21,26,8,10,91,22,137
7,20,21,26,8,3,1,22,137
7,33,23,0,3,1,116,71,137
7,37,102,48,51,5,1,22,137
7,33,60,5,11,3,47,71,137
7,33,23,0,1,44,50,71,137
7,33,60,5,0,3,47,71,137
7,0,34,38,135,122,48,333,137
7,33,23,0,3,8,1,22,137
7,1,44,50,0,2,233,71,137
7,1,487,37,259,11,28,181,137
7,114,69,232,23,44,1,22,137
7,256,369,35,1,0,50,71,137
7,20,21,52,85,45,360,467,137
7,20,21,52,349,15,28,181,137
7,1,487,37,102,48,302,71,137
7,114,69,255,11,3,327,22,137
7,0,5,291,136,51,428,22,137
7,1,0,5,157,174,48,333,137
7,48,5,0,2,10,91,22,137
7,114,69,19,5,0,50,71,137
7,1,0,5,13,67,28,181,137
7,1,0,5,13,3,47,71,137
7,20,21,52,46,446,112,22,137
7,114,69,19,5,1,116,71,137
7,114,69,19,390,15,28,181,137
7,1,44,23,33,46,28,181,137
7,114,69,19,11,3,327,22,137
7,238,109,45,19,69,1,22,137
7,107,12,73,84,21,1,22,137
7,107,12,73,24,0,1,22,137
7,114,69,19,45,11,28,181,137
7,238,109,45,164,1,116,71,137
7,1,0,5,15,61,48,333,137
7,0,4,147,47,3,327,22,137
7,0,3,75,31,16,47,71,137
7,107,12,425,220,1,116,71,137
7,20,21,1,0,2,233,71,137
7,20,21,89,10,8,1,22,137
7,37,299,476,157,5,48,333,137
7,1,44,23,13,123,47,71,137
7,37,259,11,28,15,1,22,137
7,37,299,476,157,1,116,71,137
7,20,21,438,0,5,48,333,137
7,1,8,26,70,37,112,22,137
7,37,70,95,20,21,1,22,137
7,22,1,157,174,48,302,71,137
7,33,35,288,96,48,302,71,137
7,256,222,283,85,456,302,71,137
7,22,1,157,416,3,47,71,137
7,20,21,26,182,125,47,71,137
7,0,5,127,1,3,47,71,137
7,33,60,290,3,9,1,22,137
7,48,5,1,0,2,233,71,137
7,20,21,1,3,0,50,71,137
7,107,12,334,10,16,47,71,137
7,1,44,366,51,5,48,333,137
7,22,1,15,5,48,302,71,137
7,37,299,368,188,5,48,333,137
7,37,299,368,188,1,116,71,137
7,33,131,441,1,0,50,71,137
7,37,299,362,5,0,50,71,137
7,37,299,362,5,1,116,71,137
7,33,307,157,1,5,48,333,137
7,20,21,1,487,37,112,22,137
7,20,21,1,15,5,48,333,137
7,1,8,10,16,15,28,181,137
7,37,70,26,8,10,91,22,137
7,37,70,26,8,3,1,22,137
7,33,23,104,131,441,1,22,137
7,48,493,9,3,1,116,71,137
7,1,8,3,6,0,50,71,137
7,33,23,104,16,10,91,22,137
7,0,316,9,482,155,91,22,137
7,1,8,3,11,45,360,467,137
7,33,473,5,1,0,50,71,137
7,0,316,9,32,11,28,181,137
7,48,5,51,366,44,50,71,137
7,33,23,27,262,51,428,22,137
7,62,353,240,37,102,48,333,137
7,20,249,70,26,8,1,22,137
7,20,21,408,243,8,1,22,137
7,33,23,232,69,1,116,71,137
7,20,21,140,267,8,1,22,137
7,20,21,140,33,35,1,22,137
7,37,102,48,5,1,116,71,137
7,48,247,32,382,1,116,71,137
7,20,497,37,102,48,302,71,137
7,62,2,233,71,116,1,22,137
7,20,21,118,11,5,48,333,137
7,20,21,118,11,3,1,22,137
7,200,37,102,48,51,428,22,137
7,37,6,0,2,10,91,22,137
7,20,19,25,3,59,28,181,137
7,62,2,379,45,164,1,22,137
7,107,12,139,11,5,48,333,137
7,33,473,5,127,1,116,71,137
7,20,72,404,28,15,1,22,137
7,48,96,14,2,0,1,22,137
7,107,12,139,11,3,1,22,137
7,107,12,58,24,0,50,71,137
7,107,12,492,260,100,1,22,137
7,1,8,26,21,122,48,333,137
7,107,12,492,260,0,1,22,137
7,20,202,173,114,69,1,22,137
7,20,202,173,6,3,327,22,137
7,0,23,13,3,1,116,71,137
7,48,247,32,9,1,116,71,137
7,20,202,173,6,0,1,22,137
7,238,109,96,48,51,428,22,137
7,22,1,392,3,11,28,181,137
7,22,112,119,13,5,48,333,137
7,48,247,32,9,3,327,22,137
7,37,6,0,5,48,302,71,137
7,48,337,414,100,8,1,22,137
7,48,337,414,100,1,116,71,137
7,62,2,29,26,8,1,22,137
7,62,2,322,398,206,304,71,137
7,62,2,322,325,44,50,71,137
7,48,5,161,1,0,50,71,137
7,48,5,0,6,37,360,467,137
7,107,12,139,359,69,1,22,137
7,33,176,9,493,48,302,71,137
7,37,70,249,20,78,1,22,137
7,20,249,70,37,102,48,333,137
7,48,96,109,45,11,28,181,137
7,37,70,171,342,35,1,22,137
7,48,96,14,371,5,1,22,137
7,33,176,9,32,382,1,22,137
7,0,23,13,5,48,302,71,137
7,33,176,9,3,1,116,71,137
7,62,2,12,5,11,28,181,137
7,62,2,12,5,0,1,22,137
7,0,5,15,16,10,91,22,137
7,265,23,40,11,5,48,333,137
7,48,247,32,11,3,327,22,137
7,265,23,40,11,3,1,22,137
7,22,1,15,5,0,50,71,137
7,48,5,1,15,16,47,71,137
7,37,6,0,23,337,48,333,137
7,48,5,1,3,0,50,71,137
7,37,6,0,3,1,116,71,137
7,37,6,0,5,51,48,333,137
7,62,2,12,241,469,1,22,137
7,37,102,48,5,0,50,71,137
7,20,30,410,47,3,327,22,137
7,37,6,0,5,1,116,71,137
7,48,429,286,30,194,138,22,137
7,256,222,6,42,463,116,71,137
7,256,222,6,18,5,48,333,137
7,256,222,6,17,0,50,71,137
7,48,429,286,5,0,50,71,137
7,62,2,14,3,8,1,22,137
7,48,429,286,5,1,116,71,137
7,62,2,14,3,0,1,22,137
7,22,327,3,11,45,360,467,137
7,1,164,45,85,456,302,71,137
7,1,9,38,141,46,28,181,137
7,62,2,0,1,44,50,71,137
7,33,60,236,1,0,50,71,137
7,265,23,44,1,5,48,333,137
7,1,164,45,11,3,327,22,137
7,48,96,288,35,1,116,71,137
7,48,96,109,361,11,28,181,137
7,0,2,10,16,15,1,22,137
7,48,96,109,169,1,116,71,137
7,22,1,157,5,51,48,333,137
7,48,493,9,3,0,1,22,137
7,48,96,14,3,1,116,71,137
7,20,202,206,246,16,47,71,137
7,48,247,32,367,59,28,181,137
7,33,176,9,3,0,1,22,137
7,33,131,104,23,144,28,181,137
7,33,23,0,5,48,302,71,137
7,0,1,5,15,16,47,71,137
7,265,23,44,50,0,1,22,137
7,48,5,1,487,37,360,467,137
7,256,369,35,110,248,28,181,137
7,33,60,5,1,15,28,181,137
7,33,60,5,1,3,327,22,137
7,0,6,3,1,44,50,71,137
7,48,337,23,0,2,233,71,137
7,265,23,64,17,0,50,71,137
7,265,23,27,17,101,28,181,137
7,48,337,23,0,1,116,71,137
7,265,23,27,262,51,48,333,137
7,347,250,3,1,44,50,71,137
7,48,96,14,3,0,50,71,137
7,1,8,83,5,0,50,71,137
7,48,381,46,49,11,28,181,137
7,459,424,23,0,5,48,333,137
7,37,6,0,3,498,28,181,137
7,33,140,21,52,46,28,181,137
7,48,337,23,41,155,91,22,137
7,33,140,21,26,8,1,22,137
7,37,299,362,5,48,302,71,137
7,48,337,23,44,1,116,71,137
7,200,37,487,1,0,50,71,137
7,22,112,37,259,11,28,181,137
7,0,2,10,89,21,1,22,137
7,0,316,9,3,59,28,181,137
7,62,353,442,5,157,1,22,137
7,347,250,3,0,2,233,71,137
7,1,21,26,70,37,112,22,137
7,265,23,41,28,15,1,22,137
7,48,337,23,13,67,28,181,137
7,347,250,3,0,1,116,71,137
7,48,5,286,30,194,138,22,137
7,20,19,5,51,48,302,71,137
7,62,103,17,0,5,48,333,137
7,37,70,26,344,157,1,22,137
7,1,21,438,0,2,233,71,137
7,114,422,283,85,45,360,467,137
7,48,5,0,3,1,116,71,137
7,1,0,5,48,51,428,22,137
7,347,250,3,9,493,48,333,137
7,114,173,297,38,9,1,22,137
7,114,173,458,12,2,233,71,137
7,114,173,202,20,21,1,22,137
7,48,5,161,227,1,116,71,137
7,347,250,3,8,100,1,22,137
7,238,109,361,11,5,48,333,137
7,238,109,361,11,3,1,22,137
7,1,21,20,497,37,360,467,137
7,235,50,44,1,15,28,181,137
7,347,250,3,9,1,116,71,137
7,235,50,44,1,3,327,22,137
7,1,21,26,389,145,28,181,137
7,33,140,21,1,0,50,71,137
7,33,473,5,157,174,48,333,137
7,22,1,161,355,45,360,467,137
7,200,37,299,476,157,1,22,137
7,1,8,3,0,2,233,71,137
7,265,23,33,307,157,1,22,137
7,347,250,3,11,45,360,467,137
7,48,61,15,158,136,28,181,137
7,48,61,15,16,10,91,22,137
7,48,5,157,1,3,47,71,137
7,1,21,140,33,46,28,181,137
7,114,173,6,18,453,28,181,137
7,114,173,6,17,0,1,22,137
7,33,473,5,157,1,116,71,137
7,33,170,46,433,5,48,333,137
7,1,21,118,11,3,327,22,137
7,1,21,52,349,15,28,181,137
7,33,60,5,18,453,28,181,137
7,459,424,23,41,155,91,22,137
7,33,60,5,13,3,327,22,137
7,1,21,52,46,381,48,333,137
7,1,8,133,3,59,28,181,137
7,20,74,31,16,10,91,22,137
7,0,1,116,71,302,48,333,137
7,1,5,157,416,3,47,71,137
7,114,173,6,0,5,48,333,137
7,20,19,11,5,48,302,71,137
7,33,131,186,17,101,28,181,137
7,33,60,5,12,90,28,181,137
7,114,173,6,3,0,50,71,137
7,20,19,11,3,1,116,71,137
7,20,375,156,35,1,116,71,137
7,22,1,161,5,48,302,71,137
7,22,1,127,5,48,302,71,137
7,1,21,122,48,51,428,22,137
7,1,5,18,6,3,47,71,137
7,48,5,12,2,10,91,22,137
7,48,5,12,2,0,50,71,137
7,33,131,384,192,45,360,467,137
7,33,131,195,60,236,1,22,137
7,33,131,195,60,5,1,22,137
7,114,173,6,37,102,48,333,137
7,0,23,13,5,1,116,71,137
7,22,327,3,14,96,48,333,137
7,48,493,495,212,45,360,467,137
7,256,421,417,203,111,1,22,137
7,20,19,11,45,164,1,22,137
7,20,30,16,47,3,1,22,137
7,33,35,1,9,493,48,333,137
7,20,19,11,5,0,50,71,137
7,20,19,11,5,1,116,71,137
7,22,1,44,23,337,48,333,137
7,62,103,17,34,152,1,22,137
7,62,103,17,6,3,327,22,137
7,62,103,17,6,0,1,22,137
7,22,1,161,5,0,50,71,137
7,1,5,86,46,381,48,333,137
7,0,50,71,47,3,327,22,137
7,1,5,13,23,206,304,71,137
7,20,19,11,3,0,1,22,137
7,256,222,95,20,234,233,71,137
7,0,5,491,310,157,1,22,137
7,0,23,13,3,498,28,181,137
7,48,493,9,1,0,50,71,137
7,265,23,44,366,51,48,333,137
7,272,24,19,11,45,360,467,137
7,1,5,19,45,11,28,181,137
7,272,24,19,11,5,1,22,137
7,272,24,19,11,3,47,71,137
7,1,5,13,3,0,50,71,137
7,114,224,13,5,11,28,181,137
7,114,224,13,5,0,1,22,137
7,48,5,0,3,8,1,22,137
7,48,5,161,264,136,28,181,137
7,265,23,33,46,446,112,22,137
7,238,109,169,1,0,50,71,137
7,1,9,32,247,48,302,71,137
7,114,224,13,3,8,1,22,137
7,347,250,3,133,8,1,22,137
7,114,224,13,3,0,1,22,137
7,1,5,19,24,0,50,71,137
7,33,35,1,3,0,50,71,137
7,0,23,13,5,51,48,333,137
7,1,188,5,48,51,428,22,137
7,1,5,19,11,3,327,22,137
7,107,12,241,11,45,360,467,137
7,20,19,11,32,382,1,22,137
7,107,12,241,11,5,1,22,137
7,107,12,241,11,3,47,71,137
7,22,112,37,102,48,302,71,137
7,1,5,286,30,194,138,22,137
7,20,19,11,475,1,116,71,137
7,256,222,6,37,487,1,22,137
7,0,23,178,32,247,48,333,137
7,1,5,12,2,10,91,22,137
7,1,0,3,6,37,360,467,137
7,1,0,3,8,10,91,22,137
7,37,70,138,22,1,116,71,137
7,1,0,3,11,5,48,333,137
7,1,5,291,136,51,48,333,137
7,0,4,42,81,5,48,333,137
7,1,8,83,5,48,302,71,137
7,347,250,3,287,1,116,71,137
7,1,5,83,8,3,327,22,137
7,1,5,433,46,381,48,333,137
7,1,5,12,189,45,360,467,137
7,272,24,73,84,358,28,181,137
7,272,24,73,12,39,28,181,137
7,272,24,73,12,5,1,22,137
7,0,23,40,11,5,48,333,137
7,0,23,40,11,3,1,22,137
7,62,2,10,8,3,327,22,137
7,48,174,157,432,293,1,22,137
7,33,23,144,299,37,360,467,137
7,62,2,10,8,1,116,71,137
7,48,174,157,5,0,50,71,137
7,48,174,157,5,1,116,71,137
7,0,3,416,157,5,48,333,137
7,22,1,164,45,11,28,181,137
7,347,250,3,392,1,116,71,137
7,62,103,434,385,111,1,22,137
7,62,103,278,13,5,48,333,137
7,62,103,278,13,3,1,22,137
7,0,2,233,71,116,1,22,137
7,0,3,8,191,1,116,71,137
7,0,5,15,1,44,50,71,137
7,0,3,416,157,1,116,71,137
7,48,302,456,85,45,360,467,137
7,0,5,15,1,3,327,22,137
7,1,8,10,2,0,50,71,137
7,20,19,76,17,0,50,71,137
7,347,350,252,326,1,116,71,137
7,62,2,10,16,15,1,22,137
7,0,4,257,11,5,48,333,137
7,20,497,37,6,3,47,71,137
7,33,35,1,15,5,48,333,137
7,20,204,44,23,206,304,71,137
7,0,4,257,11,3,1,22,137
7,114,224,13,31,57,1,22,137
7,114,224,13,23,0,50,71,137
7,0,3,8,10,2,233,71,137
7,48,493,9,482,155,91,22,137
7,37,6,3,8,100,1,22,137
7,48,493,9,32,11,28,181,137
7,200,37,6,0,2,233,71,137
7,37,6,3,8,1,116,71,137
7,37,6,3,0,2,233,71,137
7,48,51,5,0,3,1,22,137
7,347,250,3,75,303,47,71,137
7,37,6,3,0,1,116,71,137
7,33,140,447,105,61,48,333,137
7,62,2,10,89,21,1,22,137
7,256,222,6,3,8,1,22,137
7,0,3,13,5,1,116,71,137
7,33,23,144,28,15,1,22,137
7,200,207,41,23,206,304,71,137
7,256,222,6,3,0,1,22,137
7,0,3,8,93,1,116,71,137
7,37,6,3,9,493,48,333,137
7,48,102,37,6,3,47,71,137
7,37,6,3,9,1,116,71,137
7,347,250,406,17,0,1,22,137
7,347,250,211,6,3,47,71,137
7,0,3,13,5,51,48,333,137
7,0,3,8,83,220,1,22,137
7,20,74,94,0,5,48,333,137
7,20,19,5,1,0,50,71,137
7,33,140,267,8,10,91,22,137
7,33,140,267,8,3,1,22,137
7,0,3,8,317,1,116,71,137
7,200,37,6,18,5,1,22,137
7,265,23,0,1,44,50,71,137
7,22,1,188,5,0,50,71,137
7,20,204,44,50,0,1,22,137
7,37,6,3,11,45,360,467,137
7,1,5,15,158,136,28,181,137
7,0,4,113,15,16,47,71,137
7,0,4,113,15,5,1,22,137
7,20,19,5,11,3,327,22,137
7,0,34,38,53,45,360,467,137
7,1,5,15,61,48,302,71,137
7,0,34,38,43,37,360,467,137
7,1,9,32,11,3,327,22,137
7,256,421,417,46,381,48,333,137
7,0,34,38,281,3,327,22,137
7,20,19,5,0,2,233,71,137
7,48,102,129,105,46,28,181,137
7,0,23,33,190,431,1,22,137
7,20,19,5,0,1,116,71,137
7,62,103,213,8,10,91,22,137
7,62,103,213,8,3,1,22,137
7,33,46,446,112,37,360,467,137
7,238,109,45,360,37,112,22,137
7,0,3,4,301,100,1,22,137
7,0,5,161,264,136,28,181,137
7,0,24,19,5,48,302,71,137
7,37,6,3,133,8,1,22,137
7,1,5,11,259,37,360,467,137
7,1,9,32,367,59,28,181,137
7,0,5,161,227,1,116,71,137
7,48,5,12,425,220,1,22,137
7,0,94,74,20,78,1,22,137
7,48,5,12,241,11,28,181,137
7,20,115,12,189,45,360,467,137
7,0,94,263,46,381,48,333,137
7,0,4,159,37,102,48,333,137
7,459,424,23,175,0,50,71,137
7,1,5,286,429,48,302,71,137
7,200,37,43,38,135,485,71,137
7,22,1,188,5,48,302,71,137
7,459,424,23,13,5,48,333,137
7,347,250,3,8,1,116,71,137
7,33,170,46,381,48,302,71,137
7,37,360,45,11,3,327,22,137
7,0,2,10,8,1,116,71,137
7,459,424,23,13,3,1,22,137
7,0,24,298,44,1,116,71,137
7,1,5,11,3,498,28,181,137
7,0,5,19,45,11,28,181,137
7,0,24,19,11,3,327,22,137
7,0,24,19,5,51,48,333,137
7,1,9,3,0,2,233,71,137
7,0,2,10,8,3,327,22,137
7,33,23,44,1,0,50,71,137
7,0,24,19,5,1,116,71,137
7,20,19,5,15,16,47,71,137
7,37,6,3,287,1,116,71,137
7,459,424,23,44,1,116,71,137
7,1,5,157,174,48,302,71,137
7,62,149,120,10,2,233,71,137
7,272,24,19,5,15,28,181,137
7,0,5,161,1,3,47,71,137
7,256,222,6,0,2,233,71,137
7,0,99,80,46,381,48,333,137
7,48,51,5,1,3,47,71,137
7,20,19,5,15,1,116,71,137
7,48,51,428,22,1,116,71,137
7,0,24,73,12,2,233,71,137
7,0,5,48,102,37,360,467,137
7,0,5,48,61,15,28,181,137
7,0,5,18,6,3,47,71,137
7,0,24,73,134,1,116,71,137
7,1,188,5,11,45,360,467,137
7,1,188,5,11,3,47,71,137
7,33,60,230,273,127,1,22,137
7,1,9,270,5,48,302,71,137
7,0,239,211,6,37,112,22,137
7,0,24,19,390,15,28,181,137
7,33,439,460,241,11,28,181,137
7,1,0,5,11,440,28,181,137
7,1,8,148,0,3,47,71,137
7,1,188,5,19,45,360,467,137
7,1,188,5,13,67,28,181,137
7,1,188,5,13,3,47,71,137
7,1,188,5,15,61,48,333,137
7,238,109,96,288,35,1,22,137
7,238,109,96,14,3,327,22,137
7,272,24,245,12,2,233,71,137
7,272,24,58,12,2,233,71,137
7,272,24,58,12,5,48,333,137
7,272,24,285,32,11,28,181,137
7,0,1,5,157,174,48,333,137
7,0,1,5,13,67,28,181,137
7,0,1,5,13,3,47,71,137
7,272,24,19,20,21,1,22,137
7,272,24,19,25,3,1,22,137
7,33,23,0,6,37,360,467,137
7,1,8,484,200,37,360,467,137
7,1,8,100,260,0,50,71,137
7,33,23,0,5,11,28,181,137
7,33,23,0,5,51,428,22,137
7,1,78,20,72,404,28,181,137
7,1,78,20,19,5,48,333,137
7,37,102,48,381,46,28,181,137
7,37,102,48,61,15,1,22,137
7,33,60,5,11,475,1,22,137
7,20,21,26,8,93,1,22,137
7,20,21,26,8,3,47,71,137
7,37,102,48,51,136,28,181,137
7,33,23,0,1,3,47,71,137
7,33,60,5,0,3,327,22,137
7,33,23,0,3,498,28,181,137
7,1,44,50,0,3,47,71,137
7,1,487,37,328,235,50,71,137
7,114,69,117,193,45,360,467,137
7,114,69,232,23,0,50,71,137
7,114,69,232,23,44,50,71,137
7,256,369,35,1,3,47,71,137
7,20,21,52,85,244,28,181,137
7,114,69,255,11,5,48,333,137
7,114,69,255,11,3,1,22,137
7,1,0,5,18,453,28,181,137
7,114,69,19,5,11,28,181,137
7,114,69,19,5,0,1,22,137
7,1,0,5,13,119,112,22,137
7,0,17,167,92,45,360,467,137
7,0,17,167,293,1,116,71,137
7,114,69,19,24,0,50,71,137
7,114,69,19,390,15,1,22,137
7,114,69,19,11,5,48,333,137
7,114,69,19,11,3,1,22,137
7,238,109,45,53,198,116,71,137
7,238,109,45,19,5,48,333,137
7,107,12,73,84,358,28,181,137
7,114,69,19,45,164,1,22,137
7,0,1,188,5,48,302,71,137
7,48,5,15,1,0,50,71,137
7,0,4,147,47,3,1,22,137
7,0,3,75,31,57,1,22,137
7,200,484,8,10,2,233,71,137
7,20,21,1,0,3,47,71,137
7,20,21,89,10,16,47,71,137
7,33,439,186,17,101,28,181,137
7,200,252,457,0,2,233,71,137
7,200,484,8,3,1,116,71,137
7,37,299,476,157,174,48,333,137
7,37,299,476,157,5,1,22,137
7,37,6,3,13,123,47,71,137
7,0,5,19,69,1,116,71,137
7,20,470,45,360,37,112,22,137
7,1,44,23,13,306,91,22,137
7,0,17,63,87,8,1,22,137
7,20,19,45,360,37,112,22,137
7,0,17,63,46,381,48,333,137
7,20,21,438,0,3,1,22,137
7,33,46,105,61,48,302,71,137
7,20,19,5,161,227,1,22,137
7,200,484,8,93,1,116,71,137
7,20,21,438,0,5,1,22,137
7,200,484,8,3,0,1,22,137
7,1,8,26,70,37,360,467,137
7,114,69,1,5,0,50,71,137
7,37,70,95,20,234,233,71,137
7,20,19,5,161,1,116,71,137
7,0,24,285,399,471,1,22,137
7,0,24,19,69,1,116,71,137
7,48,5,0,50,44,1,22,137
7,0,5,60,65,184,50,71,137
7,0,17,319,45,11,28,181,137
7,200,484,8,100,1,116,71,137
7,107,12,154,47,3,327,22,137
7,114,69,1,5,48,302,71,137
7,20,21,26,344,157,1,22,137
7,1,392,3,0,2,233,71,137
7,0,5,60,236,1,116,71,137
7,1,3,6,0,2,233,71,137
7,0,5,127,1,15,28,181,137
7,0,5,127,1,3,327,22,137
7,33,60,290,3,11,28,181,137
7,0,239,352,8,1,116,71,137
7,0,17,64,23,206,304,71,137
7,48,5,1,0,3,47,71,137
7,0,17,179,268,5,1,22,137
7,20,21,1,3,59,28,181,137
7,0,17,179,45,11,28,181,137
7,0,5,12,2,10,91,22,137
7,200,484,8,133,3,327,22,137
7,107,12,334,10,356,28,181,137
7,1,44,366,51,136,28,181,137
7,1,3,75,31,16,47,71,137
7,37,299,368,188,5,1,22,137
7,33,46,105,129,102,48,333,137
7,0,143,124,100,8,1,22,137
7,22,217,133,8,1,116,71,137
7,33,131,441,1,3,47,71,137
7,1,3,6,18,5,48,333,137
7,37,299,362,5,11,28,181,137
7,37,299,362,5,0,1,22,137
7,0,143,124,30,194,138,22,137
7,114,69,1,0,2,233,71,137
7,200,484,8,191,1,116,71,137
7,33,307,157,1,0,50,71,137
7,22,217,133,3,11,28,181,137
7,20,21,1,475,11,28,181,137
7,20,21,1,487,37,360,467,137
7,1,3,9,38,135,485,71,137
7,20,21,1,15,16,47,71,137
7,0,143,124,100,1,116,71,137
7,1,3,9,493,48,302,71,137
7,1,3,6,37,70,138,22,137
7,1,8,10,16,183,28,181,137
7,37,70,26,8,93,1,22,137
7,200,484,8,26,55,47,71,137
7,37,70,26,8,3,47,71,137
7,1,15,28,11,3,47,71,137
7,0,5,13,3,1,116,71,137
7,33,23,104,332,11,28,181,137
7,200,484,8,317,1,116,71,137
7,33,23,337,48,5,1,22,137
7,0,5,12,189,45,360,467,137
7,1,8,3,75,303,47,71,137
7,1,8,3,6,37,112,22,137
7,33,46,130,51,48,302,71,137
7,33,46,105,61,15,28,181,137
7,0,24,19,45,11,28,181,137
7,0,5,12,90,111,1,22,137
7,1,3,8,10,2,233,71,137
7,33,23,104,16,15,28,181,137
7,0,316,9,77,35,1,22,137
7,1,8,3,11,5,48,333,137
7,22,1,116,71,302,48,333,137
7,33,473,5,1,3,47,71,137
7,33,46,110,35,1,116,71,137
7,0,316,9,32,145,28,181,137
7,1,3,8,213,435,116,71,137
7,48,5,51,130,46,28,181,137
7,48,5,51,366,44,1,22,137
7,0,24,212,45,11,28,181,137
7,33,46,130,51,5,48,333,137
7,33,23,419,84,358,28,181,137
7,33,23,27,17,101,28,181,137
7,33,23,27,262,51,48,333,137
7,1,3,4,0,2,233,71,137
7,62,353,240,37,487,1,22,137
7,20,249,70,95,296,1,22,137
7,20,249,70,26,21,1,22,137
7,48,5,127,1,0,50,71,137
7,200,252,68,37,70,138,22,137
7,272,443,259,37,70,138,22,137
7,20,21,219,109,45,360,467,137
7,20,19,5,12,2,233,71,137
7,1,3,4,42,463,116,71,137
7,0,380,205,6,3,47,71,137
7,0,3,287,324,11,28,181,137
7,22,1,5,0,2,233,71,137
7,20,19,5,188,1,116,71,137
7,22,1,5,51,48,302,71,137
7,1,3,25,396,45,360,467,137
7,0,5,19,390,15,28,181,137
7,427,126,5,1,0,50,71,137
7,1,3,14,2,10,91,22,137
7,62,2,0,50,44,1,22,137
7,62,2,233,71,302,48,333,137
7,20,21,118,11,45,360,467,137
7,33,23,13,31,57,1,22,137
7,0,5,286,30,194,138,22,137
7,1,3,11,5,0,50,71,137
7,20,21,118,11,5,1,22,137
7,20,21,118,11,3,47,71,137
7,1,3,11,5,48,302,71,137
7,1,3,13,5,0,50,71,137
7,1,3,14,371,5,48,333,137
7,1,127,5,0,2,233,71,137
7,1,3,14,96,48,302,71,137
7,20,19,25,3,98,28,181,137
7,1,3,11,49,46,28,181,137
7,1,3,13,23,206,304,71,137
7,107,12,139,11,45,360,467,137
7,107,12,139,11,5,1,22,137
7,33,190,431,1,5,48,333,137
7,265,23,337,414,100,1,22,137
7,0,457,252,200,37,112,22,137
7,1,127,5,51,48,302,71,137
7,48,96,14,2,10,91,22,137
7,48,96,14,2,0,50,71,137
7,107,12,139,11,3,47,71,137
7,33,46,433,5,1,116,71,137
7,427,126,5,157,174,48,333,137
7,107,12,115,20,21,1,22,137
7,107,12,58,24,0,1,22,137
7,22,91,10,2,0,50,71,137
7,427,126,5,157,1,116,71,137
7,33,121,211,6,3,47,71,137
7,0,457,252,326,1,116,71,137
7,1,8,26,389,145,28,181,137
7,427,126,5,11,3,327,22,137
7,427,126,5,161,227,1,22,137
7,33,46,433,5,0,50,71,137
7,427,126,5,161,1,116,71,137
7,20,202,173,6,37,112,22,137
7,20,202,173,6,3,1,22,137
7,0,4,3,133,8,1,22,137
7,0,1,3,8,133,217,22,137
7,33,153,40,11,3,327,22,137
7,37,6,3,392,1,116,71,137
7,0,1,3,11,45,360,467,137
7,427,126,5,12,2,233,71,137
7,427,126,5,188,1,116,71,137
7,22,1,392,3,59,28,181,137
7,22,112,119,13,3,47,71,137
7,427,126,5,0,2,233,71,137
7,0,4,3,11,45,360,467,137
7,48,247,32,9,3,1,22,137
7,427,126,5,0,1,116,71,137
7,48,122,21,1,0,50,71,137
7,1,3,13,5,48,302,71,137
7,20,72,192,45,11,28,181,137
7,0,5,13,3,498,28,181,137
7,62,2,29,26,21,1,22,137
7,0,4,3,8,100,1,22,137
7,0,4,3,8,1,116,71,137
7,62,2,322,477,67,28,181,137
7,33,153,40,23,206,304,71,137
7,0,5,11,32,145,28,181,137
7,0,5,11,475,1,116,71,137
7,48,5,161,1,3,47,71,137
7,33,121,38,135,122,48,333,137
7,265,23,337,48,5,1,22,137
7,48,5,0,4,147,47,71,137
7,48,5,15,158,136,28,181,137
7,48,5,0,6,3,1,22,137
7,48,5,0,6,37,112,22,137
7,33,121,38,9,3,327,22,137
7,265,23,175,258,215,28,181,137
7,0,3,11,5,48,302,71,137
7,0,4,3,9,493,48,333,137
7,0,4,3,9,1,116,71,137
7,48,174,157,1,0,50,71,137
7,37,70,393,129,102,48,333,137
7,37,70,249,20,21,1,22,137
7,427,126,101,28,15,1,22,137
7,20,249,70,37,487,1,22,137
7,0,3,11,5,15,28,181,137
7,48,96,109,45,164,1,22,137
7,0,3,11,5,1,116,71,137
7,33,121,38,34,152,1,22,137
7,265,23,175,0,1,116,71,137
7,48,302,71,50,0,1,22,137
7,0,4,3,287,1,116,71,137
7,33,176,9,292,46,28,181,137
7,33,176,9,32,11,28,181,137
7,0,3,11,32,145,28,181,137
7,0,24,251,45,11,28,181,137
7,0,3,11,475,1,116,71,137
7,62,2,12,5,15,28,181,137
7,48,5,15,16,10,91,22,137
7,0,4,3,14,2,233,71,137
7,0,5,15,16,183,28,181,137
7,0,175,420,97,1,116,71,137
7,37,112,119,13,123,47,71,137
7,0,4,3,392,1,116,71,137
7,1,15,349,52,481,28,181,137
7,265,23,40,11,45,360,467,137
7,265,23,40,11,5,1,22,137
7,1,15,158,136,51,48,333,137
7,48,247,32,11,45,360,467,137
7,48,247,32,11,3,1,22,137
7,265,23,40,11,3,47,71,137
7,22,1,5,51,136,28,181,137
7,37,112,446,46,381,48,333,137
7,22,1,15,5,51,48,333,137
7,272,24,0,17,101,28,181,137
7,272,24,0,3,1,116,71,137
7,272,24,0,5,51,48,333,137
7,37,6,0,160,51,48,333,137
7,0,175,420,97,108,1,22,137
7,33,46,52,21,1,116,71,137
7,272,24,0,5,1,116,71,137
7,37,6,0,23,44,50,71,137
7,48,5,1,3,59,28,181,137
7,20,310,491,5,48,302,71,137
7,37,6,0,5,11,28,181,137
7,33,46,52,21,122,48,333,137
7,20,284,19,5,48,302,71,137
7,37,6,0,5,51,428,22,137
7,62,2,12,425,220,1,22,137
7,62,2,12,241,11,28,181,137
7,0,5,11,3,498,28,181,137
7,37,102,48,5,11,28,181,137
7,37,102,48,5,0,1,22,137
7,0,99,80,97,108,1,22,137
7,20,310,157,5,48,302,71,137
7,1,157,5,0,2,233,71,137
7,1,169,109,96,48,302,71,137
7,20,30,410,47,3,1,22,137
7,272,24,0,3,8,1,22,137
7,48,429,286,30,16,47,71,137
7,256,222,6,199,108,1,22,137
7,37,259,329,84,21,1,22,137
7,0,6,37,277,119,112,22,137
7,256,222,6,18,5,1,22,137
7,20,95,296,1,5,48,333,137
7,48,429,286,5,11,28,181,137
7,20,95,296,1,0,50,71,137
7,48,429,286,5,15,28,181,137
7,20,95,296,1,3,47,71,137
7,48,429,286,5,51,428,22,137
7,48,429,286,5,15,1,22,137
7,20,95,296,1,15,28,181,137
7,20,95,296,1,3,327,22,137
7,48,429,286,5,127,1,22,137
7,20,95,296,1,44,50,71,137
7,48,429,286,5,157,1,22,137
7,0,6,37,487,1,116,71,137
7,48,429,286,5,161,1,22,137
7,48,429,286,5,0,1,22,137
7,48,429,286,5,188,1,22,137
7,48,5,11,28,15,1,22,137
7,20,95,222,6,0,50,71,137
7,62,2,14,3,9,1,22,137
7,20,95,209,40,11,28,181,137
7,20,95,222,283,407,28,181,137
7,20,95,222,6,3,327,22,137
7,20,95,222,6,0,1,22,137
7,62,2,14,3,11,28,181,137
7,20,95,209,413,122,48,333,137
7,20,95,222,6,37,112,22,137
7,20,95,222,6,3,1,22,137
7,62,2,14,3,59,28,181,137
7,20,95,222,6,37,360,467,137
7,20,95,222,6,3,47,71,137
7,62,2,14,3,98,28,181,137
7,1,169,109,361,11,28,181,137
7,62,2,14,3,133,217,22,137
7,1,169,109,437,194,138,22,137
7,62,2,14,3,287,1,22,137
7,22,327,3,11,5,48,333,137
7,62,2,14,3,392,1,22,137
7,22,327,3,11,440,28,181,137
7,62,2,14,3,498,28,181,137
7,0,175,23,41,155,91,22,137
7,33,385,111,1,5,48,333,137
7,1,164,45,53,198,116,71,137
7,33,385,111,1,0,50,71,137
7,1,164,45,19,11,28,181,137
7,33,385,111,1,3,47,71,137
7,1,164,45,132,423,233,71,137
7,1,164,45,19,5,48,333,137
7,33,385,111,1,15,28,181,137
7,33,385,111,1,3,327,22,137
7,1,164,45,379,2,233,71,137
7,33,385,111,1,44,50,71,137
7,1,164,45,109,96,48,333,137
7,1,169,109,45,11,28,181,137
7,1,164,45,85,244,28,181,137
7,20,19,5,157,174,48,333,137
7,1,9,38,43,37,360,467,137
7,62,2,0,1,3,47,71,137
7,1,9,38,281,3,47,71,137
7,1,9,38,43,37,112,22,137
7,62,2,0,1,5,48,333,137
7,62,2,0,1,3,327,22,137
7,1,9,38,53,45,360,467,137
7,1,9,38,281,3,327,22,137
7,62,2,0,1,15,28,181,137
7,1,9,38,68,37,360,467,137
7,1,9,38,53,198,116,71,137
7,1,9,38,165,46,28,181,137
7,1,9,38,68,37,112,22,137
7,22,428,51,5,48,302,71,137
7,272,24,0,5,48,302,71,137
7,33,60,236,1,3,47,71,137
7,265,23,44,1,0,50,71,137
7,33,60,236,1,15,28,181,137
7,33,60,236,1,3,327,22,137
7,265,23,44,1,3,47,71,137
7,33,60,236,1,44,50,71,137
7,265,23,44,1,15,28,181,137
7,265,23,44,1,3,327,22,137
7,1,164,45,11,5,48,333,137
7,1,164,45,11,3,47,71,137
7,1,164,45,11,440,28,181,137
7,20,19,5,157,1,116,71,137
7,0,5,83,8,1,116,71,137
7,48,96,109,437,194,138,22,137
7,20,19,11,28,15,1,22,137
7,48,96,109,219,21,1,22,137
7,1,157,5,51,48,302,71,137
7,0,2,10,16,183,28,181,137
7,0,2,10,16,15,28,181,137
7,0,5,83,8,3,327,22,137
7,22,138,194,30,16,47,71,137
7,0,5,83,8,10,91,22,137
7,0,5,83,8,3,1,22,137
7,22,138,194,322,2,233,71,137
7,22,138,194,30,410,47,71,137
7,0,5,83,8,93,1,22,137
7,0,5,83,8,3,47,71,137
7,0,5,83,8,100,1,22,137
7,22,138,70,26,55,47,71,137
7,0,5,83,8,133,217,22,137
7,22,138,70,26,125,47,71,137
7,0,5,83,8,191,1,22,137
7,37,487,1,15,5,48,333,137
7,0,5,83,8,317,1,22,137
7,37,487,1,15,16,47,71,137
7,22,1,157,5,11,28,181,137
7,37,487,1,15,61,48,333,137
7,22,1,157,5,15,28,181,137
7,37,487,1,3,0,50,71,137
7,48,493,9,3,8,1,22,137
7,37,487,1,3,59,28,181,137
7,48,493,9,3,11,28,181,137
7,37,487,1,3,498,28,181,137
7,48,493,9,3,59,28,181,137
7,37,487,1,3,98,28,181,137
7,48,493,9,3,98,28,181,137
7,37,487,1,3,133,217,22,137
7,48,493,9,3,498,28,181,137
7,37,487,1,3,11,28,181,137
7,48,493,9,3,133,217,22,137
7,48,493,9,3,0,50,71,137
7,48,493,9,3,287,1,22,137
7,0,99,80,31,57,1,22,137
7,48,493,9,3,392,1,22,137
7,0,99,80,117,69,1,22,137
7,0,99,80,31,16,47,71,137
7,33,190,158,136,51,48,333,137
7,20,202,206,23,0,50,71,137
7,33,190,158,136,51,428,22,137
7,20,202,206,23,44,50,71,137
7,20,202,206,23,0,1,22,137
7,20,202,206,23,41,28,181,137
7,20,202,206,23,44,1,22,137
7,20,202,206,23,144,28,181,137
7,22,138,70,37,102,48,333,137
7,20,202,206,23,337,48,333,137
7,0,175,23,44,1,116,71,137
7,20,19,5,48,51,428,22,137
7,33,176,9,3,8,1,22,137
7,33,176,9,3,0,50,71,137
7,33,176,9,3,11,28,181,137
7,0,17,34,38,9,1,22,137
7,33,176,9,3,59,28,181,137
7,0,17,34,38,135,485,71,137
7,33,176,9,3,98,28,181,137
7,0,1,5,51,48,302,71,137
7,33,176,9,3,498,28,181,137
7,20,19,5,51,136,28,181,137
7,33,176,9,3,133,217,22,137
7,33,131,104,23,337,48,333,137
7,33,176,9,3,287,1,22,137
7,0,1,5,15,61,48,333,137
7,33,176,9,3,392,1,22,137
7,48,5,1,475,11,28,181,137
7,48,5,1,487,37,112,22,137
7,48,5,1,78,312,47,71,137
7,256,369,35,288,96,48,333,137
7,48,5,1,164,45,360,467,137
7,256,369,35,415,70,138,22,137
7,48,5,1,8,3,47,71,137
7,256,369,35,331,244,28,181,137
7,48,5,1,9,3,47,71,137
7,48,5,1,8,133,217,22,137
7,48,5,1,8,3,327,22,137
7,256,369,35,33,46,28,181,137
7,48,5,1,287,3,47,71,137
7,48,5,1,9,3,327,22,137
7,48,5,1,8,10,91,22,137
7,256,369,35,77,9,1,22,137
7,48,5,1,392,3,47,71,137
7,48,5,1,287,3,327,22,137
7,256,369,35,120,10,91,22,137
7,48,5,1,111,90,28,181,137
7,48,5,1,392,3,327,22,137
7,256,369,35,166,45,360,467,137
7,256,369,35,110,46,28,181,137
7,33,60,5,1,44,50,71,137
7,0,6,3,1,5,48,333,137
7,48,337,23,0,3,47,71,137
7,0,6,3,1,15,28,181,137
7,48,337,23,0,5,1,22,137
7,48,337,23,0,3,1,22,137
7,265,23,419,84,358,28,181,137
7,48,337,23,0,3,327,22,137
7,265,23,150,465,57,1,22,137
7,265,23,419,84,21,1,22,137
7,265,23,36,30,16,47,71,137
7,265,23,150,104,16,47,71,137
7,265,23,383,436,5,48,333,137
7,265,23,36,30,194,138,22,137
7,265,23,150,351,215,28,181,137
7,265,23,178,32,382,1,22,137
7,265,23,383,380,0,1,22,137
7,265,23,383,436,5,1,22,137
7,265,23,36,30,410,47,71,137
7,265,23,424,390,15,28,181,137
7,265,23,178,32,9,1,22,137
7,265,23,383,380,0,50,71,137
7,265,23,401,38,9,1,22,137
7,265,23,424,390,15,1,22,137
7,265,23,178,32,11,28,181,137
7,265,23,401,38,135,485,71,137
7,265,23,178,32,145,28,181,137
7,265,23,64,17,101,28,181,137
7,265,23,178,32,247,48,333,137
7,265,23,64,17,0,1,22,137
7,265,23,27,323,287,1,22,137
7,265,23,27,17,0,1,22,137
7,347,250,3,1,5,48,333,137
7,265,23,27,17,0,50,71,137
7,347,250,3,1,15,28,181,137
7,48,96,14,3,8,1,22,137
7,48,96,14,3,0,1,22,137
7,48,96,14,3,9,1,22,137
7,1,8,83,5,51,48,333,137
7,48,96,14,3,11,28,181,137
7,1,8,83,5,11,28,181,137
7,1,8,83,5,51,428,22,137
7,48,96,14,3,59,28,181,137
7,1,8,83,5,15,28,181,137
7,48,96,14,3,98,28,181,137
7,48,381,46,433,5,1,22,137
7,48,96,14,3,133,217,22,137
7,48,381,46,52,481,28,181,137
7,48,96,14,3,287,1,22,137
7,48,381,46,130,51,428,22,137
7,48,381,46,52,21,1,22,137
7,48,96,14,3,392,1,22,137
7,48,381,46,110,248,28,181,137
7,48,96,14,3,498,28,181,137
7,48,381,46,80,97,1,22,137
7,48,381,46,110,35,1,22,137
7,48,381,46,86,5,1,22,137
7,459,424,23,0,3,1,22,137
7,48,381,46,292,9,1,22,137
7,48,381,46,86,226,1,22,137
7,459,424,23,0,3,47,71,137
7,48,381,46,33,35,1,22,137
7,48,381,46,86,231,28,181,137
7,459,424,23,0,3,327,22,137
7,459,424,23,0,5,1,22,137
7,37,6,0,3,59,28,181,137
7,33,140,21,84,358,28,181,137
7,37,6,0,3,98,28,181,137
7,33,140,21,20,78,1,22,137
7,37,6,0,3,133,217,22,137
7,33,140,21,89,10,91,22,137
7,33,140,21,20,234,233,71,137
7,37,6,0,3,11,28,181,137
7,33,140,21,118,11,28,181,137
7,37,6,0,3,8,1,22,137
7,33,140,21,52,481,28,181,137
7,37,6,0,3,9,1,22,137
7,33,140,21,26,70,138,22,137
7,37,6,0,3,287,1,22,137
7,33,140,21,26,125,47,71,137
7,37,6,0,3,392,1,22,137
7,200,37,487,1,3,47,71,137
7,1,3,0,2,10,91,22,137
7,200,37,487,1,15,28,181,137
7,200,37,487,1,3,327,22,137
7,200,37,487,1,44,50,71,137
7,1,191,8,133,3,327,22,137
7,33,23,13,5,48,302,71,137
7,1,191,8,133,3,47,71,137
7,427,126,5,51,48,302,71,137
7,22,112,37,299,144,28,181,137
7,1,93,8,133,3,327,22,137
7,22,112,37,487,1,116,71,137
7,1,93,8,133,3,47,71,137
7,22,112,37,328,235,50,71,137
7,0,2,10,120,35,1,22,137
7,22,112,37,6,0,50,71,137
7,1,93,8,3,0,50,71,137
7,22,112,37,79,55,47,71,137
7,22,112,37,6,3,47,71,137
7,1,93,8,3,498,28,181,137
7,1,161,355,45,11,28,181,137
7,1,93,8,3,59,28,181,137
7,1,226,86,46,381,48,333,137
7,1,93,8,3,98,28,181,137
7,1,226,86,46,446,112,22,137
7,1,93,8,3,133,217,22,137
7,0,316,9,3,98,28,181,137
7,1,93,8,3,11,28,181,137
7,0,316,9,3,133,217,22,137
7,62,353,442,5,161,1,22,137
7,0,316,9,3,11,28,181,137
7,62,353,442,5,188,1,22,137
7,0,316,9,3,8,1,22,137
7,0,5,13,31,57,1,22,137
7,0,316,9,3,287,1,22,137
7,0,5,13,168,45,360,467,137
7,0,5,13,31,16,47,71,137
7,0,316,9,3,392,1,22,137
7,0,5,13,23,337,48,333,137
7,48,122,135,38,9,1,22,137
7,0,5,13,177,51,48,333,137
7,0,5,13,23,44,50,71,137
7,0,5,13,253,157,1,22,137
7,0,5,13,177,51,428,22,137
7,0,5,13,23,144,28,181,137
7,0,5,13,23,44,1,22,137
7,0,5,13,23,206,304,71,137
7,347,250,3,0,5,1,22,137
7,0,5,13,23,41,28,181,137
7,347,250,3,0,5,48,333,137
7,37,112,22,327,3,47,71,137
7,1,100,8,133,3,327,22,137
7,37,112,22,428,51,48,333,137
7,1,100,8,133,3,47,71,137
7,37,112,22,1,15,28,181,137
7,1,15,5,0,2,233,71,137
7,37,112,22,1,5,48,333,137
7,1,15,5,0,3,47,71,137
7,37,112,22,1,0,50,71,137
7,1,15,5,0,3,327,22,137
7,37,112,22,1,3,47,71,137
7,1,21,26,70,37,360,467,137
7,37,112,22,1,44,50,71,137
7,1,69,255,11,3,327,22,137
7,1,317,8,133,3,327,22,137
7,1,69,255,11,5,48,333,137
7,1,69,255,11,3,47,71,137
7,1,317,8,133,3,47,71,137
7,1,69,255,11,45,360,467,137
7,1,317,8,3,0,50,71,137
7,1,69,255,11,440,28,181,137
7,1,317,8,3,498,28,181,137
7,48,337,23,104,16,47,71,137
7,1,317,8,3,59,28,181,137
7,48,337,23,175,0,50,71,137
7,1,317,8,3,98,28,181,137
7,48,337,23,232,69,1,22,137
7,48,337,23,175,0,1,22,137
7,1,317,8,3,133,217,22,137
7,48,337,23,357,236,1,22,137
7,1,317,8,3,11,28,181,137
7,48,337,23,33,35,1,22,137
7,48,337,23,13,3,327,22,137
7,48,337,23,40,11,28,181,137
7,48,337,23,33,46,28,181,137
7,48,337,23,13,5,1,22,137
7,48,337,23,13,3,1,22,137
7,48,337,23,13,119,112,22,137
7,48,337,23,13,3,47,71,137
7,48,337,23,13,123,47,71,137
7,1,93,8,213,435,116,71,137
7,48,337,23,13,306,91,22,137
7,1,93,8,26,55,47,71,137
7,48,5,491,310,157,1,22,137
7,1,93,8,83,5,48,333,137
7,1,93,8,26,70,138,22,137
7,48,5,66,65,184,50,71,137
7,1,93,8,148,0,50,71,137
7,1,93,8,26,125,47,71,137
7,48,5,81,42,463,116,71,137
7,48,5,66,65,57,1,22,137
7,48,5,362,299,37,112,22,137
7,1,93,8,10,2,233,71,137
7,48,5,371,14,2,233,71,137
7,48,5,362,299,144,28,181,137
7,48,5,362,299,37,360,467,137
7,1,93,8,10,16,47,71,137
7,48,5,473,33,46,28,181,137
7,48,5,371,14,3,327,22,137
7,1,93,8,10,356,28,181,137
7,48,5,473,33,35,1,22,137
7,48,5,371,14,3,1,22,137
7,48,5,286,30,16,47,71,137
7,48,5,371,14,3,47,71,137
7,48,5,286,30,410,47,71,137
7,1,100,260,330,11,28,181,137
7,20,19,69,255,11,28,181,137
7,1,161,5,48,51,428,22,137
7,1,5,0,2,10,91,22,137
7,62,103,17,0,3,1,22,137
7,62,103,17,0,5,1,22,137
7,62,103,17,0,3,47,71,137
7,37,70,26,29,2,233,71,137
7,62,103,17,0,3,327,22,137
7,37,70,26,182,125,47,71,137
7,1,69,117,187,145,28,181,137
7,37,70,26,225,479,327,22,137
7,1,69,232,23,144,28,181,137
7,1,69,117,193,45,360,467,137
7,1,69,275,63,46,28,181,137
7,1,69,232,23,0,50,71,137
7,1,69,117,80,46,28,181,137
7,1,69,359,139,11,28,181,137
7,1,69,232,23,41,28,181,137
7,1,21,438,0,3,47,71,137
7,1,69,232,23,44,50,71,137
7,1,21,438,0,5,48,333,137
7,1,21,438,0,3,327,22,137
7,1,69,232,23,206,304,71,137
7,1,100,8,3,0,50,71,137
7,1,69,232,23,337,48,333,137
7,1,100,8,3,498,28,181,137
7,1,3,47,16,10,91,22,137
7,1,100,8,3,59,28,181,137
7,1,3,47,16,15,28,181,137
7,1,100,8,3,98,28,181,137
7,1,3,47,16,183,28,181,137
7,1,100,8,3,133,217,22,137
7,114,422,283,85,456,302,71,137
7,1,100,8,3,11,28,181,137
7,1,69,19,5,0,50,71,137
7,20,72,185,12,5,48,333,137
7,1,69,19,5,51,48,333,137
7,20,72,185,12,2,233,71,137
7,20,72,185,12,5,1,22,137
7,1,69,19,5,11,28,181,137
7,1,69,19,5,51,428,22,137
7,20,72,185,12,39,28,181,137
7,1,69,19,5,15,28,181,137
7,20,72,185,12,90,28,181,137
7,1,317,8,213,435,116,71,137
7,20,72,185,12,154,47,71,137
7,1,317,8,148,0,50,71,137
7,1,317,8,10,2,233,71,137
7,1,317,8,83,5,48,333,137
7,1,317,8,10,16,47,71,137
7,1,317,8,26,55,47,71,137
7,1,317,8,10,356,28,181,137
7,1,317,8,26,70,138,22,137
7,22,91,306,13,3,47,71,137
7,1,317,8,26,125,47,71,137
7,22,91,306,13,5,48,333,137
7,1,157,344,26,70,138,22,137
7,22,91,306,13,67,28,181,137
7,1,157,307,33,46,28,181,137
7,1,157,344,26,55,47,71,137
7,22,91,306,13,123,47,71,137
7,1,157,476,299,37,360,467,137
7,1,157,344,26,125,47,71,137
7,1,157,253,372,3,327,22,137
7,1,157,476,299,144,28,181,137
7,1,157,476,299,37,112,22,137
7,1,157,310,491,5,48,333,137
7,1,157,253,13,3,327,22,137
7,1,157,253,372,3,47,71,137
7,1,157,310,20,234,233,71,137
7,1,157,253,13,5,48,333,137
7,1,157,253,13,3,47,71,137
7,1,157,253,13,67,28,181,137
7,20,72,31,16,10,91,22,137
7,1,157,253,13,119,112,22,137
7,20,72,31,16,15,28,181,137
7,1,157,253,13,123,47,71,137
7,20,72,31,16,183,28,181,137
7,20,72,31,16,15,1,22,137
7,1,157,253,13,306,91,22,137
7,114,173,297,38,135,485,71,137
7,1,227,161,355,45,360,467,137
7,114,173,458,12,5,48,333,137
7,1,227,161,264,136,28,181,137
7,114,173,458,12,39,28,181,137
7,114,173,458,12,5,1,22,137
7,114,173,458,12,90,28,181,137
7,1,227,161,5,0,50,71,137
7,114,173,202,20,234,233,71,137
7,1,227,161,5,51,48,333,137
7,33,23,357,236,1,116,71,137
7,1,227,161,5,11,28,181,137
7,1,227,161,5,51,428,22,137
7,1,227,161,5,15,28,181,137
7,20,78,312,47,3,327,22,137
7,1,227,161,5,48,302,71,137
7,20,78,312,47,3,1,22,137
7,1,382,32,11,3,327,22,137
7,37,487,1,475,11,28,181,137
7,1,382,32,11,5,48,333,137
7,1,382,32,11,3,47,71,137
7,37,487,1,9,493,48,333,137
7,1,382,32,11,45,360,467,137
7,37,487,1,78,312,47,71,137
7,37,487,1,9,3,47,71,137
7,1,382,32,11,440,28,181,137
7,37,487,1,8,3,47,71,137
7,37,487,1,9,3,327,22,137
7,37,487,1,164,45,360,467,137
7,37,487,1,8,133,217,22,137
7,37,487,1,8,3,327,22,137
7,37,487,1,21,122,48,333,137
7,37,487,1,8,10,91,22,137
7,37,487,1,392,3,327,22,137
7,347,250,3,8,133,217,22,137
7,37,487,1,111,90,28,181,137
7,37,487,1,392,3,47,71,137
7,347,250,3,8,191,1,22,137
7,37,487,1,127,5,48,333,137
7,347,250,3,8,10,91,22,137
7,37,487,1,157,5,48,333,137
7,347,250,3,8,93,1,22,137
7,37,487,1,161,5,48,333,137
7,37,487,1,157,174,48,333,137
7,347,250,3,8,317,1,22,137
7,37,487,1,188,5,48,333,137
7,1,69,19,11,3,327,22,137
7,37,487,1,287,3,47,71,137
7,1,69,19,11,5,48,333,137
7,1,69,19,11,3,47,71,137
7,37,487,1,287,3,327,22,137
7,1,69,19,11,45,360,467,137
7,238,109,361,11,45,360,467,137
7,1,69,19,11,440,28,181,137
7,238,109,361,11,440,28,181,137
7,1,382,32,247,48,302,71,137
7,238,109,361,11,475,1,22,137
7,1,69,19,390,15,28,181,137
7,1,382,32,9,3,47,71,137
7,1,69,19,25,3,327,22,137
7,1,382,32,367,59,28,181,137
7,1,382,32,9,493,48,333,137
7,1,382,32,9,3,327,22,137
7,1,69,19,294,51,428,22,137
7,1,69,19,25,3,47,71,137
7,1,69,19,24,0,50,71,137
7,1,69,19,294,51,48,333,137
7,1,69,19,20,234,233,71,137
7,1,69,19,45,11,28,181,137
7,238,109,361,11,5,1,22,137
7,238,109,361,11,3,47,71,137
7,1,21,20,470,45,360,467,137
7,1,21,20,497,37,112,22,137
7,1,21,20,78,312,47,71,137
7,1,21,26,8,3,47,71,137
7,1,21,20,30,16,47,71,137
7,1,21,26,225,479,327,22,137
7,1,21,26,8,133,217,22,137
7,1,21,26,8,3,327,22,137
7,1,21,20,72,404,28,181,137
7,1,21,20,30,194,138,22,137
7,1,21,26,29,2,233,71,137
7,1,21,26,8,10,91,22,137
7,1,21,20,202,206,304,71,137
7,1,21,20,30,410,47,71,137
7,1,21,26,182,125,47,71,137
7,1,21,20,269,51,428,22,137
7,33,140,21,1,3,47,71,137
7,1,21,20,204,44,50,71,137
7,1,21,20,269,51,48,333,137
7,33,140,21,1,44,50,71,137
7,33,140,21,1,3,327,22,137
7,1,21,20,249,70,138,22,137
7,33,140,21,1,15,28,181,137
7,1,21,20,19,45,360,467,137
7,200,252,457,0,1,116,71,137
7,1,21,20,95,70,138,22,137
7,1,21,20,19,5,48,333,137
7,1,220,425,12,2,233,71,137
7,1,21,20,19,11,28,181,137
7,1,220,425,12,5,48,333,137
7,22,1,161,264,136,28,181,137
7,1,220,425,12,39,28,181,137
7,200,37,299,362,5,48,333,137
7,1,220,425,12,90,28,181,137
7,200,37,299,368,188,1,22,137
7,200,37,299,362,5,1,22,137
7,1,220,425,12,154,47,71,137
7,1,220,83,8,3,47,71,137
7,1,220,83,5,0,50,71,137
7,1,220,83,8,133,217,22,137
7,1,220,83,8,3,327,22,137
7,1,220,83,5,51,48,333,137
7,1,220,83,8,10,91,22,137
7,1,220,83,5,11,28,181,137
7,1,220,83,5,51,428,22,137
7,1,220,83,5,15,28,181,137
7,1,8,3,0,5,48,333,137
7,33,121,38,9,1,116,71,137
7,114,69,1,3,0,50,71,137
7,265,23,33,385,111,1,22,137
7,114,69,1,3,59,28,181,137
7,265,23,33,60,5,48,333,137
7,114,69,1,3,498,28,181,137
7,265,23,33,473,5,1,22,137
7,265,23,33,60,236,1,22,137
7,265,23,33,60,5,1,22,137
7,114,69,1,3,98,28,181,137
7,265,23,33,131,441,1,22,137
7,265,23,33,473,5,48,333,137
7,114,69,1,3,133,217,22,137
7,265,23,33,140,21,1,22,137
7,114,69,1,3,11,28,181,137
7,265,23,33,170,46,28,181,137
7,0,99,80,97,1,116,71,137
7,265,23,33,176,9,1,22,137
7,347,250,3,11,5,48,333,137
7,37,68,38,135,122,48,333,137
7,347,250,3,11,440,28,181,137
7,347,250,3,11,5,1,22,137
7,347,250,3,11,475,1,22,137
7,1,296,95,70,37,112,22,137
7,33,190,158,15,5,48,333,137
7,1,296,95,70,37,360,467,137
7,33,190,158,15,16,47,71,137
7,33,190,158,15,5,1,22,137
7,33,190,158,15,61,48,333,137
7,1,157,174,48,51,428,22,137
7,37,259,11,5,48,302,71,137
7,48,61,15,16,183,28,181,137
7,1,35,288,96,48,302,71,137
7,200,37,112,446,46,28,181,137
7,48,5,157,1,15,28,181,137
7,48,5,157,1,3,327,22,137
7,48,5,157,1,44,50,71,137
7,1,57,31,494,16,47,71,137
7,1,21,219,109,45,360,467,137
7,1,57,31,72,404,28,181,137
7,1,21,219,109,96,48,333,137
7,1,57,31,13,123,47,71,137
7,48,5,188,1,0,50,71,137
7,1,57,31,75,3,327,22,137
7,1,57,31,13,3,327,22,137
7,48,5,188,1,3,47,71,137
7,1,57,31,80,46,28,181,137
7,1,57,31,75,303,47,71,137
7,1,57,31,75,3,47,71,137
7,1,57,31,13,5,48,333,137
7,1,57,31,13,3,47,71,137
7,48,5,188,1,15,28,181,137
7,48,5,188,1,3,327,22,137
7,1,57,31,13,67,28,181,137
7,48,5,188,1,44,50,71,137
7,1,57,31,13,119,112,22,137
7,114,173,6,42,463,116,71,137
7,1,57,31,13,306,91,22,137
7,114,173,6,199,108,1,22,137
7,0,143,274,44,1,116,71,137
7,114,173,6,225,479,327,22,137
7,114,173,6,18,5,48,333,137
7,1,57,31,16,10,91,22,137
7,114,173,6,18,5,1,22,137
7,1,57,31,16,15,28,181,137
7,114,173,6,17,0,50,71,137
7,1,57,31,16,183,28,181,137
7,1,191,8,3,0,50,71,137
7,37,345,292,46,381,48,333,137
7,1,191,8,3,498,28,181,137
7,37,345,292,46,446,112,22,137
7,1,191,8,3,59,28,181,137
7,37,68,252,457,0,1,22,137
7,1,191,8,3,98,28,181,137
7,37,68,252,457,0,50,71,137
7,1,191,8,3,133,217,22,137
7,33,170,46,105,61,48,333,137
7,1,191,8,3,11,28,181,137
7,33,170,46,130,51,48,333,137
7,33,170,46,433,5,1,22,137
7,33,170,46,49,11,28,181,137
7,33,170,46,130,51,428,22,137
7,33,170,46,52,481,28,181,137
7,37,68,252,326,1,116,71,137
7,33,170,46,86,5,1,22,137
7,33,170,46,52,21,1,22,137
7,33,170,46,110,35,1,22,137
7,33,170,46,86,226,1,22,137
7,33,170,46,86,5,48,333,137
7,33,170,46,80,97,1,22,137
7,33,170,46,110,248,28,181,137
7,33,170,46,86,231,28,181,137
7,33,170,46,292,9,1,22,137
7,1,21,118,11,5,48,333,137
7,1,21,118,11,3,47,71,137
7,1,21,118,11,45,360,467,137
7,37,68,38,34,152,1,22,137
7,1,21,118,11,440,28,181,137
7,37,68,38,281,3,47,71,137
7,37,68,38,34,0,1,22,137
7,37,68,38,53,45,360,467,137
7,37,68,38,281,3,1,22,137
7,37,68,38,34,0,50,71,137
7,37,68,38,88,9,1,22,137
7,37,68,38,53,198,116,71,137
7,37,68,38,281,3,327,22,137
7,37,68,38,141,46,28,181,137
7,1,21,52,85,45,360,467,137
7,37,68,38,165,46,28,181,137
7,1,21,52,85,244,28,181,137
7,0,34,17,186,387,28,181,137
7,1,21,52,85,456,302,71,137
7,0,34,17,63,46,28,181,137
7,37,68,38,9,3,327,22,137
7,0,34,17,6,3,47,71,137
7,37,68,38,9,493,48,333,137
7,37,68,38,9,3,1,22,137
7,0,34,17,364,51,428,22,137
7,0,34,17,6,37,112,22,137
7,0,34,17,6,3,1,22,137
7,37,68,38,9,3,47,71,137
7,0,34,17,179,45,360,467,137
7,0,34,17,364,51,48,333,137
7,0,34,17,6,37,360,467,137
7,0,34,17,6,3,327,22,137
7,0,34,17,319,45,360,467,137
7,33,60,5,19,69,1,22,137
7,0,34,17,167,293,1,22,137
7,33,60,5,286,429,48,333,137
7,33,60,5,19,11,28,181,137
7,33,60,5,83,8,1,22,137
7,33,60,5,19,45,360,467,137
7,33,60,5,86,226,1,22,137
7,33,60,5,83,220,1,22,137
7,33,60,5,291,136,28,181,137
7,33,60,5,86,46,28,181,137
7,33,60,5,433,46,28,181,137
7,33,60,5,86,231,28,181,137
7,33,60,5,126,101,28,181,137
7,37,68,38,9,1,116,71,137
7,33,60,5,270,9,1,22,137
7,265,23,175,0,2,233,71,137
7,33,60,5,13,67,28,181,137
7,265,23,175,0,5,48,333,137
7,33,60,5,13,119,112,22,137
7,265,23,175,0,3,1,22,137
7,265,23,175,0,5,1,22,137
7,33,60,5,13,123,47,71,137
7,265,23,175,0,3,47,71,137
7,33,60,5,13,3,1,22,137
7,265,23,175,0,3,327,22,137
7,33,60,5,13,3,47,71,137
7,33,46,49,11,3,327,22,137
7,1,472,402,45,11,28,181,137
7,33,46,49,11,5,48,333,137
7,33,46,49,11,3,1,22,137
7,33,46,49,11,45,360,467,137
7,33,46,49,11,5,1,22,137
7,33,46,49,11,3,47,71,137
7,33,46,49,11,440,28,181,137
7,1,57,462,402,45,360,467,137
7,33,46,49,11,475,1,22,137
7,1,21,52,46,446,112,22,137
7,1,8,133,3,98,28,181,137
7,20,74,31,16,15,28,181,137
7,1,8,133,3,11,28,181,137
7,20,74,31,16,183,28,181,137
7,20,74,31,16,15,1,22,137
7,1,8,133,3,498,28,181,137
7,1,57,65,66,5,48,333,137
7,1,5,157,416,3,327,22,137
7,1,57,65,60,5,48,333,137
7,114,173,6,0,3,1,22,137
7,114,173,6,0,5,1,22,137
7,114,173,6,0,3,47,71,137
7,20,19,45,11,3,327,22,137
7,114,173,6,0,3,327,22,137
7,20,19,45,11,5,48,333,137
7,20,19,45,11,3,1,22,137
7,20,19,45,11,440,28,181,137
7,20,19,45,11,5,1,22,137
7,20,19,45,11,3,47,71,137
7,20,19,45,11,475,1,22,137
7,22,1,5,11,3,47,71,137
7,33,131,186,321,55,47,71,137
7,22,1,5,11,45,360,467,137
7,33,131,186,17,0,1,22,137
7,22,1,5,11,440,28,181,137
7,33,131,186,17,0,50,71,137
7,33,60,5,12,154,47,71,137
7,33,46,52,349,15,1,22,137
7,114,173,6,3,8,1,22,137
7,33,46,52,85,45,360,467,137
7,33,46,52,349,15,28,181,137
7,114,173,6,3,9,1,22,137
7,33,46,52,85,244,28,181,137
7,114,173,6,3,11,28,181,137
7,33,46,52,85,456,302,71,137
7,114,173,6,3,98,28,181,137
7,37,159,276,84,21,1,22,137
7,114,173,6,3,133,217,22,137
7,37,159,276,84,358,28,181,137
7,114,173,6,3,287,1,22,137
7,114,173,6,3,0,1,22,137
7,114,173,6,3,392,1,22,137
7,200,37,360,45,11,28,181,137
7,114,173,6,3,498,28,181,137
7,200,37,360,45,164,1,22,137
7,20,310,157,1,5,48,333,137
7,37,345,292,9,3,327,22,137
7,20,310,157,1,0,50,71,137
7,37,345,292,9,493,48,333,137
7,37,345,292,9,3,1,22,137
7,20,310,157,1,3,47,71,137
7,37,345,292,9,3,47,71,137
7,20,310,157,1,15,28,181,137
7,20,310,157,1,3,327,22,137
7,20,310,157,1,44,50,71,137
7,37,345,292,9,1,116,71,137
7,1,69,19,5,48,302,71,137
7,1,161,5,0,2,233,71,137
7,22,428,51,366,44,50,71,137
7,1,161,5,0,3,47,71,137
7,22,428,51,130,46,28,181,137
7,1,161,5,0,3,327,22,137
7,22,428,51,160,0,50,71,137
7,20,78,1,5,48,302,71,137
7,22,428,51,172,215,28,181,137
7,1,35,33,23,41,28,181,137
7,1,5,18,6,0,50,71,137
7,1,35,33,170,46,28,181,137
7,1,35,33,23,0,50,71,137
7,1,5,18,6,37,112,22,137
7,1,35,33,60,5,48,333,137
7,1,35,33,23,144,28,181,137
7,1,5,18,6,37,360,467,137
7,1,35,33,473,5,48,333,137
7,1,35,33,23,206,304,71,137
7,1,5,18,6,3,327,22,137
7,1,35,33,23,44,50,71,137
7,20,310,157,174,48,302,71,137
7,1,35,33,23,337,48,333,137
7,1,35,33,46,381,48,333,137
7,1,226,86,5,0,50,71,137
7,1,35,33,46,446,112,22,137
7,1,226,86,5,51,48,333,137
7,1,236,357,23,0,50,71,137
7,1,226,86,5,11,28,181,137
7,1,226,86,5,51,428,22,137
7,1,236,357,23,44,50,71,137
7,1,226,86,5,15,28,181,137
7,1,236,357,23,41,28,181,137
7,1,236,60,33,46,28,181,137
7,1,236,357,23,144,28,181,137
7,1,236,60,65,184,50,71,137
7,1,236,357,23,206,304,71,137
7,1,236,60,290,3,47,71,137
7,1,236,357,23,337,48,333,137
7,1,236,60,290,3,327,22,137
7,22,428,51,5,15,28,181,137
7,1,236,60,5,0,50,71,137
7,22,428,51,5,1,116,71,137
7,1,236,60,5,51,48,333,137
7,22,428,51,5,0,50,71,137
7,1,236,60,5,11,28,181,137
7,1,236,60,5,51,428,22,137
7,22,428,51,5,11,28,181,137
7,1,236,60,5,15,28,181,137
7,62,2,0,6,37,360,467,137
7,1,296,95,20,234,233,71,137
7,62,2,0,4,147,47,71,137
7,62,2,0,6,3,1,22,137
7,62,2,0,6,37,112,22,137
7,62,2,0,160,51,48,333,137
7,62,2,0,4,3,1,22,137
7,62,2,0,6,3,47,71,137
7,62,2,0,23,206,304,71,137
7,62,2,0,160,51,428,22,137
7,62,2,0,4,3,47,71,137
7,62,2,0,6,3,327,22,137
7,62,2,0,34,152,1,22,137
7,62,2,0,23,44,50,71,137
7,62,2,0,4,3,327,22,137
7,62,2,0,56,44,50,71,137
7,62,2,0,23,41,28,181,137
7,62,2,0,23,44,1,22,137
7,62,2,0,148,8,1,22,137
7,62,2,0,56,44,1,22,137
7,62,2,0,23,144,28,181,137
7,62,2,0,260,100,1,22,137
7,62,2,0,23,337,48,333,137
7,62,2,0,316,9,1,22,137
7,1,226,86,5,48,302,71,137
7,62,2,0,438,21,1,22,137
7,62,2,0,5,1,116,71,137
7,62,2,0,17,101,28,181,137
7,114,173,6,37,487,1,22,137
7,37,200,484,8,3,327,22,137
7,1,15,16,47,3,327,22,137
7,37,200,484,8,10,91,22,137
7,37,200,484,8,3,1,22,137
7,37,200,484,8,93,1,22,137
7,37,200,484,8,3,47,71,137
7,37,200,484,8,100,1,22,137
7,22,327,3,75,303,47,71,137
7,37,200,484,8,133,217,22,137
7,22,327,3,6,37,360,467,137
7,37,200,484,8,191,1,22,137
7,22,327,3,4,0,50,71,137
7,22,327,3,6,0,50,71,137
7,37,200,484,8,317,1,22,137
7,22,327,3,8,1,116,71,137
7,22,327,3,4,147,47,71,137
7,22,327,3,13,5,48,333,137
7,37,200,484,8,1,116,71,137
7,22,327,3,9,493,48,333,137
7,22,327,3,13,67,28,181,137
7,22,327,3,392,1,116,71,137
7,22,327,3,9,1,116,71,137
7,22,327,3,13,123,47,71,137
7,22,327,3,287,1,116,71,137
7,22,327,3,14,2,233,71,137
7,22,327,3,346,248,28,181,137
7,1,191,8,10,2,233,71,137
7,20,95,70,26,8,1,22,137
7,1,191,8,10,16,47,71,137
7,20,95,70,415,35,1,22,137
7,20,95,70,26,21,1,22,137
7,1,191,8,10,356,28,181,137
7,20,95,70,26,55,47,71,137
7,37,159,4,0,1,116,71,137
7,20,95,70,26,125,47,71,137
7,1,191,8,26,55,47,71,137
7,37,159,4,3,1,116,71,137
7,1,191,8,213,435,116,71,137
7,1,191,8,26,70,138,22,137
7,1,191,8,83,5,48,333,137
7,1,191,8,26,125,47,71,137
7,1,191,8,148,0,50,71,137
7,0,17,34,152,1,116,71,137
7,1,100,426,132,423,233,71,137
7,1,469,241,11,3,327,22,137
7,1,100,124,30,16,47,71,137
7,1,100,426,132,45,360,467,137
7,1,469,241,11,5,48,333,137
7,1,469,241,11,3,47,71,137
7,1,100,301,4,147,47,71,137
7,1,100,124,143,0,50,71,137
7,1,100,124,30,194,138,22,137
7,1,469,241,11,45,360,467,137
7,1,100,301,4,3,47,71,137
7,1,100,124,30,410,47,71,137
7,1,469,241,11,440,28,181,137
7,1,100,301,4,0,50,71,137
7,1,100,301,4,3,327,22,137
7,107,12,39,28,15,1,22,137
7,1,469,241,12,2,233,71,137
7,33,35,1,487,37,112,22,137
7,1,469,241,12,5,48,333,137
7,33,35,1,475,11,28,181,137
7,33,35,1,487,37,360,467,137
7,1,469,241,12,39,28,181,137
7,33,35,1,8,3,47,71,137
7,1,469,241,12,90,28,181,137
7,33,35,1,21,122,48,333,137
7,33,35,1,8,133,217,22,137
7,33,35,1,8,3,327,22,137
7,1,469,241,12,154,47,71,137
7,33,35,1,287,3,327,22,137
7,33,35,1,8,10,91,22,137
7,33,35,1,111,90,28,181,137
7,33,35,1,287,3,47,71,137
7,33,35,1,127,5,48,333,137
7,33,35,1,9,3,47,71,137
7,33,35,1,157,5,48,333,137
7,33,35,1,9,3,327,22,137
7,33,35,1,164,45,360,467,137
7,33,35,1,157,174,48,333,137
7,33,35,1,392,3,47,71,137
7,20,19,11,5,15,1,22,137
7,33,35,1,78,312,47,71,137
7,33,35,1,392,3,327,22,137
7,20,19,11,5,51,48,333,137
7,20,19,11,5,15,28,181,137
7,33,35,1,161,5,48,333,137
7,20,19,11,5,127,1,22,137
7,20,19,11,5,51,428,22,137
7,33,35,1,188,5,48,333,137
7,20,19,11,5,157,1,22,137
7,20,19,11,5,0,1,22,137
7,20,19,11,5,161,1,22,137
7,22,1,44,56,0,50,71,137
7,20,19,11,5,188,1,22,137
7,22,1,44,23,0,50,71,137
7,62,103,17,63,46,28,181,137
7,22,1,44,23,41,28,181,137
7,62,103,17,319,45,360,467,137
7,22,1,44,23,144,28,181,137
7,62,103,17,167,293,1,22,137
7,22,1,44,23,206,304,71,137
7,62,103,17,179,45,360,467,137
7,62,103,17,34,0,1,22,137
7,62,103,17,364,51,48,333,137
7,62,103,17,34,0,50,71,137
7,62,103,17,364,51,428,22,137
7,62,103,17,6,37,112,22,137
7,0,34,152,1,44,50,71,137
7,62,103,17,6,37,360,467,137
7,0,34,152,1,3,47,71,137
7,37,497,20,21,1,116,71,137
7,0,34,152,1,5,48,333,137
7,0,34,152,1,3,327,22,137
7,0,34,152,1,15,28,181,137
7,62,103,17,6,3,1,22,137
7,37,497,20,21,122,48,333,137
7,62,103,17,6,3,47,71,137
7,22,1,161,5,51,48,333,137
7,37,200,207,41,155,91,22,137
7,22,1,161,5,11,28,181,137
7,1,5,86,46,446,112,22,137
7,22,1,161,5,15,28,181,137
7,1,127,5,11,3,327,22,137
7,37,159,4,42,463,116,71,137
7,1,127,5,11,45,360,467,137
7,1,127,5,11,3,47,71,137
7,37,159,4,113,15,28,181,137
7,1,127,5,11,440,28,181,137
7,37,159,4,257,11,28,181,137
7,37,159,4,113,15,1,22,137
7,37,159,4,301,100,1,22,137
7,1,5,13,177,51,48,333,137
7,1,5,13,23,0,50,71,137
7,1,5,13,31,16,47,71,137
7,1,5,13,177,51,428,22,137
7,1,5,13,23,44,50,71,137
7,1,5,13,168,45,360,467,137
7,1,5,13,23,144,28,181,137
7,1,127,5,51,136,28,181,137
7,1,5,13,23,337,48,333,137
7,37,159,4,0,2,233,71,137
7,1,5,13,23,41,28,181,137
7,37,159,4,0,5,48,333,137
7,20,19,11,3,8,1,22,137
7,37,159,4,0,3,1,22,137
7,37,159,4,0,5,1,22,137
7,20,19,11,3,9,1,22,137
7,37,159,4,0,3,47,71,137
7,20,19,11,3,59,28,181,137
7,37,159,4,0,3,327,22,137
7,20,19,11,3,98,28,181,137
7,20,19,11,3,0,50,71,137
7,20,19,11,3,498,28,181,137
7,62,2,0,3,1,116,71,137
7,20,19,11,3,133,217,22,137
7,37,159,4,3,59,28,181,137
7,20,19,11,3,287,1,22,137
7,37,159,4,3,0,50,71,137
7,20,19,11,3,392,1,22,137
7,37,159,4,3,8,1,22,137
7,37,159,4,3,0,1,22,137
7,37,159,4,3,9,1,22,137
7,1,35,342,171,70,138,22,137
7,37,159,4,3,11,28,181,137
7,1,35,156,30,194,138,22,137
7,37,159,4,3,98,28,181,137
7,1,35,77,9,3,47,71,137
7,1,35,156,30,16,47,71,137
7,37,159,4,3,133,217,22,137
7,1,35,77,9,493,48,333,137
7,1,35,77,9,3,327,22,137
7,1,35,156,30,410,47,71,137
7,37,159,4,3,287,1,22,137
7,0,5,371,14,96,48,333,137
7,37,159,4,3,392,1,22,137
7,0,5,81,42,463,116,71,137
7,0,5,371,14,2,233,71,137
7,37,159,4,3,498,28,181,137
7,0,5,473,33,35,1,22,137
7,0,5,371,14,3,327,22,137
7,0,5,66,65,57,1,22,137
7,0,5,473,33,46,28,181,137
7,0,5,371,14,3,1,22,137
7,0,5,268,179,45,360,467,137
7,0,5,66,65,184,50,71,137
7,0,5,371,14,3,47,71,137
7,0,5,362,299,37,112,22,137
7,0,23,13,3,59,28,181,137
7,0,5,362,299,144,28,181,137
7,0,5,362,299,37,360,467,137
7,0,23,13,3,98,28,181,137
7,48,493,9,1,44,50,71,137
7,0,23,13,3,133,217,22,137
7,48,493,9,1,3,47,71,137
7,0,23,13,3,8,1,22,137
7,48,493,9,1,15,28,181,137
7,48,493,9,1,3,327,22,137
7,0,23,13,3,11,28,181,137
7,1,35,120,10,2,233,71,137
7,0,23,13,3,9,1,22,137
7,1,35,120,10,356,28,181,137
7,0,23,13,3,287,1,22,137
7,1,35,120,10,16,47,71,137
7,0,23,13,3,392,1,22,137
7,265,23,44,56,0,1,22,137
7,265,23,44,366,51,428,22,137
7,265,23,44,56,0,50,71,137
7,1,35,110,46,381,48,333,137
7,272,24,19,11,440,28,181,137
7,1,35,110,46,446,112,22,137
7,272,24,19,11,475,1,22,137
7,1,431,190,33,46,28,181,137
7,62,2,0,5,48,302,71,137
7,1,134,180,196,135,485,71,137
7,1,431,490,104,16,47,71,137
7,1,431,190,158,15,28,181,137
7,1,326,252,200,37,112,22,137
7,1,134,73,12,39,28,181,137
7,1,431,190,158,136,28,181,137
7,1,293,167,92,45,360,467,137
7,1,326,252,457,0,50,71,137
7,1,326,252,200,37,360,467,137
7,1,134,73,84,358,28,181,137
7,1,134,73,12,2,233,71,137
7,1,441,131,186,387,28,181,137
7,1,293,432,157,5,48,333,137
7,1,293,167,17,0,50,71,137
7,1,326,252,68,37,112,22,137
7,1,134,73,24,0,50,71,137
7,1,134,73,12,5,48,333,137
7,1,108,199,6,3,47,71,137
7,1,441,131,33,46,28,181,137
7,1,293,432,157,174,48,333,137
7,1,293,167,17,101,28,181,137
7,1,326,252,68,37,360,467,137
7,1,134,73,12,90,28,181,137
7,1,471,399,85,45,360,467,137
7,1,108,97,80,46,28,181,137
7,1,108,199,6,0,50,71,137
7,1,108,199,6,3,327,22,137
7,1,441,131,104,16,47,71,137
7,1,134,73,12,154,47,71,137
7,1,471,399,85,244,28,181,137
7,1,108,199,6,37,112,22,137
7,1,471,399,85,456,302,71,137
7,1,108,199,6,37,360,467,137
7,235,50,71,47,3,1,22,137
7,1,152,34,0,2,233,71,137
7,235,50,71,47,3,327,22,137
7,1,152,34,0,3,47,71,137
7,1,152,34,17,101,28,181,137
7,1,152,34,0,5,48,333,137
7,1,152,34,0,3,327,22,137
7,1,152,34,38,135,485,71,137
7,1,152,34,17,0,50,71,137
7,1,5,13,3,498,28,181,137
7,114,224,13,5,15,28,181,137
7,1,5,13,3,59,28,181,137
7,114,224,13,5,51,48,333,137
7,114,224,13,5,15,1,22,137
7,1,5,13,3,98,28,181,137
7,114,224,13,5,127,1,22,137
7,114,224,13,5,51,428,22,137
7,1,5,13,3,133,217,22,137
7,114,224,13,5,157,1,22,137
7,1,5,13,3,11,28,181,137
7,114,224,13,5,161,1,22,137
7,272,341,41,23,206,304,71,137
7,114,224,13,5,188,1,22,137
7,272,341,41,23,0,50,71,137
7,37,43,214,126,5,48,333,137
7,272,341,41,23,44,50,71,137
7,272,341,41,23,0,1,22,137
7,37,43,214,126,101,28,181,137
7,37,43,214,126,5,1,22,137
7,272,341,41,23,144,28,181,137
7,272,341,41,23,44,1,22,137
7,272,341,41,23,337,48,333,137
7,48,5,0,3,498,28,181,137
7,20,19,24,298,44,1,22,137
7,48,5,0,3,59,28,181,137
7,20,19,24,73,134,1,22,137
7,20,19,24,298,44,50,71,137
7,48,5,0,3,98,28,181,137
7,20,19,24,212,45,360,467,137
7,48,5,0,3,133,217,22,137
7,20,19,24,251,45,360,467,137
7,48,5,0,3,11,28,181,137
7,37,43,38,135,122,48,333,137
7,48,5,0,3,9,1,22,137
7,48,5,161,355,45,360,467,137
7,48,5,0,3,287,1,22,137
7,0,239,352,8,3,327,22,137
7,48,5,0,3,392,1,22,137
7,0,239,352,8,10,91,22,137
7,0,239,352,8,3,1,22,137
7,0,239,352,8,93,1,22,137
7,0,239,352,8,3,47,71,137
7,0,239,352,8,100,1,22,137
7,427,126,214,43,37,112,22,137
7,0,239,352,8,133,217,22,137
7,427,126,409,177,51,48,333,137
7,427,126,214,43,37,360,467,137
7,0,239,352,8,191,1,22,137
7,427,126,409,177,51,428,22,137
7,0,239,352,8,317,1,22,137
7,0,5,83,220,1,116,71,137
7,37,497,20,78,1,116,71,137
7,238,109,169,1,3,47,71,137
7,37,200,252,457,0,1,22,137
7,238,109,169,1,15,28,181,137
7,238,109,169,1,3,327,22,137
7,37,200,252,457,0,50,71,137
7,238,109,169,1,44,50,71,137
7,37,200,252,326,1,116,71,137
7,37,497,20,78,312,47,71,137
7,37,240,353,62,2,233,71,137
7,114,224,13,3,9,1,22,137
7,37,240,353,442,5,1,22,137
7,114,224,13,3,11,28,181,137
7,37,240,353,442,5,48,333,137
7,114,224,13,3,59,28,181,137
7,37,240,105,46,381,48,333,137
7,114,224,13,3,98,28,181,137
7,37,240,105,46,446,112,22,137
7,114,224,13,3,133,217,22,137
7,37,43,38,34,152,1,22,137
7,114,224,13,3,287,1,22,137
7,37,43,38,281,3,1,22,137
7,37,43,38,34,0,1,22,137
7,114,224,13,3,392,1,22,137
7,37,43,38,53,198,116,71,137
7,37,43,38,281,3,47,71,137
7,37,43,38,34,0,50,71,137
7,114,224,13,3,498,28,181,137
7,37,43,38,88,9,1,22,137
7,37,43,38,53,45,360,467,137
7,37,43,38,281,3,327,22,137
7,37,43,38,141,46,28,181,137
7,0,5,86,226,1,116,71,137
7,37,43,38,165,46,28,181,137
7,37,43,38,9,3,327,22,137
7,37,43,38,9,1,116,71,137
7,37,43,38,9,493,48,333,137
7,37,43,38,9,3,1,22,137
7,1,5,19,25,3,327,22,137
7,37,43,38,9,3,47,71,137
7,1,5,19,294,51,48,333,137
7,1,5,19,25,3,47,71,137
7,1,5,19,390,15,28,181,137
7,1,5,19,294,51,428,22,137
7,1,5,19,20,234,233,71,137
7,37,497,20,269,51,48,333,137
7,33,35,1,3,59,28,181,137
7,37,497,20,30,16,47,71,137
7,37,497,20,269,51,428,22,137
7,33,35,1,3,498,28,181,137
7,37,497,20,72,404,28,181,137
7,37,497,20,30,194,138,22,137
7,33,35,1,3,98,28,181,137
7,37,497,20,202,206,304,71,137
7,37,497,20,30,410,47,71,137
7,33,35,1,3,133,217,22,137
7,37,497,20,204,44,1,22,137
7,33,35,1,3,11,28,181,137
7,37,497,20,249,70,138,22,137
7,37,497,20,204,44,50,71,137
7,37,497,20,19,5,48,333,137
7,0,23,13,5,11,28,181,137
7,37,497,20,470,45,360,467,137
7,37,497,20,19,11,28,181,137
7,37,497,20,19,5,1,22,137
7,0,23,13,5,15,1,22,137
7,37,497,20,95,296,1,22,137
7,37,497,20,19,45,360,467,137
7,0,23,13,5,127,1,22,137
7,0,23,13,5,15,28,181,137
7,37,497,20,310,157,1,22,137
7,37,497,20,95,70,138,22,137
7,37,497,20,19,69,1,22,137
7,0,23,13,5,157,1,22,137
7,0,5,157,432,293,1,22,137
7,0,23,13,5,161,1,22,137
7,0,5,157,416,3,47,71,137
7,0,23,13,5,188,1,22,137
7,0,5,157,416,3,1,22,137
7,37,240,105,61,15,28,181,137
7,0,5,157,416,3,327,22,137
7,37,240,105,61,15,1,22,137
7,0,23,13,5,51,428,22,137
7,1,5,19,11,45,360,467,137
7,37,240,105,129,102,48,333,137
7,1,5,19,11,440,28,181,137
7,37,240,105,461,231,28,181,137
7,235,50,0,6,37,360,467,137
7,1,5,19,11,3,47,71,137
7,235,50,0,4,147,47,71,137
7,235,50,0,6,3,1,22,137
7,235,50,0,6,37,112,22,137
7,235,50,0,160,51,48,333,137
7,235,50,0,4,3,1,22,137
7,235,50,0,6,3,47,71,137
7,235,50,0,23,206,304,71,137
7,235,50,0,160,51,428,22,137
7,235,50,0,4,3,47,71,137
7,235,50,0,6,3,327,22,137
7,235,50,0,34,152,1,22,137
7,235,50,0,23,41,28,181,137
7,235,50,0,4,3,327,22,137
7,235,50,0,56,44,1,22,137
7,235,50,0,23,44,1,22,137
7,235,50,0,148,8,1,22,137
7,235,50,0,23,144,28,181,137
7,235,50,0,260,100,1,22,137
7,235,50,0,23,337,48,333,137
7,235,50,0,316,9,1,22,137
7,37,240,105,61,48,302,71,137
7,235,50,0,438,21,1,22,137
7,107,12,241,11,440,28,181,137
7,235,50,0,17,101,28,181,137
7,107,12,241,11,475,1,22,137
7,0,143,223,88,9,1,22,137
7,33,176,180,134,1,116,71,137
7,1,15,5,48,51,428,22,137
7,235,50,0,5,1,116,71,137
7,20,19,11,259,37,360,467,137
7,20,19,11,32,9,1,22,137
7,20,19,11,255,69,1,22,137
7,20,19,11,259,37,112,22,137
7,20,19,11,32,145,28,181,137
7,20,19,11,324,287,1,22,137
7,20,19,11,32,247,48,333,137
7,20,19,11,118,21,1,22,137
7,1,188,5,0,2,233,71,137
7,20,19,11,49,46,28,181,137
7,1,188,5,0,3,47,71,137
7,20,19,11,241,469,1,22,137
7,1,188,5,0,3,327,22,137
7,235,50,0,3,1,116,71,137
7,20,19,69,1,5,48,333,137
7,62,2,14,96,48,302,71,137
7,20,19,69,1,0,50,71,137
7,1,5,286,30,16,47,71,137
7,20,19,69,1,3,47,71,137
7,1,5,286,30,410,47,71,137
7,20,19,69,1,44,50,71,137
7,20,19,69,1,3,327,22,137
7,20,19,69,1,15,28,181,137
7,235,50,0,5,51,48,333,137
7,235,50,0,3,8,1,22,137
7,235,50,0,5,11,28,181,137
7,235,50,0,5,51,428,22,137
7,235,50,0,3,498,28,181,137
7,235,50,0,5,15,1,22,137
7,235,50,0,3,59,28,181,137
7,235,50,0,5,127,1,22,137
7,235,50,0,5,15,28,181,137
7,235,50,0,3,98,28,181,137
7,235,50,0,5,157,1,22,137
7,235,50,0,3,133,217,22,137
7,235,50,0,5,161,1,22,137
7,235,50,0,3,11,28,181,137
7,235,50,0,5,188,1,22,137
7,235,50,0,3,9,1,22,137
7,1,220,83,5,48,302,71,137
7,235,50,0,3,287,1,22,137
7,1,3,0,5,48,302,71,137
7,235,50,0,3,392,1,22,137
7,0,23,419,84,358,28,181,137
7,0,23,178,32,9,1,22,137
7,0,23,175,258,215,28,181,137
7,0,23,419,84,21,1,22,137
7,0,23,178,32,11,28,181,137
7,0,23,36,30,16,47,71,137
7,0,23,175,420,97,1,22,137
7,0,23,178,32,145,28,181,137
7,0,23,64,17,101,28,181,137
7,0,23,36,30,194,138,22,137
7,0,23,178,32,382,1,22,137
7,0,23,150,104,16,47,71,137
7,0,23,36,30,410,47,71,137
7,0,23,27,323,287,1,22,137
7,0,23,150,351,215,28,181,137
7,0,23,424,390,15,1,22,137
7,0,23,27,17,101,28,181,137
7,0,23,150,465,57,1,22,137
7,0,23,401,38,135,485,71,137
7,0,23,424,390,15,28,181,137
7,0,23,27,262,51,48,333,137
7,0,23,383,436,5,1,22,137
7,0,23,401,38,9,1,22,137
7,0,23,27,262,51,428,22,137
7,0,23,383,436,5,48,333,137
7,1,5,12,2,0,50,71,137
7,1,3,0,4,147,47,71,137
7,1,0,3,75,303,47,71,137
7,1,3,0,160,51,428,22,137
7,1,0,3,4,147,47,71,137
7,1,3,0,23,337,48,333,137
7,1,3,0,160,51,48,333,137
7,1,0,3,346,248,28,181,137
7,1,3,0,17,101,28,181,137
7,1,3,0,23,44,50,71,137
7,1,0,3,13,67,28,181,137
7,1,3,0,56,44,50,71,137
7,1,3,0,23,41,28,181,137
7,1,0,3,9,493,48,333,137
7,1,0,3,13,306,91,22,137
7,1,3,0,6,37,360,467,137
7,1,3,0,23,144,28,181,137
7,1,0,3,14,2,233,71,137
7,1,0,3,13,5,48,333,137
7,1,3,0,6,37,112,22,137
7,1,3,0,23,206,304,71,137
7,1,0,3,14,96,48,333,137
7,1,0,3,13,119,112,22,137
7,235,328,37,102,48,302,71,137
7,1,0,3,13,123,47,71,137
7,1,0,3,6,37,112,22,137
7,0,5,19,11,3,327,22,137
7,1,3,0,5,51,48,333,137
7,0,5,19,11,45,360,467,137
7,0,5,19,11,3,1,22,137
7,1,3,0,5,11,28,181,137
7,1,3,0,5,51,428,22,137
7,0,5,19,11,440,28,181,137
7,0,5,19,11,3,47,71,137
7,1,3,0,5,15,28,181,137
7,0,5,19,11,475,1,22,137
7,33,190,158,15,1,116,71,137
7,0,1,9,493,48,302,71,137
7,1,0,3,11,440,28,181,137
7,0,175,23,337,48,302,71,137
7,1,236,60,5,48,302,71,137
7,0,5,188,1,3,47,71,137
7,1,157,5,48,51,428,22,137
7,0,5,188,1,15,28,181,137
7,0,5,188,1,3,327,22,137
7,0,5,188,1,44,50,71,137
7,1,22,327,3,11,28,181,137
7,1,5,291,136,51,428,22,137
7,1,22,327,3,0,50,71,137
7,0,4,42,6,3,47,71,137
7,1,22,327,3,498,28,181,137
7,0,4,42,82,67,28,181,137
7,0,4,42,6,37,112,22,137
7,0,4,42,6,3,1,22,137
7,1,22,327,3,59,28,181,137
7,0,4,42,6,37,360,467,137
7,0,4,42,6,3,327,22,137
7,1,22,327,3,98,28,181,137
7,0,4,42,81,5,1,22,137
7,235,328,37,6,0,50,71,137
7,235,328,37,487,1,116,71,137
7,235,328,37,259,11,28,181,137
7,235,328,37,6,3,327,22,137
7,235,328,37,6,0,1,22,137
7,235,328,37,277,119,112,22,137
7,235,328,37,6,3,1,22,137
7,235,328,37,299,144,28,181,137
7,235,328,37,6,3,47,71,137
7,235,328,37,79,55,47,71,137
7,1,188,5,51,48,302,71,137
7,0,1,78,20,234,233,71,137
7,1,5,270,9,3,47,71,137
7,0,1,78,92,45,360,467,137
7,1,5,81,42,463,116,71,137
7,1,5,270,9,493,48,333,137
7,1,5,270,9,3,327,22,137
7,1,5,60,33,46,28,181,137
7,1,5,83,8,133,217,22,137
7,1,5,268,179,45,360,467,137
7,1,5,60,65,184,50,71,137
7,1,5,83,8,10,91,22,137
7,1,5,66,65,184,50,71,137
7,1,5,60,290,3,47,71,137
7,1,5,362,299,37,360,467,137
7,1,5,60,290,3,327,22,137
7,1,5,161,355,45,360,467,137
7,1,5,362,299,144,28,181,137
7,1,5,362,299,37,112,22,137
7,1,5,371,14,96,48,333,137
7,1,5,161,264,136,28,181,137
7,1,5,473,33,46,28,181,137
7,1,5,371,14,2,233,71,137
7,1,5,83,8,3,47,71,137
7,1,5,371,14,3,327,22,137
7,0,1,9,38,135,485,71,137
7,1,5,371,14,3,47,71,137
7,0,1,9,32,11,28,181,137
7,1,5,433,46,446,112,22,137
7,0,1,9,482,155,91,22,137
7,0,1,9,32,145,28,181,137
7,0,1,9,292,46,28,181,137
7,0,1,9,32,247,48,333,137
7,0,1,9,270,5,48,333,137
7,1,5,12,334,10,91,22,137
7,1,100,8,83,5,48,333,137
7,1,5,12,241,11,28,181,137
7,1,100,8,213,435,116,71,137
7,1,5,12,139,11,28,181,137
7,1,100,8,148,0,50,71,137
7,0,160,51,130,46,28,181,137
7,1,100,8,26,55,47,71,137
7,0,160,51,366,44,1,22,137
7,1,100,8,26,70,138,22,137
7,0,160,51,172,215,28,181,137
7,0,160,51,366,44,50,71,137
7,1,100,8,26,125,47,71,137
7,272,24,73,12,90,28,181,137
7,1,22,217,133,3,47,71,137
7,272,24,73,12,154,47,71,137
7,1,22,91,10,2,233,71,137
7,0,23,40,11,45,360,467,137
7,1,22,138,70,37,360,467,137
7,1,22,91,155,41,28,181,137
7,1,22,91,10,356,28,181,137
7,0,23,40,11,440,28,181,137
7,1,22,91,10,16,47,71,137
7,0,23,40,11,475,1,22,137
7,0,23,40,11,5,1,22,137
7,1,22,428,51,136,28,181,137
7,0,23,40,11,3,47,71,137
7,1,22,428,51,5,48,333,137
7,1,100,414,337,48,302,71,137
7,33,23,175,258,215,28,181,137
7,1,22,428,51,48,302,71,137
7,33,23,175,420,97,1,22,137
7,62,2,10,8,133,217,22,137
7,62,2,10,8,3,1,22,137
7,62,2,10,8,93,1,22,137
7,62,2,10,8,3,47,71,137
7,62,2,10,8,100,1,22,137
7,22,91,10,8,1,116,71,137
7,62,2,10,8,191,1,22,137
7,22,91,10,8,3,47,71,137
7,62,2,10,8,317,1,22,137
7,48,174,157,416,3,47,71,137
7,1,3,133,8,10,91,22,137
7,48,174,157,416,3,1,22,137
7,22,91,10,16,15,28,181,137
7,48,174,157,416,3,327,22,137
7,22,91,10,16,183,28,181,137
7,20,19,5,127,1,116,71,137
7,200,252,68,38,9,1,22,137
7,0,1,9,3,498,28,181,137
7,200,252,68,38,135,485,71,137
7,0,1,9,3,59,28,181,137
7,48,174,157,5,11,28,181,137
7,0,1,9,3,98,28,181,137
7,48,174,157,5,15,28,181,137
7,0,1,9,3,133,217,22,137
7,48,174,157,5,51,428,22,137
7,48,174,157,5,15,1,22,137
7,0,1,9,3,11,28,181,137
7,48,174,157,5,127,1,22,137
7,48,174,157,5,0,1,22,137
7,48,174,157,5,161,1,22,137
7,1,161,5,13,3,327,22,137
7,48,174,157,5,188,1,22,137
7,1,161,5,18,453,28,181,137
7,1,161,5,13,67,28,181,137
7,1,161,5,13,3,47,71,137
7,1,161,5,86,231,28,181,137
7,1,161,5,13,119,112,22,137
7,1,161,5,157,174,48,333,137
7,1,161,5,86,46,28,181,137
7,1,161,5,13,123,47,71,137
7,1,161,5,19,45,360,467,137
7,1,161,5,13,306,91,22,137
7,1,161,5,12,154,47,71,137
7,1,161,5,19,11,28,181,137
7,1,161,5,286,429,48,333,137
7,1,161,5,12,2,233,71,137
7,1,161,5,291,136,28,181,137
7,1,161,5,12,39,28,181,137
7,1,161,5,433,46,28,181,137
7,1,161,5,12,90,28,181,137
7,1,161,5,126,101,28,181,137
7,1,161,5,15,16,47,71,137
7,0,3,416,157,174,48,333,137
7,1,161,5,15,61,48,333,137
7,0,3,416,157,5,1,22,137
7,20,19,45,53,198,116,71,137
7,0,160,51,5,11,28,181,137
7,20,19,45,85,456,302,71,137
7,0,160,51,5,15,1,22,137
7,20,19,45,92,78,1,22,137
7,20,19,45,85,244,28,181,137
7,0,160,51,5,127,1,22,137
7,0,160,51,5,15,28,181,137
7,20,19,45,132,423,233,71,137
7,0,160,51,5,157,1,22,137
7,20,19,45,166,35,1,22,137
7,0,160,51,5,161,1,22,137
7,20,19,45,355,161,1,22,137
7,0,160,51,5,188,1,22,137
7,20,19,45,379,2,233,71,137
7,0,1,164,45,11,28,181,137
7,20,19,45,109,96,48,333,137
7,20,19,45,164,1,116,71,137
7,20,19,45,402,472,1,22,137
7,20,19,45,109,169,1,22,137
7,0,1,8,133,3,327,22,137
7,62,103,278,13,67,28,181,137
7,0,1,8,133,3,47,71,137
7,62,103,278,13,119,112,22,137
7,0,17,6,18,453,28,181,137
7,62,103,278,13,123,47,71,137
7,0,17,6,42,463,116,71,137
7,0,17,6,18,5,48,333,137
7,62,103,278,13,306,91,22,137
7,0,17,6,225,479,327,22,137
7,0,17,6,18,5,1,22,137
7,0,17,6,199,108,1,22,137
7,0,160,51,5,1,116,71,137
7,62,103,278,13,5,1,22,137
7,62,103,278,13,3,327,22,137
7,0,2,233,71,302,48,333,137
7,0,1,8,3,498,28,181,137
7,0,1,21,84,358,28,181,137
7,0,1,8,3,59,28,181,137
7,0,1,21,26,55,47,71,137
7,0,1,8,3,98,28,181,137
7,0,1,21,52,46,28,181,137
7,0,1,21,26,70,138,22,137
7,0,1,8,3,133,217,22,137
7,0,1,21,89,10,91,22,137
7,0,1,21,52,481,28,181,137
7,0,1,21,26,125,47,71,137
7,0,1,8,3,11,28,181,137
7,0,1,21,118,11,28,181,137
7,0,3,8,100,1,116,71,137
7,0,1,21,20,234,233,71,137
7,0,1,21,122,135,485,71,137
7,0,1,8,213,435,116,71,137
7,0,1,8,10,2,233,71,137
7,0,1,8,26,55,47,71,137
7,0,1,8,10,16,47,71,137
7,0,1,8,83,5,48,333,137
7,0,1,8,26,70,138,22,137
7,0,1,8,10,356,28,181,137
7,0,1,8,26,125,47,71,137
7,48,302,456,85,244,28,181,137
7,0,5,286,429,48,302,71,137
7,0,24,212,495,493,48,333,137
7,0,17,6,3,1,116,71,137
7,33,23,13,3,1,116,71,137
7,1,9,482,155,41,28,181,137
7,200,252,326,1,5,48,333,137
7,62,2,10,16,183,28,181,137
7,200,252,326,1,0,50,71,137
7,62,2,10,16,15,28,181,137
7,200,252,326,1,3,47,71,137
7,0,4,257,11,45,360,467,137
7,200,252,326,1,15,28,181,137
7,200,252,326,1,3,327,22,137
7,0,4,257,11,440,28,181,137
7,200,252,326,1,44,50,71,137
7,0,4,257,11,475,1,22,137
7,0,17,364,51,48,302,71,137
7,0,4,257,11,5,1,22,137
7,20,497,37,328,235,50,71,137
7,1,161,264,136,51,48,333,137
7,20,497,37,259,11,28,181,137
7,1,161,264,136,51,428,22,137
7,20,497,37,277,119,112,22,137
7,20,497,37,6,0,1,22,137
7,20,497,37,299,144,28,181,137
7,20,497,37,6,0,50,71,137
7,20,497,37,79,55,47,71,137
7,20,497,37,6,3,1,22,137
7,0,175,23,104,16,47,71,137
7,20,497,37,6,3,327,22,137
7,0,175,23,13,67,28,181,137
7,1,116,71,47,3,327,22,137
7,0,175,23,232,69,1,22,137
7,0,175,23,13,3,327,22,137
7,0,175,23,357,236,1,22,137
7,0,175,23,13,5,48,333,137
7,0,175,23,13,3,1,22,137
7,0,175,23,33,35,1,22,137
7,0,175,23,13,119,112,22,137
7,0,175,23,13,5,1,22,137
7,0,175,23,13,3,47,71,137
7,0,175,23,40,11,28,181,137
7,0,175,23,33,46,28,181,137
7,0,175,23,13,123,47,71,137
7,1,9,316,0,2,233,71,137
7,0,175,23,13,306,91,22,137
7,1,9,316,0,3,47,71,137
7,33,35,1,15,16,47,71,137
7,1,9,316,0,5,48,333,137
7,1,9,316,0,3,327,22,137
7,33,35,1,15,61,48,333,137
7,20,204,44,366,51,48,333,137
7,0,1,5,48,51,428,22,137
7,20,204,44,56,0,1,22,137
7,20,204,44,366,51,428,22,137
7,20,204,44,56,0,50,71,137
7,20,204,44,23,0,50,71,137
