132,30,20,21,140,447
132,45,11,499,129,105,447
132,30,16,104,300,105,447
132,172,215,28,46,105,447
132,30,36,23,33,140,447
132,30,16,15,61,105,447
132,30,156,35,33,140,447
132,30,20,7,33,140,447
132,45,19,20,21,140,447
132,282,9,270,483,105,447
132,172,51,130,46,105,447
132,426,100,8,267,140,447
132,282,9,1,21,140,447
132,172,51,48,61,105,447
132,426,100,1,21,140,447
132,282,9,176,33,140,447
132,45,11,28,46,105,447
132,45,85,52,46,105,447
132,282,9,292,46,105,447
132,45,11,49,46,105,447
132,45,109,219,21,140,447
132,45,11,118,21,140,447
132,45,164,1,21,140,447
132,45,85,52,21,140,447
132,45,166,35,33,140,447
132,45,360,37,240,105,447
132,45,470,20,21,140,447
132,172,215,28,46,33,140,447
132,45,109,96,48,61,105,447
132,282,9,292,46,33,140,447
132,30,20,21,52,46,105,447
132,45,11,3,8,267,140,447
132,45,164,1,7,33,140,447
132,45,19,20,7,33,140,447
132,30,36,23,33,46,105,447
132,30,36,23,104,300,105,447
132,45,11,49,46,33,140,447
132,172,51,130,46,33,140,447
132,411,205,79,37,240,105,447
132,45,166,35,1,21,140,447
132,45,166,35,33,46,105,447
132,30,16,10,8,267,140,447
132,30,16,15,1,21,140,447
132,45,360,37,7,33,140,447
132,30,16,31,80,46,105,447
132,30,16,10,89,21,140,447
132,30,16,15,28,46,105,447
132,45,360,37,102,129,105,447
132,30,16,183,28,46,105,447
132,426,100,8,1,21,140,447
132,45,53,38,121,33,140,447
132,30,16,104,23,33,140,447
132,426,100,8,26,21,140,447
132,45,92,78,1,21,140,447
132,45,53,38,141,46,105,447
132,30,54,19,20,21,140,447
132,30,16,104,131,33,140,447
132,45,192,384,131,33,140,447
132,45,92,78,20,21,140,447
132,45,53,38,165,46,105,447
132,30,128,243,408,21,140,447
132,45,470,20,7,33,140,447
132,282,9,1,7,33,140,447
132,45,402,472,1,21,140,447
132,45,192,72,20,21,140,447
132,172,51,5,270,483,105,447
132,45,109,169,1,21,140,447
132,30,430,38,121,33,140,447
132,30,128,31,80,46,105,447
132,30,128,243,8,267,140,447
132,30,156,35,1,21,140,447
132,172,51,48,7,33,140,447
132,426,100,1,7,33,140,447
132,282,9,1,8,267,140,447
132,45,193,117,80,46,105,447
132,45,11,5,270,483,105,447
132,45,11,3,1,21,140,447
132,172,51,136,28,46,105,447
132,30,156,375,20,21,140,447
132,30,156,35,33,46,105,447
132,45,164,1,8,267,140,447
132,172,51,5,1,21,140,447
132,45,109,238,7,33,140,447
132,30,142,125,26,21,140,447
132,30,430,38,141,46,105,447
132,30,229,6,37,240,105,447
132,30,430,38,165,46,105,447
132,30,286,5,15,61,105,447
132,30,20,497,37,240,105,447
132,30,488,237,35,33,140,447
132,30,286,429,48,61,105,447
132,30,286,5,1,21,140,447
132,30,20,78,1,21,140,447
132,30,124,100,8,267,140,447
132,30,286,5,48,61,105,447
132,30,194,377,163,46,105,447
132,30,124,100,1,21,140,447
132,30,286,5,60,33,140,447
132,282,9,176,33,46,105,447
132,30,286,5,86,46,105,447
132,30,156,35,110,46,105,447
132,30,286,5,270,483,105,447
132,30,20,7,1,21,140,447
132,30,286,5,433,46,105,447
132,30,20,7,37,240,105,447
132,30,286,5,473,33,140,447
132,30,20,7,48,61,105,447
132,45,11,28,15,61,105,447
132,172,51,48,102,129,105,447
132,45,11,28,231,461,105,447
132,172,51,48,122,21,140,447
132,426,100,1,8,267,140,447
132,172,51,48,381,46,105,447
132,426,100,1,15,61,105,447
132,282,9,1,15,61,105,447
132,426,100,1,35,33,140,447
132,282,9,1,35,33,140,447
132,30,20,7,33,46,105,447
132,45,146,30,20,21,140,447
132,45,11,28,46,33,140,447
132,45,355,161,1,21,140,447
132,423,233,234,20,21,140,447
132,45,319,17,63,46,105,447
132,45,11,19,20,21,140,447
132,45,168,13,23,33,140,447
132,45,11,40,23,33,140,447
132,45,179,17,63,46,105,447
132,45,11,5,1,21,140,447
132,45,11,259,37,240,105,447
132,45,11,40,153,33,140,447
132,45,11,5,15,61,105,447
132,45,11,332,104,300,105,447
132,411,205,6,37,240,105,447
132,45,11,5,48,61,105,447
132,45,11,440,28,46,105,447
132,172,215,28,15,61,105,447
132,45,11,5,60,33,140,447
132,45,11,475,1,21,140,447
132,172,215,28,231,461,105,447
132,45,11,5,86,46,105,447
132,45,85,244,28,46,105,447
132,172,51,269,20,21,140,447
132,45,11,5,433,46,105,447
132,45,166,35,110,46,105,447
132,45,19,5,270,483,105,447
132,45,11,5,473,33,140,447
132,45,85,52,46,33,140,447
132,45,164,1,15,61,105,447
132,45,19,11,499,129,105,447
132,45,19,5,1,21,140,447
132,282,9,3,8,267,140,447
132,45,164,1,35,33,140,447
132,45,19,69,1,21,140,447
132,45,19,11,28,46,105,447
132,45,19,5,15,61,105,447
132,282,9,38,121,33,140,447
132,282,9,3,1,21,140,447
132,45,19,284,20,21,140,447
132,45,19,11,49,46,105,447
132,45,19,5,48,61,105,447
132,172,51,5,15,61,105,447
132,282,9,77,35,33,140,447
132,282,9,38,141,46,105,447
132,45,19,390,15,61,105,447
132,45,19,11,118,21,140,447
132,45,19,5,60,33,140,447
132,172,51,5,48,61,105,447
132,282,9,88,218,46,105,447
132,172,51,5,60,33,140,447
132,282,9,493,48,61,105,447
132,172,51,5,86,46,105,447
132,282,9,38,165,46,105,447
132,172,51,5,433,46,105,447
132,45,19,5,86,46,105,447
132,172,51,5,473,33,140,447
132,45,19,5,433,46,105,447
132,45,19,5,473,33,140,447
132,30,488,237,35,1,21,140,447
132,30,488,237,35,33,46,105,447
132,45,109,238,7,33,46,105,447
132,282,9,88,218,46,33,140,447
132,282,9,32,11,499,129,105,447
132,172,51,5,60,33,46,105,447
132,282,9,493,48,7,33,140,447
132,172,51,5,86,231,461,105,447
132,172,51,5,48,7,33,140,447
132,45,19,5,60,33,46,105,447
132,282,9,38,43,37,240,105,447
132,282,9,38,165,46,33,140,447
132,172,51,5,86,46,33,140,447
132,172,51,5,433,46,33,140,447
132,45,19,5,86,231,461,105,447
132,45,19,5,86,46,33,140,447
132,282,9,88,38,121,33,140,447
132,172,51,5,0,1,21,140,447
132,172,51,5,473,33,46,105,447
132,45,19,5,433,46,33,140,447
132,45,19,5,0,1,21,140,447
132,45,19,5,473,33,46,105,447
132,30,488,237,35,110,46,105,447
132,30,286,429,48,7,33,140,447
132,282,9,316,0,1,21,140,447
132,282,9,32,178,23,33,140,447
132,282,9,32,11,28,46,105,447
132,282,9,493,48,102,129,105,447
132,30,16,15,5,270,483,105,447
132,172,51,5,48,102,129,105,447
132,282,9,38,68,37,240,105,447
132,30,286,5,1,7,33,140,447
132,30,430,38,165,46,33,140,447
132,30,142,125,26,8,267,140,447
132,282,9,270,5,433,46,105,447
132,30,16,15,28,46,33,140,447
132,30,20,202,206,23,33,140,447
132,30,20,78,1,7,33,140,447
132,282,9,88,38,141,46,105,447
132,45,11,118,21,52,46,105,447
132,45,360,37,112,446,46,105,447
132,172,51,5,11,499,129,105,447
132,172,51,5,0,7,33,140,447
132,30,16,15,28,231,461,105,447
132,30,124,143,0,1,21,140,447
132,45,360,37,102,48,61,105,447
132,45,109,361,11,28,46,105,447
132,172,376,32,382,1,21,140,447
132,30,16,47,55,26,21,140,447
132,45,19,5,11,499,129,105,447
132,30,124,100,8,1,21,140,447
132,45,19,5,0,7,33,140,447
132,30,286,5,48,7,33,140,447
132,30,16,183,28,15,61,105,447
132,30,410,47,16,15,61,105,447
132,30,194,437,109,219,21,140,447
132,30,286,429,48,102,129,105,447
132,30,16,183,28,46,33,140,447
132,30,194,377,163,63,46,105,447
132,30,194,377,163,46,33,140,447
132,282,9,316,0,7,33,140,447
132,30,430,38,9,270,483,105,447
132,45,19,20,21,52,46,105,447
132,30,20,21,140,33,46,105,447
132,30,124,100,1,7,33,140,447
132,282,9,32,382,1,21,140,447
132,45,85,52,349,15,61,105,447
132,282,9,32,11,49,46,105,447
132,426,100,8,1,7,33,140,447
132,45,164,1,21,52,46,105,447
132,30,286,5,60,33,46,105,447
132,282,9,493,48,122,21,140,447
132,30,16,15,158,190,33,140,447
132,282,9,176,33,170,46,105,447
132,30,16,15,5,1,21,140,447
132,172,51,5,48,122,21,140,447
132,30,229,6,37,7,33,140,447
132,30,16,10,8,1,21,140,447
132,172,51,130,478,7,33,140,447
132,282,9,38,88,218,46,105,447
132,30,286,5,86,231,461,105,447
132,45,53,198,116,1,21,140,447
132,30,286,5,86,46,33,140,447
132,30,286,5,1,8,267,140,447
132,30,430,38,141,46,33,140,447
132,30,156,35,110,46,33,140,447
132,45,53,38,121,33,46,105,447
132,282,9,270,5,1,21,140,447
132,30,488,237,211,121,33,140,447
132,45,360,37,7,1,21,140,447
132,45,109,238,7,1,21,140,447
132,30,16,104,23,33,46,105,447
132,45,92,167,17,63,46,105,447
132,30,20,204,44,23,33,140,447
132,30,20,7,1,8,267,140,447
132,30,20,78,1,8,267,140,447
132,426,100,8,10,89,21,140,447
132,30,286,5,433,46,33,140,447
132,282,9,88,38,165,46,105,447
132,30,20,7,37,102,129,105,447
132,45,360,37,497,20,21,140,447
132,30,229,6,0,1,21,140,447
132,30,286,5,473,33,46,105,447
132,172,51,5,13,23,33,140,447
132,172,51,5,11,28,46,105,447
132,172,51,5,0,23,33,140,447
132,30,20,7,478,130,46,105,447
132,30,20,7,48,102,129,105,447
132,30,286,5,0,1,21,140,447
132,30,124,143,0,7,33,140,447
132,45,11,28,15,1,21,140,447
132,45,109,361,11,49,46,105,447
132,30,286,5,15,1,21,140,447
132,30,16,15,1,7,33,140,447
132,172,51,48,102,37,240,105,447
132,172,376,402,472,1,21,140,447
132,172,376,32,9,270,483,105,447
132,45,11,28,481,52,46,105,447
132,30,16,246,206,23,33,140,447
132,30,16,47,3,8,267,140,447
132,45,92,78,1,7,33,140,447
132,45,11,28,231,86,46,105,447
132,45,19,5,13,23,33,140,447
132,45,19,5,11,28,46,105,447
132,30,124,100,8,26,21,140,447
132,45,109,219,21,52,46,105,447
132,45,53,38,141,46,33,140,447
132,426,100,1,8,26,21,140,447
132,45,19,5,0,23,33,140,447
132,172,51,48,5,270,483,105,447
132,30,286,5,48,102,129,105,447
132,172,51,48,381,46,33,140,447
132,30,16,183,28,231,461,105,447
132,45,360,37,7,33,46,105,447
132,30,54,19,5,270,483,105,447
132,426,100,1,15,28,46,105,447
132,30,146,45,11,118,21,140,447
132,30,410,47,3,8,267,140,447
132,282,9,292,345,37,240,105,447
132,30,410,47,16,104,300,105,447
132,30,54,19,20,7,33,140,447
132,30,194,138,22,1,21,140,447
132,30,16,10,120,35,33,140,447
132,45,470,20,21,52,46,105,447
132,30,16,104,131,33,46,105,447
132,282,9,1,15,28,46,105,447
132,30,286,429,48,122,21,140,447
132,426,100,1,487,37,240,105,447
132,426,100,1,35,110,46,105,447
132,426,100,1,35,33,46,105,447
132,282,9,1,487,37,240,105,447
132,282,9,1,35,110,46,105,447
132,282,9,316,0,23,33,140,447
132,282,9,1,35,33,46,105,447
132,30,16,104,150,23,33,140,447
132,172,215,28,46,170,33,140,447
132,30,430,38,43,37,240,105,447
132,30,430,38,9,1,21,140,447
132,30,20,7,33,170,46,105,447
132,45,146,30,16,104,300,105,447
132,45,192,384,131,104,300,105,447
132,45,146,30,20,7,33,140,447
132,30,124,100,1,8,267,140,447
132,282,9,32,145,28,46,105,447
132,45,192,384,131,33,46,105,447
132,45,11,28,46,170,33,140,447
132,45,85,52,481,28,46,105,447
132,30,16,31,80,46,33,140,447
132,30,16,31,13,23,33,140,447
132,45,109,96,288,35,33,140,447
132,45,355,161,5,270,483,105,447
132,282,9,32,11,118,21,140,447
132,426,100,8,1,15,61,105,447
132,45,355,161,227,1,21,140,447
132,45,355,161,5,1,21,140,447
132,426,100,8,1,35,33,140,447
132,45,355,161,1,7,33,140,447
132,45,355,161,5,15,61,105,447
132,45,92,78,20,7,33,140,447
132,45,355,161,1,8,267,140,447
132,45,355,161,5,48,61,105,447
132,423,233,2,62,353,240,105,447
132,45,355,161,1,15,61,105,447
132,45,355,161,5,60,33,140,447
132,423,233,71,302,48,61,105,447
132,423,233,2,0,1,21,140,447
132,423,233,2,62,7,33,140,447
132,45,355,161,1,35,33,140,447
132,45,355,161,5,86,46,105,447
132,423,233,71,116,1,21,140,447
132,423,233,2,10,8,267,140,447
132,423,233,2,0,7,33,140,447
132,45,355,161,5,433,46,105,447
132,423,233,2,29,26,21,140,447
132,423,233,2,10,89,21,140,447
132,423,233,2,0,23,33,140,447
132,45,355,161,5,473,33,140,447
132,423,233,234,20,7,33,140,447
132,423,233,2,0,438,21,140,447
132,282,9,493,48,381,46,105,447
132,45,53,38,9,270,483,105,447
132,30,16,15,349,52,21,140,447
132,30,142,125,182,26,21,140,447
132,45,53,38,43,37,240,105,447
132,45,53,38,9,1,21,140,447
132,30,16,15,349,52,46,105,447
132,45,53,38,68,37,240,105,447
132,45,53,38,9,176,33,140,447
132,282,9,1,21,52,46,105,447
132,45,53,38,88,218,46,105,447
132,45,53,38,9,292,46,105,447
132,45,319,17,0,1,21,140,447
132,45,53,38,135,122,21,140,447
132,45,319,17,63,163,46,105,447
132,45,319,17,6,37,240,105,447
132,45,319,17,0,7,33,140,447
132,45,53,38,401,23,33,140,447
132,45,319,17,27,23,33,140,447
132,45,319,17,0,23,33,140,447
132,45,53,38,165,46,33,140,447
132,45,319,17,64,23,33,140,447
132,45,319,17,0,438,21,140,447
132,45,319,17,63,46,33,140,447
132,45,319,17,101,28,46,105,447
132,30,16,15,5,48,61,105,447
132,45,109,96,48,7,33,140,447
132,45,319,17,186,131,33,140,447
132,30,16,15,5,60,33,140,447
132,45,109,96,48,102,129,105,447
132,45,319,17,186,439,33,140,447
132,30,16,15,5,86,46,105,447
132,45,109,96,48,122,21,140,447
132,172,51,5,48,381,46,105,447
132,30,16,15,5,433,46,105,447
132,45,109,96,48,381,46,105,447
132,30,20,497,37,7,33,140,447
132,30,16,15,5,473,33,140,447
132,45,11,19,20,7,33,140,447
132,30,20,497,37,102,129,105,447
132,30,229,6,37,102,129,105,447
132,45,11,19,5,270,483,105,447
132,30,16,10,8,26,21,140,447
132,45,11,19,69,1,21,140,447
132,45,11,19,5,1,21,140,447
132,45,11,19,284,20,21,140,447
132,45,11,19,5,15,61,105,447
132,45,11,19,390,15,61,105,447
132,45,11,19,5,48,61,105,447
132,282,9,1,7,37,240,105,447
132,45,11,19,5,60,33,140,447
132,282,9,1,7,20,21,140,447
132,45,11,19,5,86,46,105,447
132,282,9,1,7,48,61,105,447
132,45,11,19,5,433,46,105,447
132,45,379,2,62,353,240,105,447
132,45,11,19,5,473,33,140,447
132,45,189,12,73,84,21,140,447
132,45,379,2,0,1,21,140,447
132,45,379,2,62,7,33,140,447
132,45,396,25,3,8,267,140,447
132,45,189,12,5,270,483,105,447
132,45,379,2,10,8,267,140,447
132,45,379,2,0,7,33,140,447
132,45,212,495,493,48,61,105,447
132,45,396,25,19,20,21,140,447
132,45,396,25,3,1,21,140,447
132,45,189,12,39,28,46,105,447
132,45,189,12,5,1,21,140,447
132,45,379,2,29,26,21,140,447
132,45,379,2,10,89,21,140,447
132,45,379,2,0,23,33,140,447
132,45,251,24,0,438,21,140,447
132,45,212,24,19,20,21,140,447
132,45,189,12,90,28,46,105,447
132,45,189,12,5,15,61,105,447
132,45,379,2,0,438,21,140,447
132,45,151,42,6,37,240,105,447
132,45,251,24,19,20,21,140,447
132,45,251,24,0,1,21,140,447
132,45,212,24,0,1,21,140,447
132,45,189,12,107,7,33,140,447
132,45,189,12,5,48,61,105,447
132,45,343,335,237,35,33,140,447
132,45,251,24,73,84,21,140,447
132,45,251,24,0,7,33,140,447
132,45,212,24,73,84,21,140,447
132,45,212,24,0,7,33,140,447
132,45,189,12,115,20,21,140,447
132,45,189,12,5,60,33,140,447
132,45,251,24,261,84,21,140,447
132,45,251,24,0,23,33,140,447
132,45,212,24,261,84,21,140,447
132,45,212,24,0,23,33,140,447
132,45,189,12,5,86,46,105,447
132,45,251,24,272,7,33,140,447
132,45,212,24,272,7,33,140,447
132,45,212,24,0,438,21,140,447
132,45,189,12,5,433,46,105,447
132,45,179,268,5,270,483,105,447
132,45,189,12,5,473,33,140,447
132,45,179,280,29,26,21,140,447
132,45,179,268,5,1,21,140,447
132,45,179,17,0,1,21,140,447
132,45,179,268,5,15,61,105,447
132,45,179,17,6,37,240,105,447
132,45,179,17,0,7,33,140,447
132,45,179,268,5,48,61,105,447
132,45,179,17,27,23,33,140,447
132,45,179,17,0,23,33,140,447
132,45,179,268,5,60,33,140,447
132,45,179,17,64,23,33,140,447
132,45,179,17,0,438,21,140,447
132,45,179,268,5,86,46,105,447
132,45,179,17,101,28,46,105,447
132,45,179,268,5,433,46,105,447
132,45,179,17,186,131,33,140,447
132,45,179,268,5,473,33,140,447
132,45,179,17,186,439,33,140,447
132,282,9,38,135,122,21,140,447
132,30,286,5,1,15,61,105,447
132,282,9,38,401,23,33,140,447
132,30,286,5,1,35,33,140,447
132,45,179,17,63,163,46,105,447
132,282,9,270,5,15,61,105,447
132,30,20,21,1,8,267,140,447
132,282,9,270,5,48,61,105,447
132,30,20,21,26,8,267,140,447
132,30,20,21,1,7,33,140,447
132,282,9,270,5,60,33,140,447
132,30,20,21,122,48,61,105,447
132,30,20,21,1,15,61,105,447
132,282,9,270,5,86,46,105,447
132,30,20,21,1,35,33,140,447
132,282,9,270,5,473,33,140,447
132,282,9,292,46,52,21,140,447
132,45,179,17,63,46,33,140,447
132,282,9,1,7,33,46,105,447
132,45,11,5,1,7,33,140,447
132,45,360,37,7,20,21,140,447
132,45,109,238,7,20,21,140,447
132,282,9,292,46,170,33,140,447
132,45,168,13,23,33,46,105,447
132,45,11,5,1,8,267,140,447
132,45,360,37,7,48,61,105,447
132,45,109,238,7,37,240,105,447
132,45,470,20,7,1,21,140,447
132,45,402,462,57,1,21,140,447
132,45,11,5,1,15,61,105,447
132,45,11,259,329,84,21,140,447
132,45,109,238,7,48,61,105,447
132,45,470,20,7,37,240,105,447
132,45,11,259,37,7,33,140,447
132,45,11,5,1,35,33,140,447
132,45,92,167,293,1,21,140,447
132,426,100,124,30,20,21,140,447
132,45,470,20,7,48,61,105,447
132,45,11,259,37,102,129,105,447
132,45,402,472,1,7,33,140,447
132,30,20,72,404,28,46,105,447
132,426,100,260,271,80,46,105,447
132,30,20,204,44,1,21,140,447
132,45,11,40,153,33,46,105,447
132,30,20,21,52,46,33,140,447
132,30,20,7,1,15,61,105,447
132,45,402,472,1,8,267,140,447
132,30,20,249,70,37,240,105,447
132,30,20,72,31,80,46,105,447
132,426,100,414,337,23,33,140,447
132,426,100,260,0,1,21,140,447
132,45,11,5,15,1,21,140,447
132,30,20,78,1,15,61,105,447
132,30,20,7,1,35,33,140,447
132,45,402,472,1,15,61,105,447
132,30,20,310,157,1,21,140,447
132,30,20,249,70,26,21,140,447
132,45,168,13,23,104,300,105,447
132,45,192,72,31,80,46,105,447
132,45,192,72,20,7,33,140,447
132,426,100,8,87,63,46,105,447
132,426,100,414,337,48,61,105,447
132,45,11,332,449,60,33,140,447
132,426,100,260,0,7,33,140,447
132,45,11,332,104,23,33,140,447
132,45,11,5,15,28,46,105,447
132,45,11,3,8,1,21,140,447
132,411,205,380,383,23,33,140,447
132,30,20,78,1,35,33,140,447
132,411,205,6,0,1,21,140,447
132,45,360,37,345,292,46,105,447
132,45,402,472,1,35,33,140,447
132,411,205,6,37,7,33,140,447
132,30,229,6,3,8,267,140,447
132,30,20,269,51,48,61,105,447
132,30,20,310,454,219,21,140,447
132,30,229,6,0,7,33,140,447
132,30,20,310,157,307,33,140,447
132,30,20,249,70,393,129,105,447
132,45,168,13,3,8,267,140,447
132,45,168,311,11,28,46,105,447
132,45,470,20,497,37,240,105,447
132,45,109,169,1,7,33,140,447
132,172,51,5,19,20,21,140,447
132,45,192,72,404,28,46,105,447
132,45,11,5,48,7,33,140,447
132,426,100,8,243,408,21,140,447
132,172,51,5,11,49,46,105,447
132,45,164,1,7,37,240,105,447
132,45,11,440,28,46,33,140,447
132,426,100,260,0,23,33,140,447
132,172,51,5,0,438,21,140,447
132,45,11,332,104,131,33,140,447
132,45,11,440,28,15,61,105,447
132,30,20,7,0,438,21,140,447
132,172,215,28,15,1,21,140,447
132,45,11,3,8,26,21,140,447
132,411,205,380,0,1,21,140,447
132,45,470,20,7,33,46,105,447
132,426,100,1,21,52,46,105,447
132,45,164,1,7,33,46,105,447
132,30,20,7,48,122,21,140,447
132,30,286,5,11,499,129,105,447
132,411,205,6,3,8,267,140,447
132,411,205,6,0,7,33,140,447
132,45,11,5,60,33,46,105,447
132,30,286,5,0,7,33,140,447
132,45,360,37,487,1,21,140,447
132,30,124,143,0,23,33,140,447
132,45,19,20,497,37,240,105,447
132,45,11,32,247,48,61,105,447
132,411,205,6,37,102,129,105,447
132,30,229,6,17,63,46,105,447
132,45,11,475,1,7,33,140,447
132,30,229,6,3,1,21,140,447
132,30,20,74,94,263,46,105,447
132,30,20,269,51,130,46,105,447
132,172,215,28,11,499,129,105,447
132,45,109,361,11,118,21,140,447
132,30,286,5,15,28,46,105,447
132,30,229,6,0,23,33,140,447
132,45,11,40,23,33,46,105,447
132,45,19,20,7,1,21,140,447
132,30,430,38,121,33,46,105,447
132,30,128,31,13,23,33,140,447
132,172,215,28,231,86,46,105,447
132,30,16,15,1,8,267,140,447
132,45,168,13,5,270,483,105,447
132,45,168,13,3,1,21,140,447
132,45,11,5,86,231,461,105,447
132,45,168,311,11,49,46,105,447
132,45,470,20,78,1,21,140,447
132,45,11,5,86,46,33,140,447
132,45,109,169,1,8,267,140,447
132,45,19,20,7,33,46,105,447
132,45,85,354,16,104,300,105,447
132,172,51,5,157,307,33,140,447
132,45,85,244,331,35,33,140,447
132,172,376,32,11,499,129,105,447
132,30,128,31,80,46,33,140,447
132,45,85,244,28,15,61,105,447
132,172,376,32,9,1,21,140,447
132,45,11,5,48,102,129,105,447
132,426,100,8,3,1,21,140,447
132,45,85,244,28,46,33,140,447
132,45,11,28,41,23,33,140,447
132,45,11,28,481,52,21,140,447
132,172,51,5,11,118,21,140,447
132,45,11,40,23,104,300,105,447
132,30,128,243,8,1,21,140,447
132,172,51,160,0,1,21,140,447
132,30,16,494,31,80,46,105,447
132,45,164,1,7,20,21,140,447
132,172,51,269,20,7,33,140,447
132,426,100,260,0,438,21,140,447
132,30,36,23,33,170,46,105,447
132,30,16,47,125,26,21,140,447
132,30,16,47,3,1,21,140,447
132,45,11,440,28,231,461,105,447
132,30,156,35,1,7,33,140,447
132,45,11,5,433,46,33,140,447
132,45,92,78,1,8,267,140,447
132,30,20,7,62,353,240,105,447
132,30,20,7,0,1,21,140,447
132,45,166,35,110,46,33,140,447
132,45,19,5,51,130,46,105,447
132,411,205,380,0,7,33,140,447
132,172,215,258,175,23,33,140,447
132,45,11,5,473,33,46,105,447
132,45,85,52,46,170,33,140,447
132,172,51,48,7,33,46,105,447
132,45,19,5,11,49,46,105,447
132,30,20,7,48,381,46,105,447
132,30,286,5,13,23,33,140,447
132,30,286,5,11,28,46,105,447
132,411,205,6,17,63,46,105,447
132,411,205,6,3,1,21,140,447
132,411,205,6,0,23,33,140,447
132,30,36,23,104,131,33,140,447
132,30,286,5,0,23,33,140,447
132,45,360,37,200,7,33,140,447
132,30,124,143,0,438,21,140,447
132,45,19,5,0,438,21,140,447
132,45,19,20,78,1,21,140,447
132,45,11,139,359,480,129,105,447
132,45,11,32,9,270,483,105,447
132,45,11,5,0,1,21,140,447
132,172,51,48,7,1,21,140,447
132,45,164,1,15,28,46,105,447
132,172,51,48,337,23,33,140,447
132,30,229,6,211,121,33,140,447
132,172,51,48,5,1,21,140,447
132,30,229,6,225,26,21,140,447
132,172,51,48,5,15,61,105,447
132,30,229,6,394,263,46,105,447
132,172,51,48,5,60,33,140,447
132,426,100,1,7,37,240,105,447
132,172,51,48,5,86,46,105,447
132,426,100,1,7,20,21,140,447
132,172,51,48,5,433,46,105,447
132,426,100,1,7,48,61,105,447
132,172,51,48,5,473,33,140,447
132,30,286,5,48,122,21,140,447
132,45,11,475,1,8,267,140,447
132,30,286,5,48,381,46,105,447
132,45,11,475,1,15,61,105,447
132,426,100,1,7,33,46,105,447
132,45,11,475,1,35,33,140,447
132,30,20,19,5,60,33,140,447
132,30,20,74,31,80,46,105,447
132,30,20,95,70,37,240,105,447
132,30,20,19,69,1,21,140,447
132,30,20,19,5,1,21,140,447
132,30,20,375,156,35,33,140,447
132,30,20,95,296,1,21,140,447
132,30,20,95,70,26,21,140,447
132,30,20,19,11,499,129,105,447
132,30,20,19,5,15,61,105,447
132,30,20,464,79,37,240,105,447
132,30,20,95,70,393,129,105,447
132,30,20,19,390,15,61,105,447
132,30,20,19,11,28,46,105,447
132,30,20,19,5,48,61,105,447
132,30,20,19,11,49,46,105,447
132,30,20,19,5,86,46,105,447
132,30,20,19,11,118,21,140,447
132,30,20,19,5,270,483,105,447
132,30,36,23,0,1,21,140,447
132,30,20,19,5,433,46,105,447
132,30,36,23,44,1,21,140,447
132,30,36,23,0,7,33,140,447
132,30,20,19,5,473,33,140,447
132,30,36,23,419,84,21,140,447
132,30,36,23,0,438,21,140,447
132,30,36,23,144,28,46,105,447
132,45,11,49,46,52,21,140,447
132,30,36,23,150,104,300,105,447
132,45,11,49,46,170,33,140,447
132,30,36,23,337,48,61,105,447
132,172,215,28,41,23,33,140,447
132,30,36,23,40,153,33,140,447
132,172,215,28,144,23,33,140,447
132,30,36,23,265,7,33,140,447
132,172,215,28,248,110,46,105,447
132,30,36,23,41,28,46,105,447
132,172,215,28,358,84,21,140,447
132,172,215,28,11,49,46,105,447
132,172,215,28,481,52,21,140,447
132,172,215,28,11,118,21,140,447
132,172,215,28,481,52,46,105,447
132,282,9,1,8,26,21,140,447
132,45,19,5,1,7,33,140,447
132,45,109,361,11,499,129,105,447
132,45,19,5,1,8,267,140,447
132,30,54,19,11,499,129,105,447
132,45,19,5,1,15,61,105,447
132,30,54,19,69,1,21,140,447
132,30,54,19,11,28,46,105,447
132,45,19,5,1,35,33,140,447
132,30,54,19,284,20,21,140,447
132,30,54,19,11,49,46,105,447
132,30,54,19,390,15,61,105,447
132,30,54,19,11,118,21,140,447
132,30,54,19,5,1,21,140,447
132,30,229,6,0,438,21,140,447
132,30,54,19,5,15,61,105,447
132,45,164,1,487,37,240,105,447
132,30,54,19,5,48,61,105,447
132,45,164,1,226,86,46,105,447
132,30,54,19,5,60,33,140,447
132,45,164,1,78,20,21,140,447
132,30,54,19,5,86,46,105,447
132,45,164,1,431,190,33,140,447
132,30,54,19,5,433,46,105,447
132,45,164,1,441,131,33,140,447
132,30,54,19,5,473,33,140,447
132,45,164,1,5,473,33,140,447
132,45,193,117,69,1,21,140,447
132,45,164,1,97,80,46,105,447
132,45,164,1,5,15,61,105,447
132,45,164,1,9,176,33,140,447
132,45,164,1,5,48,61,105,447
132,45,164,1,0,7,33,140,447
132,45,164,1,9,270,483,105,447
132,45,164,1,5,60,33,140,447
132,45,164,1,3,8,267,140,447
132,45,164,1,0,23,33,140,447
132,45,164,1,9,292,46,105,447
132,45,164,1,5,86,46,105,447
132,45,164,1,100,8,267,140,447
132,45,164,1,0,438,21,140,447
132,45,164,1,5,270,483,105,447
132,45,164,1,317,8,267,140,447
132,45,164,1,5,433,46,105,447
132,45,164,1,111,385,33,140,447
132,30,146,45,19,20,21,140,447
132,45,164,1,22,7,33,140,447
132,30,146,45,85,52,46,105,447
132,45,164,1,44,23,33,140,447
132,30,146,45,109,219,21,140,447
132,30,146,45,85,52,21,140,447
132,45,164,1,157,307,33,140,447
132,30,146,45,164,1,21,140,447
132,45,164,1,93,8,267,140,447
132,30,146,45,166,35,33,140,447
132,45,164,1,191,8,267,140,447
132,30,146,45,360,37,240,105,447
132,45,164,1,236,60,33,140,447
132,30,146,45,470,20,21,140,447
132,45,19,20,7,37,240,105,447
132,30,146,45,11,28,46,105,447
132,45,19,20,7,48,61,105,447
132,30,146,45,11,49,46,105,447
132,30,128,31,16,104,300,105,447
132,30,146,45,11,499,129,105,447
132,30,128,31,57,1,21,140,447
132,30,128,31,16,15,61,105,447
132,30,128,31,72,20,21,140,447
132,30,410,47,55,26,21,140,447
132,30,128,31,74,20,21,140,447
132,30,410,47,125,26,21,140,447
132,30,16,15,1,35,33,140,447
132,45,164,1,35,110,46,105,447
132,45,164,1,35,33,46,105,447
132,30,410,47,3,1,21,140,447
132,45,168,13,31,80,46,105,447
132,45,168,13,5,1,21,140,447
132,45,168,13,67,28,46,105,447
132,45,168,13,5,15,61,105,447
132,45,168,13,320,26,21,140,447
132,45,168,13,5,48,61,105,447
132,45,193,117,80,46,33,140,447
132,45,168,13,5,60,33,140,447
132,45,168,311,11,118,21,140,447
132,45,168,13,5,86,46,105,447
132,45,168,311,11,499,129,105,447
132,45,168,13,5,433,46,105,447
132,45,19,69,359,480,129,105,447
132,45,168,13,5,473,33,140,447
132,45,19,69,117,80,46,105,447
132,282,9,3,8,1,21,140,447
132,45,19,69,232,23,33,140,447
132,282,9,3,8,26,21,140,447
132,45,19,69,114,7,33,140,447
132,45,11,3,0,1,21,140,447
132,45,19,69,275,63,46,105,447
132,45,11,3,6,37,240,105,447
132,45,11,3,0,7,33,140,447
132,45,11,3,9,270,483,105,447
132,45,11,3,0,23,33,140,447
132,45,11,3,133,8,267,140,447
132,45,11,3,9,1,21,140,447
132,45,11,3,0,438,21,140,447
132,45,11,3,59,28,46,105,447
132,45,11,3,9,176,33,140,447
132,45,11,3,98,28,46,105,447
132,45,11,3,9,292,46,105,447
132,45,11,3,498,28,46,105,447
132,30,194,138,70,26,21,140,447
132,45,11,3,287,1,21,140,447
132,30,194,138,70,37,240,105,447
132,45,11,3,290,60,33,140,447
132,30,194,138,70,393,129,105,447
132,45,11,3,13,23,33,140,447
132,45,109,169,1,15,61,105,447
132,45,11,3,392,1,21,140,447
132,45,109,169,1,35,33,140,447
132,30,194,138,22,7,33,140,447
132,45,85,456,302,48,61,105,447
132,45,85,354,16,15,61,105,447
132,45,85,283,407,28,46,105,447
132,172,51,5,83,8,267,140,447
132,45,85,399,471,1,21,140,447
132,172,51,5,127,1,21,140,447
132,45,19,69,1,7,33,140,447
132,172,51,5,161,1,21,140,447
132,45,19,69,1,8,267,140,447
132,172,51,5,188,1,21,140,447
132,45,19,69,1,15,61,105,447
132,172,51,5,442,353,240,105,447
132,45,19,69,1,35,33,140,447
132,172,51,5,157,1,21,140,447
132,45,19,11,28,15,61,105,447
132,30,16,10,356,28,46,105,447
132,45,19,11,28,231,461,105,447
132,172,376,32,145,28,46,105,447
132,172,376,32,11,28,46,105,447
132,172,376,32,178,23,33,140,447
132,172,376,32,11,49,46,105,447
132,172,376,32,247,48,61,105,447
132,172,376,32,11,118,21,140,447
132,172,51,130,46,52,21,140,447
132,45,19,11,28,46,33,140,447
132,172,51,130,46,170,33,140,447
132,45,85,244,28,231,461,105,447
132,172,376,32,9,176,33,140,447
132,45,19,5,15,1,21,140,447
132,172,376,32,9,292,46,105,447
132,45,19,5,15,28,46,105,447
132,45,11,5,48,122,21,140,447
132,426,100,8,93,1,21,140,447
132,45,11,5,48,381,46,105,447
132,426,100,8,317,1,21,140,447
132,282,9,38,121,33,46,105,447
132,426,100,8,191,1,21,140,447
132,45,11,3,1,7,33,140,447
132,282,9,3,0,1,21,140,447
132,45,11,3,1,8,267,140,447
132,282,9,3,6,37,240,105,447
132,282,9,3,0,7,33,140,447
132,45,11,3,1,15,61,105,447
132,282,9,3,11,499,129,105,447
132,282,9,3,0,23,33,140,447
132,45,11,3,1,35,33,140,447
132,282,9,3,287,1,21,140,447
132,282,9,3,11,28,46,105,447
132,282,9,3,0,438,21,140,447
132,282,9,3,133,8,267,140,447
132,282,9,3,11,49,46,105,447
132,282,9,3,59,28,46,105,447
132,282,9,3,11,118,21,140,447
132,282,9,3,498,28,46,105,447
132,30,286,429,48,381,46,105,447
132,282,9,3,98,28,46,105,447
132,45,11,28,144,23,33,140,447
132,282,9,3,290,60,33,140,447
132,45,11,28,248,110,46,105,447
132,282,9,3,13,23,33,140,447
132,45,11,28,358,84,21,140,447
132,282,9,3,392,1,21,140,447
132,426,100,1,226,86,46,105,447
132,30,128,243,8,26,21,140,447
132,426,100,1,78,20,21,140,447
132,282,9,3,1,7,33,140,447
132,426,100,1,431,190,33,140,447
132,282,9,3,1,8,267,140,447
132,426,100,1,441,131,33,140,447
132,282,9,3,1,15,61,105,447
132,426,100,1,5,473,33,140,447
132,282,9,3,1,35,33,140,447
132,426,100,1,97,80,46,105,447
132,426,100,1,5,15,61,105,447
132,426,100,1,9,176,33,140,447
132,426,100,1,5,48,61,105,447
132,426,100,1,0,7,33,140,447
132,426,100,1,9,270,483,105,447
132,426,100,1,5,60,33,140,447
132,426,100,1,3,8,267,140,447
132,426,100,1,0,23,33,140,447
132,426,100,1,9,292,46,105,447
132,426,100,1,5,86,46,105,447
132,426,100,1,317,8,267,140,447
132,426,100,1,0,438,21,140,447
132,426,100,1,5,270,483,105,447
132,426,100,1,111,385,33,140,447
132,426,100,1,5,433,46,105,447
132,426,100,1,22,7,33,140,447
132,172,51,428,22,1,21,140,447
132,426,100,1,44,23,33,140,447
132,172,51,366,44,1,21,140,447
132,172,51,428,22,7,33,140,447
132,426,100,1,157,307,33,140,447
132,172,51,262,27,23,33,140,447
132,172,51,366,44,23,33,140,447
132,426,100,1,93,8,267,140,447
132,172,51,364,17,63,46,105,447
132,426,100,1,191,8,267,140,447
132,172,51,177,13,23,33,140,447
132,426,100,1,236,60,33,140,447
132,172,51,294,19,20,21,140,447
132,172,51,160,0,7,33,140,447
132,30,16,354,85,52,21,140,447
132,172,51,160,0,23,33,140,447
132,30,16,397,391,8,267,140,447
132,30,16,354,85,52,46,105,447
132,172,51,160,0,438,21,140,447
132,411,205,79,37,7,33,140,447
132,282,9,1,226,86,46,105,447
132,411,205,79,37,102,129,105,447
132,282,9,1,236,60,33,140,447
132,45,164,1,7,48,61,105,447
132,282,9,1,78,20,21,140,447
132,172,51,136,158,15,61,105,447
132,282,9,1,431,190,33,140,447
132,172,51,136,158,190,33,140,447
132,282,9,1,441,131,33,140,447
132,172,51,136,28,46,33,140,447
132,282,9,1,5,15,61,105,447
132,45,19,11,49,46,33,140,447
132,282,9,1,0,7,33,140,447
132,282,9,1,5,48,61,105,447
132,282,9,1,3,8,267,140,447
132,282,9,1,0,23,33,140,447
132,282,9,1,5,60,33,140,447
132,282,9,1,97,80,46,105,447
132,282,9,1,0,438,21,140,447
132,282,9,1,5,86,46,105,447
132,282,9,1,100,8,267,140,447
132,282,9,1,5,270,483,105,447
132,282,9,1,317,8,267,140,447
132,282,9,1,5,433,46,105,447
132,282,9,1,111,385,33,140,447
132,282,9,1,5,473,33,140,447
132,282,9,1,22,7,33,140,447
132,282,9,316,0,438,21,140,447
132,282,9,1,44,23,33,140,447
132,30,156,35,1,8,267,140,447
132,282,9,1,157,307,33,140,447
132,30,156,35,1,15,61,105,447
132,282,9,1,93,8,267,140,447
132,45,19,284,20,7,33,140,447
132,282,9,1,191,8,267,140,447
132,30,156,375,20,7,33,140,447
132,45,92,78,1,15,61,105,447
132,30,20,7,265,23,33,140,447
132,45,92,78,1,35,33,140,447
132,30,20,7,22,1,21,140,447
132,45,19,5,48,7,33,140,447
132,30,20,7,200,37,240,105,447
132,45,19,5,48,102,129,105,447
132,30,20,7,0,23,33,140,447
132,45,19,5,48,122,21,140,447
132,172,51,136,28,15,61,105,447
132,45,19,5,48,381,46,105,447
132,172,51,136,28,231,461,105,447
132,172,215,28,46,52,21,140,447
132,45,19,5,157,307,33,140,447
132,30,430,38,68,37,240,105,447
132,45,19,5,51,48,61,105,447
132,45,19,5,83,8,267,140,447
132,45,19,5,157,1,21,140,447
132,30,430,38,88,218,46,105,447
132,45,19,5,127,1,21,140,447
132,411,205,380,0,23,33,140,447
132,30,430,38,135,122,21,140,447
132,45,19,5,161,1,21,140,447
132,411,205,380,0,438,21,140,447
132,30,430,38,401,23,33,140,447
132,45,19,5,188,1,21,140,447
132,411,205,79,55,26,21,140,447
132,172,51,5,15,1,21,140,447
132,45,19,5,442,353,240,105,447
132,411,205,79,464,20,21,140,447
132,172,51,5,15,28,46,105,447
132,282,9,77,228,8,267,140,447
132,30,430,38,9,176,33,140,447
132,172,215,266,203,417,46,105,447
132,45,146,30,36,23,33,140,447
132,30,430,38,9,292,46,105,447
132,172,215,351,150,23,33,140,447
132,172,215,266,203,63,46,105,447
132,45,146,30,156,35,33,140,447
132,172,215,351,150,104,300,105,447
132,45,19,5,11,118,21,140,447
132,45,166,35,1,7,33,140,447
132,282,9,77,35,33,46,105,447
132,45,146,30,16,15,61,105,447
132,45,166,35,1,8,267,140,447
132,30,286,5,19,20,21,140,447
132,30,286,5,11,49,46,105,447
132,45,166,35,1,15,61,105,447
132,30,286,5,51,130,46,105,447
132,30,286,5,11,118,21,140,447
132,411,205,6,211,121,33,140,447
132,30,286,5,83,8,267,140,447
132,30,286,5,51,48,61,105,447
132,411,205,6,225,26,21,140,447
132,30,286,5,127,1,21,140,447
132,282,9,77,35,1,21,140,447
132,411,205,6,394,263,46,105,447
132,30,286,5,157,1,21,140,447
132,282,9,77,35,110,46,105,447
132,282,9,38,141,46,33,140,447
132,30,286,5,161,1,21,140,447
132,30,286,5,157,307,33,140,447
132,30,124,100,1,15,61,105,447
132,30,286,5,188,1,21,140,447
132,411,205,6,0,438,21,140,447
132,30,124,100,1,35,33,140,447
132,30,286,5,442,353,240,105,447
132,30,156,35,33,170,46,105,447
132,45,166,35,33,170,46,105,447
132,45,19,24,0,7,33,140,447
132,282,9,32,247,48,61,105,447
132,45,19,390,424,23,33,140,447
132,45,19,25,3,8,267,140,447
132,45,19,24,73,84,21,140,447
132,45,19,24,0,1,21,140,447
132,45,19,54,30,20,21,140,447
132,45,19,25,3,1,21,140,447
132,45,19,24,261,84,21,140,447
132,45,19,24,0,23,33,140,447
132,45,19,76,17,63,46,105,447
132,45,19,24,272,7,33,140,447
132,45,19,24,0,438,21,140,447
132,45,19,294,51,48,61,105,447
132,30,286,5,0,438,21,140,447
132,45,360,37,70,26,21,140,447
132,45,19,313,17,63,46,105,447
132,45,19,294,51,130,46,105,447
132,45,360,37,70,393,129,105,447
132,45,19,390,15,1,21,140,447
132,45,11,28,46,52,21,140,447
132,45,164,1,8,26,21,140,447
132,45,19,390,15,28,46,105,447
132,45,19,11,3,8,267,140,447
132,45,11,241,460,439,33,140,447
132,45,11,32,382,1,21,140,447
132,45,19,11,5,270,483,105,447
132,45,19,11,3,1,21,140,447
132,45,11,255,69,1,21,140,447
132,45,11,241,469,1,21,140,447
132,45,11,32,145,28,46,105,447
132,45,19,11,440,28,46,105,447
132,45,19,11,5,1,21,140,447
132,45,11,361,109,219,21,140,447
132,45,11,32,178,23,33,140,447
132,45,19,11,332,104,300,105,447
132,45,19,11,5,15,61,105,447
132,45,11,324,287,1,21,140,447
132,45,19,11,259,37,240,105,447
132,45,19,11,5,48,61,105,447
132,172,51,5,1,7,33,140,447
132,45,19,11,40,23,33,140,447
132,45,19,11,5,60,33,140,447
132,172,51,5,1,8,267,140,447
132,45,19,11,475,1,21,140,447
132,45,19,11,40,153,33,140,447
132,45,19,11,5,86,46,105,447
132,172,51,5,1,15,61,105,447
132,45,11,32,9,1,21,140,447
132,45,19,11,5,433,46,105,447
132,172,51,5,1,35,33,140,447
132,45,11,32,9,176,33,140,447
132,45,19,11,5,473,33,140,447
132,45,11,5,51,48,61,105,447
132,45,11,32,9,292,46,105,447
132,45,11,5,0,7,33,140,447
132,45,11,5,13,23,33,140,447
132,45,11,5,51,130,46,105,447
132,45,11,5,0,23,33,140,447
132,45,11,5,157,307,33,140,447
132,30,16,31,57,1,21,140,447
132,45,11,5,0,438,21,140,447
132,45,11,5,83,8,267,140,447
132,45,11,5,157,1,21,140,447
132,30,16,31,72,20,21,140,447
132,45,11,5,127,1,21,140,447
132,172,51,48,7,20,21,140,447
132,30,16,31,74,20,21,140,447
132,45,11,5,161,1,21,140,447
132,172,51,48,7,37,240,105,447
132,45,11,5,188,1,21,140,447
132,45,11,5,19,20,21,140,447
132,45,11,5,442,353,240,105,447
132,45,53,38,9,176,33,46,105,447
132,45,164,1,487,37,7,33,140,447
132,45,109,96,288,35,1,21,140,447
132,30,20,95,209,413,455,129,105,447
132,30,20,19,5,1,7,33,140,447
132,282,9,270,483,105,46,33,140,447
132,30,54,19,5,48,7,33,140,447
132,282,9,1,21,26,8,267,140,447
132,45,164,1,226,86,231,461,105,447
132,45,355,161,5,15,1,21,140,447
132,172,51,5,86,46,52,21,140,447
132,45,164,1,226,86,46,33,140,447
132,282,9,1,21,52,46,33,140,447
132,30,54,19,5,60,33,46,105,447
132,30,20,375,156,35,1,21,140,447
132,172,51,5,433,46,52,21,140,447
132,45,53,38,88,9,270,483,105,447
132,45,53,38,88,218,46,33,140,447
132,45,164,1,78,20,7,33,140,447
132,172,51,48,337,23,33,46,105,447
132,45,53,38,9,3,8,267,140,447
132,30,54,19,5,86,231,461,105,447
132,172,51,48,5,15,1,21,140,447
132,30,54,19,5,86,46,33,140,447
132,30,36,23,40,153,33,46,105,447
132,30,20,95,70,26,8,267,140,447
132,30,20,19,390,424,23,33,140,447
132,45,164,1,431,190,33,46,105,447
132,45,53,38,9,292,46,33,140,447
132,30,54,19,5,433,46,33,140,447
132,45,164,1,441,131,104,300,105,447
132,45,164,1,441,131,33,46,105,447
132,45,355,161,5,60,33,46,105,447
132,30,16,31,13,23,33,46,105,447
132,30,54,19,5,473,33,46,105,447
132,45,19,5,86,46,52,21,140,447
132,30,54,19,5,0,1,21,140,447
132,45,53,38,135,122,48,61,105,447
132,45,164,1,5,473,33,46,105,447
132,45,193,117,187,145,28,46,105,447
132,45,193,117,69,19,20,21,140,447
132,45,193,117,69,1,7,33,140,447
132,30,20,284,19,11,499,129,105,447
132,45,164,1,21,140,33,46,105,447
132,45,319,17,63,203,417,46,105,447
132,45,19,5,86,231,28,46,105,447
132,45,319,17,63,163,46,33,140,447
132,45,164,1,97,80,46,33,140,447
132,45,164,1,5,15,28,46,105,447
132,30,20,19,5,15,1,21,140,447
132,172,51,48,5,60,33,46,105,447
132,282,9,88,450,161,1,21,140,447
132,45,319,17,6,0,1,21,140,447
132,45,164,1,9,176,33,46,105,447
132,172,51,48,5,86,231,461,105,447
132,45,319,17,6,37,7,33,140,447
132,45,164,1,5,48,7,33,140,447
132,30,229,6,394,263,46,33,140,447
132,30,20,19,24,73,84,21,140,447
132,30,286,5,1,21,52,46,105,447
132,30,229,6,211,237,35,33,140,447
132,45,19,5,86,226,1,21,140,447
132,45,319,17,0,7,1,21,140,447
132,45,164,1,0,7,37,240,105,447
132,30,20,78,1,21,52,46,105,447
132,45,164,1,0,7,33,46,105,447
132,45,109,96,288,35,33,46,105,447
132,45,319,17,0,7,33,46,105,447
132,45,53,38,34,152,1,21,140,447
132,45,164,1,5,60,33,46,105,447
132,45,355,161,227,1,7,33,140,447
132,172,51,48,5,473,33,46,105,447
132,45,53,38,401,23,104,300,105,447
132,45,164,1,3,0,438,21,140,447
132,282,9,88,38,121,33,46,105,447
132,45,164,1,3,8,26,21,140,447
132,45,53,38,401,23,33,46,105,447
132,172,51,5,0,1,7,33,140,447
132,45,164,1,0,23,104,300,105,447
132,45,164,1,0,23,33,46,105,447
132,45,164,1,9,493,48,61,105,447
132,30,20,95,70,415,35,33,140,447
132,45,319,17,0,1,7,33,140,447
132,172,51,5,473,33,170,46,105,447
132,45,319,17,27,23,33,46,105,447
132,45,164,1,9,292,46,33,140,447
132,45,164,1,5,86,231,461,105,447
132,45,164,1,5,86,46,33,140,447
132,45,92,78,20,7,33,46,105,447
132,45,319,17,27,23,104,300,105,447
132,45,319,17,0,23,104,300,105,447
132,45,164,1,100,8,26,21,140,447
132,45,164,1,0,5,270,483,105,447
132,426,100,1,7,37,102,129,105,447
132,45,164,1,431,490,104,300,105,447
132,45,319,17,0,23,33,46,105,447
132,30,16,31,13,23,104,300,105,447
132,45,53,38,165,46,52,21,140,447
132,45,19,5,433,46,52,21,140,447
132,45,164,1,317,8,26,21,140,447
132,45,164,1,5,83,8,267,140,447
132,45,164,1,5,433,46,33,140,447
132,30,20,19,5,433,46,33,140,447
132,172,51,48,5,433,46,33,140,447
132,30,20,464,79,37,7,33,140,447
132,172,51,5,60,195,131,33,140,447
132,45,319,17,64,23,33,46,105,447
132,45,164,1,111,90,28,46,105,447
132,45,164,1,111,385,33,46,105,447
132,45,470,20,21,140,33,46,105,447
132,45,319,17,0,3,8,267,140,447
132,30,146,45,19,5,270,483,105,447
132,30,146,45,19,20,7,33,140,447
132,30,20,19,11,28,15,61,105,447
132,45,319,17,64,23,104,300,105,447
132,45,164,1,22,112,37,240,105,447
132,45,164,1,22,7,37,240,105,447
132,45,164,1,22,7,33,46,105,447
132,30,20,19,390,15,1,21,140,447
132,45,319,17,63,46,52,21,140,447
132,30,146,45,85,244,28,46,105,447
132,45,109,219,21,140,33,46,105,447
132,30,146,45,85,52,46,33,140,447
132,30,20,464,79,55,26,21,140,447
132,30,20,19,11,28,46,33,140,447
132,45,19,5,473,33,170,46,105,447
132,45,319,17,101,28,46,33,140,447
132,45,164,1,44,204,20,21,140,447
132,45,164,1,44,23,104,300,105,447
132,45,164,1,44,23,33,46,105,447
132,45,355,161,5,48,7,33,140,447
132,45,319,17,101,28,15,61,105,447
132,30,146,45,109,96,48,61,105,447
132,30,16,15,5,48,7,33,140,447
132,172,51,48,5,1,7,33,140,447
132,45,19,5,0,1,7,33,140,447
132,45,109,96,48,7,1,21,140,447
132,45,164,1,157,5,433,46,105,447
132,30,20,19,5,48,7,33,140,447
132,45,109,96,48,7,33,46,105,447
132,45,164,1,157,307,33,46,105,447
132,45,319,17,34,38,121,33,140,447
132,30,146,45,164,1,7,33,140,447
132,426,100,1,7,48,102,129,105,447
132,30,20,19,11,3,8,267,140,447
132,30,20,19,11,49,46,33,140,447
132,30,16,15,1,21,52,46,105,447
132,45,319,17,186,131,104,300,105,447
132,45,164,1,93,8,26,21,140,447
132,45,360,37,240,105,46,33,140,447
132,45,11,499,129,102,48,61,105,447
132,30,146,45,166,35,1,21,140,447
132,30,146,45,166,35,33,46,105,447
132,30,488,237,35,110,46,33,140,447
132,45,319,17,186,131,33,46,105,447
132,45,164,1,191,8,26,21,140,447
132,172,51,48,5,86,46,33,140,447
132,45,355,161,1,8,26,21,140,447
132,30,16,15,5,60,33,46,105,447
132,30,146,45,360,37,7,33,140,447
132,30,286,429,48,7,1,21,140,447
132,45,164,1,69,359,480,129,105,447
132,45,164,1,236,357,23,33,140,447
132,45,109,96,48,102,37,240,105,447
132,45,164,1,236,60,33,46,105,447
132,172,51,48,337,23,104,300,105,447
132,30,20,19,5,86,46,33,140,447
132,282,9,482,155,41,23,33,140,447
132,30,146,45,53,38,121,33,140,447
132,30,146,45,470,20,7,33,140,447
132,45,319,17,186,387,28,46,105,447
132,45,355,161,1,15,28,46,105,447
132,45,19,20,7,37,102,129,105,447
132,45,319,17,186,439,33,46,105,447
132,30,146,45,11,28,15,61,105,447
132,30,36,23,0,1,7,33,140,447
132,282,9,316,403,232,23,33,140,447
132,30,146,45,11,28,46,33,140,447
132,45,19,20,7,478,130,46,105,447
132,30,16,15,5,86,231,461,105,447
132,45,19,20,7,48,102,129,105,447
132,426,100,1,7,0,438,21,140,447
132,30,286,429,48,7,33,46,105,447
132,30,146,45,11,49,46,33,140,447
132,172,51,48,5,0,7,33,140,447
132,30,16,15,5,86,46,33,140,447
132,45,109,96,14,3,1,21,140,447
132,30,36,23,40,11,28,46,105,447
132,423,233,2,0,23,33,46,105,447
132,30,20,19,5,86,231,461,105,447
132,426,100,8,1,35,110,46,105,447
132,282,9,32,178,23,104,300,105,447
132,172,51,5,48,381,46,33,140,447
132,30,146,45,11,3,8,267,140,447
132,30,128,31,16,104,23,33,140,447
132,30,128,31,57,65,60,33,140,447
132,30,128,31,57,1,7,33,140,447
132,30,128,31,16,10,8,267,140,447
132,423,233,2,0,1,7,33,140,447
132,172,51,5,48,337,23,33,140,447
132,30,128,31,16,15,1,21,140,447
132,30,16,15,5,433,46,33,140,447
132,30,128,31,72,404,28,46,105,447
132,282,9,316,0,1,7,33,140,447
132,30,128,31,72,20,7,33,140,447
132,45,109,96,48,5,270,483,105,447
132,45,109,96,48,381,46,33,140,447
132,30,410,47,55,79,37,240,105,447
132,30,124,100,260,0,1,21,140,447
132,282,9,32,178,23,33,46,105,447
132,30,124,100,1,21,52,46,105,447
132,30,410,47,55,26,8,267,140,447
132,30,20,497,37,7,1,21,140,447
132,30,128,31,494,16,15,61,105,447
132,30,128,31,74,94,263,46,105,447
132,30,20,497,37,7,33,46,105,447
132,30,128,31,74,20,7,33,140,447
132,30,16,15,5,0,7,33,140,447
132,30,410,47,71,302,48,61,105,447
132,30,410,47,125,182,26,21,140,447
132,282,9,32,11,28,15,61,105,447
132,30,16,15,5,473,33,46,105,447
132,30,410,47,125,26,8,267,140,447
132,45,11,19,20,497,37,240,105,447
132,30,16,15,1,487,37,240,105,447
132,30,16,15,1,35,110,46,105,447
132,282,9,32,11,28,46,33,140,447
132,45,11,19,20,7,1,21,140,447
132,30,16,15,1,226,86,46,105,447
132,30,16,15,1,35,33,46,105,447
132,45,11,19,20,7,33,46,105,447
132,45,11,19,20,7,37,240,105,447
132,30,16,15,1,236,60,33,140,447
132,45,164,1,35,110,46,33,140,447
132,30,20,19,5,473,33,46,105,447
132,45,11,19,20,7,48,61,105,447
132,30,16,15,1,78,20,21,140,447
132,423,233,2,0,23,104,300,105,447
132,282,9,32,11,3,8,267,140,447
132,30,20,497,37,102,48,61,105,447
132,30,16,15,1,431,190,33,140,447
132,45,164,1,35,33,170,46,105,447
132,282,9,32,11,5,270,483,105,447
132,282,9,32,11,3,1,21,140,447
132,30,16,15,1,441,131,33,140,447
132,30,410,47,3,0,1,21,140,447
132,282,9,32,11,19,20,21,140,447
132,282,9,32,11,5,1,21,140,447
132,30,16,15,1,5,48,61,105,447
132,30,410,47,3,6,37,240,105,447
132,30,410,47,3,0,7,33,140,447
132,282,9,32,11,40,23,33,140,447
132,282,9,32,11,5,15,61,105,447
132,30,16,15,1,97,80,46,105,447
132,30,16,15,1,5,60,33,140,447
132,30,410,47,3,9,270,483,105,447
132,30,410,47,3,0,23,33,140,447
132,282,9,32,11,259,37,240,105,447
132,282,9,32,11,40,153,33,140,447
132,282,9,32,11,5,48,61,105,447
132,30,16,15,1,9,176,33,140,447
132,30,16,15,1,5,86,46,105,447
132,30,410,47,3,11,499,129,105,447
132,30,410,47,3,9,1,21,140,447
132,30,410,47,3,0,438,21,140,447
132,282,9,32,11,332,104,300,105,447
132,282,9,32,11,5,60,33,140,447
132,30,16,15,1,0,7,33,140,447
132,30,16,15,1,9,270,483,105,447
132,30,16,15,1,5,270,483,105,447
132,30,410,47,3,13,23,33,140,447
132,30,410,47,3,11,28,46,105,447
132,30,410,47,3,9,176,33,140,447
132,282,9,32,11,440,28,46,105,447
132,282,9,32,11,5,86,46,105,447
132,30,16,15,1,3,8,267,140,447
132,30,16,15,1,0,23,33,140,447
132,30,16,15,1,9,292,46,105,447
132,30,16,15,1,5,433,46,105,447
132,30,410,47,3,59,28,46,105,447
132,30,410,47,3,11,49,46,105,447
132,30,410,47,3,9,292,46,105,447
132,282,9,32,11,475,1,21,140,447
132,282,9,32,11,5,433,46,105,447
132,30,16,15,1,100,8,267,140,447
132,30,16,15,1,0,438,21,140,447
132,30,16,15,1,5,473,33,140,447
132,30,410,47,3,98,28,46,105,447
132,30,410,47,3,11,118,21,140,447
132,282,9,32,11,5,473,33,140,447
132,30,16,15,1,317,8,267,140,447
132,30,410,47,3,133,8,267,140,447
132,30,410,47,3,1,7,33,140,447
132,30,20,497,37,345,292,46,105,447
132,30,16,15,1,111,385,33,140,447
132,30,410,47,3,287,1,21,140,447
132,30,410,47,3,1,8,267,140,447
132,30,20,497,37,70,393,129,105,447
132,30,16,15,1,22,7,33,140,447
132,30,410,47,3,290,60,33,140,447
132,30,410,47,3,1,15,61,105,447
132,30,20,497,37,487,1,21,140,447
132,30,20,497,37,70,26,21,140,447
132,30,16,15,1,44,23,33,140,447
132,30,410,47,3,392,1,21,140,447
132,30,410,47,3,1,35,33,140,447
132,30,20,497,37,200,7,33,140,447
132,30,16,15,1,157,307,33,140,447
132,30,410,47,3,498,28,46,105,447
132,30,229,6,37,70,393,129,105,447
132,30,20,497,37,112,446,46,105,447
132,30,16,15,1,93,8,267,140,447
132,45,168,13,31,16,104,300,105,447
132,30,229,6,37,345,292,46,105,447
132,30,229,6,37,70,26,21,140,447
132,30,16,15,1,191,8,267,140,447
132,45,168,13,31,57,1,21,140,447
132,45,168,13,31,16,15,61,105,447
132,30,229,6,37,497,20,21,140,447
132,45,11,475,1,15,28,46,105,447
132,45,168,13,31,72,20,21,140,447
132,282,9,493,48,102,37,240,105,447
132,30,229,6,37,112,446,46,105,447
132,45,168,13,31,80,46,33,140,447
132,45,168,13,31,74,20,21,140,447
132,45,168,13,5,1,7,33,140,447
132,30,229,6,37,487,1,21,140,447
132,423,233,71,302,48,7,33,140,447
132,30,286,5,60,195,131,33,140,447
132,45,168,13,5,1,8,267,140,447
132,30,229,6,37,200,7,33,140,447
132,423,233,71,302,48,102,129,105,447
132,30,286,5,60,236,1,21,140,447
132,45,168,13,5,1,15,61,105,447
132,30,229,6,37,102,48,61,105,447
132,423,233,71,302,48,122,21,140,447
132,45,168,13,67,28,15,61,105,447
132,45,168,13,5,1,35,33,140,447
132,45,168,13,67,28,46,33,140,447
132,423,233,71,302,48,381,46,105,447
132,45,168,13,67,28,231,461,105,447
132,30,20,19,5,0,1,21,140,447
132,30,36,23,44,1,7,33,140,447
132,30,16,10,8,87,63,46,105,447
132,45,168,13,5,15,1,21,140,447
132,30,20,19,5,11,499,129,105,447
132,30,20,19,5,0,7,33,140,447
132,30,36,23,44,1,8,267,140,447
132,30,16,10,8,243,408,21,140,447
132,45,168,13,5,15,28,46,105,447
132,30,20,19,5,13,23,33,140,447
132,30,20,19,5,11,28,46,105,447
132,30,20,19,5,0,23,33,140,447
132,30,36,23,44,1,15,61,105,447
132,30,16,10,8,3,1,21,140,447
132,30,20,19,5,51,130,46,105,447
132,30,20,19,5,11,49,46,105,447
132,30,20,19,5,0,438,21,140,447
132,30,36,23,44,1,35,33,140,447
132,30,16,10,8,93,1,21,140,447
132,30,20,19,5,157,307,33,140,447
132,30,20,19,5,51,48,61,105,447
132,30,20,19,5,11,118,21,140,447
132,30,16,10,8,100,1,21,140,447
132,30,20,19,5,83,8,267,140,447
132,30,20,19,5,157,1,21,140,447
132,45,168,13,119,112,446,46,105,447
132,30,16,10,8,317,1,21,140,447
132,30,20,19,5,127,1,21,140,447
132,426,100,8,1,15,28,46,105,447
132,45,168,13,177,51,48,61,105,447
132,45,168,13,119,277,37,240,105,447
132,45,168,13,119,112,37,240,105,447
132,30,16,10,8,191,1,21,140,447
132,30,20,19,5,161,1,21,140,447
132,45,168,13,253,157,1,21,140,447
132,45,168,13,177,51,130,46,105,447
132,45,168,13,320,26,8,267,140,447
132,30,20,19,5,188,1,21,140,447
132,45,168,13,224,114,7,33,140,447
132,45,168,13,253,157,307,33,140,447
132,45,168,13,5,48,7,33,140,447
132,30,20,19,5,442,353,240,105,447
132,45,168,13,305,203,63,46,105,447
132,30,36,23,0,7,33,46,105,447
132,45,168,13,5,48,102,129,105,447
132,426,100,8,1,21,52,46,105,447
132,45,168,13,305,203,417,46,105,447
132,45,193,117,80,46,52,21,140,447
132,45,168,13,5,48,122,21,140,447
132,282,9,176,33,46,52,21,140,447
132,45,11,19,69,359,480,129,105,447
132,45,193,117,80,46,170,33,140,447
132,45,168,13,5,48,381,46,105,447
132,30,36,23,0,7,1,21,140,447
132,45,11,19,69,117,80,46,105,447
132,45,11,19,69,1,7,33,140,447
132,45,168,13,5,60,33,46,105,447
132,172,51,5,48,102,37,240,105,447
132,30,36,23,0,7,20,21,140,447
132,45,11,19,69,232,23,33,140,447
132,45,11,19,69,1,8,267,140,447
132,45,355,161,5,0,1,21,140,447
132,30,36,23,150,104,131,33,140,447
132,30,36,23,0,7,37,240,105,447
132,45,11,19,69,114,7,33,140,447
132,45,11,19,69,1,15,61,105,447
132,45,355,161,5,11,499,129,105,447
132,45,355,161,5,0,7,33,140,447
132,30,36,23,0,7,48,61,105,447
132,45,11,19,69,275,63,46,105,447
132,45,11,19,69,1,35,33,140,447
132,45,355,161,5,13,23,33,140,447
132,45,355,161,5,11,28,46,105,447
132,45,355,161,5,0,23,33,140,447
132,30,36,23,44,204,20,21,140,447
132,45,92,78,20,497,37,240,105,447
132,45,355,161,5,19,20,21,140,447
132,45,355,161,5,11,49,46,105,447
132,45,355,161,5,0,438,21,140,447
132,282,9,38,68,37,7,33,140,447
132,45,168,13,5,86,231,461,105,447
132,45,355,161,5,51,130,46,105,447
132,45,355,161,5,11,118,21,140,447
132,45,168,13,5,86,46,33,140,447
132,282,9,38,68,37,102,129,105,447
132,45,168,311,11,3,8,267,140,447
132,45,355,161,5,83,8,267,140,447
132,45,355,161,5,51,48,61,105,447
132,45,355,161,1,487,37,240,105,447
132,45,11,19,5,1,7,33,140,447
132,45,168,311,11,5,270,483,105,447
132,45,168,311,11,3,1,21,140,447
132,45,355,161,5,127,1,21,140,447
132,45,355,161,1,226,86,46,105,447
132,45,11,19,5,1,8,267,140,447
132,45,168,311,11,19,20,21,140,447
132,45,168,311,11,5,1,21,140,447
132,45,355,161,5,157,1,21,140,447
132,45,355,161,1,78,20,21,140,447
132,45,11,19,5,1,15,61,105,447
132,45,168,311,11,40,23,33,140,447
132,45,168,311,11,5,15,61,105,447
132,45,355,161,5,188,1,21,140,447
132,45,355,161,5,157,307,33,140,447
132,45,355,161,1,431,190,33,140,447
132,45,11,19,5,1,35,33,140,447
132,45,168,311,11,259,37,240,105,447
132,45,168,311,11,40,153,33,140,447
132,45,168,311,11,5,48,61,105,447
132,45,355,161,5,442,353,240,105,447
132,45,355,161,1,441,131,33,140,447
132,45,168,311,11,332,104,300,105,447
132,30,488,237,35,1,7,33,140,447
132,45,168,311,11,5,60,33,140,447
132,45,168,13,5,433,46,33,140,447
132,45,355,161,1,5,473,33,140,447
132,45,168,311,11,440,28,46,105,447
132,30,488,237,35,1,8,267,140,447
132,45,168,311,11,5,86,46,105,447
132,30,36,23,0,3,8,267,140,447
132,45,355,161,1,97,80,46,105,447
132,45,355,161,1,5,15,61,105,447
132,45,168,311,11,475,1,21,140,447
132,30,488,237,35,1,15,61,105,447
132,45,168,311,11,5,433,46,105,447
132,30,36,23,0,5,270,483,105,447
132,30,36,23,0,3,1,21,140,447
132,45,355,161,1,9,176,33,140,447
132,45,355,161,1,5,48,61,105,447
132,45,168,311,11,5,473,33,140,447
132,30,36,23,0,94,263,46,105,447
132,30,36,23,0,5,1,21,140,447
132,45,355,161,1,0,7,33,140,447
132,45,355,161,1,9,270,483,105,447
132,45,355,161,1,5,60,33,140,447
132,30,36,23,0,99,80,46,105,447
132,30,36,23,0,5,15,61,105,447
132,45,355,161,1,3,8,267,140,447
132,45,355,161,1,0,23,33,140,447
132,45,355,161,1,9,292,46,105,447
132,45,355,161,1,5,86,46,105,447
132,30,36,23,0,148,8,267,140,447
132,30,36,23,0,5,48,61,105,447
132,45,168,13,5,0,1,21,140,447
132,45,355,161,1,100,8,267,140,447
132,45,355,161,1,0,438,21,140,447
132,45,355,161,1,5,270,483,105,447
132,30,36,23,0,6,37,240,105,447
132,30,36,23,0,5,60,33,140,447
132,45,168,13,5,11,499,129,105,447
132,45,168,13,5,0,7,33,140,447
132,45,355,161,1,317,8,267,140,447
132,45,355,161,1,5,433,46,105,447
132,30,36,23,0,17,63,46,105,447
132,30,36,23,0,5,86,46,105,447
132,45,168,13,5,19,20,21,140,447
132,45,168,13,5,11,28,46,105,447
132,45,168,13,5,0,23,33,140,447
132,45,355,161,1,111,385,33,140,447
132,45,168,13,5,473,33,46,105,447
132,30,36,23,0,5,433,46,105,447
132,45,168,13,5,51,130,46,105,447
132,45,168,13,5,11,49,46,105,447
132,45,168,13,5,0,438,21,140,447
132,45,355,161,1,22,7,33,140,447
132,45,85,52,21,1,7,33,140,447
132,30,36,23,0,5,473,33,140,447
132,45,168,13,5,157,307,33,140,447
132,45,168,13,5,51,48,61,105,447
132,45,168,13,5,11,118,21,140,447
132,45,355,161,1,44,23,33,140,447
132,45,85,52,21,26,8,267,140,447
132,45,85,52,21,1,8,267,140,447
132,45,168,13,5,83,8,267,140,447
132,45,168,13,5,157,1,21,140,447
132,45,11,19,284,20,7,33,140,447
132,45,355,161,1,157,307,33,140,447
132,45,85,52,21,20,7,33,140,447
132,45,85,52,21,1,15,61,105,447
132,45,168,13,5,127,1,21,140,447
132,45,11,19,5,15,1,21,140,447
132,45,19,69,117,80,46,33,140,447
132,45,355,161,1,93,8,267,140,447
132,45,85,52,21,122,48,61,105,447
132,45,85,52,21,1,35,33,140,447
132,30,36,23,144,28,46,33,140,447
132,30,36,23,144,299,37,240,105,447
132,45,168,13,5,161,1,21,140,447
132,45,11,19,5,15,28,46,105,447
132,423,233,2,62,7,33,46,105,447
132,45,355,161,1,191,8,267,140,447
132,282,9,3,8,1,7,33,140,447
132,45,11,19,24,0,7,33,140,447
132,45,11,19,390,424,23,33,140,447
132,30,36,23,144,489,163,46,105,447
132,45,168,13,5,188,1,21,140,447
132,45,19,69,232,23,104,300,105,447
132,45,11,19,390,15,1,21,140,447
132,45,19,69,232,23,33,46,105,447
132,282,9,3,8,191,1,21,140,447
132,45,355,161,1,236,60,33,140,447
132,282,9,3,8,1,15,61,105,447
132,45,11,19,25,3,8,267,140,447
132,45,11,19,24,73,84,21,140,447
132,45,11,19,24,0,1,21,140,447
132,423,233,2,10,16,104,300,105,447
132,30,156,35,340,391,8,267,140,447
132,45,168,13,5,442,353,240,105,447
132,30,286,5,1,7,37,240,105,447
132,45,11,19,390,15,28,46,105,447
132,30,286,5,48,381,46,33,140,447
132,45,11,19,5,48,7,33,140,447
132,45,19,69,114,7,1,21,140,447
132,45,19,69,114,7,33,46,105,447
132,282,9,3,8,87,63,46,105,447
132,30,36,23,144,28,15,61,105,447
132,30,286,5,1,7,33,46,105,447
132,30,229,6,225,26,8,267,140,447
132,45,164,1,15,5,270,483,105,447
132,423,233,2,62,7,1,21,140,447
132,282,9,1,7,37,102,129,105,447
132,45,11,3,0,1,7,33,140,447
132,282,9,3,8,1,35,33,140,447
132,45,19,69,255,11,49,46,105,447
132,45,11,19,54,30,20,21,140,447
132,45,19,69,275,63,163,46,105,447
132,45,11,19,25,3,1,21,140,447
132,30,430,38,165,46,52,21,140,447
132,30,156,35,110,248,28,46,105,447
132,45,11,19,24,261,84,21,140,447
132,45,19,69,275,63,46,33,140,447
132,45,11,3,6,0,1,21,140,447
132,45,11,19,24,0,23,33,140,447
132,45,11,3,6,37,7,33,140,447
132,30,20,19,5,60,33,46,105,447
132,45,355,161,1,35,110,46,105,447
132,45,11,19,5,60,33,46,105,447
132,423,233,2,10,120,35,33,140,447
132,423,233,2,10,16,15,61,105,447
132,30,156,35,77,228,8,267,140,447
132,45,11,3,0,7,1,21,140,447
132,45,11,3,0,7,33,46,105,447
132,30,286,5,48,51,130,46,105,447
132,45,355,161,5,86,46,33,140,447
132,30,142,125,26,8,1,21,140,447
132,30,142,125,26,70,37,240,105,447
132,30,286,5,1,7,20,21,140,447
132,45,11,49,46,28,231,461,105,447
132,30,229,6,211,121,33,46,105,447
132,172,215,28,41,106,63,46,105,447
132,282,9,270,5,433,46,33,140,447
132,45,11,3,0,23,33,46,105,447
132,45,11,19,5,48,102,129,105,447
132,45,11,3,0,23,104,300,105,447
132,45,19,69,114,7,20,21,140,447
132,45,355,161,5,86,231,461,105,447
132,45,11,19,5,86,231,461,105,447
132,45,11,3,133,8,1,21,140,447
132,282,9,3,8,243,408,21,140,447
132,45,11,19,5,86,46,33,140,447
132,45,11,3,9,1,7,33,140,447
132,30,36,23,144,28,231,461,105,447
132,30,36,23,337,48,7,33,140,447
132,45,355,161,1,35,33,46,105,447
132,282,9,1,7,0,438,21,140,447
132,45,11,3,0,5,15,61,105,447
132,30,16,15,28,46,170,33,140,447
132,282,9,1,7,48,102,129,105,447
132,45,164,1,15,158,190,33,140,447
132,45,164,1,15,5,48,61,105,447
132,172,215,28,41,23,104,300,105,447
132,45,11,3,59,28,15,61,105,447
132,423,233,2,62,7,20,21,140,447
132,45,11,3,59,28,46,33,140,447
132,30,286,5,270,9,1,21,140,447
132,45,11,3,0,1,8,267,140,447
132,282,9,38,165,46,52,21,140,447
132,45,109,169,1,487,37,240,105,447
132,45,109,169,1,35,110,46,105,447
132,45,109,169,1,35,33,46,105,447
132,45,19,69,365,310,20,21,140,447
132,45,19,69,255,11,28,46,105,447
132,45,11,19,76,17,63,46,105,447
132,30,430,38,165,46,170,33,140,447
132,45,11,19,24,272,7,33,140,447
132,45,11,3,6,211,121,33,140,447
132,45,11,3,6,0,7,33,140,447
132,45,11,19,24,0,438,21,140,447
132,45,11,3,6,37,102,129,105,447
132,423,233,2,10,356,28,46,105,447
132,30,156,35,120,10,8,267,140,447
132,30,156,35,77,9,270,483,105,447
132,45,11,3,0,7,20,21,140,447
132,30,286,5,48,337,23,33,140,447
132,30,194,138,22,112,446,46,105,447
132,45,11,3,281,38,121,33,140,447
132,30,142,125,26,70,393,129,105,447
132,30,286,5,1,7,48,61,105,447
132,45,11,49,46,110,35,33,140,447
132,45,11,49,46,28,15,61,105,447
132,30,194,138,22,7,1,21,140,447
132,30,194,138,22,7,33,46,105,447
132,45,85,456,302,48,7,33,140,447
132,45,11,19,5,48,122,21,140,447
132,45,85,354,16,10,8,267,140,447
132,45,19,69,114,7,37,240,105,447
132,45,85,354,16,15,1,21,140,447
132,30,36,23,265,7,1,21,140,447
132,172,215,28,144,23,33,46,105,447
132,45,85,283,222,6,37,240,105,447
132,45,85,283,407,28,15,61,105,447
132,45,11,3,133,8,26,21,140,447
132,282,9,3,8,317,1,21,140,447
132,45,379,2,10,8,1,21,140,447
132,45,85,283,407,28,46,33,140,447
132,172,51,5,83,220,1,21,140,447
132,45,11,3,9,1,8,267,140,447
132,172,51,5,83,8,1,21,140,447
132,426,100,1,7,33,170,46,105,447
132,282,9,1,21,140,33,46,105,447
132,30,36,23,337,48,102,129,105,447
132,45,85,399,471,1,7,33,140,447
132,282,9,1,7,478,130,46,105,447
132,282,9,1,7,0,23,33,140,447
132,45,11,475,1,487,37,240,105,447
132,172,51,5,127,1,7,33,140,447
132,45,11,3,0,94,263,46,105,447
132,45,11,3,0,5,1,21,140,447
132,45,360,37,112,446,46,33,140,447
132,30,16,15,28,46,52,21,140,447
132,45,379,2,0,7,1,21,140,447
132,282,9,1,7,48,122,21,140,447
132,423,233,2,0,3,8,267,140,447
132,45,11,475,1,35,33,46,105,447
132,172,215,28,248,110,46,33,140,447
132,45,212,495,493,9,270,483,105,447
132,45,19,69,1,7,37,240,105,447
132,45,164,1,15,16,104,300,105,447
132,45,19,69,1,7,33,46,105,447
132,172,51,5,161,227,1,21,140,447
132,45,164,1,15,5,60,33,140,447
132,45,212,495,493,48,7,33,140,447
132,45,11,3,59,28,231,461,105,447
132,172,51,5,161,1,7,33,140,447
132,423,233,2,62,7,37,240,105,447
132,45,19,69,1,8,26,21,140,447
132,172,215,28,248,110,35,33,140,447
132,45,396,25,221,186,131,33,140,447
132,30,286,5,270,9,176,33,140,447
132,172,51,5,188,1,7,33,140,447
132,45,11,3,0,1,15,61,105,447
132,282,9,38,165,46,170,33,140,447
132,45,379,2,0,7,33,46,105,447
132,45,396,25,19,5,270,483,105,447
132,45,19,69,1,15,28,46,105,447
132,45,109,169,1,226,86,46,105,447
132,172,51,5,491,310,20,21,140,447
132,30,36,23,424,390,15,61,105,447
132,172,51,5,0,7,33,46,105,447
132,45,396,25,19,20,7,33,140,447
132,45,19,69,1,487,37,240,105,447
132,45,19,69,255,11,118,21,140,447
132,45,19,69,1,35,110,46,105,447
132,45,396,25,3,0,1,21,140,447
132,45,19,69,1,35,33,46,105,447
132,45,11,19,294,51,48,61,105,447
132,172,51,5,157,174,48,61,105,447
132,45,396,25,3,1,7,33,140,447
132,172,51,5,157,1,7,33,140,447
132,426,100,8,26,70,37,240,105,447
132,172,51,5,0,7,1,21,140,447
132,30,16,15,28,11,499,129,105,447
132,45,19,11,28,15,1,21,140,447
132,45,11,3,6,225,26,21,140,447
132,30,16,10,2,62,353,240,105,447
132,45,11,3,6,0,23,33,140,447
132,30,16,15,28,231,86,46,105,447
132,45,189,12,39,28,15,61,105,447
132,30,16,10,356,28,15,61,105,447
132,30,16,10,356,28,46,33,140,447
132,45,189,12,39,28,46,33,140,447
132,45,19,11,28,481,52,46,105,447
132,45,19,11,28,231,86,46,105,447
132,426,100,8,1,487,37,240,105,447
132,30,36,23,41,106,63,46,105,447
132,172,51,48,493,9,270,483,105,447
132,45,379,2,12,115,20,21,140,447
132,172,376,32,145,389,26,21,140,447
132,30,156,35,415,70,26,21,140,447
132,172,376,32,145,28,15,61,105,447
132,30,156,35,120,10,89,21,140,447
132,172,376,32,145,28,46,33,140,447
132,30,156,35,77,9,1,21,140,447
132,30,124,143,223,88,218,46,105,447
132,172,376,32,11,28,15,61,105,447
132,45,11,3,0,7,37,240,105,447
132,45,189,12,5,1,7,33,140,447
132,172,376,32,11,28,46,33,140,447
132,423,233,234,20,7,1,21,140,447
132,30,124,143,0,1,7,33,140,447
132,172,376,32,178,23,104,300,105,447
132,30,194,138,22,112,37,240,105,447
132,172,376,32,178,23,33,46,105,447
132,45,11,3,327,22,1,21,140,447
132,45,11,3,281,38,141,46,105,447
132,45,379,2,29,26,8,267,140,447
132,172,376,32,11,49,46,33,140,447
132,45,379,2,10,16,104,300,105,447
132,172,376,32,197,38,121,33,140,447
132,172,376,32,247,48,7,33,140,447
132,172,376,32,11,3,8,267,140,447
132,45,11,49,46,86,231,461,105,447
132,30,36,23,41,28,46,33,140,447
132,30,20,202,173,6,37,240,105,447
132,45,360,37,102,48,7,33,140,447
132,30,194,138,22,7,20,21,140,447
132,45,379,2,0,23,104,300,105,447
132,45,19,11,28,46,170,33,140,447
132,45,85,456,302,48,102,129,105,447
132,45,11,19,5,48,381,46,105,447
132,45,379,2,0,23,33,46,105,447
132,172,51,130,46,28,231,461,105,447
132,45,85,354,16,30,20,21,140,447
132,45,85,354,16,10,89,21,140,447
132,423,233,234,20,7,33,46,105,447
132,45,11,19,5,473,33,46,105,447
132,45,85,244,28,11,499,129,105,447
132,45,19,69,114,7,48,61,105,447
132,45,85,244,28,231,86,46,105,447
132,426,100,8,267,140,33,46,105,447
132,45,109,437,194,30,20,21,140,447
132,45,85,354,16,15,28,46,105,447
132,30,36,23,265,7,20,21,140,447
132,30,36,23,41,28,15,61,105,447
132,426,100,8,26,21,52,46,105,447
132,172,376,32,9,176,33,46,105,447
132,45,19,5,15,1,7,33,140,447
132,45,85,283,422,114,7,33,140,447
132,45,85,283,222,95,20,21,140,447
132,45,92,78,20,7,1,21,140,447
132,45,355,161,264,136,28,46,105,447
132,282,9,493,48,381,46,33,140,447
132,45,189,12,90,28,46,33,140,447
132,172,376,32,9,3,8,267,140,447
132,45,19,5,15,16,104,300,105,447
132,45,85,283,407,28,231,461,105,447
132,282,9,3,8,93,1,21,140,447
132,172,376,32,9,292,46,33,140,447
132,45,19,5,15,28,46,33,140,447
132,45,379,2,10,8,26,21,140,447
132,45,19,5,15,28,231,461,105,447
132,45,212,24,19,5,270,483,105,447
132,426,100,8,93,1,7,33,140,447
132,45,11,3,9,1,15,61,105,447
132,172,51,5,83,8,26,21,140,447
132,172,376,32,382,1,7,33,140,447
132,45,11,5,48,381,46,33,140,447
132,45,11,5,48,51,130,46,105,447
132,30,36,23,337,48,122,21,140,447
132,45,85,399,471,1,8,267,140,447
132,172,215,28,498,3,8,267,140,447
132,45,189,12,5,15,1,21,140,447
132,426,100,8,317,1,7,33,140,447
132,282,9,1,7,62,353,240,105,447
132,282,9,38,121,33,170,46,105,447
132,45,379,2,0,3,8,267,140,447
132,426,100,8,191,1,7,33,140,447
132,45,11,475,1,226,86,46,105,447
132,172,51,5,127,1,8,267,140,447
132,426,100,8,83,5,86,46,105,447
132,45,11,3,0,148,8,267,140,447
132,282,9,493,48,5,270,483,105,447
132,45,11,475,1,35,110,46,105,447
132,45,11,3,1,7,33,46,105,447
132,45,11,3,0,5,48,61,105,447
132,45,109,361,11,28,15,61,105,447
132,45,11,3,1,7,37,240,105,447
132,45,355,161,5,1,7,33,140,447
132,282,9,3,0,1,7,33,140,447
132,45,379,2,0,7,20,21,140,447
132,45,151,42,4,159,37,240,105,447
132,45,151,42,6,0,1,21,140,447
132,282,9,1,7,48,381,46,105,447
132,45,11,3,1,8,26,21,140,447
132,45,11,3,9,292,46,33,140,447
132,45,166,208,12,5,270,483,105,447
132,172,215,28,11,5,15,61,105,447
132,45,251,24,19,5,270,483,105,447
132,282,9,3,6,0,1,21,140,447
132,423,233,2,0,5,270,483,105,447
132,423,233,2,0,3,1,21,140,447
132,282,9,3,6,37,7,33,140,447
132,45,212,495,493,9,1,21,140,447
132,30,16,47,55,26,8,267,140,447
132,282,9,3,0,7,1,21,140,447
132,45,19,69,1,7,20,21,140,447
132,45,151,42,6,37,7,33,140,447
132,45,164,1,15,349,52,21,140,447
132,282,9,3,0,7,33,46,105,447
132,172,215,28,144,23,104,300,105,447
132,172,215,28,11,49,46,33,140,447
132,45,11,3,1,15,28,46,105,447
132,30,16,47,55,79,37,240,105,447
132,45,164,1,15,5,86,46,105,447
132,45,251,24,19,20,7,33,140,447
132,45,212,495,493,48,102,129,105,447
132,30,36,23,265,7,33,46,105,447
132,45,92,78,1,21,52,46,105,447
132,45,251,24,0,1,7,33,140,447
132,282,9,3,0,23,104,300,105,447
132,172,51,5,161,1,8,267,140,447
132,282,9,3,0,23,33,46,105,447
132,423,233,2,62,7,48,61,105,447
132,45,11,3,9,493,48,61,105,447
132,45,11,3,9,176,33,46,105,447
132,45,212,24,19,20,7,33,140,447
132,45,11,3,1,35,110,46,105,447
132,45,11,3,1,487,37,240,105,447
132,45,11,3,1,35,33,46,105,447
132,45,396,25,338,120,35,33,140,447
132,45,109,361,11,28,46,33,140,447
132,282,9,3,287,1,7,33,140,447
132,45,396,25,221,186,439,33,140,447
132,172,51,48,122,413,455,129,105,447
132,30,286,5,270,9,292,46,105,447
132,45,212,24,0,1,7,33,140,447
132,172,51,5,188,1,8,267,140,447
132,45,11,3,98,28,46,33,140,447
132,172,51,48,122,21,52,46,105,447
132,282,9,3,11,28,15,61,105,447
132,282,9,3,11,28,46,33,140,447
132,45,11,3,0,1,35,33,140,447
132,282,9,3,0,148,8,267,140,447
132,30,16,31,80,395,163,46,105,447
132,30,124,100,8,1,7,33,140,447
132,45,189,12,107,7,1,21,140,447
132,45,396,25,19,11,499,129,105,447
132,45,396,25,19,5,1,21,140,447
132,45,360,467,137,333,48,61,105,447
132,282,9,3,133,8,1,21,140,447
132,45,189,12,107,7,33,46,105,447
132,45,109,169,1,78,20,21,140,447
132,45,164,1,15,28,46,33,140,447
132,30,20,95,296,1,7,33,140,447
132,282,9,493,48,7,33,46,105,447
132,45,343,335,237,35,1,21,140,447
132,282,9,3,11,49,46,33,140,447
132,172,51,5,18,453,28,46,105,447
132,282,9,3,59,28,15,61,105,447
132,30,36,23,27,17,63,46,105,447
132,30,36,23,424,459,7,33,140,447
132,45,343,335,237,211,121,33,140,447
132,282,9,3,11,5,60,33,140,447
132,282,9,3,59,28,46,33,140,447
132,45,11,3,98,28,15,61,105,447
132,282,9,3,498,28,15,61,105,447
132,282,9,3,498,28,46,33,140,447
132,45,19,69,1,226,86,46,105,447
132,45,19,69,255,11,499,129,105,447
132,30,286,429,48,5,270,483,105,447
132,30,286,429,48,381,46,33,140,447
132,45,189,12,90,28,15,61,105,447
132,282,9,3,98,28,15,61,105,447
132,45,396,25,3,6,37,240,105,447
132,45,396,25,3,0,7,33,140,447
132,45,343,335,237,35,33,46,105,447
132,282,9,3,98,28,46,33,140,447
132,45,11,19,313,17,63,46,105,447
132,45,11,19,294,51,130,46,105,447
132,282,9,1,8,10,89,21,140,447
132,282,9,493,48,7,1,21,140,447
132,30,286,5,48,7,1,21,140,447
132,45,11,28,144,23,104,300,105,447
132,172,51,5,157,310,20,21,140,447
132,45,11,28,144,299,37,240,105,447
132,45,396,25,3,1,8,267,140,447
132,45,11,28,144,23,33,46,105,447
132,45,343,335,334,10,8,267,140,447
132,282,9,3,290,60,33,46,105,447
132,172,51,5,157,1,8,267,140,447
132,45,251,24,73,134,1,21,140,447
132,426,100,8,26,70,393,129,105,447
132,172,51,5,0,7,20,21,140,447
132,172,215,28,481,52,46,33,140,447
132,45,19,5,0,7,33,46,105,447
132,45,11,28,248,110,35,33,140,447
132,45,11,28,248,110,46,33,140,447
132,30,16,15,28,481,52,46,105,447
132,30,16,15,28,11,49,46,105,447
132,45,251,24,0,7,1,21,140,447
132,45,251,24,0,7,33,46,105,447
132,282,9,3,13,320,26,21,140,447
132,30,286,5,48,7,33,46,105,447
132,282,9,3,13,23,104,300,105,447
132,45,11,3,6,17,63,46,105,447
132,282,9,3,13,23,33,46,105,447
132,45,212,24,73,134,1,21,140,447
132,45,11,28,498,3,8,267,140,447
132,30,16,10,91,22,1,21,140,447
132,30,16,10,2,0,1,21,140,447
132,30,16,10,2,62,7,33,140,447
132,30,16,15,390,19,20,21,140,447
132,30,229,6,18,5,48,61,105,447
132,30,16,183,28,15,1,21,140,447
132,282,9,3,281,38,121,33,140,447
132,45,11,3,6,0,438,21,140,447
132,282,9,3,392,1,7,33,140,447
132,45,189,12,39,28,231,461,105,447
132,45,212,24,0,7,1,21,140,447
132,426,100,1,226,86,231,461,105,447
132,30,16,10,356,28,231,461,105,447
132,426,100,1,226,86,46,33,140,447
132,30,128,243,8,10,89,21,140,447
132,30,20,95,70,37,7,33,140,447
132,45,212,24,0,7,33,46,105,447
132,45,19,11,28,41,23,33,140,447
132,45,19,11,28,481,52,21,140,447
132,45,189,12,2,62,353,240,105,447
132,426,100,8,1,226,86,46,105,447
132,45,189,12,90,111,1,21,140,447
132,426,100,1,78,20,7,33,140,447
132,172,51,48,96,109,219,21,140,447
132,45,189,12,115,20,7,33,140,447
132,172,51,48,493,9,1,21,140,447
132,282,9,3,1,7,37,240,105,447
132,45,379,2,14,96,48,61,105,447
132,45,109,361,11,3,8,267,140,447
132,172,51,5,86,226,1,21,140,447
132,45,19,5,0,7,1,21,140,447
132,282,9,3,1,7,33,46,105,447
132,45,379,2,12,5,270,483,105,447
132,426,100,1,431,490,104,300,105,447
132,30,156,35,369,256,7,33,140,447
132,30,156,35,415,70,37,240,105,447
132,45,355,161,1,7,37,240,105,447
132,30,410,47,16,15,1,21,140,447
132,426,100,1,431,190,33,46,105,447
132,172,376,32,145,28,231,461,105,447
132,45,189,12,5,48,7,33,140,447
132,282,9,3,1,8,26,21,140,447
132,45,189,12,5,60,33,46,105,447
132,45,19,5,1,7,33,46,105,447
132,45,251,24,0,3,8,267,140,447
132,426,100,1,441,131,33,46,105,447
132,30,156,35,77,9,176,33,140,447
132,426,100,1,441,131,104,300,105,447
132,30,124,143,274,44,1,21,140,447
132,282,9,3,1,15,28,46,105,447
132,172,376,32,11,28,231,461,105,447
132,172,51,5,86,231,28,46,105,447
132,45,251,24,0,23,104,300,105,447
132,45,11,3,0,7,48,61,105,447
132,45,19,5,1,7,37,240,105,447
132,45,189,12,5,1,8,267,140,447
132,426,100,1,5,473,33,46,105,447
132,30,16,10,89,21,52,46,105,447
132,30,54,19,11,28,15,61,105,447
132,282,9,3,1,35,33,46,105,447
132,45,251,24,0,23,33,46,105,447
132,426,100,1,97,80,46,33,140,447
132,423,233,234,20,7,37,240,105,447
132,30,124,143,0,1,8,267,140,447
132,45,11,3,346,248,110,46,105,447
132,423,233,2,29,26,8,267,140,447
132,45,19,20,21,140,33,46,105,447
132,45,11,3,327,22,7,33,140,447
132,45,212,24,0,23,104,300,105,447
132,45,11,3,281,38,165,46,105,447
132,426,100,1,5,15,28,46,105,447
132,45,379,2,62,7,1,21,140,447
132,426,100,1,9,176,33,46,105,447
132,45,379,2,10,120,35,33,140,447
132,45,379,2,10,16,15,61,105,447
132,45,212,24,0,23,33,46,105,447
132,172,376,32,367,59,28,46,105,447
132,426,100,1,5,48,7,33,140,447
132,172,376,32,197,38,141,46,105,447
132,282,9,3,1,35,110,46,105,447
132,30,142,125,47,55,26,21,140,447
132,30,16,183,28,46,170,33,140,447
132,45,189,12,5,86,46,33,140,447
132,172,376,32,247,48,102,129,105,447
132,45,189,12,5,86,231,461,105,447
132,172,376,32,11,5,270,483,105,447
132,426,100,1,0,7,37,240,105,447
132,172,376,32,11,3,1,21,140,447
132,172,51,5,48,7,1,21,140,447
132,45,251,24,298,44,1,21,140,447
132,45,11,49,46,381,48,61,105,447
132,426,100,1,0,7,33,46,105,447
132,45,19,5,1,8,26,21,140,447
132,30,20,202,173,114,7,33,140,447
132,282,9,3,1,487,37,240,105,447
132,45,251,24,272,7,1,21,140,447
132,426,100,1,5,60,33,46,105,447
132,45,360,37,102,48,122,21,140,447
132,45,251,24,272,7,33,46,105,447
132,30,194,138,22,7,37,240,105,447
132,426,100,1,3,0,438,21,140,447
132,30,286,429,48,102,37,240,105,447
132,45,212,24,298,44,1,21,140,447
132,45,19,11,28,46,52,21,140,447
132,426,100,1,3,8,26,21,140,447
132,45,85,456,302,48,122,21,140,447
132,426,100,1,0,23,104,300,105,447
132,426,100,1,0,23,33,46,105,447
132,30,20,74,363,5,473,33,140,447
132,45,11,3,498,28,46,33,140,447
132,30,20,202,206,23,104,300,105,447
132,45,212,24,272,7,1,21,140,447
132,426,100,1,9,493,48,61,105,447
132,172,51,130,46,381,48,61,105,447
132,172,51,130,46,28,15,61,105,447
132,45,212,24,272,7,33,46,105,447
132,45,85,354,16,31,80,46,105,447
132,426,100,1,9,292,46,33,140,447
132,30,54,19,20,21,52,46,105,447
132,426,100,1,5,86,231,461,105,447
132,426,100,1,5,86,46,33,140,447
132,45,212,24,0,3,8,267,140,447
132,45,85,244,28,41,23,33,140,447
132,45,11,3,498,28,15,61,105,447
132,30,16,15,61,48,122,21,140,447
132,426,100,1,317,8,26,21,140,447
132,45,85,244,28,11,49,46,105,447
132,426,100,1,0,5,270,483,105,447
132,30,194,377,163,63,46,33,140,447
132,45,189,12,5,433,46,33,140,447
132,45,164,1,15,28,231,461,105,447
132,30,194,377,163,395,80,46,105,447
132,45,109,437,194,377,163,46,105,447
132,30,194,377,163,46,52,21,140,447
132,30,16,104,131,186,439,33,140,447
132,426,100,1,111,90,28,46,105,447
132,45,19,5,1,15,28,46,105,447
132,30,194,138,70,26,8,267,140,447
132,45,189,12,5,0,1,21,140,447
132,426,100,1,5,83,8,267,140,447
132,30,36,23,265,7,37,240,105,447
132,30,36,23,41,28,231,461,105,447
132,426,100,1,111,385,33,46,105,447
132,426,100,1,5,433,46,33,140,447
132,30,194,437,109,96,48,61,105,447
132,426,100,1,22,112,37,240,105,447
132,426,100,1,22,7,37,240,105,447
132,45,19,5,15,1,8,267,140,447
132,45,189,12,5,473,33,46,105,447
132,426,100,1,22,7,33,46,105,447
132,30,142,125,182,26,8,267,140,447
132,45,11,19,5,0,1,21,140,447
132,45,179,280,29,26,8,267,140,447
132,45,85,283,222,256,7,33,140,447
132,172,51,428,22,1,7,33,140,447
132,282,9,316,0,7,1,21,140,447
132,45,92,78,20,7,37,240,105,447
132,45,11,3,287,1,7,33,140,447
132,426,100,1,44,204,20,21,140,447
132,45,355,161,450,88,218,46,105,447
132,426,100,1,44,23,104,300,105,447
132,282,9,316,0,7,33,46,105,447
132,426,100,1,44,23,33,46,105,447
132,45,179,268,5,1,7,33,140,447
132,45,11,3,13,320,26,21,140,447
132,30,194,138,70,95,20,21,140,447
132,172,215,28,144,299,37,240,105,447
132,45,189,12,73,134,1,21,140,447
132,45,19,20,21,1,8,267,140,447
132,172,51,366,44,1,7,33,140,447
132,172,376,32,9,38,121,33,140,447
132,172,376,32,9,3,1,21,140,447
132,172,51,428,22,112,446,46,105,447
132,45,19,5,15,158,190,33,140,447
132,423,233,71,116,1,7,33,140,447
132,172,51,428,22,7,1,21,140,447
132,282,9,3,8,10,89,21,140,447
132,172,51,428,22,7,33,46,105,447
132,45,179,17,0,1,7,33,140,447
132,426,100,1,157,5,433,46,105,447
132,45,379,2,0,1,7,33,140,447
132,30,20,7,33,46,52,21,140,447
132,426,100,1,157,307,33,46,105,447
132,172,51,262,27,17,63,46,105,447
132,45,212,24,19,11,499,129,105,447
132,172,51,262,27,23,104,300,105,447
132,45,212,24,19,5,1,21,140,447
132,45,179,268,5,15,1,21,140,447
132,172,51,262,27,23,33,46,105,447
132,426,100,8,93,1,15,61,105,447
132,172,51,366,44,204,20,21,140,447
132,45,11,3,9,1,35,33,140,447
132,172,51,366,44,23,104,300,105,447
132,172,51,366,44,23,33,46,105,447
132,45,11,3,290,60,33,46,105,447
132,426,100,8,1,35,33,46,105,447
132,423,233,71,47,55,26,21,140,447
132,45,179,17,6,0,1,21,140,447
132,172,376,32,382,1,8,267,140,447
132,426,100,1,93,8,26,21,140,447
132,45,19,20,21,52,46,33,140,447
132,172,51,364,17,0,1,21,140,447
132,45,11,5,48,337,23,33,140,447
132,30,20,74,31,80,46,33,140,447
132,172,51,364,17,63,163,46,105,447
132,172,51,364,17,63,46,33,140,447
132,30,36,23,337,48,381,46,105,447
132,45,179,17,6,37,7,33,140,447
132,45,85,399,471,1,15,61,105,447
132,426,100,1,191,8,26,21,140,447
132,172,215,28,145,389,26,21,140,447
132,30,194,138,70,37,7,33,140,447
132,45,109,238,7,33,170,46,105,447
132,30,20,21,140,33,170,46,105,447
132,172,215,28,498,3,1,21,140,447
132,45,189,12,5,15,28,46,105,447
132,45,179,17,0,7,1,21,140,447
132,172,51,177,13,3,8,267,140,447
132,426,100,8,317,1,15,61,105,447
132,172,51,177,13,23,104,300,105,447
132,30,20,7,1,21,52,46,105,447
132,172,51,177,13,23,33,46,105,447
132,282,9,1,7,265,23,33,140,447
132,426,100,1,69,359,480,129,105,447
132,45,179,17,0,7,33,46,105,447
132,426,100,1,236,357,23,33,140,447
132,45,379,2,0,5,270,483,105,447
132,45,379,2,0,3,1,21,140,447
132,45,355,161,5,473,33,46,105,447
132,30,54,19,69,359,480,129,105,447
132,30,20,78,1,7,33,46,105,447
132,426,100,1,236,60,33,46,105,447
132,172,51,294,19,5,270,483,105,447
132,426,100,8,191,1,15,61,105,447
132,172,51,294,19,20,7,33,140,447
132,45,11,475,1,236,60,33,140,447
132,172,51,5,127,1,15,61,105,447
132,30,20,202,206,23,33,46,105,447
132,45,179,268,5,48,7,33,140,447
132,426,100,8,148,0,23,33,140,447
132,172,51,160,0,7,1,21,140,447
132,426,100,8,83,220,1,21,140,447
132,426,100,8,83,5,1,21,140,447
132,30,124,100,1,7,33,46,105,447
132,172,51,160,0,7,33,46,105,447
132,45,11,3,0,99,80,46,105,447
132,172,51,5,48,7,33,46,105,447
132,30,142,125,26,21,52,46,105,447
132,45,179,17,27,23,104,300,105,447
132,282,9,493,48,51,130,46,105,447
132,30,16,354,85,244,28,46,105,447
132,282,9,493,48,5,1,21,140,447
132,30,124,100,1,7,37,240,105,447
132,45,179,17,27,23,33,46,105,447
132,45,146,30,20,21,52,46,105,447
132,172,51,160,0,23,104,300,105,447
132,45,11,3,0,5,60,33,140,447
132,172,51,160,0,23,33,46,105,447
132,45,109,361,11,28,231,461,105,447
132,45,179,17,0,23,104,300,105,447
132,30,16,397,391,340,35,33,140,447
132,30,16,397,391,8,1,21,140,447
132,45,11,3,1,7,20,21,140,447
132,45,53,38,43,37,7,33,140,447
132,30,54,19,69,1,7,33,140,447
132,45,179,17,0,23,33,46,105,447
132,30,16,354,85,52,46,33,140,447
132,45,355,161,5,1,8,267,140,447
132,172,51,160,0,3,8,267,140,447
132,282,9,3,0,1,8,267,140,447
132,45,379,2,0,7,37,240,105,447
132,30,16,104,23,0,438,21,140,447
132,45,179,268,5,60,33,46,105,447
132,411,205,79,37,7,1,21,140,447
132,45,151,42,81,5,270,483,105,447
132,45,151,42,4,0,1,21,140,447
132,282,9,32,382,1,7,33,140,447
132,411,205,79,37,7,33,46,105,447
132,45,151,42,6,3,8,267,140,447
132,45,19,5,60,33,170,46,105,447
132,45,85,52,349,15,1,21,140,447
132,282,9,1,226,86,231,461,105,447
132,45,151,42,6,0,7,33,140,447
132,282,9,1,226,86,46,33,140,447
132,45,179,17,64,23,104,300,105,447
132,411,205,79,37,497,20,21,140,447
132,411,205,79,37,102,48,61,105,447
132,30,20,78,1,7,37,240,105,447
132,45,179,17,64,23,33,46,105,447
132,45,166,208,12,39,28,46,105,447
132,45,166,208,12,5,1,21,140,447
132,45,179,17,0,3,8,267,140,447
132,282,9,1,236,357,23,33,140,447
132,172,215,28,11,19,20,21,140,447
132,172,215,28,11,5,1,21,140,447
132,30,20,19,69,1,7,33,140,447
132,30,54,19,11,49,46,33,140,447
132,45,109,219,454,310,20,21,140,447
132,45,11,118,21,52,46,33,140,447
132,30,16,104,300,105,46,33,140,447
132,282,9,1,236,60,33,46,105,447
132,45,164,1,7,0,438,21,140,447
132,45,251,24,19,11,499,129,105,447
132,45,251,24,19,5,1,21,140,447
132,45,164,1,7,48,102,129,105,447
132,282,9,3,6,211,121,33,140,447
132,282,9,3,6,0,7,33,140,447
132,45,179,268,5,86,231,461,105,447
132,45,179,268,5,86,46,33,140,447
132,423,233,2,0,6,37,240,105,447
132,423,233,2,0,5,1,21,140,447
132,282,9,1,78,20,7,33,140,447
132,282,9,3,6,37,102,129,105,447
132,30,142,388,25,3,1,21,140,447
132,426,100,8,1,7,37,240,105,447
132,172,51,136,291,5,473,33,140,447
132,45,212,495,493,9,176,33,140,447
132,172,51,136,158,15,1,21,140,447
132,282,9,3,0,7,20,21,140,447
132,45,11,19,5,433,46,33,140,447
132,45,179,17,101,28,15,61,105,447
132,45,19,69,1,7,48,61,105,447
132,282,9,1,431,490,104,300,105,447
132,45,179,17,101,28,46,33,140,447
132,45,151,42,6,37,102,129,105,447
132,282,9,1,431,190,33,46,105,447
132,45,85,52,21,140,33,46,105,447
132,30,54,19,11,28,46,33,140,447
132,282,9,32,11,49,46,33,140,447
132,172,51,136,158,190,33,46,105,447
132,45,164,1,15,349,52,46,105,447
132,45,179,268,5,433,46,33,140,447
132,282,9,1,441,131,104,300,105,447
132,45,379,2,62,7,33,46,105,447
132,282,9,1,441,131,33,46,105,447
132,172,51,136,28,46,170,33,140,447
132,426,100,8,1,7,33,46,105,447
132,45,179,17,34,38,121,33,140,447
132,45,164,1,15,5,433,46,105,447
132,30,20,74,31,13,23,33,140,447
132,45,355,161,1,21,52,46,105,447
132,45,164,1,21,26,8,267,140,447
132,45,179,17,186,131,104,300,105,447
132,282,9,1,5,15,28,46,105,447
132,45,179,17,186,131,33,46,105,447
132,45,212,495,493,48,122,21,140,447
132,45,19,11,49,46,52,21,140,447
132,45,19,5,1,35,110,46,105,447
132,45,179,268,5,0,1,21,140,447
132,45,19,5,1,487,37,240,105,447
132,45,179,268,5,473,33,46,105,447
132,45,251,24,0,1,8,267,140,447
132,282,9,1,0,7,37,240,105,447
132,45,11,475,1,8,26,21,140,447
132,45,11,3,13,23,33,46,105,447
132,45,19,5,1,35,33,46,105,447
132,45,164,1,21,52,46,33,140,447
132,45,179,17,186,387,28,46,105,447
132,282,9,1,0,7,33,46,105,447
132,172,51,5,161,1,15,61,105,447
132,282,9,1,5,48,7,33,140,447
132,423,233,2,10,8,1,21,140,447
132,30,286,5,60,33,170,46,105,447
132,45,11,3,9,38,121,33,140,447
132,282,9,1,3,0,438,21,140,447
132,30,488,237,35,33,170,46,105,447
132,282,9,1,3,8,26,21,140,447
132,45,179,17,186,439,33,46,105,447
132,45,53,38,9,1,7,33,140,447
132,45,92,78,20,21,52,46,105,447
132,282,9,1,0,23,33,46,105,447
132,282,9,1,0,23,104,300,105,447
132,45,11,3,1,0,438,21,140,447
132,172,215,28,41,23,33,46,105,447
132,282,9,38,135,122,48,61,105,447
132,282,9,1,5,60,33,46,105,447
132,30,54,19,284,20,7,33,140,447
132,45,11,3,13,23,104,300,105,447
132,30,286,5,1,15,28,46,105,447
132,282,9,1,0,5,270,483,105,447
132,282,9,3,287,1,8,267,140,447
132,282,9,1,97,80,46,33,140,447
132,423,233,234,20,21,52,46,105,447
132,282,9,1,5,86,231,461,105,447
132,282,9,1,5,86,46,33,140,447
132,282,9,38,34,17,63,46,105,447
132,282,9,38,401,23,104,300,105,447
132,45,212,24,0,1,8,267,140,447
132,172,51,5,188,1,15,61,105,447
132,45,11,3,392,1,7,33,140,447
132,45,109,169,1,15,28,46,105,447
132,282,9,38,401,23,33,46,105,447
132,282,9,1,100,8,26,21,140,447
132,30,16,15,158,136,28,46,105,447
132,30,286,5,1,487,37,240,105,447
132,282,9,3,11,28,231,461,105,447
132,45,360,37,112,22,1,21,140,447
132,30,286,5,1,35,110,46,105,447
132,282,9,1,317,8,26,21,140,447
132,423,233,234,20,497,37,240,105,447
132,282,9,1,5,433,46,33,140,447
132,30,286,5,1,35,33,46,105,447
132,282,9,3,0,5,270,483,105,447
132,30,229,6,0,3,8,267,140,447
132,172,51,5,60,33,170,46,105,447
132,30,54,19,24,0,7,33,140,447
132,282,9,88,218,46,52,21,140,447
132,282,9,1,111,90,28,46,105,447
132,30,124,100,8,1,15,61,105,447
132,282,9,1,111,385,33,46,105,447
132,282,9,1,5,83,8,267,140,447
132,45,189,12,107,7,20,21,140,447
132,45,179,17,63,203,417,46,105,447
132,45,179,17,63,163,46,33,140,447
132,45,396,25,19,69,1,21,140,447
132,282,9,1,5,473,33,46,105,447
132,45,396,25,19,11,28,46,105,447
132,282,9,1,22,112,37,240,105,447
132,45,396,25,19,5,15,61,105,447
132,282,9,1,22,7,37,240,105,447
132,45,360,467,137,22,1,21,140,447
132,45,396,25,3,8,1,21,140,447
132,30,16,15,158,190,33,46,105,447
132,282,9,316,0,3,8,267,140,447
132,282,9,3,133,8,26,21,140,447
132,282,9,1,22,7,33,46,105,447
132,45,109,169,1,431,190,33,140,447
132,423,233,2,12,115,20,21,140,447
132,282,9,1,44,204,20,21,140,447
132,282,9,1,44,23,104,300,105,447
132,282,9,176,33,35,110,46,105,447
132,282,9,1,44,23,33,46,105,447
132,30,20,95,296,1,8,267,140,447
132,282,9,270,5,15,1,21,140,447
132,30,20,375,156,35,33,46,105,447
132,30,54,19,390,424,23,33,140,447
132,30,16,15,5,1,7,33,140,447
132,30,156,35,1,8,26,21,140,447
132,45,343,335,237,35,110,46,105,447
132,282,9,1,157,5,433,46,105,447
132,282,9,1,157,307,33,46,105,447
132,172,51,5,286,429,48,61,105,447
132,45,355,161,5,433,46,33,140,447
132,30,156,35,1,487,37,240,105,447
132,172,51,5,18,6,37,240,105,447
132,30,156,35,1,15,28,46,105,447
132,282,9,3,59,28,231,461,105,447
132,282,9,270,5,48,7,33,140,447
132,30,36,23,13,5,15,61,105,447
132,423,233,2,0,7,1,21,140,447
132,30,20,21,26,70,37,240,105,447
132,282,9,1,93,8,26,21,140,447
132,45,19,284,20,497,37,240,105,447
132,45,19,284,20,7,1,21,140,447
132,45,19,284,20,7,33,46,105,447
132,423,233,2,0,7,33,46,105,447
132,282,9,1,69,359,480,129,105,447
132,282,9,1,191,8,26,21,140,447
132,282,9,3,11,475,1,21,140,447
132,282,9,3,11,5,1,21,140,447
132,30,156,375,20,497,37,240,105,447
132,30,156,375,20,7,1,21,140,447
132,30,54,19,5,1,7,33,140,447
132,30,54,19,390,15,1,21,140,447
132,282,9,88,38,141,46,33,140,447
132,30,20,21,1,7,37,240,105,447
132,30,156,375,20,7,33,46,105,447
132,45,11,3,98,28,231,461,105,447
132,282,9,3,498,28,231,461,105,447
132,45,92,78,1,15,28,46,105,447
132,30,229,6,37,7,1,21,140,447
132,30,20,21,1,7,33,46,105,447
132,45,19,69,1,78,20,21,140,447
132,30,20,7,265,23,104,300,105,447
132,30,20,7,265,23,33,46,105,447
132,30,286,429,48,51,130,46,105,447
132,45,92,78,1,487,37,240,105,447
132,30,286,429,48,5,1,21,140,447
132,30,16,15,349,52,46,33,140,447
132,282,9,270,5,60,33,46,105,447
132,45,92,78,1,35,110,46,105,447
132,45,92,78,1,35,33,46,105,447
132,45,189,12,90,28,231,461,105,447
132,30,20,21,408,243,8,267,140,447
132,282,9,3,98,28,231,461,105,447
132,30,20,7,22,112,37,240,105,447
132,45,355,161,1,7,33,46,105,447
132,30,20,7,22,1,8,267,140,447
132,45,396,25,3,9,270,483,105,447
132,30,20,21,122,413,455,129,105,447
132,30,20,21,122,48,7,33,140,447
132,45,396,25,3,0,23,33,140,447
132,45,19,5,48,7,1,21,140,447
132,45,53,38,68,37,7,33,140,447
132,45,11,118,21,1,7,33,140,447
132,45,19,5,48,7,33,46,105,447
132,30,20,7,238,109,219,21,140,447
132,30,20,7,200,484,8,267,140,447
132,30,20,7,200,37,102,129,105,447
132,30,229,6,37,7,33,46,105,447
132,30,20,21,1,15,28,46,105,447
132,282,9,1,8,87,63,46,105,447
132,45,19,5,48,102,37,240,105,447
132,282,9,493,48,7,20,21,140,447
132,282,9,38,43,37,7,33,140,447
132,45,11,499,129,105,46,33,140,447
132,30,16,10,8,1,7,33,140,447
132,30,20,7,0,3,8,267,140,447
132,30,286,5,48,7,20,21,140,447
132,30,20,7,0,23,104,300,105,447
132,45,11,19,20,21,52,46,105,447
132,30,20,7,0,23,33,46,105,447
132,172,51,5,157,344,26,21,140,447
132,282,9,270,5,86,231,461,105,447
132,30,54,19,11,3,8,267,140,447
132,45,11,28,144,489,163,46,105,447
132,282,9,270,5,86,46,33,140,447
132,30,20,21,1,487,37,240,105,447
132,45,396,25,3,1,15,61,105,447
132,172,51,136,28,15,1,21,140,447
132,30,20,19,69,359,480,129,105,447
132,30,54,19,5,15,1,21,140,447
132,282,9,77,228,8,1,21,140,447
132,30,16,15,61,105,46,33,140,447
132,45,343,335,334,10,89,21,140,447
132,172,51,5,157,1,15,61,105,447
132,172,51,5,0,7,37,240,105,447
132,30,16,15,28,41,23,33,140,447
132,30,16,15,28,481,52,21,140,447
132,30,16,15,28,11,118,21,140,447
132,45,251,24,0,7,20,21,140,447
132,282,9,3,13,5,270,483,105,447
132,45,11,3,6,394,263,46,105,447
132,45,11,28,145,389,26,21,140,447
132,45,11,28,498,3,1,21,140,447
132,30,16,10,91,22,7,33,140,447
132,30,16,10,2,29,26,21,140,447
132,30,16,10,2,0,7,33,140,447
132,30,16,15,390,424,23,33,140,447
132,30,229,6,222,95,20,21,140,447
132,30,229,6,18,453,28,46,105,447
132,30,229,6,18,5,1,21,140,447
132,282,9,3,327,22,1,21,140,447
132,282,9,3,281,38,141,46,105,447
132,282,9,3,392,1,8,267,140,447
132,45,212,24,0,7,20,21,140,447
132,30,128,243,8,87,63,46,105,447
132,30,20,95,70,37,102,129,105,447
132,45,19,11,28,144,23,33,140,447
132,45,189,12,139,11,499,129,105,447
132,45,189,12,2,0,1,21,140,447
132,45,189,12,2,62,7,33,140,447
132,426,100,8,1,78,20,21,140,447
132,45,189,12,90,111,385,33,140,447
132,30,430,38,9,176,33,46,105,447
132,30,156,35,110,46,52,21,140,447
132,45,402,376,172,215,28,46,105,447
132,172,51,48,174,157,1,21,140,447
132,172,51,48,96,288,35,33,140,447
132,172,51,48,493,9,176,33,140,447
132,282,9,3,1,7,20,21,140,447
132,45,379,2,233,234,20,21,140,447
132,30,286,5,86,226,1,21,140,447
132,45,53,38,121,33,170,46,105,447
132,172,215,266,203,417,46,33,140,447
132,45,379,2,14,3,8,267,140,447
132,45,402,462,57,1,7,33,140,447
132,45,109,361,11,5,270,483,105,447
132,45,109,361,11,3,1,21,140,447
132,45,146,30,36,23,104,300,105,447
132,45,402,462,57,31,80,46,105,447
132,45,146,30,36,23,33,46,105,447
132,45,19,5,0,7,20,21,140,447
132,30,430,38,9,3,8,267,140,447
132,30,430,38,9,292,46,33,140,447
132,45,379,2,12,39,28,46,105,447
132,45,379,2,12,5,1,21,140,447
132,45,19,5,48,381,46,33,140,447
132,172,51,48,61,15,1,21,140,447
132,45,11,5,1,15,28,46,105,447
132,172,215,351,150,23,104,300,105,447
132,30,156,35,237,211,121,33,140,447
132,172,215,351,150,23,33,46,105,447
132,172,215,266,203,111,1,21,140,447
132,30,156,35,415,70,393,129,105,447
132,45,11,259,443,272,7,33,140,447
132,172,215,266,203,63,163,46,105,447
132,45,355,161,1,7,20,21,140,447
132,172,215,266,203,63,46,33,140,447
132,45,146,30,54,19,20,21,140,447
132,30,410,47,16,15,28,46,105,447
132,45,146,30,156,375,20,21,140,447
132,282,9,1,7,33,170,46,105,447
132,45,109,238,7,0,1,21,140,447
132,45,146,30,156,35,1,21,140,447
132,45,146,30,156,35,33,46,105,447
132,45,189,12,5,48,102,129,105,447
132,172,215,351,150,104,23,33,140,447
132,282,9,270,5,1,7,33,140,447
132,45,19,5,11,3,8,267,140,447
132,45,109,238,7,48,102,129,105,447
132,45,251,24,0,5,270,483,105,447
132,45,166,35,1,7,37,240,105,447
132,45,251,24,0,3,1,21,140,447
132,30,430,38,88,9,270,483,105,447
132,45,19,5,83,8,1,21,140,447
132,172,51,130,478,7,33,46,105,447
132,45,470,20,7,37,102,129,105,447
132,45,166,35,1,7,33,46,105,447
132,282,9,77,35,33,170,46,105,447
132,30,156,35,77,9,292,46,105,447
132,45,146,30,16,10,8,267,140,447
132,30,124,143,274,44,23,33,140,447
132,30,20,21,52,481,28,46,105,447
132,45,146,30,16,15,1,21,140,447
132,30,488,237,211,6,37,240,105,447
132,45,166,35,1,8,26,21,140,447
132,45,19,5,83,220,1,21,140,447
132,30,488,237,211,121,33,46,105,447
132,45,11,259,37,7,1,21,140,447
132,30,286,5,19,11,499,129,105,447
132,45,11,259,37,7,33,46,105,447
132,30,286,5,19,20,7,33,140,447
132,45,19,5,1,7,20,21,140,447
132,45,179,17,63,46,52,21,140,447
132,45,11,5,1,487,37,240,105,447
132,45,189,12,5,1,15,61,105,447
132,30,286,5,11,49,46,33,140,447
132,45,11,5,1,35,110,46,105,447
132,45,166,35,1,487,37,240,105,447
132,45,166,35,1,15,28,46,105,447
132,45,11,5,1,7,33,46,105,447
132,45,19,5,157,1,7,33,140,447
132,172,51,130,478,7,1,21,140,447
132,30,54,19,11,28,231,461,105,447
132,45,11,5,1,35,33,46,105,447
132,45,19,5,157,174,48,61,105,447
132,30,286,5,51,130,46,33,140,447
132,423,233,234,20,7,48,61,105,447
132,30,286,5,11,3,8,267,140,447
132,45,92,167,293,1,7,33,140,447
132,30,124,143,0,1,15,61,105,447
132,45,11,3,4,0,438,21,140,447
132,45,11,3,346,248,28,46,105,447
132,172,215,28,46,381,48,61,105,447
132,45,360,37,7,1,8,267,140,447
132,411,205,6,211,237,35,33,140,447
132,45,11,5,1,21,52,46,105,447
132,411,205,6,211,121,33,46,105,447
132,426,100,124,143,0,1,21,140,447
132,426,100,124,30,16,104,300,105,447
132,30,286,5,83,220,1,21,140,447
132,30,286,5,83,8,1,21,140,447
132,426,100,124,30,20,7,33,140,447
132,30,286,5,51,136,28,46,105,447
132,30,286,5,51,48,7,33,140,447
132,45,19,5,48,51,130,46,105,447
132,30,286,5,86,46,52,21,140,447
132,172,51,136,28,11,499,129,105,447
132,172,51,48,61,105,46,33,140,447
132,411,205,6,225,26,8,267,140,447
132,45,379,2,62,7,20,21,140,447
132,45,379,2,10,356,28,46,105,447
132,45,11,259,37,112,446,46,105,447
132,30,286,5,127,1,7,33,140,447
132,45,470,20,7,478,130,46,105,447
132,45,11,259,37,102,48,61,105,447
132,426,100,1,5,48,102,129,105,447
132,282,9,77,35,1,7,33,140,447
132,172,376,32,197,38,165,46,105,447
132,45,470,20,7,48,102,129,105,447
132,411,205,6,229,30,20,21,140,447
132,30,142,125,47,3,8,267,140,447
132,30,16,104,23,33,170,46,105,447
132,411,205,6,394,263,46,33,140,447
132,30,16,183,28,46,52,21,140,447
132,45,19,5,127,1,7,33,140,447
132,45,402,472,1,7,37,240,105,447
132,45,402,472,1,7,33,46,105,447
132,30,286,5,157,1,7,33,140,447
132,172,376,32,247,48,122,21,140,447
132,172,376,32,11,19,20,21,140,447
132,45,402,472,474,293,1,21,140,447
132,282,9,77,35,110,46,33,140,447
132,172,376,32,11,5,1,21,140,447
132,426,100,1,0,7,20,21,140,447
132,45,92,167,17,0,1,21,140,447
132,282,9,38,141,46,52,21,140,447
132,172,51,136,28,231,86,46,105,447
132,30,20,72,404,28,15,61,105,447
132,30,20,72,404,28,46,33,140,447
132,172,51,5,48,7,20,21,140,447
132,30,286,5,161,227,1,21,140,447
132,30,286,5,161,1,7,33,140,447
132,45,251,24,298,44,23,33,140,447
132,30,430,38,88,218,46,33,140,447
132,45,92,167,17,63,46,33,140,447
132,30,286,5,157,174,48,61,105,447
132,30,286,5,157,307,33,46,105,447
132,45,109,238,7,1,8,267,140,447
132,45,92,167,17,63,163,46,105,447
132,30,124,100,1,15,28,46,105,447
132,45,53,198,448,206,23,33,140,447
132,45,11,40,171,378,63,46,105,447
132,426,100,260,271,80,46,33,140,447
132,30,20,204,44,1,7,33,140,447
132,282,9,3,1,191,8,267,140,447
132,30,286,5,188,1,7,33,140,447
132,45,251,24,272,7,20,21,140,447
132,411,205,6,0,3,8,267,140,447
132,45,360,37,102,48,381,46,105,447
132,411,205,6,0,5,270,483,105,447
132,411,205,6,0,3,1,21,140,447
132,411,205,6,0,94,263,46,105,447
132,411,205,6,0,5,1,21,140,447
132,411,205,6,0,99,80,46,105,447
132,411,205,6,0,5,15,61,105,447
132,411,205,6,0,148,8,267,140,447
132,411,205,6,0,5,48,61,105,447
132,411,205,6,0,17,63,46,105,447
132,411,205,6,0,5,60,33,140,447
132,411,205,6,0,175,23,33,140,447
132,411,205,6,0,5,86,46,105,447
132,30,124,100,1,487,37,240,105,447
132,411,205,6,0,5,433,46,105,447
132,30,124,100,1,226,86,46,105,447
132,411,205,6,0,5,473,33,140,447
132,30,124,100,1,78,20,21,140,447
132,30,20,204,44,23,104,300,105,447
132,30,124,100,1,431,190,33,140,447
132,45,11,40,153,33,170,46,105,447
132,30,124,100,1,441,131,33,140,447
132,30,124,100,1,35,110,46,105,447
132,30,124,100,1,5,473,33,140,447
132,30,194,138,22,7,48,61,105,447
132,30,124,100,1,97,80,46,105,447
132,30,124,100,1,5,15,61,105,447
132,30,124,100,1,9,176,33,140,447
132,30,124,100,1,5,48,61,105,447
132,30,124,100,1,0,7,33,140,447
132,30,124,100,1,9,270,483,105,447
132,30,124,100,1,5,60,33,140,447
132,30,124,100,1,3,8,267,140,447
132,30,124,100,1,0,23,33,140,447
132,30,124,100,1,9,292,46,105,447
132,30,124,100,1,5,86,46,105,447
132,30,124,100,1,317,8,267,140,447
132,30,124,100,1,0,438,21,140,447
132,30,124,100,1,5,270,483,105,447
132,30,124,100,1,111,385,33,140,447
132,30,124,100,1,5,433,46,105,447
132,30,124,100,1,22,7,33,140,447
132,30,124,100,1,35,33,46,105,447
132,30,124,100,1,44,23,33,140,447
132,426,100,1,3,11,118,21,140,447
132,30,124,100,1,157,307,33,140,447
132,426,100,1,3,6,37,240,105,447
132,426,100,1,3,11,28,46,105,447
132,30,124,100,1,93,8,267,140,447
132,426,100,1,3,9,270,483,105,447
132,426,100,1,3,11,49,46,105,447
132,30,124,100,1,191,8,267,140,447
132,426,100,1,3,133,8,267,140,447
132,426,100,1,3,9,176,33,140,447
132,426,100,1,3,11,499,129,105,447
132,30,124,100,1,236,60,33,140,447
132,426,100,1,3,59,28,46,105,447
132,426,100,1,3,9,292,46,105,447
132,426,100,1,3,98,28,46,105,447
132,30,286,5,12,115,20,21,140,447
132,426,100,1,3,498,28,46,105,447
132,30,286,5,18,6,37,240,105,447
132,30,286,5,12,107,7,33,140,447
132,426,100,1,3,290,60,33,140,447
132,30,286,5,66,65,60,33,140,447
132,30,286,5,18,453,28,46,105,447
132,30,286,5,12,39,28,46,105,447
132,426,100,1,3,13,23,33,140,447
132,30,286,5,491,310,20,21,140,447
132,30,286,5,12,73,84,21,140,447
132,30,286,5,126,101,28,46,105,447
132,30,286,5,12,90,28,46,105,447
132,30,286,5,291,136,28,46,105,447
132,30,286,5,126,427,7,33,140,447
132,30,286,5,436,383,23,33,140,447
132,426,100,1,3,0,7,33,140,447
132,30,286,5,362,299,37,240,105,447
132,426,100,1,3,0,23,33,140,447
132,30,286,5,309,272,7,33,140,447
132,30,20,204,44,23,33,46,105,447
132,30,286,5,363,74,20,21,140,447
132,30,156,35,33,23,104,300,105,447
132,45,212,24,298,44,23,33,140,447
132,30,156,35,33,7,1,21,140,447
132,30,20,21,52,46,170,33,140,447
132,30,156,35,33,131,104,300,105,447
132,30,156,35,33,7,37,240,105,447
132,45,166,35,33,23,104,300,105,447
132,30,156,35,33,7,20,21,140,447
132,45,166,35,33,7,1,21,140,447
132,30,156,35,33,7,48,61,105,447
132,45,166,35,33,131,104,300,105,447
132,45,166,35,33,7,37,240,105,447
132,282,9,38,88,218,46,33,140,447
132,45,166,35,33,7,20,21,140,447
132,45,11,5,1,7,37,240,105,447
132,45,166,35,33,7,48,61,105,447
132,45,11,5,1,7,20,21,140,447
132,30,430,38,68,37,7,33,140,447
132,45,11,5,1,7,48,61,105,447
132,30,430,38,68,37,102,129,105,447
132,45,85,456,302,48,381,46,105,447
132,30,20,7,1,15,28,46,105,447
132,45,19,24,0,7,1,21,140,447
132,45,19,24,0,7,33,46,105,447
132,45,19,24,0,7,20,21,140,447
132,30,20,74,363,5,1,21,140,447
132,45,19,24,0,7,37,240,105,447
132,30,20,74,363,5,15,61,105,447
132,45,19,24,0,7,48,61,105,447
132,30,20,74,363,5,48,61,105,447
132,282,9,32,197,38,141,46,105,447
132,30,20,74,363,5,60,33,140,447
132,282,9,32,367,59,28,46,105,447
132,282,9,32,197,38,121,33,140,447
132,30,20,74,363,5,86,46,105,447
132,282,9,32,197,38,165,46,105,447
132,30,20,74,363,5,270,483,105,447
132,282,9,32,247,48,7,33,140,447
132,30,20,74,363,5,433,46,105,447
132,282,9,32,247,48,102,129,105,447
132,45,212,24,272,7,20,21,140,447
132,282,9,32,247,48,122,21,140,447
132,45,212,24,272,7,37,240,105,447
132,282,9,32,247,48,381,46,105,447
132,45,212,24,272,7,48,61,105,447
132,411,205,380,0,23,104,300,105,447
132,45,402,472,1,8,26,21,140,447
132,45,19,390,424,459,7,33,140,447
132,426,100,1,9,3,8,267,140,447
132,45,19,390,424,23,104,300,105,447
132,426,100,1,9,38,121,33,140,447
132,45,19,390,424,23,33,46,105,447
132,426,100,1,9,77,35,33,140,447
132,426,100,1,9,38,141,46,105,447
132,426,100,1,9,88,218,46,105,447
132,426,100,1,9,38,165,46,105,447
132,172,51,130,46,86,231,461,105,447
132,282,9,270,5,473,33,46,105,447
132,172,51,130,46,110,35,33,140,447
132,30,20,7,1,8,26,21,140,447
132,45,19,25,221,186,131,33,140,447
132,30,20,78,1,8,26,21,140,447
132,45,19,25,338,120,35,33,140,447
132,45,19,25,221,186,439,33,140,447
132,45,402,472,1,21,52,46,105,447
132,45,19,25,3,8,1,21,140,447
132,45,85,354,16,183,28,46,105,447
132,45,19,25,3,8,26,21,140,447
132,45,19,5,157,307,33,46,105,447
132,282,9,292,46,28,231,461,105,447
132,30,430,38,135,122,48,61,105,447
132,282,9,292,46,381,48,61,105,447
132,282,9,292,46,28,15,61,105,447
132,282,9,292,46,86,231,461,105,447
132,30,20,249,70,37,7,33,140,447
132,282,9,292,46,110,35,33,140,447
132,30,20,249,70,37,102,129,105,447
132,30,20,72,31,13,23,33,140,447
132,45,19,24,73,134,1,21,140,447
132,30,20,72,31,16,104,300,105,447
132,426,100,8,10,356,28,46,105,447
132,30,20,72,31,57,1,21,140,447
132,30,20,72,31,16,15,61,105,447
132,426,100,8,10,120,35,33,140,447
132,45,19,24,0,1,7,33,140,447
132,426,100,8,10,16,15,61,105,447
132,45,19,24,0,1,8,267,140,447
132,426,100,8,10,16,104,300,105,447
132,45,19,24,0,1,15,61,105,447
132,45,212,24,0,5,270,483,105,447
132,45,19,24,0,1,35,33,140,447
132,45,212,24,0,6,37,240,105,447
132,45,212,24,0,5,1,21,140,447
132,45,212,24,0,17,63,46,105,447
132,45,212,24,0,5,15,61,105,447
132,45,212,24,0,94,263,46,105,447
132,45,212,24,0,5,48,61,105,447
132,45,212,24,0,99,80,46,105,447
132,45,212,24,0,5,60,33,140,447
132,45,212,24,0,148,8,267,140,447
132,45,212,24,0,5,86,46,105,447
132,45,212,24,0,175,23,33,140,447
132,45,212,24,0,5,433,46,105,447
132,45,212,24,0,3,1,21,140,447
132,45,212,24,0,5,473,33,140,447
132,30,20,72,192,384,131,33,140,447
132,45,85,244,28,144,23,33,140,447
132,411,205,380,0,23,33,46,105,447
132,45,85,244,28,248,110,46,105,447
132,45,19,54,30,16,104,300,105,447
132,45,85,244,28,358,84,21,140,447
132,45,19,54,30,36,23,33,140,447
132,45,19,54,30,16,15,61,105,447
132,45,85,244,28,481,52,21,140,447
132,45,19,54,30,156,35,33,140,447
132,45,85,244,28,481,52,46,105,447
132,45,19,54,30,20,7,33,140,447
132,45,11,3,498,28,231,461,105,447
132,45,19,25,3,0,1,21,140,447
132,30,16,15,61,48,7,33,140,447
132,45,19,25,3,6,37,240,105,447
132,45,19,25,3,0,7,33,140,447
132,30,16,15,61,48,102,129,105,447
132,45,19,25,3,9,270,483,105,447
132,45,19,25,3,0,23,33,140,447
132,30,16,15,61,48,381,46,105,447
132,45,19,25,3,11,499,129,105,447
132,45,19,25,3,9,1,21,140,447
132,45,19,25,3,0,438,21,140,447
132,45,19,25,3,13,23,33,140,447
132,45,19,25,3,11,28,46,105,447
132,45,19,25,3,9,176,33,140,447
132,45,19,25,3,59,28,46,105,447
132,45,19,25,3,11,49,46,105,447
132,45,19,25,3,9,292,46,105,447
132,45,19,25,3,98,28,46,105,447
132,45,19,25,3,11,118,21,140,447
132,45,19,25,3,133,8,267,140,447
132,30,20,72,31,80,46,33,140,447
132,45,19,25,3,287,1,21,140,447
132,426,100,318,119,277,37,240,105,447
132,45,19,25,3,290,60,33,140,447
132,426,100,301,4,0,1,21,140,447
132,426,100,318,119,13,23,33,140,447
132,45,19,25,3,392,1,21,140,447
132,426,100,301,308,19,20,21,140,447
132,426,100,301,4,3,8,267,140,447
132,426,100,301,4,0,7,33,140,447
132,426,100,318,119,112,446,46,105,447
132,45,19,25,3,498,28,46,105,447
132,426,100,301,4,113,15,61,105,447
132,426,100,301,4,3,1,21,140,447
132,426,100,301,4,0,23,33,140,447
132,426,100,318,119,112,37,240,105,447
132,426,100,301,4,159,37,240,105,447
132,426,100,301,4,0,438,21,140,447
132,45,19,25,3,1,7,33,140,447
132,45,85,244,28,11,118,21,140,447
132,45,19,25,3,1,8,267,140,447
132,45,11,118,21,140,33,46,105,447
132,45,19,25,3,1,15,61,105,447
132,30,286,5,433,46,52,21,140,447
132,45,19,25,3,1,35,33,140,447
132,30,286,5,433,46,170,33,140,447
132,426,100,1,0,94,263,46,105,447
132,426,100,1,0,5,15,61,105,447
132,426,100,1,0,99,80,46,105,447
132,426,100,1,0,5,48,61,105,447
132,426,100,1,0,175,23,33,140,447
132,426,100,1,0,5,60,33,140,447
132,426,100,1,0,6,37,240,105,447
132,426,100,1,0,5,86,46,105,447
132,426,100,1,0,3,8,267,140,447
132,426,100,1,0,5,433,46,105,447
132,426,100,1,0,17,63,46,105,447
132,426,100,1,0,5,473,33,140,447
132,426,100,1,0,148,8,267,140,447
132,411,205,380,0,3,8,267,140,447
132,45,19,5,161,227,1,21,140,447
132,411,205,380,0,5,270,483,105,447
132,411,205,380,0,3,1,21,140,447
132,411,205,380,0,6,37,240,105,447
132,411,205,380,0,5,1,21,140,447
132,411,205,380,0,17,63,46,105,447
132,411,205,380,0,5,15,61,105,447
132,411,205,380,0,94,263,46,105,447
132,411,205,380,0,5,48,61,105,447
132,411,205,380,0,99,80,46,105,447
132,411,205,380,0,5,60,33,140,447
132,411,205,380,0,148,8,267,140,447
132,411,205,380,0,5,86,46,105,447
132,411,205,380,0,175,23,33,140,447
132,411,205,380,0,5,433,46,105,447
132,426,100,414,337,23,33,46,105,447
132,411,205,380,0,5,473,33,140,447
132,45,19,24,0,23,104,300,105,447
132,45,19,24,0,23,33,46,105,447
132,426,100,414,337,23,104,300,105,447
132,282,9,88,38,401,23,33,140,447
132,45,19,76,162,44,1,21,140,447
132,282,9,88,38,43,37,240,105,447
132,45,19,76,162,44,23,33,140,447
132,282,9,88,38,68,37,240,105,447
132,30,194,377,163,46,170,33,140,447
132,282,9,88,38,135,122,21,140,447
132,426,100,260,330,11,28,46,105,447
132,45,19,76,17,0,1,21,140,447
132,426,100,260,330,11,49,46,105,447
132,45,19,76,17,6,37,240,105,447
132,45,19,76,17,0,7,33,140,447
132,426,100,260,330,11,118,21,140,447
132,45,19,76,17,27,23,33,140,447
132,45,19,76,17,0,23,33,140,447
132,426,100,260,330,11,499,129,105,447
132,45,19,76,17,64,23,33,140,447
132,45,19,76,17,0,438,21,140,447
132,45,19,76,17,101,28,46,105,447
132,45,19,76,17,63,163,46,105,447
132,45,19,76,17,186,131,33,140,447
132,30,16,104,131,195,60,33,140,447
132,45,19,76,17,186,439,33,140,447
132,30,16,104,131,441,1,21,140,447
132,30,20,21,1,35,110,46,105,447
132,426,100,260,0,1,7,33,140,447
132,45,19,76,17,63,46,33,140,447
132,426,100,260,0,1,8,267,140,447
132,45,19,24,298,44,1,21,140,447
132,426,100,260,0,1,15,61,105,447
132,45,19,24,298,44,23,33,140,447
132,426,100,260,0,1,35,33,140,447
132,426,100,1,111,203,63,46,105,447
132,45,19,24,272,7,1,21,140,447
132,426,100,1,111,203,417,46,105,447
132,45,19,24,272,7,20,21,140,447
132,282,9,88,38,165,46,33,140,447
132,45,19,24,272,7,37,240,105,447
132,45,19,24,272,7,33,46,105,447
132,45,19,24,272,7,48,61,105,447
132,45,19,24,0,3,8,267,140,447
132,45,189,12,5,11,499,129,105,447
132,45,19,24,0,5,270,483,105,447
132,45,19,24,0,3,1,21,140,447
132,45,189,12,5,13,23,33,140,447
132,45,189,12,5,11,28,46,105,447
132,45,19,24,0,6,37,240,105,447
132,45,19,24,0,5,1,21,140,447
132,45,189,12,5,19,20,21,140,447
132,45,189,12,5,11,49,46,105,447
132,45,19,24,0,17,63,46,105,447
132,45,19,24,0,5,15,61,105,447
132,45,189,12,5,51,130,46,105,447
132,45,189,12,5,11,118,21,140,447
132,45,19,24,0,94,263,46,105,447
132,45,19,24,0,5,48,61,105,447
132,45,189,12,5,83,8,267,140,447
132,45,189,12,5,51,48,61,105,447
132,45,19,24,0,99,80,46,105,447
132,45,19,24,0,5,60,33,140,447
132,45,189,12,5,127,1,21,140,447
132,45,19,24,0,148,8,267,140,447
132,45,19,24,0,5,86,46,105,447
132,45,189,12,5,157,1,21,140,447
132,45,19,24,0,175,23,33,140,447
132,45,19,24,0,5,433,46,105,447
132,45,189,12,5,161,1,21,140,447
132,45,189,12,5,157,307,33,140,447
132,45,19,24,0,5,473,33,140,447
132,45,189,12,5,188,1,21,140,447
132,30,20,7,37,112,446,46,105,447
132,45,189,12,5,442,353,240,105,447
132,30,20,7,37,345,292,46,105,447
132,45,189,12,5,0,7,33,140,447
132,30,20,7,37,487,1,21,140,447
132,45,189,12,5,0,23,33,140,447
132,30,20,7,37,70,26,21,140,447
132,45,189,12,5,0,438,21,140,447
132,30,20,7,37,70,393,129,105,447
132,45,11,5,15,1,7,33,140,447
132,426,100,1,5,0,438,21,140,447
132,45,11,5,15,1,8,267,140,447
132,426,100,1,5,157,307,33,140,447
132,426,100,1,5,0,7,33,140,447
132,45,11,5,15,1,35,33,140,447
132,426,100,1,5,51,48,61,105,447
132,426,100,1,5,0,23,33,140,447
132,426,100,1,5,11,499,129,105,447
132,426,100,1,5,51,130,46,105,447
132,426,100,1,5,19,20,21,140,447
132,426,100,1,5,11,28,46,105,447
132,426,100,1,5,13,23,33,140,447
132,426,100,1,5,11,49,46,105,447
132,426,100,1,5,442,353,240,105,447
132,426,100,1,5,11,118,21,140,447
132,30,430,38,401,23,33,46,105,447
132,30,430,38,34,0,7,33,140,447
132,45,192,72,20,21,52,46,105,447
132,30,430,38,216,182,26,21,140,447
132,30,430,38,34,17,63,46,105,447
132,30,430,38,34,0,1,21,140,447
132,30,430,38,281,3,1,21,140,447
132,30,430,38,34,152,1,21,140,447
132,30,430,38,34,0,23,33,140,447
132,30,430,38,281,3,8,267,140,447
132,30,430,38,34,0,438,21,140,447
132,30,20,78,1,15,28,46,105,447
132,45,19,294,51,48,7,33,140,447
132,30,36,23,265,7,48,61,105,447
132,45,19,294,51,48,102,129,105,447
132,30,286,5,0,3,8,267,140,447
132,45,19,294,51,48,122,21,140,447
132,30,286,5,0,94,263,46,105,447
132,30,286,5,0,3,1,21,140,447
132,45,19,294,51,48,381,46,105,447
132,30,286,5,0,148,8,267,140,447
132,30,20,7,37,102,48,61,105,447
132,30,286,5,0,99,80,46,105,447
132,30,194,437,109,169,1,21,140,447
132,30,286,5,0,175,23,33,140,447
132,30,194,437,109,238,7,33,140,447
132,30,286,5,0,6,37,240,105,447
132,45,360,37,6,17,63,46,105,447
132,30,286,5,0,17,63,46,105,447
132,45,360,37,43,38,121,33,140,447
132,45,360,37,6,394,263,46,105,447
132,45,360,37,68,38,141,46,105,447
132,45,360,37,43,38,141,46,105,447
132,45,360,37,6,0,438,21,140,447
132,45,360,37,79,464,20,21,140,447
132,45,360,37,68,38,121,33,140,447
132,45,360,37,43,38,165,46,105,447
132,45,360,37,6,211,121,33,140,447
132,45,360,37,6,0,1,21,140,447
132,45,360,37,159,276,84,21,140,447
132,45,360,37,79,55,26,21,140,447
132,45,360,37,68,38,165,46,105,447
132,45,360,37,6,3,1,21,140,447
132,45,360,37,6,0,7,33,140,447
132,45,360,37,299,144,28,46,105,447
132,45,360,37,6,225,26,21,140,447
132,45,360,37,6,3,8,267,140,447
132,45,360,37,6,0,23,33,140,447
132,45,360,37,259,11,499,129,105,447
132,45,360,37,299,144,23,33,140,447
132,45,360,37,328,235,7,33,140,447
132,45,360,37,259,329,84,21,140,447
132,45,360,37,259,11,28,46,105,447
132,45,360,37,70,26,8,267,140,447
132,45,360,37,259,11,49,46,105,447
132,30,20,7,1,487,37,240,105,447
132,45,360,37,259,11,118,21,140,447
132,30,20,7,1,226,86,46,105,447
132,30,20,7,1,35,110,46,105,447
132,30,20,7,1,431,190,33,140,447
132,45,19,308,301,100,1,21,140,447
132,30,20,7,1,441,131,33,140,447
132,45,19,308,301,100,8,267,140,447
132,30,20,7,1,5,15,61,105,447
132,426,100,1,22,112,446,46,105,447
132,30,20,7,1,9,176,33,140,447
132,30,20,7,1,5,48,61,105,447
132,30,20,7,1,97,80,46,105,447
132,30,20,7,1,9,270,483,105,447
132,30,20,7,1,5,60,33,140,447
132,30,20,7,1,0,23,33,140,447
132,30,20,7,1,9,292,46,105,447
132,30,20,7,1,5,86,46,105,447
132,30,20,7,1,111,385,33,140,447
132,30,20,7,1,0,438,21,140,447
132,30,20,7,1,5,270,483,105,447
132,30,20,7,1,157,307,33,140,447
132,30,20,7,1,5,433,46,105,447
132,30,20,7,1,3,8,267,140,447
132,30,20,7,1,5,473,33,140,447
132,30,20,7,1,93,8,267,140,447
132,426,100,1,22,7,20,21,140,447
132,30,20,7,1,100,8,267,140,447
132,426,100,1,22,7,48,61,105,447
132,30,20,7,1,317,8,267,140,447
132,45,19,313,17,0,1,21,140,447
132,30,20,7,1,44,23,33,140,447
132,45,19,313,17,6,37,240,105,447
132,45,19,313,17,0,7,33,140,447
132,30,20,7,1,191,8,267,140,447
132,45,19,313,17,27,23,33,140,447
132,45,19,313,17,0,23,33,140,447
132,30,20,7,1,236,60,33,140,447
132,45,19,313,17,64,23,33,140,447
132,45,19,313,17,0,438,21,140,447
132,45,19,313,17,101,28,46,105,447
132,45,19,313,17,63,163,46,105,447
132,45,19,313,17,186,131,33,140,447
132,45,19,5,15,1,35,33,140,447
132,45,19,313,17,186,439,33,140,447
132,30,20,7,1,35,33,46,105,447
132,45,19,313,17,63,46,33,140,447
132,45,19,294,51,5,270,483,105,447
132,45,360,37,497,20,7,33,140,447
132,45,19,294,51,136,28,46,105,447
132,45,19,294,51,5,1,21,140,447
132,45,19,294,51,269,20,21,140,447
132,45,19,294,51,5,15,61,105,447
132,45,19,294,51,130,46,33,140,447
132,45,19,294,51,5,48,61,105,447
132,45,11,19,5,13,23,33,140,447
132,45,19,294,51,5,60,33,140,447
132,45,11,19,5,51,130,46,105,447
132,45,19,294,51,5,86,46,105,447
132,45,11,19,5,157,307,33,140,447
132,45,11,19,5,51,48,61,105,447
132,45,19,294,51,5,433,46,105,447
132,45,11,19,5,83,8,267,140,447
132,45,11,19,5,157,1,21,140,447
132,45,19,294,51,5,473,33,140,447
132,45,11,19,5,127,1,21,140,447
132,45,11,19,5,0,7,33,140,447
132,45,11,19,5,161,1,21,140,447
132,45,11,19,5,0,23,33,140,447
132,45,11,19,5,188,1,21,140,447
132,45,11,19,5,0,438,21,140,447
132,45,11,19,5,442,353,240,105,447
132,45,19,5,161,1,7,33,140,447
132,45,402,472,1,15,28,46,105,447
132,45,19,5,161,1,8,267,140,447
132,45,360,37,70,415,35,33,140,447
132,45,19,5,161,1,15,61,105,447
132,45,360,37,70,95,20,21,140,447
132,45,19,5,161,1,35,33,140,447
132,45,360,37,70,249,20,21,140,447
132,172,51,428,22,1,8,267,140,447
132,45,19,390,15,1,7,33,140,447
132,172,51,428,22,1,15,61,105,447
132,45,19,390,15,1,8,267,140,447
132,172,51,428,22,1,35,33,140,447
132,45,19,390,15,1,35,33,140,447
132,282,9,316,0,7,20,21,140,447
132,45,11,28,46,381,48,61,105,447
132,282,9,316,0,7,37,240,105,447
132,45,11,28,46,86,231,461,105,447
132,282,9,316,0,7,48,61,105,447
132,45,11,28,46,110,35,33,140,447
132,45,92,78,20,7,48,61,105,447
132,30,430,38,401,23,104,300,105,447
132,45,164,1,8,10,89,21,140,447
132,45,11,3,287,1,8,267,140,447
132,45,164,1,8,87,63,46,105,447
132,45,11,3,287,1,15,61,105,447
132,45,164,1,8,243,408,21,140,447
132,45,11,3,287,1,35,33,140,447
132,30,20,310,157,1,7,33,140,447
132,45,19,390,15,5,270,483,105,447
132,30,20,310,157,1,8,267,140,447
132,45,19,390,15,16,104,300,105,447
132,45,19,390,15,5,1,21,140,447
132,30,20,310,157,1,15,61,105,447
132,45,19,390,15,349,52,46,105,447
132,45,19,390,15,5,48,61,105,447
132,30,20,310,157,1,35,33,140,447
132,45,19,390,15,158,190,33,140,447
132,45,19,390,15,349,52,21,140,447
132,45,19,390,15,5,60,33,140,447
132,45,19,390,15,28,231,461,105,447
132,45,19,390,15,5,86,46,105,447
132,30,229,6,0,1,7,33,140,447
132,45,19,390,15,5,433,46,105,447
132,30,229,6,0,1,8,267,140,447
132,45,19,390,15,5,473,33,140,447
132,30,229,6,0,1,15,61,105,447
132,45,19,390,15,28,46,33,140,447
132,30,229,6,0,1,35,33,140,447
132,45,179,268,5,1,8,267,140,447
132,45,470,20,7,1,8,267,140,447
132,45,179,268,5,1,15,61,105,447
132,45,470,20,7,1,15,61,105,447
132,45,179,268,5,1,35,33,140,447
132,45,470,20,7,1,35,33,140,447
132,30,286,5,86,231,28,46,105,447
132,172,51,5,270,9,1,21,140,447
132,45,192,72,20,497,37,240,105,447
132,172,51,5,270,9,176,33,140,447
132,45,192,72,20,78,1,21,140,447
132,172,51,5,270,9,292,46,105,447
132,45,11,3,13,5,270,483,105,447
132,30,194,138,70,249,20,21,140,447
132,45,11,3,13,31,80,46,105,447
132,45,11,3,13,5,1,21,140,447
132,30,194,138,70,415,35,33,140,447
132,45,11,3,13,67,28,46,105,447
132,45,11,3,13,5,15,61,105,447
132,172,215,28,144,489,163,46,105,447
132,45,11,3,13,5,48,61,105,447
132,45,19,20,21,26,8,267,140,447
132,45,11,3,13,5,60,33,140,447
132,45,19,20,21,122,48,61,105,447
132,45,11,3,13,5,86,46,105,447
132,45,19,20,21,1,7,33,140,447
132,45,11,3,13,5,433,46,105,447
132,45,19,20,21,1,15,61,105,447
132,45,11,3,13,5,473,33,140,447
132,45,19,20,21,1,35,33,140,447
132,172,51,366,44,1,8,267,140,447
132,172,376,32,9,77,35,33,140,447
132,172,51,366,44,1,15,61,105,447
132,172,376,32,9,88,218,46,105,447
132,172,51,366,44,1,35,33,140,447
132,172,376,32,9,493,48,61,105,447
132,172,376,32,9,38,141,46,105,447
132,172,51,428,22,112,37,240,105,447
132,172,376,32,9,38,165,46,105,447
132,45,11,255,69,19,20,21,140,447
132,45,11,255,69,1,7,33,140,447
132,45,11,255,69,114,7,33,140,447
132,45,11,255,69,1,8,267,140,447
132,45,11,255,69,117,80,46,105,447
132,45,11,255,69,1,15,61,105,447
132,45,11,255,69,232,23,33,140,447
132,45,11,255,69,1,35,33,140,447
132,45,11,255,69,275,63,46,105,447
132,45,11,241,12,5,270,483,105,447
132,45,11,255,69,359,480,129,105,447
132,45,11,241,12,39,28,46,105,447
132,45,11,241,12,5,1,21,140,447
132,45,11,241,12,73,84,21,140,447
132,45,11,241,12,5,15,61,105,447
132,45,11,241,12,90,28,46,105,447
132,45,11,241,12,5,48,61,105,447
132,45,11,241,12,107,7,33,140,447
132,45,11,241,12,5,60,33,140,447
132,45,11,241,12,115,20,21,140,447
132,45,11,241,12,5,86,46,105,447
132,45,19,5,15,349,52,21,140,447
132,45,11,241,12,5,433,46,105,447
132,45,19,5,15,349,52,46,105,447
132,45,11,241,12,5,473,33,140,447
132,423,233,71,116,1,8,267,140,447
132,172,51,428,22,7,20,21,140,447
132,423,233,71,116,1,15,61,105,447
132,172,51,428,22,7,37,240,105,447
132,423,233,71,116,1,35,33,140,447
132,172,51,428,22,7,48,61,105,447
132,45,192,72,20,7,1,21,140,447
132,45,192,72,20,7,33,46,105,447
132,45,192,72,20,7,37,240,105,447
132,45,11,241,469,1,7,33,140,447
132,45,192,72,20,7,48,61,105,447
132,45,11,241,469,1,8,267,140,447
132,282,9,3,8,100,1,21,140,447
132,45,11,241,469,1,15,61,105,447
132,172,51,5,13,3,8,267,140,447
132,45,11,241,469,1,35,33,140,447
132,172,51,5,13,320,26,21,140,447
132,172,51,5,13,3,1,21,140,447
132,172,51,5,13,31,80,46,105,447
132,172,51,5,13,23,104,300,105,447
132,172,51,5,13,67,28,46,105,447
132,45,11,32,145,389,26,21,140,447
132,45,179,17,0,1,8,267,140,447
132,45,11,32,382,1,7,33,140,447
132,45,179,17,0,1,15,61,105,447
132,45,11,32,382,1,8,267,140,447
132,45,179,17,0,1,35,33,140,447
132,45,11,32,382,1,15,61,105,447
132,426,100,8,87,63,163,46,105,447
132,45,11,32,382,1,35,33,140,447
132,45,11,32,145,28,46,33,140,447
132,426,100,1,157,174,48,61,105,447
132,426,100,1,157,5,15,61,105,447
132,426,100,1,157,310,20,21,140,447
132,426,100,1,157,5,48,61,105,447
132,426,100,1,157,344,26,21,140,447
132,426,100,1,157,5,60,33,140,447
132,45,11,32,145,28,15,61,105,447
132,426,100,1,157,5,86,46,105,447
132,45,11,32,145,28,231,461,105,447
132,426,100,1,157,5,270,483,105,447
132,45,379,2,0,1,8,267,140,447
132,426,100,1,157,5,473,33,140,447
132,45,379,2,0,1,15,61,105,447
132,45,19,11,440,28,15,61,105,447
132,45,379,2,0,1,35,33,140,447
132,45,19,11,440,28,231,461,105,447
132,45,11,241,460,439,33,46,105,447
132,172,51,5,13,23,33,46,105,447
132,45,19,11,440,28,46,33,140,447
132,426,100,8,87,63,46,33,140,447
132,426,100,414,337,48,7,33,140,447
132,45,19,11,5,1,7,33,140,447
132,426,100,414,337,48,102,129,105,447
132,45,19,11,5,1,8,267,140,447
132,426,100,414,337,48,122,21,140,447
132,45,19,11,5,1,15,61,105,447
132,426,100,414,337,48,381,46,105,447
132,45,19,11,5,1,35,33,140,447
132,45,192,72,31,13,23,33,140,447
132,45,168,13,23,104,131,33,140,447
132,45,192,72,31,16,104,300,105,447
132,172,51,5,11,28,15,61,105,447
132,45,192,72,31,57,1,21,140,447
132,45,192,72,31,16,15,61,105,447
132,172,51,5,11,28,231,461,105,447
132,45,192,72,31,74,20,21,140,447
132,172,51,5,11,28,46,33,140,447
132,45,11,361,109,96,48,61,105,447
132,45,212,24,19,69,1,21,140,447
132,45,11,361,109,169,1,21,140,447
132,45,212,24,19,284,20,21,140,447
132,45,11,361,109,238,7,33,140,447
132,45,212,24,19,390,15,61,105,447
132,45,212,24,19,11,28,46,105,447
132,45,212,24,19,5,15,61,105,447
132,45,212,24,19,11,49,46,105,447
132,45,212,24,19,5,48,61,105,447
132,45,212,24,19,11,118,21,140,447
132,45,212,24,19,5,60,33,140,447
132,45,11,332,449,60,33,46,105,447
132,45,212,24,19,5,86,46,105,447
132,45,11,32,178,23,104,300,105,447
132,45,212,24,19,5,433,46,105,447
132,45,179,268,5,15,28,46,105,447
132,45,212,24,19,5,473,33,140,447
132,45,11,32,197,38,121,33,140,447
132,45,11,32,178,23,33,46,105,447
132,45,11,32,367,59,28,46,105,447
132,45,11,32,197,38,141,46,105,447
132,426,100,8,93,1,35,33,140,447
132,45,11,32,197,38,165,46,105,447
132,45,19,11,3,8,1,21,140,447
132,426,100,260,0,7,1,21,140,447
132,45,19,11,3,8,26,21,140,447
132,426,100,260,0,7,20,21,140,447
132,45,19,11,332,449,60,33,140,447
132,426,100,260,0,7,37,240,105,447
132,45,19,11,332,104,23,33,140,447
132,426,100,260,0,7,48,61,105,447
132,45,19,11,332,104,131,33,140,447
132,426,100,260,0,7,33,46,105,447
132,45,19,11,5,15,1,21,140,447
132,172,51,5,0,23,104,300,105,447
132,45,19,11,5,15,28,46,105,447
132,45,11,257,4,3,8,267,140,447
132,45,11,324,287,3,8,267,140,447
132,45,11,311,168,13,23,33,140,447
132,45,11,257,4,0,1,21,140,447
132,45,11,257,4,3,1,21,140,447
132,45,11,324,287,3,1,21,140,447
132,45,11,330,260,0,438,21,140,447
132,45,11,257,4,113,15,61,105,447
132,45,11,257,4,0,7,33,140,447
132,45,11,330,260,100,8,267,140,447
132,45,11,330,260,0,1,21,140,447
132,45,11,257,4,159,37,240,105,447
132,45,11,257,4,0,23,33,140,447
132,45,11,330,260,271,80,46,105,447
132,45,11,330,260,100,1,21,140,447
132,45,11,330,260,0,7,33,140,447
132,45,11,257,4,0,438,21,140,447
132,45,11,330,260,0,23,33,140,447
132,45,11,324,287,1,7,33,140,447
132,423,233,71,50,235,7,33,140,447
132,45,11,324,287,1,8,267,140,447
132,423,233,71,137,333,48,61,105,447
132,423,233,71,50,0,1,21,140,447
132,45,11,324,287,1,15,61,105,447
132,423,233,71,304,206,23,33,140,447
132,423,233,71,137,22,1,21,140,447
132,423,233,71,50,44,1,21,140,447
132,423,233,71,50,0,7,33,140,447
132,45,11,324,287,1,35,33,140,447
132,423,233,71,485,135,122,21,140,447
132,423,233,71,137,181,28,46,105,447
132,423,233,71,137,22,7,33,140,447
132,423,233,71,50,44,23,33,140,447
132,423,233,71,50,0,23,33,140,447
132,45,11,5,1,8,26,21,140,447
132,423,233,71,50,0,438,21,140,447
132,30,20,249,70,26,8,267,140,447
132,45,11,5,15,158,190,33,140,447
132,423,233,71,47,3,8,267,140,447
132,45,11,5,15,16,104,300,105,447
132,423,233,71,47,16,104,300,105,447
132,423,233,71,47,3,1,21,140,447
132,45,11,5,15,349,52,21,140,447
132,423,233,71,47,125,26,21,140,447
132,423,233,71,47,16,15,61,105,447
132,45,11,5,15,349,52,46,105,447
132,45,19,11,259,329,84,21,140,447
132,45,179,17,6,3,8,267,140,447
132,45,179,17,6,0,7,33,140,447
132,45,179,17,6,211,121,33,140,447
132,45,179,17,6,3,1,21,140,447
132,45,179,17,6,0,23,33,140,447
132,45,179,17,6,225,26,21,140,447
132,45,179,17,6,0,438,21,140,447
132,45,179,17,6,394,263,46,105,447
132,45,19,11,259,37,7,33,140,447
132,45,11,332,104,23,33,46,105,447
132,45,19,11,259,37,102,129,105,447
132,172,51,5,0,23,33,46,105,447
132,172,376,32,382,1,15,61,105,447
132,45,11,5,15,28,231,461,105,447
132,172,376,32,382,1,35,33,140,447
132,45,11,5,15,28,46,33,140,447
132,45,19,11,5,48,7,33,140,447
132,172,51,364,17,6,37,240,105,447
132,45,19,11,5,48,102,129,105,447
132,172,51,364,17,27,23,33,140,447
132,45,19,11,5,48,122,21,140,447
132,172,51,364,17,64,23,33,140,447
132,45,19,11,5,48,381,46,105,447
132,172,51,364,17,101,28,46,105,447
132,45,19,5,188,1,7,33,140,447
132,172,51,364,17,186,131,33,140,447
132,45,19,5,188,1,8,267,140,447
132,172,51,364,17,186,439,33,140,447
132,45,19,5,188,1,15,61,105,447
132,30,286,5,473,33,170,46,105,447
132,45,19,5,188,1,35,33,140,447
132,172,51,5,1,7,37,240,105,447
132,172,51,364,17,0,7,33,140,447
132,172,51,5,1,7,20,21,140,447
132,172,51,364,17,0,23,33,140,447
132,172,51,5,1,7,48,61,105,447
132,172,51,364,17,0,438,21,140,447
132,45,11,3,8,1,7,33,140,447
132,172,51,5,1,7,33,46,105,447
132,45,11,3,8,1,15,61,105,447
132,45,53,198,116,1,7,33,140,447
132,45,11,3,8,1,35,33,140,447
132,45,53,198,116,1,8,267,140,447
132,30,20,7,478,130,46,33,140,447
132,45,53,198,116,1,15,61,105,447
132,45,19,11,40,23,104,300,105,447
132,45,53,198,116,1,35,33,140,447
132,45,168,13,23,33,170,46,105,447
132,45,19,11,40,23,33,46,105,447
132,172,51,5,15,158,190,33,140,447
132,30,286,5,1,8,26,21,140,447
132,172,51,5,15,16,104,300,105,447
132,45,168,13,23,0,1,21,140,447
132,172,51,5,15,349,52,21,140,447
132,45,168,13,23,144,28,46,105,447
132,45,168,13,23,0,7,33,140,447
132,172,51,5,15,349,52,46,105,447
132,45,168,13,23,40,153,33,140,447
132,45,168,13,23,0,438,21,140,447
132,45,168,13,23,419,84,21,140,447
132,411,205,380,383,23,33,46,105,447
132,45,168,13,23,265,7,33,140,447
132,30,20,78,1,487,37,240,105,447
132,45,168,13,23,41,28,46,105,447
132,30,20,78,1,226,86,46,105,447
132,45,168,13,23,44,1,21,140,447
132,30,20,78,1,431,190,33,140,447
132,45,168,13,23,337,48,61,105,447
132,30,20,78,1,441,131,33,140,447
132,45,168,13,23,150,104,300,105,447
132,30,20,78,1,5,473,33,140,447
132,45,179,17,6,37,102,129,105,447
132,30,20,78,1,97,80,46,105,447
132,30,20,78,1,5,15,61,105,447
132,30,20,78,1,9,176,33,140,447
132,30,20,78,1,5,48,61,105,447
132,30,20,78,1,0,7,33,140,447
132,30,20,78,1,9,270,483,105,447
132,30,20,78,1,5,60,33,140,447
132,30,20,78,1,3,8,267,140,447
132,30,20,78,1,0,23,33,140,447
132,30,20,78,1,9,292,46,105,447
132,30,20,78,1,5,86,46,105,447
132,30,20,78,1,100,8,267,140,447
132,30,20,78,1,0,438,21,140,447
132,30,20,78,1,5,270,483,105,447
132,30,20,78,1,317,8,267,140,447
132,30,20,78,1,5,433,46,105,447
132,30,20,78,1,111,385,33,140,447
132,45,85,399,471,1,35,33,140,447
132,30,20,78,1,22,7,33,140,447
132,45,19,11,5,60,33,46,105,447
132,30,20,78,1,44,23,33,140,447
132,172,51,5,1,8,26,21,140,447
132,30,20,78,1,157,307,33,140,447
132,45,19,11,32,247,48,61,105,447
132,30,20,78,1,93,8,267,140,447
132,45,19,11,139,359,480,129,105,447
132,45,19,11,32,9,270,483,105,447
132,30,20,78,1,191,8,267,140,447
132,45,19,11,241,460,439,33,140,447
132,45,19,11,32,382,1,21,140,447
132,45,19,11,32,9,1,21,140,447
132,30,20,78,1,236,60,33,140,447
132,45,19,11,255,69,1,21,140,447
132,45,19,11,241,469,1,21,140,447
132,45,19,11,32,145,28,46,105,447
132,45,19,11,32,9,176,33,140,447
132,45,19,11,361,109,219,21,140,447
132,45,19,11,32,178,23,33,140,447
132,45,19,11,32,9,292,46,105,447
132,45,19,11,324,287,1,21,140,447
132,45,19,11,475,1,7,33,140,447
132,172,215,28,440,11,499,129,105,447
132,45,19,11,475,1,8,267,140,447
132,172,215,28,244,85,52,21,140,447
132,172,215,28,440,11,49,46,105,447
132,45,19,11,475,1,15,61,105,447
132,172,215,28,90,111,385,33,140,447
132,172,215,28,244,331,35,33,140,447
132,172,215,28,244,85,52,46,105,447
132,172,215,28,440,11,118,21,140,447
132,45,19,11,475,1,35,33,140,447
132,172,215,28,183,16,15,61,105,447
132,172,215,28,90,111,1,21,140,447
132,172,215,28,387,186,131,33,140,447
132,172,215,28,183,16,104,300,105,447
132,172,215,28,356,10,89,21,140,447
132,172,215,28,387,186,439,33,140,447
132,172,215,28,404,72,20,21,140,447
132,172,215,28,356,10,8,267,140,447
132,172,215,28,136,158,190,33,140,447
132,30,194,138,70,37,102,129,105,447
132,172,215,28,101,17,63,46,105,447
132,172,215,28,136,51,48,61,105,447
132,172,215,28,136,158,15,61,105,447
132,172,215,28,59,3,1,21,140,447
132,172,215,28,136,51,130,46,105,447
132,172,215,28,67,13,23,33,140,447
132,172,215,28,59,3,8,267,140,447
132,172,215,28,98,3,1,21,140,447
132,282,9,270,5,0,7,33,140,447
132,172,215,28,98,3,8,267,140,447
132,282,9,270,5,11,118,21,140,447
132,282,9,270,5,0,1,21,140,447
132,282,9,270,5,51,48,61,105,447
132,282,9,270,5,11,28,46,105,447
132,282,9,270,5,0,23,33,140,447
132,282,9,270,5,13,23,33,140,447
132,282,9,270,5,51,130,46,105,447
132,282,9,270,5,11,49,46,105,447
132,282,9,270,5,0,438,21,140,447
132,282,9,270,5,19,20,21,140,447
132,282,9,270,5,11,499,129,105,447
132,282,9,270,5,157,307,33,140,447
132,30,20,78,1,35,110,46,105,447
132,282,9,270,5,83,8,267,140,447
132,282,9,270,5,157,1,21,140,447
132,282,9,270,5,127,1,21,140,447
132,30,20,78,1,35,33,46,105,447
132,282,9,270,5,161,1,21,140,447
132,45,19,11,40,153,33,46,105,447
132,282,9,270,5,188,1,21,140,447
132,45,19,11,5,86,231,461,105,447
132,282,9,270,5,442,353,240,105,447
132,45,19,11,5,86,46,33,140,447
132,411,205,380,383,23,104,300,105,447
132,45,109,169,1,21,52,46,105,447
132,45,179,17,0,7,20,21,140,447
132,172,51,5,1,15,28,46,105,447
132,45,179,17,0,7,37,240,105,447
132,30,20,7,48,102,37,240,105,447
132,45,179,17,0,7,48,61,105,447
132,172,51,177,13,5,270,483,105,447
132,172,51,177,13,3,1,21,140,447
132,172,51,177,13,31,80,46,105,447
132,172,51,177,13,5,1,21,140,447
132,172,51,177,13,67,28,46,105,447
132,172,51,177,13,5,15,61,105,447
132,172,51,177,13,320,26,21,140,447
132,172,51,177,13,5,48,61,105,447
132,426,100,8,317,1,35,33,140,447
132,172,51,177,13,5,60,33,140,447
132,30,128,243,408,21,52,46,105,447
132,172,51,177,13,5,86,46,105,447
132,411,205,79,55,26,8,267,140,447
132,172,51,177,13,5,433,46,105,447
132,30,286,5,0,1,7,33,140,447
132,172,51,177,13,5,473,33,140,447
132,30,286,5,0,1,8,267,140,447
132,45,11,32,9,1,7,33,140,447
132,30,286,5,0,1,15,61,105,447
132,45,11,32,9,1,8,267,140,447
132,30,286,5,0,1,35,33,140,447
132,45,11,32,9,1,15,61,105,447
132,45,19,11,5,433,46,33,140,447
132,45,11,32,9,1,35,33,140,447
132,411,205,6,0,1,7,33,140,447
132,172,51,5,1,35,110,46,105,447
132,411,205,6,0,1,8,267,140,447
132,282,9,1,7,200,37,240,105,447
132,411,205,6,0,1,15,61,105,447
132,172,51,5,1,487,37,240,105,447
132,411,205,6,0,1,35,33,140,447
132,172,51,5,1,226,86,46,105,447
132,426,100,1,296,95,20,21,140,447
132,172,51,5,1,236,60,33,140,447
132,426,100,1,220,83,8,267,140,447
132,172,51,5,1,78,20,21,140,447
132,426,100,1,475,11,28,46,105,447
132,172,51,5,1,431,190,33,140,447
132,426,100,1,134,180,176,33,140,447
132,426,100,1,475,11,49,46,105,447
132,172,51,5,1,441,131,33,140,447
132,426,100,1,161,5,15,61,105,447
132,426,100,1,134,73,84,21,140,447
132,426,100,1,475,11,118,21,140,447
132,172,51,5,1,9,176,33,140,447
132,426,100,1,188,5,60,33,140,447
132,426,100,1,161,5,48,61,105,447
132,426,100,1,475,11,499,129,105,447
132,172,51,5,1,0,7,33,140,447
132,172,51,5,1,9,270,483,105,447
132,426,100,1,127,5,270,483,105,447
132,426,100,1,188,5,15,61,105,447
132,426,100,1,161,5,60,33,140,447
132,172,51,5,1,3,8,267,140,447
132,172,51,5,1,0,23,33,140,447
132,172,51,5,1,9,292,46,105,447
132,426,100,1,169,109,219,21,140,447
132,426,100,1,127,5,15,61,105,447
132,426,100,1,188,5,48,61,105,447
132,426,100,1,161,5,86,46,105,447
132,172,51,5,1,97,80,46,105,447
132,172,51,5,1,0,438,21,140,447
132,426,100,1,57,31,80,46,105,447
132,426,100,1,127,5,48,61,105,447
132,426,100,1,188,5,86,46,105,447
132,426,100,1,161,5,270,483,105,447
132,172,51,5,1,100,8,267,140,447
132,426,100,1,108,97,80,46,105,447
132,426,100,1,57,65,60,33,140,447
132,426,100,1,127,5,60,33,140,447
132,426,100,1,188,5,270,483,105,447
132,426,100,1,161,5,433,46,105,447
132,172,51,5,1,317,8,267,140,447
132,426,100,1,392,3,8,267,140,447
132,426,100,1,127,5,86,46,105,447
132,426,100,1,188,5,433,46,105,447
132,426,100,1,161,5,473,33,140,447
132,172,51,5,1,111,385,33,140,447
132,426,100,1,287,3,8,267,140,447
132,426,100,1,127,5,433,46,105,447
132,426,100,1,188,5,473,33,140,447
132,172,51,5,1,22,7,33,140,447
132,426,100,1,127,5,473,33,140,447
132,172,51,5,1,44,23,33,140,447
132,426,100,1,69,19,20,21,140,447
132,172,51,5,1,157,307,33,140,447
132,426,100,1,69,117,80,46,105,447
132,172,51,5,1,93,8,267,140,447
132,426,100,1,69,232,23,33,140,447
132,172,51,5,1,191,8,267,140,447
132,426,100,1,69,114,7,33,140,447
132,172,51,5,1,35,33,46,105,447
132,426,100,1,69,275,63,46,105,447
132,45,360,37,7,48,102,129,105,447
132,45,402,472,1,487,37,240,105,447
132,45,360,37,7,48,122,21,140,447
132,45,402,472,1,226,86,46,105,447
132,45,360,37,7,48,381,46,105,447
132,45,402,472,1,78,20,21,140,447
132,45,11,32,9,176,33,46,105,447
132,45,402,472,1,431,190,33,140,447
132,45,19,11,5,0,1,21,140,447
132,45,402,472,1,441,131,33,140,447
132,45,19,11,5,13,23,33,140,447
132,45,19,11,5,0,7,33,140,447
132,45,402,472,1,5,473,33,140,447
132,45,19,11,5,51,130,46,105,447
132,45,19,11,5,0,23,33,140,447
132,45,402,472,1,97,80,46,105,447
132,45,402,472,1,5,15,61,105,447
132,45,19,11,5,157,307,33,140,447
132,45,19,11,5,51,48,61,105,447
132,45,19,11,5,0,438,21,140,447
132,45,402,472,1,9,176,33,140,447
132,45,402,472,1,5,48,61,105,447
132,45,19,11,5,83,8,267,140,447
132,45,19,11,5,157,1,21,140,447
132,45,402,472,1,0,7,33,140,447
132,45,402,472,1,9,270,483,105,447
132,45,402,472,1,5,60,33,140,447
132,45,19,11,5,127,1,21,140,447
132,45,402,472,1,3,8,267,140,447
132,45,402,472,1,0,23,33,140,447
132,45,402,472,1,9,292,46,105,447
132,45,402,472,1,5,86,46,105,447
132,45,19,11,5,161,1,21,140,447
132,45,402,472,1,100,8,267,140,447
132,45,402,472,1,0,438,21,140,447
132,45,402,472,1,5,270,483,105,447
132,45,19,11,5,188,1,21,140,447
132,45,402,472,1,317,8,267,140,447
132,45,402,472,1,5,433,46,105,447
132,45,19,11,5,442,353,240,105,447
132,45,402,472,1,111,385,33,140,447
132,45,379,2,0,6,37,240,105,447
132,45,402,472,1,22,7,33,140,447
132,45,379,2,0,17,63,46,105,447
132,45,402,472,1,44,23,33,140,447
132,45,379,2,0,94,263,46,105,447
132,45,402,472,1,157,307,33,140,447
132,45,379,2,0,99,80,46,105,447
132,45,402,472,1,93,8,267,140,447
132,45,379,2,0,148,8,267,140,447
132,45,402,472,1,191,8,267,140,447
132,45,379,2,0,175,23,33,140,447
132,45,402,472,1,236,60,33,140,447
132,45,379,2,0,5,1,21,140,447
132,45,19,11,5,473,33,46,105,447
132,45,379,2,0,5,15,61,105,447
132,45,360,37,7,478,130,46,105,447
132,45,379,2,0,5,48,61,105,447
132,45,360,37,7,0,438,21,140,447
132,45,379,2,0,5,60,33,140,447
132,45,360,37,7,62,353,240,105,447
132,45,360,37,7,0,1,21,140,447
132,45,379,2,0,5,86,46,105,447
132,45,360,37,7,265,23,33,140,447
132,45,360,37,7,0,23,33,140,447
132,45,379,2,0,5,433,46,105,447
132,45,360,37,7,22,1,21,140,447
132,45,379,2,0,5,473,33,140,447
132,45,360,37,345,292,46,33,140,447
132,45,402,472,1,35,110,46,105,447
132,45,11,5,60,195,131,33,140,447
132,45,402,472,1,35,33,46,105,447
132,45,11,5,60,236,1,21,140,447
132,45,11,5,51,48,7,33,140,447
132,30,54,19,69,117,80,46,105,447
132,45,11,5,51,48,102,129,105,447
132,30,54,19,69,232,23,33,140,447
132,45,11,5,51,48,122,21,140,447
132,30,54,19,69,114,7,33,140,447
132,45,11,5,51,48,381,46,105,447
132,30,54,19,69,275,63,46,105,447
132,45,192,72,31,80,46,33,140,447
132,45,19,11,3,0,1,21,140,447
132,30,124,143,0,7,1,21,140,447
132,45,19,11,3,6,37,240,105,447
132,45,19,11,3,0,7,33,140,447
132,30,124,143,0,7,20,21,140,447
132,45,19,11,3,9,270,483,105,447
132,45,19,11,3,0,23,33,140,447
132,30,124,143,0,7,37,240,105,447
132,45,19,11,3,133,8,267,140,447
132,45,19,11,3,9,1,21,140,447
132,45,19,11,3,0,438,21,140,447
132,30,124,143,0,7,48,61,105,447
132,45,19,11,3,59,28,46,105,447
132,45,19,11,3,9,176,33,140,447
132,45,19,11,3,98,28,46,105,447
132,45,19,11,3,9,292,46,105,447
132,45,19,11,3,498,28,46,105,447
132,411,205,6,37,7,33,46,105,447
132,45,19,11,3,287,1,21,140,447
132,172,51,294,19,11,499,129,105,447
132,45,19,11,3,290,60,33,140,447
132,172,51,294,19,69,1,21,140,447
132,172,51,294,19,11,28,46,105,447
132,45,19,11,3,13,23,33,140,447
132,172,51,294,19,284,20,21,140,447
132,172,51,294,19,11,49,46,105,447
132,45,19,11,3,392,1,21,140,447
132,172,51,294,19,390,15,61,105,447
132,172,51,294,19,11,118,21,140,447
132,45,11,32,9,3,8,267,140,447
132,172,51,294,19,5,1,21,140,447
132,45,11,32,9,38,121,33,140,447
132,45,11,32,9,3,1,21,140,447
132,172,51,294,19,5,15,61,105,447
132,45,11,32,9,77,35,33,140,447
132,45,11,32,9,38,141,46,105,447
132,172,51,294,19,5,48,61,105,447
132,45,11,32,9,88,218,46,105,447
132,45,11,32,9,38,165,46,105,447
132,172,51,294,19,5,60,33,140,447
132,45,11,32,9,493,48,61,105,447
132,172,51,294,19,5,86,46,105,447
132,45,11,32,9,292,46,33,140,447
132,172,51,294,19,5,433,46,105,447
132,426,100,8,191,1,35,33,140,447
132,172,51,294,19,5,473,33,140,447
132,411,205,6,37,7,1,21,140,447
132,45,11,5,0,7,1,21,140,447
132,411,205,6,37,7,20,21,140,447
132,45,11,5,0,7,20,21,140,447
132,411,205,6,37,7,48,61,105,447
132,45,11,5,0,7,37,240,105,447
132,45,11,5,0,7,33,46,105,447
132,45,11,5,0,7,48,61,105,447
132,30,124,143,0,7,33,46,105,447
132,45,11,475,1,78,20,21,140,447
132,45,11,5,13,3,8,267,140,447
132,45,11,475,1,431,190,33,140,447
132,45,11,5,13,320,26,21,140,447
132,45,11,5,13,3,1,21,140,447
132,45,11,475,1,441,131,33,140,447
132,45,11,5,13,31,80,46,105,447
132,45,11,475,1,5,15,61,105,447
132,45,11,5,13,67,28,46,105,447
132,45,11,475,1,9,176,33,140,447
132,45,11,475,1,5,48,61,105,447
132,45,11,475,1,0,7,33,140,447
132,45,11,475,1,9,270,483,105,447
132,45,11,475,1,5,60,33,140,447
132,45,11,475,1,3,8,267,140,447
132,45,11,475,1,0,23,33,140,447
132,45,11,475,1,9,292,46,105,447
132,45,11,475,1,5,86,46,105,447
132,45,11,475,1,97,80,46,105,447
132,45,11,475,1,0,438,21,140,447
132,45,11,475,1,5,270,483,105,447
132,45,11,475,1,100,8,267,140,447
132,45,11,475,1,5,433,46,105,447
132,45,11,475,1,317,8,267,140,447
132,45,11,475,1,5,473,33,140,447
132,45,11,475,1,111,385,33,140,447
132,172,51,5,15,1,7,33,140,447
132,45,11,475,1,22,7,33,140,447
132,172,51,5,15,1,8,267,140,447
132,45,11,475,1,44,23,33,140,447
132,172,51,5,15,1,35,33,140,447
132,45,11,475,1,157,307,33,140,447
132,30,229,6,3,8,1,21,140,447
132,45,11,475,1,93,8,267,140,447
132,30,229,6,3,8,26,21,140,447
132,45,11,475,1,191,8,267,140,447
132,45,11,5,13,23,104,300,105,447
132,172,51,5,127,1,35,33,140,447
132,45,11,5,13,23,33,46,105,447
132,45,11,5,51,136,28,46,105,447
132,45,179,268,5,48,102,129,105,447
132,45,11,5,51,269,20,21,140,447
132,45,179,268,5,48,122,21,140,447
132,45,11,28,15,5,473,33,140,447
132,45,179,268,5,48,381,46,105,447
132,45,11,28,15,158,190,33,140,447
132,45,11,28,15,5,1,21,140,447
132,45,11,28,15,16,104,300,105,447
132,45,11,28,15,5,48,61,105,447
132,45,11,28,15,349,52,21,140,447
132,45,11,28,15,5,60,33,140,447
132,45,11,28,15,349,52,46,105,447
132,45,11,28,15,5,86,46,105,447
132,45,11,28,15,1,7,33,140,447
132,45,11,28,15,5,270,483,105,447
132,45,11,28,15,1,8,267,140,447
132,45,11,28,15,5,433,46,105,447
132,45,11,28,15,1,35,33,140,447
132,426,100,8,484,200,7,33,140,447
132,45,11,5,51,130,46,33,140,447
132,426,100,8,228,77,35,33,140,447
132,426,100,8,484,200,37,240,105,447
132,426,100,8,213,468,393,129,105,447
132,426,100,8,148,0,1,21,140,447
132,426,100,8,133,3,1,21,140,447
132,426,100,8,148,0,7,33,140,447
132,426,100,8,391,340,35,33,140,447
132,426,100,8,148,0,438,21,140,447
132,45,11,5,0,23,104,300,105,447
132,172,51,160,0,7,20,21,140,447
132,45,11,5,0,23,33,46,105,447
132,172,51,160,0,7,37,240,105,447
132,45,19,11,3,1,7,33,140,447
132,172,51,160,0,7,48,61,105,447
132,45,19,11,3,1,8,267,140,447
132,30,430,38,141,46,52,21,140,447
132,45,19,11,3,1,15,61,105,447
132,30,430,38,141,46,170,33,140,447
132,45,19,11,3,1,35,33,140,447
132,45,19,5,491,310,20,21,140,447
132,30,20,310,491,5,433,46,105,447
132,45,19,5,18,453,28,46,105,447
132,30,20,310,365,69,1,21,140,447
132,30,20,310,491,5,1,21,140,447
132,45,19,5,286,429,48,61,105,447
132,45,19,5,18,6,37,240,105,447
132,30,20,310,491,5,15,61,105,447
132,45,19,5,363,74,20,21,140,447
132,45,19,5,286,30,20,21,140,447
132,30,20,310,491,5,48,61,105,447
132,45,19,5,362,299,37,240,105,447
132,30,20,310,491,5,60,33,140,447
132,45,19,5,291,136,28,46,105,447
132,30,20,310,491,5,86,46,105,447
132,45,19,5,436,383,23,33,140,447
132,30,20,310,491,5,270,483,105,447
132,45,19,5,12,73,84,21,140,447
132,30,20,310,491,5,473,33,140,447
132,45,19,5,66,65,60,33,140,447
132,45,19,5,12,115,20,21,140,447
132,45,19,5,126,101,28,46,105,447
132,45,19,5,12,39,28,46,105,447
132,45,19,5,309,272,7,33,140,447
132,45,19,5,126,427,7,33,140,447
132,45,19,5,12,90,28,46,105,447
132,426,100,8,83,5,15,61,105,447
132,45,19,5,12,107,7,33,140,447
132,426,100,8,83,5,48,61,105,447
132,30,20,269,51,48,7,33,140,447
132,426,100,8,83,5,60,33,140,447
132,30,20,269,51,48,102,129,105,447
132,426,100,8,83,5,270,483,105,447
132,30,20,269,51,48,122,21,140,447
132,426,100,8,83,5,433,46,105,447
132,30,20,269,51,48,381,46,105,447
132,426,100,8,83,5,473,33,140,447
132,45,11,5,157,307,33,46,105,447
132,30,16,31,57,65,60,33,140,447
132,30,16,31,57,1,7,33,140,447
132,45,11,3,0,175,23,33,140,447
132,30,16,31,57,1,8,267,140,447
132,45,11,3,0,6,37,240,105,447
132,30,16,31,57,1,15,61,105,447
132,45,11,3,0,17,63,46,105,447
132,30,16,31,57,1,35,33,140,447
132,45,11,5,0,3,8,267,140,447
132,411,205,79,464,20,7,33,140,447
132,45,11,5,0,94,263,46,105,447
132,45,11,5,0,3,1,21,140,447
132,45,11,5,0,148,8,267,140,447
132,45,109,361,11,49,46,33,140,447
132,45,11,5,0,99,80,46,105,447
132,45,11,5,83,220,1,21,140,447
132,45,11,5,0,175,23,33,140,447
132,282,9,493,48,337,23,33,140,447
132,45,11,5,0,6,37,240,105,447
132,45,11,5,83,8,1,21,140,447
132,45,11,5,0,17,63,46,105,447
132,45,11,5,83,8,26,21,140,447
132,45,109,238,7,37,102,129,105,447
132,30,229,6,0,7,1,21,140,447
132,45,11,5,157,174,48,61,105,447
132,30,229,6,0,7,20,21,140,447
132,45,11,5,157,310,20,21,140,447
132,30,229,6,0,7,37,240,105,447
132,45,11,5,157,344,26,21,140,447
132,30,229,6,0,7,48,61,105,447
132,45,11,5,157,1,7,33,140,447
132,45,11,475,1,21,52,46,105,447
132,45,11,5,157,1,8,267,140,447
132,282,9,493,48,5,15,61,105,447
132,45,11,5,157,1,15,61,105,447
132,282,9,493,48,5,60,33,140,447
132,45,11,5,157,1,35,33,140,447
132,282,9,493,48,5,86,46,105,447
132,30,229,6,0,7,33,46,105,447
132,282,9,493,48,5,433,46,105,447
132,30,124,100,1,7,20,21,140,447
132,282,9,493,48,5,473,33,140,447
132,30,124,100,1,7,48,61,105,447
132,172,51,5,15,28,231,461,105,447
132,172,51,5,15,28,46,33,140,447
132,30,20,21,1,35,33,46,105,447
132,282,9,176,180,134,1,21,140,447
132,30,20,310,157,5,270,483,105,447
132,30,20,249,70,415,35,33,140,447
132,30,20,310,157,174,48,61,105,447
132,30,20,310,157,5,1,21,140,447
132,30,20,310,157,344,26,21,140,447
132,30,20,310,157,5,15,61,105,447
132,30,16,31,72,20,7,33,140,447
132,30,20,310,157,5,48,61,105,447
132,30,16,31,72,404,28,46,105,447
132,30,20,310,157,5,60,33,140,447
132,30,20,310,157,307,33,46,105,447
132,30,20,310,157,5,86,46,105,447
132,45,11,3,0,5,86,46,105,447
132,30,20,310,157,5,433,46,105,447
132,45,11,3,0,5,270,483,105,447
132,30,20,310,157,5,473,33,140,447
132,45,11,5,127,1,7,33,140,447
132,30,286,5,15,1,7,33,140,447
132,45,11,3,0,5,433,46,105,447
132,30,16,31,75,3,8,267,140,447
132,45,11,5,127,1,8,267,140,447
132,30,286,5,15,1,8,267,140,447
132,45,11,3,0,5,473,33,140,447
132,30,16,31,128,243,8,267,140,447
132,30,16,31,75,3,1,21,140,447
132,45,11,5,127,1,15,61,105,447
132,30,286,5,15,1,35,33,140,447
132,30,16,31,128,243,408,21,140,447
132,30,16,31,74,94,263,46,105,447
132,45,11,5,127,1,35,33,140,447
132,30,16,397,391,8,26,21,140,447
132,30,16,15,1,7,37,240,105,447
132,30,16,31,74,20,7,33,140,447
132,45,11,3,1,7,48,61,105,447
132,45,53,38,43,37,102,129,105,447
132,30,16,15,1,7,20,21,140,447
132,45,168,13,3,8,1,21,140,447
132,45,11,5,161,227,1,21,140,447
132,30,54,19,69,1,8,267,140,447
132,30,16,15,1,7,48,61,105,447
132,45,168,13,3,8,26,21,140,447
132,45,19,5,51,136,28,46,105,447
132,30,54,19,69,1,15,61,105,447
132,30,16,15,1,7,33,46,105,447
132,45,11,5,161,1,7,33,140,447
132,45,19,5,51,269,20,21,140,447
132,30,54,19,69,1,35,33,140,447
132,172,51,48,7,0,438,21,140,447
132,45,11,5,161,1,8,267,140,447
132,45,355,161,5,1,15,61,105,447
132,172,51,48,7,37,102,129,105,447
132,172,51,48,7,478,130,46,105,447
132,172,51,48,7,0,1,21,140,447
132,45,11,5,161,1,15,61,105,447
132,45,355,161,5,1,35,33,140,447
132,172,51,48,7,62,353,240,105,447
132,172,51,48,7,0,23,33,140,447
132,45,11,5,161,1,35,33,140,447
132,172,51,160,0,5,270,483,105,447
132,172,51,48,7,265,23,33,140,447
132,45,168,311,11,28,15,61,105,447
132,45,168,311,11,28,46,33,140,447
132,172,51,160,0,6,37,240,105,447
132,172,51,160,0,5,1,21,140,447
132,172,51,48,7,22,1,21,140,447
132,45,168,311,11,28,231,461,105,447
132,172,51,160,0,17,63,46,105,447
132,172,51,160,0,5,15,61,105,447
132,172,51,48,7,200,37,240,105,447
132,172,51,160,0,3,1,21,140,447
132,172,51,160,0,94,263,46,105,447
132,172,51,160,0,5,48,61,105,447
132,282,9,3,0,1,15,61,105,447
132,172,51,48,102,37,7,33,140,447
132,172,51,160,0,99,80,46,105,447
132,172,51,160,0,5,60,33,140,447
132,282,9,3,0,1,35,33,140,447
132,45,379,2,0,7,48,61,105,447
132,172,51,160,0,148,8,267,140,447
132,172,51,160,0,5,86,46,105,447
132,45,11,5,188,1,7,33,140,447
132,30,16,104,23,144,28,46,105,447
132,172,51,160,0,175,23,33,140,447
132,172,51,160,0,5,433,46,105,447
132,45,11,5,188,1,8,267,140,447
132,30,16,104,23,44,1,21,140,447
132,45,19,5,51,48,7,33,140,447
132,172,51,160,0,5,473,33,140,447
132,45,11,5,188,1,15,61,105,447
132,30,16,104,23,337,48,61,105,447
132,45,19,5,51,48,102,129,105,447
132,45,470,20,497,37,7,33,140,447
132,45,11,5,188,1,35,33,140,447
132,30,16,104,23,265,7,33,140,447
132,45,19,5,51,48,122,21,140,447
132,45,470,20,497,37,102,129,105,447
132,30,16,104,23,0,1,21,140,447
132,30,16,104,23,40,153,33,140,447
132,45,19,5,51,48,381,46,105,447
132,45,11,5,19,69,1,21,140,447
132,30,16,104,23,0,7,33,140,447
132,30,16,104,23,41,28,46,105,447
132,411,205,79,37,7,20,21,140,447
132,45,11,5,19,284,20,21,140,447
132,45,11,5,19,20,7,33,140,447
132,30,16,104,23,419,84,21,140,447
132,411,205,79,37,7,48,61,105,447
132,45,11,5,19,390,15,61,105,447
132,45,151,42,82,201,20,21,140,447
132,172,376,402,45,11,499,129,105,447
132,45,11,5,491,310,20,21,140,447
132,45,151,42,81,5,1,21,140,447
132,45,151,42,463,116,1,21,140,447
132,45,151,42,82,67,28,46,105,447
132,172,376,402,462,57,1,21,140,447
132,172,376,402,45,19,20,21,140,447
132,172,376,402,45,11,28,46,105,447
132,45,11,5,18,453,28,46,105,447
132,45,151,42,81,5,15,61,105,447
132,172,376,402,45,85,52,46,105,447
132,172,376,402,45,11,49,46,105,447
132,45,11,5,286,429,48,61,105,447
132,45,11,5,18,6,37,240,105,447
132,45,151,42,81,5,48,61,105,447
132,172,376,402,45,109,219,21,140,447
132,172,376,402,45,85,52,21,140,447
132,172,376,402,45,11,118,21,140,447
132,45,11,5,362,299,37,240,105,447
132,45,11,5,286,30,20,21,140,447
132,45,151,42,81,5,60,33,140,447
132,172,376,402,45,164,1,21,140,447
132,45,11,5,363,74,20,21,140,447
132,45,151,42,4,3,8,267,140,447
132,45,151,42,81,5,86,46,105,447
132,172,376,402,45,166,35,33,140,447
132,45,11,5,291,136,28,46,105,447
132,45,151,42,4,113,15,61,105,447
132,45,151,42,4,3,1,21,140,447
132,45,151,42,81,5,433,46,105,447
132,172,376,402,45,360,37,240,105,447
132,45,11,5,436,383,23,33,140,447
132,45,151,42,4,0,7,33,140,447
132,45,151,42,81,5,473,33,140,447
132,172,376,402,45,470,20,21,140,447
132,45,11,5,12,73,84,21,140,447
132,45,151,42,4,0,23,33,140,447
132,45,109,169,1,7,37,240,105,447
132,282,9,32,382,1,8,267,140,447
132,45,11,5,66,65,60,33,140,447
132,45,11,5,12,115,20,21,140,447
132,45,151,42,4,0,438,21,140,447
132,45,109,169,1,7,20,21,140,447
132,282,9,32,382,1,15,61,105,447
132,45,11,5,126,101,28,46,105,447
132,45,11,5,12,39,28,46,105,447
132,45,109,169,1,7,48,61,105,447
132,282,9,32,382,1,35,33,140,447
132,45,11,5,309,272,7,33,140,447
132,45,11,5,126,427,7,33,140,447
132,45,11,5,12,90,28,46,105,447
132,30,128,31,80,395,163,46,105,447
132,45,109,169,1,7,33,46,105,447
132,172,376,402,472,1,7,33,140,447
132,45,11,5,12,107,7,33,140,447
132,45,164,1,487,37,102,129,105,447
132,45,151,42,6,17,63,46,105,447
132,172,376,402,472,1,8,267,140,447
132,45,151,42,6,3,1,21,140,447
132,172,51,5,19,11,499,129,105,447
132,45,151,42,6,211,121,33,140,447
132,172,376,402,472,1,15,61,105,447
132,45,109,96,288,35,110,46,105,447
132,172,51,5,19,69,1,21,140,447
132,172,51,5,19,11,28,46,105,447
132,45,151,42,6,225,26,21,140,447
132,172,376,402,472,1,35,33,140,447
132,172,51,5,19,284,20,21,140,447
132,172,51,5,19,11,49,46,105,447
132,45,151,42,6,394,263,46,105,447
132,45,85,52,349,15,28,46,105,447
132,172,51,5,19,390,15,61,105,447
132,172,51,5,19,11,118,21,140,447
132,172,51,5,19,20,7,33,140,447
132,45,151,42,6,0,23,33,140,447
132,45,192,72,404,28,15,61,105,447
132,30,20,95,222,6,37,240,105,447
132,30,20,95,209,40,23,33,140,447
132,45,151,42,6,0,438,21,140,447
132,45,192,72,404,28,231,461,105,447
132,30,20,95,222,256,7,33,140,447
132,30,20,95,209,40,153,33,140,447
132,30,20,95,209,413,122,21,140,447
132,411,205,79,37,345,292,46,105,447
132,45,192,72,404,28,46,33,140,447
132,30,20,19,5,1,8,267,140,447
132,30,20,78,1,7,48,61,105,447
132,411,205,79,37,70,393,129,105,447
132,45,166,208,12,73,84,21,140,447
132,30,20,19,5,1,15,61,105,447
132,45,11,5,48,7,1,21,140,447
132,411,205,79,37,487,1,21,140,447
132,411,205,79,37,70,26,21,140,447
132,45,166,208,12,90,28,46,105,447
132,30,20,19,5,1,35,33,140,447
132,45,11,5,48,7,20,21,140,447
132,411,205,79,37,200,7,33,140,447
132,45,166,208,12,107,7,33,140,447
132,45,11,5,48,7,33,46,105,447
132,45,11,5,48,7,37,240,105,447
132,411,205,79,37,112,446,46,105,447
132,45,166,208,12,115,20,21,140,447
132,30,54,19,5,48,102,129,105,447
132,45,166,208,12,5,15,61,105,447
132,45,179,17,0,5,270,483,105,447
132,45,179,17,0,3,1,21,140,447
132,30,54,19,5,48,122,21,140,447
132,45,166,208,12,5,48,61,105,447
132,45,179,17,0,6,37,240,105,447
132,45,179,17,0,5,1,21,140,447
132,30,54,19,5,48,381,46,105,447
132,45,166,208,12,5,60,33,140,447
132,45,179,17,0,175,23,33,140,447
132,45,179,17,0,5,15,61,105,447
132,282,9,1,21,20,7,33,140,447
132,45,166,208,12,5,86,46,105,447
132,45,179,17,0,99,80,46,105,447
132,45,179,17,0,5,48,61,105,447
132,282,9,1,21,122,48,61,105,447
132,45,166,208,12,5,433,46,105,447
132,45,179,17,0,94,263,46,105,447
132,45,179,17,0,5,60,33,140,447
132,172,215,28,11,40,23,33,140,447
132,45,166,208,12,5,473,33,140,447
132,45,179,17,0,148,8,267,140,447
132,45,179,17,0,5,86,46,105,447
132,172,215,28,11,259,37,240,105,447
132,172,215,28,11,40,153,33,140,447
132,172,215,28,11,5,48,61,105,447
132,45,179,17,0,5,433,46,105,447
132,172,215,28,11,332,104,300,105,447
132,172,51,5,11,49,46,33,140,447
132,172,215,28,11,5,60,33,140,447
132,45,179,17,0,5,473,33,140,447
132,172,215,28,11,3,1,21,140,447
132,45,355,161,5,15,28,46,105,447
132,172,215,28,11,5,86,46,105,447
132,30,20,19,69,1,8,267,140,447
132,172,215,28,11,475,1,21,140,447
132,172,215,28,11,3,8,267,140,447
132,172,215,28,11,5,270,483,105,447
132,30,20,19,69,1,15,61,105,447
132,172,51,5,86,46,170,33,140,447
132,45,164,1,7,478,130,46,105,447
132,172,215,28,11,5,433,46,105,447
132,30,20,19,69,1,35,33,140,447
132,45,164,1,7,0,23,33,140,447
132,45,164,1,7,62,353,240,105,447
132,172,215,28,11,5,473,33,140,447
132,45,164,1,7,37,102,129,105,447
132,45,11,28,481,52,46,33,140,447
132,45,164,1,7,265,23,33,140,447
132,45,11,440,28,46,170,33,140,447
132,30,20,375,156,35,110,46,105,447
132,45,251,24,19,69,1,21,140,447
132,45,164,1,7,200,37,240,105,447
132,45,11,440,28,46,52,21,140,447
132,45,251,24,19,11,28,46,105,447
132,45,251,24,19,284,20,21,140,447
132,45,251,24,19,5,15,61,105,447
132,45,164,1,7,48,122,21,140,447
132,45,251,24,19,11,49,46,105,447
132,45,251,24,19,390,15,61,105,447
132,45,251,24,19,5,48,61,105,447
132,45,164,1,7,48,381,46,105,447
132,45,251,24,19,11,118,21,140,447
132,282,9,3,6,225,26,21,140,447
132,45,251,24,19,5,60,33,140,447
132,282,9,3,6,0,23,33,140,447
132,30,16,246,206,202,20,21,140,447
132,282,9,3,6,17,63,46,105,447
132,45,251,24,19,5,86,46,105,447
132,282,9,3,6,0,438,21,140,447
132,172,51,5,433,46,170,33,140,447
132,282,9,3,6,394,263,46,105,447
132,45,251,24,19,5,433,46,105,447
132,423,233,2,0,17,63,46,105,447
132,30,16,246,206,23,104,300,105,447
132,426,100,260,0,23,104,300,105,447
132,45,251,24,19,5,473,33,140,447
132,423,233,2,0,94,263,46,105,447
132,45,53,38,88,9,1,21,140,447
132,423,233,2,0,5,15,61,105,447
132,426,100,260,0,23,33,46,105,447
132,423,233,2,0,99,80,46,105,447
132,45,53,38,88,9,176,33,140,447
132,423,233,2,0,5,48,61,105,447
132,172,51,5,0,3,8,267,140,447
132,423,233,2,0,148,8,267,140,447
132,45,53,38,88,9,292,46,105,447
132,423,233,2,0,5,60,33,140,447
132,172,51,5,0,94,263,46,105,447
132,172,51,5,0,3,1,21,140,447
132,423,233,2,0,175,23,33,140,447
132,423,233,2,0,5,86,46,105,447
132,172,51,5,0,148,8,267,140,447
132,30,16,246,206,23,33,46,105,447
132,30,142,388,25,19,20,21,140,447
132,423,233,2,0,5,433,46,105,447
132,172,51,5,0,99,80,46,105,447
132,30,142,388,25,3,8,267,140,447
132,426,100,8,1,7,20,21,140,447
132,423,233,2,0,5,473,33,140,447
132,172,51,5,0,175,23,33,140,447
132,45,11,332,104,16,15,61,105,447
132,426,100,8,1,7,48,61,105,447
132,45,53,38,9,493,48,61,105,447
132,172,51,5,0,6,37,240,105,447
132,45,11,332,104,150,23,33,140,447
132,172,51,136,264,161,1,21,140,447
132,45,53,38,9,77,35,33,140,447
132,172,51,5,0,17,63,46,105,447
132,172,51,136,291,5,1,21,140,447
132,45,53,38,9,3,1,21,140,447
132,45,53,38,9,88,218,46,105,447
132,45,212,495,493,9,292,46,105,447
132,172,51,136,291,5,15,61,105,447
132,172,51,136,158,15,28,46,105,447
132,45,11,332,104,131,33,46,105,447
132,172,51,269,20,21,52,46,105,447
132,172,51,136,291,5,48,61,105,447
132,282,9,3,0,7,37,240,105,447
132,172,51,48,5,15,28,46,105,447
132,45,179,17,101,28,231,461,105,447
132,172,51,136,291,5,60,33,140,447
132,282,9,3,0,7,48,61,105,447
132,30,16,47,3,8,1,21,140,447
132,45,11,440,28,15,1,21,140,447
132,172,51,136,291,5,86,46,105,447
132,30,36,23,33,46,52,21,140,447
132,30,16,47,3,8,26,21,140,447
132,45,92,78,1,7,37,240,105,447
132,172,51,136,291,5,270,483,105,447
132,172,215,28,15,5,433,46,105,447
132,45,166,35,288,96,48,61,105,447
132,45,92,78,1,7,20,21,140,447
132,172,51,136,291,5,433,46,105,447
132,172,215,28,15,158,190,33,140,447
132,172,215,28,15,5,1,21,140,447
132,45,166,35,340,391,8,267,140,447
132,45,92,78,1,7,48,61,105,447
132,172,215,28,15,16,104,300,105,447
132,172,215,28,15,5,48,61,105,447
132,45,166,35,77,228,8,267,140,447
132,45,92,78,1,7,33,46,105,447
132,172,215,28,15,349,52,21,140,447
132,172,215,28,15,1,7,33,140,447
132,172,215,28,15,5,60,33,140,447
132,45,166,35,120,10,89,21,140,447
132,45,166,35,77,9,270,483,105,447
132,172,215,28,15,349,52,46,105,447
132,172,215,28,15,1,8,267,140,447
132,172,215,28,15,5,86,46,105,447
132,45,166,35,415,70,393,129,105,447
132,45,166,35,120,10,8,267,140,447
132,45,166,35,77,9,1,21,140,447
132,172,215,28,15,1,35,33,140,447
132,172,215,28,15,5,270,483,105,447
132,45,166,35,156,375,20,21,140,447
132,45,166,35,415,70,26,21,140,447
132,45,166,35,77,9,176,33,140,447
132,172,51,136,28,46,52,21,140,447
132,172,215,28,15,5,473,33,140,447
132,45,166,35,331,244,28,46,105,447
132,45,166,35,156,30,20,21,140,447
132,45,166,35,415,70,37,240,105,447
132,45,166,35,77,9,292,46,105,447
132,45,11,3,8,191,1,21,140,447
132,45,166,35,369,256,7,33,140,447
132,45,179,17,76,19,20,21,140,447
132,45,179,17,34,0,1,21,140,447
132,45,179,17,34,38,141,46,105,447
132,45,11,3,8,87,63,46,105,447
132,45,166,35,237,211,121,33,140,447
132,45,179,17,103,62,353,240,105,447
132,45,179,17,34,152,1,21,140,447
132,45,179,17,34,0,7,33,140,447
132,45,179,17,34,38,165,46,105,447
132,45,11,3,8,243,408,21,140,447
132,45,179,17,167,293,1,21,140,447
132,45,179,17,103,434,385,33,140,447
132,45,179,17,103,62,7,33,140,447
132,45,179,17,34,0,23,33,140,447
132,45,11,3,8,317,1,21,140,447
132,45,179,17,313,19,20,21,140,447
132,45,179,17,103,213,8,267,140,447
132,45,11,28,231,86,46,33,140,447
132,45,179,17,34,0,438,21,140,447
132,45,11,3,8,93,1,21,140,447
132,45,179,17,364,51,48,61,105,447
132,45,179,17,103,340,35,33,140,447
132,45,166,35,110,248,28,46,105,447
132,45,164,1,15,5,473,33,140,447
132,45,11,3,8,10,89,21,140,447
132,45,179,17,364,51,130,46,105,447
132,30,20,74,31,16,104,300,105,447
132,411,205,380,0,1,7,33,140,447
132,45,164,1,21,20,7,33,140,447
132,45,11,3,8,100,1,21,140,447
132,45,19,5,86,46,170,33,140,447
132,30,20,74,31,57,1,21,140,447
132,30,20,74,31,16,15,61,105,447
132,411,205,380,0,1,8,267,140,447
132,45,164,1,21,122,48,61,105,447
132,30,156,35,1,21,52,46,105,447
132,45,19,5,13,3,8,267,140,447
132,45,470,20,7,33,170,46,105,447
132,411,205,380,0,1,15,61,105,447
132,30,54,19,5,11,499,129,105,447
132,45,212,495,493,48,381,46,105,447
132,45,19,5,13,320,26,21,140,447
132,45,19,5,13,3,1,21,140,447
132,411,205,380,0,1,35,33,140,447
132,30,54,19,5,13,23,33,140,447
132,30,54,19,5,11,28,46,105,447
132,45,19,5,13,31,80,46,105,447
132,30,54,19,5,0,7,33,140,447
132,45,19,11,49,46,170,33,140,447
132,30,54,19,5,51,130,46,105,447
132,30,54,19,5,11,49,46,105,447
132,45,19,5,13,67,28,46,105,447
132,30,54,19,5,0,23,33,140,447
132,45,19,5,13,23,104,300,105,447
132,30,54,19,5,157,307,33,140,447
132,30,54,19,5,51,48,61,105,447
132,30,54,19,5,11,118,21,140,447
132,30,54,19,5,0,438,21,140,447
132,426,100,1,21,26,8,267,140,447
132,30,54,19,5,83,8,267,140,447
132,30,54,19,5,157,1,21,140,447
132,45,179,268,5,11,499,129,105,447
132,45,179,268,5,0,7,33,140,447
132,426,100,1,21,20,7,33,140,447
132,30,54,19,5,127,1,21,140,447
132,45,179,268,5,13,23,33,140,447
132,45,179,268,5,11,28,46,105,447
132,45,179,268,5,0,23,33,140,447
132,426,100,1,21,122,48,61,105,447
132,30,54,19,5,161,1,21,140,447
132,45,179,268,5,19,20,21,140,447
132,45,179,268,5,11,49,46,105,447
132,45,179,268,5,0,438,21,140,447
132,30,54,19,5,188,1,21,140,447
132,45,179,268,5,51,130,46,105,447
132,45,179,268,5,11,118,21,140,447
132,30,54,19,5,442,353,240,105,447
132,45,179,268,5,83,8,267,140,447
132,45,179,268,5,51,48,61,105,447
132,45,19,5,270,9,1,21,140,447
132,45,179,268,5,127,1,21,140,447
132,426,100,1,21,52,46,33,140,447
132,45,19,5,270,9,176,33,140,447
132,45,179,268,5,157,1,21,140,447
132,45,164,1,7,33,170,46,105,447
132,45,19,5,270,9,292,46,105,447
132,45,179,268,5,161,1,21,140,447
132,45,179,268,5,157,307,33,140,447
132,45,19,5,13,23,33,46,105,447
132,45,179,268,5,188,1,21,140,447
132,45,19,5,11,28,46,33,140,447
132,45,19,5,11,28,15,61,105,447
132,45,179,268,5,442,353,240,105,447
132,45,193,117,69,114,7,33,140,447
132,45,19,5,11,28,231,461,105,447
132,45,19,5,1,226,86,46,105,447
132,45,193,117,69,275,63,46,105,447
132,45,251,24,0,1,15,61,105,447
132,45,19,5,1,236,60,33,140,447
132,45,193,117,69,232,23,33,140,447
132,45,251,24,0,1,35,33,140,447
132,45,19,5,1,78,20,21,140,447
132,45,193,117,69,359,480,129,105,447
132,282,9,1,0,7,20,21,140,447
132,45,19,5,1,431,190,33,140,447
132,45,193,117,69,1,8,267,140,447
132,282,9,1,0,7,48,61,105,447
132,45,19,5,1,97,80,46,105,447
132,45,193,117,69,1,15,61,105,447
132,30,20,115,12,39,28,46,105,447
132,45,19,5,1,9,270,483,105,447
132,45,193,117,69,1,35,33,140,447
132,30,20,470,45,360,37,240,105,447
132,30,20,115,12,5,270,483,105,447
132,45,19,5,1,0,438,21,140,447
132,45,19,5,1,9,176,33,140,447
132,30,20,201,82,67,28,46,105,447
132,30,20,470,45,11,499,129,105,447
132,30,20,115,12,73,84,21,140,447
132,30,20,115,12,5,1,21,140,447
132,45,19,5,1,3,8,267,140,447
132,45,19,5,1,0,7,33,140,447
132,45,19,5,1,9,292,46,105,447
132,30,20,470,45,164,1,21,140,447
132,30,20,470,45,11,28,46,105,447
132,30,20,115,12,90,28,46,105,447
132,30,20,115,12,5,15,61,105,447
132,45,19,5,1,100,8,267,140,447
132,45,19,5,1,0,23,33,140,447
132,30,20,470,45,166,35,33,140,447
132,30,20,470,45,11,49,46,105,447
132,30,20,115,12,107,7,33,140,447
132,30,20,115,12,5,48,61,105,447
132,45,19,5,1,317,8,267,140,447
132,30,20,470,45,85,52,21,140,447
132,30,20,470,45,11,118,21,140,447
132,30,20,115,12,5,60,33,140,447
132,45,19,5,1,111,385,33,140,447
132,30,20,470,45,109,219,21,140,447
132,30,20,470,45,85,52,46,105,447
132,30,20,115,12,5,86,46,105,447
132,45,19,5,1,441,131,33,140,447
132,30,20,284,19,5,270,483,105,447
132,30,20,115,12,5,433,46,105,447
132,45,19,5,1,22,7,33,140,447
132,30,20,284,19,69,1,21,140,447
132,30,20,284,19,5,1,21,140,447
132,30,20,115,12,5,473,33,140,447
132,45,19,5,1,44,23,33,140,447
132,30,20,284,19,390,15,61,105,447
132,30,20,284,19,5,15,61,105,447
132,45,19,5,1,157,307,33,140,447
132,172,51,5,161,1,35,33,140,447
132,30,20,284,19,5,48,61,105,447
132,45,19,5,1,93,8,267,140,447
132,282,9,1,5,48,102,129,105,447
132,30,20,284,19,5,60,33,140,447
132,45,19,5,1,191,8,267,140,447
132,282,9,1,5,48,122,21,140,447
132,30,20,284,19,5,86,46,105,447
132,30,20,284,19,11,28,46,105,447
132,282,9,1,5,48,381,46,105,447
132,30,20,284,19,5,433,46,105,447
132,30,20,284,19,11,49,46,105,447
132,423,233,2,10,8,26,21,140,447
132,30,20,284,19,5,473,33,140,447
132,30,20,284,19,11,118,21,140,447
132,30,124,100,8,10,89,21,140,447
132,411,205,6,3,8,1,21,140,447
132,45,319,17,63,87,8,267,140,447
132,30,124,100,8,87,63,46,105,447
132,411,205,6,3,8,26,21,140,447
132,45,11,3,9,77,35,33,140,447
132,30,124,100,8,243,408,21,140,447
132,45,11,3,9,38,141,46,105,447
132,45,11,3,9,88,218,46,105,447
132,30,124,100,8,3,1,21,140,447
132,45,11,3,9,38,165,46,105,447
132,282,9,1,3,11,499,129,105,447
132,30,124,100,8,93,1,21,140,447
132,282,9,1,3,0,7,33,140,447
132,282,9,1,3,6,37,240,105,447
132,282,9,1,3,11,28,46,105,447
132,30,124,100,8,317,1,21,140,447
132,282,9,1,3,0,23,33,140,447
132,282,9,1,3,133,8,267,140,447
132,282,9,1,3,11,49,46,105,447
132,30,124,100,8,191,1,21,140,447
132,282,9,1,3,59,28,46,105,447
132,282,9,1,3,11,118,21,140,447
132,45,109,219,21,1,8,267,140,447
132,282,9,1,3,98,28,46,105,447
132,411,205,6,0,7,1,21,140,447
132,45,109,219,21,26,8,267,140,447
132,45,109,219,21,1,7,33,140,447
132,282,9,1,3,498,28,46,105,447
132,411,205,6,0,7,20,21,140,447
132,45,109,219,21,20,7,33,140,447
132,45,109,219,21,1,15,61,105,447
132,282,9,1,3,290,60,33,140,447
132,411,205,6,0,7,37,240,105,447
132,45,109,219,21,122,48,61,105,447
132,45,109,219,21,1,35,33,140,447
132,282,9,1,3,13,23,33,140,447
132,411,205,6,0,7,48,61,105,447
132,45,53,38,9,1,8,267,140,447
132,411,205,6,0,7,33,46,105,447
132,45,11,3,1,5,15,61,105,447
132,45,53,38,9,1,15,61,105,447
132,45,11,5,60,33,170,46,105,447
132,45,11,3,1,9,270,483,105,447
132,45,11,3,1,5,48,61,105,447
132,45,53,38,9,1,35,33,140,447
132,45,11,3,1,93,8,267,140,447
132,45,11,3,1,9,176,33,140,447
132,45,11,3,1,5,60,33,140,447
132,45,11,3,1,97,80,46,105,447
132,45,11,3,1,9,292,46,105,447
132,45,11,3,1,5,86,46,105,447
132,45,11,3,1,100,8,267,140,447
132,45,11,3,1,0,7,33,140,447
132,45,11,3,1,5,270,483,105,447
132,45,11,3,1,111,385,33,140,447
132,45,11,3,1,0,23,33,140,447
132,45,11,3,1,5,433,46,105,447
132,45,11,3,1,317,8,267,140,447
132,30,20,19,5,15,28,46,105,447
132,45,11,3,1,5,473,33,140,447
132,45,11,3,1,441,131,33,140,447
132,45,109,219,21,52,46,33,140,447
132,30,286,5,0,7,1,21,140,447
132,45,11,3,1,22,7,33,140,447
132,30,286,5,0,7,33,46,105,447
132,30,286,5,0,7,20,21,140,447
132,45,11,3,1,44,23,33,140,447
132,282,9,1,0,94,263,46,105,447
132,30,286,5,0,7,37,240,105,447
132,45,11,3,1,431,190,33,140,447
132,282,9,1,0,99,80,46,105,447
132,30,286,5,0,7,48,61,105,447
132,45,11,3,1,157,307,33,140,447
132,282,9,1,0,175,23,33,140,447
132,282,9,1,0,5,15,61,105,447
132,45,11,3,1,78,20,21,140,447
132,282,9,1,0,6,37,240,105,447
132,282,9,1,0,5,48,61,105,447
132,45,11,3,1,191,8,267,140,447
132,282,9,1,0,3,8,267,140,447
132,282,9,1,0,5,60,33,140,447
132,45,11,3,1,226,86,46,105,447
132,282,9,1,0,17,63,46,105,447
132,282,9,1,0,5,86,46,105,447
132,45,11,3,1,236,60,33,140,447
132,282,9,1,0,148,8,267,140,447
132,282,9,1,0,5,433,46,105,447
132,282,9,3,287,1,15,61,105,447
132,45,53,38,141,46,52,21,140,447
132,282,9,1,0,5,473,33,140,447
132,282,9,3,287,1,35,33,140,447
132,45,53,38,141,46,170,33,140,447
132,45,360,37,487,1,7,33,140,447
132,45,319,17,6,3,8,267,140,447
132,45,319,17,6,0,7,33,140,447
132,45,360,37,487,1,8,267,140,447
132,45,319,17,6,211,121,33,140,447
132,45,319,17,6,3,1,21,140,447
132,45,319,17,6,0,23,33,140,447
132,45,360,37,487,1,15,61,105,447
132,45,319,17,6,225,26,21,140,447
132,45,319,17,6,0,438,21,140,447
132,45,360,37,487,1,35,33,140,447
132,45,319,17,6,394,263,46,105,447
132,282,9,38,430,30,20,21,140,447
132,282,9,38,34,0,1,21,140,447
132,30,124,143,0,23,33,46,105,447
132,282,9,38,216,182,26,21,140,447
132,282,9,38,34,152,1,21,140,447
132,282,9,38,34,0,7,33,140,447
132,282,9,38,281,3,1,21,140,447
132,30,124,143,0,23,104,300,105,447
132,282,9,38,34,0,23,33,140,447
132,282,9,38,281,3,8,267,140,447
132,45,319,17,6,37,102,129,105,447
132,282,9,38,34,0,438,21,140,447
132,45,212,24,0,1,15,61,105,447
132,172,51,5,188,1,35,33,140,447
132,45,164,1,5,48,102,129,105,447
132,45,212,24,0,1,35,33,140,447
132,45,11,3,392,1,8,267,140,447
132,45,164,1,5,48,122,21,140,447
132,45,19,20,497,37,7,33,140,447
132,45,11,3,392,1,15,61,105,447
132,45,164,1,5,48,381,46,105,447
132,45,19,20,497,37,102,129,105,447
132,45,11,3,392,1,35,33,140,447
132,426,100,1,8,10,89,21,140,447
132,30,20,19,45,360,37,240,105,447
132,30,20,19,24,0,1,21,140,447
132,426,100,1,8,87,63,46,105,447
132,30,20,19,25,3,8,267,140,447
132,30,20,19,45,11,499,129,105,447
132,30,20,19,24,261,84,21,140,447
132,30,20,19,24,0,7,33,140,447
132,426,100,1,8,243,408,21,140,447
132,30,20,19,313,17,63,46,105,447
132,30,20,19,25,3,1,21,140,447
132,30,20,19,45,85,52,46,105,447
132,30,20,19,45,11,28,46,105,447
132,30,20,19,24,272,7,33,140,447
132,30,20,19,24,0,23,33,140,447
132,30,20,19,294,51,130,46,105,447
132,30,286,5,1,226,86,46,105,447
132,45,11,32,247,48,7,33,140,447
132,45,360,37,112,22,7,33,140,447
132,30,20,19,45,109,219,21,140,447
132,30,20,19,45,85,52,21,140,447
132,30,20,19,45,11,49,46,105,447
132,30,20,19,24,0,438,21,140,447
132,30,20,19,76,17,63,46,105,447
132,30,20,19,294,51,48,61,105,447
132,30,286,5,1,236,60,33,140,447
132,45,11,32,247,48,102,129,105,447
132,30,20,19,45,164,1,21,140,447
132,30,20,19,45,11,118,21,140,447
132,45,19,5,0,23,104,300,105,447
132,411,205,6,37,345,292,46,105,447
132,30,286,5,1,78,20,21,140,447
132,45,11,32,247,48,122,21,140,447
132,30,20,19,45,166,35,33,140,447
132,45,19,5,0,23,33,46,105,447
132,411,205,6,37,102,48,61,105,447
132,411,205,6,37,70,393,129,105,447
132,30,286,5,1,431,190,33,140,447
132,45,11,32,247,48,381,46,105,447
132,423,233,234,20,78,1,21,140,447
132,45,319,17,0,7,20,21,140,447
132,282,9,3,0,94,263,46,105,447
132,411,205,6,37,497,20,21,140,447
132,411,205,6,37,70,26,21,140,447
132,30,286,5,1,441,131,33,140,447
132,282,9,3,0,5,1,21,140,447
132,45,319,17,0,7,37,240,105,447
132,282,9,3,0,99,80,46,105,447
132,411,205,6,37,112,446,46,105,447
132,30,229,6,0,5,270,483,105,447
132,30,286,5,1,9,176,33,140,447
132,282,9,3,0,5,15,61,105,447
132,45,319,17,0,7,48,61,105,447
132,282,9,3,0,175,23,33,140,447
132,411,205,6,37,487,1,21,140,447
132,30,229,6,0,94,263,46,105,447
132,30,229,6,0,5,1,21,140,447
132,30,286,5,1,0,7,33,140,447
132,30,286,5,1,9,270,483,105,447
132,282,9,3,0,5,48,61,105,447
132,282,9,3,0,6,37,240,105,447
132,411,205,6,37,200,7,33,140,447
132,30,229,6,0,99,80,46,105,447
132,30,229,6,0,5,15,61,105,447
132,30,286,5,1,3,8,267,140,447
132,30,286,5,1,0,23,33,140,447
132,30,286,5,1,9,292,46,105,447
132,282,9,3,0,5,60,33,140,447
132,282,9,3,0,17,63,46,105,447
132,30,229,6,0,148,8,267,140,447
132,30,229,6,0,5,48,61,105,447
132,30,286,5,1,97,80,46,105,447
132,30,286,5,1,0,438,21,140,447
132,282,9,3,0,5,86,46,105,447
132,30,229,6,0,3,1,21,140,447
132,30,229,6,0,17,63,46,105,447
132,30,229,6,0,5,60,33,140,447
132,30,286,5,1,100,8,267,140,447
132,30,229,6,17,0,1,21,140,447
132,282,9,3,0,5,433,46,105,447
132,45,164,1,0,7,20,21,140,447
132,30,229,6,0,175,23,33,140,447
132,30,229,6,0,5,86,46,105,447
132,30,286,5,1,317,8,267,140,447
132,30,229,6,17,186,439,33,140,447
132,30,229,6,17,0,7,33,140,447
132,282,9,3,0,5,473,33,140,447
132,45,164,1,0,7,48,61,105,447
132,30,229,6,0,5,433,46,105,447
132,30,286,5,1,111,385,33,140,447
132,30,229,6,17,27,23,33,140,447
132,30,229,6,17,186,131,33,140,447
132,30,229,6,17,0,23,33,140,447
132,30,54,19,45,11,499,129,105,447
132,30,229,6,0,5,473,33,140,447
132,30,286,5,1,22,7,33,140,447
132,30,229,6,17,64,23,33,140,447
132,30,54,19,24,73,84,21,140,447
132,30,229,6,17,0,438,21,140,447
132,30,54,19,24,0,1,21,140,447
132,282,9,88,218,46,170,33,140,447
132,30,229,6,17,63,163,46,105,447
132,30,54,19,313,17,63,46,105,447
132,30,54,19,45,85,52,21,140,447
132,30,54,19,45,11,28,46,105,447
132,30,286,5,1,44,23,33,140,447
132,30,229,6,17,101,28,46,105,447
132,30,54,19,24,261,84,21,140,447
132,30,54,19,24,0,23,33,140,447
132,282,9,1,111,203,63,46,105,447
132,30,229,6,17,63,46,33,140,447
132,30,54,19,25,3,8,267,140,447
132,30,124,100,8,1,35,33,140,447
132,30,54,19,45,164,1,21,140,447
132,30,54,19,45,85,52,46,105,447
132,30,54,19,45,11,49,46,105,447
132,30,286,5,1,157,307,33,140,447
132,30,54,19,24,272,7,33,140,447
132,30,54,19,24,0,438,21,140,447
132,282,9,1,111,203,417,46,105,447
132,30,54,19,76,17,63,46,105,447
132,30,54,19,25,3,1,21,140,447
132,45,11,475,1,7,37,240,105,447
132,45,11,475,1,7,33,46,105,447
132,282,9,1,5,0,438,21,140,447
132,30,54,19,45,109,219,21,140,447
132,30,54,19,45,11,118,21,140,447
132,45,189,12,107,7,37,240,105,447
132,30,286,5,1,93,8,267,140,447
132,45,179,17,63,87,8,267,140,447
132,30,229,6,3,0,1,21,140,447
132,45,53,38,430,30,20,21,140,447
132,30,54,19,294,51,48,61,105,447
132,45,53,38,34,0,1,21,140,447
132,45,396,25,19,284,20,21,140,447
132,45,11,475,1,7,20,21,140,447
132,30,286,5,48,102,37,240,105,447
132,30,229,6,3,1,7,33,140,447
132,45,396,25,19,11,49,46,105,447
132,282,9,1,5,157,307,33,140,447
132,282,9,1,5,0,7,33,140,447
132,30,54,19,45,166,35,33,140,447
132,45,355,161,227,1,8,267,140,447
132,45,189,12,107,7,48,61,105,447
132,282,9,1,22,112,446,46,105,447
132,30,286,5,1,191,8,267,140,447
132,45,396,25,19,5,48,61,105,447
132,30,229,6,3,9,176,33,140,447
132,30,229,6,3,0,7,33,140,447
132,45,53,38,216,182,26,21,140,447
132,282,9,1,22,7,20,21,140,447
132,30,54,19,294,51,130,46,105,447
132,45,53,38,34,17,63,46,105,447
132,172,51,48,381,46,52,21,140,447
132,30,20,74,94,0,1,21,140,447
132,30,20,74,94,263,46,33,140,447
132,45,164,1,3,11,118,21,140,447
132,45,360,467,137,181,28,46,105,447
132,45,360,467,137,22,7,33,140,447
132,45,53,38,34,0,7,33,140,447
132,45,396,25,19,390,15,61,105,447
132,45,11,475,1,7,48,61,105,447
132,45,164,1,3,0,7,33,140,447
132,45,396,25,3,8,26,21,140,447
132,30,229,6,3,1,8,267,140,447
132,45,396,25,19,11,118,21,140,447
132,30,20,269,51,5,270,483,105,447
132,282,9,316,0,5,270,483,105,447
132,282,9,1,5,51,48,61,105,447
132,282,9,1,5,0,23,33,140,447
132,282,9,316,0,3,1,21,140,447
132,30,54,19,45,360,37,240,105,447
132,45,355,161,227,1,15,61,105,447
132,30,20,269,51,130,46,33,140,447
132,45,109,169,1,441,131,33,140,447
132,45,396,25,19,5,60,33,140,447
132,30,229,6,3,11,499,129,105,447
132,30,229,6,3,9,1,21,140,447
132,423,233,2,14,96,48,61,105,447
132,30,229,6,3,0,23,33,140,447
132,423,233,2,12,5,270,483,105,447
132,45,53,38,281,3,1,21,140,447
132,30,16,183,28,231,86,46,105,447
132,172,51,5,0,1,8,267,140,447
132,282,9,1,22,7,48,61,105,447
132,30,16,183,28,11,499,129,105,447
132,172,51,48,381,46,170,33,140,447
132,282,9,176,33,23,104,300,105,447
132,30,20,74,94,0,7,33,140,447
132,282,9,176,33,35,1,21,140,447
132,45,360,37,7,33,170,46,105,447
132,30,286,5,15,16,104,300,105,447
132,45,164,1,9,3,8,267,140,447
132,45,164,1,3,6,37,240,105,447
132,45,164,1,3,11,28,46,105,447
