280,179,45,132,172,215,351
280,179,45,11,28,215,351
280,179,17,101,28,215,351
280,179,17,64,23,150,351
280,179,17,27,23,150,351
280,179,17,0,23,150,351
280,29,2,0,23,150,351
280,29,2,0,23,150,351
280,179,17,0,23,150,351
280,179,45,132,172,215,351
280,179,17,27,23,150,351
280,179,17,64,23,150,351
280,179,17,101,28,215,351
280,29,2,0,175,23,150,351
280,179,17,27,23,104,150,351
280,29,2,0,23,104,150,351
280,179,45,11,40,23,150,351
280,179,17,64,23,104,150,351
280,179,268,5,0,23,150,351
280,179,45,11,332,104,150,351
280,179,17,6,0,23,150,351
280,179,268,5,11,28,215,351
280,179,45,11,440,28,215,351
280,179,17,34,0,23,150,351
280,179,268,5,13,23,150,351
280,29,26,320,13,23,150,351
280,179,17,0,175,23,150,351
280,179,17,0,23,104,150,351
280,29,2,0,175,258,215,351
280,179,17,63,203,266,215,351
280,29,2,10,16,104,150,351
280,179,17,186,131,104,150,351
280,179,17,63,46,28,215,351
280,29,2,12,39,28,215,351
280,29,2,10,356,28,215,351
280,179,17,364,51,172,215,351
280,179,17,186,387,28,215,351
280,29,2,12,90,28,215,351
280,179,45,19,11,28,215,351
280,179,268,5,15,28,215,351
280,179,45,85,244,28,215,351
280,29,26,389,145,28,215,351
280,179,268,5,51,172,215,351
280,179,45,168,13,23,150,351
280,179,17,0,175,258,215,351
280,179,45,402,376,172,215,351
280,179,17,0,23,41,28,215,351
280,179,17,0,175,23,104,150,351
280,179,17,64,23,41,28,215,351
280,179,17,27,262,51,172,215,351
280,29,2,10,16,15,28,215,351
280,29,2,10,16,104,23,150,351
280,179,268,5,0,175,23,150,351
280,179,17,186,131,33,23,150,351
280,29,2,10,16,183,28,215,351
280,179,268,5,0,23,104,150,351
280,179,268,5,0,175,258,215,351
280,179,17,186,131,104,23,150,351
280,179,17,63,106,41,23,150,351
280,179,45,11,40,23,104,150,351
280,179,17,63,46,33,23,150,351
280,179,17,63,163,46,28,215,351
280,179,17,63,106,41,28,215,351
280,29,2,14,3,498,28,215,351
280,179,17,76,19,11,28,215,351
280,179,45,11,332,104,23,150,351
280,179,17,6,0,175,23,150,351
280,29,2,62,7,265,23,150,351
280,29,2,14,3,0,23,150,351
280,179,17,103,278,13,23,150,351
280,179,17,76,162,44,23,150,351
280,179,17,364,51,136,28,215,351
280,179,17,186,439,33,23,150,351
280,179,17,6,0,175,258,215,351
280,29,2,233,423,132,172,215,351
280,29,2,62,7,0,23,150,351
280,29,2,14,3,11,28,215,351
280,179,45,11,28,41,23,150,351
280,29,2,12,5,51,172,215,351
280,179,17,313,19,11,28,215,351
280,179,17,6,3,498,28,215,351
280,179,17,6,0,23,104,150,351
280,179,45,19,11,40,23,150,351
280,179,45,19,5,0,23,150,351
280,179,268,5,11,40,23,150,351
280,29,2,322,477,67,28,215,351
280,179,45,11,3,498,28,215,351
280,179,268,5,15,16,104,150,351
280,29,2,62,7,33,23,150,351
280,29,2,0,1,57,465,150,351
280,179,45,85,52,481,28,215,351
280,29,2,14,3,13,23,150,351
280,179,17,34,38,401,23,150,351
280,29,26,8,3,498,28,215,351
280,179,45,11,28,144,23,150,351
280,29,26,21,438,0,23,150,351
280,29,26,8,1,57,465,150,351
280,29,26,8,3,0,23,150,351
280,29,26,55,47,16,104,150,351
280,29,26,21,1,57,465,150,351
280,29,26,8,10,16,104,150,351
280,29,26,8,1,0,23,150,351
280,29,26,8,3,11,28,215,351
280,29,26,70,171,40,23,150,351
280,29,26,21,52,46,28,215,351
280,29,26,21,1,0,23,150,351
280,29,26,8,148,0,23,150,351
280,29,26,8,10,356,28,215,351
280,29,26,8,1,15,28,215,351
280,29,26,8,3,13,23,150,351
280,29,26,125,47,16,104,150,351
280,29,26,21,84,358,28,215,351
280,29,26,21,52,481,28,215,351
280,29,26,21,1,15,28,215,351
280,29,26,8,1,44,23,150,351
280,29,26,8,3,59,28,215,351
280,29,26,225,6,0,23,150,351
280,29,26,21,118,11,28,215,351
280,29,26,21,84,419,23,150,351
280,29,26,21,1,44,23,150,351
280,29,26,8,3,98,28,215,351
280,29,26,21,140,33,23,150,351
280,29,2,12,139,11,28,215,351
280,29,2,12,5,0,23,150,351
280,29,2,12,241,11,28,215,351
280,29,2,12,5,11,28,215,351
280,29,2,0,175,23,104,150,351
280,29,2,12,5,13,23,150,351
280,179,17,34,0,175,23,150,351
280,29,2,12,5,15,28,215,351
280,179,17,34,0,175,258,215,351
280,179,17,319,45,11,28,215,351
280,179,268,5,1,57,465,150,351
280,179,17,34,0,23,104,150,351
280,179,268,5,51,136,28,215,351
280,179,17,319,45,132,172,215,351
280,179,268,5,12,39,28,215,351
280,179,268,5,1,0,23,150,351
280,179,17,6,18,453,28,215,351
280,179,17,6,3,0,23,150,351
280,179,268,5,18,453,28,215,351
280,179,268,5,12,90,28,215,351
280,179,268,5,1,15,28,215,351
280,179,17,6,3,11,28,215,351
280,179,268,5,19,11,28,215,351
280,179,268,5,1,44,23,150,351
280,179,17,6,3,13,23,150,351
280,179,268,5,48,337,23,150,351
280,179,17,101,28,144,23,150,351
280,179,17,6,3,59,28,215,351
280,179,268,5,60,33,23,150,351
280,179,268,5,48,51,172,215,351
280,179,17,101,28,41,23,150,351
280,179,17,6,3,98,28,215,351
280,179,268,5,86,46,28,215,351
280,179,17,27,23,41,28,215,351
280,179,268,5,13,67,28,215,351
280,179,45,168,311,11,28,215,351
280,179,45,19,11,332,104,150,351
280,179,45,168,13,67,28,215,351
280,179,268,5,126,101,28,215,351
280,179,268,5,86,231,28,215,351
280,179,45,19,24,0,23,150,351
280,179,45,19,5,11,28,215,351
280,179,17,27,23,144,28,215,351
280,179,45,168,13,23,104,150,351
280,179,268,5,13,23,104,150,351
280,179,45,192,384,131,104,150,351
280,179,268,5,11,332,104,150,351
280,179,45,19,11,440,28,215,351
280,29,2,379,45,11,28,215,351
280,179,45,402,462,57,465,150,351
280,29,2,322,325,44,23,150,351
280,179,268,5,291,136,28,215,351
280,179,45,11,5,0,23,150,351
280,179,45,19,294,51,172,215,351
280,179,45,11,32,178,23,150,351
280,179,45,11,5,13,23,150,351
280,179,45,19,69,232,23,150,351
280,179,45,11,49,46,28,215,351
280,179,45,11,32,145,28,215,351
280,179,45,11,5,15,28,215,351
280,179,45,19,390,15,28,215,351
280,179,45,11,32,376,172,215,351
280,179,45,11,5,51,172,215,351
280,179,45,19,390,424,23,150,351
280,29,2,0,23,41,28,215,351
280,29,26,320,13,67,28,215,351
280,29,2,0,23,144,28,215,351
280,179,17,0,23,144,28,215,351
280,29,2,0,23,175,258,215,351
280,179,17,0,23,175,258,215,351
280,179,45,11,3,0,23,150,351
280,179,45,19,5,13,23,150,351
280,179,45,11,3,13,23,150,351
280,179,45,19,5,15,28,215,351
280,179,45,11,3,59,28,215,351
280,179,45,19,5,51,172,215,351
280,179,45,11,3,98,28,215,351
280,179,17,27,23,175,258,215,351
280,29,26,320,13,23,104,150,351
280,179,45,164,1,44,23,150,351
280,179,45,192,72,404,28,215,351
280,179,45,189,12,39,28,215,351
280,179,45,164,1,0,23,150,351
280,179,45,109,361,11,28,215,351
280,179,45,189,12,90,28,215,351
280,179,45,164,1,15,28,215,351
280,179,45,319,17,27,23,150,351
280,179,45,164,1,57,465,150,351
280,179,45,146,30,16,104,150,351
280,179,45,319,17,0,23,150,351
280,179,45,53,38,401,23,150,351
280,179,45,146,30,36,23,150,351
280,179,45,319,17,64,23,150,351
280,179,45,166,35,33,23,150,351
280,179,45,146,30,132,172,215,351
280,179,45,319,17,101,28,215,351
280,179,45,379,2,0,23,150,351
280,179,45,132,30,16,104,150,351
280,179,45,212,24,0,23,150,351
280,179,45,132,30,36,23,150,351
280,179,45,251,24,0,23,150,351
280,29,2,0,3,13,23,150,351
280,29,2,0,1,15,28,215,351
280,29,2,0,5,13,23,150,351
280,29,2,0,3,11,28,215,351
280,29,2,0,1,44,23,150,351
280,29,2,0,160,51,172,215,351
280,29,2,0,5,11,28,215,351
280,29,2,0,3,59,28,215,351
280,29,2,0,17,101,28,215,351
280,29,2,0,5,15,28,215,351
280,29,2,0,3,98,28,215,351
280,29,2,0,50,44,23,150,351
280,29,2,0,17,27,23,150,351
280,29,2,0,5,51,172,215,351
280,29,2,0,3,498,28,215,351
280,29,2,0,56,44,23,150,351
280,29,2,0,17,64,23,150,351
280,29,2,0,7,33,23,150,351
280,179,268,5,11,440,28,215,351
280,29,2,0,380,383,23,150,351
280,29,2,0,7,265,23,150,351
280,179,45,85,283,407,28,215,351
280,29,2,379,45,132,172,215,351
280,179,45,85,354,16,104,150,351
280,179,17,0,1,57,465,150,351
280,179,17,64,23,144,28,215,351
280,179,17,0,3,498,28,215,351
280,179,17,0,1,15,28,215,351
280,179,17,64,23,175,258,215,351
280,179,17,0,5,51,172,215,351
280,179,17,0,3,11,28,215,351
280,179,17,0,1,44,23,150,351
280,179,17,0,160,51,172,215,351
280,179,17,0,5,13,23,150,351
280,179,17,0,3,13,23,150,351
280,179,17,0,50,44,23,150,351
280,179,17,0,5,11,28,215,351
280,179,45,85,52,46,28,215,351
280,179,17,0,3,59,28,215,351
280,179,17,0,56,44,23,150,351
280,179,17,0,5,15,28,215,351
280,179,17,0,3,98,28,215,351
280,179,17,0,7,33,23,150,351
280,29,2,322,398,206,23,150,351
280,29,2,14,3,59,28,215,351
280,179,17,0,380,383,23,150,351
280,179,17,0,7,265,23,150,351
280,29,2,14,3,98,28,215,351
280,179,268,5,433,46,28,215,351
280,179,268,5,436,383,23,150,351
280,179,268,5,473,33,23,150,351
280,179,17,186,131,33,46,28,215,351
280,29,26,55,47,16,15,28,215,351
280,29,2,0,23,33,46,28,215,351
280,179,17,0,23,33,46,28,215,351
280,179,45,11,5,13,67,28,215,351
280,179,45,11,32,178,23,104,150,351
280,179,45,11,3,0,175,23,150,351
280,179,17,186,131,33,23,104,150,351
280,179,45,11,3,0,23,104,150,351
280,179,268,5,291,136,51,172,215,351
280,29,2,10,16,30,36,23,150,351
280,179,45,19,5,13,67,28,215,351
280,179,45,19,5,13,23,104,150,351
280,179,268,5,0,1,57,465,150,351
280,29,26,8,10,16,15,28,215,351
280,179,45,11,3,13,67,28,215,351
280,179,45,11,5,60,33,23,150,351
280,179,45,19,69,1,57,465,150,351
280,29,26,8,10,16,104,23,150,351
280,29,26,8,1,0,175,23,150,351
280,179,45,11,3,13,23,104,150,351
280,179,45,19,5,15,16,104,150,351
280,29,26,8,1,0,23,104,150,351
280,179,45,19,5,1,57,465,150,351
280,179,17,27,262,51,136,28,215,351
280,29,26,8,3,11,40,23,150,351
280,179,45,19,5,51,136,28,215,351
280,179,45,11,3,1,57,465,150,351
280,179,268,5,0,23,41,28,215,351
280,179,17,27,23,33,131,104,150,351
280,29,26,320,13,23,41,28,215,351
280,179,45,19,69,232,23,104,150,351
280,179,17,34,38,141,46,28,215,351
280,29,26,70,171,40,11,28,215,351
280,29,26,70,171,40,23,104,150,351
280,179,45,164,1,44,23,104,150,351
280,179,45,11,5,0,23,104,150,351
280,179,45,11,28,144,23,104,150,351
280,179,45,192,72,31,57,465,150,351
280,179,45,11,19,5,51,172,215,351
280,29,26,70,37,6,0,23,150,351
280,179,45,164,1,0,175,23,150,351
280,179,45,164,1,0,23,104,150,351
280,179,45,11,28,15,16,104,150,351
280,29,26,21,52,46,33,23,150,351
280,179,45,109,169,1,57,465,150,351
280,179,45,109,361,11,40,23,150,351
280,179,45,11,32,367,59,28,215,351
280,179,45,19,294,51,136,28,215,351
280,179,45,11,49,46,33,23,150,351
280,29,26,21,1,0,175,23,150,351
280,179,45,189,12,2,0,23,150,351
280,179,17,63,106,41,23,104,150,351
280,179,45,164,1,15,16,104,150,351
280,179,45,11,40,23,41,28,215,351
280,29,26,8,191,1,57,465,150,351
280,29,26,21,1,0,23,104,150,351
280,179,45,11,5,15,16,104,150,351
280,29,26,8,148,0,175,23,150,351
280,179,45,319,17,27,23,104,150,351
280,179,45,164,1,3,498,28,215,351
280,29,26,21,438,0,23,104,150,351
280,179,17,63,46,49,11,28,215,351
280,29,26,8,148,0,23,104,150,351
280,29,26,8,10,2,0,23,150,351
280,179,45,146,30,16,15,28,215,351
280,179,45,146,30,16,104,23,150,351
280,29,26,21,438,0,175,23,150,351
280,179,45,11,5,0,175,23,150,351
280,29,26,8,1,15,16,104,150,351
280,179,45,319,17,0,175,23,150,351
280,179,45,319,17,0,23,104,150,351
280,179,45,19,25,3,498,28,215,351
280,179,45,53,38,34,0,23,150,351
280,179,45,53,198,448,206,23,150,351
280,179,45,53,38,401,23,104,150,351
280,179,45,19,20,72,404,28,215,351
280,179,45,19,25,3,0,23,150,351
280,179,45,53,38,121,33,23,150,351
280,179,45,11,5,13,23,104,150,351
280,179,45,19,54,30,36,23,150,351
280,179,45,19,20,7,0,23,150,351
280,179,45,19,25,3,11,28,215,351
280,179,45,53,38,141,46,28,215,351
280,179,45,19,76,17,101,28,215,351
280,179,45,19,54,30,16,104,150,351
280,179,45,19,20,30,132,172,215,351
280,179,45,19,20,7,33,23,150,351
280,179,45,19,25,3,13,23,150,351
280,179,45,53,38,165,46,28,215,351
280,179,45,19,313,17,0,23,150,351
280,179,45,19,76,162,44,23,150,351
280,179,45,19,76,17,0,23,150,351
280,179,45,19,54,30,132,172,215,351
280,179,45,19,20,269,51,172,215,351
280,179,45,19,20,30,16,104,150,351
280,179,45,19,20,7,265,23,150,351
280,179,45,19,25,3,59,28,215,351
280,179,45,19,313,17,27,23,150,351
280,179,45,19,76,17,27,23,150,351
280,179,45,19,20,202,206,23,150,351
280,179,45,19,20,30,36,23,150,351
280,179,45,19,25,3,98,28,215,351
280,179,45,19,313,17,64,23,150,351
280,179,45,19,76,17,64,23,150,351
280,179,45,19,20,204,44,23,150,351
280,179,45,19,390,15,16,104,150,351
280,179,45,19,313,17,101,28,215,351
280,179,17,63,87,418,244,28,215,351
280,179,45,146,30,36,23,104,150,351
280,179,17,63,46,33,23,104,150,351
280,179,45,319,17,64,23,104,150,351
280,179,17,63,275,69,232,23,150,351
280,29,26,8,3,13,67,28,215,351
280,179,17,63,46,33,131,104,150,351
280,29,26,8,3,13,23,104,150,351
280,179,17,63,378,171,40,23,150,351
280,179,45,166,208,12,39,28,215,351
280,179,45,166,35,1,57,465,150,351
280,179,17,63,163,489,144,23,150,351
280,179,45,166,35,33,46,28,215,351
280,179,45,166,35,33,23,104,150,351
280,179,45,166,208,12,90,28,215,351
280,179,45,166,35,110,46,28,215,351
280,179,45,166,35,1,0,23,150,351
280,179,17,63,163,489,144,28,215,351
280,179,45,166,35,33,131,104,150,351
280,179,45,166,35,331,244,28,215,351
280,179,45,166,35,110,248,28,215,351
280,179,45,166,35,1,15,28,215,351
280,179,45,470,20,72,404,28,215,351
280,179,45,251,24,19,11,28,215,351
280,179,45,166,35,1,44,23,150,351
280,179,45,396,25,3,0,23,150,351
280,179,45,470,20,7,0,23,150,351
280,179,45,251,24,298,44,23,150,351
280,179,45,92,167,17,0,23,150,351
280,179,45,396,25,19,11,28,215,351
280,179,45,396,25,3,11,28,215,351
280,179,45,470,20,19,11,28,215,351
280,179,45,470,20,7,33,23,150,351
280,179,45,151,42,82,67,28,215,351
280,179,45,92,78,1,0,23,150,351
280,179,45,92,167,17,27,23,150,351
280,179,45,396,25,3,13,23,150,351
280,179,45,470,20,30,16,104,150,351
280,179,45,470,20,7,265,23,150,351
280,179,45,355,161,1,44,23,150,351
280,179,45,151,42,4,0,23,150,351
280,179,45,92,78,1,15,28,215,351
280,179,45,92,167,17,64,23,150,351
280,179,45,396,25,3,59,28,215,351
280,179,45,470,20,202,206,23,150,351
280,179,45,470,20,30,36,23,150,351
280,179,45,360,467,137,181,28,215,351
280,179,45,355,161,5,0,23,150,351
280,179,45,355,161,1,0,23,150,351
280,179,45,151,42,6,0,23,150,351
280,179,45,92,78,1,44,23,150,351
280,179,45,92,167,17,101,28,215,351
280,179,45,396,25,3,98,28,215,351
280,179,45,251,24,0,175,23,150,351
280,179,45,19,390,424,23,104,150,351
280,29,2,14,371,5,11,28,215,351
280,179,45,470,20,204,44,23,150,351
280,179,45,470,20,30,132,172,215,351
280,179,45,193,117,69,232,23,150,351
280,179,45,360,37,7,33,23,150,351
280,179,45,355,161,264,136,28,215,351
280,179,45,355,161,5,11,28,215,351
280,179,45,355,161,1,15,28,215,351
280,179,45,92,78,1,57,465,150,351
280,179,45,396,25,3,498,28,215,351
280,179,45,251,24,0,23,104,150,351
280,179,45,251,24,0,175,258,215,351
280,29,2,14,96,48,51,172,215,351
280,29,2,14,371,466,424,23,150,351
280,29,2,14,371,5,0,23,150,351
280,179,45,470,20,269,51,172,215,351
280,179,17,63,46,28,144,23,150,351
280,29,2,0,3,13,67,28,215,351
280,179,45,193,117,80,46,28,215,351
280,179,45,360,37,6,0,23,150,351
280,179,45,360,37,7,0,23,150,351
280,179,45,11,5,51,136,28,215,351
280,29,26,8,1,3,498,28,215,351
280,29,2,0,3,13,23,104,150,351
280,29,26,8,1,44,23,104,150,351
280,29,2,0,1,15,16,104,150,351
280,179,45,355,161,5,13,23,150,351
280,179,45,355,161,1,57,465,150,351
280,179,45,132,30,16,104,23,150,351
280,179,45,379,2,10,16,104,150,351
280,29,26,8,3,0,175,23,150,351
280,29,2,10,8,3,0,23,150,351
280,29,26,182,216,38,401,23,150,351
280,29,2,0,5,13,67,28,215,351
280,29,2,0,5,13,23,104,150,351
280,29,26,125,47,3,498,28,215,351
280,29,2,0,3,11,40,23,150,351
280,29,2,14,96,48,337,23,150,351
280,29,2,0,1,236,357,23,150,351
280,29,2,14,371,5,13,23,150,351
280,29,26,125,142,30,132,172,215,351
280,179,17,76,19,5,0,23,150,351
280,29,2,0,1,44,23,104,150,351
280,29,26,225,6,3,498,28,215,351
280,29,26,225,6,0,175,23,150,351
280,179,17,63,46,28,41,23,150,351
280,29,2,0,160,51,136,28,215,351
280,29,26,8,3,0,23,104,150,351
280,179,17,76,19,11,40,23,150,351
280,179,45,193,117,187,145,28,215,351
280,29,26,225,6,0,23,104,150,351
280,29,2,0,5,11,40,23,150,351
280,179,45,360,37,259,11,28,215,351
280,179,17,63,163,46,33,23,150,351
280,179,45,379,2,0,23,104,150,351
280,29,2,12,39,28,144,23,150,351
280,179,45,360,37,7,265,23,150,351
280,29,26,21,118,11,40,23,150,351
280,29,26,21,52,85,244,28,215,351
280,29,26,21,84,419,23,104,150,351
280,29,26,8,1,5,0,23,150,351
280,29,26,8,1,3,0,23,150,351
280,29,26,125,47,16,104,23,150,351
280,179,45,379,2,0,175,23,150,351
280,29,2,10,356,28,144,23,150,351
280,29,2,0,5,15,16,104,150,351
280,179,45,355,161,5,15,28,215,351
280,29,26,21,1,3,498,28,215,351
280,179,45,319,17,6,0,23,150,351
280,179,17,6,0,1,57,465,150,351
280,29,26,21,1,44,23,104,150,351
280,179,45,379,2,12,39,28,215,351
280,179,45,379,2,10,356,28,215,351
280,29,26,8,3,1,57,465,150,351
280,29,2,0,50,44,23,104,150,351
280,29,26,8,3,0,175,258,215,351
280,179,45,132,30,36,23,104,150,351
280,29,2,0,5,433,46,28,215,351
280,29,2,0,5,51,136,28,215,351
280,29,2,0,3,1,57,465,150,351
280,29,2,10,91,306,13,23,150,351
280,29,2,10,8,1,57,465,150,351
280,29,2,10,8,3,11,28,215,351
280,29,26,344,157,5,11,28,215,351
280,29,26,182,125,47,16,104,150,351
280,29,26,125,47,123,13,23,150,351
280,29,2,14,3,13,23,104,150,351
280,29,26,21,20,30,16,104,150,351
280,29,26,21,140,33,23,104,150,351
280,29,26,125,47,3,0,23,150,351
280,29,2,0,3,11,332,104,150,351
280,29,2,0,56,44,23,104,150,351
280,29,2,0,17,186,131,104,150,351
280,29,26,125,47,16,15,28,215,351
280,29,2,12,139,348,248,28,215,351
280,29,2,0,1,69,232,23,150,351
280,29,2,0,17,64,23,104,150,351
280,29,2,14,371,5,15,28,215,351
280,29,2,62,103,17,0,23,150,351
280,29,2,12,139,11,40,23,150,351
280,29,2,0,7,33,46,28,215,351
280,29,26,320,13,3,498,28,215,351
280,179,17,101,126,5,0,23,150,351
280,29,2,62,7,265,23,104,150,351
280,29,2,0,7,33,23,104,150,351
280,29,26,125,142,30,16,104,150,351
280,179,268,5,11,3,498,28,215,351
280,179,17,76,19,24,0,23,150,351
280,29,2,0,143,274,44,23,150,351
280,179,17,76,19,5,11,28,215,351
280,29,2,12,5,0,175,23,150,351
280,29,26,225,6,17,0,23,150,351
280,29,26,225,6,3,0,23,150,351
280,29,2,12,5,0,23,104,150,351
280,29,2,0,380,383,23,104,150,351
280,29,26,225,6,0,175,258,215,351
280,29,2,0,7,1,44,23,150,351
280,179,17,6,0,175,23,104,150,351
280,179,17,186,387,28,144,23,150,351
280,29,2,12,185,72,404,28,215,351
280,29,2,0,7,265,23,104,150,351
280,179,17,76,19,11,332,104,150,351
280,29,2,14,3,0,175,23,150,351
280,29,2,12,241,11,40,23,150,351
280,29,2,379,45,19,11,28,215,351
280,29,2,0,5,11,332,104,150,351
280,179,45,212,24,0,23,104,150,351
280,179,45,212,24,19,11,28,215,351
280,179,17,34,38,401,23,104,150,351
280,179,45,11,40,153,33,23,150,351
280,179,45,85,354,16,15,28,215,351
280,179,45,360,37,299,144,23,150,351
280,179,45,85,354,16,104,23,150,351
280,29,2,12,90,111,203,266,215,351
280,29,2,12,5,11,40,23,150,351
280,179,17,34,152,1,0,23,150,351
280,29,2,0,175,23,41,28,215,351
280,29,2,12,39,28,41,23,150,351
280,29,26,21,118,11,332,104,150,351
280,29,26,21,1,15,16,104,150,351
280,29,26,55,47,3,498,28,215,351
280,29,2,14,3,0,23,104,150,351
280,179,17,103,434,385,33,23,150,351
280,29,26,21,52,349,15,28,215,351
280,29,26,55,321,186,131,104,150,351
280,179,17,103,278,13,67,28,215,351
280,29,2,12,5,13,67,28,215,351
280,179,17,0,1,15,16,104,150,351
280,29,26,8,1,7,0,23,150,351
280,29,26,8,1,5,11,28,215,351
280,29,2,12,5,13,23,104,150,351
280,179,17,64,23,0,175,258,215,351
280,29,26,8,1,3,11,28,215,351
280,29,2,0,17,27,23,104,150,351
280,179,45,132,30,16,15,28,215,351
280,179,17,63,203,111,90,28,215,351
280,29,2,12,90,28,144,23,150,351
280,179,17,103,278,13,23,104,150,351
280,179,45,379,2,0,175,258,215,351
280,179,17,34,0,1,57,465,150,351
280,179,17,0,5,51,136,28,215,351
280,29,2,10,356,28,41,23,150,351
280,179,268,5,0,175,23,104,150,351
280,179,17,34,0,175,23,104,150,351
280,179,17,0,3,11,40,23,150,351
280,179,45,355,161,5,51,172,215,351
280,29,2,12,5,1,57,465,150,351
280,29,26,21,1,5,0,23,150,351
280,179,17,0,1,236,357,23,150,351
280,29,26,21,1,3,0,23,150,351
280,29,26,21,140,33,46,28,215,351
280,179,17,76,162,44,23,104,150,351
280,179,17,0,1,44,23,104,150,351
280,179,45,319,17,34,0,23,150,351
280,29,2,12,5,15,16,104,150,351
280,179,17,6,0,3,13,23,150,351
280,179,17,6,0,1,15,28,215,351
280,179,17,0,160,51,136,28,215,351
280,179,45,212,24,0,175,23,150,351
280,179,17,364,51,5,0,23,150,351
280,179,45,379,2,12,90,28,215,351
280,179,17,167,92,45,132,172,215,351
280,179,17,0,5,13,67,28,215,351
280,179,17,0,5,13,23,104,150,351
280,29,26,8,3,4,0,23,150,351
280,29,26,8,3,1,0,23,150,351
280,29,26,55,47,16,104,23,150,351
280,179,45,132,172,51,136,28,215,351
280,179,45,19,11,28,144,23,150,351
280,179,17,0,5,11,40,23,150,351
280,29,2,0,5,1,15,28,215,351
280,29,2,0,3,47,16,104,150,351
280,29,2,0,3,1,15,28,215,351
280,29,2,10,334,12,39,28,215,351
280,29,2,10,91,155,41,23,150,351
280,29,2,10,8,148,0,23,150,351
280,29,2,10,8,1,0,23,150,351
280,29,2,10,8,3,13,23,150,351
280,29,26,344,157,1,57,465,150,351
280,29,26,344,157,5,0,23,150,351
280,179,45,85,52,349,15,28,215,351
280,179,17,0,56,44,23,104,150,351
280,179,17,0,5,60,33,23,150,351
280,29,26,21,89,10,16,104,150,351
280,29,26,21,20,7,0,23,150,351
280,179,17,0,5,15,16,104,150,351
280,29,26,21,20,30,36,23,150,351
280,179,17,0,3,1,57,465,150,351
280,29,26,125,47,3,11,28,215,351
280,179,17,34,0,23,41,28,215,351
280,179,17,0,3,13,67,28,215,351
280,29,2,0,3,11,440,28,215,351
280,179,17,0,7,33,46,28,215,351
280,29,2,0,17,63,46,28,215,351
280,179,17,0,7,33,23,104,150,351
280,29,2,0,17,186,387,28,215,351
280,179,17,0,50,44,23,104,150,351
280,29,26,125,47,16,183,28,215,351
280,29,2,322,194,30,16,104,150,351
280,29,2,322,398,206,23,104,150,351
280,29,2,0,1,431,490,104,150,351
280,179,17,0,3,13,23,104,150,351
280,179,45,85,52,46,33,23,150,351
280,179,268,5,1,0,23,104,150,351
280,179,17,0,6,18,453,28,215,351
280,29,2,14,371,5,51,172,215,351
280,179,17,0,380,383,23,104,150,351
280,29,2,62,103,278,13,23,150,351
280,29,2,62,103,17,27,23,150,351
280,179,17,0,7,1,44,23,150,351
280,29,2,12,139,11,332,104,150,351
280,179,17,0,7,265,23,104,150,351
280,29,2,233,71,304,206,23,150,351
280,179,268,5,15,28,144,23,150,351
280,29,2,14,3,1,57,465,150,351
280,29,2,0,7,33,131,104,150,351
280,29,26,320,13,5,0,23,150,351
280,179,17,6,18,5,0,23,150,351
280,29,26,320,13,3,0,23,150,351
280,179,268,5,433,46,33,23,150,351
280,179,17,101,126,5,11,28,215,351
280,179,268,5,1,0,175,23,150,351
280,179,17,6,394,263,46,28,215,351
280,29,26,125,142,30,36,23,150,351
280,179,17,186,439,33,46,28,215,351
280,179,45,11,440,28,144,23,150,351
280,179,17,6,3,0,175,23,150,351
280,179,45,11,440,28,41,23,150,351
280,179,17,6,3,0,175,258,215,351
280,179,268,5,436,383,23,104,150,351
280,179,268,5,11,32,145,28,215,351
280,179,268,5,66,65,57,465,150,351
280,179,268,5,11,45,132,172,215,351
280,179,268,5,11,32,178,23,150,351
280,179,268,5,371,466,424,23,150,351
280,179,268,5,11,49,46,28,215,351
280,179,268,5,11,32,376,172,215,351
280,179,268,5,188,1,15,28,215,351
280,179,268,5,11,3,0,23,150,351
280,179,268,5,286,30,16,104,150,351
280,179,268,5,188,1,0,23,150,351
280,179,268,5,11,3,13,23,150,351
280,179,268,5,127,1,57,465,150,351
280,179,268,5,286,30,36,23,150,351
280,179,268,5,188,1,44,23,150,351
280,179,268,5,11,3,59,28,215,351
280,179,268,5,157,1,15,28,215,351
280,179,268,5,127,1,0,23,150,351
280,179,268,5,286,30,132,172,215,351
280,179,268,5,188,1,57,465,150,351
280,179,268,5,11,3,98,28,215,351
280,179,268,5,161,1,15,28,215,351
280,179,268,5,157,253,13,23,150,351
280,179,268,5,157,1,0,23,150,351
280,179,268,5,127,1,15,28,215,351
280,179,268,5,362,299,144,23,150,351
280,179,268,5,161,264,136,28,215,351
280,179,268,5,161,1,0,23,150,351
280,179,268,5,157,307,33,23,150,351
280,179,268,5,157,1,44,23,150,351
280,179,268,5,127,1,44,23,150,351
280,179,268,5,362,299,144,28,215,351
280,179,268,5,161,1,44,23,150,351
280,179,268,5,157,1,57,465,150,351
280,179,268,5,161,1,57,465,150,351
280,179,17,6,3,0,23,104,150,351
280,179,268,5,473,33,46,28,215,351
280,179,17,76,19,45,11,28,215,351
280,179,268,5,473,33,131,104,150,351
280,179,17,76,19,69,232,23,150,351
280,179,17,76,19,45,132,172,215,351
280,179,17,76,19,294,51,172,215,351
280,179,268,5,473,33,23,104,150,351
280,179,17,76,19,390,15,28,215,351
280,29,2,62,7,0,175,23,150,351
280,179,17,76,19,390,424,23,150,351
280,29,2,62,7,0,175,258,215,351
280,29,2,62,7,0,23,104,150,351
280,29,2,0,260,330,11,28,215,351
280,179,268,5,18,6,0,23,150,351
280,29,2,0,316,403,232,23,150,351
280,179,17,76,19,5,13,23,150,351
280,29,2,0,4,3,498,28,215,351
280,179,17,76,19,5,15,28,215,351
280,29,2,0,6,17,27,23,150,351
280,29,2,0,4,113,15,28,215,351
280,29,2,0,4,3,11,28,215,351
280,179,17,76,19,5,51,172,215,351
280,29,2,0,24,298,44,23,150,351
280,29,2,0,6,3,98,28,215,351
280,29,2,0,6,17,64,23,150,351
280,29,2,0,4,257,11,28,215,351
280,29,2,0,4,3,13,23,150,351
280,29,2,0,34,38,401,23,150,351
280,29,2,0,24,19,11,28,215,351
280,29,2,0,6,18,453,28,215,351
280,29,2,0,6,3,11,28,215,351
280,29,2,0,6,17,101,28,215,351
280,29,2,0,4,3,59,28,215,351
280,29,2,0,94,263,46,28,215,351
280,29,2,0,34,17,27,23,150,351
280,29,2,0,6,3,13,23,150,351
280,29,2,0,4,3,98,28,215,351
280,29,2,0,99,80,46,28,215,351
280,29,2,0,34,17,64,23,150,351
280,29,2,0,6,3,59,28,215,351
280,29,2,0,34,17,101,28,215,351
280,29,2,0,6,3,498,28,215,351
280,29,26,55,47,16,183,28,215,351
280,29,2,14,3,11,40,23,150,351
280,179,268,5,12,2,0,23,150,351
280,29,2,14,3,11,332,104,150,351
280,179,268,5,12,139,11,28,215,351
280,29,2,14,3,11,440,28,215,351
280,179,268,5,12,241,11,28,215,351
280,29,2,12,5,0,175,258,215,351
280,29,26,225,6,18,453,28,215,351
280,29,26,225,6,17,27,23,150,351
280,29,2,0,23,40,11,28,215,351
280,29,26,225,6,17,64,23,150,351
280,29,2,0,23,13,67,28,215,351
280,29,26,225,6,17,101,28,215,351
280,29,2,0,23,33,131,104,150,351
280,29,26,225,6,3,11,28,215,351
280,179,17,0,23,40,11,28,215,351
280,29,26,225,6,3,13,23,150,351
280,179,17,0,23,13,67,28,215,351
280,29,26,225,6,3,59,28,215,351
280,179,17,0,23,33,131,104,150,351
280,29,26,225,6,3,98,28,215,351
280,29,2,0,7,48,337,23,150,351
280,29,2,0,7,1,15,28,215,351
280,29,2,0,7,459,424,23,150,351
280,29,2,0,7,48,51,172,215,351
280,29,2,0,7,1,57,465,150,351
280,179,268,5,1,15,16,104,150,351
280,179,45,11,28,41,23,104,150,351
280,179,17,6,3,11,40,23,150,351
280,179,17,186,387,28,41,23,150,351
280,179,17,6,3,11,332,104,150,351
280,29,2,12,189,45,132,172,215,351
280,179,17,6,3,11,440,28,215,351
280,29,2,12,73,84,358,28,215,351
280,29,2,12,189,45,11,28,215,351
280,29,2,12,107,7,265,23,150,351
280,29,2,12,73,24,0,23,150,351
280,29,2,12,73,84,419,23,150,351
280,29,2,12,492,260,0,23,150,351
280,29,2,12,107,7,0,23,150,351
280,29,2,12,73,279,40,23,150,351
280,29,2,12,334,10,16,104,150,351
280,29,2,12,107,7,33,23,150,351
280,29,2,12,315,260,0,23,150,351
280,29,2,12,334,10,356,28,215,351
280,29,2,12,58,24,0,23,150,351
280,179,17,76,19,11,440,28,215,351
280,29,2,12,154,47,16,104,150,351
280,179,268,5,19,69,232,23,150,351
280,29,2,12,245,24,0,23,150,351
280,179,268,5,19,24,0,23,150,351
280,179,45,11,3,0,175,258,215,351
280,179,268,5,19,390,424,23,150,351
280,29,2,14,3,0,175,258,215,351
280,179,268,5,19,45,11,28,215,351
280,179,268,5,19,390,15,28,215,351
280,179,268,5,19,294,51,172,215,351
280,179,268,5,19,45,132,172,215,351
280,29,2,12,241,11,332,104,150,351
280,29,2,379,45,85,244,28,215,351
280,29,2,12,241,11,440,28,215,351
280,29,2,379,45,168,13,23,150,351
280,29,2,0,5,11,440,28,215,351
280,29,2,379,45,402,376,172,215,351
280,179,45,212,24,298,44,23,150,351
280,179,268,5,51,130,46,28,215,351
280,179,268,5,19,11,40,23,150,351
280,179,268,5,51,160,0,23,150,351
280,179,268,5,19,11,332,104,150,351
280,179,268,5,51,366,44,23,150,351
280,179,268,5,19,11,440,28,215,351
280,179,268,5,51,262,27,23,150,351
280,29,2,10,16,31,57,465,150,351
280,179,268,5,51,48,337,23,150,351
280,29,2,10,16,246,206,23,150,351
280,29,2,10,16,31,13,23,150,351
280,179,268,5,51,177,13,23,150,351
280,29,2,10,16,30,132,172,215,351
280,179,45,85,354,16,183,28,215,351
280,179,268,5,1,3,498,28,215,351
280,179,45,360,37,299,144,28,215,351
280,179,268,5,1,475,11,28,215,351
280,179,268,5,1,3,0,23,150,351
280,179,268,5,1,431,490,104,150,351
280,179,268,5,1,3,11,28,215,351
280,179,268,5,1,441,131,104,150,351
280,179,268,5,1,3,13,23,150,351
280,179,268,5,1,111,90,28,215,351
280,179,268,5,1,3,59,28,215,351
280,179,268,5,1,7,0,23,150,351
280,179,268,5,1,111,203,266,215,351
280,179,268,5,1,3,98,28,215,351
280,179,268,5,1,35,33,23,150,351
280,179,268,5,1,7,33,23,150,351
280,179,268,5,1,69,232,23,150,351
280,179,268,5,1,7,265,23,150,351
280,179,268,5,1,236,357,23,150,351
280,29,26,389,145,32,376,172,215,351
280,29,2,12,5,51,136,28,215,351
280,29,26,389,145,32,11,28,215,351
280,179,268,5,0,3,13,23,150,351
280,29,26,389,145,32,178,23,150,351
280,179,268,5,0,160,51,172,215,351
280,179,268,5,0,3,11,28,215,351
280,179,268,5,0,17,101,28,215,351
280,179,268,5,0,3,59,28,215,351
280,179,268,5,0,50,44,23,150,351
280,179,268,5,0,17,27,23,150,351
280,179,268,5,0,3,98,28,215,351
280,179,268,5,0,56,44,23,150,351
280,179,268,5,0,17,64,23,150,351
280,179,268,5,0,3,498,28,215,351
280,179,268,5,0,7,33,23,150,351
280,29,2,12,5,11,332,104,150,351
280,179,268,5,0,380,383,23,150,351
280,179,268,5,0,7,265,23,150,351
280,29,2,12,5,11,440,28,215,351
280,179,268,5,1,44,23,104,150,351
280,179,268,5,0,1,15,28,215,351
280,179,17,34,152,1,15,28,215,351
280,179,268,5,0,1,44,23,150,351
280,179,17,34,152,1,44,23,150,351
280,179,17,6,3,13,67,28,215,351
280,179,17,34,152,1,57,465,150,351
280,29,26,8,10,16,183,28,215,351
280,29,2,0,175,23,144,28,215,351
280,179,17,6,3,13,23,104,150,351
280,29,26,21,118,11,440,28,215,351
280,179,45,85,244,28,144,23,150,351
280,179,17,319,45,19,11,28,215,351
280,179,45,85,244,28,41,23,150,351
280,179,17,319,45,85,244,28,215,351
280,29,26,389,145,28,144,23,150,351
280,179,17,319,45,168,13,23,150,351
280,29,26,389,145,28,41,23,150,351
280,179,17,319,45,402,376,172,215,351
280,179,17,313,19,5,0,23,150,351
280,179,45,11,5,433,46,28,215,351
280,179,17,313,19,24,0,23,150,351
280,179,17,313,19,5,11,28,215,351
280,179,45,11,5,1,0,23,150,351
280,179,17,313,19,45,11,28,215,351
280,179,17,313,19,5,13,23,150,351
280,179,45,11,5,473,33,23,150,351
280,179,45,11,5,1,15,28,215,351
280,179,17,313,19,69,232,23,150,351
280,179,17,313,19,45,132,172,215,351
280,179,17,313,19,5,15,28,215,351
280,179,45,11,5,12,39,28,215,351
280,179,45,11,5,1,44,23,150,351
280,179,17,313,19,294,51,172,215,351
280,179,17,313,19,5,51,172,215,351
280,179,45,11,5,18,453,28,215,351
280,179,45,11,5,12,90,28,215,351
280,179,45,11,5,1,57,465,150,351
280,179,17,313,19,390,15,28,215,351
280,179,45,11,5,48,337,23,150,351
280,179,17,313,19,390,424,23,150,351
280,179,45,11,5,126,101,28,215,351
280,179,45,11,5,48,51,172,215,351
280,179,45,11,5,291,136,28,215,351
280,29,26,55,47,123,13,23,150,351
280,179,45,11,5,436,383,23,150,351
280,29,26,55,47,3,0,23,150,351
280,179,45,11,5,86,46,28,215,351
280,29,26,55,47,3,11,28,215,351
280,179,45,11,5,86,231,28,215,351
280,29,26,55,47,3,13,23,150,351
280,179,268,5,48,337,23,104,150,351
280,29,26,55,47,3,59,28,215,351
280,179,17,103,62,2,0,23,150,351
280,29,26,55,47,3,98,28,215,351
280,179,17,103,340,35,33,23,150,351
280,179,17,103,62,7,0,23,150,351
280,179,45,19,69,255,11,28,215,351
280,179,17,103,62,7,33,23,150,351
280,179,45,19,69,1,0,23,150,351
280,179,17,103,62,7,265,23,150,351
280,179,45,19,69,1,15,28,215,351
280,179,17,186,439,33,23,104,150,351
280,179,45,19,69,1,44,23,150,351
280,179,17,313,19,11,40,23,150,351
280,29,26,55,321,186,387,28,215,351
280,179,17,313,19,11,332,104,150,351
280,179,17,319,45,11,40,23,150,351
280,179,17,313,19,11,440,28,215,351
280,179,17,319,45,11,332,104,150,351
280,29,26,8,1,0,175,258,215,351
280,179,17,319,45,11,440,28,215,351
280,179,17,101,28,144,23,104,150,351
280,29,26,8,1,35,33,23,150,351
280,29,26,8,1,7,33,23,150,351
280,29,26,8,1,69,232,23,150,351
280,29,26,8,1,7,265,23,150,351
280,29,26,8,1,111,203,266,215,351
280,179,268,5,11,28,144,23,150,351
280,29,26,8,1,236,357,23,150,351
280,29,26,8,1,111,90,28,215,351
280,179,268,5,11,28,41,23,150,351
280,29,26,8,1,431,490,104,150,351
280,179,17,6,0,23,41,28,215,351
280,29,26,8,1,441,131,104,150,351
280,179,17,6,0,23,144,28,215,351
280,29,26,8,1,475,11,28,215,351
280,179,17,6,0,23,175,258,215,351
280,29,26,8,1,5,13,23,150,351
280,179,17,64,23,33,46,28,215,351
280,29,26,8,1,5,15,28,215,351
280,179,17,64,23,40,11,28,215,351
280,179,17,64,23,33,131,104,150,351
280,29,26,8,1,5,51,172,215,351
280,179,17,64,23,13,67,28,215,351
280,179,268,5,60,449,332,104,150,351
280,179,45,19,5,12,39,28,215,351
280,179,268,5,60,230,203,266,215,351
280,179,45,19,5,18,453,28,215,351
280,179,45,19,5,12,90,28,215,351
280,179,268,5,60,195,131,104,150,351
280,179,45,19,5,48,51,172,215,351
280,179,268,5,60,65,57,465,150,351
280,179,45,19,5,60,33,23,150,351
280,179,45,19,5,48,337,23,150,351
280,179,268,5,60,236,357,23,150,351
280,179,45,19,5,86,46,28,215,351
280,29,26,8,1,3,13,23,150,351
280,179,45,19,5,291,136,28,215,351
280,179,45,19,5,86,231,28,215,351
280,29,26,8,1,3,59,28,215,351
280,179,45,19,5,433,46,28,215,351
280,29,26,8,1,3,98,28,215,351
280,179,45,19,5,436,383,23,150,351
280,179,45,19,5,1,0,23,150,351
280,179,45,19,5,126,101,28,215,351
280,179,45,19,5,1,15,28,215,351
280,179,45,19,5,473,33,23,150,351
280,179,45,19,5,1,44,23,150,351
280,179,45,132,30,16,183,28,215,351
280,179,268,5,60,33,46,28,215,351
280,179,268,5,60,33,23,104,150,351
280,179,268,5,60,33,131,104,150,351
280,179,17,63,203,417,46,28,215,351
280,29,26,8,3,11,332,104,150,351
280,179,17,63,203,400,41,28,215,351
280,29,26,8,3,11,440,28,215,351
280,179,17,63,203,305,13,23,150,351
280,179,17,63,203,400,41,23,150,351
280,29,2,12,90,28,41,23,150,351
280,179,268,5,48,7,265,23,150,351
280,179,17,34,0,3,13,23,150,351
280,179,268,5,48,61,15,28,215,351
280,179,268,5,48,7,0,23,150,351
280,179,17,34,0,1,15,28,215,351
280,179,268,5,48,51,136,28,215,351
280,179,17,34,0,5,51,172,215,351
280,179,17,34,0,3,11,28,215,351
280,179,268,5,48,381,46,28,215,351
280,179,268,5,48,7,33,23,150,351
280,179,17,34,0,1,44,23,150,351
280,179,17,34,0,50,44,23,150,351
280,179,17,34,0,5,13,23,150,351
280,179,17,34,0,3,59,28,215,351
280,179,17,34,0,56,44,23,150,351
280,179,17,34,0,5,11,28,215,351
280,179,17,34,0,3,98,28,215,351
280,179,17,34,0,160,51,172,215,351
280,179,17,34,0,5,15,28,215,351
280,179,17,34,0,3,498,28,215,351
280,179,17,34,0,380,383,23,150,351
280,179,17,101,28,41,23,104,150,351
280,179,17,6,3,1,57,465,150,351
280,179,17,34,0,7,33,23,150,351
280,179,17,101,28,136,51,172,215,351
280,179,17,6,3,4,0,23,150,351
280,179,17,6,3,1,0,23,150,351
280,179,17,34,0,7,265,23,150,351
280,179,17,101,28,11,40,23,150,351
280,179,17,6,3,47,16,104,150,351
280,179,17,6,3,1,15,28,215,351
280,179,17,101,28,15,16,104,150,351
280,179,17,101,28,11,332,104,150,351
280,179,17,6,3,346,248,28,215,351
280,179,17,6,3,1,44,23,150,351
280,179,17,101,28,183,16,104,150,351
280,179,45,19,11,40,23,104,150,351
280,179,45,11,3,47,16,104,150,351
280,179,17,101,28,67,13,23,150,351
280,179,45,11,3,1,0,23,150,351
280,179,45,11,3,4,0,23,150,351
280,179,17,101,28,46,33,23,150,351
280,179,45,11,3,1,15,28,215,351
280,179,45,11,3,6,0,23,150,351
280,179,17,0,3,11,332,104,150,351
280,179,45,11,3,1,44,23,150,351
280,179,45,11,3,346,248,28,215,351
280,179,17,0,3,11,440,28,215,351
280,179,268,5,0,23,144,28,215,351
280,179,17,27,23,0,175,258,215,351
280,29,2,12,5,473,33,23,150,351
280,179,268,5,0,23,175,258,215,351
280,179,17,27,23,40,11,28,215,351
280,29,2,12,5,48,337,23,150,351
280,29,2,12,5,1,0,23,150,351
280,179,17,27,23,13,67,28,215,351
280,29,2,12,5,436,383,23,150,351
280,29,2,12,5,48,51,172,215,351
280,29,2,12,5,1,15,28,215,351
280,29,2,12,5,18,453,28,215,351
280,179,17,27,23,33,46,28,215,351
280,29,2,12,5,1,44,23,150,351
280,29,2,12,5,19,11,28,215,351
280,29,26,320,13,23,144,28,215,351
280,29,26,21,1,7,0,23,150,351
280,29,2,12,5,126,101,28,215,351
280,29,26,320,13,23,175,258,215,351
280,29,26,21,1,35,33,23,150,351
280,29,26,21,1,7,33,23,150,351
280,29,2,12,5,291,136,28,215,351
280,29,26,21,1,69,232,23,150,351
280,29,26,21,1,7,265,23,150,351
280,29,2,12,5,433,46,28,215,351
280,29,26,21,1,111,203,266,215,351
280,29,26,21,1,5,11,28,215,351
280,29,2,12,5,60,33,23,150,351
280,29,26,21,1,236,357,23,150,351
280,29,26,21,1,111,90,28,215,351
280,29,26,21,1,5,13,23,150,351
280,29,2,12,5,86,46,28,215,351
280,29,26,21,1,431,490,104,150,351
280,29,26,21,1,5,15,28,215,351
280,29,2,12,5,86,231,28,215,351
280,29,26,21,1,441,131,104,150,351
280,29,26,21,1,5,51,172,215,351
280,179,17,0,1,69,232,23,150,351
280,29,26,21,1,475,11,28,215,351
280,29,26,21,1,3,11,28,215,351
280,179,17,0,1,431,490,104,150,351
280,29,26,21,140,33,131,104,150,351
280,29,26,21,1,3,13,23,150,351
280,179,17,0,1,441,131,104,150,351
280,179,268,5,86,46,33,23,150,351
280,29,26,21,1,3,59,28,215,351
280,179,17,0,1,7,265,23,150,351
280,179,17,34,38,121,33,23,150,351
280,29,26,21,1,3,98,28,215,351
280,179,17,0,1,3,11,28,215,351
280,179,17,0,1,7,33,23,150,351
280,179,17,34,38,165,46,28,215,351
280,179,17,0,1,5,13,23,150,351
280,179,17,0,1,3,13,23,150,351
280,179,45,319,17,63,203,266,215,351
280,179,17,0,1,35,33,23,150,351
280,179,17,0,1,5,11,28,215,351
280,179,17,0,1,3,59,28,215,351
280,179,45,319,17,186,131,104,150,351
280,179,45,319,17,63,46,28,215,351
280,179,17,0,1,111,90,28,215,351
280,179,17,0,1,5,15,28,215,351
280,179,17,0,1,3,98,28,215,351
280,179,45,319,17,364,51,172,215,351
280,179,45,319,17,186,387,28,215,351
280,179,17,0,1,475,11,28,215,351
280,179,17,0,1,111,203,266,215,351
280,179,17,0,1,5,51,172,215,351
280,179,17,0,1,3,498,28,215,351
280,179,17,6,0,5,11,28,215,351
280,179,17,6,0,3,11,28,215,351
280,179,17,6,0,1,44,23,150,351
280,179,17,6,0,50,44,23,150,351
280,179,17,6,0,5,13,23,150,351
280,179,17,6,0,3,59,28,215,351
280,179,17,6,0,56,44,23,150,351
280,179,17,6,0,5,15,28,215,351
280,179,17,6,0,3,98,28,215,351
280,179,17,6,0,7,33,23,150,351
280,179,17,6,0,5,51,172,215,351
280,179,17,6,0,3,498,28,215,351
280,179,17,6,0,160,51,172,215,351
280,179,17,6,0,7,265,23,150,351
280,179,45,19,5,0,175,23,150,351
280,179,17,6,0,380,383,23,150,351
280,179,268,5,13,3,498,28,215,351
280,179,45,19,5,0,175,258,215,351
280,179,45,212,24,0,175,258,215,351
280,179,268,5,13,305,203,266,215,351
280,179,268,5,13,3,0,23,150,351
280,179,17,364,51,48,337,23,150,351
280,179,268,5,13,31,16,104,150,351
280,179,268,5,13,3,11,28,215,351
280,179,17,364,51,130,46,28,215,351
280,179,268,5,13,177,51,172,215,351
280,179,268,5,13,31,57,465,150,351
280,179,268,5,13,3,59,28,215,351
280,179,17,364,51,160,0,23,150,351
280,179,17,364,51,5,11,28,215,351
280,179,268,5,13,3,98,28,215,351
280,179,17,364,51,177,13,23,150,351
280,179,17,364,51,5,13,23,150,351
280,179,45,19,5,0,23,104,150,351
280,179,17,364,51,262,27,23,150,351
280,179,17,364,51,5,15,28,215,351
280,179,45,192,72,31,13,23,150,351
280,179,17,364,51,366,44,23,150,351
280,179,17,406,250,3,0,23,150,351
280,179,45,192,72,31,16,104,150,351
280,179,17,167,293,1,0,23,150,351
280,179,17,406,250,370,203,266,215,351
280,179,17,406,250,3,11,28,215,351
280,179,17,167,293,1,15,28,215,351
280,179,17,167,92,45,11,28,215,351
280,179,17,406,250,3,13,23,150,351
280,179,17,167,293,1,44,23,150,351
280,179,45,168,311,11,40,23,150,351
280,179,17,406,250,3,59,28,215,351
280,179,17,167,293,1,57,465,150,351
280,179,45,168,311,11,332,104,150,351
280,179,45,19,11,332,104,23,150,351
280,179,45,11,257,4,0,23,150,351
280,179,17,406,250,3,98,28,215,351
280,179,45,11,19,69,232,23,150,351
280,179,45,168,311,11,440,28,215,351
280,179,45,11,19,5,0,23,150,351
280,179,45,11,139,348,248,28,215,351
280,179,17,406,250,3,498,28,215,351
280,179,45,11,19,24,0,23,150,351
280,29,26,8,3,6,0,23,150,351
280,179,45,11,19,5,13,23,150,351
280,179,45,11,311,168,13,23,150,351
280,179,45,11,139,12,39,28,215,351
280,179,45,11,19,390,15,28,215,351
280,29,26,8,3,47,16,104,150,351
280,179,45,11,19,5,15,28,215,351
280,179,45,11,475,1,57,465,150,351
280,179,45,11,139,12,90,28,215,351
280,179,45,11,19,294,51,172,215,351
280,179,45,11,19,390,424,23,150,351
280,29,26,8,3,346,248,28,215,351
280,179,45,11,330,260,0,23,150,351
280,179,45,11,475,1,0,23,150,351
280,29,26,70,95,209,40,23,150,351
280,29,26,8,3,1,15,28,215,351
280,29,26,70,37,7,0,23,150,351
280,179,45,11,241,12,39,28,215,351
280,179,45,11,475,1,15,28,215,351
280,29,26,70,415,35,33,23,150,351
280,29,26,8,3,1,44,23,150,351
280,29,26,70,37,259,11,28,215,351
280,29,26,70,37,7,33,23,150,351
280,179,45,11,255,69,232,23,150,351
280,179,45,11,241,12,90,28,215,351
280,179,45,11,475,1,44,23,150,351
280,29,26,70,37,299,144,23,150,351
280,29,26,70,37,7,265,23,150,351
280,179,45,168,13,3,498,28,215,351
280,179,45,19,11,28,41,23,150,351
280,179,17,0,5,11,332,104,150,351
280,29,26,70,37,299,144,28,215,351
280,179,268,5,11,40,23,104,150,351
280,179,45,164,1,0,175,258,215,351
280,29,2,0,5,473,33,23,150,351
280,179,45,168,13,5,0,23,150,351
280,179,45,168,13,3,0,23,150,351
280,179,17,0,5,11,440,28,215,351
280,29,2,0,5,1,44,23,150,351
280,29,2,0,3,346,248,28,215,351
280,29,2,0,5,12,39,28,215,351
280,179,45,168,13,31,57,465,150,351
280,179,45,168,13,5,11,28,215,351
280,179,45,168,13,3,11,28,215,351
280,29,2,0,5,1,57,465,150,351
280,29,2,322,477,67,13,23,150,351
280,29,2,0,5,18,453,28,215,351
280,29,2,0,5,12,90,28,215,351
280,179,45,168,13,305,203,266,215,351
280,179,45,168,13,31,16,104,150,351
280,179,45,168,13,5,15,28,215,351
280,179,45,168,13,3,59,28,215,351
280,29,2,0,5,48,337,23,150,351
280,179,45,11,28,46,33,23,150,351
280,179,45,168,13,177,51,172,215,351
280,29,2,0,3,1,44,23,150,351
280,179,45,168,13,5,51,172,215,351
280,29,2,10,120,35,33,23,150,351
280,29,2,10,334,12,90,28,215,351
280,179,45,168,13,3,98,28,215,351
280,29,2,0,5,19,11,28,215,351
280,29,2,0,5,48,51,172,215,351
280,179,45,11,28,136,51,172,215,351
280,179,45,109,96,48,51,172,215,351
280,29,2,10,91,155,41,28,215,351
280,179,45,402,376,32,11,28,215,351
280,179,45,109,169,1,0,23,150,351
280,29,2,0,5,126,101,28,215,351
280,29,2,10,8,1,15,28,215,351
280,179,45,109,361,11,332,104,150,351
280,29,2,10,8,3,59,28,215,351
280,179,45,11,28,183,16,104,150,351
280,29,26,344,157,253,13,23,150,351
280,179,45,109,238,7,0,23,150,351
280,179,45,109,96,48,337,23,150,351
280,29,26,344,157,1,0,23,150,351
280,29,26,344,157,5,13,23,150,351
280,179,45,402,376,32,145,28,215,351
280,179,45,109,169,1,15,28,215,351
280,29,2,0,5,291,136,28,215,351
280,29,2,10,8,1,44,23,150,351
280,179,45,109,361,11,440,28,215,351
280,179,45,19,24,298,44,23,150,351
280,179,45,19,24,0,175,23,150,351
280,179,45,19,24,0,23,104,150,351
280,29,26,21,1,0,175,258,215,351
280,179,17,0,5,1,15,28,215,351
280,29,2,10,8,3,98,28,215,351
280,179,45,11,28,67,13,23,150,351
280,29,26,344,157,307,33,23,150,351
280,29,26,21,122,48,51,172,215,351
280,29,26,21,89,10,356,28,215,351
280,179,45,109,238,7,33,23,150,351
280,29,26,21,20,19,11,28,215,351
280,29,26,21,20,7,33,23,150,351
280,29,26,344,157,1,15,28,215,351
280,29,26,344,157,5,15,28,215,351
280,179,45,402,376,32,178,23,150,351
280,179,45,109,169,1,44,23,150,351
280,29,2,0,5,436,383,23,150,351
280,179,45,19,5,11,40,23,150,351
280,179,45,189,12,5,0,23,150,351
280,29,26,21,20,30,132,172,215,351
280,179,17,0,3,47,16,104,150,351
280,179,17,0,3,1,15,28,215,351
280,179,45,19,24,0,175,258,215,351
280,29,26,125,47,3,13,23,150,351
280,179,17,0,5,433,46,28,215,351
280,179,268,5,15,1,57,465,150,351
280,179,268,5,15,16,183,28,215,351
280,179,17,34,0,23,144,28,215,351
280,179,17,0,5,1,44,23,150,351
280,29,2,10,8,3,498,28,215,351
280,29,26,21,122,48,337,23,150,351
280,179,268,5,15,16,104,23,150,351
280,179,45,168,13,23,41,28,215,351
280,179,45,11,40,23,144,28,215,351
280,179,17,0,7,33,131,104,150,351
280,179,45,109,238,7,265,23,150,351
280,29,26,21,20,72,404,28,215,351
280,29,2,0,17,364,51,172,215,351
280,29,2,0,17,63,203,266,215,351
280,29,26,21,20,7,265,23,150,351
280,29,26,344,157,1,44,23,150,351
280,29,2,62,7,1,57,465,150,351
280,29,26,8,87,63,203,266,215,351
280,29,26,344,157,5,51,172,215,351
280,179,268,5,13,23,41,28,215,351
280,29,26,8,191,1,0,23,150,351
280,29,2,0,5,60,33,23,150,351
280,179,45,19,5,11,332,104,150,351
280,179,45,189,12,139,11,28,215,351
280,29,2,62,7,33,46,28,215,351
280,29,2,322,194,30,36,23,150,351
280,179,45,189,12,5,11,28,215,351
280,179,17,0,3,346,248,28,215,351
280,29,2,0,1,441,131,104,150,351
280,179,17,0,3,1,44,23,150,351
280,29,26,125,47,3,59,28,215,351
280,29,2,62,7,33,23,104,150,351
280,179,17,0,5,473,33,23,150,351
280,179,268,5,15,390,424,23,150,351
280,179,268,5,15,1,0,23,150,351
280,179,45,192,384,131,33,23,150,351
280,29,26,8,148,0,175,258,215,351
280,179,17,34,0,23,175,258,215,351
280,179,17,0,5,1,57,465,150,351
280,179,45,192,384,131,104,23,150,351
280,179,17,0,175,23,41,28,215,351
280,179,268,5,11,332,104,23,150,351
280,179,45,164,1,5,0,23,150,351
280,179,17,0,143,274,44,23,150,351
280,179,17,0,6,3,98,28,215,351
280,179,45,168,13,23,144,28,215,351
280,179,45,164,1,3,0,23,150,351
280,179,45,11,40,23,175,258,215,351
280,179,17,63,46,52,481,28,215,351
280,29,26,21,20,202,206,23,150,351
280,29,2,62,103,17,64,23,150,351
280,179,17,0,7,48,337,23,150,351
280,29,2,62,103,17,101,28,215,351
280,179,17,0,7,459,424,23,150,351
280,179,17,0,7,48,51,172,215,351
280,29,2,62,7,48,337,23,150,351
280,29,2,62,7,1,0,23,150,351
280,29,2,62,7,459,424,23,150,351
280,29,2,62,7,48,51,172,215,351
280,29,2,62,7,1,15,28,215,351
280,179,45,19,11,3,498,28,215,351
280,29,2,62,7,1,44,23,150,351
280,179,45,19,11,5,0,23,150,351
280,179,45,19,11,3,0,23,150,351
280,179,45,19,11,49,46,28,215,351
280,179,45,19,11,5,13,23,150,351
280,179,45,19,11,3,13,23,150,351
280,179,45,19,11,32,145,28,215,351
280,179,45,19,11,5,15,28,215,351
280,179,45,19,11,3,59,28,215,351
280,179,45,19,11,32,178,23,150,351
280,179,45,19,11,5,51,172,215,351
280,179,45,19,11,3,98,28,215,351
280,179,45,19,11,32,376,172,215,351
280,179,17,0,7,1,15,28,215,351
280,29,2,12,139,11,440,28,215,351
280,179,17,0,7,1,57,465,150,351
280,29,26,8,391,397,16,104,150,351
280,29,26,8,87,418,244,28,215,351
280,29,26,8,93,1,0,23,150,351
280,29,26,8,87,63,46,28,215,351
280,29,26,8,100,1,57,465,150,351
280,29,26,8,93,1,15,28,215,351
280,29,26,8,83,5,51,172,215,351
280,29,26,8,100,260,0,23,150,351
280,29,26,8,100,1,0,23,150,351
280,29,26,8,93,1,44,23,150,351
280,29,26,8,133,3,98,28,215,351
280,29,26,8,83,5,0,23,150,351
280,29,26,8,100,414,337,23,150,351
280,29,26,8,100,1,15,28,215,351
280,29,26,8,93,1,57,465,150,351
280,29,26,8,267,140,33,23,150,351
280,29,26,8,133,3,0,23,150,351
280,29,26,8,83,5,11,28,215,351
280,29,26,8,100,426,132,172,215,351
280,29,26,8,100,1,44,23,150,351
280,29,26,8,317,1,0,23,150,351
280,29,26,8,133,3,11,28,215,351
280,29,26,8,83,5,13,23,150,351
280,29,26,8,352,239,0,23,150,351
280,29,26,8,317,1,15,28,215,351
280,29,26,8,133,3,13,23,150,351
280,29,26,8,83,5,15,28,215,351
280,29,26,8,317,1,44,23,150,351
280,29,26,8,133,3,59,28,215,351
280,29,26,8,317,1,57,465,150,351
280,29,26,8,133,3,498,28,215,351
280,179,268,5,13,23,144,28,215,351
280,29,26,8,191,1,15,28,215,351
280,179,268,5,13,23,175,258,215,351
280,29,26,8,191,1,44,23,150,351
280,29,2,0,5,86,46,28,215,351
280,29,2,379,45,11,40,23,150,351
280,29,2,0,5,86,231,28,215,351
280,29,2,379,45,11,332,104,150,351
280,29,2,233,71,47,16,104,150,351
280,29,2,379,45,11,440,28,215,351
280,29,2,233,71,50,0,23,150,351
280,179,45,19,5,11,440,28,215,351
280,29,2,233,71,137,181,28,215,351
280,29,2,233,71,50,44,23,150,351
280,179,45,189,12,241,11,28,215,351
280,179,268,5,15,28,41,23,150,351
280,29,2,62,7,33,131,104,150,351
280,29,2,14,3,4,0,23,150,351
280,29,2,322,194,30,132,172,215,351
280,29,2,14,3,6,0,23,150,351
280,179,45,189,12,5,13,23,150,351
280,29,2,14,3,47,16,104,150,351
280,179,45,189,12,5,15,28,215,351
280,29,2,14,3,346,248,28,215,351
280,179,45,189,12,5,51,172,215,351
280,179,45,402,472,1,0,23,150,351
280,179,45,146,30,16,183,28,215,351
280,179,45,402,472,1,15,28,215,351
280,29,2,14,3,1,0,23,150,351
280,179,45,402,472,1,44,23,150,351
280,29,2,14,3,1,15,28,215,351
280,179,45,402,472,1,57,465,150,351
280,29,2,14,3,1,44,23,150,351
280,29,2,0,1,7,265,23,150,351
280,29,26,320,13,31,57,465,150,351
280,29,2,0,1,3,11,28,215,351
280,29,2,0,1,7,33,23,150,351
280,29,26,320,13,305,203,266,215,351
280,29,26,320,13,31,16,104,150,351
280,29,2,0,1,5,13,23,150,351
280,29,2,0,1,3,13,23,150,351
280,29,26,320,13,177,51,172,215,351
280,29,2,0,1,35,33,23,150,351
280,29,2,0,1,5,11,28,215,351
280,29,2,0,1,3,59,28,215,351
280,29,2,0,1,111,90,28,215,351
280,29,2,0,1,5,15,28,215,351
280,29,2,0,1,3,98,28,215,351
280,29,2,0,1,475,11,28,215,351
280,29,2,0,1,111,203,266,215,351
280,29,2,0,1,5,51,172,215,351
280,29,2,0,1,3,498,28,215,351
280,29,26,125,47,3,98,28,215,351
280,29,26,320,13,5,11,28,215,351
280,179,17,0,5,12,39,28,215,351
280,29,26,320,13,5,15,28,215,351
280,179,17,0,5,48,337,23,150,351
280,179,17,0,5,12,90,28,215,351
280,29,26,320,13,5,51,172,215,351
280,179,17,0,5,18,453,28,215,351
280,179,17,0,5,48,51,172,215,351
280,179,17,0,5,126,101,28,215,351
280,29,26,21,438,0,175,258,215,351
280,179,17,0,5,291,136,28,215,351
280,179,17,6,18,5,11,28,215,351
280,179,17,0,5,436,383,23,150,351
280,179,17,6,18,5,13,23,150,351
280,179,17,0,5,19,11,28,215,351
280,179,17,6,18,5,15,28,215,351
280,179,17,0,5,86,46,28,215,351
280,179,17,6,18,5,51,172,215,351
280,179,17,0,5,86,231,28,215,351
280,179,268,5,15,158,136,28,215,351
280,179,268,5,15,1,44,23,150,351
280,29,26,320,13,3,11,28,215,351
280,29,2,322,325,44,23,104,150,351
280,29,26,320,13,3,59,28,215,351
280,179,45,11,5,0,175,258,215,351
280,29,26,320,13,3,98,28,215,351
280,179,17,101,126,5,13,23,150,351
280,179,17,0,175,23,144,28,215,351
280,179,17,101,126,5,15,28,215,351
280,179,268,5,1,0,175,258,215,351
280,179,17,101,126,5,51,172,215,351
280,179,45,164,1,7,0,23,150,351
280,179,45,164,1,5,11,28,215,351
280,179,45,164,1,35,33,23,150,351
280,179,45,164,1,7,33,23,150,351
280,179,45,164,1,5,13,23,150,351
280,179,45,164,1,69,232,23,150,351
280,179,45,164,1,7,265,23,150,351
280,179,45,164,1,5,15,28,215,351
280,179,45,164,1,111,203,266,215,351
280,179,45,164,1,5,51,172,215,351
280,179,45,164,1,236,357,23,150,351
280,179,45,164,1,111,90,28,215,351
280,179,45,164,1,431,490,104,150,351
280,179,17,0,316,403,232,23,150,351
280,179,45,164,1,441,131,104,150,351
280,179,17,0,4,257,11,28,215,351
280,179,45,164,1,475,11,28,215,351
280,179,17,0,24,298,44,23,150,351
280,179,17,0,4,3,498,28,215,351
280,179,17,0,2,10,16,104,150,351
280,179,17,0,24,19,11,28,215,351
280,179,17,0,4,113,15,28,215,351
280,179,17,0,4,3,11,28,215,351
280,179,17,0,34,38,401,23,150,351
280,179,17,0,2,12,39,28,215,351
280,179,17,0,2,10,356,28,215,351
280,179,17,0,4,3,13,23,150,351
280,179,17,0,99,80,46,28,215,351
280,179,17,0,2,12,90,28,215,351
280,179,17,0,4,3,59,28,215,351
280,179,17,0,94,263,46,28,215,351
280,179,17,0,4,3,98,28,215,351
280,179,17,0,260,330,11,28,215,351
280,29,2,14,3,13,67,28,215,351
280,179,17,6,222,283,407,28,215,351
280,179,17,0,6,3,11,28,215,351
280,179,17,6,229,30,36,23,150,351
280,179,17,0,6,3,13,23,150,351
280,179,17,6,37,7,0,23,150,351
280,179,17,6,229,30,16,104,150,351
280,179,17,0,6,3,59,28,215,351
280,179,17,6,173,202,206,23,150,351
280,179,17,6,37,259,11,28,215,351
280,179,17,6,37,7,33,23,150,351
280,179,17,6,229,30,132,172,215,351
280,179,17,0,6,3,498,28,215,351
280,179,17,6,205,380,383,23,150,351
280,179,17,6,37,299,144,23,150,351
280,179,17,6,37,7,265,23,150,351
280,179,17,6,42,82,67,28,215,351
280,179,17,6,205,411,132,172,215,351
280,179,17,6,205,380,0,23,150,351
280,179,17,6,37,299,144,28,215,351
280,179,17,6,211,121,33,23,150,351
280,179,17,6,42,4,0,23,150,351
280,179,17,6,211,239,0,23,150,351
280,179,45,168,13,23,175,258,215,351
280,179,45,164,1,3,11,28,215,351
280,179,45,319,17,0,175,258,215,351
280,179,45,164,1,3,13,23,150,351
280,179,17,63,46,86,231,28,215,351
280,179,45,164,1,3,59,28,215,351
280,179,17,63,46,105,300,104,150,351
280,179,45,164,1,3,98,28,215,351
280,179,17,63,46,170,33,23,150,351
280,179,17,186,439,33,131,104,150,351
280,179,17,63,46,130,51,172,215,351
280,29,26,21,20,204,44,23,150,351
280,179,17,63,46,417,203,266,215,351
280,29,26,21,20,269,51,172,215,351
280,179,17,63,46,110,248,28,215,351
280,29,26,8,133,3,1,57,465,150,351
280,29,26,8,191,1,44,23,104,150,351
280,29,2,379,45,11,40,23,104,150,351
280,29,2,379,45,11,332,104,23,150,351
280,179,45,19,11,3,1,57,465,150,351
280,179,45,19,11,5,51,136,28,215,351
280,29,2,233,71,47,16,104,23,150,351
280,29,2,379,45,11,3,498,28,215,351
280,29,2,233,71,47,3,498,28,215,351
280,29,2,233,71,47,16,15,28,215,351
280,29,2,233,71,50,0,175,23,150,351
280,29,2,233,71,50,0,23,104,150,351
280,179,45,19,5,11,3,498,28,215,351
280,29,2,233,71,116,1,57,465,150,351
280,179,17,0,7,1,236,357,23,150,351
280,29,2,233,71,50,44,23,104,150,351
280,179,45,189,12,241,11,40,23,150,351
280,179,268,5,15,28,11,40,23,150,351
280,179,268,5,15,28,41,23,104,150,351
280,179,45,189,12,185,72,404,28,215,351
280,29,2,62,7,33,170,46,28,215,351
280,29,2,62,7,33,131,104,23,150,351
280,29,2,14,3,4,113,15,28,215,351
280,29,2,14,3,4,0,175,23,150,351
280,29,2,14,3,4,0,23,104,150,351
280,29,2,62,7,48,51,136,28,215,351
280,179,45,19,11,32,367,59,28,215,351
280,29,2,14,3,6,17,0,23,150,351
280,29,2,14,3,6,0,23,104,150,351
280,29,2,14,3,6,0,175,23,150,351
280,179,45,189,12,5,13,67,28,215,351
280,29,2,12,139,11,3,498,28,215,351
280,179,45,189,12,5,13,23,104,150,351
280,29,2,14,3,47,123,13,23,150,351
280,29,2,14,3,47,16,15,28,215,351
280,29,2,62,7,48,337,23,104,150,351
280,29,2,14,3,47,16,104,23,150,351
280,179,45,189,12,5,15,16,104,150,351
280,29,26,8,352,239,0,175,23,150,351
280,179,17,0,7,48,337,23,104,150,351
280,179,45,19,313,17,0,23,104,150,351
280,179,45,189,12,5,51,136,28,215,351
280,29,2,14,3,452,448,206,23,150,351
280,179,45,402,472,1,0,23,104,150,351
280,179,45,146,30,16,10,356,28,215,351
280,179,45,189,12,5,1,57,465,150,351
280,179,45,402,472,1,15,16,104,150,351
280,179,45,402,472,1,0,175,23,150,351
280,29,2,62,7,20,30,16,104,150,351
280,179,268,5,286,429,48,51,172,215,351
280,29,2,14,3,1,0,23,104,150,351
280,29,2,14,3,1,0,175,23,150,351
280,179,45,402,472,1,44,23,104,150,351
280,29,2,14,3,1,15,16,104,150,351
280,29,26,8,391,397,16,104,23,150,351
280,29,2,14,3,1,236,357,23,150,351
280,179,17,0,7,1,15,16,104,150,351
280,29,2,14,3,1,44,23,104,150,351
280,179,45,402,472,1,3,498,28,215,351
280,29,2,0,1,7,265,23,104,150,351
280,29,2,62,7,1,3,498,28,215,351
280,29,26,21,20,202,206,23,104,150,351
280,29,26,8,93,1,0,23,104,150,351
280,29,26,8,93,1,0,175,23,150,351
280,29,2,0,1,3,11,40,23,150,351
280,29,2,0,1,7,48,337,23,150,351
280,29,26,8,87,63,17,0,23,150,351
280,29,2,0,1,7,33,46,28,215,351
280,29,2,0,1,7,33,23,104,150,351
280,179,45,19,11,3,13,23,104,150,351
280,29,26,320,13,31,16,15,28,215,351
280,29,26,320,13,31,72,404,28,215,351
280,29,26,320,13,31,16,104,23,150,351
280,29,2,62,7,459,424,23,104,150,351
280,179,17,0,7,22,1,57,465,150,351
280,29,2,0,1,5,13,67,28,215,351
280,29,2,0,1,5,13,23,104,150,351
280,29,2,0,1,3,13,67,28,215,351
280,29,2,0,1,3,13,23,104,150,351
280,29,26,320,13,168,45,132,172,215,351
280,179,45,19,11,5,0,23,104,150,351
280,29,26,320,13,177,51,136,28,215,351
280,29,2,0,1,35,110,248,28,215,351
280,29,26,8,87,63,46,33,23,150,351
280,29,2,0,1,35,33,23,104,150,351
280,29,2,0,1,35,33,46,28,215,351
280,29,2,0,1,5,11,40,23,150,351
280,29,26,8,83,5,0,175,23,150,351
280,179,268,5,66,210,38,401,23,150,351
280,29,26,8,83,220,1,0,23,150,351
280,179,268,5,371,466,424,23,104,150,351
280,179,17,0,7,459,424,23,104,150,351
280,29,2,62,7,48,5,0,23,150,351
280,29,2,0,1,5,15,16,104,150,351
280,29,2,0,1,97,420,175,258,215,351
280,29,2,0,1,475,11,40,23,150,351
280,29,26,8,100,260,330,11,28,215,351
280,29,2,0,1,5,433,46,28,215,351
280,29,2,0,1,5,51,136,28,215,351
280,29,2,0,1,3,47,16,104,150,351
280,29,26,125,47,3,1,57,465,150,351
280,179,45,19,76,17,27,23,104,150,351
280,29,26,320,13,5,11,40,23,150,351
280,29,26,8,93,1,15,16,104,150,351
280,29,2,0,1,111,385,33,23,150,351
280,29,26,8,83,5,51,136,28,215,351
280,179,17,0,7,48,51,136,28,215,351
280,29,26,8,100,260,0,23,104,150,351
280,29,2,0,6,17,27,23,104,150,351
280,29,26,320,13,5,15,16,104,150,351
280,179,17,0,5,48,337,23,104,150,351
280,179,17,0,5,12,139,11,28,215,351
280,29,2,62,7,1,44,23,104,150,351
280,29,26,320,13,5,51,136,28,215,351
280,29,26,320,13,5,60,33,23,150,351
280,179,17,0,5,48,7,265,23,150,351
280,179,45,19,11,5,0,175,23,150,351
280,29,26,8,100,1,0,175,23,150,351
280,179,17,0,5,48,51,136,28,215,351
280,179,17,0,5,291,136,51,172,215,351
280,29,26,8,100,260,0,175,23,150,351
280,179,17,6,18,5,11,40,23,150,351
280,29,26,8,100,1,0,23,104,150,351
280,179,17,0,5,436,383,23,104,150,351
280,29,2,62,103,17,64,23,104,150,351
280,29,26,8,391,397,16,15,28,215,351
280,29,26,8,83,5,0,23,104,150,351
280,29,2,0,4,113,15,16,104,150,351
280,179,17,6,18,5,13,67,28,215,351
280,179,17,6,18,5,13,23,104,150,351
280,179,45,19,20,202,206,23,104,150,351
280,179,17,0,5,19,11,40,23,150,351
280,179,17,0,5,19,69,232,23,150,351
280,179,268,5,188,1,0,23,104,150,351
280,179,17,6,18,5,15,16,104,150,351
280,179,17,0,5,286,30,16,104,150,351
280,179,17,0,5,86,46,33,23,150,351
280,179,17,6,18,5,1,57,465,150,351
280,179,17,6,18,5,51,136,28,215,351
280,29,26,8,100,414,337,23,104,150,351
280,29,2,0,24,298,44,23,104,150,351
280,179,268,5,15,349,52,481,28,215,351
280,179,268,5,15,158,190,33,23,150,351
280,179,268,5,15,158,136,51,172,215,351
280,179,45,19,20,30,36,23,104,150,351
280,179,45,53,38,34,0,23,104,150,351
280,179,268,5,15,1,236,357,23,150,351
280,179,17,186,131,441,1,15,28,215,351
280,179,268,5,15,1,44,23,104,150,351
280,179,45,19,313,17,64,23,104,150,351
280,179,45,19,25,3,1,57,465,150,351
280,29,26,320,13,3,11,40,23,150,351
280,179,45,19,76,17,6,0,23,150,351
280,29,2,322,325,44,23,41,28,215,351
280,29,26,8,93,1,44,23,104,150,351
280,29,2,62,103,17,6,0,23,150,351
280,179,45,11,440,28,41,23,104,150,351
280,29,2,0,6,17,64,23,104,150,351
280,29,2,0,4,147,47,16,104,150,351
280,29,2,0,4,3,11,40,23,150,351
280,29,26,320,13,3,1,57,465,150,351
280,29,2,0,4,257,11,40,23,150,351
280,179,17,101,126,5,13,67,28,215,351
280,179,17,0,7,48,5,11,28,215,351
280,179,45,19,20,204,44,23,104,150,351
280,179,17,101,126,5,13,23,104,150,351
280,179,17,0,175,23,33,46,28,215,351
280,29,2,0,4,3,13,67,28,215,351
280,179,45,19,76,17,64,23,104,150,351
280,179,45,19,20,74,31,57,465,150,351
280,179,17,101,126,5,15,16,104,150,351
280,29,2,0,4,3,13,23,104,150,351
280,29,26,8,133,3,0,23,104,150,351
280,29,26,8,93,1,3,498,28,215,351
280,179,45,19,390,15,1,57,465,150,351
280,179,17,101,126,5,1,57,465,150,351
280,179,17,101,126,5,51,136,28,215,351
280,179,45,19,390,15,16,183,28,215,351
280,29,2,0,34,38,141,46,28,215,351
280,29,26,8,100,1,15,16,104,150,351
280,29,2,0,34,38,401,23,104,150,351
280,179,45,164,1,7,0,175,23,150,351
280,179,17,76,19,5,1,57,465,150,351
280,179,45,164,1,7,0,23,104,150,351
280,29,2,0,24,73,279,40,23,150,351
280,29,26,8,133,3,0,175,23,150,351
280,179,45,19,390,15,16,104,23,150,351
280,179,45,164,1,5,11,40,23,150,351
280,29,2,0,24,19,5,11,28,215,351
280,29,2,0,24,19,11,40,23,150,351
280,179,45,164,1,35,110,248,28,215,351
280,29,26,8,267,140,33,23,104,150,351
280,179,45,164,1,35,33,46,28,215,351
280,179,45,164,1,35,33,23,104,150,351
280,179,45,19,313,17,6,0,23,150,351
280,29,2,0,6,394,263,46,28,215,351
280,179,45,164,1,7,33,46,28,215,351
280,29,26,8,267,140,33,46,28,215,351
280,29,26,8,100,1,3,498,28,215,351
280,179,45,19,11,5,13,23,104,150,351
280,179,45,19,76,17,0,175,23,150,351
280,179,17,63,87,8,1,57,465,150,351
280,179,45,164,1,7,33,23,104,150,351
280,179,45,164,1,5,13,67,28,215,351
280,179,45,164,1,5,13,23,104,150,351
280,29,26,21,1,57,31,13,23,150,351
280,29,2,0,6,18,5,15,28,215,351
280,179,45,164,1,69,19,11,28,215,351
280,29,2,0,6,3,11,40,23,150,351
280,179,45,164,1,69,232,23,104,150,351
280,29,26,8,100,318,119,13,23,150,351
280,29,2,0,6,17,63,46,28,215,351
280,179,45,164,1,7,265,23,104,150,351
280,179,45,164,1,7,48,337,23,150,351
280,179,45,164,1,5,15,16,104,150,351
280,29,26,8,83,5,11,40,23,150,351
280,179,268,5,188,1,0,175,23,150,351
280,29,26,8,317,339,325,44,23,150,351
280,179,17,76,19,5,51,136,28,215,351
280,179,45,53,38,34,0,175,23,150,351
280,179,45,164,1,5,51,136,28,215,351
280,179,45,164,1,5,433,46,28,215,351
280,179,45,146,30,36,23,41,28,215,351
280,179,45,164,1,236,60,33,23,150,351
280,179,45,164,1,236,357,23,104,150,351
280,179,45,164,1,111,385,33,23,150,351
280,29,26,8,100,1,44,23,104,150,351
280,29,2,0,94,74,31,13,23,150,351
280,179,45,164,1,431,190,33,23,150,351
280,179,45,164,1,431,490,104,23,150,351
280,179,45,19,11,3,0,23,104,150,351
280,29,2,0,94,263,46,33,23,150,351
280,179,17,0,316,9,292,46,28,215,351
280,179,17,0,316,403,232,23,104,150,351
280,29,26,8,484,200,7,265,23,150,351
280,179,45,19,11,49,46,33,23,150,351
280,29,26,8,317,1,0,175,23,150,351
280,179,45,19,284,20,7,33,23,150,351
280,29,2,0,34,152,1,44,23,150,351
280,179,45,164,1,441,131,33,23,150,351
280,179,45,319,17,64,23,41,28,215,351
280,179,45,164,1,441,131,104,23,150,351
280,179,268,5,286,30,16,15,28,215,351
280,29,2,0,34,17,27,23,104,150,351
280,179,17,0,4,257,11,40,23,150,351
280,179,45,164,1,8,3,498,28,215,351
280,29,26,8,83,5,13,67,28,215,351
280,29,26,8,317,1,0,23,104,150,351
280,179,45,164,1,475,11,40,23,150,351
280,29,26,8,1,57,31,13,23,150,351
280,29,2,0,6,3,13,67,28,215,351
280,179,45,19,11,3,0,175,23,150,351
280,179,17,0,24,298,44,23,104,150,351
280,29,26,8,133,3,11,40,23,150,351
280,29,2,0,4,3,1,57,465,150,351
280,29,2,0,6,3,13,23,104,150,351
280,179,268,5,11,32,367,59,28,215,351
280,29,26,8,83,5,13,23,104,150,351
280,179,45,19,11,5,15,16,104,150,351
280,179,268,5,286,30,16,104,23,150,351
280,29,2,0,148,405,331,244,28,215,351
280,29,2,0,99,80,31,57,465,150,351
280,179,17,0,2,10,16,15,28,215,351
280,179,17,0,2,10,16,104,23,150,351
280,29,2,0,99,80,46,33,23,150,351
280,179,17,0,24,285,32,376,172,215,351
280,179,17,0,24,19,5,11,28,215,351
280,179,45,19,11,3,13,67,28,215,351
280,179,17,63,275,69,1,57,465,150,351
280,179,17,0,24,19,11,40,23,150,351
280,179,17,0,4,147,47,16,104,150,351
280,179,45,53,38,121,33,46,28,215,351
280,179,17,0,4,113,15,16,104,150,351
280,179,17,63,46,33,23,41,28,215,351
280,29,2,0,34,17,64,23,104,150,351
280,179,17,0,4,3,11,40,23,150,351
280,29,2,62,7,1,15,16,104,150,351
280,29,2,0,5,86,46,33,23,150,351
280,179,268,5,13,23,33,131,104,150,351
280,179,45,53,38,141,46,33,23,150,351
280,29,26,55,47,16,10,356,28,215,351
280,29,2,0,6,3,346,248,28,215,351
280,179,17,0,2,12,5,51,172,215,351
280,179,268,5,12,2,10,16,104,150,351
280,179,17,0,94,74,31,13,23,150,351
280,179,17,0,94,263,46,33,23,150,351
280,179,268,5,12,2,0,175,23,150,351
280,179,17,0,4,3,1,57,465,150,351
280,179,268,5,12,2,0,23,104,150,351
280,179,17,0,148,405,331,244,28,215,351
280,179,17,0,260,100,426,132,172,215,351
280,179,17,0,34,38,141,46,28,215,351
280,29,26,8,83,5,1,57,465,150,351
280,179,17,63,46,33,131,104,23,150,351
280,179,17,0,260,330,11,40,23,150,351
280,29,2,14,3,13,31,16,104,150,351
280,29,2,14,3,11,332,104,23,150,351
280,179,17,6,222,95,209,40,23,150,351
280,179,17,6,222,283,85,244,28,215,351
280,29,26,8,133,3,13,23,104,150,351
280,179,268,5,12,139,348,248,28,215,351
280,179,268,5,12,139,11,40,23,150,351
280,179,17,0,6,3,11,40,23,150,351
280,29,26,8,352,239,0,23,104,150,351
280,179,17,63,378,171,40,11,28,215,351
280,29,2,14,3,11,5,51,172,215,351
280,29,26,8,317,1,15,16,104,150,351
280,179,17,6,229,30,36,23,104,150,351
280,29,2,0,34,17,63,46,28,215,351
280,29,26,8,317,1,44,23,104,150,351
280,179,268,5,12,185,72,404,28,215,351
280,179,17,0,6,3,13,23,104,150,351
280,179,268,5,12,241,11,40,23,150,351
280,179,17,0,6,3,13,67,28,215,351
280,29,26,8,133,3,13,67,28,215,351
280,179,17,6,37,7,0,175,23,150,351
280,29,26,8,83,5,15,16,104,150,351
280,179,17,6,37,7,0,23,104,150,351
280,179,268,5,161,1,0,175,23,150,351
280,29,26,225,6,37,259,11,28,215,351
280,179,17,6,229,30,16,104,23,150,351
280,179,17,6,229,30,16,15,28,215,351
280,179,45,19,11,5,13,67,28,215,351
280,29,26,225,6,18,5,0,23,150,351
280,179,17,6,173,297,38,401,23,150,351
280,29,26,8,191,1,15,16,104,150,351
280,179,17,0,4,3,13,23,104,150,351
280,179,17,0,2,379,45,132,172,215,351
280,29,26,8,3,498,28,144,23,150,351
280,29,26,225,6,17,27,23,104,150,351
280,179,17,6,173,202,206,23,104,150,351
280,179,17,63,163,395,80,46,28,215,351
280,179,17,6,37,259,11,40,23,150,351
280,179,17,6,37,7,33,46,28,215,351
280,29,2,62,7,1,0,175,23,150,351
280,179,17,6,37,7,33,23,104,150,351
280,179,268,5,66,65,60,33,23,150,351
280,179,17,0,6,3,346,248,28,215,351
280,179,17,63,163,489,144,23,104,150,351
280,29,2,0,23,40,11,332,104,150,351
280,179,17,0,4,3,13,67,28,215,351
280,29,2,14,3,11,40,23,104,150,351
280,179,45,11,3,98,28,144,23,150,351
280,29,26,225,6,17,64,23,104,150,351
280,179,17,6,205,380,383,23,104,150,351
280,179,17,6,37,240,105,300,104,150,351
280,179,268,5,11,3,13,23,104,150,351
280,29,2,0,23,36,30,16,104,150,351
280,29,2,0,23,13,31,16,104,150,351
280,179,17,6,37,299,144,23,104,150,351
280,179,17,6,37,7,1,57,465,150,351
280,179,45,19,11,257,4,0,23,150,351
280,179,17,0,34,38,401,23,104,150,351
280,179,17,6,37,7,265,23,104,150,351
280,179,45,166,35,33,23,41,28,215,351
280,29,26,225,6,17,186,387,28,215,351
280,179,17,6,42,82,67,13,23,150,351
280,29,2,62,7,1,0,23,104,150,351
280,179,45,19,25,221,186,131,104,150,351
280,179,45,11,440,28,144,23,104,150,351
280,179,17,6,205,380,0,175,23,150,351
280,179,17,6,205,380,0,23,104,150,351
280,29,2,0,23,33,170,46,28,215,351
280,179,17,6,199,108,1,57,465,150,351
280,179,17,6,211,121,38,401,23,150,351
280,29,26,8,3,13,23,41,28,215,351
280,29,26,225,6,3,11,40,23,150,351
280,179,17,6,211,121,33,46,28,215,351
280,179,17,6,211,121,33,23,104,150,351
280,179,17,6,42,151,45,132,172,215,351
280,179,17,6,42,4,3,498,28,215,351
280,179,45,166,208,12,2,0,23,150,351
280,179,17,6,42,4,0,175,23,150,351
280,179,17,6,42,4,0,23,104,150,351
280,179,17,6,211,250,370,203,266,215,351
280,29,26,8,317,1,3,498,28,215,351
280,179,268,5,127,273,230,203,266,215,351
280,179,17,0,23,40,11,332,104,150,351
280,179,17,6,211,239,0,175,23,150,351
280,179,17,6,211,239,0,23,104,150,351
280,179,45,168,13,23,33,131,104,150,351
280,29,26,8,3,13,31,16,104,150,351
280,29,26,8,3,11,28,144,23,150,351
280,179,45,164,1,3,11,40,23,150,351
280,179,17,0,99,80,31,57,465,150,351
280,179,17,0,34,152,1,44,23,150,351
280,29,26,225,6,3,13,67,28,215,351
280,179,45,164,1,3,13,67,28,215,351
280,179,45,166,35,110,46,33,23,150,351
280,179,45,164,1,3,13,23,104,150,351
280,29,26,225,6,3,13,23,104,150,351
280,179,17,0,99,80,46,33,23,150,351
280,179,17,63,46,86,5,0,23,150,351
280,179,17,0,23,36,30,16,104,150,351
280,179,17,0,23,13,31,16,104,150,351
280,29,2,0,5,286,30,16,104,150,351
280,179,45,19,11,32,178,23,104,150,351
280,179,45,19,11,5,433,46,28,215,351
280,29,2,10,16,183,28,144,23,150,351
280,179,45,19,25,3,0,175,23,150,351
280,179,45,166,35,1,0,175,23,150,351
280,179,17,63,46,105,61,15,28,215,351
280,179,45,164,1,44,50,0,23,150,351
280,179,45,164,1,3,47,16,104,150,351
280,179,17,63,46,105,300,104,23,150,351
280,179,45,19,25,3,0,23,104,150,351
280,179,17,0,23,33,170,46,28,215,351
280,179,17,63,46,170,33,131,104,150,351
280,179,17,63,46,170,33,23,104,150,351
280,179,17,186,439,33,7,0,23,150,351
280,179,45,166,35,1,0,23,104,150,351
280,179,17,186,439,33,131,104,23,150,351
280,179,17,63,46,130,51,136,28,215,351
280,29,26,8,391,340,35,33,23,150,351
280,29,26,8,191,1,3,498,28,215,351
280,179,17,63,46,33,153,40,23,150,351
280,29,26,21,20,204,44,23,104,150,351
280,179,268,5,286,30,36,23,104,150,351
280,179,45,166,35,33,7,0,23,150,351
280,29,26,225,6,3,1,57,465,150,351
280,29,26,21,20,115,12,90,28,215,351
280,179,45,319,17,0,175,23,104,150,351
280,29,2,0,7,48,337,23,104,150,351
280,29,26,21,20,269,51,136,28,215,351
280,179,17,63,46,141,38,401,23,150,351
280,179,17,63,46,110,35,33,23,150,351
280,179,45,166,35,33,131,104,23,150,351
280,29,2,0,7,1,15,16,104,150,351
280,29,26,8,133,3,4,0,23,150,351
280,29,26,8,133,3,1,0,23,150,351
280,179,45,11,5,13,23,41,28,215,351
280,179,45,192,72,404,28,144,23,150,351
280,179,45,166,35,342,171,40,23,150,351
280,29,2,0,7,22,1,57,465,150,351
280,29,2,0,7,459,424,23,104,150,351
280,179,45,19,11,3,47,16,104,150,351
280,29,2,0,7,48,5,11,28,215,351
280,29,2,0,7,48,51,136,28,215,351
280,179,45,19,11,3,1,0,23,150,351
280,29,2,0,7,1,236,357,23,150,351
280,29,2,379,45,11,5,0,23,150,351
280,29,26,70,171,378,63,46,28,215,351
280,179,268,5,1,15,390,424,23,150,351
280,29,2,379,45,11,3,0,23,150,351
280,29,2,233,71,47,123,13,23,150,351
280,29,2,233,71,47,3,0,23,150,351
280,179,268,5,1,15,16,183,28,215,351
280,29,2,233,71,47,16,183,28,215,351
280,179,268,5,1,15,16,104,23,150,351
280,179,17,186,131,104,23,41,28,215,351
280,179,45,11,28,41,23,175,258,215,351
280,29,2,233,71,50,0,175,258,215,351
280,179,45,166,35,1,15,16,104,150,351
280,179,45,19,5,11,49,46,28,215,351
280,179,45,19,5,11,3,0,23,150,351
280,179,45,53,38,121,33,23,104,150,351
280,179,268,5,188,1,3,498,28,215,351
280,179,45,53,38,401,23,41,28,215,351
280,179,17,6,3,11,40,23,104,150,351
280,179,17,186,387,28,136,51,172,215,351
280,29,2,233,71,302,48,51,172,215,351
280,29,2,233,71,116,1,0,23,150,351
280,179,17,186,387,28,41,23,104,150,351
280,179,17,0,7,1,69,232,23,150,351
280,179,45,19,5,15,28,144,23,150,351
280,179,45,189,12,39,28,144,23,150,351
280,179,45,189,12,241,11,332,104,150,351
280,179,17,64,23,104,16,15,28,215,351
280,179,17,6,3,11,332,104,23,150,351
280,179,268,5,15,28,46,33,23,150,351
280,179,268,5,15,28,11,332,104,150,351
280,179,45,470,20,72,31,57,465,150,351
280,179,268,5,127,1,0,23,104,150,351
280,179,17,63,378,171,40,23,104,150,351
280,179,45,189,12,73,84,358,28,215,351
280,179,17,6,3,11,5,51,172,215,351
280,29,2,62,7,33,153,40,23,150,351
280,179,268,5,127,1,0,175,23,150,351
280,179,45,251,24,19,5,0,23,150,351
280,29,2,14,3,4,257,11,28,215,351
280,179,45,132,172,215,258,175,23,150,351
280,179,45,251,24,19,11,40,23,150,351
280,179,45,53,38,34,17,0,23,150,351
280,29,2,14,3,4,0,175,258,215,351
280,179,17,0,23,104,16,15,28,215,351
280,179,45,11,440,28,15,16,104,150,351
280,29,2,12,189,45,19,11,28,215,351
280,29,2,12,189,45,11,40,23,150,351
280,179,45,19,25,3,11,40,23,150,351
280,179,45,166,35,1,3,498,28,215,351
280,29,2,14,3,6,18,453,28,215,351
280,179,45,166,35,1,44,23,104,150,351
280,29,2,14,3,6,17,27,23,150,351
280,179,45,11,3,59,28,144,23,150,351
280,29,2,12,107,7,265,23,104,150,351
280,179,45,319,17,0,23,41,28,215,351
280,179,17,186,131,104,16,183,28,215,351
280,29,2,12,73,24,19,11,28,215,351
280,29,2,14,3,6,0,175,258,215,351
280,29,2,12,73,24,0,175,23,150,351
280,29,26,21,52,46,28,144,23,150,351
280,29,2,12,73,24,0,23,104,150,351
280,29,2,12,139,11,5,0,23,150,351
280,29,2,12,139,11,3,0,23,150,351
280,179,17,63,275,69,232,23,104,150,351
280,179,45,53,198,448,206,23,104,150,351
280,29,2,12,73,84,419,23,104,150,351
280,179,45,109,361,11,28,144,23,150,351
280,179,45,396,25,3,0,175,23,150,351
280,29,2,12,492,260,330,11,28,215,351
280,29,2,14,3,47,16,183,28,215,351
280,29,2,12,492,260,0,175,23,150,351
280,179,45,11,5,15,28,144,23,150,351
280,179,268,5,11,32,178,23,104,150,351
280,29,2,10,16,15,5,11,28,215,351
280,179,268,5,11,3,1,57,465,150,351
280,179,45,189,12,90,28,144,23,150,351
280,29,2,12,107,7,0,175,23,150,351
280,29,2,12,107,7,0,23,104,150,351
280,29,2,12,492,260,0,23,104,150,351
280,29,2,12,73,279,40,11,28,215,351
280,29,26,8,352,239,0,175,258,215,351
280,29,2,12,73,134,1,0,23,150,351
280,29,2,12,73,279,40,23,104,150,351
280,179,45,251,24,298,44,23,104,150,351
280,29,2,12,334,10,16,15,28,215,351
280,29,2,14,3,9,32,178,23,150,351
280,29,2,12,334,10,16,104,23,150,351
280,179,45,146,30,16,31,57,465,150,351
280,179,45,189,12,90,111,203,266,215,351
280,29,2,12,107,7,33,46,28,215,351
280,179,45,189,12,5,473,33,23,150,351
280,179,45,189,12,5,1,0,23,150,351
280,29,2,12,107,7,1,57,465,150,351
280,29,2,12,107,7,33,23,104,150,351
280,179,45,11,49,46,28,144,23,150,351
280,179,45,164,1,15,28,144,23,150,351
280,29,2,12,315,260,330,11,28,215,351
280,29,2,12,315,260,0,175,23,150,351
280,179,45,402,472,1,0,175,258,215,351
280,29,2,62,7,22,137,181,28,215,351
280,29,2,12,315,260,0,23,104,150,351
280,29,2,62,7,20,202,206,23,150,351
280,29,2,62,7,20,30,36,23,150,351
280,179,45,92,167,293,1,15,28,215,351
280,179,268,5,286,429,48,337,23,150,351
280,29,2,12,58,24,19,11,28,215,351
280,29,2,14,3,1,0,175,258,215,351
280,179,268,5,188,1,44,23,104,150,351
280,179,45,92,167,17,0,23,104,150,351
280,29,2,12,58,24,0,175,23,150,351
280,29,2,12,58,24,0,23,104,150,351
280,179,17,76,19,11,3,498,28,215,351
280,29,2,14,3,1,69,232,23,150,351
280,179,45,92,167,17,0,175,23,150,351
280,179,45,396,25,221,186,131,104,150,351
280,29,2,12,154,47,3,498,28,215,351
280,179,45,396,25,19,5,0,23,150,351
280,29,2,12,154,47,16,15,28,215,351
280,29,2,12,154,47,16,104,23,150,351
280,179,45,402,472,1,5,0,23,150,351
280,179,268,5,161,1,15,16,104,150,351
280,179,45,19,54,30,36,23,104,150,351
280,29,26,8,148,405,331,244,28,215,351
280,179,45,396,25,19,11,40,23,150,351
280,179,268,5,19,69,1,57,465,150,351
280,179,45,402,472,1,3,0,23,150,351
280,179,268,5,19,69,232,23,104,150,351
280,29,2,62,7,1,5,0,23,150,351
280,29,2,62,7,1,3,0,23,150,351
280,179,45,396,25,3,11,40,23,150,351
280,29,2,12,115,20,30,16,104,150,351
280,29,2,12,245,24,19,11,28,215,351
280,29,2,12,245,24,0,175,23,150,351
280,29,26,8,93,1,0,175,258,215,351
280,29,2,12,245,24,0,23,104,150,351
280,29,2,0,1,3,11,332,104,150,351
280,179,268,5,291,136,28,144,23,150,351
280,179,45,319,17,27,262,51,172,215,351
280,179,45,164,1,57,31,13,23,150,351
280,29,2,0,1,7,459,424,23,150,351
280,179,268,5,19,24,298,44,23,150,351
280,29,2,0,1,7,48,51,172,215,351
280,179,268,5,19,24,0,175,23,150,351
280,29,26,8,87,63,106,41,23,150,351
280,179,268,5,19,24,0,23,104,150,351
280,29,26,8,87,63,17,27,23,150,351
280,179,45,19,20,7,0,23,104,150,351
280,179,45,470,20,19,5,0,23,150,351
280,29,2,0,1,7,33,131,104,150,351
280,179,45,396,25,3,0,23,104,150,351
280,179,45,470,20,19,11,40,23,150,351
280,179,45,19,20,7,0,175,23,150,351
280,179,268,5,157,253,13,67,28,215,351
280,179,45,251,24,58,12,39,28,215,351
280,29,26,320,13,31,16,183,28,215,351
280,29,26,320,13,31,80,46,28,215,351
280,179,45,470,20,7,33,46,28,215,351
280,179,268,5,19,390,424,23,104,150,351
280,179,45,470,20,7,33,23,104,150,351
280,179,268,5,19,45,11,40,23,150,351
280,179,17,0,7,37,299,144,28,215,351
280,179,17,0,7,22,137,181,28,215,351
280,179,268,5,19,390,15,16,104,150,351
280,179,17,0,7,22,1,15,28,215,351
280,179,268,5,157,253,13,23,104,150,351
280,179,45,470,20,7,0,175,23,150,351
280,179,268,5,19,25,3,498,28,215,351
280,179,268,5,19,294,51,136,28,215,351
280,179,268,5,19,45,85,244,28,215,351
280,179,45,470,20,7,0,23,104,150,351
280,29,26,320,13,123,47,16,104,150,351
280,29,26,320,13,168,311,11,28,215,351
280,29,26,320,13,168,45,11,28,215,351
280,179,45,151,42,82,67,13,23,150,351
280,179,268,5,157,1,0,23,104,150,351
280,179,268,5,127,1,15,16,104,150,351
280,179,45,92,78,1,0,175,23,150,351
280,29,26,8,1,15,28,144,23,150,351
280,29,2,12,241,11,332,104,23,150,351
280,29,2,0,1,35,331,244,28,215,351
280,29,2,0,1,35,110,46,28,215,351
280,29,2,379,45,85,52,481,28,215,351
280,179,45,92,78,1,0,23,104,150,351
280,29,2,0,1,35,33,131,104,150,351
280,29,2,12,241,11,3,498,28,215,351
280,29,2,0,1,5,11,332,104,150,351
280,179,45,92,167,17,27,23,104,150,351
280,29,2,379,45,168,311,11,28,215,351
280,29,2,379,45,168,13,67,28,215,351
280,29,26,8,83,5,0,175,258,215,351
280,29,2,379,45,168,13,23,104,150,351
280,29,2,0,5,11,3,498,28,215,351
280,29,26,8,83,220,1,15,28,215,351
280,29,2,379,45,164,1,15,28,215,351
280,29,2,379,45,402,462,57,465,150,351
280,29,2,62,7,48,61,15,28,215,351
280,29,2,62,7,48,5,11,28,215,351
280,179,45,19,54,30,16,15,28,215,351
280,29,26,8,10,356,28,144,23,150,351
280,179,45,212,24,58,12,39,28,215,351
280,179,45,212,24,298,44,23,104,150,351
280,29,2,0,1,8,3,498,28,215,351
280,29,2,0,1,97,80,46,28,215,351
280,29,2,0,1,97,420,175,23,150,351
280,179,45,396,25,3,13,67,28,215,351
280,179,45,396,25,3,13,23,104,150,351
280,29,2,0,1,475,11,332,104,150,351
280,179,268,5,51,130,46,33,23,150,351
280,29,2,0,1,5,473,33,23,150,351
280,179,17,6,3,0,175,23,104,150,351
280,179,268,5,157,1,0,175,23,150,351
280,179,45,470,20,30,16,15,28,215,351
280,179,45,92,78,20,30,16,104,150,351
280,29,2,0,1,3,346,248,28,215,351
280,179,268,5,19,11,40,23,104,150,351
280,179,268,5,11,19,390,15,28,215,351
280,179,268,5,51,160,0,175,23,150,351
280,29,26,125,47,3,4,0,23,150,351
280,29,26,125,47,3,1,0,23,150,351
280,179,268,5,51,160,0,23,104,150,351
280,179,45,470,20,30,16,104,23,150,351
280,179,45,470,20,7,1,57,465,150,351
280,29,26,320,13,5,11,332,104,150,351
280,29,2,10,16,15,28,144,23,150,351
280,179,268,5,362,299,144,23,104,150,351
280,179,45,470,20,7,265,23,104,150,351
280,179,268,5,19,11,332,104,23,150,351
280,179,268,5,51,366,44,23,104,150,351
280,179,45,355,161,1,44,23,104,150,351
280,179,268,5,19,11,3,498,28,215,351
280,179,45,19,54,30,16,104,23,150,351
280,179,268,5,270,9,282,132,172,215,351
280,179,268,5,51,262,27,23,104,150,351
280,179,45,151,42,4,3,498,28,215,351
280,179,17,0,5,12,241,11,28,215,351
280,179,45,11,32,145,28,144,23,150,351
280,179,268,5,51,48,7,265,23,150,351
280,179,268,5,51,48,337,23,104,150,351
280,29,26,320,13,5,433,46,28,215,351
280,179,268,5,161,227,1,57,465,150,351
280,179,45,151,42,4,0,23,104,150,351
280,29,2,10,16,354,85,244,28,215,351
280,179,17,0,5,48,61,15,28,215,351
280,179,17,0,5,48,7,33,23,150,351
280,29,2,10,16,246,206,23,104,150,351
280,29,2,10,16,31,72,404,28,215,351
280,179,45,19,11,5,0,175,258,215,351
280,179,45,92,78,1,15,16,104,150,351
280,29,2,10,16,31,13,67,28,215,351
280,29,26,8,100,1,0,175,258,215,351
280,29,2,10,16,31,13,23,104,150,351
280,179,268,5,51,364,17,0,23,150,351
280,179,45,151,42,4,0,175,23,150,351
280,179,268,5,51,177,13,67,28,215,351
280,179,268,5,51,177,13,23,104,150,351
280,29,26,8,100,260,0,175,258,215,351
280,179,17,6,18,5,11,332,104,150,351
280,179,45,92,167,17,64,23,104,150,351
280,179,45,85,354,16,10,356,28,215,351
280,29,26,8,391,397,16,183,28,215,351
280,179,17,63,106,41,400,203,266,215,351
280,179,45,151,42,6,0,175,23,150,351
280,179,268,5,1,35,33,23,104,150,351
280,179,268,5,1,7,33,46,28,215,351
280,179,17,0,5,19,11,332,104,150,351
280,179,17,0,5,19,390,424,23,150,351
280,179,17,0,5,362,299,144,23,150,351
280,179,17,0,5,286,30,36,23,150,351
280,179,17,6,18,5,12,39,28,215,351
280,179,17,6,18,5,1,0,23,150,351
280,179,268,5,15,61,105,300,104,150,351
280,179,268,5,15,349,52,46,28,215,351
280,179,268,5,15,1,69,232,23,150,351
280,179,17,186,131,195,60,33,23,150,351
280,179,17,186,131,441,1,0,23,150,351
280,179,268,5,1,7,33,23,104,150,351
280,179,45,132,282,9,3,11,28,215,351
280,179,45,19,25,3,4,0,23,150,351
280,179,45,19,25,3,1,0,23,150,351
280,29,26,320,13,3,11,332,104,150,351
280,179,45,19,76,17,34,0,23,150,351
280,29,2,322,325,44,23,144,28,215,351
280,179,45,151,42,6,3,498,28,215,351
280,29,2,62,103,17,34,0,23,150,351
280,179,268,5,1,69,19,11,28,215,351
280,29,2,0,4,42,82,67,28,215,351
280,179,45,151,42,6,0,23,104,150,351
280,29,2,0,4,3,11,332,104,150,351
280,179,268,5,1,69,232,23,104,150,351
280,179,268,5,157,307,33,23,104,150,351
280,179,45,92,78,1,44,23,104,150,351
280,179,268,5,1,7,48,337,23,150,351
280,179,268,5,1,7,265,23,104,150,351
280,29,26,320,13,3,47,16,104,150,351
280,29,26,320,13,3,1,0,23,150,351
280,29,2,0,4,257,11,332,104,150,351
280,179,268,5,1,97,420,175,258,215,351
280,179,268,5,1,236,60,33,23,150,351
280,179,45,92,167,17,6,0,23,150,351
280,179,17,0,7,48,61,15,28,215,351
280,179,17,0,7,48,5,13,23,150,351
280,179,268,5,1,236,357,23,104,150,351
280,179,45,19,20,7,33,23,104,150,351
280,179,17,63,106,41,28,144,23,150,351
280,29,2,12,5,51,130,46,28,215,351
280,179,17,0,175,23,40,11,28,215,351
280,179,17,0,175,23,33,131,104,150,351
280,29,2,10,16,104,131,33,23,150,351
280,179,45,212,495,493,48,51,172,215,351
280,29,26,389,145,32,11,40,23,150,351
280,179,45,19,20,21,52,46,28,215,351
280,179,45,19,20,74,94,0,23,150,351
280,29,26,21,84,358,28,144,23,150,351
280,179,45,19,20,74,31,13,23,150,351
280,179,45,251,24,0,1,57,465,150,351
280,179,45,53,38,9,3,498,28,215,351
280,179,268,5,1,431,190,33,23,150,351
280,179,268,5,127,1,44,23,104,150,351
280,179,45,251,24,0,175,23,104,150,351
280,179,268,5,0,3,13,67,28,215,351
280,179,268,5,0,3,13,23,104,150,351
280,29,26,8,93,1,5,0,23,150,351
280,29,26,389,145,32,367,59,28,215,351
280,29,26,8,93,1,3,0,23,150,351
280,179,45,19,390,424,23,41,28,215,351
280,29,26,389,145,32,178,23,104,150,351
280,179,45,19,390,15,5,0,23,150,351
280,179,45,19,390,15,1,0,23,150,351
280,179,17,101,126,5,12,39,28,215,351
280,179,268,5,0,160,51,136,28,215,351
280,179,17,101,126,5,1,0,23,150,351
280,179,45,19,25,3,13,67,28,215,351
280,179,45,132,30,20,269,51,172,215,351
280,179,268,5,0,3,11,40,23,150,351
280,29,2,0,34,38,121,33,23,150,351
280,29,26,21,52,481,28,144,23,150,351
280,179,45,19,20,7,33,46,28,215,351
280,29,2,14,371,5,11,40,23,150,351
280,179,268,5,127,1,3,498,28,215,351
280,179,45,164,1,7,0,175,258,215,351
280,179,17,76,19,5,12,39,28,215,351
280,179,17,76,19,5,1,0,23,150,351
280,179,268,5,1,3,0,23,104,150,351
280,179,268,5,157,1,15,16,104,150,351
280,179,45,470,20,204,44,23,104,150,351
280,29,2,0,24,285,32,376,172,215,351
280,29,2,0,24,73,12,39,28,215,351
280,29,2,14,3,498,28,144,23,150,351
280,29,26,8,133,3,0,175,258,215,351
280,179,268,5,0,50,44,23,104,150,351
280,179,45,164,1,5,11,332,104,150,351
280,29,2,0,24,19,390,424,23,150,351
280,179,268,5,1,3,0,175,23,150,351
280,179,45,146,30,286,5,11,28,215,351
280,179,268,5,0,17,27,23,104,150,351
280,29,2,0,24,19,5,13,23,150,351
280,29,2,0,24,19,11,332,104,150,351
280,29,26,21,1,15,28,144,23,150,351
280,179,45,164,1,35,331,244,28,215,351
280,179,45,164,1,35,110,46,28,215,351
280,179,45,343,335,237,35,33,23,150,351
280,179,268,5,0,56,44,23,104,150,351
280,179,268,5,0,17,186,387,28,215,351
280,179,45,164,1,35,33,131,104,150,351
280,179,268,5,0,17,64,23,104,150,351
280,179,45,19,25,3,13,23,104,150,351
280,179,268,5,1,431,490,104,23,150,351
280,179,45,470,20,202,206,23,104,150,351
280,179,45,193,117,69,1,57,465,150,351
280,179,45,19,313,17,34,0,23,150,351
280,179,45,193,117,69,232,23,104,150,351
280,29,2,0,6,222,283,407,28,215,351
280,179,268,5,0,3,47,16,104,150,351
280,29,26,8,1,44,50,0,23,150,351
280,179,268,5,0,7,33,23,104,150,351
280,179,45,164,1,7,33,131,104,150,351
280,179,268,5,0,7,33,46,28,215,351
280,29,26,8,267,140,33,131,104,150,351
280,29,26,8,100,1,5,0,23,150,351
280,179,45,360,37,7,33,46,28,215,351
280,29,2,12,5,11,332,104,23,150,351
280,179,268,5,0,143,274,44,23,150,351
280,29,26,8,100,1,3,0,23,150,351
280,179,45,19,76,17,0,175,258,215,351
280,179,17,63,87,8,3,498,28,215,351
280,179,45,360,37,7,33,23,104,150,351
280,179,268,5,0,380,383,23,104,150,351
280,179,17,63,87,8,1,0,23,150,351
280,179,268,5,0,7,48,51,172,215,351
280,179,268,5,0,7,265,23,104,150,351
280,29,2,12,5,11,3,498,28,215,351
280,179,268,5,157,307,33,46,28,215,351
280,179,45,19,390,15,28,144,23,150,351
280,179,45,355,161,264,136,51,172,215,351
280,29,26,21,1,57,31,16,104,150,351
280,179,268,5,1,44,23,41,28,215,351
280,29,2,0,6,18,5,11,28,215,351
280,179,45,355,161,227,1,57,465,150,351
280,179,45,164,1,69,255,11,28,215,351
280,179,268,5,0,1,15,16,104,150,351
280,29,2,0,6,3,11,332,104,150,351
280,179,17,34,152,1,15,16,104,150,351
280,179,268,5,1,3,11,40,23,150,351
280,179,268,5,0,1,236,357,23,150,351
280,29,26,8,100,124,30,16,104,150,351
280,179,268,5,0,1,44,23,104,150,351
280,29,2,0,6,17,364,51,172,215,351
280,29,2,0,6,17,63,203,266,215,351
280,179,45,355,161,5,11,40,23,150,351
280,29,2,0,1,15,28,144,23,150,351
280,179,45,164,1,7,459,424,23,150,351
280,179,17,34,152,1,44,23,104,150,351
280,179,45,164,1,7,48,51,172,215,351
280,179,17,6,3,13,31,16,104,150,351
280,179,17,76,19,69,232,23,104,150,351
280,179,17,6,3,13,23,41,28,215,351
280,179,45,85,244,28,144,23,104,150,351
280,29,26,8,83,5,11,332,104,150,351
280,179,268,5,188,1,0,175,258,215,351
280,179,45,53,38,34,0,175,258,215,351
280,179,45,164,1,5,12,39,28,215,351
280,179,45,146,30,36,23,144,28,215,351
280,179,268,5,157,1,3,498,28,215,351
280,179,45,92,78,1,3,498,28,215,351
280,29,26,8,3,59,28,144,23,150,351
280,179,17,319,45,19,5,0,23,150,351
280,179,17,319,45,19,11,40,23,150,351
280,29,2,0,94,74,31,16,104,150,351
280,29,2,14,96,109,45,11,28,215,351
280,179,45,85,244,28,136,51,172,215,351
280,29,2,14,96,48,51,136,28,215,351
280,179,45,85,244,28,41,23,104,150,351
280,179,45,53,38,165,46,33,23,150,351
280,29,2,0,3,11,28,144,23,150,351
280,179,17,0,316,9,1,57,465,150,351
280,179,17,319,45,85,52,481,28,215,351
280,179,45,355,161,1,15,16,104,150,351
280,29,26,389,145,28,144,23,104,150,351
280,29,26,8,213,103,17,101,28,215,351
280,29,26,8,484,200,207,41,23,150,351
280,29,26,8,484,200,7,0,23,150,351
280,29,2,14,371,466,424,23,104,150,351
280,29,26,225,479,327,3,11,28,215,351
280,179,17,319,45,168,311,11,28,215,351
280,179,268,5,161,1,3,498,28,215,351
280,179,17,6,3,0,23,41,28,215,351
280,29,2,0,1,44,366,51,172,215,351
280,179,17,319,45,168,13,67,28,215,351
280,179,17,319,45,168,13,23,104,150,351
280,29,26,8,317,1,0,175,258,215,351
280,179,45,19,308,301,4,0,23,150,351
280,179,45,19,284,20,30,132,172,215,351
280,29,26,389,145,28,136,51,172,215,351
280,179,45,19,284,20,7,0,23,150,351
280,29,2,0,34,152,1,15,28,215,351
280,179,45,470,20,21,438,0,23,150,351
280,29,26,389,145,28,41,23,104,150,351
280,179,17,319,45,192,384,131,104,150,351
280,179,45,470,20,269,51,136,28,215,351
280,179,17,319,45,402,462,57,465,150,351
280,179,45,319,17,64,23,144,28,215,351
280,179,268,5,11,3,13,67,28,215,351
280,29,2,14,371,5,0,23,104,150,351
280,179,268,5,286,30,16,183,28,215,351
280,179,17,63,46,28,144,23,104,150,351
280,179,17,313,19,5,0,175,23,150,351
280,179,17,0,4,257,11,332,104,150,351
280,29,2,14,371,5,0,175,23,150,351
280,179,17,313,19,5,0,23,104,150,351
280,179,45,164,1,9,3,498,28,215,351
280,179,45,164,1,8,10,356,28,215,351
280,179,45,11,5,433,46,33,23,150,351
280,179,45,164,1,8,3,0,23,150,351
280,179,268,5,473,33,131,104,23,150,351
280,179,45,53,198,116,1,15,28,215,351
280,179,17,313,19,24,298,44,23,150,351
280,179,45,164,1,475,11,332,104,150,351
280,179,17,313,19,24,0,175,23,150,351
280,179,17,313,19,24,0,23,104,150,351
280,29,26,8,1,57,31,16,104,150,351
280,179,17,76,19,45,11,40,23,150,351
280,179,17,313,19,5,11,40,23,150,351
280,29,2,0,3,13,31,16,104,150,351
280,179,45,19,11,3,0,175,258,215,351
280,179,268,5,1,441,131,33,23,150,351
280,179,268,5,161,1,44,23,104,150,351
280,179,45,193,117,80,46,33,23,150,351
280,179,45,11,5,1,0,175,23,150,351
280,29,26,8,133,3,11,332,104,150,351
280,179,45,193,117,80,31,57,465,150,351
280,29,2,0,4,3,47,16,104,150,351
280,179,45,11,5,1,0,23,104,150,351
280,29,2,0,4,3,1,15,28,215,351
280,179,45,319,17,101,28,144,23,150,351
280,29,2,0,5,11,28,144,23,150,351
280,179,17,313,19,45,11,40,23,150,351
280,179,268,5,161,1,0,23,104,150,351
280,179,17,76,19,69,1,57,465,150,351
280,179,45,251,24,0,23,41,28,215,351
280,179,45,396,25,3,1,57,465,150,351
280,179,45,360,37,6,0,175,23,150,351
280,179,45,360,37,6,0,23,104,150,351
280,179,17,313,19,5,13,23,104,150,351
280,179,17,313,19,5,13,67,28,215,351
280,29,2,0,438,21,1,57,465,150,351
280,29,2,0,148,8,1,57,465,150,351
280,179,45,11,5,473,33,46,28,215,351
280,179,17,76,19,11,28,144,23,150,351
280,179,45,11,5,473,33,23,104,150,351
280,29,2,0,99,80,31,13,23,150,351
280,179,45,11,5,1,15,16,104,150,351
280,179,17,0,2,10,16,183,28,215,351
280,179,268,5,1,441,131,104,23,150,351
280,29,2,0,3,59,28,144,23,150,351
280,179,45,360,37,7,0,175,23,150,351
280,179,17,313,19,69,1,57,465,150,351
280,179,45,360,37,7,0,23,104,150,351
280,179,17,0,24,73,84,358,28,215,351
280,179,17,313,19,69,232,23,104,150,351
280,179,17,0,24,285,32,11,28,215,351
280,179,45,360,37,6,3,498,28,215,351
280,179,45,11,5,51,130,46,28,215,351
280,179,17,313,19,45,85,244,28,215,351
280,179,17,0,24,19,390,424,23,150,351
280,179,17,0,24,19,5,13,23,150,351
280,29,26,21,118,11,28,144,23,150,351
280,29,2,0,175,23,33,46,28,215,351
280,29,26,8,10,16,30,36,23,150,351
280,29,26,21,84,73,279,40,23,150,351
280,179,17,63,275,69,19,11,28,215,351
280,179,17,63,275,69,1,0,23,150,351
280,179,17,0,24,19,11,332,104,150,351
280,179,17,313,19,5,15,16,104,150,351
280,179,17,0,4,42,82,67,28,215,351
280,179,17,34,152,1,3,498,28,215,351
280,179,45,53,38,121,33,131,104,150,351
280,179,45,11,5,1,44,23,104,150,351
280,179,268,5,1,3,13,23,104,150,351
280,29,2,0,17,101,28,144,23,150,351
280,29,2,0,3,13,23,144,28,215,351
280,179,17,63,46,33,23,144,28,215,351
280,179,17,313,19,294,51,136,28,215,351
280,179,17,313,19,5,1,57,465,150,351
280,179,17,0,4,3,11,332,104,150,351
280,179,268,5,161,264,136,51,172,215,351
280,29,26,8,1,44,23,41,28,215,351
280,179,17,313,19,5,51,136,28,215,351
280,179,45,11,332,104,16,183,28,215,351
280,179,45,11,5,18,6,0,23,150,351
280,179,268,5,13,23,0,175,258,215,351
280,179,268,5,13,23,33,46,28,215,351
280,179,17,63,163,46,28,144,23,150,351
280,179,17,101,28,215,258,175,23,150,351
280,29,2,0,1,15,5,13,23,150,351
280,179,45,11,5,12,2,0,23,150,351
280,29,26,55,47,16,30,36,23,150,351
280,29,2,0,1,15,16,183,28,215,351
280,179,45,11,5,1,3,498,28,215,351
280,29,2,0,6,3,1,44,23,150,351
280,179,17,0,2,12,139,11,28,215,351
280,29,2,0,1,15,16,104,23,150,351
280,179,17,313,19,20,30,16,104,150,351
280,179,17,0,2,12,5,13,23,150,351
280,29,2,0,5,15,28,144,23,150,351
280,29,26,21,118,11,3,498,28,215,351
280,179,45,11,332,104,23,41,28,215,351
280,179,17,313,19,390,15,16,104,150,351
280,179,268,5,12,2,10,356,28,215,351
280,29,26,21,1,44,50,0,23,150,351
280,179,45,355,161,5,13,23,104,150,351
280,179,17,0,94,74,31,16,104,150,351
280,179,45,355,161,5,13,67,28,215,351
280,29,2,0,3,98,28,144,23,150,351
280,179,45,355,161,1,3,498,28,215,351
280,179,45,11,5,48,337,23,104,150,351
280,179,268,5,12,2,0,175,258,215,351
280,179,17,313,19,390,424,23,104,150,351
280,179,17,0,4,3,47,16,104,150,351
280,179,17,0,4,3,1,15,28,215,351
280,179,268,5,473,33,7,0,23,150,351
280,179,45,470,20,30,36,23,104,150,351
280,179,17,0,438,21,1,57,465,150,351
280,179,17,0,148,8,1,57,465,150,351
280,179,17,0,260,492,12,39,28,215,351
280,29,2,0,50,71,304,206,23,150,351
280,179,45,11,5,48,51,136,28,215,351
280,179,17,0,260,100,1,57,465,150,351
280,179,17,0,34,38,121,33,23,150,351
280,179,45,11,5,48,7,265,23,150,351
280,29,26,8,83,5,12,39,28,215,351
280,29,26,8,83,5,1,0,23,150,351
280,179,268,5,1,3,13,67,28,215,351
280,179,45,379,2,10,16,15,28,215,351
280,179,45,11,5,291,136,51,172,215,351
280,179,17,0,260,330,11,332,104,150,351
280,179,45,379,2,10,16,104,23,150,351
280,29,26,55,47,71,50,0,23,150,351
280,29,26,55,47,123,13,67,28,215,351
280,29,2,14,3,13,5,0,23,150,351
280,29,2,14,3,13,31,57,465,150,351
280,29,2,0,50,44,1,57,465,150,351
280,29,26,8,3,0,1,57,465,150,351
280,29,26,55,47,123,13,23,104,150,351
280,179,17,6,222,256,7,0,23,150,351
280,179,17,76,19,5,15,16,104,150,351
280,29,2,0,23,41,400,203,266,215,351
280,179,45,19,76,17,0,23,104,150,351
280,179,268,5,473,33,23,41,28,215,351
280,29,26,8,3,0,175,23,104,150,351
280,29,2,10,8,3,0,175,23,150,351
280,29,26,55,47,3,0,175,23,150,351
280,29,26,55,47,3,0,23,104,150,351
280,179,45,11,5,436,383,23,104,150,351
280,179,45,11,5,19,294,51,172,215,351
280,179,268,5,12,139,11,332,104,150,351
280,179,45,11,5,86,46,33,23,150,351
280,179,17,0,6,3,11,332,104,150,351
280,29,2,0,17,27,262,51,172,215,351
280,29,26,55,47,3,11,40,23,150,351
280,29,2,14,3,11,32,145,28,215,351
280,29,2,14,3,11,5,0,23,150,351
280,29,2,10,8,3,0,23,104,150,351
280,29,26,55,47,3,13,67,28,215,351
280,29,2,0,34,17,186,387,28,215,351
280,29,2,0,34,17,63,203,266,215,351
280,179,17,76,19,294,51,136,28,215,351
280,179,17,76,19,45,85,244,28,215,351
280,29,26,182,216,38,401,23,104,150,351
280,179,268,5,48,337,23,41,28,215,351
280,29,26,55,47,3,13,23,104,150,351
280,179,268,5,12,189,45,132,172,215,351
280,29,2,10,16,104,23,41,28,215,351
280,179,268,5,12,241,11,332,104,150,351
280,29,26,182,216,38,34,0,23,150,351
280,29,2,0,5,13,3,498,28,215,351
280,29,26,8,3,98,28,144,23,150,351
280,29,2,0,5,13,23,144,28,215,351
280,179,17,103,62,2,10,16,104,150,351
280,179,17,103,62,2,0,175,23,150,351
280,179,17,6,37,7,0,175,258,215,351
280,179,17,103,62,2,0,23,104,150,351
280,29,26,55,47,3,1,57,465,150,351
280,29,26,21,140,447,105,46,28,215,351
280,179,17,103,213,8,1,15,28,215,351
280,179,268,5,161,1,0,175,258,215,351
280,29,2,0,3,498,28,144,23,150,351
280,179,17,103,340,391,397,16,104,150,351
280,29,26,225,6,42,82,67,28,215,351
280,179,17,103,340,35,1,57,465,150,351
280,29,26,225,6,37,7,265,23,150,351
280,179,268,5,11,49,46,33,23,150,351
280,179,45,19,20,269,51,136,28,215,351
280,29,2,0,3,11,40,23,104,150,351
280,179,17,103,340,35,33,46,28,215,351
280,179,17,103,340,35,33,23,104,150,351
280,179,17,6,229,30,16,183,28,215,351
280,179,17,103,62,7,0,175,23,150,351
280,179,17,103,62,7,0,23,104,150,351
280,29,26,225,6,18,5,11,28,215,351
280,179,45,19,69,117,187,145,28,215,351
280,179,17,6,173,458,12,39,28,215,351
280,179,45,19,69,255,11,40,23,150,351
280,179,268,5,11,45,402,376,172,215,351
280,29,2,14,96,48,5,0,23,150,351
280,179,17,103,62,7,33,46,28,215,351
280,179,17,0,2,322,477,67,28,215,351
280,179,17,103,62,7,33,23,104,150,351
280,179,17,0,2,379,45,11,28,215,351
280,29,2,0,56,44,1,57,465,150,351
280,29,2,14,96,48,337,23,104,150,351
280,29,26,8,3,498,28,41,23,150,351
280,179,45,19,69,1,0,175,23,150,351
280,179,45,19,69,1,0,23,104,150,351
280,179,17,103,62,7,1,57,465,150,351
280,179,17,76,19,390,15,16,104,150,351
280,29,2,0,1,236,60,33,23,150,351
280,29,2,0,1,236,357,23,104,150,351
280,179,17,103,62,7,265,23,104,150,351
280,179,45,19,69,1,15,16,104,150,351
280,179,17,6,37,259,11,332,104,150,351
280,179,17,6,37,7,33,131,104,150,351
280,179,17,186,439,33,23,41,28,215,351
280,29,2,62,7,1,0,175,258,215,351
280,179,45,19,69,1,3,498,28,215,351
280,179,268,5,188,368,299,144,23,150,351
280,29,2,14,371,5,13,67,28,215,351
280,29,2,14,371,5,13,23,104,150,351
280,179,45,19,69,1,44,23,104,150,351
280,179,17,0,6,3,1,44,23,150,351
280,179,17,313,19,11,40,23,104,150,351
280,179,17,76,19,20,30,16,104,150,351
280,29,26,55,321,186,17,0,23,150,351
280,29,2,0,23,40,11,440,28,215,351
280,29,26,125,182,216,38,401,23,150,351
280,179,268,5,188,1,15,16,104,150,351
280,29,2,62,7,0,23,41,28,215,351
280,29,2,62,7,0,1,57,465,150,351
280,179,17,76,19,5,0,175,23,150,351
280,179,17,313,19,11,332,104,23,150,351
280,179,45,11,3,98,28,41,23,150,351
280,179,17,319,45,11,40,23,104,150,351
280,179,17,6,37,360,45,132,172,215,351
280,29,2,12,139,11,28,144,23,150,351
280,179,17,6,37,240,105,46,28,215,351
280,179,17,313,19,11,3,498,28,215,351
280,29,2,0,23,44,366,51,172,215,351
280,29,2,0,23,36,30,132,172,215,351
280,179,268,5,11,440,28,144,23,150,351
280,179,17,319,45,11,332,104,23,150,351
280,29,2,0,23,13,3,498,28,215,351
280,29,2,0,23,13,31,57,465,150,351
280,179,17,319,45,11,3,498,28,215,351
280,179,17,6,37,7,48,337,23,150,351
280,179,17,76,19,5,0,23,104,150,351
280,179,17,101,28,144,23,175,258,215,351
280,179,17,6,37,7,1,0,23,150,351
280,179,45,19,11,311,168,13,23,150,351
280,29,2,0,1,44,23,41,28,215,351
280,29,26,8,1,35,110,248,28,215,351
280,179,17,76,19,390,424,23,104,150,351
280,29,2,62,7,0,175,23,104,150,351
280,29,26,8,1,35,33,46,28,215,351
280,179,45,166,35,33,23,144,28,215,351
280,29,26,8,1,35,33,23,104,150,351
280,29,26,225,6,17,63,46,28,215,351
280,29,26,8,1,7,33,46,28,215,351
280,29,26,225,6,17,186,131,104,150,351
280,29,2,0,380,205,411,132,172,215,351
280,29,26,8,1,7,33,23,104,150,351
280,29,26,8,1,69,19,11,28,215,351
280,179,45,19,25,221,186,387,28,215,351
280,179,45,19,313,17,0,175,23,150,351
280,29,26,8,1,69,255,11,28,215,351
280,29,26,225,6,0,1,57,465,150,351
280,179,45,19,313,17,0,175,258,215,351
280,29,26,8,1,7,48,337,23,150,351
280,29,26,225,6,0,3,13,23,150,351
280,29,26,225,6,0,1,15,28,215,351
280,29,26,8,1,7,459,424,23,150,351
280,29,26,8,1,7,48,51,172,215,351
280,29,26,225,6,0,5,51,172,215,351
280,29,26,225,6,0,3,11,28,215,351
280,29,26,225,6,0,1,44,23,150,351
280,29,26,225,6,0,160,51,172,215,351
280,29,26,225,6,0,5,13,23,150,351
280,29,26,225,6,0,3,59,28,215,351
280,29,26,225,6,0,17,101,28,215,351
280,29,26,225,6,0,5,11,28,215,351
280,29,26,225,6,0,3,98,28,215,351
280,29,26,225,6,0,50,44,23,150,351
280,29,26,225,6,0,17,27,23,150,351
280,29,26,225,6,0,5,15,28,215,351
280,29,26,225,6,0,3,498,28,215,351
280,29,26,225,6,0,56,44,23,150,351
280,29,26,225,6,0,17,64,23,150,351
280,29,26,8,1,69,232,23,104,150,351
280,29,26,225,6,0,7,33,23,150,351
280,179,17,6,205,380,0,175,258,215,351
280,29,26,8,1,7,265,23,104,150,351
280,29,26,225,6,0,380,383,23,150,351
280,29,26,225,6,0,7,265,23,150,351
280,179,268,5,11,3,0,175,23,150,351
280,29,26,225,6,0,175,23,104,150,351
280,179,17,6,3,0,1,57,465,150,351
280,179,268,5,11,3,0,175,258,215,351
280,179,17,63,46,28,11,40,23,150,351
280,179,17,6,3,0,5,11,28,215,351
280,179,17,6,3,0,1,15,28,215,351
280,179,17,63,46,28,15,16,104,150,351
280,179,17,63,46,28,11,332,104,150,351
280,179,17,6,3,0,50,44,23,150,351
280,179,17,6,3,0,5,13,23,150,351
280,179,17,6,3,0,1,44,23,150,351
280,179,17,63,46,28,136,51,172,215,351
280,179,17,6,3,0,56,44,23,150,351
280,179,17,6,3,0,5,15,28,215,351
280,179,17,63,46,28,183,16,104,150,351
280,179,17,6,3,0,7,33,23,150,351
280,179,17,6,3,0,5,51,172,215,351
280,179,17,63,46,28,67,13,23,150,351
280,179,17,6,3,0,160,51,172,215,351
280,179,17,6,3,0,7,265,23,150,351
280,179,17,6,225,26,320,13,23,150,351
280,179,17,6,3,0,380,383,23,150,351
280,179,17,6,199,108,1,0,23,150,351
280,179,17,6,225,26,389,145,28,215,351
280,29,2,0,260,330,11,40,23,150,351
280,179,17,6,199,108,1,15,28,215,351
280,179,45,19,20,7,1,57,465,150,351
280,29,2,0,260,330,11,332,104,150,351
280,179,17,6,199,108,1,44,23,150,351
280,179,45,19,20,7,48,337,23,150,351
280,179,45,19,20,7,1,0,23,150,351
280,29,2,0,260,330,11,440,28,215,351
280,179,45,19,20,7,459,424,23,150,351
280,179,45,19,20,7,48,51,172,215,351
280,179,45,19,20,7,1,15,28,215,351
280,29,2,0,160,51,366,44,23,150,351
280,179,268,5,11,28,144,23,104,150,351
280,179,45,19,20,7,1,44,23,150,351
280,29,2,0,160,51,5,11,28,215,351
280,29,26,8,3,13,23,144,28,215,351
280,29,26,8,1,236,60,33,23,150,351
280,29,2,0,160,51,48,337,23,150,351
280,29,2,0,160,51,5,13,23,150,351
280,29,26,8,3,13,23,175,258,215,351
280,29,2,0,160,51,130,46,28,215,351
280,29,2,0,160,51,5,15,28,215,351
280,29,26,225,6,3,11,332,104,150,351
280,29,2,0,160,51,177,13,23,150,351
280,29,26,8,1,236,357,23,104,150,351
280,29,26,225,6,3,11,440,28,215,351
280,29,2,0,160,51,262,27,23,150,351
280,29,26,8,1,111,385,33,23,150,351
280,179,17,6,211,121,33,131,104,150,351
280,179,268,5,11,28,15,16,104,150,351
280,179,17,6,42,81,5,51,172,215,351
280,179,17,6,42,151,45,11,28,215,351
280,179,268,5,11,28,46,33,23,150,351
280,179,17,6,42,81,5,0,23,150,351
280,179,45,19,20,30,16,104,23,150,351
280,179,268,5,11,28,136,51,172,215,351
280,179,17,6,42,81,5,11,28,215,351
280,179,45,85,283,222,6,0,23,150,351
280,179,268,5,11,28,183,16,104,150,351
280,179,17,6,42,81,5,13,23,150,351
280,179,268,5,11,28,41,23,104,150,351
280,179,268,5,11,28,67,13,23,150,351
280,179,17,6,42,81,5,15,28,215,351
280,179,17,6,42,4,113,15,28,215,351
280,179,17,6,42,4,3,0,23,150,351
280,29,26,8,3,0,23,41,28,215,351
280,179,17,6,42,4,257,11,28,215,351
280,179,17,6,42,4,3,11,28,215,351
280,29,26,8,3,0,23,144,28,215,351
280,179,45,166,208,12,5,0,23,150,351
280,179,17,6,42,4,3,13,23,150,351
280,29,26,8,3,0,23,175,258,215,351
280,179,45,166,208,12,139,11,28,215,351
280,179,45,166,208,12,5,11,28,215,351
280,179,17,6,42,4,3,59,28,215,351
280,179,45,166,208,12,241,11,28,215,351
280,179,45,166,208,12,5,13,23,150,351
280,179,17,6,42,4,3,98,28,215,351
280,29,26,8,1,431,190,33,23,150,351
280,179,45,166,208,12,5,15,28,215,351
280,179,17,63,46,28,41,23,104,150,351
280,29,2,12,241,460,439,33,23,150,351
280,179,45,166,208,12,5,51,172,215,351
280,179,17,6,42,4,0,175,258,215,351
280,29,2,12,241,469,1,0,23,150,351
280,29,26,8,1,431,490,104,23,150,351
280,179,45,85,283,407,28,144,23,150,351
280,29,2,12,241,469,1,15,28,215,351
280,179,17,6,211,237,35,33,23,150,351
280,179,45,85,283,407,28,41,23,150,351
280,29,2,12,241,469,1,44,23,150,351
280,179,17,6,211,250,3,498,28,215,351
280,179,45,19,20,7,265,23,104,150,351
280,29,2,12,241,469,1,57,465,150,351
280,179,17,6,211,250,3,0,23,150,351
280,179,45,11,332,449,60,33,23,150,351
280,179,17,76,19,11,40,23,104,150,351
280,179,17,6,211,250,3,11,28,215,351
280,29,26,8,1,441,131,33,23,150,351
280,29,26,8,317,1,5,0,23,150,351
280,179,17,6,211,250,3,13,23,150,351
280,29,26,8,317,1,3,0,23,150,351
280,29,26,8,317,1,7,0,23,150,351
280,29,26,8,317,1,5,11,28,215,351
280,179,17,6,211,250,3,59,28,215,351
280,29,26,8,317,1,3,11,28,215,351
280,29,26,8,317,1,35,33,23,150,351
280,29,26,8,317,1,7,33,23,150,351
280,29,26,8,317,1,5,13,23,150,351
280,179,17,6,211,250,3,98,28,215,351
280,29,26,8,317,1,3,13,23,150,351
280,29,26,8,317,1,69,232,23,150,351
280,29,26,8,317,1,7,265,23,150,351
280,29,26,8,317,1,5,15,28,215,351
280,29,26,8,317,1,3,59,28,215,351
280,29,26,8,317,1,111,203,266,215,351
280,29,26,8,317,1,5,51,172,215,351
280,29,26,8,317,1,3,98,28,215,351
280,29,26,8,317,1,236,357,23,150,351
280,29,26,8,317,1,111,90,28,215,351
280,29,2,379,45,132,30,16,104,150,351
280,29,26,8,317,1,431,490,104,150,351
280,179,17,0,23,40,11,440,28,215,351
280,29,2,379,45,132,30,36,23,150,351
280,29,26,8,317,1,441,131,104,150,351
280,29,26,8,1,441,131,104,23,150,351
280,29,26,8,1,97,420,175,258,215,351
280,29,26,8,317,1,475,11,28,215,351
280,179,17,6,211,239,0,175,258,215,351
280,29,26,8,1,9,3,59,28,215,351
280,29,26,8,1,97,80,46,28,215,351
280,29,26,8,1,97,420,175,23,150,351
280,29,26,8,1,21,52,46,28,215,351
280,29,26,8,1,9,38,401,23,150,351
280,29,26,8,1,9,3,0,23,150,351
280,29,26,8,1,392,3,498,28,215,351
280,29,26,8,1,21,84,419,23,150,351
280,29,26,8,1,21,52,481,28,215,351
280,29,26,8,1,9,32,11,28,215,351
280,29,26,8,1,9,3,11,28,215,351
280,29,26,8,1,22,428,51,172,215,351
280,29,26,8,1,392,3,0,23,150,351
280,29,26,8,1,21,118,11,28,215,351
280,29,26,8,1,21,84,358,28,215,351
280,29,26,8,1,9,176,33,23,150,351
280,29,26,8,1,9,32,145,28,215,351
280,29,26,8,1,9,3,13,23,150,351
280,29,26,8,1,382,32,178,23,150,351
280,29,26,8,1,22,137,181,28,215,351
280,29,26,8,1,392,3,11,28,215,351
280,29,26,8,1,21,140,33,23,150,351
280,29,26,8,1,9,282,132,172,215,351
280,29,26,8,1,9,32,178,23,150,351
280,29,26,8,1,9,3,98,28,215,351
280,29,26,8,1,100,426,132,172,215,351
280,29,26,8,1,382,32,11,28,215,351
280,29,26,8,1,22,7,0,23,150,351
280,29,26,8,1,392,3,13,23,150,351
280,29,26,8,1,21,438,0,23,150,351
280,29,26,8,1,9,292,46,28,215,351
280,29,26,8,1,9,32,376,172,215,351
280,29,26,8,1,9,3,498,28,215,351
280,29,26,8,1,157,5,13,23,150,351
280,29,26,8,1,100,260,0,23,150,351
280,29,26,8,1,382,32,145,28,215,351
280,29,26,8,1,22,7,33,23,150,351
280,29,26,8,1,392,3,59,28,215,351
280,29,26,8,1,9,316,0,23,150,351
280,29,26,8,1,472,402,376,172,215,351
280,29,26,8,1,157,253,13,23,150,351
280,29,26,8,1,157,5,0,23,150,351
280,29,26,8,1,100,414,337,23,150,351
280,29,26,8,1,382,32,376,172,215,351
280,29,26,8,1,22,7,265,23,150,351
280,29,26,8,1,392,3,98,28,215,351
280,29,26,8,1,164,45,11,28,215,351
280,29,26,8,1,157,307,33,23,150,351
280,29,26,8,1,157,5,11,28,215,351
280,29,26,8,1,161,5,51,172,215,351
280,29,26,8,1,164,45,132,172,215,351
280,29,26,8,1,157,5,15,28,215,351
280,29,26,8,1,188,5,51,172,215,351
280,29,26,8,1,161,264,136,28,215,351
280,29,26,8,1,161,5,0,23,150,351
280,29,26,8,1,157,5,51,172,215,351
280,29,26,8,1,287,323,27,23,150,351
280,29,26,8,1,188,5,0,23,150,351
280,29,26,8,1,161,5,11,28,215,351
280,29,26,8,1,226,86,46,28,215,351
280,29,26,8,1,287,3,13,23,150,351
280,29,26,8,1,188,5,11,28,215,351
280,29,26,8,1,161,5,13,23,150,351
280,29,26,8,1,469,241,11,28,215,351
280,29,26,8,1,226,86,231,28,215,351
280,29,26,8,1,287,324,11,28,215,351
280,29,26,8,1,287,3,0,23,150,351
280,29,26,8,1,188,5,13,23,150,351
280,29,26,8,1,161,5,15,28,215,351
280,29,26,8,1,127,5,11,28,215,351
280,29,26,8,1,287,3,11,28,215,351
280,29,26,8,1,188,5,15,28,215,351
280,29,26,8,1,152,34,0,23,150,351
280,29,26,8,1,127,5,0,23,150,351
280,29,26,8,1,287,3,59,28,215,351
280,29,26,8,1,475,11,40,23,150,351
280,29,26,8,1,127,5,13,23,150,351
280,29,26,8,1,287,3,98,28,215,351
280,29,26,8,1,475,11,332,104,150,351
280,29,26,8,1,127,5,15,28,215,351
280,29,26,8,1,287,3,498,28,215,351
280,29,26,8,1,475,11,440,28,215,351
280,29,26,8,1,127,5,51,172,215,351
280,179,45,168,13,23,0,175,258,215,351
280,179,45,168,13,23,33,46,28,215,351
280,29,2,0,260,100,426,132,172,215,351
280,179,45,168,13,23,40,11,28,215,351
280,29,26,225,6,0,23,41,28,215,351
280,29,2,0,260,492,12,39,28,215,351
280,29,2,0,260,100,1,57,465,150,351
280,29,26,225,6,0,23,144,28,215,351
280,29,2,0,260,271,80,46,28,215,351
280,29,2,0,260,492,12,90,28,215,351
280,29,2,0,260,100,414,337,23,150,351
280,29,2,0,260,100,1,15,28,215,351
280,29,26,225,6,0,23,175,258,215,351
280,29,2,0,260,315,12,39,28,215,351
280,29,2,0,260,100,1,44,23,150,351
280,29,26,8,3,13,5,0,23,150,351
280,29,2,0,260,315,12,90,28,215,351
280,29,26,8,3,13,31,57,465,150,351
280,29,26,8,3,13,305,203,266,215,351
280,29,26,8,3,13,5,11,28,215,351
280,179,17,6,0,23,33,46,28,215,351
280,29,26,8,3,13,177,51,172,215,351
280,29,26,8,3,13,5,15,28,215,351
280,179,17,6,0,23,40,11,28,215,351
280,179,17,6,0,23,33,131,104,150,351
280,29,26,8,3,13,5,51,172,215,351
280,179,17,6,0,23,13,67,28,215,351
280,29,26,8,3,11,28,41,23,150,351
280,179,268,5,157,174,48,51,172,215,351
280,179,45,85,399,471,1,0,23,150,351
280,29,26,8,1,5,13,67,28,215,351
280,179,268,5,157,416,3,498,28,215,351
280,179,268,5,157,174,48,337,23,150,351
280,179,45,85,456,302,48,51,172,215,351
280,179,45,85,399,285,32,11,28,215,351
280,179,45,85,399,471,1,15,28,215,351
280,179,268,5,157,476,299,144,23,150,351
280,179,268,5,157,416,3,0,23,150,351
280,179,45,85,456,302,48,337,23,150,351
280,179,45,85,399,285,24,0,23,150,351
280,179,45,85,399,285,32,145,28,215,351
280,179,45,85,399,471,1,44,23,150,351
280,179,268,5,157,476,299,144,28,215,351
280,179,268,5,157,416,3,11,28,215,351
280,179,45,85,399,285,32,178,23,150,351
280,179,45,85,399,471,1,57,465,150,351
280,179,268,5,157,416,3,13,23,150,351
280,179,45,85,399,285,32,376,172,215,351
280,179,45,164,1,3,11,332,104,150,351
280,179,268,5,157,416,3,59,28,215,351
280,29,26,8,1,5,13,23,104,150,351
280,179,45,164,1,3,11,440,28,215,351
280,179,268,5,157,416,3,98,28,215,351
280,179,45,355,161,5,0,175,23,150,351
280,179,17,0,99,80,31,13,23,150,351
280,29,2,12,241,11,28,144,23,150,351
280,179,45,355,161,5,0,175,258,215,351
280,179,17,0,99,80,31,16,104,150,351
280,29,2,12,241,11,28,41,23,150,351
280,179,17,0,34,152,1,15,28,215,351
280,179,268,5,1,475,11,40,23,150,351
280,179,45,19,20,30,16,15,28,215,351
280,179,17,0,34,152,1,57,465,150,351
280,179,268,5,1,475,11,332,104,150,351
280,179,45,19,20,30,16,183,28,215,351
280,179,268,5,18,6,3,498,28,215,351
280,179,268,5,1,475,11,440,28,215,351
280,179,45,360,37,259,11,40,23,150,351
280,179,268,5,18,6,17,0,23,150,351
280,179,268,5,18,6,3,0,23,150,351
280,179,45,360,37,259,11,332,104,150,351
280,179,268,5,18,6,17,27,23,150,351
280,179,268,5,18,6,3,11,28,215,351
280,179,45,360,37,259,11,440,28,215,351
280,179,268,5,18,6,17,64,23,150,351
280,179,268,5,18,6,3,13,23,150,351
280,179,17,63,163,46,49,11,28,215,351
280,179,268,5,18,6,17,101,28,215,351
280,179,268,5,18,6,3,59,28,215,351
280,179,17,63,163,46,52,481,28,215,351
280,29,26,8,1,5,15,16,104,150,351
280,179,268,5,18,6,3,98,28,215,351
280,179,17,63,163,46,170,33,23,150,351
280,179,17,63,163,46,33,131,104,150,351
280,179,17,64,23,40,11,332,104,150,351
280,179,17,63,163,46,86,231,28,215,351
280,179,17,63,163,46,33,23,104,150,351
280,179,17,64,23,40,11,440,28,215,351
280,179,17,63,163,46,110,248,28,215,351
280,179,17,64,23,33,170,46,28,215,351
280,179,17,63,46,86,5,11,28,215,351
280,179,17,63,163,46,130,51,172,215,351
280,179,17,0,23,44,1,57,465,150,351
280,179,17,63,46,86,5,13,23,150,351
280,179,17,63,163,46,417,203,266,215,351
280,179,17,0,23,178,32,11,28,215,351
280,179,17,0,23,44,366,51,172,215,351
280,179,17,0,23,44,1,15,28,215,351
280,179,17,63,46,86,5,15,28,215,351
280,179,17,63,163,46,105,300,104,150,351
280,179,17,0,23,27,262,51,172,215,351
280,179,17,0,23,178,32,145,28,215,351
280,179,17,63,46,86,5,51,172,215,351
280,179,17,0,23,419,84,358,28,215,351
280,179,17,0,23,178,32,376,172,215,351
280,179,17,0,23,36,30,132,172,215,351
280,179,17,0,23,424,390,15,28,215,351
280,29,26,8,1,5,433,46,28,215,351
280,29,26,8,1,5,51,136,28,215,351
280,179,17,0,23,206,246,16,104,150,351
280,29,26,8,1,5,12,39,28,215,351
280,179,17,0,23,13,3,498,28,215,351
280,179,17,0,23,337,48,51,172,215,351
280,29,26,8,1,5,473,33,23,150,351
280,29,26,8,1,5,12,90,28,215,351
280,179,17,0,23,13,305,203,266,215,351
280,179,17,0,23,13,3,11,28,215,351
280,29,26,8,1,5,18,453,28,215,351
280,179,17,0,23,13,5,11,28,215,351
280,179,17,0,23,13,3,59,28,215,351
280,29,26,8,1,5,48,337,23,150,351
280,179,17,0,23,13,177,51,172,215,351
280,179,17,0,23,13,5,15,28,215,351
280,179,17,0,23,13,3,98,28,215,351
280,29,26,8,1,5,19,11,28,215,351
280,29,26,8,1,5,48,51,172,215,351
280,179,17,0,23,13,5,51,172,215,351
280,29,26,8,1,5,126,101,28,215,351
280,179,17,0,23,13,31,57,465,150,351
280,179,17,64,23,178,32,376,172,215,351
280,29,26,8,1,5,291,136,28,215,351
280,29,2,0,5,362,299,144,23,150,351
280,179,17,64,23,424,390,15,28,215,351
280,179,17,64,23,178,32,11,28,215,351
280,29,26,8,1,5,436,383,23,150,351
280,29,2,0,5,371,466,424,23,150,351
280,29,2,0,5,362,299,144,28,215,351
280,179,17,64,23,206,246,16,104,150,351
280,179,17,64,23,178,32,145,28,215,351
280,29,26,8,1,5,60,33,23,150,351
280,29,2,0,5,161,1,15,28,215,351
280,179,17,64,23,419,84,358,28,215,351
280,29,26,8,1,5,86,46,28,215,351
280,29,2,0,5,188,1,44,23,150,351
280,29,2,0,5,161,264,136,28,215,351
280,29,2,0,5,161,1,44,23,150,351
280,179,17,64,23,36,30,132,172,215,351
280,29,26,8,1,5,86,231,28,215,351
280,29,2,0,5,66,65,57,465,150,351
280,29,2,0,5,188,1,15,28,215,351
280,29,2,0,5,161,1,57,465,150,351
280,179,17,64,23,44,1,15,28,215,351
280,179,17,64,23,36,30,16,104,150,351
280,29,2,0,5,127,1,15,28,215,351
280,29,2,0,5,188,1,57,465,150,351
280,179,17,64,23,27,262,51,172,215,351
280,179,17,64,23,44,366,51,172,215,351
280,179,17,64,23,44,1,57,465,150,351
280,29,2,0,5,157,1,44,23,150,351
280,29,2,0,5,127,1,44,23,150,351
280,179,17,64,23,337,48,51,172,215,351
280,29,2,0,5,157,253,13,23,150,351
280,29,2,0,5,157,1,15,28,215,351
280,29,2,0,5,127,1,57,465,150,351
280,29,2,0,5,157,307,33,23,150,351
280,29,2,0,5,157,1,57,465,150,351
280,29,2,0,5,286,30,36,23,150,351
280,179,268,5,157,1,44,23,104,150,351
280,179,268,5,18,6,0,175,23,150,351
280,29,2,0,5,286,30,132,172,215,351
280,179,17,0,1,57,31,13,23,150,351
280,179,268,5,18,6,0,175,258,215,351
280,179,17,64,23,13,31,16,104,150,351
280,179,17,0,1,57,31,16,104,150,351
280,179,45,19,11,5,1,0,23,150,351
280,179,17,64,23,13,3,498,28,215,351
280,179,17,64,23,13,31,57,465,150,351
280,179,45,19,11,5,473,33,23,150,351
280,179,45,19,11,5,1,15,28,215,351
280,179,17,64,23,13,305,203,266,215,351
280,179,17,64,23,13,3,11,28,215,351
280,179,45,19,11,5,12,39,28,215,351
280,179,45,19,11,5,1,44,23,150,351
280,179,17,64,23,13,5,11,28,215,351
280,179,17,64,23,13,3,59,28,215,351
280,179,45,19,11,5,18,453,28,215,351
280,179,45,19,11,5,12,90,28,215,351
280,179,45,19,11,5,1,57,465,150,351
280,179,17,64,23,13,177,51,172,215,351
280,179,17,64,23,13,5,51,172,215,351
280,179,17,64,23,13,3,98,28,215,351
280,179,45,19,11,5,48,337,23,150,351
280,179,17,64,23,13,5,15,28,215,351
280,29,2,10,16,183,28,41,23,150,351
280,179,45,19,11,5,126,101,28,215,351
280,179,45,19,11,5,48,51,172,215,351
280,29,2,0,5,11,40,23,104,150,351
280,179,45,19,11,5,291,136,28,215,351
280,179,268,5,60,449,332,104,23,150,351
280,179,45,19,25,3,0,175,258,215,351
280,179,45,19,11,5,436,383,23,150,351
280,179,45,379,2,0,23,41,28,215,351
280,179,268,5,60,449,332,11,28,215,351
280,179,45,19,11,5,60,33,23,150,351
280,179,45,379,2,0,23,144,28,215,351
280,179,45,166,35,1,0,175,258,215,351
280,179,45,19,11,5,86,46,28,215,351
280,179,45,379,2,0,23,175,258,215,351
280,179,268,5,1,7,0,175,23,150,351
280,179,45,19,11,5,86,231,28,215,351
280,29,2,12,39,28,144,23,104,150,351
280,179,268,5,1,7,0,175,258,215,351
280,179,45,360,37,7,1,57,465,150,351
280,179,17,63,46,105,461,231,28,215,351
280,179,45,164,1,44,366,51,172,215,351
280,179,45,360,37,7,48,337,23,150,351
280,179,45,360,37,7,1,0,23,150,351
280,179,45,164,1,44,56,0,23,150,351
280,179,45,360,37,7,459,424,23,150,351
280,179,45,360,37,7,48,51,172,215,351
280,179,45,360,37,7,1,15,28,215,351
280,179,45,355,161,5,0,23,104,150,351
280,29,2,12,5,11,28,144,23,150,351
280,179,45,360,37,7,1,44,23,150,351
280,179,45,164,1,3,4,0,23,150,351
280,29,2,12,5,11,28,41,23,150,351
280,179,45,19,5,18,6,0,23,150,351
280,179,45,164,1,3,6,0,23,150,351
280,179,45,360,37,7,265,23,104,150,351
280,179,45,19,5,12,2,0,23,150,351
280,179,45,164,1,3,346,248,28,215,351
280,179,45,355,161,1,0,23,104,150,351
280,179,45,19,5,12,139,11,28,215,351
280,179,268,5,1,7,0,23,104,150,351
280,179,268,5,18,6,0,23,104,150,351
280,179,45,19,5,12,241,11,28,215,351
280,179,268,5,60,195,131,33,23,150,351
280,29,26,21,118,11,40,23,104,150,351
280,179,268,5,60,195,131,104,23,150,351
280,179,17,186,439,33,170,46,28,215,351
280,179,17,186,439,33,7,265,23,150,351
280,29,26,21,52,85,45,11,28,215,351
280,179,17,186,439,33,153,40,23,150,351
280,179,45,19,5,48,51,136,28,215,351
280,29,26,21,52,85,283,407,28,215,351
280,29,26,21,52,85,45,132,172,215,351
280,179,45,355,161,1,0,175,23,150,351
280,29,26,21,52,85,354,16,104,150,351
280,179,17,0,3,498,28,144,23,150,351
280,179,45,355,161,1,0,175,258,215,351
280,29,26,8,191,1,5,0,23,150,351
280,179,17,0,3,498,28,41,23,150,351
280,179,268,5,371,14,2,0,23,150,351
280,29,26,8,191,1,7,0,23,150,351
280,29,26,8,191,1,5,11,28,215,351
280,179,268,5,371,14,3,498,28,215,351
280,29,26,8,191,1,35,33,23,150,351
280,29,26,8,191,1,7,33,23,150,351
280,29,26,8,191,1,5,13,23,150,351
280,179,268,5,371,14,3,0,23,150,351
280,29,26,8,191,1,69,232,23,150,351
280,29,26,8,191,1,7,265,23,150,351
280,29,26,8,191,1,5,15,28,215,351
280,179,268,5,371,14,3,11,28,215,351
280,29,26,8,191,1,111,203,266,215,351
280,29,26,8,191,1,5,51,172,215,351
280,179,268,5,371,14,3,13,23,150,351
280,29,26,8,191,1,236,357,23,150,351
280,29,26,8,191,1,111,90,28,215,351
280,179,268,5,371,14,3,59,28,215,351
280,29,26,8,191,1,431,490,104,150,351
280,29,26,21,84,419,23,41,28,215,351
280,179,268,5,371,14,3,98,28,215,351
280,29,26,8,191,1,441,131,104,150,351
280,29,26,21,84,419,23,144,28,215,351
280,29,26,8,191,1,3,0,23,150,351
280,29,26,8,191,1,475,11,28,215,351
280,29,26,21,84,419,23,175,258,215,351
280,29,26,8,191,1,3,11,28,215,351
280,179,45,19,5,60,449,332,104,150,351
280,179,17,63,46,33,7,265,23,150,351
280,29,26,8,191,1,3,13,23,150,351
280,179,45,19,5,60,230,203,266,215,351
280,179,17,63,46,33,7,0,23,150,351
280,29,26,8,191,1,3,59,28,215,351
280,179,45,19,5,60,195,131,104,150,351
280,179,45,19,5,60,33,46,28,215,351
280,29,26,8,191,1,3,98,28,215,351
280,179,45,19,5,60,65,57,465,150,351
280,179,45,19,5,60,33,131,104,150,351
280,179,45,19,5,60,33,23,104,150,351
280,179,45,19,5,60,236,357,23,150,351
280,179,268,5,1,3,47,16,104,150,351
280,179,45,19,76,162,44,23,104,150,351
280,179,45,19,5,48,7,265,23,150,351
280,179,268,5,1,3,4,0,23,150,351
280,179,45,166,35,33,153,40,23,150,351
280,179,45,19,5,48,61,15,28,215,351
280,179,45,19,5,48,7,0,23,150,351
280,179,268,5,1,3,6,0,23,150,351
280,179,45,166,35,33,170,46,28,215,351
280,179,45,19,5,48,381,46,28,215,351
280,179,45,19,5,48,7,33,23,150,351
280,179,268,5,1,3,346,248,28,215,351
280,179,45,166,35,33,7,265,23,150,351
280,179,45,19,5,48,337,23,104,150,351
280,29,26,225,6,3,4,0,23,150,351
280,179,268,5,60,290,3,11,28,215,351
280,29,26,225,6,3,1,0,23,150,351
280,29,26,225,6,3,47,16,104,150,351
280,179,268,5,60,290,3,0,23,150,351
280,29,26,225,6,3,1,15,28,215,351
280,29,26,225,6,3,346,248,28,215,351
280,179,268,5,60,290,3,13,23,150,351
280,29,26,225,6,3,1,44,23,150,351
280,179,17,0,1,15,28,144,23,150,351
280,179,268,5,60,290,3,59,28,215,351
280,179,268,5,60,236,1,57,465,150,351
280,179,17,0,1,15,28,41,23,150,351
280,179,268,5,60,290,3,98,28,215,351
280,179,268,5,60,236,1,0,23,150,351
280,29,26,21,20,74,31,13,23,150,351
280,179,268,5,60,290,3,498,28,215,351
280,179,268,5,60,236,1,15,28,215,351
280,29,26,21,20,78,1,15,28,215,351
280,29,26,21,20,74,94,0,23,150,351
280,29,26,21,20,74,31,16,104,150,351
280,179,268,5,60,236,1,44,23,150,351
280,29,26,21,20,95,209,40,23,150,351
280,29,26,21,20,78,1,0,23,150,351
280,29,26,21,20,74,31,57,465,150,351
280,29,26,21,20,201,82,67,28,215,351
280,29,26,21,20,78,1,44,23,150,351
280,29,26,21,20,115,12,39,28,215,351
280,29,26,21,20,284,19,11,28,215,351
280,29,26,21,20,78,1,57,465,150,351
280,179,268,5,60,236,357,23,104,150,351
280,29,26,21,20,470,45,11,28,215,351
280,29,26,8,1,5,0,175,23,150,351
280,29,26,8,1,5,0,23,104,150,351
280,29,26,21,20,470,45,132,172,215,351
280,29,26,8,1,5,0,175,258,215,351
280,179,268,5,1,111,385,33,23,150,351
280,29,26,8,1,3,0,175,23,150,351
280,179,17,63,46,163,489,144,23,150,351
280,179,45,19,5,86,46,33,23,150,351
280,29,26,8,1,3,0,175,258,215,351
280,179,17,63,46,433,5,11,28,215,351
280,179,17,63,46,163,489,144,28,215,351
280,29,26,8,1,3,13,67,28,215,351
280,179,17,63,46,165,38,401,23,150,351
280,179,17,63,46,433,5,0,23,150,351
280,29,2,0,316,9,292,46,28,215,351
280,179,17,63,46,381,48,51,172,215,351
280,179,17,63,46,433,5,13,23,150,351
280,29,2,0,316,9,1,57,465,150,351
280,179,17,63,46,80,99,0,23,150,351
280,179,17,63,46,381,48,337,23,150,351
280,179,17,63,46,433,5,15,28,215,351
280,29,2,0,316,9,3,498,28,215,351
280,29,2,0,316,9,1,15,28,215,351
280,179,17,63,46,263,94,0,23,150,351
280,179,17,63,46,80,31,16,104,150,351
280,179,17,63,46,433,5,51,172,215,351
280,29,2,0,316,9,32,376,172,215,351
280,29,2,0,316,9,3,11,28,215,351
280,29,2,0,316,9,1,44,23,150,351
280,179,17,63,46,80,31,13,23,150,351
280,29,2,0,316,9,38,401,23,150,351
280,29,2,0,316,9,32,11,28,215,351
280,29,2,0,316,9,3,13,23,150,351
280,179,17,63,46,80,31,57,465,150,351
280,29,2,0,316,9,176,33,23,150,351
280,29,2,0,316,9,32,145,28,215,351
280,29,2,0,316,9,3,59,28,215,351
280,29,2,0,316,9,282,132,172,215,351
280,29,2,0,316,9,32,178,23,150,351
280,29,2,0,316,9,3,98,28,215,351
280,29,26,8,1,3,0,23,104,150,351
280,29,26,8,1,3,13,23,104,150,351
280,179,45,19,5,291,136,51,172,215,351
280,29,26,8,133,3,6,0,23,150,351
280,179,17,27,323,287,1,57,465,150,351
280,179,45,19,20,72,31,57,465,150,351
280,29,26,8,133,3,47,16,104,150,351
280,179,17,27,323,287,3,498,28,215,351
280,179,17,27,323,287,1,0,23,150,351
280,179,45,19,20,72,31,13,23,150,351
280,29,26,8,133,3,346,248,28,215,351
280,179,17,27,323,287,324,11,28,215,351
280,179,17,27,323,287,3,0,23,150,351
280,179,17,27,323,287,1,15,28,215,351
280,179,45,19,20,72,31,16,104,150,351
280,179,17,27,323,287,3,11,28,215,351
280,179,17,27,323,287,1,44,23,150,351
280,179,268,5,1,35,110,248,28,215,351
280,179,17,27,323,287,3,13,23,150,351
280,179,45,379,2,0,175,23,104,150,351
280,179,268,5,1,35,331,244,28,215,351
280,179,268,5,1,35,110,46,28,215,351
280,179,17,27,323,287,3,59,28,215,351
280,29,26,8,133,3,1,15,28,215,351
280,179,45,11,5,13,23,144,28,215,351
280,179,17,27,323,287,3,98,28,215,351
280,29,26,8,133,3,1,44,23,150,351
280,179,45,11,5,13,23,175,258,215,351
280,29,2,10,356,28,144,23,104,150,351
280,179,45,192,72,404,28,41,23,150,351
280,179,45,166,35,120,10,356,28,215,351
280,179,45,19,5,433,46,33,23,150,351
280,29,2,0,7,37,299,144,28,215,351
280,179,45,166,35,156,30,16,104,150,351
280,179,45,166,35,120,10,16,104,150,351
280,29,2,0,7,20,204,44,23,150,351
280,29,2,0,7,37,259,11,28,215,351
280,29,2,0,7,37,299,144,23,150,351
280,179,45,166,35,156,30,36,23,150,351
280,29,2,0,7,478,130,51,172,215,351
280,29,2,0,7,20,30,16,104,150,351
280,179,45,151,42,81,5,0,23,150,351
280,179,45,166,35,156,30,132,172,215,351
280,29,2,0,7,272,341,41,23,150,351
280,29,2,0,7,478,130,46,28,215,351
280,29,2,0,7,20,202,206,23,150,351
280,29,2,0,7,20,30,36,23,150,351
280,179,45,151,42,81,5,11,28,215,351
280,29,2,0,7,427,126,101,28,215,351
280,29,2,0,7,272,341,41,28,215,351
280,29,2,0,7,20,72,404,28,215,351
280,29,2,0,7,20,30,132,172,215,351
280,179,45,151,42,81,5,13,23,150,351
280,29,2,0,7,107,12,39,28,215,351
280,29,2,0,7,20,19,11,28,215,351
280,29,2,0,5,15,1,57,465,150,351
280,179,45,151,42,81,5,15,28,215,351
280,29,2,0,7,114,224,13,23,150,351
280,29,2,0,7,107,12,90,28,215,351
280,29,2,0,7,20,269,51,172,215,351
280,29,2,0,5,15,390,424,23,150,351
280,29,2,0,5,15,1,44,23,150,351
280,179,45,151,42,81,5,51,172,215,351
280,29,2,0,7,200,207,41,23,150,351
280,29,2,0,7,114,69,232,23,150,351
280,29,2,0,5,15,158,136,28,215,351
280,29,2,0,7,22,137,181,28,215,351
280,29,2,0,7,235,50,44,23,150,351
280,29,2,0,7,200,207,41,28,215,351
280,29,2,0,7,22,1,15,28,215,351
280,29,2,0,7,22,428,51,172,215,351
280,29,26,8,1,3,47,16,104,150,351
280,179,45,19,11,3,4,0,23,150,351
280,29,2,0,7,22,1,44,23,150,351
280,179,45,379,2,0,1,57,465,150,351
280,29,26,8,1,3,4,0,23,150,351
280,179,45,19,11,3,6,0,23,150,351
280,29,2,0,7,48,61,15,28,215,351
280,179,45,379,2,0,3,13,23,150,351
280,179,45,379,2,0,1,15,28,215,351
280,29,26,8,1,3,6,0,23,150,351
280,179,45,19,11,3,346,248,28,215,351
280,29,2,0,7,48,381,46,28,215,351
280,179,45,379,2,0,5,13,23,150,351
280,179,45,379,2,0,3,11,28,215,351
280,179,45,379,2,0,1,44,23,150,351
280,29,26,8,1,3,346,248,28,215,351
280,179,45,379,2,0,160,51,172,215,351
280,179,45,379,2,0,5,11,28,215,351
280,179,45,379,2,0,3,59,28,215,351
280,29,2,0,7,48,5,13,23,150,351
280,179,45,379,2,0,17,101,28,215,351
280,179,45,379,2,0,5,15,28,215,351
280,179,45,379,2,0,3,98,28,215,351
280,29,2,0,7,48,5,15,28,215,351
280,179,45,379,2,0,50,44,23,150,351
280,179,45,379,2,0,17,27,23,150,351
280,179,45,379,2,0,5,51,172,215,351
280,179,45,379,2,0,3,498,28,215,351
280,29,2,0,7,48,5,51,172,215,351
280,179,45,379,2,0,56,44,23,150,351
280,179,45,379,2,0,17,64,23,150,351
280,179,45,19,5,436,383,23,104,150,351
280,29,2,0,316,403,232,23,104,150,351
280,179,45,379,2,0,7,33,23,150,351
280,179,268,5,1,35,33,46,28,215,351
280,29,2,0,5,15,16,183,28,215,351
280,179,45,19,5,1,0,175,23,150,351
280,179,45,379,2,0,380,383,23,150,351
280,179,45,379,2,0,7,265,23,150,351
280,179,268,5,1,35,33,131,104,150,351
280,179,45,19,5,1,0,175,258,215,351
280,179,45,19,11,3,1,15,28,215,351
280,179,45,19,5,1,0,23,104,150,351
280,29,2,0,7,1,69,232,23,150,351
280,29,2,0,5,15,16,104,23,150,351
280,179,45,19,11,3,1,44,23,150,351
280,29,2,379,45,11,32,178,23,150,351
280,29,2,0,7,1,431,490,104,150,351
280,29,2,379,45,11,5,13,23,150,351
280,179,17,76,162,44,1,57,465,150,351
280,29,2,379,45,11,49,46,28,215,351
280,29,2,379,45,11,32,145,28,215,351
280,29,2,0,7,1,441,131,104,150,351
280,29,2,379,45,11,5,15,28,215,351
280,179,17,76,162,44,50,0,23,150,351
280,179,17,76,162,44,1,0,23,150,351
280,29,2,379,45,11,32,376,172,215,351
280,29,2,0,7,1,3,11,28,215,351
280,29,2,379,45,11,5,51,172,215,351
280,179,17,76,162,44,56,0,23,150,351
280,179,17,76,162,44,1,15,28,215,351
280,29,2,0,7,1,5,13,23,150,351
280,29,2,0,7,1,3,13,23,150,351
280,179,17,76,162,44,366,51,172,215,351
280,29,26,70,171,342,35,33,23,150,351
280,29,2,0,7,1,35,33,23,150,351
280,29,2,0,7,1,5,11,28,215,351
280,29,2,0,7,1,3,59,28,215,351
280,29,26,70,171,378,63,203,266,215,351
280,29,2,0,7,1,111,90,28,215,351
280,29,2,0,7,1,5,15,28,215,351
280,29,2,0,7,1,3,98,28,215,351
280,179,45,355,161,5,15,16,104,150,351
280,29,2,0,7,1,475,11,28,215,351
280,29,2,0,7,1,111,203,266,215,351
280,29,2,0,7,1,5,51,172,215,351
280,29,2,0,7,1,3,498,28,215,351
280,179,45,19,5,1,15,16,104,150,351
280,179,268,5,1,15,158,136,28,215,351
280,179,17,0,3,11,28,144,23,150,351
280,179,45,19,5,286,30,16,104,150,351
280,29,2,379,45,11,3,13,23,150,351
280,179,45,19,5,473,33,46,28,215,351
280,179,17,0,3,11,28,41,23,150,351
280,179,45,19,5,362,299,144,23,150,351
280,179,45,19,5,286,30,36,23,150,351
280,29,2,379,45,11,3,59,28,215,351
280,179,45,19,5,473,33,131,104,150,351
280,179,45,19,5,371,466,424,23,150,351
280,179,45,19,5,362,299,144,28,215,351
280,179,45,19,5,286,30,132,172,215,351
280,29,2,379,45,11,3,98,28,215,351
280,179,45,19,5,161,1,0,23,150,351
280,179,45,19,5,473,33,23,104,150,351
280,179,45,19,5,1,3,498,28,215,351
280,29,2,233,71,47,3,11,28,215,351
280,179,45,19,5,188,1,44,23,150,351
280,179,45,19,5,161,264,136,28,215,351
280,179,45,19,5,161,1,15,28,215,351
280,179,45,19,5,1,475,11,28,215,351
280,179,45,19,5,1,3,0,23,150,351
280,29,2,233,71,47,3,13,23,150,351
280,179,45,19,5,66,65,57,465,150,351
280,179,45,19,5,188,1,0,23,150,351
280,179,45,19,5,161,1,44,23,150,351
280,179,45,19,5,1,111,90,28,215,351
280,179,45,19,5,1,3,11,28,215,351
280,29,2,233,71,47,3,59,28,215,351
280,179,45,19,5,127,1,57,465,150,351
280,179,45,19,5,188,1,15,28,215,351
280,179,45,19,5,161,1,57,465,150,351
280,179,45,19,5,1,441,131,104,150,351
280,179,45,19,5,1,111,203,266,215,351
280,179,45,19,5,1,3,13,23,150,351
280,29,2,233,71,47,3,98,28,215,351
280,179,45,19,5,157,1,44,23,150,351
280,179,45,19,5,127,1,0,23,150,351
280,179,45,19,5,188,1,57,465,150,351
280,179,45,19,5,1,7,0,23,150,351
280,179,45,19,5,1,3,59,28,215,351
280,179,45,19,5,157,253,13,23,150,351
280,179,45,19,5,157,1,0,23,150,351
280,179,45,19,5,127,1,15,28,215,351
280,179,45,19,5,1,35,33,23,150,351
280,179,45,19,5,1,7,33,23,150,351
280,179,45,19,5,1,3,98,28,215,351
280,179,45,19,5,157,307,33,23,150,351
280,179,45,19,5,157,1,15,28,215,351
280,179,45,19,5,127,1,44,23,150,351
280,179,45,19,5,1,69,232,23,150,351
280,179,45,19,5,1,7,265,23,150,351
280,179,45,19,5,157,1,57,465,150,351
280,179,45,19,5,1,44,23,104,150,351
280,179,45,19,5,1,236,357,23,150,351
280,179,45,132,30,16,10,356,28,215,351
280,179,45,19,313,17,27,23,104,150,351
280,179,45,11,28,215,258,175,23,150,351
280,179,45,19,5,1,431,490,104,150,351
280,179,45,132,30,16,31,57,465,150,351
280,179,17,0,1,44,366,51,172,215,351
280,179,45,319,17,6,0,175,23,150,351
280,179,17,186,131,104,23,144,28,215,351
280,179,45,132,30,16,246,206,23,150,351
280,179,45,132,30,16,31,13,23,150,351
280,179,45,319,17,6,0,175,258,215,351
280,179,17,186,131,104,23,175,258,215,351
280,179,45,319,17,6,0,23,104,150,351
280,179,268,5,60,33,23,41,28,215,351
280,179,45,19,5,11,32,145,28,215,351
280,179,268,5,60,33,7,0,23,150,351
280,179,45,19,5,11,3,13,23,150,351
280,179,268,5,60,33,23,144,28,215,351
280,179,45,19,5,11,32,178,23,150,351
280,179,268,5,60,33,153,40,23,150,351
280,179,268,5,60,33,7,265,23,150,351
280,179,45,19,5,11,3,59,28,215,351
280,179,268,5,60,33,23,175,258,215,351
280,179,45,19,5,11,32,376,172,215,351
280,179,268,5,60,33,170,46,28,215,351
280,179,45,19,5,11,3,98,28,215,351
280,179,268,5,436,383,23,41,28,215,351
280,29,2,12,5,15,28,144,23,150,351
280,179,268,5,60,33,131,104,23,150,351
280,179,268,5,188,1,475,11,28,215,351
280,179,268,5,436,383,23,144,28,215,351
280,29,2,12,5,15,28,41,23,150,351
280,179,268,5,188,1,3,0,23,150,351
280,179,268,5,188,1,111,90,28,215,351
280,179,268,5,436,383,23,175,258,215,351
280,179,17,63,203,417,46,33,23,150,351
280,179,268,5,188,1,3,11,28,215,351
280,179,268,5,188,1,431,490,104,150,351
280,179,268,5,188,1,111,203,266,215,351
280,179,45,53,38,401,23,144,28,215,351
280,179,268,5,188,1,3,13,23,150,351
280,179,268,5,188,1,7,0,23,150,351
280,179,45,319,17,6,3,498,28,215,351
280,179,45,53,38,401,23,175,258,215,351
280,179,268,5,188,1,3,59,28,215,351
280,179,268,5,188,1,35,33,23,150,351
280,179,268,5,188,1,7,33,23,150,351
280,179,45,319,17,6,18,453,28,215,351
280,179,45,319,17,6,3,0,23,150,351
280,179,268,5,188,1,3,98,28,215,351
280,179,268,5,188,1,69,232,23,150,351
280,179,268,5,188,1,7,265,23,150,351
280,179,45,319,17,6,3,11,28,215,351
280,29,26,21,1,44,23,41,28,215,351
280,179,268,5,188,1,236,357,23,150,351
280,179,17,186,387,28,11,40,23,150,351
280,179,45,319,17,6,3,13,23,150,351
280,29,26,21,1,44,23,144,28,215,351
280,179,268,5,188,1,441,131,104,150,351
280,179,17,186,387,28,15,16,104,150,351
280,179,17,186,387,28,11,332,104,150,351
280,179,45,319,17,6,3,59,28,215,351
280,29,26,21,1,44,23,175,258,215,351
280,179,17,186,387,28,183,16,104,150,351
280,29,26,8,3,11,332,104,23,150,351
280,179,45,319,17,6,3,98,28,215,351
280,179,268,5,11,3,0,23,104,150,351
280,179,17,186,387,28,67,13,23,150,351
280,179,17,76,19,5,13,23,104,150,351
280,179,45,379,2,14,3,498,28,215,351
280,29,2,233,71,302,48,337,23,150,351
280,179,17,186,387,28,46,33,23,150,351
280,29,2,233,71,116,1,15,28,215,351
280,179,45,379,2,322,477,67,28,215,351
280,179,45,379,2,14,3,0,23,150,351
280,29,26,8,3,11,5,51,172,215,351
280,29,2,233,71,116,1,44,23,150,351
280,179,45,379,2,233,423,132,172,215,351
280,179,45,379,2,322,325,44,23,150,351
280,179,45,379,2,14,3,11,28,215,351
280,29,26,8,3,11,32,145,28,215,351
280,29,26,8,3,11,5,0,23,150,351
280,179,45,379,2,62,7,0,23,150,351
280,179,45,379,2,322,398,206,23,150,351
280,179,45,379,2,14,3,13,23,150,351
280,29,26,8,3,11,45,132,172,215,351
280,29,26,8,3,11,32,178,23,150,351
280,29,26,8,3,11,5,13,23,150,351
280,179,45,379,2,62,7,33,23,150,351
280,179,45,379,2,14,3,59,28,215,351
280,29,26,8,3,11,49,46,28,215,351
280,29,26,8,3,11,32,376,172,215,351
280,29,26,8,3,11,5,15,28,215,351
280,179,45,379,2,62,7,265,23,150,351
280,179,45,379,2,14,3,98,28,215,351
280,179,17,63,203,230,60,33,23,150,351
280,179,17,0,7,1,431,490,104,150,351
280,179,17,63,203,305,13,67,28,215,351
280,179,45,19,5,15,28,41,23,150,351
280,179,17,63,203,305,13,23,104,150,351
280,179,17,0,7,1,441,131,104,150,351
280,179,45,189,12,39,28,41,23,150,351
280,179,17,76,19,5,13,67,28,215,351
280,29,2,12,90,28,136,51,172,215,351
280,179,17,0,7,1,3,11,28,215,351
280,179,45,189,12,241,11,440,28,215,351
280,179,17,64,23,104,332,11,28,215,351
280,29,2,12,90,28,11,40,23,150,351
280,179,17,0,7,1,5,13,23,150,351
280,179,17,0,7,1,3,13,23,150,351
280,179,17,64,23,104,16,183,28,215,351
280,29,2,12,90,28,15,16,104,150,351
280,29,2,12,90,28,11,332,104,150,351
280,179,17,0,7,1,35,33,23,150,351
280,179,17,0,7,1,5,11,28,215,351
280,179,17,0,7,1,3,59,28,215,351
280,29,2,12,90,28,183,16,104,150,351
280,179,17,0,7,1,111,90,28,215,351
280,179,17,0,7,1,5,15,28,215,351
280,179,17,0,7,1,3,98,28,215,351
280,29,2,12,90,28,67,13,23,150,351
280,179,17,0,7,1,475,11,28,215,351
280,179,17,0,7,1,111,203,266,215,351
280,179,17,0,7,1,5,51,172,215,351
280,179,17,0,7,1,3,498,28,215,351
280,29,2,12,90,28,46,33,23,150,351
280,29,26,320,13,67,28,144,23,150,351
280,29,2,12,90,28,41,23,104,150,351
280,179,268,5,15,28,67,13,23,150,351
280,179,17,63,203,400,41,23,104,150,351
280,29,26,320,13,67,28,41,23,150,351
280,179,268,5,48,7,265,23,104,150,351
280,179,268,5,15,28,183,16,104,150,351
280,179,17,6,3,47,16,104,23,150,351
280,179,268,5,15,28,136,51,172,215,351
280,29,26,125,47,3,0,23,104,150,351
280,179,17,6,3,1,15,16,104,150,351
280,179,17,34,0,1,236,357,23,150,351
280,179,45,470,20,72,31,13,23,150,351
280,179,17,34,0,1,69,232,23,150,351
280,179,45,470,20,72,31,16,104,150,351
280,179,17,34,0,1,431,490,104,150,351
280,179,45,189,12,107,7,265,23,150,351
280,179,17,34,0,1,441,131,104,150,351
280,179,45,189,12,492,260,0,23,150,351
280,179,45,189,12,107,7,0,23,150,351
280,179,17,34,0,1,7,265,23,150,351
280,179,45,189,12,334,10,16,104,150,351
280,179,45,189,12,107,7,33,23,150,351
280,179,17,34,0,1,3,11,28,215,351
280,179,17,34,0,1,7,33,23,150,351
280,179,45,189,12,315,260,0,23,150,351
280,179,45,189,12,334,10,356,28,215,351
280,179,17,34,0,1,5,13,23,150,351
280,179,17,34,0,1,3,13,23,150,351
280,179,45,189,12,58,24,0,23,150,351
280,179,17,34,0,1,35,33,23,150,351
280,179,17,34,0,1,5,11,28,215,351
280,179,17,34,0,1,3,59,28,215,351
280,179,45,189,12,154,47,16,104,150,351
280,179,17,34,0,1,111,90,28,215,351
280,179,17,34,0,1,5,15,28,215,351
280,179,17,34,0,1,3,98,28,215,351
280,179,45,189,12,245,24,0,23,150,351
280,179,17,34,0,1,475,11,28,215,351
280,179,17,34,0,1,111,203,266,215,351
280,179,17,34,0,1,5,51,172,215,351
280,179,17,34,0,1,3,498,28,215,351
280,179,45,189,12,73,24,0,23,150,351
280,179,45,189,12,73,84,419,23,150,351
280,179,45,189,12,73,279,40,23,150,351
280,179,17,6,3,11,32,145,28,215,351
280,179,17,6,3,11,5,0,23,150,351
280,179,17,6,3,11,45,132,172,215,351
280,179,17,6,3,11,32,178,23,150,351
280,179,17,6,3,11,5,13,23,150,351
280,179,17,6,3,11,49,46,28,215,351
280,179,17,6,3,11,32,376,172,215,351
280,179,17,6,3,11,5,15,28,215,351
280,179,268,5,127,1,0,175,258,215,351
280,179,45,251,24,19,294,51,172,215,351
280,179,45,251,24,19,5,11,28,215,351
280,179,45,251,24,19,69,232,23,150,351
280,179,45,251,24,19,5,13,23,150,351
280,179,45,251,24,19,390,15,28,215,351
280,179,45,251,24,19,5,15,28,215,351
280,179,45,251,24,19,390,424,23,150,351
280,179,45,251,24,19,5,51,172,215,351
280,179,45,132,172,215,28,144,23,150,351
280,179,45,251,24,19,11,332,104,150,351
280,179,45,132,172,215,28,41,23,150,351
280,179,45,251,24,19,11,440,28,215,351
280,179,45,53,38,34,17,27,23,150,351
280,179,17,0,23,104,332,11,28,215,351
280,179,45,53,38,34,17,64,23,150,351
280,179,17,0,23,104,16,183,28,215,351
280,179,45,53,38,34,17,101,28,215,351
280,179,45,11,440,28,46,33,23,150,351
280,29,2,12,189,45,85,244,28,215,351
280,179,45,11,440,28,136,51,172,215,351
280,29,2,12,189,45,168,13,23,150,351
280,179,45,11,440,28,183,16,104,150,351
280,29,2,12,189,45,402,376,172,215,351
280,179,45,11,440,28,67,13,23,150,351
280,29,2,12,189,45,11,332,104,150,351
280,179,45,19,25,3,11,332,104,150,351
280,29,2,12,189,45,11,440,28,215,351
280,179,45,19,25,3,11,440,28,215,351
280,179,45,166,35,1,5,0,23,150,351
280,179,45,166,35,1,3,0,23,150,351
280,179,45,166,35,1,7,0,23,150,351
280,179,45,166,35,1,5,11,28,215,351
280,179,45,166,35,1,3,11,28,215,351
280,179,45,166,35,1,431,490,104,150,351
280,179,45,166,35,1,7,33,23,150,351
280,179,45,166,35,1,5,13,23,150,351
280,179,45,166,35,1,3,13,23,150,351
280,179,45,166,35,1,475,11,28,215,351
280,179,45,166,35,1,7,265,23,150,351
280,179,45,166,35,1,5,15,28,215,351
280,179,45,166,35,1,3,59,28,215,351
280,179,45,166,35,1,441,131,104,150,351
280,179,45,166,35,1,5,51,172,215,351
280,179,45,166,35,1,3,98,28,215,351
280,179,45,166,35,1,111,90,28,215,351
280,29,2,14,3,6,17,64,23,150,351
280,179,45,166,35,1,69,232,23,150,351
280,179,45,166,35,1,111,203,266,215,351
280,29,2,14,3,6,17,101,28,215,351
280,179,45,166,35,1,236,357,23,150,351
280,179,45,11,3,59,28,41,23,150,351
280,179,45,319,17,0,23,144,28,215,351
280,179,17,186,131,104,332,11,28,215,351
280,179,45,319,17,0,23,175,258,215,351
280,179,17,186,131,104,16,15,28,215,351
280,29,2,12,73,24,298,44,23,150,351
280,29,2,12,73,24,0,175,258,215,351
280,29,26,21,52,46,28,41,23,150,351
280,29,2,12,139,11,32,178,23,150,351
280,29,2,12,139,11,5,13,23,150,351
280,29,2,12,139,11,45,132,172,215,351
280,29,2,12,139,11,32,145,28,215,351
280,29,2,12,139,11,5,15,28,215,351
280,29,2,12,139,11,49,46,28,215,351
280,29,2,12,139,11,32,376,172,215,351
280,29,2,12,139,11,5,51,172,215,351
280,29,2,12,139,11,3,13,23,150,351
280,179,45,109,361,11,28,41,23,150,351
280,29,2,12,139,11,3,59,28,215,351
280,179,45,396,25,3,0,175,258,215,351
280,29,2,12,139,11,3,98,28,215,351
280,29,2,12,492,260,0,175,258,215,351
280,179,45,11,5,15,28,41,23,150,351
280,29,2,10,16,15,1,0,23,150,351
280,29,2,10,16,15,5,0,23,150,351
280,29,2,10,16,15,390,424,23,150,351
280,29,2,10,16,15,1,44,23,150,351
280,29,2,10,16,15,5,13,23,150,351
280,29,2,10,16,15,158,136,28,215,351
280,29,2,10,16,15,1,57,465,150,351
280,29,2,10,16,15,5,51,172,215,351
280,179,268,5,48,333,137,181,28,215,351
280,179,268,5,11,3,47,16,104,150,351
280,179,268,5,48,247,32,11,28,215,351
280,179,268,5,11,3,4,0,23,150,351
280,179,268,5,48,247,32,145,28,215,351
280,179,268,5,11,3,6,0,23,150,351
280,179,268,5,48,247,32,178,23,150,351
280,179,268,5,11,3,346,248,28,215,351
280,179,268,5,48,247,32,376,172,215,351
280,179,268,5,11,3,1,0,23,150,351
280,179,45,189,12,90,28,41,23,150,351
280,179,268,5,11,3,1,15,28,215,351
280,29,2,12,107,7,0,175,258,215,351
280,179,268,5,11,3,1,44,23,150,351
280,29,2,12,73,134,1,15,28,215,351
280,29,2,12,334,10,16,183,28,215,351
280,29,2,12,73,134,1,44,23,150,351
280,29,2,14,3,8,10,356,28,215,351
280,29,2,12,73,134,1,57,465,150,351
280,29,2,14,3,290,60,33,23,150,351
280,29,2,14,3,8,1,57,465,150,351
280,29,2,14,3,8,10,16,104,150,351
280,29,2,14,3,372,253,13,23,150,351
280,29,2,14,3,8,148,0,23,150,351
280,29,2,14,3,8,1,0,23,150,351
280,29,2,14,3,75,31,57,465,150,351
280,29,2,14,3,8,1,15,28,215,351
280,29,2,14,3,392,1,15,28,215,351
280,29,2,14,3,75,31,13,23,150,351
280,29,2,14,3,8,1,44,23,150,351
280,29,2,14,3,250,370,203,266,215,351
280,29,2,14,3,392,1,0,23,150,351
280,29,2,14,3,75,31,16,104,150,351
280,29,2,14,3,287,1,15,28,215,351
280,29,2,14,3,392,1,44,23,150,351
280,29,2,14,3,281,38,401,23,150,351
280,29,2,14,3,287,323,27,23,150,351
280,29,2,14,3,287,1,0,23,150,351
280,29,2,14,3,392,1,57,465,150,351
280,29,2,14,3,25,19,11,28,215,351
280,29,2,14,3,287,324,11,28,215,351
280,29,2,14,3,287,1,44,23,150,351
280,29,2,14,3,9,1,57,465,150,351
280,29,2,14,3,287,1,57,465,150,351
280,29,2,14,3,9,38,401,23,150,351
280,29,2,14,3,9,1,0,23,150,351
280,29,2,14,3,9,176,33,23,150,351
280,29,2,14,3,9,1,15,28,215,351
280,29,2,14,3,9,282,132,172,215,351
280,29,2,14,3,9,1,44,23,150,351
280,29,2,14,3,9,292,46,28,215,351
280,29,2,14,3,9,32,11,28,215,351
280,29,2,14,3,9,316,0,23,150,351
280,29,2,14,3,9,32,145,28,215,351
280,179,45,146,30,16,246,206,23,150,351
280,29,2,14,3,9,32,376,172,215,351
280,179,45,146,30,16,31,13,23,150,351
280,29,2,12,107,7,33,131,104,150,351
280,179,45,189,12,5,433,46,28,215,351
280,179,45,189,12,5,1,15,28,215,351
280,179,45,189,12,5,18,453,28,215,351
280,179,45,189,12,5,1,44,23,150,351
280,179,45,189,12,5,19,11,28,215,351
280,29,2,12,107,7,48,337,23,150,351
280,179,45,189,12,5,48,337,23,150,351
280,29,2,12,107,7,459,424,23,150,351
280,29,2,12,107,7,48,51,172,215,351
280,179,45,189,12,5,126,101,28,215,351
280,179,45,189,12,5,48,51,172,215,351
280,179,45,189,12,5,291,136,28,215,351
280,29,2,12,107,7,1,0,23,150,351
280,179,45,189,12,5,436,383,23,150,351
280,29,2,12,107,7,1,15,28,215,351
280,179,45,189,12,5,60,33,23,150,351
280,29,2,12,107,7,1,44,23,150,351
280,179,45,189,12,5,86,46,28,215,351
280,179,45,11,49,46,28,41,23,150,351
280,179,45,189,12,5,86,231,28,215,351
280,179,45,164,1,15,28,41,23,150,351
280,29,2,0,3,11,332,104,23,150,351
280,29,2,0,56,44,23,41,28,215,351
280,179,17,101,28,15,5,51,172,215,351
280,29,2,0,56,44,23,144,28,215,351
280,179,17,101,28,15,1,0,23,150,351
280,179,17,101,28,15,5,0,23,150,351
280,29,2,0,56,44,23,175,258,215,351
280,179,17,101,28,15,390,424,23,150,351
280,179,17,101,28,15,1,44,23,150,351
280,179,17,101,28,15,5,13,23,150,351
280,179,17,101,28,15,1,57,465,150,351
280,179,17,101,28,15,16,104,23,150,351
280,29,2,12,315,260,0,175,258,215,351
280,29,2,62,7,37,259,11,28,215,351
280,29,2,62,7,22,1,57,465,150,351
280,29,2,62,7,114,69,232,23,150,351
280,29,2,62,7,37,6,0,23,150,351
280,29,2,62,7,22,428,51,172,215,351
280,29,2,62,7,22,1,0,23,150,351
280,29,2,62,7,478,130,51,172,215,351
280,29,2,62,7,114,224,13,23,150,351
280,29,2,62,7,37,299,144,23,150,351
280,29,2,62,7,22,1,15,28,215,351
280,29,2,62,7,427,126,101,28,215,351
280,29,2,62,7,478,130,46,28,215,351
280,29,2,62,7,37,299,144,28,215,351
280,29,2,62,7,22,1,44,23,150,351
280,29,2,62,7,107,12,39,28,215,351
280,179,17,101,28,11,5,51,172,215,351
280,29,2,62,7,200,207,41,23,150,351
280,29,2,62,7,107,12,90,28,215,351
280,179,17,101,28,11,32,178,23,150,351
280,179,17,101,28,11,5,0,23,150,351
280,29,2,62,7,235,50,0,23,150,351
280,29,2,62,7,200,207,41,28,215,351
280,179,17,101,28,11,45,132,172,215,351
280,179,17,101,28,11,32,376,172,215,351
280,179,17,101,28,11,5,13,23,150,351
280,29,2,62,7,272,24,0,23,150,351
280,29,2,62,7,235,50,44,23,150,351
280,179,17,101,28,11,3,0,23,150,351
280,29,2,62,7,272,341,41,23,150,351
280,179,17,101,28,11,3,13,23,150,351
280,29,2,62,7,272,341,41,28,215,351
280,29,2,62,7,20,204,44,23,150,351
280,179,17,101,28,11,332,104,23,150,351
280,29,2,62,7,20,72,404,28,215,351
280,29,2,62,7,20,30,132,172,215,351
280,29,2,62,7,20,19,11,28,215,351
280,179,17,6,3,9,292,46,28,215,351
280,29,2,62,7,20,269,51,172,215,351
280,179,17,6,3,25,19,11,28,215,351
280,179,17,6,3,9,1,57,465,150,351
280,179,17,6,3,8,1,15,28,215,351
280,179,17,6,3,9,38,401,23,150,351
280,179,17,6,3,9,1,0,23,150,351
280,179,17,6,3,287,1,15,28,215,351
280,179,17,6,3,8,10,356,28,215,351
280,179,17,6,3,8,1,0,23,150,351
280,179,17,6,3,9,32,11,28,215,351
280,179,17,6,3,9,1,15,28,215,351
280,179,17,6,3,392,1,15,28,215,351
280,179,17,6,3,287,323,27,23,150,351
280,179,17,6,3,287,1,0,23,150,351
280,179,17,6,3,8,148,0,23,150,351
280,179,17,6,3,8,10,16,104,150,351
280,179,17,6,3,8,1,44,23,150,351
280,179,17,6,3,9,176,33,23,150,351
280,179,17,6,3,9,32,145,28,215,351
280,179,17,6,3,9,1,44,23,150,351
280,179,17,6,3,75,31,57,465,150,351
280,179,17,6,3,392,1,0,23,150,351
280,179,17,6,3,287,324,11,28,215,351
280,179,17,6,3,287,1,44,23,150,351
280,179,17,6,3,8,1,57,465,150,351
280,179,17,6,3,9,282,132,172,215,351
280,179,17,6,3,9,32,178,23,150,351
280,179,17,6,3,452,448,206,23,150,351
280,179,17,6,3,75,31,13,23,150,351
280,179,17,6,3,392,1,44,23,150,351
280,179,17,6,3,287,1,57,465,150,351
280,179,17,6,3,9,316,0,23,150,351
280,179,17,6,3,9,32,376,172,215,351
280,179,17,6,3,372,253,13,23,150,351
280,179,17,6,3,75,31,16,104,150,351
280,179,17,6,3,392,1,57,465,150,351
280,179,17,6,3,14,2,0,23,150,351
280,179,17,319,45,132,30,16,104,150,351
280,179,17,6,3,250,370,203,266,215,351
280,179,17,319,45,132,30,36,23,150,351
280,179,17,6,3,290,60,33,23,150,351
280,179,17,6,3,1,236,357,23,150,351
280,179,17,6,3,281,38,401,23,150,351
280,179,17,6,3,1,69,232,23,150,351
280,179,45,92,167,293,1,0,23,150,351
280,179,17,6,3,1,431,490,104,150,351
280,179,45,92,167,293,1,44,23,150,351
280,179,17,6,3,1,441,131,104,150,351
280,179,45,92,167,293,1,57,465,150,351
280,179,17,6,3,1,5,0,23,150,351
280,29,2,12,58,24,298,44,23,150,351
280,179,17,6,3,1,111,203,266,215,351
280,179,17,6,3,1,5,11,28,215,351
280,179,17,6,3,1,7,0,23,150,351
280,179,17,6,3,1,111,90,28,215,351
280,179,17,6,3,1,5,13,23,150,351
280,179,17,6,3,1,35,33,23,150,351
280,179,17,6,3,1,7,33,23,150,351
280,179,17,6,3,1,5,15,28,215,351
280,179,17,6,3,1,475,11,28,215,351
280,179,17,6,3,1,7,265,23,150,351
280,179,17,6,3,1,5,51,172,215,351
280,29,2,0,17,186,131,33,23,150,351
280,179,17,6,3,1,44,23,104,150,351
280,179,17,101,28,183,16,104,23,150,351
280,179,268,5,48,7,33,23,104,150,351
280,179,268,5,48,381,46,33,23,150,351
280,29,2,0,17,186,131,104,23,150,351
280,29,2,12,58,24,0,175,258,215,351
280,179,45,19,11,40,23,41,28,215,351
280,179,17,76,19,11,5,0,23,150,351
280,179,45,19,11,40,23,144,28,215,351
280,179,17,76,19,11,32,376,172,215,351
280,179,17,76,19,11,5,13,23,150,351
280,179,45,19,11,40,23,175,258,215,351
280,179,17,76,19,11,49,46,28,215,351
280,179,17,76,19,11,32,145,28,215,351
280,179,17,76,19,11,5,15,28,215,351
280,179,17,76,19,11,45,132,172,215,351
280,179,17,76,19,11,32,178,23,150,351
280,179,17,76,19,11,5,51,172,215,351
280,179,17,76,19,11,3,0,23,150,351
280,179,45,11,3,47,123,13,23,150,351
280,179,17,76,19,11,3,13,23,150,351
280,29,2,14,3,1,431,490,104,150,351
280,179,17,76,19,11,3,59,28,215,351
280,29,2,14,3,1,441,131,104,150,351
280,179,17,76,19,11,3,98,28,215,351
280,29,2,14,3,1,5,0,23,150,351
280,29,2,322,398,206,246,16,104,150,351
280,29,2,14,3,1,111,90,28,215,351
280,29,2,14,3,1,5,11,28,215,351
280,29,2,14,3,1,7,0,23,150,351
280,29,2,14,3,1,111,203,266,215,351
280,29,2,14,3,1,5,13,23,150,351
280,29,2,14,3,1,35,33,23,150,351
280,29,2,14,3,1,7,33,23,150,351
280,29,2,14,3,1,5,15,28,215,351
280,29,2,14,3,1,475,11,28,215,351
280,29,2,14,3,1,7,265,23,150,351
280,29,2,14,3,1,5,51,172,215,351
280,179,45,11,3,47,16,104,23,150,351
280,179,45,11,3,47,16,15,28,215,351
280,179,45,92,167,17,0,175,258,215,351
280,179,45,11,3,47,16,183,28,215,351
280,179,268,5,48,7,33,46,28,215,351
280,29,2,12,139,289,82,67,28,215,351
280,179,268,5,48,7,33,131,104,150,351
280,179,45,396,25,221,186,387,28,215,351
280,29,2,12,154,47,123,13,23,150,351
280,179,17,101,28,67,13,23,104,150,351
280,29,2,12,154,47,3,0,23,150,351
280,29,2,12,139,359,69,232,23,150,351
280,179,45,11,3,1,0,175,23,150,351
280,179,45,396,25,19,24,0,23,150,351
280,179,45,396,25,19,5,11,28,215,351
280,179,17,319,45,11,28,144,23,150,351
280,29,2,12,154,47,3,11,28,215,351
280,179,45,11,3,1,0,23,104,150,351
280,179,45,11,3,1,0,175,258,215,351
280,179,45,396,25,19,294,51,172,215,351
280,179,45,396,25,19,5,13,23,150,351
280,179,17,319,45,11,28,41,23,150,351
280,29,2,12,154,47,3,13,23,150,351
280,29,2,12,154,47,16,183,28,215,351
280,179,45,11,3,4,113,15,28,215,351
280,179,45,396,25,19,69,232,23,150,351
280,179,45,396,25,19,5,15,28,215,351
280,179,45,11,3,4,0,175,23,150,351
280,29,2,12,154,47,3,59,28,215,351
280,179,45,402,472,1,7,0,23,150,351
280,179,45,396,25,19,390,15,28,215,351
280,179,45,396,25,19,5,51,172,215,351
280,179,45,11,3,4,0,175,258,215,351
280,29,2,12,154,47,3,98,28,215,351
280,179,45,402,472,1,35,33,23,150,351
280,179,45,402,472,1,7,33,23,150,351
280,179,45,396,25,19,390,424,23,150,351
280,29,26,182,125,47,16,15,28,215,351
280,179,268,5,48,61,15,16,104,150,351
280,179,45,402,472,1,69,232,23,150,351
280,179,45,402,472,1,7,265,23,150,351
280,179,17,0,5,11,28,144,23,150,351
280,29,26,182,125,47,16,183,28,215,351
280,29,2,14,3,59,28,144,23,150,351
280,179,45,402,472,1,111,203,266,215,351
280,29,2,0,17,64,23,41,28,215,351
280,179,17,0,5,11,28,41,23,150,351
280,179,17,101,28,440,11,332,104,150,351
280,29,2,14,3,59,28,41,23,150,351
280,179,45,402,472,1,236,357,23,150,351
280,179,45,402,472,1,111,90,28,215,351
280,29,2,0,17,64,23,144,28,215,351
280,179,17,101,28,358,84,419,23,150,351
280,179,17,101,28,440,11,40,23,150,351
280,179,45,402,472,1,431,490,104,150,351
280,179,45,402,472,1,5,11,28,215,351
280,29,2,0,17,64,23,175,258,215,351
280,179,17,101,28,498,3,0,23,150,351
280,179,17,101,28,46,105,300,104,150,351
280,179,45,402,472,1,441,131,104,150,351
280,179,45,402,472,1,5,13,23,150,351
280,179,17,101,28,46,33,131,104,150,351
280,179,17,101,28,387,186,131,104,150,351
280,179,17,101,28,498,3,13,23,150,351
280,179,17,101,28,46,170,33,23,150,351
280,179,45,402,472,1,475,11,28,215,351
280,179,45,402,472,1,5,15,28,215,351
280,179,17,101,28,90,111,203,266,215,351
280,179,45,11,3,4,0,23,104,150,351
280,179,17,101,28,46,130,51,172,215,351
280,179,17,101,28,46,33,23,104,150,351
280,179,45,402,472,1,5,51,172,215,351
280,179,17,101,28,356,10,16,104,150,351
280,179,45,396,25,19,11,332,104,150,351
280,179,17,101,28,46,63,203,266,215,351
280,179,45,11,3,1,15,16,104,150,351
280,179,268,5,19,69,255,11,28,215,351
280,179,17,101,28,145,32,376,172,215,351
280,179,45,396,25,19,11,440,28,215,351
280,179,17,101,28,46,417,203,266,215,351
280,179,268,5,19,69,1,0,23,150,351
280,29,2,0,1,69,19,11,28,215,351
280,179,17,101,28,59,3,0,23,150,351
280,179,17,101,28,145,32,178,23,150,351
280,29,2,233,423,132,30,16,104,150,351
280,179,268,5,19,69,1,15,28,215,351
280,29,2,0,1,69,255,11,28,215,351
280,179,17,101,28,98,3,0,23,150,351
280,179,17,101,28,59,3,13,23,150,351
280,29,2,233,423,132,45,11,28,215,351
280,29,2,233,423,132,30,36,23,150,351
280,179,268,5,19,69,1,44,23,150,351
280,179,17,101,28,98,3,13,23,150,351
280,179,268,5,12,39,28,144,23,150,351
280,179,45,402,472,1,3,11,28,215,351
280,179,45,11,3,6,17,0,23,150,351
280,179,45,11,3,6,0,175,23,150,351
280,179,45,11,3,6,0,23,104,150,351
280,179,268,5,12,39,28,41,23,150,351
280,179,45,402,472,1,3,13,23,150,351
280,179,45,11,3,6,18,453,28,215,351
280,179,45,11,3,6,17,27,23,150,351
280,179,45,11,3,6,0,175,258,215,351
280,29,2,62,7,1,431,490,104,150,351
280,179,45,402,472,1,3,59,28,215,351
280,29,2,62,7,1,5,11,28,215,351
280,179,45,11,3,6,17,64,23,150,351
280,29,2,0,1,69,232,23,104,150,351
280,29,2,62,7,1,111,90,28,215,351
280,179,45,402,472,1,3,98,28,215,351
280,29,2,62,7,1,5,13,23,150,351
280,179,45,11,3,6,17,101,28,215,351
280,179,17,0,380,205,411,132,172,215,351
280,29,2,62,7,1,35,33,23,150,351
280,29,2,62,7,1,111,203,266,215,351
280,29,2,62,7,1,5,15,28,215,351
280,29,2,14,371,5,15,16,104,150,351
280,29,2,62,7,1,3,11,28,215,351
280,29,2,62,7,1,441,131,104,150,351
280,179,17,0,3,11,332,104,23,150,351
280,29,2,62,7,1,5,51,172,215,351
280,179,45,396,25,3,11,332,104,150,351
280,29,2,62,7,1,3,13,23,150,351
280,29,2,62,7,1,69,232,23,150,351
280,179,45,11,3,1,236,357,23,150,351
280,179,268,5,1,57,31,13,23,150,351
280,179,45,396,25,3,11,440,28,215,351
280,29,2,62,7,1,3,59,28,215,351
280,29,2,62,7,1,236,357,23,150,351
280,179,45,11,3,1,69,232,23,150,351
280,179,268,5,1,57,31,16,104,150,351
280,29,2,62,149,120,10,16,104,150,351
280,29,2,62,7,1,3,98,28,215,351
280,29,2,62,7,1,475,11,28,215,351
280,179,45,11,3,1,431,490,104,150,351
280,179,45,11,3,1,44,23,104,150,351
280,29,2,62,353,240,105,46,28,215,351
280,29,2,62,149,120,35,33,23,150,351
280,29,2,62,149,120,10,356,28,215,351
280,179,45,11,3,1,441,131,104,150,351
280,29,2,12,425,220,1,0,23,150,351
280,29,2,62,353,442,5,15,28,215,351
280,29,2,62,353,240,105,300,104,150,351
280,29,2,12,115,20,7,0,23,150,351
280,179,45,11,3,1,5,0,23,150,351
280,29,2,12,208,166,45,11,28,215,351
280,29,2,12,425,220,1,15,28,215,351
280,29,2,62,353,442,5,0,23,150,351
280,29,2,12,115,20,19,11,28,215,351
280,29,2,12,115,20,7,33,23,150,351
280,179,45,11,3,1,111,90,28,215,351
280,179,45,11,3,1,5,13,23,150,351
280,29,2,12,458,173,6,0,23,150,351
280,29,2,12,208,166,35,33,23,150,351
280,29,2,12,208,166,45,132,172,215,351
280,29,2,12,425,220,1,44,23,150,351
280,29,2,62,353,442,5,11,28,215,351
280,29,2,12,115,20,72,404,28,215,351
280,29,2,12,115,20,7,265,23,150,351
280,179,45,11,3,1,7,0,23,150,351
280,179,45,11,3,1,111,203,266,215,351
280,179,45,11,3,1,5,15,28,215,351
280,29,2,12,458,173,202,206,23,150,351
280,29,2,12,425,220,1,57,465,150,351
280,29,2,62,353,442,5,13,23,150,351
280,29,2,12,115,20,202,206,23,150,351
280,179,45,11,3,1,35,33,23,150,351
280,179,45,11,3,1,7,33,23,150,351
280,179,45,11,3,1,5,51,172,215,351
280,29,2,62,353,442,5,51,172,215,351
280,29,2,12,115,20,204,44,23,150,351
280,29,2,12,115,20,30,36,23,150,351
280,179,45,11,3,1,7,265,23,150,351
280,179,45,11,3,452,448,206,23,150,351
280,29,2,12,245,24,298,44,23,150,351
280,29,2,12,115,20,269,51,172,215,351
280,29,2,62,103,17,0,175,23,150,351
280,29,2,12,245,24,0,175,258,215,351
280,179,17,0,3,11,5,51,172,215,351
280,29,2,12,115,20,30,132,172,215,351
280,29,2,0,1,3,11,440,28,215,351
280,179,45,11,3,9,32,178,23,150,351
280,179,268,5,48,7,0,175,23,150,351
280,29,2,62,103,17,0,23,104,150,351
280,29,2,62,103,17,0,175,258,215,351
280,179,268,5,291,136,28,41,23,150,351
280,179,17,0,3,11,32,145,28,215,351
280,179,17,0,3,11,5,13,23,150,351
280,179,17,27,23,0,1,15,28,215,351
280,179,45,11,3,8,1,15,28,215,351
280,179,45,11,3,9,1,57,465,150,351
280,179,45,11,3,9,32,145,28,215,351
280,179,268,5,48,7,0,175,258,215,351
280,179,268,5,48,7,1,57,465,150,351
280,179,17,0,3,11,45,132,172,215,351
280,179,17,0,3,11,32,178,23,150,351
280,179,17,0,3,11,5,15,28,215,351
280,179,17,27,23,0,3,498,28,215,351
280,179,17,27,23,0,1,57,465,150,351
280,179,45,11,3,281,38,401,23,150,351
280,179,45,11,3,8,10,356,28,215,351
280,179,45,11,3,8,1,0,23,150,351
280,179,45,11,3,9,38,401,23,150,351
280,179,45,11,3,9,1,0,23,150,351
280,179,45,11,3,9,32,376,172,215,351
280,29,2,12,139,11,40,23,104,150,351
280,179,268,5,48,7,459,424,23,150,351
280,179,268,5,48,7,1,0,23,150,351
280,179,17,0,3,11,49,46,28,215,351
280,179,17,0,3,11,32,376,172,215,351
280,179,17,27,23,0,5,51,172,215,351
280,179,17,27,23,0,3,11,28,215,351
280,179,45,11,3,290,60,33,23,150,351
280,179,45,11,3,8,148,0,23,150,351
280,179,45,11,3,8,10,16,104,150,351
280,179,45,11,3,8,1,44,23,150,351
280,179,45,11,3,9,176,33,23,150,351
280,179,45,11,3,9,1,15,28,215,351
280,179,45,164,1,57,31,16,104,150,351
280,179,268,5,48,7,1,15,28,215,351
280,29,2,12,5,473,33,46,28,215,351
280,179,17,27,23,0,160,51,172,215,351
280,179,17,27,23,0,5,11,28,215,351
280,179,17,27,23,0,3,59,28,215,351
280,29,2,12,5,473,33,23,104,150,351
280,179,45,11,3,372,253,13,23,150,351
280,179,17,364,51,136,158,15,28,215,351
280,29,2,10,91,306,13,23,104,150,351
280,179,17,34,0,1,44,23,104,150,351
280,179,268,5,0,23,33,46,28,215,351
280,179,45,11,3,8,1,57,465,150,351
280,179,45,11,3,9,282,132,172,215,351
280,179,268,5,19,24,0,175,258,215,351
280,179,45,11,3,9,1,44,23,150,351
280,29,2,14,3,98,28,144,23,150,351
280,29,26,8,87,63,163,46,28,215,351
280,29,26,8,87,63,106,41,28,215,351
280,179,268,5,48,7,1,44,23,150,351
280,29,2,12,5,473,33,131,104,150,351
280,179,17,101,126,427,7,33,23,150,351
280,29,26,8,87,63,17,64,23,150,351
280,179,17,27,23,0,5,15,28,215,351
280,179,17,27,23,40,11,332,104,150,351
280,179,17,27,23,0,3,98,28,215,351
280,29,2,10,91,306,13,67,28,215,351
280,29,2,12,5,48,337,23,104,150,351
280,179,45,470,20,19,24,0,23,150,351
280,179,45,11,3,287,1,15,28,215,351
280,179,45,470,20,19,5,11,28,215,351
280,29,2,12,5,1,0,175,23,150,351
280,179,268,5,0,23,40,11,28,215,351
280,179,268,5,0,23,33,131,104,150,351
280,29,2,12,5,1,0,23,104,150,351
280,179,17,27,23,36,30,16,104,150,351
280,179,45,11,3,9,292,46,28,215,351
280,179,45,470,20,19,11,332,104,150,351
280,179,17,27,23,13,31,16,104,150,351
280,29,2,14,3,98,28,41,23,150,351
280,179,45,19,20,7,0,175,258,215,351
280,179,17,34,0,5,13,67,28,215,351
280,179,17,101,126,5,0,175,23,150,351
280,179,17,101,126,5,0,23,104,150,351
280,179,45,251,24,73,12,39,28,215,351
280,179,17,101,126,409,177,13,23,150,351
280,179,17,101,126,427,7,0,23,150,351
280,179,45,251,24,58,12,90,28,215,351
280,29,26,8,87,63,17,101,28,215,351
280,179,268,5,433,46,28,144,23,150,351
280,29,2,62,7,265,23,41,28,215,351
280,29,2,12,5,436,383,23,104,150,351
280,179,17,27,23,40,11,440,28,215,351
280,29,2,12,5,48,7,265,23,150,351
280,29,26,320,13,31,494,16,104,150,351
280,29,2,12,5,48,51,136,28,215,351
280,179,45,470,20,7,33,131,104,150,351
280,179,45,470,20,19,294,51,172,215,351
280,179,17,364,51,136,28,144,23,150,351
280,179,17,34,0,50,44,23,104,150,351
280,29,2,0,7,33,23,144,28,215,351
280,179,45,11,3,392,1,15,28,215,351
280,179,45,11,3,287,323,27,23,150,351
280,179,45,11,3,287,1,0,23,150,351
280,29,2,12,5,1,15,16,104,150,351
280,179,45,470,20,19,5,13,23,150,351
280,179,268,5,436,451,418,244,28,215,351
280,179,268,5,19,45,11,332,104,150,351
280,29,2,12,5,1,0,175,258,215,351
280,179,268,5,0,23,13,67,28,215,351
280,179,17,6,18,453,28,144,23,150,351
280,179,268,5,436,383,380,0,23,150,351
280,29,2,12,5,18,6,0,23,150,351
280,179,17,0,7,20,204,44,23,150,351
280,179,17,0,7,37,259,11,28,215,351
280,179,17,0,7,37,299,144,23,150,351
280,179,17,27,23,206,246,16,104,150,351
280,179,17,27,23,36,30,132,172,215,351
280,29,26,125,142,30,16,15,28,215,351
280,179,17,27,23,33,170,46,28,215,351
280,179,45,11,3,9,316,0,23,150,351
280,179,17,0,7,22,428,51,172,215,351
280,179,45,470,20,19,11,440,28,215,351
280,179,17,27,23,13,3,498,28,215,351
280,29,26,182,125,47,3,498,28,215,351
280,179,45,85,52,46,28,144,23,150,351
280,179,17,34,0,56,44,23,104,150,351
280,179,17,76,19,24,0,175,23,150,351
280,29,2,12,5,1,44,23,104,150,351
280,179,17,0,7,22,1,44,23,150,351
280,179,17,27,23,13,31,57,465,150,351
280,179,17,101,126,5,0,175,258,215,351
280,179,45,251,24,245,12,39,28,215,351
280,29,2,12,5,1,3,498,28,215,351
280,29,2,12,5,19,69,232,23,150,351
280,179,45,470,20,7,0,175,258,215,351
280,179,45,251,24,73,84,419,23,150,351
280,179,45,251,24,73,12,90,28,215,351
280,179,268,5,19,20,72,404,28,215,351
280,179,17,101,126,409,177,51,172,215,351
280,179,17,101,126,427,7,265,23,150,351
280,29,2,12,5,19,11,40,23,150,351
280,179,268,5,19,25,3,0,23,150,351
280,29,2,0,5,433,46,33,23,150,351
280,179,17,76,19,24,298,44,23,150,351
280,179,268,5,19,45,168,13,23,150,351
280,179,268,5,433,46,28,41,23,150,351
280,29,2,62,7,265,23,144,28,215,351
280,179,17,76,19,24,0,23,104,150,351
280,29,2,12,5,48,61,15,28,215,351
280,29,2,12,5,48,7,0,23,150,351
280,179,17,186,221,25,3,11,28,215,351
280,29,26,21,1,7,0,175,23,150,351
280,179,45,470,20,19,69,232,23,150,351
280,29,26,125,142,30,16,104,23,150,351
280,179,17,364,51,136,28,41,23,150,351
280,29,26,21,1,7,0,23,104,150,351
280,29,2,0,7,33,23,175,258,215,351
280,179,268,5,48,7,0,23,104,150,351
280,179,17,186,131,33,170,46,28,215,351
280,29,26,320,13,23,33,131,104,150,351
280,179,45,11,3,14,2,0,23,150,351
280,179,45,11,3,392,1,0,23,150,351
280,179,45,11,3,287,1,44,23,150,351
280,179,45,470,20,19,5,15,28,215,351
280,29,2,0,143,124,30,132,172,215,351
280,29,2,0,143,274,44,23,104,150,351
280,179,45,92,78,1,0,175,258,215,351
280,179,268,5,19,45,11,440,28,215,351
280,29,26,21,1,35,110,248,28,215,351
280,29,26,8,1,15,28,41,23,150,351
280,29,26,21,1,35,33,46,28,215,351
280,179,17,6,18,453,28,41,23,150,351
280,179,17,34,0,5,11,40,23,150,351
280,179,17,76,19,5,11,40,23,150,351
280,29,26,21,1,35,33,23,104,150,351
280,179,17,0,7,478,130,51,172,215,351
280,179,17,0,7,20,30,16,104,150,351
280,29,26,21,1,7,33,46,28,215,351
280,29,26,21,1,7,33,23,104,150,351
280,29,2,379,45,85,283,407,28,215,351
280,179,17,34,0,5,13,23,104,150,351
280,29,2,12,5,0,1,57,465,150,351
280,29,2,379,45,85,52,46,28,215,351
280,179,17,27,23,44,366,51,172,215,351
280,29,2,12,5,291,136,51,172,215,351
280,29,26,125,142,30,16,183,28,215,351
280,29,2,10,8,3,11,40,23,150,351
280,29,2,12,241,11,5,0,23,150,351
280,29,26,182,125,142,30,132,172,215,351
280,179,17,34,0,5,60,33,23,150,351
280,179,268,5,18,453,28,144,23,150,351
280,29,26,21,1,69,232,23,104,150,351
280,29,2,12,241,11,3,0,23,150,351
280,29,2,0,1,5,11,440,28,215,351
280,179,17,27,23,13,305,203,266,215,351
280,179,17,27,23,13,3,11,28,215,351
280,29,26,21,1,7,48,337,23,150,351
280,29,26,182,125,47,123,13,23,150,351
280,29,26,182,125,47,3,0,23,150,351
280,179,45,85,52,46,28,41,23,150,351
280,29,26,21,1,69,19,11,28,215,351
280,29,26,21,1,7,265,23,104,150,351
280,179,17,76,19,24,0,175,258,215,351
280,29,2,12,5,433,46,33,23,150,351
280,29,2,0,5,11,32,145,28,215,351
280,179,45,251,24,261,84,419,23,150,351
280,179,45,251,24,245,12,90,28,215,351
280,29,2,12,5,1,475,11,28,215,351
280,179,17,34,0,160,51,136,28,215,351
280,179,17,186,439,460,241,11,28,215,351
280,29,26,225,6,17,0,175,23,150,351
280,29,2,0,5,11,3,13,23,150,351
280,29,2,12,5,1,3,0,23,150,351
280,29,2,12,5,19,24,0,23,150,351
280,29,26,225,6,17,0,23,104,150,351
280,29,26,8,83,220,1,44,23,150,351
280,179,45,251,24,73,279,40,23,150,351
280,29,2,12,5,0,175,23,104,150,351
280,29,2,379,45,192,72,404,28,215,351
280,179,45,251,24,73,84,358,28,215,351
280,29,2,379,45,164,1,0,23,150,351
280,179,268,5,19,54,30,36,23,150,351
280,179,268,5,19,20,7,0,23,150,351
280,29,26,344,157,5,11,40,23,150,351
280,29,26,21,1,5,11,40,23,150,351
280,29,2,62,7,48,381,46,28,215,351
280,29,2,12,5,19,11,332,104,150,351
280,29,26,225,6,3,0,175,23,150,351
280,179,268,5,19,25,3,11,28,215,351
280,29,2,12,5,60,449,332,104,150,351
280,29,2,62,7,48,5,13,23,150,351
280,179,17,0,3,59,28,144,23,150,351
280,29,26,225,6,3,0,23,104,150,351
280,29,2,12,5,0,23,41,28,215,351
280,29,2,12,5,60,33,23,104,150,351
280,179,268,5,19,45,402,376,172,215,351
280,179,45,19,54,30,16,183,28,215,351
280,29,2,12,5,60,33,46,28,215,351
280,29,26,8,10,356,28,41,23,150,351
280,29,2,62,7,265,23,175,258,215,351
280,29,26,21,1,236,60,33,23,150,351
280,29,2,12,5,48,381,46,28,215,351
280,29,2,0,380,383,23,41,28,215,351
280,29,26,21,1,236,357,23,104,150,351
280,179,45,212,24,73,12,39,28,215,351
280,29,2,12,5,48,7,33,23,150,351
280,29,26,21,1,111,385,33,23,150,351
280,179,45,212,24,58,12,90,28,215,351
280,179,17,186,321,55,47,16,104,150,351
280,179,17,186,221,314,264,136,28,215,351
280,179,17,186,221,25,19,11,28,215,351
280,179,17,186,221,25,3,0,23,150,351
280,29,2,0,1,9,3,498,28,215,351
280,29,26,21,1,7,0,175,258,215,351
280,29,2,0,1,8,10,356,28,215,351
280,179,45,470,20,19,390,15,28,215,351
280,179,17,34,0,1,15,16,104,150,351
280,179,268,5,12,90,28,144,23,150,351
280,29,26,21,1,5,13,67,28,215,351
280,29,2,0,1,8,3,11,28,215,351
280,29,26,21,1,5,13,23,104,150,351
280,29,2,0,7,33,23,41,28,215,351
280,29,2,12,5,286,30,16,104,150,351
280,179,17,186,131,33,7,265,23,150,351
280,29,26,320,13,23,0,175,258,215,351
280,179,17,34,0,5,15,16,104,150,351
280,179,268,5,12,90,111,203,266,215,351
280,29,26,320,13,23,33,46,28,215,351
280,179,45,11,3,75,31,13,23,150,351
280,29,2,12,5,86,46,33,23,150,351
280,179,268,5,48,51,130,46,28,215,351
280,29,2,0,1,475,11,440,28,215,351
280,179,45,11,3,392,1,44,23,150,351
280,179,45,11,3,287,1,57,465,150,351
280,179,45,470,20,19,5,51,172,215,351
280,29,26,125,47,3,0,175,23,150,351
280,29,26,21,1,475,11,40,23,150,351
280,29,2,12,185,72,31,57,465,150,351
280,29,2,0,7,265,23,41,28,215,351
280,29,2,0,1,5,12,39,28,215,351
280,179,268,5,157,1,0,175,258,215,351
280,29,2,0,143,124,30,16,104,150,351
280,29,26,21,1,35,331,244,28,215,351
280,29,26,21,1,35,110,46,28,215,351
280,179,45,470,20,30,16,183,28,215,351
280,29,26,21,1,35,33,131,104,150,351
280,179,45,92,78,312,47,16,104,150,351
280,179,17,34,0,5,11,332,104,150,351
280,179,17,76,19,5,11,332,104,150,351
280,179,45,92,78,20,7,0,23,150,351
280,179,45,92,78,20,30,36,23,150,351
280,179,268,5,11,257,4,0,23,150,351
280,179,17,0,7,272,341,41,28,215,351
280,179,17,0,7,478,130,46,28,215,351
280,179,17,0,7,20,202,206,23,150,351
280,179,17,0,7,20,30,36,23,150,351
280,29,26,21,1,7,33,131,104,150,351
280,29,2,379,45,85,354,16,104,150,351
280,179,268,5,11,19,69,232,23,150,351
280,179,268,5,11,19,390,424,23,150,351
280,29,2,12,5,0,3,13,23,150,351
280,29,2,12,5,0,1,15,28,215,351
280,179,268,5,51,160,0,175,258,215,351
280,179,17,27,23,419,84,358,28,215,351
280,179,17,27,23,44,1,15,28,215,351
280,29,26,125,47,3,6,0,23,150,351
280,29,26,21,1,3,11,40,23,150,351
280,29,26,125,47,3,1,15,28,215,351
280,29,2,10,8,3,11,332,104,150,351
280,29,2,12,241,11,32,178,23,150,351
280,29,2,12,241,11,5,13,23,150,351
280,29,26,182,125,142,30,16,104,150,351
280,179,17,34,0,5,1,15,28,215,351
280,179,45,470,20,7,48,337,23,150,351
280,179,45,470,20,7,1,0,23,150,351
280,179,268,5,18,453,28,41,23,150,351
280,29,2,12,241,11,3,13,23,150,351
280,29,26,320,13,5,11,440,28,215,351
280,179,17,27,23,13,5,11,28,215,351
280,179,17,27,23,13,3,59,28,215,351
280,29,26,21,1,7,459,424,23,150,351
280,179,17,34,0,3,1,57,465,150,351
280,179,268,5,1,15,28,144,23,150,351
280,179,45,11,3,0,1,57,465,150,351
280,29,2,10,16,15,28,41,23,150,351
280,29,26,21,1,7,48,51,172,215,351
280,179,17,0,1,431,190,33,23,150,351
280,29,26,182,125,47,3,11,28,215,351
280,179,17,0,1,431,490,104,23,150,351
280,29,26,21,140,33,7,0,23,150,351
280,29,26,21,1,69,255,11,28,215,351
280,29,2,0,7,1,44,23,104,150,351
280,29,26,21,140,33,131,104,23,150,351
280,29,2,0,5,11,45,132,172,215,351
280,29,2,0,5,11,32,178,23,150,351
280,179,17,76,19,11,332,104,23,150,351
280,29,2,14,3,0,1,57,465,150,351
280,179,268,5,19,11,32,376,172,215,351
280,179,45,251,24,272,341,41,23,150,351
280,179,45,251,24,261,84,358,28,215,351
280,29,26,21,1,3,13,67,28,215,351
280,179,268,5,19,11,3,0,23,150,351
280,29,26,125,47,123,13,67,28,215,351
280,179,17,0,56,44,1,57,465,150,351
280,179,45,11,28,41,400,203,266,215,351
280,179,45,11,3,0,175,23,104,150,351
280,29,26,21,1,3,13,23,104,150,351
280,29,2,12,5,1,431,490,104,150,351
280,179,268,5,363,74,31,57,465,150,351
280,179,268,5,270,483,105,46,28,215,351
280,179,17,0,1,441,131,33,23,150,351
280,179,268,5,270,9,1,57,465,150,351
280,29,26,225,6,17,0,175,258,215,351
280,179,17,0,1,441,131,104,23,150,351
280,29,2,0,5,11,3,59,28,215,351
280,29,2,12,5,1,3,11,28,215,351
280,29,2,14,3,0,175,23,104,150,351
280,179,268,5,86,46,33,131,104,150,351
280,179,45,151,42,4,113,15,28,215,351
280,29,2,12,5,19,390,424,23,150,351
280,179,45,151,42,4,3,0,23,150,351
280,179,268,5,86,46,49,11,28,215,351
280,29,26,8,83,220,1,57,465,150,351
280,179,268,5,86,46,33,23,104,150,351
280,29,2,0,50,44,23,41,28,215,351
280,179,17,34,0,3,13,23,104,150,351
280,179,45,11,32,145,28,41,23,150,351
280,29,2,379,45,189,12,39,28,215,351
280,29,2,379,45,192,384,131,104,150,351
280,179,268,5,51,48,61,15,28,215,351
280,29,2,379,45,164,1,44,23,150,351
280,179,17,6,3,11,28,144,23,150,351
280,179,17,186,131,33,23,41,28,215,351
280,179,268,5,51,48,7,0,23,150,351
280,179,268,5,19,76,17,101,28,215,351
280,179,268,5,19,54,30,16,104,150,351
280,29,2,12,241,11,40,23,104,150,351
280,179,268,5,19,20,30,132,172,215,351
280,179,268,5,19,20,7,33,23,150,351
280,179,17,0,50,71,304,206,23,150,351
280,29,2,379,45,19,5,0,23,150,351
280,29,26,320,13,5,1,0,23,150,351
280,29,26,344,157,5,11,332,104,150,351
280,29,26,21,1,5,11,332,104,150,351
280,179,17,0,1,7,265,23,104,150,351
280,179,268,5,161,355,45,11,28,215,351
280,29,2,379,45,19,11,40,23,150,351
280,179,268,5,161,227,1,0,23,150,351
280,29,2,12,5,19,11,440,28,215,351
280,179,17,34,38,121,33,46,28,215,351
280,29,26,225,6,3,0,175,258,215,351
280,179,268,5,19,25,3,13,23,150,351
280,29,2,14,3,11,28,144,23,150,351
280,179,17,101,28,41,23,175,258,215,351
280,29,2,0,5,11,332,104,23,150,351
280,29,26,21,1,3,47,16,104,150,351
280,29,2,10,16,47,3,11,28,215,351
280,29,2,12,5,60,230,203,266,215,351
280,29,2,62,7,48,5,15,28,215,351
280,179,17,34,38,121,33,23,104,150,351
280,179,17,0,5,48,381,46,28,215,351
280,179,17,0,3,59,28,41,23,150,351
280,29,2,12,5,0,23,144,28,215,351
280,179,45,11,3,0,23,41,28,215,351
280,179,17,0,1,3,11,40,23,150,351
280,179,17,0,1,7,48,337,23,150,351
280,29,2,10,16,31,80,46,28,215,351
280,29,2,12,5,60,33,131,104,150,351
280,29,26,125,47,71,137,181,28,215,351
280,179,17,0,1,7,33,46,28,215,351
280,179,17,0,1,7,33,23,104,150,351
280,29,2,0,380,383,23,144,28,215,351
280,179,17,34,38,9,1,15,28,215,351
280,179,45,212,24,245,12,39,28,215,351
280,179,17,34,38,165,46,33,23,150,351
280,179,45,212,24,73,84,419,23,150,351
280,179,45,212,24,73,12,90,28,215,351
280,179,17,6,0,175,23,41,28,215,351
280,179,268,5,291,136,158,15,28,215,351
280,179,268,5,51,294,19,11,28,215,351
280,179,268,5,51,364,17,27,23,150,351
280,179,45,212,24,0,23,41,28,215,351
280,179,45,212,24,19,5,0,23,150,351
280,179,17,0,1,5,13,67,28,215,351
280,179,45,151,42,4,0,175,258,215,351
280,179,17,34,0,143,274,44,23,150,351
280,179,17,0,1,3,13,67,28,215,351
280,179,17,0,1,3,13,23,104,150,351
280,179,268,5,19,11,28,144,23,150,351
280,179,17,6,18,5,11,440,28,215,351
280,179,17,186,221,25,3,13,23,150,351
280,29,2,0,1,392,3,498,28,215,351
280,29,2,0,1,9,38,401,23,150,351
280,29,2,0,1,9,3,11,28,215,351
280,29,2,0,1,8,10,16,104,150,351
280,179,45,470,20,19,390,424,23,150,351
280,179,17,34,38,401,23,41,28,215,351
280,179,268,5,12,90,28,41,23,150,351
280,179,45,212,24,19,11,40,23,150,351
280,179,45,85,354,16,30,36,23,150,351
280,29,2,0,1,8,3,13,23,150,351
280,29,26,125,47,123,13,23,104,150,351
280,179,45,11,40,153,33,46,28,215,351
280,179,17,0,1,35,33,46,28,215,351
280,29,2,12,5,362,299,144,23,150,351
280,29,2,12,5,286,30,36,23,150,351
280,179,17,0,1,35,110,248,28,215,351
280,179,45,151,42,6,0,175,258,215,351
280,179,17,186,131,33,153,40,23,150,351
280,179,17,186,131,33,7,0,23,150,351
280,29,26,320,13,23,40,11,28,215,351
280,179,17,0,1,35,33,23,104,150,351
280,29,26,21,1,431,190,33,23,150,351
280,179,17,0,1,5,11,40,23,150,351
280,179,268,5,1,7,33,131,104,150,351
280,179,17,0,5,19,11,440,28,215,351
280,179,45,11,3,250,370,203,266,215,351
280,179,45,11,40,153,33,23,104,150,351
280,29,2,10,16,30,36,23,104,150,351
280,179,45,11,3,75,31,16,104,150,351
280,179,17,0,5,19,294,51,172,215,351
280,179,17,0,5,19,390,15,28,215,351
280,179,268,5,48,51,160,0,23,150,351
280,179,17,0,1,5,13,23,104,150,351
280,29,26,21,1,5,15,16,104,150,351
280,179,45,19,5,13,3,498,28,215,351
280,179,17,0,5,371,466,424,23,150,351
280,179,45,11,3,392,1,57,465,150,351
280,179,45,360,37,43,38,401,23,150,351
280,179,17,0,5,362,299,144,28,215,351
280,179,45,319,17,186,131,33,23,150,351
280,29,26,125,47,3,0,175,258,215,351
280,179,17,0,5,286,30,132,172,215,351
280,29,26,21,1,475,11,332,104,150,351
280,179,45,319,17,186,131,104,23,150,351
280,179,45,319,17,63,106,41,23,150,351
280,179,17,6,18,5,48,51,172,215,351
280,29,2,12,185,72,31,13,23,150,351
280,179,17,6,18,5,12,90,28,215,351
280,29,2,0,7,265,23,144,28,215,351
280,179,45,319,17,63,46,33,23,150,351
280,179,17,6,18,5,1,15,28,215,351
280,29,2,0,1,5,18,453,28,215,351
280,29,2,0,1,5,12,90,28,215,351
280,179,268,5,15,113,4,0,23,150,351
280,29,2,0,143,124,30,36,23,150,351
280,29,26,182,125,47,16,104,23,150,351
280,179,45,85,244,331,35,33,23,150,351
280,179,268,5,1,44,50,0,23,150,351
280,179,268,5,15,61,48,51,172,215,351
280,179,268,5,15,61,105,46,28,215,351
280,179,45,360,37,299,144,23,104,150,351
280,179,268,5,15,1,431,490,104,150,351
280,179,17,34,0,5,11,440,28,215,351
280,179,17,186,387,28,144,23,104,150,351
280,179,45,19,5,13,23,41,28,215,351
280,179,17,76,19,5,11,440,28,215,351
280,179,45,92,78,20,19,11,28,215,351
280,179,17,0,1,5,15,16,104,150,351
280,179,45,92,78,20,7,33,23,150,351
280,179,45,92,78,20,30,132,172,215,351
280,29,26,21,1,431,490,104,23,150,351
280,179,268,5,11,139,348,248,28,215,351
280,179,17,186,131,441,1,44,23,150,351
280,179,17,0,7,427,126,101,28,215,351
280,179,17,0,7,272,341,41,23,150,351
280,29,26,21,1,5,51,136,28,215,351
280,29,2,12,5,11,40,23,104,150,351
280,179,45,319,17,76,19,11,28,215,351
280,179,45,319,17,364,51,136,28,215,351
280,179,45,132,426,100,414,337,23,150,351
280,179,17,0,7,20,72,404,28,215,351
280,179,17,0,7,20,30,132,172,215,351
280,179,45,132,282,9,1,57,465,150,351
280,179,45,132,282,9,3,0,23,150,351
280,179,268,5,11,19,24,0,23,150,351
280,179,45,319,17,186,439,33,23,150,351
280,179,45,19,25,3,6,0,23,150,351
280,29,2,12,5,0,160,51,172,215,351
280,29,2,12,5,0,3,11,28,215,351
280,179,17,0,1,97,420,175,258,215,351
280,179,45,19,25,3,1,15,28,215,351
280,29,2,12,5,0,1,44,23,150,351
280,179,17,0,1,475,11,40,23,150,351
280,179,17,27,23,178,32,11,28,215,351
280,29,26,320,13,3,11,440,28,215,351
280,179,17,34,152,1,0,175,23,150,351
280,179,17,0,1,111,385,33,23,150,351
280,179,45,19,76,17,63,203,266,215,351
280,179,17,27,23,44,1,57,465,150,351
280,29,26,125,47,3,346,248,28,215,351
280,179,17,0,1,5,433,46,28,215,351
280,29,26,21,1,3,11,332,104,150,351
280,29,26,125,47,3,1,44,23,150,351
280,29,2,322,325,44,23,175,258,215,351
280,29,2,10,8,3,11,440,28,215,351
280,179,17,34,152,1,0,23,104,150,351
280,179,17,0,1,5,51,136,28,215,351
280,179,45,151,42,6,17,0,23,150,351
280,29,2,12,241,11,45,132,172,215,351
280,29,2,12,241,11,32,145,28,215,351
280,179,45,151,42,6,3,0,23,150,351
280,29,2,12,241,11,5,15,28,215,351
280,29,26,182,125,142,30,36,23,150,351
280,179,17,0,1,3,47,16,104,150,351
280,29,2,62,103,17,63,203,266,215,351
280,179,17,34,0,5,433,46,28,215,351
280,179,17,34,0,5,1,44,23,150,351
280,179,45,470,20,7,459,424,23,150,351
280,179,45,470,20,7,48,51,172,215,351
280,179,45,11,5,13,3,498,28,215,351
280,29,26,21,1,441,131,33,23,150,351
280,29,2,12,39,28,11,40,23,150,351
280,179,268,5,1,69,255,11,28,215,351
280,179,45,470,20,7,1,15,28,215,351
280,179,17,6,0,5,11,40,23,150,351
280,29,2,12,241,11,3,59,28,215,351
280,179,17,27,23,13,177,51,172,215,351
280,179,17,27,23,13,5,51,172,215,351
280,29,2,12,90,111,1,0,23,150,351
280,179,17,6,0,3,11,40,23,150,351
280,179,17,27,23,13,3,98,28,215,351
280,29,2,0,4,3,11,440,28,215,351
280,179,17,34,0,3,47,16,104,150,351
280,179,17,6,0,1,69,232,23,150,351
280,179,17,34,0,3,1,15,28,215,351
280,179,268,5,1,15,28,41,23,150,351
280,179,45,11,3,0,17,101,28,215,351
280,179,45,11,3,0,1,15,28,215,351
280,29,26,21,1,441,131,104,23,150,351
280,29,2,12,39,28,41,23,104,150,351
280,179,17,6,0,1,44,23,104,150,351
280,179,268,5,1,7,459,424,23,150,351
280,29,26,182,125,47,3,13,23,150,351
280,179,268,5,1,7,48,51,172,215,351
280,29,26,21,140,33,153,40,23,150,351
280,29,26,21,140,33,7,265,23,150,351
280,29,26,21,1,5,433,46,28,215,351
280,179,17,6,0,50,44,23,104,150,351
280,29,26,320,13,3,4,0,23,150,351
280,179,45,11,3,13,5,15,28,215,351
280,29,2,0,5,11,49,46,28,215,351
280,179,17,6,0,5,13,67,28,215,351
280,29,26,320,13,3,1,15,28,215,351
280,29,2,0,5,11,32,376,172,215,351
280,179,17,34,0,3,13,67,28,215,351
280,179,17,34,0,380,383,23,104,150,351
280,179,17,6,3,4,113,15,28,215,351
280,29,2,14,3,13,23,41,28,215,351
280,29,26,21,1,15,390,424,23,150,351
280,179,17,6,0,5,13,23,104,150,351
280,29,2,0,4,257,11,440,28,215,351
280,29,2,14,3,0,5,51,172,215,351
280,29,2,14,3,0,1,15,28,215,351
280,179,268,5,19,11,49,46,28,215,351
280,179,268,5,19,11,32,145,28,215,351
280,179,268,5,1,8,3,498,28,215,351
280,179,268,5,1,97,80,46,28,215,351
280,179,45,251,24,285,32,178,23,150,351
280,179,45,251,24,272,7,0,23,150,351
280,179,45,251,24,272,341,41,28,215,351
280,179,268,5,1,97,420,175,23,150,351
280,29,26,21,1,15,16,183,28,215,351
280,179,45,92,167,17,34,0,23,150,351
280,179,268,5,19,11,3,13,23,150,351
280,179,17,0,56,44,366,51,172,215,351
280,29,26,21,1,15,16,104,23,150,351
280,179,17,0,56,44,1,15,28,215,351
280,179,17,6,0,56,44,23,104,150,351
280,179,17,0,7,48,381,46,28,215,351
280,179,45,132,30,36,23,41,28,215,351
280,179,45,11,5,60,449,332,104,150,351
280,179,17,0,7,48,5,15,28,215,351
280,29,2,12,5,1,441,131,104,150,351
280,179,268,5,309,272,7,33,23,150,351
280,179,268,5,363,74,94,0,23,150,351
280,179,268,5,363,74,31,13,23,150,351
280,179,268,5,270,483,105,300,104,150,351
280,179,17,6,0,5,15,16,104,150,351
280,179,268,5,270,9,3,498,28,215,351
280,179,268,5,270,9,1,0,23,150,351
280,179,17,34,0,7,33,23,104,150,351
280,29,26,21,118,11,332,104,23,150,351
280,29,2,0,5,11,3,98,28,215,351
280,29,2,14,3,0,23,41,28,215,351
280,29,2,12,5,1,3,13,23,150,351
280,179,17,6,0,7,33,46,28,215,351
280,29,2,12,5,51,160,0,23,150,351
280,179,17,6,0,7,33,23,104,150,351
280,179,45,151,42,4,257,11,28,215,351
280,179,268,5,51,136,28,144,23,150,351
280,179,45,11,5,60,33,46,28,215,351
280,179,17,6,0,5,60,33,23,150,351
280,179,17,6,0,5,51,136,28,215,351
280,179,17,0,175,23,13,67,28,215,351
280,29,2,12,5,19,45,11,28,215,351
280,29,2,12,5,19,390,15,28,215,351
280,179,45,151,42,4,3,11,28,215,351
280,179,17,6,0,3,346,248,28,215,351
280,179,268,5,86,46,52,481,28,215,351
280,29,2,10,16,104,332,11,28,215,351
280,179,45,11,5,60,33,23,104,150,351
280,179,17,103,434,385,111,203,266,215,351
280,29,2,0,50,44,23,144,28,215,351
280,179,17,103,434,385,33,46,28,215,351
280,179,17,6,0,160,51,136,28,215,351
280,179,45,212,495,493,48,337,23,150,351
280,29,2,379,45,109,361,11,28,215,351
280,29,2,379,45,189,12,90,28,215,351
280,29,26,389,145,32,11,332,104,150,351
280,179,268,5,51,48,381,46,28,215,351
280,179,268,5,48,61,105,46,28,215,351
280,179,17,103,434,385,33,23,104,150,351
280,179,17,6,0,7,1,44,23,150,351
280,29,2,379,45,164,1,57,465,150,351
280,179,17,6,0,7,265,23,104,150,351
280,179,45,19,20,78,1,15,28,215,351
280,179,17,6,3,11,28,41,23,150,351
280,179,45,19,20,21,1,57,465,150,351
280,179,17,186,131,33,23,144,28,215,351
280,29,26,21,52,349,15,16,104,150,351
280,179,45,19,20,21,52,481,28,215,351
280,179,268,5,51,48,7,33,23,150,351
280,179,45,19,5,0,1,57,465,150,351
280,179,268,5,19,313,17,101,28,215,351
280,179,268,5,19,76,162,44,23,150,351
280,179,268,5,19,76,17,0,23,150,351
280,29,26,55,79,205,411,132,172,215,351
280,179,45,19,5,0,175,23,104,150,351
280,179,268,5,19,54,30,132,172,215,351
280,179,17,6,0,143,274,44,23,150,351
280,29,26,21,84,358,28,41,23,150,351
280,179,268,5,19,20,269,51,172,215,351
280,179,45,19,20,74,31,16,104,150,351
280,179,268,5,19,20,30,16,104,150,351
280,179,268,5,19,20,7,265,23,150,351
280,179,17,0,50,184,65,57,465,150,351
280,179,17,0,50,71,47,16,104,150,351
280,179,17,6,3,1,0,175,23,150,351
280,179,17,0,1,69,19,11,28,215,351
280,179,17,34,0,7,33,46,28,215,351
280,29,26,55,321,186,131,104,23,150,351
280,179,17,6,0,380,383,23,104,150,351
280,179,45,251,24,0,3,498,28,215,351
280,29,2,379,45,19,24,0,23,150,351
280,29,2,379,45,19,5,11,28,215,351
280,179,45,251,24,0,1,15,28,215,351
280,29,26,320,13,5,473,33,23,150,351
280,29,26,320,13,5,1,15,28,215,351
280,179,17,103,278,13,3,498,28,215,351
280,179,45,53,38,430,30,16,104,150,351
280,179,45,53,38,9,1,57,465,150,351
280,29,26,344,157,5,11,440,28,215,351
280,179,45,53,38,9,3,0,23,150,351
280,29,26,21,1,5,11,440,28,215,351
280,29,26,55,321,186,131,33,23,150,351
280,179,268,5,161,355,45,132,172,215,351
280,29,2,379,45,19,11,332,104,150,351
280,179,268,5,161,227,1,15,28,215,351
280,179,17,34,38,121,33,131,104,150,351
280,179,17,6,3,4,0,23,104,150,351
280,179,268,5,51,136,158,15,28,215,351
280,179,268,5,13,3,0,175,23,150,351
280,179,268,5,19,25,3,59,28,215,351
280,29,2,14,3,11,28,41,23,150,351
280,29,26,8,1,0,17,27,23,150,351
280,29,26,8,93,1,7,0,23,150,351
280,29,26,8,93,1,5,11,28,215,351
280,179,268,5,13,3,0,23,104,150,351
280,29,26,21,1,3,4,0,23,150,351
280,179,17,6,3,4,0,175,23,150,351
280,179,17,364,51,48,5,11,28,215,351
280,29,2,10,16,494,31,13,23,150,351
280,29,2,10,16,47,123,13,23,150,351
280,29,2,10,16,47,3,0,23,150,351
280,29,26,8,93,1,3,11,28,215,351
280,29,2,12,5,60,195,131,104,150,351
280,29,2,12,5,13,3,498,28,215,351
280,29,2,62,7,48,5,51,172,215,351
280,179,17,364,51,48,337,23,104,150,351
280,179,45,19,390,424,23,144,28,215,351
280,29,26,21,20,30,16,15,28,215,351
280,179,17,34,0,5,51,136,28,215,351
280,179,17,313,19,11,28,144,23,150,351
280,179,268,5,13,31,16,15,28,215,351
280,29,2,12,5,0,23,175,258,215,351
280,179,45,19,390,15,158,136,28,215,351
280,179,45,11,3,0,23,144,28,215,351
280,179,17,0,1,15,5,13,23,150,351
280,179,45,19,390,15,5,11,28,215,351
280,179,17,0,1,3,11,332,104,150,351
280,179,268,5,13,31,16,104,23,150,351
280,179,17,0,1,7,459,424,23,150,351
280,179,17,0,1,7,48,51,172,215,351
280,179,45,19,390,15,1,44,23,150,351
280,179,17,34,0,3,11,40,23,150,351
280,179,17,0,1,15,16,183,28,215,351
280,179,268,5,13,3,11,40,23,150,351
280,179,17,101,126,5,18,453,28,215,351
280,179,17,101,126,5,12,90,28,215,351
280,29,26,125,47,410,30,16,104,150,351
280,29,26,8,1,0,175,23,104,150,351
280,179,17,0,1,15,16,104,23,150,351
280,29,26,125,47,71,50,0,23,150,351
280,179,17,0,1,7,33,131,104,150,351
280,179,45,11,3,13,23,41,28,215,351
280,179,17,364,51,130,46,33,23,150,351
280,179,17,101,126,5,1,15,28,215,351
280,29,2,0,380,383,23,175,258,215,351
280,179,17,34,38,197,412,0,23,150,351
280,179,17,34,38,9,3,498,28,215,351
280,179,17,34,38,9,1,0,23,150,351
280,179,268,5,13,123,47,16,104,150,351
280,179,45,212,24,272,341,41,23,150,351
280,179,45,212,24,245,12,90,28,215,351
280,179,45,132,30,124,143,0,23,150,351
280,179,45,132,30,20,7,0,23,150,351
280,179,45,212,24,73,279,40,23,150,351
280,179,45,212,24,73,84,358,28,215,351
280,29,26,8,1,7,0,175,23,150,351
280,179,268,5,13,177,51,136,28,215,351
280,179,268,5,0,3,11,332,104,150,351
280,179,17,6,0,175,23,144,28,215,351
280,29,26,8,1,7,0,23,104,150,351
280,179,268,5,13,31,72,404,28,215,351
280,29,2,0,34,38,165,46,28,215,351
280,179,268,5,51,364,17,64,23,150,351
280,179,17,6,3,47,16,15,28,215,351
280,29,26,21,20,30,16,104,23,150,351
280,179,17,6,3,1,0,23,104,150,351
280,179,45,19,5,15,1,57,465,150,351
280,29,26,8,1,5,11,40,23,150,351
280,29,26,21,52,481,28,41,23,150,351
