39,28,41
39,12,90,28,41
39,28,144,23,41
39,12,5,11,28,41
39,28,46,63,106,41
39,12,139,11,28,41
39,28,11,40,23,41
39,28,46,33,23,41
39,12,2,0,23,41
39,12,5,0,23,41
39,12,241,11,28,41
39,12,5,13,23,41
39,28,67,13,23,41
39,12,5,15,28,41
39,28,46,163,63,106,41
39,12,5,11,40,23,41
39,12,5,1,0,23,41
39,28,46,170,33,23,41
39,12,5,11,440,28,41
39,12,5,18,453,28,41
39,12,5,1,15,28,41
39,12,90,28,144,23,41
39,12,2,10,356,28,41
39,28,46,417,203,400,41
39,12,2,0,175,23,41
39,28,46,63,203,400,41
39,12,5,19,11,28,41
39,12,5,0,175,23,41
39,12,5,1,44,23,41
39,12,90,111,203,400,41
39,12,185,72,404,28,41
39,12,2,10,91,155,41
39,12,334,10,356,28,41
39,12,139,348,248,28,41
39,12,107,7,200,207,41
39,12,334,10,91,155,41
39,12,58,24,272,341,41
39,12,107,7,0,23,41
39,12,73,24,272,341,41
39,12,58,24,0,23,41
39,12,107,7,33,23,41
39,12,492,260,0,23,41
39,12,73,84,419,23,41
39,12,73,24,0,23,41
39,12,107,7,265,23,41
39,12,189,45,11,28,41
39,12,73,279,40,23,41
39,12,73,84,358,28,41
39,12,241,11,40,23,41
39,12,139,11,40,23,41
39,12,107,7,272,341,41
39,12,245,24,0,23,41
39,12,241,11,440,28,41
39,12,139,11,440,28,41
39,12,315,260,0,23,41
39,12,245,24,272,341,41
39,28,11,332,104,23,41
39,12,5,13,67,28,41
39,12,5,473,33,23,41
39,28,15,390,424,23,41
39,28,11,32,178,23,41
39,12,5,86,231,28,41
39,28,11,5,0,23,41
39,12,5,48,337,23,41
39,12,5,86,46,28,41
39,28,11,3,0,23,41
39,28,11,5,13,23,41
39,12,5,51,136,28,41
39,28,11,3,13,23,41
39,12,5,291,136,28,41
39,28,215,258,175,23,41
39,12,5,309,272,341,41
39,28,90,111,203,400,41
39,28,215,351,150,23,41
39,12,5,433,46,28,41
39,28,440,11,40,23,41
39,28,215,266,203,400,41
39,12,5,436,383,23,41
39,28,183,16,104,23,41
39,12,5,60,33,23,41
39,28,358,84,419,23,41
39,12,5,126,101,28,41
39,28,145,32,178,23,41
39,28,15,1,0,23,41
39,28,356,10,91,155,41
39,28,15,5,0,23,41
39,28,15,1,44,23,41
39,28,59,3,0,23,41
39,28,15,16,104,23,41
39,28,15,5,13,23,41
39,28,101,17,63,106,41
39,28,59,3,13,23,41
39,28,98,3,0,23,41
39,28,101,17,0,23,41
39,28,498,3,0,23,41
39,28,98,3,13,23,41
39,28,101,17,27,23,41
39,28,498,3,13,23,41
39,28,101,17,64,23,41
39,28,11,3,0,175,23,41
39,28,11,5,309,272,341,41
39,12,139,289,82,67,28,41
39,28,46,33,153,40,23,41
39,12,5,51,130,46,28,41
39,28,46,163,63,203,400,41
39,28,11,3,9,482,155,41
39,28,11,5,0,175,23,41
39,28,11,32,9,482,155,41
39,12,5,0,23,144,28,41
39,12,334,10,2,0,23,41
39,12,5,15,28,144,23,41
39,12,2,0,23,144,28,41
39,12,2,10,16,15,28,41
39,12,5,15,1,0,23,41
39,28,215,258,175,0,23,41
39,28,11,40,153,33,23,41
39,12,2,10,16,104,23,41
39,12,5,15,16,183,28,41
39,12,5,15,1,44,23,41
39,28,46,163,489,144,23,41
39,12,2,10,16,183,28,41
39,12,5,15,390,424,23,41
39,12,5,15,16,104,23,41
39,28,90,111,203,63,106,41
39,12,5,15,158,136,28,41
39,28,215,351,150,104,23,41
39,28,90,111,1,0,23,41
39,12,5,433,46,33,23,41
39,28,90,12,5,0,23,41
39,28,90,111,385,33,23,41
39,28,90,111,1,44,23,41
39,12,5,433,46,63,106,41
39,28,90,12,2,0,23,41
39,28,90,12,5,13,23,41
39,28,440,11,332,104,23,41
39,28,144,299,37,200,207,41
39,12,5,1,0,175,23,41
39,28,440,11,3,13,23,41
39,28,144,489,163,63,106,41
39,12,5,11,3,0,23,41
39,28,440,11,32,178,23,41
39,28,440,11,3,0,23,41
39,12,5,11,32,178,23,41
39,12,5,11,3,13,23,41
39,28,440,11,5,0,23,41
39,28,215,266,203,63,106,41
39,12,107,7,0,175,23,41
39,12,5,11,49,46,28,41
39,12,5,11,32,145,28,41
39,12,5,11,3,59,28,41
39,28,440,11,5,13,23,41
39,12,58,24,19,11,28,41
39,12,5,11,332,104,23,41
39,12,58,24,0,175,23,41
39,28,183,16,246,206,23,41
39,12,5,11,3,98,28,41
39,28,183,16,104,150,23,41
39,12,58,24,298,44,23,41
39,28,183,16,10,91,155,41
39,12,5,11,3,498,28,41
39,12,90,111,203,63,106,41
39,12,5,86,46,33,23,41
39,12,107,7,33,46,28,41
39,12,5,60,230,203,400,41
39,12,5,18,6,0,23,41
39,28,183,16,30,36,23,41
39,12,5,60,33,46,28,41
39,12,492,260,330,11,28,41
39,12,5,286,30,36,23,41
39,12,5,86,46,63,106,41
39,12,5,60,236,357,23,41
39,12,90,111,1,0,23,41
39,28,11,259,37,200,207,41
39,12,492,260,0,175,23,41
39,28,183,16,31,13,23,41
39,28,46,417,203,63,106,41
39,28,145,32,11,40,23,41
39,12,5,371,466,424,23,41
39,12,185,72,31,13,23,41
39,12,139,11,28,144,23,41
39,28,15,1,0,175,23,41
39,12,5,48,7,265,23,41
39,12,73,24,19,11,28,41
39,12,90,111,385,33,23,41
39,12,90,111,1,15,28,41
39,28,356,10,2,0,23,41
39,28,11,19,390,424,23,41
39,12,241,11,28,144,23,41
39,12,189,45,11,40,23,41
39,28,59,3,0,175,23,41
39,28,11,259,443,272,341,41
39,28,145,32,9,482,155,41
39,12,5,161,1,15,28,41
39,12,73,134,1,0,23,41
39,28,15,158,190,33,23,41
39,28,15,16,246,206,23,41
39,12,5,48,61,15,28,41
39,12,5,48,7,0,23,41
39,12,73,24,298,44,23,41
39,12,73,24,0,175,23,41
39,12,73,279,40,11,28,41
39,28,15,16,104,150,23,41
39,28,15,5,48,337,23,41
39,12,241,460,439,33,23,41
39,12,90,111,1,44,23,41
39,28,356,10,16,104,23,41
39,12,2,379,45,11,28,41
39,28,15,5,0,175,23,41
39,28,101,126,5,0,23,41
39,28,11,255,69,232,23,41
39,28,11,19,24,272,341,41
39,28,101,17,63,203,400,41
39,28,59,3,9,482,155,41
39,12,189,45,11,440,28,41
39,28,15,1,22,91,155,41
39,12,90,28,46,63,106,41
39,12,5,13,23,144,28,41
39,28,98,3,0,175,23,41
39,12,5,188,1,44,23,41
39,12,189,45,19,11,28,41
39,12,2,0,7,265,23,41
39,28,101,17,0,175,23,41
39,12,5,161,264,136,28,41
39,12,5,161,1,0,23,41
39,28,387,186,17,27,23,41
39,12,107,7,1,0,23,41
39,28,387,186,17,0,23,41
39,12,107,7,22,91,155,41
39,12,107,7,1,15,28,41
39,28,387,186,17,63,106,41
39,12,107,7,37,200,207,41
39,12,107,7,1,44,23,41
39,28,387,186,17,64,23,41
39,12,107,7,48,337,23,41
39,12,73,134,1,15,28,41
39,12,107,7,459,424,23,41
39,12,73,134,1,44,23,41
39,28,498,3,0,175,23,41
39,28,15,61,48,337,23,41
39,28,59,367,32,178,23,41
39,28,15,113,4,0,23,41
39,28,98,3,9,482,155,41
39,28,15,16,30,36,23,41
39,28,98,3,11,40,23,41
39,28,15,16,10,91,155,41
39,28,98,3,1,44,23,41
39,28,15,16,31,13,23,41
39,28,98,3,4,0,23,41
39,28,98,3,1,0,23,41
39,28,98,3,6,0,23,41
39,28,46,141,38,401,23,41
39,12,245,24,0,175,23,41
39,28,46,165,38,401,23,41
39,12,5,48,51,136,28,41
39,28,46,292,9,482,155,41
39,12,5,48,381,46,28,41
39,28,46,381,48,337,23,41
39,12,5,48,7,33,23,41
39,28,46,110,35,33,23,41
39,12,5,48,7,200,207,41
39,28,46,80,31,13,23,41
39,12,5,48,7,272,341,41
39,28,46,105,300,104,23,41
39,28,46,80,99,0,23,41
39,28,46,263,94,0,23,41
39,12,5,11,28,144,23,41
39,28,46,49,11,40,23,41
39,12,208,166,45,11,28,41
39,28,46,86,5,0,23,41
39,12,154,47,123,13,23,41
39,12,208,166,35,33,23,41
39,28,46,433,5,0,23,41
39,28,46,86,5,13,23,41
39,12,425,220,1,0,23,41
39,12,154,47,3,0,23,41
39,28,46,433,5,13,23,41
39,12,115,20,7,0,23,41
39,12,425,220,1,15,28,41
39,12,154,47,16,15,28,41
39,12,154,47,3,11,28,41
39,12,458,173,6,0,23,41
39,12,115,20,19,11,28,41
39,12,115,20,7,33,23,41
39,12,425,220,1,44,23,41
39,12,154,47,16,104,23,41
39,12,154,47,3,13,23,41
39,12,458,173,202,206,23,41
39,12,115,20,30,36,23,41
39,12,115,20,7,200,207,41
39,12,154,47,16,183,28,41
39,12,154,47,3,59,28,41
39,12,115,20,72,404,28,41
39,12,115,20,7,265,23,41
39,12,154,47,3,98,28,41
39,12,115,20,202,206,23,41
39,12,115,20,7,272,341,41
39,12,154,47,3,498,28,41
39,12,115,20,204,44,23,41
39,12,315,260,330,11,28,41
39,28,498,3,9,482,155,41
39,28,101,17,6,0,23,41
39,28,498,3,11,40,23,41
39,28,101,17,34,0,23,41
39,28,498,3,1,44,23,41
39,28,11,5,473,33,23,41
39,28,498,3,6,0,23,41
39,28,498,3,1,0,23,41
39,28,11,5,436,383,23,41
39,28,498,3,4,0,23,41
39,28,11,5,48,337,23,41
39,28,15,5,60,33,23,41
39,28,11,5,60,33,23,41
39,28,15,5,436,383,23,41
39,28,11,5,1,0,23,41
39,28,15,5,11,40,23,41
39,28,11,5,1,44,23,41
39,28,15,5,1,0,23,41
39,12,139,359,69,232,23,41
39,28,15,5,473,33,23,41
39,28,15,5,1,44,23,41
39,28,15,5,309,272,341,41
39,12,241,469,1,0,23,41
39,28,46,63,17,27,23,41
39,12,241,469,1,15,28,41
39,28,46,63,17,0,23,41
39,12,241,469,1,44,23,41
39,28,46,63,17,64,23,41
39,12,315,260,0,175,23,41
39,12,245,24,19,11,28,41
39,28,46,33,7,265,23,41
39,12,245,24,298,44,23,41
39,28,46,33,131,104,23,41
39,12,2,322,477,67,28,41
39,28,46,33,7,0,23,41
39,12,5,19,69,232,23,41
39,12,2,14,3,59,28,41
39,12,2,322,325,44,23,41
39,28,46,33,7,200,207,41
39,12,5,19,24,0,23,41
39,12,2,62,7,0,23,41
39,12,2,14,3,0,23,41
39,12,2,322,398,206,23,41
39,28,46,33,7,272,341,41
39,12,5,19,45,11,28,41
39,12,5,19,24,272,341,41
39,12,2,62,7,33,23,41
39,12,2,14,3,11,28,41
39,12,5,19,390,15,28,41
39,12,2,62,7,200,207,41
39,12,2,14,3,13,23,41
39,12,5,19,390,424,23,41
39,12,2,62,7,265,23,41
39,12,2,14,3,98,28,41
39,12,5,19,11,40,23,41
39,12,2,62,7,272,341,41
39,12,2,14,3,498,28,41
39,12,5,19,11,440,28,41
39,12,5,51,160,0,23,41
39,28,101,126,5,13,23,41
39,28,11,311,168,13,23,41
39,12,5,51,172,215,28,41
39,28,11,19,5,0,23,41
39,28,11,49,46,33,23,41
39,12,5,51,366,44,23,41
39,28,11,19,69,232,23,41
39,28,11,19,5,13,23,41
39,28,11,475,1,0,23,41
39,28,11,49,46,63,106,41
39,12,5,51,48,337,23,41
39,28,11,257,4,0,23,41
39,28,11,475,1,44,23,41
39,12,5,51,177,13,23,41
39,28,11,330,260,0,23,41
39,28,67,13,305,203,400,41
39,12,5,51,262,27,23,41
39,28,11,45,168,13,23,41
39,28,67,13,306,91,155,41
39,28,11,332,104,150,23,41
39,12,5,13,3,0,23,41
39,28,67,13,3,0,23,41
39,28,11,3,1,44,23,41
39,12,5,13,305,203,400,41
39,12,5,13,3,11,28,41
39,28,67,13,5,0,23,41
39,28,11,3,6,0,23,41
39,28,11,3,1,0,23,41
39,12,5,13,306,91,155,41
39,12,5,13,3,59,28,41
39,28,11,3,4,0,23,41
39,28,11,19,24,0,23,41
39,28,59,3,11,40,23,41
39,12,5,13,3,98,28,41
39,28,15,1,35,33,23,41
39,12,5,0,1,15,28,41
39,28,59,3,1,44,23,41
39,12,5,13,3,498,28,41
39,28,15,1,69,232,23,41
39,12,5,0,3,498,28,41
39,12,5,0,1,44,23,41
39,28,59,3,4,0,23,41
39,28,59,3,1,0,23,41
39,28,15,1,7,33,23,41
39,12,5,0,24,272,341,41
39,12,5,0,3,11,28,41
39,28,59,3,6,0,23,41
39,28,15,1,3,0,23,41
39,28,15,1,7,0,23,41
39,12,5,0,50,44,23,41
39,12,5,0,3,13,23,41
39,28,15,1,111,203,400,41
39,28,15,1,3,13,23,41
39,28,15,1,7,200,207,41
39,12,5,0,56,44,23,41
39,12,5,0,3,59,28,41
39,28,15,1,5,0,23,41
39,28,15,1,7,265,23,41
39,12,5,0,7,200,207,41
39,12,5,0,3,98,28,41
39,28,15,1,9,482,155,41
39,12,90,28,11,40,23,41
39,12,90,28,46,33,23,41
39,28,15,1,5,13,23,41
39,28,15,1,7,272,341,41
39,12,5,0,17,27,23,41
39,12,5,0,7,33,23,41
39,28,15,1,236,357,23,41
39,12,90,28,67,13,23,41
39,12,5,270,9,482,155,41
39,12,5,0,380,383,23,41
39,12,5,0,17,63,106,41
39,12,5,0,7,265,23,41
39,12,139,11,3,0,23,41
39,12,5,362,299,144,23,41
39,12,5,1,3,0,23,41
39,12,334,10,16,15,28,41
39,12,5,188,1,0,23,41
39,12,189,45,85,244,28,41
39,12,5,0,17,64,23,41
39,12,5,0,7,272,341,41
39,12,139,11,5,0,23,41
39,12,139,11,3,13,23,41
39,12,5,127,1,15,28,41
39,12,5,473,33,46,28,41
39,12,2,0,3,498,28,41
39,12,5,362,299,144,28,41
39,12,2,0,17,63,106,41
39,12,2,0,3,11,28,41
39,12,2,0,24,272,341,41
39,12,2,0,17,27,23,41
39,12,2,0,3,13,23,41
39,12,2,0,1,15,28,41
39,12,2,0,17,64,23,41
39,12,2,0,3,59,28,41
39,12,2,0,56,44,23,41
39,12,2,0,1,44,23,41
39,12,2,0,17,101,28,41
39,12,2,0,3,98,28,41
39,12,2,0,5,11,28,41
39,12,5,1,9,482,155,41
39,12,2,0,380,383,23,41
39,12,2,0,5,13,23,41
39,12,5,1,475,11,28,41
39,12,2,0,50,44,23,41
39,12,2,0,5,15,28,41
39,12,5,1,7,200,207,41
39,12,5,1,3,11,28,41
39,12,5,1,22,91,155,41
39,12,5,1,7,0,23,41
39,12,5,1,3,13,23,41
39,12,5,1,35,33,23,41
39,12,5,1,7,33,23,41
39,12,5,1,3,59,28,41
39,12,5,1,69,232,23,41
39,12,5,1,7,265,23,41
39,12,5,1,3,98,28,41
39,12,5,1,111,90,28,41
39,12,5,1,7,272,341,41
39,12,5,1,3,498,28,41
39,12,5,1,236,357,23,41
39,12,5,1,111,203,400,41
39,12,2,0,7,200,207,41
39,12,334,10,16,104,23,41
39,12,2,0,7,33,23,41
39,12,334,10,16,183,28,41
39,12,2,0,7,272,341,41
39,12,5,188,1,15,28,41
39,12,241,11,3,0,23,41
39,12,189,45,168,13,23,41
39,12,241,11,5,0,23,41
39,12,241,11,3,13,23,41
39,12,241,11,32,178,23,41
39,12,241,11,5,13,23,41
39,12,241,11,3,59,28,41
39,12,241,11,49,46,28,41
39,12,241,11,32,145,28,41
39,12,241,11,5,15,28,41
39,12,241,11,3,98,28,41
39,12,241,11,332,104,23,41
39,12,241,11,3,498,28,41
39,12,5,0,17,101,28,41
39,12,139,11,32,178,23,41
39,12,139,11,5,13,23,41
39,12,139,11,49,46,28,41
39,12,139,11,32,145,28,41
39,12,139,11,5,15,28,41
39,12,139,11,332,104,23,41
39,12,5,161,1,44,23,41
39,12,139,11,3,59,28,41
39,12,5,157,1,44,23,41
39,12,139,11,3,98,28,41
39,12,5,157,253,13,23,41
39,12,5,157,1,0,23,41
39,12,139,11,3,498,28,41
39,12,5,157,307,33,23,41
39,12,5,157,1,15,28,41
39,28,136,51,48,337,23,41
39,12,5,127,1,0,23,41
39,28,481,52,46,63,106,41
39,28,136,158,190,33,23,41
39,28,136,51,262,27,23,41
39,12,5,127,1,44,23,41
39,28,231,86,46,33,23,41
39,28,481,52,46,33,23,41
39,28,136,291,5,0,23,41
39,28,136,51,5,0,23,41
39,28,181,137,22,91,155,41
39,28,231,86,5,0,23,41
39,28,231,86,46,63,106,41
39,28,136,291,5,13,23,41
39,28,136,51,160,0,23,41
39,28,136,51,5,13,23,41
39,28,453,18,5,0,23,41
39,28,231,86,5,13,23,41
39,28,136,51,366,44,23,41
39,28,248,110,46,33,23,41
39,28,453,18,6,0,23,41
39,28,453,18,5,13,23,41
39,28,136,51,177,13,23,41
39,28,244,418,87,63,106,41
39,28,248,346,3,0,23,41
39,28,248,110,35,33,23,41
39,28,248,110,46,63,106,41
39,28,404,72,31,13,23,41
39,28,244,331,35,33,23,41
39,28,248,346,3,13,23,41
39,28,387,186,439,33,23,41
39,28,387,186,131,33,23,41
39,28,387,186,131,104,23,41
39,12,5,1,3,9,482,155,41
39,12,5,1,287,324,11,28,41
39,12,5,1,236,60,33,23,41
39,12,5,1,111,203,63,106,41
39,12,5,1,111,385,33,23,41
39,12,2,0,5,13,67,28,41
39,12,334,10,16,104,150,23,41
39,12,2,0,7,33,46,28,41
39,12,334,10,16,30,36,23,41
39,12,2,0,17,63,46,28,41
39,28,46,63,203,305,13,23,41
39,12,5,188,1,3,0,23,41
39,12,2,0,7,22,91,155,41
39,12,241,11,3,0,175,23,41
39,12,189,45,164,1,0,23,41
39,12,189,45,168,311,11,28,41
39,12,5,1,3,11,40,23,41
39,12,2,0,5,1,44,23,41
39,12,189,45,168,13,67,28,41
39,12,241,11,5,0,175,23,41
39,12,2,0,3,13,67,28,41
39,12,241,11,3,13,67,28,41
39,12,2,0,143,274,44,23,41
39,12,2,0,24,19,11,28,41
39,12,5,1,7,33,46,28,41
39,12,5,1,7,0,175,23,41
39,12,5,1,475,11,40,23,41
39,12,107,7,37,6,0,23,41
39,12,241,11,5,13,67,28,41
39,28,15,16,494,31,13,23,41
39,12,241,11,49,46,33,23,41
39,12,241,11,32,9,482,155,41
39,12,2,0,3,1,15,28,41
39,12,5,48,337,23,144,28,41
39,12,241,11,5,1,0,23,41
39,12,241,11,139,348,248,28,41
39,12,241,11,332,104,150,23,41
39,12,241,11,3,1,15,28,41
39,12,5,0,17,186,387,28,41
39,12,2,0,1,22,91,155,41
39,12,5,1,35,33,46,28,41
39,12,2,0,17,186,387,28,41
39,28,98,3,4,0,175,23,41
39,12,5,1,44,23,144,28,41
39,28,98,3,1,69,232,23,41
39,12,189,45,11,28,144,23,41
39,12,5,1,35,110,248,28,41
39,12,5,309,272,7,200,207,41
39,12,139,11,5,13,67,28,41
39,28,98,3,1,0,175,23,41
39,28,98,3,250,370,203,400,41
39,12,139,11,49,46,33,23,41
39,12,139,11,32,9,482,155,41
39,12,5,15,1,0,175,23,41
39,28,98,3,6,37,200,207,41
39,12,139,11,5,1,0,23,41
39,28,98,3,6,0,175,23,41
39,12,139,11,259,443,272,341,41
39,12,334,496,362,299,144,23,41
39,28,90,111,1,0,175,23,41
39,12,139,11,332,104,150,23,41
39,28,46,141,38,9,482,155,41
39,12,5,161,1,3,0,23,41
39,12,5,1,9,3,498,28,41
39,12,5,157,307,33,46,28,41
39,12,5,157,1,3,0,23,41
39,12,5,66,210,38,401,23,41
39,12,5,473,33,46,63,106,41
39,12,2,0,3,11,40,23,41
39,12,107,7,48,5,0,23,41
39,28,46,292,9,1,0,23,41
39,12,5,1,22,7,0,23,41
39,28,136,51,48,5,0,23,41
39,12,5,48,493,9,482,155,41
39,12,5,48,381,46,33,23,41
39,12,5,127,1,0,175,23,41
39,28,90,111,1,22,91,155,41
39,12,2,0,5,11,40,23,41
39,28,46,381,48,5,0,23,41
39,28,481,52,21,1,0,23,41
39,12,5,1,3,13,67,28,41
39,12,107,7,1,0,175,23,41
39,12,5,15,158,190,33,23,41
39,28,136,158,15,390,424,23,41
39,28,46,292,345,37,200,207,41
39,28,481,52,46,63,203,400,41
39,12,5,433,46,49,11,28,41
39,12,5,48,7,33,46,28,41
39,28,15,61,105,46,33,23,41
39,28,46,110,35,1,0,23,41
39,28,231,461,105,46,33,23,41
39,28,498,3,0,1,44,23,41
39,28,90,12,5,0,175,23,41
39,12,107,7,22,1,0,23,41
39,28,481,52,46,170,33,23,41
39,12,5,433,46,63,203,400,41
39,28,136,264,161,1,0,23,41
39,28,90,12,139,11,40,23,41
39,12,5,15,349,52,481,28,41
39,12,107,7,20,19,11,28,41
39,28,136,291,5,0,175,23,41
39,28,90,12,2,10,91,155,41
39,28,46,165,38,9,482,155,41
39,12,5,60,33,23,144,28,41
39,28,136,51,5,0,175,23,41
39,12,5,157,253,13,67,28,41
39,12,5,48,51,130,46,28,41
39,12,5,11,40,153,33,23,41
39,28,46,80,31,16,104,23,41
39,28,181,137,71,304,206,23,41
39,28,181,137,22,1,0,23,41
39,12,73,134,1,3,0,23,41
39,28,90,12,2,0,175,23,41
39,28,231,86,226,1,0,23,41
39,12,5,48,7,1,0,23,41
39,28,90,12,5,48,337,23,41
39,28,231,86,5,0,175,23,41
39,28,231,86,46,163,63,106,41
39,12,5,1,69,19,11,28,41
39,28,11,3,13,305,203,400,41
39,28,231,86,46,63,203,400,41
39,28,136,291,5,309,272,341,41
39,28,46,105,61,48,337,23,41
39,28,46,105,300,104,150,23,41
39,28,136,51,160,0,175,23,41
39,12,5,127,1,3,0,23,41
39,28,136,51,5,309,272,341,41
39,12,5,51,136,158,15,28,41
39,28,46,80,99,0,175,23,41
39,28,46,80,97,420,175,23,41
39,12,5,86,226,1,0,23,41
39,28,11,5,13,305,203,400,41
39,28,46,263,94,0,175,23,41
39,12,334,10,91,306,13,23,41
39,28,46,263,394,6,0,23,41
39,28,244,418,87,63,203,400,41
39,12,5,157,1,0,175,23,41
39,12,5,1,7,37,200,207,41
39,12,334,10,356,28,144,23,41
39,12,5,11,28,46,33,23,41
39,28,453,18,6,3,0,23,41
39,28,440,11,332,104,150,23,41
39,28,144,299,362,5,0,23,41
39,28,453,18,6,0,175,23,41
39,28,453,18,5,48,337,23,41
39,28,46,49,11,332,104,23,41
39,28,136,51,130,46,33,23,41
39,28,231,86,5,309,272,341,41
39,12,245,24,0,1,44,23,41
39,12,2,10,16,30,36,23,41
39,28,387,186,17,34,0,23,41
39,12,5,1,0,3,498,28,41
39,28,453,18,5,0,175,23,41
39,28,244,418,451,436,383,23,41
39,12,5,291,136,158,15,28,41
39,28,248,348,139,11,40,23,41
39,12,208,166,45,19,11,28,41
39,12,5,11,40,23,144,28,41
39,28,144,299,37,6,0,23,41
39,28,248,346,3,0,175,23,41
39,28,248,110,35,1,0,23,41
39,12,208,166,45,11,40,23,41
39,28,248,110,46,163,63,106,41
39,28,387,186,17,63,203,400,41
39,28,248,110,46,63,203,400,41
39,28,407,283,222,6,0,23,41
39,28,404,72,20,7,200,207,41
39,28,46,86,226,1,0,23,41
39,28,404,72,31,16,104,23,41
39,12,5,157,476,299,144,28,41
39,12,139,11,3,1,15,28,41
39,12,2,10,16,104,150,23,41
39,28,46,86,5,0,175,23,41
39,28,244,85,52,46,63,106,41
39,28,244,331,405,148,0,23,41
39,28,244,331,35,1,0,23,41
39,12,139,348,248,28,144,23,41
39,28,248,346,3,11,40,23,41
39,12,185,72,404,28,144,23,41
39,12,154,47,123,13,67,28,41
39,28,15,349,52,46,63,106,41
39,28,59,367,32,11,40,23,41
39,12,208,166,35,1,0,23,41
39,12,208,166,35,33,46,28,41
39,12,58,254,25,3,0,23,41
39,28,46,130,51,5,0,23,41
39,28,387,186,131,104,150,23,41
39,28,144,489,163,46,63,106,41
39,12,5,1,3,4,0,23,41
39,12,139,348,248,110,46,28,41
39,12,5,1,0,23,144,28,41
39,28,46,433,5,0,175,23,41
39,12,5,1,382,32,11,28,41
39,12,5,1,287,3,11,28,41
39,28,46,86,5,309,272,341,41
39,12,5,11,3,0,175,23,41
39,28,144,489,163,63,203,400,41
39,12,5,86,46,28,144,23,41
39,12,425,220,83,5,0,23,41
39,28,15,61,48,5,0,23,41
39,12,425,220,1,0,175,23,41
39,28,440,11,32,9,482,155,41
39,12,334,10,16,31,13,23,41
39,28,11,40,171,378,63,106,41
39,28,440,11,5,0,175,23,41
39,12,107,7,0,1,44,23,41
39,12,2,0,17,63,203,400,41
39,12,5,188,1,7,0,23,41
39,12,5,188,1,3,11,28,41
39,12,2,0,7,37,200,207,41
39,12,189,45,192,72,404,28,41
39,12,189,45,164,1,15,28,41
39,12,5,1,3,11,440,28,41
39,12,2,0,5,18,453,28,41
39,12,2,0,5,1,15,28,41
39,12,2,0,316,9,482,155,41
39,12,115,20,19,11,40,23,41
39,12,115,20,7,33,46,28,41
39,12,2,0,24,298,44,23,41
39,12,5,1,475,11,440,28,41
39,12,425,220,1,3,0,23,41
39,12,107,7,37,259,11,28,41
39,28,15,16,47,123,13,23,41
39,28,440,11,19,390,424,23,41
39,12,58,24,272,7,200,207,41
39,12,5,1,15,28,144,23,41
39,12,241,11,49,46,63,106,41
39,12,241,11,32,367,59,28,41
39,12,107,7,0,23,144,28,41
39,12,154,47,16,104,150,23,41
39,12,2,0,3,9,482,155,41
39,12,5,11,49,46,33,23,41
39,12,2,0,3,1,44,23,41
39,12,5,11,32,9,482,155,41
39,12,154,47,3,13,67,28,41
39,12,458,173,114,224,13,23,41
39,12,241,11,5,18,453,28,41
39,12,241,11,5,1,15,28,41
39,12,241,11,19,390,424,23,41
39,28,15,113,4,0,175,23,41
39,12,154,47,3,11,40,23,41
39,12,5,11,3,13,67,28,41
39,28,215,172,51,160,0,23,41
39,12,115,20,30,16,15,28,41
39,12,241,11,3,9,482,155,41
39,12,241,11,3,1,0,23,41
39,28,440,11,5,309,272,341,41
39,12,154,47,16,10,356,28,41
39,12,2,0,1,236,357,23,41
39,12,115,20,7,0,175,23,41
39,28,440,11,3,0,175,23,41
39,12,115,20,72,31,13,23,41
39,12,154,47,3,0,175,23,41
39,28,46,433,5,309,272,341,41
39,28,46,170,33,153,40,23,41
39,12,5,436,451,418,244,28,41
39,28,98,3,1,7,0,23,41
39,12,154,47,71,304,206,23,41
39,12,58,24,19,5,0,23,41
39,12,5,1,35,331,244,28,41
39,12,58,24,19,11,40,23,41
39,12,115,20,7,1,0,23,41
39,12,5,1,35,110,46,28,41
39,12,5,309,272,24,0,23,41
39,12,5,309,272,7,0,23,41
39,12,5,11,19,390,15,28,41
39,12,154,47,3,1,0,23,41
39,12,115,20,21,438,0,23,41
39,28,15,113,4,3,0,23,41
39,12,5,11,440,28,144,23,41
39,12,5,18,453,28,144,23,41
39,12,315,260,100,414,337,23,41
39,28,98,3,327,22,91,155,41
39,12,139,11,49,46,63,106,41
39,12,5,11,332,104,150,23,41
39,12,139,11,32,367,59,28,41
39,12,315,260,330,11,40,23,41
39,28,440,11,3,9,482,155,41
39,12,58,24,0,1,44,23,41
39,28,98,3,6,17,0,23,41
39,28,498,3,9,1,0,23,41
39,12,139,11,5,18,453,28,41
39,12,139,11,5,1,15,28,41
39,28,101,17,6,3,0,23,41
39,28,101,17,6,0,175,23,41
39,12,139,11,19,390,15,28,41
39,12,5,291,136,28,144,23,41
39,28,440,11,40,153,33,23,41
39,28,498,3,11,332,104,23,41
39,12,139,11,259,37,200,207,41
39,12,334,335,237,35,33,23,41
39,12,334,496,362,5,0,23,41
39,28,101,17,186,439,33,23,41
39,12,334,496,362,299,144,28,41
39,12,5,433,46,28,144,23,41
39,28,101,17,34,38,401,23,41
39,28,101,17,34,0,175,23,41
39,28,46,141,38,34,0,23,41
39,12,458,173,6,3,0,23,41
39,28,183,16,104,131,33,23,41
39,12,5,161,1,7,0,23,41
39,12,5,161,1,3,11,28,41
39,12,5,436,383,380,0,23,41
39,12,5,1,9,38,401,23,41
39,12,107,7,1,3,0,23,41
39,12,5,51,136,28,144,23,41
39,12,458,173,6,0,175,23,41
39,12,492,260,0,23,144,28,41
39,12,58,24,0,23,144,28,41
39,12,5,1,9,3,0,23,41
39,12,5,157,1,7,0,23,41
39,12,90,111,203,63,46,28,41
39,12,5,157,1,3,11,28,41
39,12,5,363,74,31,13,23,41
39,12,5,66,65,60,33,23,41
39,28,498,3,6,37,200,207,41
39,28,498,3,6,0,175,23,41
39,12,2,0,3,11,440,28,41
39,28,498,3,1,69,232,23,41
39,12,107,7,48,61,15,28,41
39,12,107,7,48,5,11,28,41
39,28,498,3,1,0,175,23,41
39,28,46,292,9,3,0,23,41
39,12,73,24,272,7,200,207,41
39,12,107,7,33,23,144,28,41
39,28,183,16,10,2,0,23,41
39,28,46,292,9,1,44,23,41
39,12,5,1,22,137,181,28,41
39,12,5,1,22,7,33,23,41
39,28,498,3,452,448,206,23,41
39,28,136,51,48,7,200,207,41
39,12,5,1,22,7,200,207,41
39,28,498,3,250,370,203,400,41
39,28,136,51,48,7,0,23,41
39,12,5,1,22,7,265,23,41
39,28,498,3,75,31,13,23,41
39,28,136,51,48,7,33,23,41
39,12,5,1,22,7,272,341,41
39,28,498,3,14,2,0,23,41
39,28,136,51,48,7,265,23,41
39,28,136,51,48,5,13,23,41
39,28,498,3,8,484,200,207,41
39,28,136,51,48,7,272,341,41
39,12,58,24,73,279,40,23,41
39,28,498,3,287,323,27,23,41
39,28,498,3,8,1,0,23,41
39,12,58,24,285,32,178,23,41
39,12,58,24,73,84,358,28,41
39,28,498,3,281,38,401,23,41
39,28,498,3,287,1,0,23,41
39,28,498,3,8,148,0,23,41
39,28,498,3,8,1,44,23,41
39,12,58,24,261,84,419,23,41
39,12,58,24,285,32,11,28,41
39,12,58,24,73,84,419,23,41
39,28,498,3,47,16,104,23,41
39,28,498,3,287,1,44,23,41
39,28,498,3,8,10,91,155,41
39,12,58,24,212,45,11,28,41
39,12,58,24,261,84,358,28,41
39,12,58,24,285,32,145,28,41
39,28,498,3,327,22,91,155,41
39,28,498,3,47,123,13,23,41
39,28,498,3,8,87,63,106,41
39,12,58,24,251,45,11,28,41
39,28,498,3,392,1,44,23,41
39,28,498,3,4,0,175,23,41
39,12,5,48,102,37,200,207,41
39,28,498,3,372,253,13,23,41
39,28,498,3,392,1,0,23,41
39,12,5,48,333,137,181,28,41
39,28,498,3,290,60,33,23,41
39,12,5,48,381,46,63,106,41
39,12,5,48,247,32,11,28,41
39,12,5,11,3,1,15,28,41
39,12,90,111,203,417,46,28,41
39,12,5,48,247,32,145,28,41
39,12,5,11,3,9,482,155,41
39,12,5,11,3,1,0,23,41
39,12,90,111,203,266,215,28,41
39,12,5,48,247,32,178,23,41
39,12,5,11,3,4,0,23,41
39,12,5,11,3,1,44,23,41
39,12,90,111,203,305,13,23,41
39,12,5,11,3,6,0,23,41
39,28,11,5,48,7,265,23,41
39,28,90,111,1,236,357,23,41
39,12,5,11,3,346,248,28,41
39,28,11,5,48,7,0,23,41
39,28,90,111,1,35,33,23,41
39,12,5,436,383,23,144,28,41
39,28,11,5,48,7,33,23,41
39,28,90,111,1,69,232,23,41
39,12,5,15,390,19,11,28,41
39,28,11,5,48,7,200,207,41
39,28,90,111,1,7,33,23,41
39,12,2,0,175,23,144,28,41
39,28,11,5,48,7,272,341,41
39,28,90,111,1,9,482,155,41
39,28,90,111,1,7,0,23,41
39,12,2,0,5,11,440,28,41
39,28,90,111,1,5,0,23,41
39,28,90,111,1,7,200,207,41
39,28,15,5,60,230,203,400,41
39,28,90,111,1,3,0,23,41
39,28,90,111,1,5,13,23,41
39,28,90,111,1,7,265,23,41
39,28,15,5,60,236,357,23,41
39,28,90,111,1,3,13,23,41
39,28,90,111,1,7,272,341,41
39,28,46,381,48,7,200,207,41
39,28,46,381,48,5,13,23,41
39,28,215,266,203,305,13,23,41
39,28,46,381,48,7,0,23,41
39,12,107,7,33,153,40,23,41
39,28,481,52,21,140,33,23,41
39,28,46,381,48,7,33,23,41
39,12,107,7,33,170,46,28,41
39,28,481,52,21,438,0,23,41
39,28,46,381,48,7,265,23,41
39,12,107,7,33,131,104,23,41
39,28,481,52,21,84,419,23,41
39,28,46,381,48,7,272,341,41
39,28,481,52,21,1,44,23,41
39,28,11,5,60,230,203,400,41
39,28,358,84,73,279,40,23,41
39,12,107,7,33,46,63,106,41
39,28,11,5,60,236,357,23,41
39,28,358,84,21,438,0,23,41
39,28,358,84,73,24,0,23,41
39,12,5,15,1,236,357,23,41
39,28,358,84,261,24,0,23,41
39,28,358,84,21,1,0,23,41
39,28,358,84,73,24,272,341,41
39,12,5,15,1,69,232,23,41
39,28,358,84,261,24,272,341,41
39,28,358,84,21,140,33,23,41
39,28,358,84,21,1,44,23,41
39,12,5,15,1,3,0,23,41
39,12,73,24,0,23,144,28,41
39,12,5,60,230,203,63,106,41
39,12,5,15,1,7,200,207,41
39,12,5,15,1,3,11,28,41
39,28,136,158,15,1,0,23,41
39,12,5,15,1,9,482,155,41
39,12,5,15,1,7,0,23,41
39,12,5,15,1,3,13,23,41
39,28,136,158,15,5,13,23,41
39,28,136,158,15,1,44,23,41
39,12,5,15,1,22,91,155,41
39,12,5,15,1,7,33,23,41
39,12,5,15,1,3,59,28,41
39,28,136,158,15,16,104,23,41
39,28,136,158,15,5,0,23,41
39,12,5,15,1,35,33,23,41
39,12,5,15,1,7,265,23,41
39,12,5,15,1,3,98,28,41
39,12,5,15,1,111,90,28,41
39,12,5,15,1,7,272,341,41
39,12,5,15,1,3,498,28,41
39,12,5,15,1,475,11,28,41
39,12,5,15,1,111,203,400,41
39,12,5,126,427,7,33,23,41
39,28,11,5,51,366,44,23,41
39,12,5,433,46,52,481,28,41
39,12,5,126,409,177,13,23,41
39,12,5,126,427,7,0,23,41
39,28,11,5,15,1,44,23,41
39,28,11,5,51,48,337,23,41
39,12,5,433,46,163,63,106,41
39,12,5,126,427,7,200,207,41
39,28,11,5,157,253,13,23,41
39,28,11,5,15,390,424,23,41
39,28,11,5,15,1,0,23,41
39,28,11,5,51,262,27,23,41
39,12,5,433,46,86,231,28,41
39,12,5,126,427,7,265,23,41
39,28,11,5,19,390,424,23,41
39,28,11,5,157,1,0,23,41
39,28,11,5,15,16,104,23,41
39,28,11,5,51,160,0,23,41
39,12,5,433,46,170,33,23,41
39,12,5,126,427,7,272,341,41
39,28,11,5,86,46,63,106,41
39,28,11,5,19,24,272,341,41
39,28,11,5,157,307,33,23,41
39,28,11,5,157,1,44,23,41
39,28,11,5,51,177,13,23,41
39,12,5,433,46,110,248,28,41
39,28,11,5,433,46,63,106,41
39,28,11,5,86,46,33,23,41
39,28,11,5,19,69,232,23,41
39,28,11,5,19,24,0,23,41
39,12,5,433,46,417,203,400,41
39,28,11,5,18,6,0,23,41
39,28,11,5,433,46,33,23,41
39,28,98,3,9,1,0,23,41
39,28,11,5,127,1,0,23,41
39,12,5,126,101,17,0,23,41
39,28,98,3,9,38,401,23,41
39,28,98,3,9,1,44,23,41
39,28,11,5,270,9,482,155,41
39,28,11,5,127,1,44,23,41
39,12,5,126,101,17,27,23,41
39,28,98,3,9,32,178,23,41
39,28,11,5,161,1,0,23,41
39,12,5,126,101,17,63,106,41
39,28,98,3,9,176,33,23,41
39,28,11,5,286,30,36,23,41
39,28,11,5,161,1,44,23,41
39,12,5,126,101,17,64,23,41
39,28,98,3,9,316,0,23,41
39,28,11,5,188,1,0,23,41
39,28,11,5,1,0,175,23,41
39,12,5,18,6,3,0,23,41
39,28,11,5,362,299,144,23,41
39,28,11,5,188,1,44,23,41
39,12,5,18,6,17,0,23,41
39,12,5,18,6,3,11,28,41
39,28,11,5,371,466,424,23,41
39,12,5,18,6,37,200,207,41
39,12,5,18,6,17,27,23,41
39,12,5,18,6,3,13,23,41
39,28,11,5,12,2,0,23,41
39,12,5,18,6,17,63,106,41
39,12,5,18,6,3,59,28,41
39,28,15,61,105,300,104,23,41
39,12,5,18,6,17,64,23,41
39,12,5,18,6,3,98,28,41
39,28,15,61,105,46,63,106,41
39,12,5,18,6,17,101,28,41
39,12,5,18,6,3,498,28,41
39,12,5,18,6,0,175,23,41
39,28,15,5,11,332,104,23,41
39,28,46,110,35,1,44,23,41
39,28,387,186,17,0,175,23,41
39,28,15,5,11,32,178,23,41
39,28,98,3,11,332,104,23,41
39,12,2,10,356,28,144,23,41
39,28,15,5,11,3,0,23,41
39,28,98,3,11,32,178,23,41
39,28,145,187,117,69,232,23,41
39,28,15,5,11,3,13,23,41
39,28,98,3,11,5,0,23,41
39,28,145,389,26,320,13,23,41
39,28,231,461,105,300,104,23,41
39,28,98,3,11,5,13,23,41
39,28,231,461,105,46,63,106,41
39,28,498,3,0,24,272,341,41
39,12,5,60,33,7,200,207,41
39,28,11,5,1,69,232,23,41
39,28,498,3,0,17,27,23,41
39,12,5,60,33,170,46,28,41
39,12,5,60,33,7,0,23,41
39,28,11,5,1,7,0,23,41
39,28,498,3,0,50,44,23,41
39,28,498,3,0,17,63,106,41
39,12,5,60,33,131,104,23,41
39,12,5,60,33,7,265,23,41
39,28,11,5,1,111,203,400,41
39,28,11,5,1,7,33,23,41
39,28,498,3,0,56,44,23,41
39,12,5,60,33,46,63,106,41
39,28,498,3,0,17,64,23,41
39,12,5,60,33,153,40,23,41
39,12,5,60,33,7,272,341,41
39,28,11,5,1,22,91,155,41
39,28,11,5,1,7,200,207,41
39,28,498,3,0,5,13,23,41
39,28,15,5,1,0,175,23,41
39,28,11,5,1,35,33,23,41
39,28,11,5,1,7,265,23,41
39,28,498,3,0,7,33,23,41
39,12,107,7,22,137,181,28,41
39,28,11,5,1,236,357,23,41
39,28,11,5,1,7,272,341,41
39,28,498,3,0,380,383,23,41
39,28,498,3,0,7,265,23,41
39,28,11,5,1,9,482,155,41
39,12,107,7,22,1,15,28,41
39,28,481,52,46,163,63,106,41
39,28,498,3,0,7,200,207,41
39,28,11,5,1,3,0,23,41
39,12,107,7,22,1,44,23,41
39,28,481,52,46,417,203,400,41
39,28,498,3,0,7,272,341,41
39,28,11,5,1,3,13,23,41
39,12,139,359,69,1,0,23,41
39,28,136,264,161,5,0,23,41
39,12,5,15,16,10,91,155,41
39,12,73,84,419,23,144,28,41
39,12,139,359,69,19,11,28,41
39,12,139,359,69,1,15,28,41
39,28,136,264,161,5,13,23,41
39,12,5,15,16,30,36,23,41
39,12,5,15,16,10,356,28,41
39,12,139,359,69,255,11,28,41
39,12,139,359,69,1,44,23,41
39,12,5,15,16,31,13,23,41
39,12,492,260,100,414,337,23,41
39,12,139,359,69,275,63,106,41
39,28,136,264,161,1,44,23,41
39,12,5,15,16,246,206,23,41
39,12,492,260,271,80,46,28,41
39,12,492,260,100,1,0,23,41
39,28,90,12,58,24,272,341,41
39,12,492,260,330,11,40,23,41
39,28,15,5,1,236,357,23,41
39,12,492,260,100,1,15,28,41
39,28,90,12,73,84,419,23,41
39,28,90,12,58,24,0,23,41
39,12,492,260,330,11,440,28,41
39,28,15,5,1,69,232,23,41
39,12,492,260,100,1,44,23,41
39,28,90,12,107,7,200,207,41
39,28,90,12,73,24,0,23,41
39,28,15,5,1,3,0,23,41
39,12,5,15,61,105,46,28,41
39,28,90,12,245,24,0,23,41
39,28,90,12,107,7,0,23,41
39,28,90,12,73,279,40,23,41
39,28,90,12,73,24,272,341,41
39,28,15,5,1,7,200,207,41
39,28,15,5,1,3,13,23,41
39,12,5,15,113,4,0,23,41
39,12,5,15,61,48,337,23,41
39,28,90,12,315,260,0,23,41
39,28,90,12,245,24,272,341,41
39,28,90,12,107,7,33,23,41
39,28,15,5,1,9,482,155,41
39,28,15,5,1,7,0,23,41
39,28,90,12,334,10,91,155,41
39,28,90,12,107,7,265,23,41
39,28,15,5,1,22,91,155,41
39,28,15,5,1,7,33,23,41
39,28,90,12,492,260,0,23,41
39,28,90,12,107,7,272,341,41
39,28,15,5,1,35,33,23,41
39,28,15,5,1,7,265,23,41
39,28,90,12,241,11,40,23,41
39,12,5,15,349,52,46,28,41
39,28,15,5,1,111,203,400,41
39,28,15,5,1,7,272,341,41
39,12,2,10,91,306,13,23,41
39,28,15,5,51,177,13,23,41
39,12,107,7,427,126,101,28,41
39,12,107,7,20,202,206,23,41
39,12,5,286,429,48,337,23,41
39,28,15,5,12,2,0,23,41
39,28,15,5,51,48,337,23,41
39,12,107,7,114,69,232,23,41
39,12,107,7,20,204,44,23,41
39,28,15,5,19,69,232,23,41
39,28,15,5,51,366,44,23,41
39,12,107,7,62,2,0,23,41
39,12,107,7,114,224,13,23,41
39,12,107,7,20,30,36,23,41
39,28,15,5,86,46,33,23,41
39,28,15,5,19,390,424,23,41
39,28,15,5,51,160,0,23,41
39,12,107,7,478,130,46,28,41
39,12,107,7,20,72,404,28,41
39,28,15,5,433,46,33,23,41
39,28,15,5,86,46,63,106,41
39,28,15,5,19,24,0,23,41
39,28,15,5,51,262,27,23,41
39,12,107,7,235,50,0,23,41
39,28,15,5,270,9,482,155,41
39,28,15,5,433,46,63,106,41
39,28,15,5,19,11,40,23,41
39,28,15,5,19,24,272,341,41
39,12,107,7,235,50,44,23,41
39,28,15,5,157,307,33,23,41
39,12,5,86,46,63,203,400,41
39,12,241,469,1,0,175,23,41
39,28,15,16,10,2,0,23,41
39,12,5,86,231,28,144,23,41
39,28,15,5,286,30,36,23,41
39,28,15,5,157,1,0,23,41
39,12,5,1,15,16,183,28,41
39,12,5,86,46,49,11,28,41
39,28,46,165,38,34,0,23,41
39,28,15,5,362,299,144,23,41
39,28,15,5,157,253,13,23,41
39,28,15,5,157,1,44,23,41
39,12,5,1,15,390,424,23,41
39,12,5,1,15,16,104,23,41
39,12,5,86,46,52,481,28,41
39,28,46,165,38,121,33,23,41
39,28,15,5,371,466,424,23,41
39,12,5,1,15,158,136,28,41
39,28,46,63,163,489,144,23,41
39,12,5,86,46,163,63,106,41
39,12,5,286,30,16,15,28,41
39,28,15,5,18,6,0,23,41
39,12,115,20,19,5,0,23,41
39,28,46,63,275,69,232,23,41
39,12,5,86,46,170,33,23,41
39,12,5,286,30,16,104,23,41
39,28,15,5,161,1,0,23,41
39,12,115,20,19,24,0,23,41
39,12,115,20,19,5,11,28,41
39,28,46,63,378,171,40,23,41
39,12,5,86,46,110,248,28,41
39,12,5,286,30,16,183,28,41
39,28,15,5,188,1,44,23,41
39,28,15,5,161,1,44,23,41
39,12,115,20,19,45,11,28,41
39,12,115,20,19,24,272,341,41
39,12,115,20,19,5,13,23,41
39,12,5,86,46,417,203,400,41
39,28,15,5,127,1,0,23,41
39,28,15,5,188,1,0,23,41
39,12,115,20,19,69,232,23,41
39,12,115,20,19,5,15,28,41
39,12,5,60,449,332,104,23,41
39,28,15,5,127,1,44,23,41
39,12,5,48,51,172,215,28,41
39,12,115,20,19,390,424,23,41
39,12,5,60,236,1,0,23,41
39,12,5,60,290,3,498,28,41
39,12,5,60,449,332,11,28,41
39,12,5,48,51,160,0,23,41
39,12,115,20,19,390,15,28,41
39,28,46,63,17,0,175,23,41
39,12,5,60,236,1,15,28,41
39,12,5,60,195,131,33,23,41
39,12,5,60,290,3,0,23,41
39,12,5,48,51,262,27,23,41
39,12,241,469,1,3,0,23,41
39,28,90,111,203,305,13,23,41
39,12,5,60,236,1,44,23,41
39,12,5,60,195,131,104,23,41
39,12,5,60,290,3,11,28,41
39,12,5,48,51,177,13,23,41
39,12,241,469,1,5,0,23,41
39,12,241,469,1,3,11,28,41
39,28,46,63,17,34,0,23,41
39,28,181,137,333,48,337,23,41
39,12,5,60,290,3,13,23,41
39,12,5,48,51,366,44,23,41
39,12,241,469,1,7,200,207,41
39,12,241,469,1,5,11,28,41
39,12,241,469,1,3,13,23,41
39,28,46,63,17,6,0,23,41
39,12,5,60,290,3,59,28,41
39,28,181,137,71,50,0,23,41
39,12,241,469,1,9,482,155,41
39,12,241,469,1,7,0,23,41
39,12,241,469,1,5,13,23,41
39,12,241,469,1,3,59,28,41
39,12,5,60,290,3,98,28,41
39,28,181,137,71,50,44,23,41
39,12,241,469,1,22,91,155,41
39,12,315,260,0,1,44,23,41
39,12,241,469,1,7,33,23,41
39,12,241,469,1,5,15,28,41
39,12,241,469,1,3,98,28,41
39,28,181,137,22,7,200,207,41
39,28,181,137,22,1,44,23,41
39,12,241,469,1,35,33,23,41
39,12,315,260,0,3,498,28,41
39,12,315,260,0,1,15,28,41
39,12,241,469,1,7,265,23,41
39,12,241,469,1,3,498,28,41
39,28,181,137,22,7,0,23,41
39,12,73,134,1,5,0,23,41
39,12,241,469,1,69,232,23,41
39,12,315,260,0,24,272,341,41
39,12,315,260,0,3,11,28,41
39,12,5,15,16,104,150,23,41
39,12,241,469,1,7,272,341,41
39,12,245,24,19,5,0,23,41
39,28,181,137,22,7,33,23,41
39,12,73,134,1,7,200,207,41
39,12,73,134,1,5,11,28,41
39,12,241,469,1,111,203,400,41
39,12,315,260,0,17,27,23,41
39,12,315,260,0,3,13,23,41
39,12,73,134,1,3,11,28,41
39,12,90,111,1,0,175,23,41
39,12,245,24,19,45,11,28,41
39,12,245,24,19,5,11,28,41
39,28,181,137,22,7,265,23,41
39,12,73,134,1,9,482,155,41
39,12,73,134,1,7,0,23,41
39,28,231,86,226,1,44,23,41
39,12,73,134,1,5,13,23,41
39,12,241,469,1,236,357,23,41
39,12,241,469,1,111,90,28,41
39,12,245,24,19,11,40,23,41
39,12,5,48,7,22,91,155,41
39,12,315,260,0,50,44,23,41
39,12,315,260,0,17,63,106,41
39,12,5,48,7,1,15,28,41
39,12,315,260,0,3,59,28,41
39,28,11,49,46,63,203,400,41
39,12,5,371,14,2,0,23,41
39,12,2,62,103,17,0,23,41
39,28,46,33,131,104,150,23,41
39,28,90,12,5,60,33,23,41
39,28,231,86,46,170,33,23,41
39,12,73,134,1,3,13,23,41
39,12,245,24,19,390,15,28,41
39,12,245,24,19,5,13,23,41
39,28,181,137,22,7,272,341,41
39,12,73,134,1,22,91,155,41
39,12,73,134,1,7,33,23,41
39,12,5,1,69,255,11,28,41
39,28,11,3,13,5,0,23,41
39,12,73,134,1,5,15,28,41
39,12,241,469,1,475,11,28,41
39,12,245,24,19,11,440,28,41
39,28,136,291,5,48,337,23,41
39,12,5,48,7,37,200,207,41
39,12,315,260,0,56,44,23,41
39,28,46,105,447,140,33,23,41
39,12,315,260,0,17,64,23,41
39,12,5,48,7,1,44,23,41
39,12,5,127,1,7,0,23,41
39,12,315,260,0,3,98,28,41
39,12,5,371,14,3,0,23,41
39,12,2,62,103,278,13,23,41
39,12,2,62,103,17,27,23,41
39,28,90,12,5,436,383,23,41
39,12,5,127,1,3,11,28,41
39,28,136,51,5,48,337,23,41
39,28,231,86,46,417,203,400,41
39,12,73,134,1,3,59,28,41
39,12,245,24,19,69,232,23,41
39,12,245,24,19,390,424,23,41
39,12,245,24,19,5,15,28,41
39,12,73,134,1,35,33,23,41
39,12,73,134,1,7,265,23,41
39,12,5,1,69,275,63,106,41
39,12,185,72,20,19,11,28,41
39,28,46,80,271,260,0,23,41
39,28,46,80,97,1,0,23,41
39,28,11,3,13,306,91,155,41
39,12,5,86,226,1,15,28,41
39,28,136,291,5,436,383,23,41
39,28,11,5,13,3,0,23,41
39,12,5,48,7,459,424,23,41
39,12,315,260,0,5,11,28,41
39,28,46,105,240,37,200,207,41
39,12,315,260,0,17,101,28,41
39,12,5,127,1,9,482,155,41
39,12,5,127,1,7,33,23,41
39,12,5,371,14,3,11,28,41
39,12,2,62,103,17,63,106,41
39,12,2,62,7,0,175,23,41
39,12,5,1,7,48,337,23,41
39,28,90,12,5,473,33,23,41
39,12,5,127,1,3,13,23,41
39,28,136,51,5,436,383,23,41
39,12,5,11,28,67,13,23,41
39,12,5,11,28,46,63,106,41
39,12,73,134,1,3,98,28,41
39,28,453,18,6,17,0,23,41
39,12,185,72,31,16,15,28,41
39,28,453,18,6,3,13,23,41
39,12,73,134,1,69,232,23,41
39,12,73,134,1,7,272,341,41
39,12,2,14,3,0,175,23,41
39,12,185,72,192,45,11,28,41
39,12,185,72,20,7,200,207,41
39,12,2,322,194,30,36,23,41
39,28,144,299,362,5,13,23,41
39,28,46,80,117,69,232,23,41
39,12,245,24,285,32,11,28,41
39,28,46,33,7,0,175,23,41
39,12,185,72,31,13,67,28,41
39,28,15,1,0,3,13,23,41
39,28,453,18,5,60,33,23,41
39,28,46,80,97,1,44,23,41
39,12,5,86,226,1,44,23,41
39,28,136,291,5,11,40,23,41
39,28,46,33,7,1,44,23,41
39,28,46,49,11,5,0,23,41
39,28,11,5,13,306,91,155,41
39,12,5,19,45,85,244,28,41
39,12,315,260,0,380,383,23,41
39,12,315,260,0,5,13,23,41
39,12,139,11,28,46,33,23,41
39,12,5,19,24,298,44,23,41
39,28,136,51,428,22,91,155,41
39,28,136,51,130,46,63,106,41
39,12,5,127,1,22,91,155,41
39,12,5,19,45,11,40,23,41
39,28,231,86,5,48,337,23,41
39,12,5,127,1,7,200,207,41
39,12,5,371,14,3,13,23,41
39,12,2,62,7,33,46,28,41
39,12,245,24,0,3,498,28,41
39,12,2,62,103,17,64,23,41
39,12,245,24,0,1,15,28,41
39,12,5,1,7,22,91,155,41
39,12,5,126,101,28,144,23,41
39,12,492,260,0,1,44,23,41
39,12,2,10,16,31,13,23,41
39,28,90,12,5,11,40,23,41
39,28,387,186,17,6,0,23,41
39,12,5,127,1,3,59,28,41
39,28,136,51,5,60,33,23,41
39,12,2,14,3,11,40,23,41
39,12,5,19,313,17,0,23,41
39,12,5,1,0,24,272,341,41
39,12,73,134,1,3,498,28,41
39,12,5,1,0,3,11,28,41
39,28,453,18,6,37,200,207,41
39,28,453,18,6,17,27,23,41
39,12,2,322,477,67,13,23,41
39,12,185,72,31,80,46,28,41
39,12,185,72,31,16,104,23,41
39,12,73,134,1,111,203,400,41
39,28,183,16,15,390,424,23,41
39,12,2,14,3,13,67,28,41
39,12,185,72,20,30,36,23,41
39,28,145,32,11,332,104,23,41
39,12,5,19,69,1,0,23,41
39,28,46,33,473,5,0,23,41
39,12,208,166,45,85,244,28,41
39,12,185,72,20,7,0,23,41
39,28,46,80,395,163,63,106,41
39,12,73,24,19,5,0,23,41
39,12,245,24,261,84,419,23,41
39,12,245,24,285,32,145,28,41
39,12,73,24,19,11,40,23,41
39,28,144,299,37,7,200,207,41
39,12,90,111,385,33,46,28,41
39,12,2,62,7,1,0,23,41
39,28,15,1,0,24,272,341,41
39,28,453,18,5,436,383,23,41
39,12,2,14,3,1,0,23,41
39,28,248,110,35,1,44,23,41
39,28,136,291,5,473,33,23,41
39,12,5,19,11,3,0,23,41
39,12,208,166,45,11,440,28,41
39,28,46,33,7,37,200,207,41
39,28,46,33,7,1,0,23,41
39,12,2,14,371,466,424,23,41
39,28,15,5,13,305,203,400,41
39,12,5,51,160,0,175,23,41
39,28,248,110,46,170,33,23,41
39,28,46,49,11,32,178,23,41
39,28,46,49,11,5,13,23,41
39,12,5,19,45,168,13,23,41
39,28,101,126,5,309,272,341,41
39,12,315,260,0,7,33,23,41
39,12,315,260,0,5,15,28,41
39,12,139,11,28,67,13,23,41
39,12,139,11,28,46,63,106,41
39,28,46,417,203,305,13,23,41
39,12,73,84,21,438,0,23,41
39,28,136,51,364,17,63,106,41
39,28,404,72,20,30,36,23,41
39,28,404,72,20,7,0,23,41
39,12,5,127,1,475,11,28,41
39,12,5,0,175,23,144,28,41
39,28,46,86,226,1,44,23,41
39,12,5,19,45,11,440,28,41
39,28,231,86,5,436,383,23,41
39,12,5,127,1,7,265,23,41
39,12,241,11,28,46,33,23,41
39,28,11,19,313,17,63,106,41
39,28,11,19,69,1,0,23,41
39,12,5,157,174,48,337,23,41
39,12,5,157,476,299,144,23,41
39,12,5,371,14,3,59,28,41
39,12,245,24,0,17,27,23,41
39,12,245,24,0,3,11,28,41
39,12,2,62,103,17,101,28,41
39,12,139,11,3,9,482,155,41
39,12,5,1,7,459,424,23,41
39,12,139,11,3,1,0,23,41
39,12,492,260,0,3,498,28,41
39,12,492,260,0,1,15,28,41
39,28,244,85,45,11,40,23,41
39,12,2,10,16,246,206,23,41
39,28,90,12,5,1,0,23,41
39,28,244,85,52,46,33,23,41
39,12,5,127,1,3,98,28,41
39,28,136,51,5,11,40,23,41
39,12,2,14,3,11,440,28,41
39,12,241,11,40,153,33,23,41
39,28,244,331,35,1,44,23,41
39,12,5,19,20,7,200,207,41
39,12,5,19,313,17,27,23,41
39,12,5,1,0,50,44,23,41
39,12,5,1,0,3,13,23,41
39,28,248,346,3,1,44,23,41
39,28,453,18,6,17,63,106,41
39,28,11,19,5,60,33,23,41
39,12,185,72,31,16,183,28,41
39,12,73,134,1,236,357,23,41
39,12,73,134,1,111,90,28,41
39,28,183,16,494,31,13,23,41
39,28,183,16,15,1,0,23,41
39,28,59,3,13,305,203,400,41
39,28,15,349,52,46,33,23,41
39,12,185,72,20,202,206,23,41
39,28,59,367,32,9,482,155,41
39,28,145,32,11,5,0,23,41
39,28,15,1,44,50,0,23,41
39,28,356,10,2,0,175,23,41
39,12,241,11,40,23,144,28,41
39,28,11,475,1,0,175,23,41
39,12,5,19,69,255,11,28,41
39,12,5,19,69,1,15,28,41
39,12,208,166,35,110,46,28,41
39,28,46,33,121,38,401,23,41
39,28,46,33,473,5,13,23,41
39,12,208,166,35,1,15,28,41
39,12,208,166,45,168,13,23,41
39,28,59,3,0,1,44,23,41
39,12,185,72,20,7,33,23,41
39,28,11,49,46,163,63,106,41
39,12,73,24,19,45,11,28,41
39,12,73,24,19,5,11,28,41
39,28,11,259,37,6,0,23,41
39,12,5,51,48,7,265,23,41
39,12,58,254,25,19,11,28,41
39,12,245,24,251,45,11,28,41
39,12,245,24,261,84,358,28,41
39,12,58,254,25,3,11,28,41
39,12,245,24,285,32,178,23,41
39,28,46,52,21,84,419,23,41
39,12,73,24,19,11,440,28,41
39,28,144,299,37,7,0,23,41
39,12,73,84,358,28,144,23,41
39,28,11,259,329,84,419,23,41
39,28,46,130,478,7,0,23,41
39,28,46,130,51,262,27,23,41
39,12,2,62,7,22,91,155,41
39,12,2,62,7,1,15,28,41
39,28,11,257,4,3,0,23,41
39,28,46,130,51,5,13,23,41
39,28,15,1,0,17,27,23,41
39,28,453,18,5,473,33,23,41
39,28,356,10,91,306,13,23,41
39,12,139,11,40,153,33,23,41
39,28,11,257,4,0,175,23,41
39,12,2,14,3,4,0,23,41
39,12,2,14,3,1,15,28,41
39,28,11,475,1,22,91,155,41
39,28,144,489,163,46,33,23,41
39,28,136,291,5,60,33,23,41
39,28,11,259,443,445,383,23,41
39,12,5,1,3,6,0,23,41
39,12,5,19,11,49,46,28,41
39,12,5,19,11,3,13,23,41
39,28,145,32,382,1,44,23,41
39,28,46,33,7,48,337,23,41
39,12,107,7,265,23,144,28,41
39,12,5,51,177,13,67,28,41
39,12,2,14,96,48,337,23,41
39,12,2,14,371,5,0,23,41
39,28,15,5,13,3,0,23,41
39,28,248,110,46,417,203,400,41
39,28,145,32,9,1,0,23,41
39,28,46,49,11,3,0,23,41
39,12,5,1,469,241,11,28,41
39,12,5,1,382,32,145,28,41
39,28,11,19,5,0,175,23,41
39,28,11,330,260,0,175,23,41
39,28,67,13,305,203,63,106,41
39,12,5,51,428,22,91,155,41
39,12,5,1,287,323,27,23,41
39,28,101,126,5,48,337,23,41
39,12,315,260,0,7,265,23,41
39,12,5,1,287,3,0,23,41
39,28,46,86,5,48,337,23,41
39,12,73,84,261,24,0,23,41
39,12,73,84,21,1,0,23,41
39,12,90,28,46,63,203,400,41
39,28,11,45,179,17,63,106,41
39,28,136,51,364,17,0,23,41
39,28,404,72,20,202,206,23,41
39,28,404,72,20,7,33,23,41
39,12,5,127,1,35,33,23,41
39,28,11,324,287,1,44,23,41
39,12,425,220,83,5,11,28,41
39,28,15,61,48,7,200,207,41
39,28,231,86,5,11,40,23,41
39,28,15,61,48,5,13,23,41
39,12,5,19,24,0,175,23,41
39,12,245,24,0,23,144,28,41
39,28,11,332,104,131,33,23,41
39,12,5,127,1,7,272,341,41
39,12,241,11,28,67,13,23,41
39,12,241,11,28,46,63,106,41
39,28,11,19,25,3,0,23,41
39,28,11,19,313,17,0,23,41
39,28,11,19,69,275,63,106,41
39,28,11,19,69,1,44,23,41
39,12,73,134,1,0,175,23,41
39,12,334,10,16,246,206,23,41
39,12,5,157,416,3,0,23,41
39,12,5,371,14,3,98,28,41
39,12,245,24,0,50,44,23,41
39,12,107,7,272,24,0,23,41
39,12,5,13,3,0,175,23,41
39,12,245,24,0,17,63,106,41
39,12,245,24,0,3,13,23,41
39,12,139,11,3,4,0,23,41
39,12,241,11,440,28,144,23,41
39,12,107,7,0,3,498,28,41
39,12,107,7,0,1,15,28,41
39,12,139,11,3,1,44,23,41
39,28,67,13,3,9,482,155,41
39,12,492,260,0,24,272,341,41
39,12,492,260,0,3,11,28,41
39,12,73,134,180,176,33,23,41
39,12,2,29,26,320,13,23,41
39,12,2,0,175,258,215,28,41
39,28,67,13,3,0,175,23,41
39,12,5,188,1,9,482,155,41
39,28,244,85,354,16,104,23,41
39,28,244,85,45,168,13,23,41
39,12,5,188,1,7,33,23,41
39,12,5,188,1,3,13,23,41
39,28,90,12,5,309,272,341,41
39,28,90,12,5,1,44,23,41
39,28,98,3,13,305,203,400,41
39,12,2,0,7,1,15,28,41
39,12,5,127,1,3,498,28,41
39,12,189,45,179,17,101,28,41
39,28,136,51,5,473,33,23,41
39,12,139,11,40,23,144,28,41
39,12,73,279,40,23,144,28,41
39,12,5,13,305,203,63,106,41
39,12,189,45,164,1,44,23,41
39,12,5,19,54,30,36,23,41
39,12,5,19,20,202,206,23,41
39,12,5,19,20,7,0,23,41
39,12,5,19,313,17,63,106,41
39,12,5,13,3,11,40,23,41
39,12,2,0,5,19,11,28,41
39,12,5,1,0,56,44,23,41
39,28,67,13,31,16,104,23,41
39,12,5,1,0,3,59,28,41
39,28,248,346,3,4,0,23,41
39,28,248,346,3,1,0,23,41
39,28,144,23,33,46,63,106,41
39,12,5,48,61,105,46,28,41
39,28,67,13,5,0,175,23,41
39,12,2,0,457,252,200,207,41
39,28,453,18,6,17,64,23,41
39,28,11,19,5,473,33,23,41
39,12,2,0,316,403,232,23,41
39,12,73,134,1,475,11,28,41
39,28,67,13,5,309,272,341,41
39,12,115,20,19,11,440,28,41
39,28,183,16,47,123,13,23,41
39,28,11,3,6,37,200,207,41
39,28,183,16,15,5,13,23,41
39,28,183,16,15,1,44,23,41
39,28,59,3,13,5,0,23,41
39,28,11,3,6,0,175,23,41
39,28,11,3,1,69,232,23,41
39,12,185,72,20,204,44,23,41
39,12,425,220,1,5,0,23,41
39,28,145,32,11,3,0,23,41
39,28,11,3,1,0,175,23,41
39,12,425,220,1,3,11,28,41
39,28,145,32,11,5,13,23,41
39,28,15,1,44,56,0,23,41
39,12,5,13,168,311,11,28,41
39,12,107,7,37,299,144,23,41
39,28,11,3,0,1,44,23,41
39,12,73,279,40,11,440,28,41
39,28,498,3,13,305,203,400,41
39,28,15,16,104,131,33,23,41
39,28,15,16,47,3,0,23,41
39,28,440,11,49,46,63,106,41
39,12,5,19,69,275,63,106,41
39,12,5,19,69,1,44,23,41
39,12,208,166,35,331,244,28,41
39,28,440,11,19,24,272,341,41
39,12,208,166,35,110,248,28,41
39,28,46,33,60,230,203,400,41
39,12,208,166,35,1,44,23,41
39,12,58,24,272,7,0,23,41
39,28,59,3,0,24,272,341,41
39,12,185,72,20,7,265,23,41
39,28,11,49,46,170,33,23,41
39,12,73,24,19,390,15,28,41
39,12,73,24,19,5,13,23,41
39,12,2,0,3,346,248,28,41
39,12,5,11,49,46,63,106,41
39,28,11,259,37,7,200,207,41
39,12,5,51,48,61,15,28,41
39,12,5,51,48,7,0,23,41
39,12,245,24,212,45,11,28,41
39,12,58,254,25,3,13,23,41
39,28,46,446,112,37,200,207,41
39,12,5,11,32,367,59,28,41
39,28,46,52,21,1,0,23,41
39,28,144,299,37,7,33,23,41
39,12,458,173,297,38,401,23,41
39,28,46,130,478,7,33,23,41
39,28,46,130,51,48,337,23,41
39,12,458,173,114,7,200,207,41
39,12,2,62,7,37,200,207,41
39,28,11,19,24,0,175,23,41
39,12,5,13,67,28,144,23,41
39,28,15,5,48,7,265,23,41
39,12,241,11,5,433,46,28,41
39,12,2,62,7,1,44,23,41
39,28,11,257,4,3,13,23,41
39,12,241,11,5,1,44,23,41
39,28,15,1,0,50,44,23,41
39,12,241,11,259,37,200,207,41
39,12,241,11,19,24,272,341,41
39,28,15,1,0,17,63,106,41
39,28,453,18,5,11,40,23,41
39,12,241,11,19,390,15,28,41
39,12,139,11,440,28,144,23,41
39,12,154,47,3,11,440,28,41
39,12,2,14,3,6,0,23,41
39,12,2,14,3,1,44,23,41
39,28,11,475,1,35,33,23,41
39,12,5,13,3,1,15,28,41
39,28,15,1,69,275,63,106,41
39,28,215,172,376,32,178,23,41
39,28,136,291,5,1,0,23,41
39,28,215,172,51,48,337,23,41
39,12,5,48,7,0,175,23,41
39,28,11,3,4,0,175,23,41
39,12,115,20,30,16,104,23,41
39,12,5,1,3,346,248,28,41
39,12,5,19,11,332,104,23,41
39,12,5,19,11,3,59,28,41
39,28,145,32,285,24,272,341,41
39,12,241,460,439,186,387,28,41
39,28,145,32,285,24,0,23,41
39,12,241,11,3,4,0,23,41
39,28,145,32,382,1,0,23,41
39,12,241,11,3,6,0,23,41
39,28,46,33,7,22,91,155,41
39,12,241,11,3,346,248,28,41
39,28,46,33,7,459,424,23,41
39,12,5,0,1,236,357,23,41
39,12,241,11,3,1,44,23,41
39,12,5,0,1,69,232,23,41
39,28,11,19,24,298,44,23,41
39,12,5,0,1,3,11,28,41
39,12,5,473,33,23,144,28,41
39,12,5,0,1,475,11,28,41
39,12,5,0,1,3,13,23,41
39,12,5,0,1,7,200,207,41
39,12,5,0,1,3,59,28,41
39,12,5,0,1,9,482,155,41
39,12,5,0,1,7,33,23,41
39,12,5,0,1,3,98,28,41
39,12,5,0,1,22,91,155,41
39,12,5,0,1,7,265,23,41
39,12,5,0,1,3,498,28,41
39,12,5,0,1,35,33,23,41
39,12,5,0,1,7,272,341,41
39,12,5,0,1,111,90,28,41
39,28,440,11,5,473,33,23,41
39,12,5,0,1,111,203,400,41
39,28,440,11,5,436,383,23,41
39,12,241,460,439,33,46,28,41
39,28,440,11,5,48,337,23,41
39,12,154,47,16,30,36,23,41
39,28,440,11,5,60,33,23,41
39,12,154,47,16,31,13,23,41
39,28,440,11,5,1,0,23,41
39,12,154,47,16,246,206,23,41
39,28,440,11,5,1,44,23,41
39,12,2,14,371,5,11,28,41
39,12,154,47,16,10,91,155,41
39,12,2,14,371,5,13,23,41
39,28,15,5,13,306,91,155,41
39,12,2,14,371,5,15,28,41
39,12,90,111,1,3,0,23,41
39,12,2,0,1,69,232,23,41
39,12,90,111,1,5,0,23,41
39,12,90,111,1,3,11,28,41
39,12,2,0,1,7,200,207,41
39,12,90,111,1,7,200,207,41
39,12,90,111,1,5,11,28,41
39,12,90,111,1,3,13,23,41
39,12,2,0,1,111,90,28,41
39,12,2,0,1,7,33,23,41
39,12,90,111,1,9,482,155,41
39,12,90,111,1,7,0,23,41
39,12,90,111,1,5,13,23,41
39,12,90,111,1,3,59,28,41
39,12,2,0,1,3,11,28,41
39,12,2,0,1,111,203,400,41
39,12,2,0,1,7,265,23,41
39,12,90,111,1,22,91,155,41
39,12,90,111,1,7,33,23,41
39,12,90,111,1,5,15,28,41
39,12,90,111,1,3,98,28,41
39,12,2,0,1,5,13,23,41
39,12,2,0,1,3,13,23,41
39,12,2,0,1,7,272,341,41
39,12,90,111,1,35,33,23,41
39,12,90,111,1,7,265,23,41
39,12,90,111,1,3,498,28,41
39,12,2,0,1,9,482,155,41
39,12,2,0,1,5,11,28,41
39,12,2,0,1,3,59,28,41
39,12,90,111,1,69,232,23,41
39,12,90,111,1,7,272,341,41
39,12,2,0,1,35,33,23,41
39,12,2,0,1,5,15,28,41
39,12,2,0,1,3,98,28,41
39,12,90,111,1,236,357,23,41
39,12,2,0,1,475,11,28,41
39,12,2,0,1,3,498,28,41
39,12,90,111,1,475,11,28,41
39,28,145,32,9,3,0,23,41
39,28,59,3,4,0,175,23,41
39,28,145,32,9,38,401,23,41
39,28,145,32,9,3,13,23,41
39,28,145,32,9,176,33,23,41
39,28,145,32,9,1,44,23,41
39,28,145,32,9,316,0,23,41
39,28,46,49,11,3,13,23,41
39,28,11,3,452,448,206,23,41
39,28,356,10,8,484,200,207,41
39,28,11,3,8,484,200,207,41
39,28,356,10,120,35,33,23,41
39,28,356,10,8,1,0,23,41
39,28,11,3,281,38,401,23,41
39,28,11,3,8,1,0,23,41
39,28,356,10,8,3,0,23,41
39,28,356,10,8,1,44,23,41
39,28,11,3,327,22,91,155,41
39,28,11,3,8,148,0,23,41
39,28,11,3,8,1,44,23,41
39,28,356,10,8,87,63,106,41
39,28,356,10,8,3,13,23,41
39,28,11,3,250,370,203,400,41
39,28,11,3,8,10,91,155,41
39,28,356,10,8,148,0,23,41
39,28,11,3,287,1,0,23,41
39,28,11,3,8,87,63,106,41
39,28,11,3,290,60,33,23,41
39,28,11,3,287,323,27,23,41
39,28,11,3,287,1,44,23,41
39,28,11,3,372,253,13,23,41
39,12,5,0,24,19,11,28,41
39,28,11,3,392,1,44,23,41
39,12,5,0,24,298,44,23,41
39,28,11,3,47,16,104,23,41
39,28,11,3,392,1,0,23,41
39,28,11,3,14,2,0,23,41
39,28,11,3,47,123,13,23,41
39,28,11,3,75,31,13,23,41
39,28,46,433,5,48,337,23,41
39,12,5,1,8,3,11,28,41
39,28,46,433,5,436,383,23,41
39,12,5,1,21,52,46,28,41
39,12,5,1,8,10,356,28,41
39,12,5,1,8,3,0,23,41
39,28,46,433,5,11,40,23,41
39,12,5,1,392,3,498,28,41
39,12,5,1,21,84,419,23,41
39,12,5,1,21,52,481,28,41
39,12,5,1,8,148,0,23,41
39,12,5,1,8,10,91,155,41
39,12,5,1,8,3,13,23,41
39,28,46,433,5,473,33,23,41
39,12,5,1,57,465,150,23,41
39,12,5,1,392,3,0,23,41
39,12,5,1,21,438,0,23,41
39,12,5,1,21,84,358,28,41
39,12,5,1,8,87,63,106,41
39,12,5,1,8,3,59,28,41
39,28,46,433,5,60,33,23,41
39,12,5,1,431,490,104,23,41
39,12,5,1,57,31,13,23,41
39,12,5,1,392,3,11,28,41
39,12,5,1,21,118,11,28,41
39,12,5,1,8,484,200,207,41
39,12,5,1,8,3,98,28,41
39,28,46,433,5,1,0,23,41
39,12,5,1,487,37,200,207,41
39,12,5,1,431,190,33,23,41
39,12,5,1,392,3,13,23,41
39,12,5,1,21,140,33,23,41
39,12,5,1,8,3,498,28,41
39,28,46,433,5,1,44,23,41
39,12,5,1,326,252,200,207,41
39,12,5,1,392,3,59,28,41
39,12,5,1,441,131,33,23,41
39,12,5,1,392,3,98,28,41
39,12,5,1,152,34,0,23,41
39,12,5,1,441,131,104,23,41
39,12,5,1,157,307,33,23,41
39,12,5,1,382,32,178,23,41
39,12,5,1,161,264,136,28,41
39,12,5,1,157,253,13,23,41
39,12,5,1,97,420,175,23,41
39,12,5,51,364,17,63,106,41
39,12,5,1,164,45,11,28,41
39,12,5,1,97,80,46,28,41
39,12,5,51,294,19,11,28,41
39,12,5,51,364,17,0,23,41
39,12,5,1,100,260,0,23,41
39,12,5,51,364,17,27,23,41
39,12,5,1,226,86,46,28,41
39,12,5,1,100,414,337,23,41
39,12,5,51,364,17,64,23,41
39,12,5,1,226,86,231,28,41
39,12,5,51,364,17,101,28,41
39,28,356,10,16,104,150,23,41
39,28,46,170,33,7,265,23,41
39,28,101,126,5,436,383,23,41
39,28,46,170,33,131,104,23,41
39,28,46,170,33,7,0,23,41
39,28,101,126,5,11,40,23,41
39,28,46,170,33,7,200,207,41
39,28,101,126,5,473,33,23,41
39,28,46,170,33,7,272,341,41
39,28,101,126,5,60,33,23,41
39,12,315,260,0,7,200,207,41
39,28,101,126,5,1,0,23,41
39,12,315,260,0,7,272,341,41
39,28,101,126,5,1,44,23,41
39,12,5,1,287,3,13,23,41
39,28,46,86,5,436,383,23,41
39,12,5,1,287,3,59,28,41
39,28,46,86,5,11,40,23,41
39,12,5,1,287,3,98,28,41
39,28,46,86,5,473,33,23,41
39,12,5,1,287,3,498,28,41
39,28,46,86,5,60,33,23,41
39,28,98,3,1,35,33,23,41
39,28,46,86,5,1,0,23,41
39,28,98,3,1,236,357,23,41
39,28,46,86,5,1,44,23,41
39,28,98,3,1,22,91,155,41
39,12,73,84,329,259,11,28,41
39,28,98,3,1,9,482,155,41
39,12,73,84,261,24,272,341,41
39,28,98,3,1,5,0,23,41
39,28,98,3,1,7,33,23,41
39,28,98,3,1,111,203,400,41
39,28,98,3,1,5,13,23,41
39,28,98,3,1,7,200,207,41
39,12,73,84,21,52,46,28,41
39,28,98,3,1,7,265,23,41
39,12,73,84,21,118,11,28,41
39,12,73,84,21,52,481,28,41
39,28,98,3,1,7,272,341,41
39,12,73,84,21,140,33,23,41
39,12,73,84,21,1,15,28,41
39,12,139,289,82,67,13,23,41
39,12,73,84,21,1,44,23,41
39,12,5,0,3,11,40,23,41
39,28,59,3,8,10,91,155,41
39,12,5,0,3,11,440,28,41
39,28,59,3,250,370,203,400,41
39,28,59,3,8,1,0,23,41
39,28,59,3,281,38,401,23,41
39,28,59,3,8,148,0,23,41
39,28,59,3,8,1,44,23,41
39,28,59,3,452,448,206,23,41
39,28,59,3,8,87,63,106,41
39,28,59,3,290,60,33,23,41
39,28,59,3,8,484,200,207,41
39,28,59,3,287,1,0,23,41
39,12,154,47,147,4,0,23,41
39,28,59,3,327,22,91,155,41
39,28,59,3,287,323,27,23,41
39,28,59,3,287,1,44,23,41
39,12,154,47,410,30,36,23,41
39,28,59,3,392,1,0,23,41
39,28,11,45,19,390,424,23,41
39,28,59,3,372,253,13,23,41
39,28,59,3,392,1,44,23,41
39,28,11,45,53,38,401,23,41
39,28,11,45,19,24,272,341,41
39,28,59,3,47,16,104,23,41
39,28,11,45,164,1,0,23,41
39,28,11,45,19,5,0,23,41
39,28,11,45,19,24,0,23,41
39,28,59,3,75,31,13,23,41
39,28,59,3,47,123,13,23,41
39,28,11,45,166,35,33,23,41
39,28,11,45,164,1,44,23,41
39,28,11,45,19,69,232,23,41
39,28,11,45,19,5,13,23,41
39,28,59,3,14,2,0,23,41
39,28,11,45,212,24,272,341,41
39,12,154,47,71,50,0,23,41
39,28,11,45,251,24,272,341,41
39,28,11,45,212,24,0,23,41
39,12,154,47,71,137,181,28,41
39,12,154,47,71,50,44,23,41
39,28,11,45,319,17,0,23,41
39,28,11,45,251,24,0,23,41
39,28,11,45,360,37,200,207,41
39,28,11,45,319,17,27,23,41
39,28,11,45,379,2,0,23,41
39,28,11,45,319,17,63,106,41
39,28,11,45,132,30,36,23,41
39,28,11,45,319,17,64,23,41
39,28,11,45,146,30,36,23,41
39,28,11,45,179,17,0,23,41
39,28,136,51,364,17,27,23,41
39,28,11,45,179,17,27,23,41
39,28,136,51,364,17,64,23,41
39,28,11,45,179,17,64,23,41
39,12,58,24,19,45,11,28,41
39,28,404,72,20,204,44,23,41
39,12,58,24,19,390,15,28,41
39,28,59,3,6,37,200,207,41
39,12,58,24,19,69,232,23,41
39,12,58,24,19,390,424,23,41
39,28,59,3,6,17,0,23,41
39,12,58,24,19,5,11,28,41
39,28,59,3,6,17,27,23,41
39,12,58,24,19,5,13,23,41
39,28,59,3,6,17,63,106,41
39,12,58,24,19,5,15,28,41
39,28,59,3,6,17,64,23,41
39,28,404,72,20,7,265,23,41
39,12,5,127,1,69,232,23,41
39,28,404,72,20,7,272,341,41
39,12,5,127,1,111,90,28,41
39,28,59,3,6,0,175,23,41
39,12,5,127,1,236,357,23,41
39,12,5,127,1,111,203,400,41
39,28,11,241,469,1,0,23,41
39,28,11,324,287,3,0,23,41
39,28,11,139,12,2,0,23,41
39,28,11,241,12,5,13,23,41
39,28,11,241,469,1,44,23,41
39,28,11,324,287,323,27,23,41
39,28,11,324,287,3,13,23,41
39,28,11,118,21,84,419,23,41
39,28,11,139,359,69,232,23,41
39,28,11,139,12,5,0,23,41
39,28,11,241,460,439,33,23,41
39,28,11,241,12,2,0,23,41
39,28,11,241,12,5,0,23,41
39,28,11,118,21,1,0,23,41
39,28,11,139,12,5,13,23,41
39,28,11,118,21,438,0,23,41
39,28,11,118,21,1,44,23,41
39,28,11,118,21,140,33,23,41
39,28,11,324,287,1,0,23,41
39,12,73,24,0,1,44,23,41
39,12,2,379,45,19,11,28,41
39,12,73,24,0,3,498,28,41
39,12,73,24,0,1,15,28,41
39,12,2,379,45,85,244,28,41
39,12,73,24,0,17,27,23,41
39,12,73,24,0,3,11,28,41
39,12,2,379,45,168,13,23,41
39,12,73,24,0,50,44,23,41
39,12,73,24,0,17,63,106,41
39,12,73,24,0,3,13,23,41
39,12,73,24,0,56,44,23,41
39,12,73,24,0,17,64,23,41
39,12,73,24,0,3,59,28,41
39,12,73,24,0,5,11,28,41
39,12,73,24,0,17,101,28,41
39,12,73,24,0,3,98,28,41
39,12,73,24,0,7,33,23,41
39,12,73,24,0,5,13,23,41
39,12,73,24,0,380,383,23,41
39,12,73,24,0,7,265,23,41
39,12,73,24,0,5,15,28,41
39,12,73,24,0,7,200,207,41
39,12,58,24,19,11,440,28,41
39,12,73,24,0,7,272,341,41
39,12,425,220,83,5,13,23,41
39,12,2,379,45,11,40,23,41
39,12,425,220,83,5,15,28,41
39,12,2,379,45,11,440,28,41
39,28,15,61,48,7,0,23,41
39,28,231,86,5,473,33,23,41
39,28,15,61,48,7,33,23,41
39,28,231,86,5,60,33,23,41
39,28,15,61,48,7,265,23,41
39,28,231,86,5,1,0,23,41
39,28,15,61,48,7,272,341,41
39,28,231,86,5,1,44,23,41
39,12,115,20,7,22,91,155,41
39,12,315,260,0,23,144,28,41
39,12,115,20,7,37,200,207,41
39,28,15,1,3,0,175,23,41
39,12,115,20,7,48,337,23,41
39,12,115,20,7,1,15,28,41
39,12,115,20,7,459,424,23,41
39,12,115,20,7,1,44,23,41
39,28,15,5,0,1,44,23,41
39,12,245,24,272,7,200,207,41
39,28,15,5,0,3,13,23,41
39,12,245,24,272,7,0,23,41
39,28,15,5,0,24,272,341,41
39,12,245,24,272,7,33,23,41
39,28,15,5,0,50,44,23,41
39,12,245,24,272,7,265,23,41
39,28,15,5,0,56,44,23,41
39,28,59,3,1,69,232,23,41
39,28,15,5,0,7,200,207,41
39,28,59,3,1,7,0,23,41
39,28,15,5,0,17,27,23,41
39,28,15,5,0,7,33,23,41
39,28,59,3,1,35,33,23,41
39,28,59,3,1,7,33,23,41
39,28,15,5,0,380,383,23,41
39,28,15,5,0,17,63,106,41
39,28,15,5,0,7,265,23,41
39,28,59,3,1,236,357,23,41
39,28,59,3,1,7,200,207,41
39,28,15,5,0,17,64,23,41
39,28,15,5,0,7,272,341,41
39,28,59,3,1,22,91,155,41
39,28,59,3,1,7,265,23,41
39,28,59,3,1,9,482,155,41
39,28,59,3,1,7,272,341,41
39,28,59,3,1,5,0,23,41
39,28,101,126,5,0,175,23,41
39,28,59,3,1,111,203,400,41
39,28,59,3,1,5,13,23,41
39,28,15,1,7,0,175,23,41
39,12,5,309,272,7,33,23,41
39,28,11,19,76,17,63,106,41
39,12,5,309,272,7,265,23,41
39,28,11,19,20,7,200,207,41
39,28,11,19,76,162,44,23,41
39,28,11,19,76,17,0,23,41
39,28,11,19,54,30,36,23,41
39,28,11,19,20,30,36,23,41
39,28,11,19,20,7,0,23,41
39,28,11,19,76,17,27,23,41
39,28,11,19,45,168,13,23,41
39,28,11,19,20,202,206,23,41
39,28,11,19,20,7,33,23,41
39,28,11,19,76,17,64,23,41
39,28,11,19,20,204,44,23,41
39,28,11,19,20,7,265,23,41
39,12,5,11,45,168,13,23,41
39,28,11,19,20,7,272,341,41
39,12,5,11,257,4,0,23,41
39,12,5,11,45,85,244,28,41
39,12,5,11,311,168,13,23,41
39,12,5,11,19,24,272,341,41
39,12,5,11,139,348,248,28,41
39,12,5,11,19,69,232,23,41
39,12,5,11,19,24,0,23,41
39,12,5,11,259,37,200,207,41
39,28,11,19,25,3,13,23,41
39,12,5,11,475,1,0,23,41
39,12,5,11,259,443,272,341,41
39,12,5,11,255,69,232,23,41
39,12,5,11,475,1,15,28,41
39,12,5,11,330,260,0,23,41
39,12,5,11,475,1,44,23,41
39,28,11,19,313,17,27,23,41
39,12,5,11,19,390,424,23,41
39,28,11,19,313,17,64,23,41
39,12,73,24,285,32,11,28,41
39,12,5,0,3,13,67,28,41
39,12,73,24,261,84,358,28,41
39,12,73,24,285,32,145,28,41
39,12,73,24,251,45,11,28,41
39,12,73,24,261,84,419,23,41
39,12,73,24,285,32,178,23,41
39,12,73,24,212,45,11,28,41
39,12,154,47,3,4,0,23,41
39,12,154,47,3,1,15,28,41
39,12,154,47,3,6,0,23,41
39,12,154,47,3,1,44,23,41
39,12,154,47,3,9,482,155,41
39,12,115,20,74,31,13,23,41
39,12,154,47,3,346,248,28,41
39,12,115,20,78,1,0,23,41
39,12,115,20,74,94,0,23,41
39,12,115,20,95,209,40,23,41
39,12,115,20,78,1,15,28,41
39,12,115,20,470,45,11,28,41
39,12,115,20,78,1,44,23,41
39,12,115,20,201,82,67,28,41
39,12,5,157,416,3,11,28,41
39,12,115,20,269,51,136,28,41
39,12,5,157,416,3,13,23,41
39,12,115,20,284,19,11,28,41
39,12,5,157,416,3,59,28,41
39,12,115,20,497,37,200,207,41
39,12,5,157,416,3,98,28,41
39,12,5,371,14,3,498,28,41
39,12,5,157,416,3,498,28,41
39,12,245,24,0,56,44,23,41
39,28,101,126,427,7,33,23,41
39,12,245,24,0,5,11,28,41
39,28,101,126,409,177,13,23,41
39,28,101,126,427,7,0,23,41
39,12,245,24,0,7,33,23,41
39,12,245,24,0,5,13,23,41
39,28,101,126,427,7,200,207,41
39,12,245,24,0,380,383,23,41
39,12,245,24,0,7,265,23,41
39,12,245,24,0,5,15,28,41
39,28,101,126,427,7,265,23,41
39,12,245,24,0,7,200,207,41
39,28,101,126,427,7,272,341,41
39,12,245,24,0,7,272,341,41
39,12,115,20,21,1,0,23,41
39,28,15,1,111,385,33,23,41
39,12,115,20,21,52,46,28,41
39,12,115,20,21,1,15,28,41
39,12,115,20,21,84,419,23,41
39,12,115,20,21,52,481,28,41
39,12,115,20,21,1,44,23,41
39,12,115,20,21,118,11,28,41
39,12,115,20,21,84,358,28,41
39,12,115,20,21,140,33,23,41
39,28,15,113,4,3,13,23,41
39,12,245,24,0,17,64,23,41
39,28,59,3,11,332,104,23,41
39,12,245,24,0,17,101,28,41
39,28,59,3,11,32,178,23,41
39,28,59,3,1,0,175,23,41
39,28,59,3,11,5,0,23,41
39,28,15,1,111,203,63,106,41
39,28,59,3,11,5,13,23,41
39,28,15,1,3,11,40,23,41
39,12,245,24,0,3,59,28,41
39,28,15,1,3,9,482,155,41
39,12,245,24,0,3,98,28,41
39,28,15,1,3,6,0,23,41
39,12,139,11,3,6,0,23,41
39,28,15,1,3,4,0,23,41
39,12,139,11,3,346,248,28,41
39,12,107,7,0,17,63,106,41
39,28,11,332,449,60,33,23,41
39,12,107,7,0,50,44,23,41
39,12,107,7,0,17,27,23,41
39,12,107,7,0,56,44,23,41
39,12,107,7,0,17,64,23,41
39,12,107,7,0,5,11,28,41
39,12,107,7,0,17,101,28,41
39,12,107,7,0,24,272,341,41
39,12,107,7,0,5,13,23,41
39,12,107,7,0,380,383,23,41
39,12,107,7,0,5,15,28,41
39,28,11,255,69,1,0,23,41
39,12,107,7,0,3,11,28,41
39,28,11,255,69,275,63,106,41
39,28,11,255,69,1,44,23,41
39,12,107,7,0,3,13,23,41
39,12,315,260,271,80,46,28,41
39,12,107,7,0,3,59,28,41
39,12,5,51,130,46,33,23,41
39,12,107,7,0,3,98,28,41
39,12,5,51,130,46,63,106,41
39,12,315,260,100,1,0,23,41
39,28,67,13,3,11,40,23,41
39,12,315,260,100,1,15,28,41
39,28,67,13,3,1,44,23,41
39,12,315,260,100,1,44,23,41
39,28,67,13,3,6,0,23,41
39,28,67,13,3,1,0,23,41
39,28,67,13,3,4,0,23,41
39,12,492,260,0,17,27,23,41
39,12,73,279,40,153,33,23,41
39,12,492,260,0,50,44,23,41
39,12,492,260,0,17,63,106,41
39,12,492,260,0,56,44,23,41
39,12,492,260,0,17,64,23,41
39,12,492,260,0,5,11,28,41
39,12,492,260,0,17,101,28,41
39,12,492,260,0,380,383,23,41
39,12,492,260,0,5,13,23,41
39,12,492,260,0,7,33,23,41
39,12,492,260,0,5,15,28,41
39,12,492,260,0,7,265,23,41
39,28,46,163,63,17,27,23,41
39,12,492,260,0,7,200,207,41
39,28,46,163,63,17,0,23,41
39,12,492,260,0,7,272,341,41
39,28,46,163,63,17,64,23,41
39,28,98,3,14,2,0,23,41
39,12,492,260,0,3,13,23,41
39,28,98,3,8,484,200,207,41
39,12,492,260,0,3,59,28,41
39,28,98,3,281,38,401,23,41
39,28,98,3,8,1,0,23,41
39,12,492,260,0,3,98,28,41
39,28,98,3,290,60,33,23,41
39,28,98,3,8,148,0,23,41
39,28,98,3,8,1,44,23,41
39,28,98,3,47,123,13,23,41
39,28,98,3,8,10,91,155,41
39,28,98,3,392,1,44,23,41
39,28,98,3,47,16,104,23,41
39,28,98,3,8,87,63,106,41
39,28,98,3,452,448,206,23,41
39,28,98,3,392,1,0,23,41
39,28,98,3,372,253,13,23,41
39,12,2,233,71,50,0,23,41
39,28,98,3,75,31,13,23,41
39,12,2,233,71,137,181,28,41
39,12,2,233,71,50,44,23,41
39,28,98,3,287,1,0,23,41
39,12,2,233,71,304,206,23,41
39,28,98,3,287,323,27,23,41
39,28,98,3,287,1,44,23,41
39,28,356,10,16,246,206,23,41
39,12,2,29,26,389,145,28,41
39,28,356,10,16,30,36,23,41
39,12,5,188,1,22,91,155,41
39,28,356,10,16,31,13,23,41
39,12,5,188,1,475,11,28,41
39,12,5,19,11,28,144,23,41
39,12,5,188,1,35,33,23,41
39,12,5,0,3,1,44,23,41
39,12,5,188,1,69,232,23,41
39,12,5,0,3,9,482,155,41
39,12,5,0,3,1,15,28,41
39,12,5,188,1,111,90,28,41
39,12,5,0,3,346,248,28,41
39,12,5,188,1,236,357,23,41
39,12,5,188,1,111,203,400,41
39,28,11,3,9,1,0,23,41
39,28,59,3,9,1,0,23,41
39,28,11,3,9,38,401,23,41
39,28,11,3,9,1,44,23,41
39,28,59,3,9,38,401,23,41
39,28,59,3,9,1,44,23,41
39,28,11,3,9,32,178,23,41
39,28,59,3,9,32,178,23,41
39,28,11,3,9,176,33,23,41
39,28,59,3,9,176,33,23,41
39,28,11,3,9,316,0,23,41
39,28,59,3,9,316,0,23,41
39,12,315,260,330,11,440,28,41
39,28,440,11,3,1,44,23,41
39,12,5,188,1,7,200,207,41
39,28,440,11,3,6,0,23,41
39,28,440,11,3,1,0,23,41
39,12,5,188,1,7,265,23,41
39,28,440,11,3,4,0,23,41
39,12,5,188,1,7,272,341,41
39,12,58,24,0,3,498,28,41
39,12,5,188,1,3,59,28,41
39,12,58,24,0,17,27,23,41
39,12,58,24,0,3,11,28,41
39,12,5,188,1,3,98,28,41
39,12,58,24,0,50,44,23,41
39,12,58,24,0,17,63,106,41
39,12,58,24,0,3,13,23,41
39,12,5,188,1,3,498,28,41
39,12,58,24,0,56,44,23,41
39,12,58,24,0,17,64,23,41
39,12,58,24,0,3,59,28,41
39,12,58,24,0,5,11,28,41
39,12,58,24,0,17,101,28,41
39,12,58,24,0,3,98,28,41
39,12,58,24,0,7,33,23,41
39,12,58,24,0,5,13,23,41
39,12,58,24,0,380,383,23,41
39,12,58,24,0,7,265,23,41
39,12,58,24,0,5,15,28,41
39,12,58,24,0,7,200,207,41
39,12,58,24,0,1,15,28,41
39,12,58,24,0,7,272,341,41
39,28,98,3,13,5,0,23,41
39,12,2,0,7,48,337,23,41
39,28,98,3,13,306,91,155,41
39,12,2,0,7,459,424,23,41
39,28,15,1,9,176,33,23,41
39,28,98,3,6,17,27,23,41
39,28,15,1,9,32,178,23,41
39,28,98,3,6,17,63,106,41
39,28,15,1,9,3,0,23,41
39,28,98,3,6,17,64,23,41
39,28,15,1,9,316,0,23,41
39,28,15,1,9,3,13,23,41
39,28,15,1,9,38,401,23,41
39,12,2,0,7,1,44,23,41
39,12,189,45,109,361,11,28,41
39,28,498,3,9,38,401,23,41
39,12,189,45,212,24,0,23,41
39,28,498,3,9,32,178,23,41
39,12,189,45,251,24,272,341,41
39,12,189,45,212,24,272,341,41
39,28,498,3,9,176,33,23,41
39,12,189,45,319,17,64,23,41
39,12,189,45,251,24,0,23,41
39,28,498,3,9,316,0,23,41
39,12,189,45,360,37,200,207,41
39,12,189,45,319,17,0,23,41
39,12,189,45,53,38,401,23,41
39,12,189,45,319,17,27,23,41
39,12,189,45,132,30,36,23,41
39,12,189,45,319,17,63,106,41
39,12,189,45,379,2,0,23,41
39,12,189,45,132,172,215,28,41
39,12,189,45,319,17,101,28,41
39,12,189,45,146,30,36,23,41
39,12,189,45,179,17,0,23,41
39,12,189,45,166,35,33,23,41
39,12,189,45,179,17,27,23,41
39,28,136,51,5,1,0,23,41
39,12,189,45,179,17,63,106,41
39,28,136,51,5,1,44,23,41
39,12,189,45,179,17,64,23,41
39,28,498,3,9,1,44,23,41
39,12,139,11,5,433,46,28,41
39,28,11,5,0,1,44,23,41
39,12,139,11,5,473,33,23,41
39,28,11,5,0,17,63,106,41
39,12,139,11,5,48,337,23,41
39,28,11,5,0,24,272,341,41
39,28,11,5,0,17,27,23,41
39,12,139,11,5,51,136,28,41
39,28,11,5,0,3,13,23,41
39,28,11,5,0,17,64,23,41
39,12,139,11,5,60,33,23,41
39,28,11,5,0,50,44,23,41
39,12,139,11,5,126,101,28,41
39,28,11,5,0,56,44,23,41
39,12,139,11,5,291,136,28,41
39,28,11,5,0,7,33,23,41
39,12,139,11,5,309,272,341,41
39,28,11,5,0,380,383,23,41
39,28,11,5,0,7,265,23,41
39,12,139,11,5,436,383,23,41
39,28,11,5,0,7,200,207,41
39,12,139,11,5,86,46,28,41
39,28,11,5,0,7,272,341,41
39,12,139,11,5,86,231,28,41
39,12,189,45,11,3,0,23,41
39,12,90,28,11,332,104,23,41
39,12,189,45,11,5,0,23,41
39,12,189,45,11,3,13,23,41
39,12,90,28,11,32,178,23,41
39,12,189,45,11,32,178,23,41
39,12,189,45,11,5,13,23,41
39,12,189,45,11,3,59,28,41
39,12,90,28,11,5,0,23,41
39,12,189,45,11,49,46,28,41
39,12,189,45,11,32,145,28,41
39,12,189,45,11,5,15,28,41
39,12,189,45,11,3,98,28,41
39,12,90,28,11,3,0,23,41
39,12,90,28,11,5,13,23,41
39,12,189,45,11,332,104,23,41
39,12,189,45,11,3,498,28,41
39,12,90,28,11,3,13,23,41
39,12,139,11,5,1,44,23,41
39,12,5,19,76,162,44,23,41
39,12,5,19,20,204,44,23,41
39,12,5,19,25,3,498,28,41
39,12,5,19,76,17,0,23,41
39,12,5,19,20,30,36,23,41
39,12,5,19,294,51,136,28,41
39,12,5,19,25,3,0,23,41
39,12,5,19,76,17,27,23,41
39,12,5,19,20,72,404,28,41
39,12,5,19,25,3,11,28,41
39,12,5,19,76,17,63,106,41
39,12,5,19,25,3,13,23,41
39,12,5,19,76,17,64,23,41
39,12,5,19,25,3,59,28,41
39,12,5,19,76,17,101,28,41
39,12,5,19,25,3,98,28,41
39,28,101,17,6,37,200,207,41
39,12,5,19,20,7,33,23,41
39,28,101,17,6,3,13,23,41
39,12,5,19,20,7,265,23,41
39,12,5,19,313,17,64,23,41
39,12,5,19,20,7,272,341,41
39,12,5,19,313,17,101,28,41
39,12,90,28,46,163,63,106,41
39,12,5,13,3,11,440,28,41
39,12,90,28,46,170,33,23,41
39,12,2,0,5,473,33,23,41
39,12,90,28,46,417,203,400,41
39,12,2,0,5,86,231,28,41
39,12,139,11,475,1,15,28,41
39,12,2,0,5,48,337,23,41
39,12,2,0,5,86,46,28,41
39,12,139,11,330,260,0,23,41
39,12,139,11,475,1,0,23,41
39,12,2,0,5,51,136,28,41
39,12,139,11,255,69,232,23,41
39,12,139,11,475,1,44,23,41
39,12,2,0,5,291,136,28,41
39,12,139,11,257,4,0,23,41
39,12,2,0,5,309,272,341,41
39,12,139,11,45,85,244,28,41
39,12,2,0,5,433,46,28,41
39,12,139,11,311,168,13,23,41
39,12,139,11,45,168,13,23,41
39,12,2,0,5,436,383,23,41
39,12,5,1,0,7,200,207,41
39,12,2,0,5,60,33,23,41
39,12,5,1,0,17,27,23,41
39,12,5,1,0,7,33,23,41
39,12,2,0,5,126,101,28,41
39,12,5,1,0,380,383,23,41
39,12,5,1,0,17,63,106,41
39,12,5,1,0,7,265,23,41
39,12,5,1,0,17,64,23,41
39,12,5,1,0,7,272,341,41
39,12,5,1,0,17,101,28,41
39,28,15,1,22,7,0,23,41
39,28,15,1,5,11,40,23,41
39,28,15,1,22,7,33,23,41
39,28,15,1,5,436,383,23,41
39,28,15,1,22,7,200,207,41
39,28,15,1,5,60,33,23,41
39,28,15,1,22,7,265,23,41
39,28,15,1,5,473,33,23,41
39,28,15,1,22,7,272,341,41
39,28,15,1,5,48,337,23,41
39,12,139,11,19,24,272,341,41
39,28,15,1,5,309,272,341,41
39,12,139,11,19,5,0,23,41
39,12,139,11,19,24,0,23,41
39,12,139,11,19,69,232,23,41
39,12,139,11,19,5,13,23,41
39,12,139,11,19,390,424,23,41
39,12,139,11,19,5,15,28,41
39,12,5,1,0,3,98,28,41
39,28,248,346,3,6,0,23,41
39,28,15,1,7,37,200,207,41
39,28,248,346,3,9,482,155,41
39,28,15,1,7,48,337,23,41
39,28,144,23,0,7,200,207,41
39,28,15,1,7,22,91,155,41
39,28,144,23,13,305,203,400,41
39,28,144,23,0,17,63,106,41
39,28,144,23,0,7,272,341,41
39,28,15,1,7,459,424,23,41
39,28,144,23,265,7,200,207,41
39,28,144,23,13,306,91,155,41
39,28,144,23,0,24,272,341,41
39,28,144,23,27,17,63,106,41
39,28,144,23,265,7,272,341,41
39,28,144,23,64,17,63,106,41
39,28,144,23,33,7,200,207,41
39,28,498,3,11,32,178,23,41
39,28,144,23,33,7,272,341,41
39,28,498,3,11,5,0,23,41
39,28,101,17,63,46,33,23,41
39,28,498,3,11,5,13,23,41
39,28,11,32,197,412,0,23,41
39,28,11,32,9,1,0,23,41
39,28,11,32,247,48,337,23,41
39,28,11,32,197,38,401,23,41
39,28,11,32,9,3,0,23,41
39,28,11,32,9,1,44,23,41
39,28,11,32,285,24,0,23,41
39,28,11,32,9,38,401,23,41
39,28,11,32,9,3,13,23,41
39,28,11,32,382,1,0,23,41
39,28,11,32,285,24,272,341,41
39,28,11,32,9,176,33,23,41
39,28,11,32,382,1,44,23,41
39,28,11,32,9,316,0,23,41
39,12,2,0,260,330,11,28,41
39,28,11,19,5,436,383,23,41
39,12,2,0,94,263,46,28,41
39,28,11,19,5,1,0,23,41
39,12,2,0,34,38,401,23,41
39,28,11,19,5,48,337,23,41
39,28,11,19,5,1,44,23,41
39,12,2,0,6,17,63,106,41
39,12,2,0,34,17,27,23,41
39,28,11,19,5,309,272,341,41
39,12,2,0,4,3,59,28,41
39,12,2,0,6,3,98,28,41
39,12,2,0,6,17,27,23,41
39,12,2,0,34,17,63,106,41
39,12,2,0,99,80,46,28,41
39,12,2,0,4,113,15,28,41
39,12,2,0,4,3,11,28,41
39,12,2,0,6,18,453,28,41
39,12,2,0,6,3,11,28,41
39,12,2,0,6,17,64,23,41
39,12,2,0,34,17,64,23,41
39,12,2,0,160,51,136,28,41
39,12,2,0,4,257,11,28,41
39,12,2,0,4,3,13,23,41
39,12,2,0,6,37,200,207,41
39,12,2,0,6,3,13,23,41
39,12,2,0,6,17,101,28,41
39,12,2,0,34,17,101,28,41
39,12,2,0,4,3,98,28,41
39,12,2,0,6,3,59,28,41
39,12,2,0,4,3,498,28,41
39,12,2,0,6,3,498,28,41
39,12,334,335,343,45,11,28,41
39,28,67,13,5,48,337,23,41
39,28,183,16,47,3,0,23,41
39,28,67,13,5,436,383,23,41
39,28,183,16,47,3,13,23,41
39,28,67,13,5,473,33,23,41
39,28,11,3,6,17,0,23,41
39,28,67,13,5,11,40,23,41
39,28,11,3,6,17,27,23,41
39,28,67,13,5,60,33,23,41
39,28,11,3,6,17,63,106,41
39,28,67,13,5,1,0,23,41
39,28,11,3,6,17,64,23,41
39,28,67,13,5,1,44,23,41
39,12,5,13,23,33,46,28,41
39,12,5,0,7,33,46,28,41
39,12,5,13,23,40,11,28,41
39,12,334,496,362,5,11,28,41
39,28,183,16,15,5,0,23,41
39,12,334,496,362,5,13,23,41
39,28,15,1,8,87,63,106,41
39,12,334,496,362,5,15,28,41
39,28,15,1,487,37,200,207,41
39,28,15,1,8,3,13,23,41
39,28,15,1,326,252,200,207,41
39,28,15,1,8,148,0,23,41
39,28,15,1,8,3,0,23,41
39,28,15,1,57,465,150,23,41
39,28,15,1,8,484,200,207,41
39,28,15,1,431,490,104,23,41
39,28,15,1,57,31,13,23,41
39,28,15,1,8,10,91,155,41
39,28,15,1,475,11,40,23,41
39,28,15,1,431,190,33,23,41
39,28,15,1,21,438,0,23,41
39,28,101,17,76,162,44,23,41
39,28,15,1,382,32,178,23,41
39,28,15,1,21,140,33,23,41
39,28,101,17,103,278,13,23,41
39,28,15,1,392,3,0,23,41
39,28,15,1,21,84,419,23,41
39,28,15,1,441,131,33,23,41
39,28,15,1,392,3,13,23,41
39,28,15,1,97,420,175,23,41
39,28,15,1,441,131,104,23,41
39,28,15,1,127,5,0,23,41
39,28,101,17,186,131,33,23,41
39,28,15,1,157,307,33,23,41
39,28,15,1,127,5,13,23,41
39,28,101,17,186,131,104,23,41
39,28,59,3,13,306,91,155,41
39,28,15,1,152,34,0,23,41
39,28,15,1,157,5,0,23,41
39,28,15,1,236,60,33,23,41
39,28,15,1,100,414,337,23,41
39,28,15,1,157,253,13,23,41
39,28,15,1,157,5,13,23,41
39,28,15,1,161,5,0,23,41
39,28,15,1,100,260,0,23,41
39,28,11,3,1,7,0,23,41
39,28,15,1,188,5,0,23,41
39,28,15,1,161,5,13,23,41
39,28,11,3,1,35,33,23,41
39,28,11,3,1,7,33,23,41
39,28,15,1,287,323,27,23,41
39,28,15,1,188,5,13,23,41
39,28,11,3,1,236,357,23,41
39,28,11,3,1,7,200,207,41
39,28,15,1,287,3,13,23,41
39,28,11,3,1,22,91,155,41
39,28,11,3,1,7,265,23,41
39,28,15,1,287,3,0,23,41
39,28,11,3,1,9,482,155,41
39,28,11,3,1,7,272,341,41
39,12,90,28,15,390,424,23,41
39,28,11,3,1,5,0,23,41
39,28,15,1,5,0,175,23,41
39,12,90,28,183,16,104,23,41
39,12,90,28,15,1,0,23,41
39,28,11,3,1,111,203,400,41
39,28,11,3,1,5,13,23,41
39,12,90,28,215,351,150,23,41
39,12,90,28,15,5,0,23,41
39,12,90,28,15,1,44,23,41
39,12,90,28,101,17,63,106,41
39,12,90,28,215,266,203,400,41
39,12,90,28,15,16,104,23,41
39,12,90,28,15,5,13,23,41
39,12,90,28,440,11,40,23,41
39,12,90,28,101,17,0,23,41
39,12,90,28,215,258,175,23,41
39,12,90,28,145,32,178,23,41
39,12,90,28,101,17,27,23,41
39,12,5,0,23,13,67,28,41
39,12,90,28,356,10,91,155,41
39,12,90,28,101,17,64,23,41
39,12,5,0,23,33,46,28,41
39,12,90,28,59,3,0,23,41
39,12,425,220,1,7,200,207,41
39,12,5,0,23,40,11,28,41
39,12,90,28,358,84,419,23,41
39,12,90,28,59,3,13,23,41
39,12,425,220,1,9,482,155,41
39,12,425,220,1,7,0,23,41
39,12,90,28,98,3,0,23,41
39,12,425,220,1,22,91,155,41
39,12,425,220,1,7,33,23,41
39,12,90,28,498,3,0,23,41
39,12,90,28,98,3,13,23,41
39,12,425,220,1,35,33,23,41
39,12,425,220,1,7,265,23,41
39,12,90,28,498,3,13,23,41
39,12,425,220,1,69,232,23,41
39,12,425,220,1,7,272,341,41
39,12,425,220,1,5,11,28,41
39,12,425,220,1,111,203,400,41
39,28,145,32,11,3,13,23,41
39,12,425,220,1,5,13,23,41
39,12,425,220,1,236,357,23,41
39,12,425,220,1,111,90,28,41
39,12,425,220,1,5,15,28,41
39,12,425,220,1,475,11,28,41
39,28,98,3,0,1,44,23,41
39,28,46,141,38,121,33,23,41
39,12,425,220,1,3,13,23,41
39,28,98,3,0,24,272,341,41
39,12,5,270,483,105,46,28,41
39,12,425,220,1,3,59,28,41
39,28,98,3,0,17,27,23,41
39,12,5,13,31,16,104,23,41
39,12,425,220,1,3,98,28,41
39,28,98,3,0,50,44,23,41
39,28,98,3,0,17,63,106,41
39,12,5,13,177,51,136,28,41
39,12,5,13,31,72,404,28,41
39,12,5,13,31,16,15,28,41
39,12,425,220,1,3,498,28,41
39,28,98,3,0,56,44,23,41
39,28,98,3,0,17,64,23,41
39,12,5,13,31,80,46,28,41
39,12,5,13,31,16,183,28,41
39,28,98,3,0,5,13,23,41
39,12,5,13,168,45,11,28,41
39,12,5,0,175,258,215,28,41
39,28,98,3,0,7,33,23,41
39,12,5,270,9,1,0,23,41
39,12,458,173,6,17,0,23,41
39,28,98,3,0,380,383,23,41
39,28,98,3,0,7,265,23,41
39,12,5,270,9,3,0,23,41
39,12,5,270,9,1,15,28,41
39,12,458,173,6,18,453,28,41
39,12,458,173,6,17,27,23,41
39,28,98,3,0,7,200,207,41
39,12,5,270,9,32,11,28,41
39,12,5,270,9,3,11,28,41
39,12,5,270,9,1,44,23,41
39,12,458,173,6,37,200,207,41
39,12,458,173,6,17,63,106,41
39,28,98,3,0,7,272,341,41
39,12,5,270,9,38,401,23,41
39,12,5,270,9,32,145,28,41
39,12,5,270,9,3,13,23,41
39,12,458,173,6,17,64,23,41
39,12,5,270,9,176,33,23,41
39,12,5,270,9,32,178,23,41
39,12,5,270,9,3,59,28,41
39,12,458,173,6,17,101,28,41
39,12,5,270,9,292,46,28,41
39,12,5,270,9,3,98,28,41
39,12,458,173,6,3,11,28,41
39,12,5,270,9,316,0,23,41
39,12,5,270,9,3,498,28,41
39,12,458,173,6,3,13,23,41
39,12,107,7,37,299,144,28,41
39,12,5,0,6,17,63,106,41
39,12,458,173,6,3,59,28,41
39,28,11,3,0,24,272,341,41
39,12,5,0,34,38,401,23,41
39,12,5,0,6,3,98,28,41
39,12,5,0,6,17,27,23,41
39,12,458,173,6,3,98,28,41
39,28,11,3,0,17,27,23,41
39,12,5,0,143,274,44,23,41
39,12,5,0,34,17,27,23,41
39,12,5,0,6,18,453,28,41
39,12,5,0,6,3,11,28,41
39,12,5,0,6,17,64,23,41
39,12,458,173,6,3,498,28,41
39,28,11,3,0,50,44,23,41
39,28,11,3,0,17,63,106,41
39,12,5,0,457,252,200,207,41
39,12,5,0,34,17,63,106,41
39,12,5,0,6,37,200,207,41
39,12,5,0,6,3,13,23,41
39,12,5,0,6,17,101,28,41
39,28,11,3,0,56,44,23,41
39,28,11,3,0,17,64,23,41
39,12,5,0,4,257,11,28,41
39,12,5,0,34,17,64,23,41
39,12,5,0,6,3,59,28,41
39,28,11,3,0,5,13,23,41
39,12,5,0,94,263,46,28,41
39,12,5,0,4,3,498,28,41
39,12,5,0,34,17,101,28,41
39,12,5,0,6,3,498,28,41
39,28,11,3,0,7,33,23,41
39,12,5,0,160,51,136,28,41
39,12,5,0,4,113,15,28,41
39,12,5,0,4,3,11,28,41
39,28,11,3,0,380,383,23,41
39,28,11,3,0,7,265,23,41
39,12,5,0,99,80,46,28,41
39,12,5,0,4,3,13,23,41
39,28,11,3,0,7,200,207,41
39,12,5,0,2,10,91,155,41
39,12,5,0,4,3,59,28,41
39,28,11,3,0,7,272,341,41
39,12,5,0,316,403,232,23,41
39,12,5,0,2,10,356,28,41
39,12,5,0,4,3,98,28,41
39,12,5,0,260,330,11,28,41
39,12,5,0,316,9,482,155,41
39,12,5,188,368,299,144,23,41
39,28,498,3,13,5,0,23,41
39,12,5,161,1,9,482,155,41
39,12,5,188,368,299,144,28,41
39,28,498,3,13,306,91,155,41
39,12,5,161,1,22,91,155,41
39,28,15,16,47,3,13,23,41
39,12,5,161,1,7,33,23,41
39,12,5,161,1,475,11,28,41
39,28,440,11,259,37,200,207,41
39,12,5,161,1,7,200,207,41
39,12,5,161,1,35,33,23,41
39,28,440,11,45,168,13,23,41
39,28,440,11,259,443,272,341,41
39,12,5,161,1,7,265,23,41
39,12,5,161,1,69,232,23,41
39,28,440,11,311,168,13,23,41
39,12,5,161,1,7,272,341,41
39,12,5,161,1,111,90,28,41
39,28,440,11,255,69,232,23,41
39,12,5,0,17,63,46,28,41
39,12,5,161,1,236,357,23,41
39,12,5,161,1,111,203,400,41
39,28,440,11,257,4,0,23,41
39,12,5,0,17,63,203,400,41
39,28,67,477,322,398,206,23,41
39,28,440,11,330,260,0,23,41
39,12,189,45,19,5,0,23,41
39,28,67,82,42,4,0,23,41
39,28,67,477,322,2,0,23,41
39,28,440,11,475,1,0,23,41
39,12,189,45,19,24,0,23,41
39,12,189,45,19,5,11,28,41
39,28,67,82,42,6,0,23,41
39,28,67,477,322,325,44,23,41
39,28,440,11,475,1,44,23,41
39,12,189,45,19,390,15,28,41
39,12,189,45,19,24,272,341,41
39,12,189,45,19,5,13,23,41
39,12,189,45,19,69,232,23,41
39,12,189,45,19,390,424,23,41
39,12,189,45,19,5,15,28,41
39,12,5,161,1,3,13,23,41
39,28,440,11,49,46,33,23,41
39,28,440,11,19,5,0,23,41
39,12,5,161,1,3,59,28,41
39,12,5,1,9,32,178,23,41
39,28,440,11,19,69,232,23,41
39,28,440,11,19,5,13,23,41
39,12,5,161,1,3,98,28,41
39,12,5,1,9,292,46,28,41
39,12,5,1,9,32,11,28,41
39,12,5,161,1,3,498,28,41
39,12,5,1,9,176,33,23,41
39,12,5,1,9,32,145,28,41
39,28,440,11,19,24,0,23,41
39,12,5,1,9,316,0,23,41
39,28,46,33,385,111,203,400,41
39,28,46,33,60,5,0,23,41
39,12,58,24,272,7,33,23,41
39,28,46,33,35,1,0,23,41
39,28,46,33,60,236,357,23,41
39,28,46,33,60,5,13,23,41
39,12,58,24,272,7,265,23,41
39,28,46,33,176,9,482,155,41
39,28,46,33,35,1,44,23,41
39,12,139,11,3,0,175,23,41
39,12,107,7,1,5,0,23,41
39,12,107,7,1,3,11,28,41
39,28,59,3,0,17,27,23,41
39,12,107,7,1,9,482,155,41
39,12,107,7,1,5,11,28,41
39,12,107,7,1,3,13,23,41
39,28,59,3,0,50,44,23,41
39,28,59,3,0,17,63,106,41
39,12,107,7,1,22,91,155,41
39,12,107,7,1,5,13,23,41
39,12,107,7,1,3,59,28,41
39,28,59,3,0,56,44,23,41
39,28,59,3,0,17,64,23,41
39,12,107,7,1,35,33,23,41
39,12,107,7,1,5,15,28,41
39,12,107,7,1,3,98,28,41
39,28,59,3,0,5,13,23,41
39,12,107,7,1,475,11,28,41
39,12,107,7,1,3,498,28,41
39,28,59,3,0,7,33,23,41
39,12,107,7,1,69,232,23,41
39,12,185,72,20,7,272,341,41
39,28,59,3,0,380,383,23,41
39,28,59,3,0,7,265,23,41
39,12,107,7,1,111,90,28,41
39,28,11,49,46,417,203,400,41
39,28,59,3,0,7,200,207,41
39,12,107,7,1,236,357,23,41
39,12,107,7,1,111,203,400,41
39,28,59,3,0,7,272,341,41
39,12,73,24,19,69,232,23,41
39,12,73,24,19,390,424,23,41
39,12,5,362,299,37,200,207,41
39,12,73,24,19,5,15,28,41
39,28,11,259,37,299,144,23,41
39,28,11,259,37,7,0,23,41
39,12,189,45,19,11,40,23,41
39,12,334,10,2,0,175,23,41
39,28,11,259,37,7,33,23,41
39,12,189,45,19,11,440,28,41
39,12,5,1,9,3,11,28,41
39,28,11,259,37,7,265,23,41
39,12,5,51,48,381,46,28,41
39,12,5,1,9,3,13,23,41
39,28,11,259,37,7,272,341,41
39,12,5,51,48,7,33,23,41
39,12,5,1,9,3,59,28,41
39,12,245,24,73,84,419,23,41
39,12,5,51,48,7,200,207,41
39,12,5,1,9,3,98,28,41
39,12,245,24,73,279,40,23,41
39,12,245,24,73,84,358,28,41
39,12,5,51,48,7,272,341,41
39,12,5,1,3,0,175,23,41
39,12,5,157,1,9,482,155,41
39,12,58,254,25,3,59,28,41
39,28,46,218,88,9,482,155,41
39,12,5,157,1,22,91,155,41
39,12,58,254,25,3,98,28,41
39,28,46,218,88,38,401,23,41
39,12,5,157,1,475,11,28,41
39,12,58,254,25,3,498,28,41
39,12,5,157,1,7,33,23,41
39,12,5,157,1,35,33,23,41
39,28,46,446,112,22,91,155,41
39,12,5,157,1,7,200,207,41
39,12,5,157,1,69,232,23,41
39,28,46,446,112,119,13,23,41
39,12,5,157,1,7,265,23,41
39,12,5,157,1,111,90,28,41
39,12,334,10,8,484,200,207,41
39,12,5,157,1,7,272,341,41
39,12,5,157,1,236,357,23,41
39,12,5,157,1,111,203,400,41
39,12,334,10,120,35,33,23,41
39,12,334,10,8,1,0,23,41
39,12,5,15,28,11,40,23,41
39,28,46,52,21,438,0,23,41
39,12,334,10,8,3,0,23,41
39,12,334,10,8,1,15,28,41
39,12,5,15,28,46,33,23,41
39,28,46,52,21,140,33,23,41
39,12,334,10,8,87,63,106,41
39,12,334,10,8,3,11,28,41
39,12,334,10,8,1,44,23,41
39,12,5,15,28,67,13,23,41
39,12,5,15,28,46,63,106,41
39,12,334,10,8,148,0,23,41
39,12,334,10,8,3,13,23,41
39,28,46,52,21,1,44,23,41
39,28,144,299,37,7,265,23,41
39,12,334,10,8,3,59,28,41
39,12,5,157,1,3,13,23,41
39,28,144,299,37,7,272,341,41
39,12,334,10,8,3,98,28,41
39,12,5,157,1,3,59,28,41
39,28,46,130,478,7,200,207,41
39,12,334,10,8,3,498,28,41
39,12,5,157,1,3,98,28,41
39,28,46,130,478,7,265,23,41
39,28,101,17,0,1,44,23,41
39,12,5,157,1,3,498,28,41
39,28,46,130,478,7,272,341,41
39,28,101,17,0,3,13,23,41
39,12,5,268,179,45,11,28,41
39,28,46,130,51,160,0,23,41
39,28,101,17,0,7,200,207,41
39,12,5,81,42,4,0,23,41
39,12,5,268,179,17,0,23,41
39,28,46,130,51,366,44,23,41
39,28,101,17,0,50,44,23,41
39,28,101,17,0,7,33,23,41
39,12,5,83,220,1,15,28,41
39,12,5,81,42,6,0,23,41
39,12,5,268,179,17,27,23,41
39,28,46,130,51,177,13,23,41
39,28,101,17,0,56,44,23,41
39,28,101,17,0,7,265,23,41
39,12,5,83,8,484,200,207,41
39,12,5,83,220,1,0,23,41
39,12,5,81,42,82,67,28,41
39,12,5,268,179,17,63,106,41
39,28,101,17,0,5,13,23,41
39,28,101,17,0,7,272,341,41
39,12,5,83,8,1,0,23,41
39,12,5,83,220,1,44,23,41
39,12,5,268,179,17,64,23,41
39,28,101,17,0,24,272,341,41
39,12,5,83,8,3,0,23,41
39,12,5,83,8,1,15,28,41
39,12,5,268,179,17,101,28,41
39,28,101,17,0,380,383,23,41
39,12,5,83,8,10,356,28,41
39,12,5,83,8,3,11,28,41
39,12,5,83,8,1,44,23,41
39,12,5,83,8,87,63,106,41
39,12,5,83,8,10,91,155,41
39,12,5,83,8,3,13,23,41
39,12,5,83,8,148,0,23,41
39,12,5,363,74,94,0,23,41
39,12,5,83,8,3,59,28,41
39,12,458,173,114,69,232,23,41
39,12,458,173,114,7,0,23,41
39,12,5,83,8,3,98,28,41
39,12,2,62,7,48,337,23,41
39,12,458,173,114,7,33,23,41
39,12,5,83,8,3,498,28,41
39,12,2,62,7,459,424,23,41
39,12,458,173,114,7,265,23,41
39,12,5,1,44,50,0,23,41
39,12,5,161,227,1,15,28,41
39,12,458,173,114,7,272,341,41
39,12,5,1,44,56,0,23,41
39,12,5,161,355,45,11,28,41
39,12,5,161,227,1,0,23,41
39,12,5,188,1,0,175,23,41
39,28,498,3,6,17,0,23,41
39,12,5,161,227,1,44,23,41
39,28,15,5,48,7,0,23,41
39,28,498,3,6,17,27,23,41
39,12,241,11,5,473,33,23,41
39,28,15,5,48,7,33,23,41
39,28,498,3,6,17,63,106,41
39,12,241,11,5,48,337,23,41
39,28,15,5,48,7,200,207,41
39,28,498,3,6,17,64,23,41
39,12,241,11,5,51,136,28,41
39,28,15,5,48,7,272,341,41
39,12,189,45,85,52,481,28,41
39,12,241,11,5,60,33,23,41
39,28,15,1,0,56,44,23,41
39,12,189,45,85,283,407,28,41
39,12,189,45,85,52,46,28,41
39,12,241,11,5,126,101,28,41
39,28,15,1,0,5,13,23,41
39,12,2,0,23,13,67,28,41
39,12,241,11,5,291,136,28,41
39,28,15,1,0,7,33,23,41
39,12,2,0,23,33,46,28,41
39,12,241,11,5,309,272,341,41
39,28,15,1,0,380,383,23,41
39,28,15,1,0,7,265,23,41
39,12,2,0,23,40,11,28,41
39,12,241,11,5,436,383,23,41
39,28,15,1,0,7,200,207,41
39,12,5,0,7,1,15,28,41
39,12,241,11,5,86,46,28,41
39,28,15,1,0,7,272,341,41
39,12,5,0,7,37,200,207,41
39,12,5,0,7,1,44,23,41
39,12,241,11,5,86,231,28,41
39,12,5,0,7,48,337,23,41
39,28,498,3,1,7,0,23,41
39,12,241,11,475,1,15,28,41
39,12,5,0,7,22,91,155,41
39,28,498,3,1,35,33,23,41
39,28,498,3,1,7,33,23,41
39,12,241,11,257,4,0,23,41
39,12,241,11,475,1,0,23,41
39,12,5,0,7,459,424,23,41
39,28,498,3,1,236,357,23,41
39,28,498,3,1,7,200,207,41
39,12,241,11,330,260,0,23,41
39,12,241,11,475,1,44,23,41
39,28,498,3,1,22,91,155,41
39,28,498,3,1,7,265,23,41
39,12,241,11,255,69,232,23,41
39,28,498,3,1,9,482,155,41
39,28,498,3,1,7,272,341,41
39,12,241,11,45,85,244,28,41
39,28,498,3,1,5,0,23,41
39,12,241,11,259,443,272,341,41
39,12,241,11,311,168,13,23,41
39,12,241,11,45,168,13,23,41
39,28,498,3,1,111,203,400,41
39,28,498,3,1,5,13,23,41
39,12,241,11,19,5,0,23,41
39,12,107,7,48,51,136,28,41
39,12,241,11,19,24,0,23,41
39,12,241,11,19,69,232,23,41
39,12,241,11,19,5,13,23,41
39,12,107,7,48,381,46,28,41
39,28,15,1,0,17,64,23,41
39,12,241,11,19,5,15,28,41
39,28,453,18,5,1,0,23,41
39,12,107,7,48,5,13,23,41
39,12,2,14,3,9,482,155,41
39,28,453,18,5,309,272,341,41
39,28,453,18,5,1,44,23,41
39,12,107,7,48,5,15,28,41
39,28,15,390,19,5,0,23,41
39,12,2,14,3,346,248,28,41
39,12,139,11,5,0,175,23,41
39,28,46,292,9,38,401,23,41
39,28,15,390,19,69,232,23,41
39,28,15,390,19,5,13,23,41
39,28,11,475,1,236,357,23,41
39,28,46,292,9,32,178,23,41
39,28,15,390,19,24,0,23,41
39,28,46,292,9,3,13,23,41
39,28,11,475,1,69,232,23,41
39,28,46,292,9,176,33,23,41
39,28,15,390,19,11,40,23,41
39,28,15,390,19,24,272,341,41
39,28,11,475,1,3,0,23,41
39,28,46,292,9,316,0,23,41
39,12,5,13,3,9,482,155,41
39,12,5,13,3,1,0,23,41
39,28,11,475,1,7,200,207,41
39,28,11,475,1,3,13,23,41
39,12,5,13,3,4,0,23,41
39,12,5,13,3,1,44,23,41
39,28,11,475,1,9,482,155,41
39,28,11,475,1,7,0,23,41
39,12,5,13,3,6,0,23,41
39,12,139,11,3,13,67,28,41
39,28,11,475,1,5,0,23,41
39,28,11,475,1,7,33,23,41
39,12,5,13,3,346,248,28,41
39,28,215,172,132,30,36,23,41
39,28,11,475,1,111,203,400,41
39,28,11,475,1,5,13,23,41
39,28,11,475,1,7,265,23,41
39,12,5,161,1,0,175,23,41
39,12,73,24,272,7,0,23,41
39,28,136,291,5,1,44,23,41
39,28,11,475,1,7,272,341,41
39,28,215,172,51,366,44,23,41
39,12,73,24,272,7,33,23,41
39,12,5,127,273,230,203,400,41
39,12,2,10,8,484,200,207,41
39,28,215,172,51,5,0,23,41
39,12,73,24,272,7,265,23,41
39,12,115,20,30,16,183,28,41
39,12,2,10,120,35,33,23,41
39,12,2,10,8,1,0,23,41
39,28,215,172,51,177,13,23,41
39,28,215,172,51,5,13,23,41
39,12,5,473,33,7,200,207,41
39,12,2,10,8,3,0,23,41
39,12,2,10,8,1,15,28,41
39,28,215,172,51,262,27,23,41
39,12,5,473,33,153,40,23,41
39,12,5,473,33,7,0,23,41
39,12,2,10,8,87,63,106,41
39,12,2,10,8,3,11,28,41
39,12,2,10,8,1,44,23,41
39,12,5,473,33,170,46,28,41
39,12,5,473,33,7,265,23,41
39,12,2,10,8,148,0,23,41
39,12,2,10,8,3,13,23,41
39,12,5,473,33,131,104,23,41
39,12,5,473,33,7,272,341,41
39,12,5,19,11,32,145,28,41
39,12,2,10,8,3,59,28,41
39,12,5,19,11,3,98,28,41
39,28,145,32,197,412,0,23,41
39,12,5,19,11,32,178,23,41
39,12,2,10,8,3,98,28,41
39,12,5,19,11,3,498,28,41
39,28,145,32,247,48,337,23,41
39,28,145,32,197,38,401,23,41
39,12,2,10,8,3,498,28,41
39,12,241,11,5,15,1,0,23,41
39,28,46,170,33,7,0,175,23,41
39,12,2,0,5,13,23,144,28,41
39,12,241,11,32,145,28,144,23,41
39,28,101,126,5,11,332,104,23,41
39,12,5,1,475,11,28,144,23,41
39,28,11,5,60,230,203,63,106,41
39,12,2,0,1,3,13,67,28,41
39,12,90,111,1,3,0,175,23,41
39,28,15,16,31,13,305,203,400,41
39,12,2,0,1,44,23,144,28,41
39,28,46,170,33,7,1,44,23,41
39,12,2,0,1,111,385,33,23,41
39,28,101,126,5,60,230,203,400,41
39,12,107,7,33,46,163,63,106,41
39,28,11,5,60,449,332,104,23,41
39,28,101,126,5,51,366,44,23,41
39,12,90,111,1,3,9,482,155,41
39,12,2,0,1,111,203,63,106,41
39,28,498,3,287,1,0,175,23,41
39,12,241,11,332,449,60,33,23,41
39,28,101,126,5,1,0,175,23,41
39,28,11,5,60,236,1,0,23,41
39,12,315,260,0,7,22,91,155,41
39,28,101,126,5,1,69,232,23,41
39,28,11,19,24,73,279,40,23,41
39,28,98,3,4,42,6,0,23,41
39,12,107,7,1,15,5,0,23,41
39,12,5,1,287,3,13,67,28,41
39,28,358,84,21,438,0,175,23,41
39,12,90,111,1,7,33,46,28,41
39,28,498,3,8,148,0,175,23,41
39,12,241,11,332,104,23,144,28,41
39,28,358,84,73,12,5,13,23,41
39,12,90,111,1,35,33,46,28,41
39,12,5,1,7,0,23,144,28,41
39,28,46,86,5,11,332,104,23,41
39,12,90,111,1,35,110,248,28,41
39,28,358,84,73,24,0,175,23,41
39,28,59,3,4,0,1,44,23,41
39,12,5,1,3,98,28,144,23,41
39,12,2,0,1,5,11,40,23,41
39,12,73,134,1,15,28,144,23,41
39,28,498,3,8,1,9,482,155,41
39,28,358,84,329,259,11,40,23,41
39,12,5,1,287,3,9,482,155,41
39,12,107,7,1,15,28,144,23,41
39,28,46,86,5,60,230,203,400,41
39,28,358,84,261,24,0,175,23,41
39,28,498,3,4,0,1,44,23,41
39,28,215,351,150,104,131,33,23,41
39,28,46,86,5,15,1,44,23,41
39,12,5,15,1,236,60,33,23,41
39,28,46,86,5,1,0,175,23,41
39,12,241,460,439,186,17,0,23,41
39,28,358,84,21,1,0,175,23,41
39,28,98,3,1,236,60,33,23,41
39,28,358,84,73,24,298,44,23,41
39,28,46,86,5,1,69,232,23,41
39,12,5,0,1,7,37,200,207,41
39,12,5,1,3,498,28,144,23,41
39,12,5,15,1,69,19,11,28,41
39,28,98,3,1,22,7,0,23,41
39,12,73,84,276,159,4,0,23,41
39,12,107,7,1,44,23,144,28,41
39,12,73,84,329,259,37,200,207,41
39,12,73,84,329,259,11,40,23,41
39,28,358,84,261,24,298,44,23,41
39,28,98,3,1,9,176,33,23,41
39,12,5,0,1,111,385,33,23,41
39,12,90,111,1,69,19,11,28,41
39,12,73,84,261,24,19,11,28,41
39,28,358,84,21,20,7,200,207,41
39,28,98,3,1,5,0,175,23,41
39,12,90,111,1,7,37,200,207,41
39,28,358,84,21,1,22,91,155,41
39,28,98,3,1,97,420,175,23,41
39,28,98,3,1,111,385,33,23,41
39,12,90,111,1,287,324,11,28,41
39,12,2,0,1,382,32,11,28,41
39,12,2,0,1,35,110,248,28,41
39,28,498,3,287,324,11,40,23,41
39,28,98,3,1,5,436,383,23,41
39,12,139,11,32,145,28,144,23,41
39,28,98,3,1,111,203,63,106,41
39,12,2,0,1,5,13,67,28,41
39,12,139,11,5,15,1,0,23,41
39,12,73,84,21,52,46,33,23,41
39,12,2,0,1,5,18,453,28,41
39,12,5,15,1,3,0,175,23,41
39,12,2,0,1,15,390,424,23,41
39,12,90,111,1,236,60,33,23,41
39,12,73,84,21,118,11,40,23,41
39,12,73,84,21,52,85,244,28,41
39,28,98,3,1,7,37,200,207,41
39,12,73,84,21,20,7,200,207,41
39,12,2,0,17,101,28,144,23,41
39,12,73,84,21,140,33,46,28,41
39,12,73,24,0,23,13,67,28,41
39,12,5,60,230,203,111,90,28,41
39,12,2,0,1,475,11,40,23,41
39,12,5,0,1,35,110,248,28,41
39,12,139,11,332,449,60,33,23,41
39,28,98,3,250,370,203,63,106,41
39,12,73,84,21,1,3,0,23,41
39,12,2,0,1,35,33,46,28,41
39,12,107,7,33,46,63,203,400,41
39,12,58,24,285,32,11,40,23,41
39,12,5,15,1,3,11,40,23,41
39,12,2,10,16,15,1,0,23,41
39,12,5,0,1,3,9,482,155,41
39,12,5,15,16,183,28,144,23,41
39,28,59,3,8,10,2,0,23,41
39,12,5,161,1,44,50,0,23,41
39,12,5,0,3,11,32,178,23,41
39,28,136,158,15,1,0,175,23,41
39,12,90,111,1,475,11,40,23,41
39,12,5,473,33,46,28,144,23,41
39,28,59,3,250,347,7,33,23,41
39,12,2,0,1,3,9,482,155,41
39,12,5,15,1,9,3,498,28,41
39,28,59,3,8,1,0,175,23,41
39,12,5,473,33,23,13,67,28,41
39,28,59,3,8,1,9,482,155,41
39,28,11,19,76,17,63,203,400,41
39,12,5,15,1,287,324,11,28,41
39,28,59,3,47,16,104,150,23,41
39,28,59,3,250,370,203,63,106,41
39,28,59,3,47,16,246,206,23,41
39,28,59,3,8,87,63,203,400,41
39,12,5,15,1,475,11,40,23,41
39,28,11,45,164,1,0,175,23,41
39,28,11,45,19,5,0,175,23,41
39,28,145,32,9,1,236,357,23,41
39,28,11,45,19,24,0,175,23,41
39,28,11,45,19,24,298,44,23,41
39,28,498,3,392,1,0,175,23,41
39,28,59,3,287,1,0,175,23,41
39,12,5,157,1,15,16,183,28,41
39,12,5,15,1,111,385,33,23,41
39,28,59,3,75,31,16,104,23,41
39,28,59,3,47,71,304,206,23,41
39,12,5,15,1,111,203,63,106,41
39,12,5,473,33,46,63,203,400,41
39,12,5,126,427,7,33,46,28,41
39,28,11,45,166,35,1,0,23,41
39,28,498,3,287,1,7,0,23,41
39,28,90,111,385,33,153,40,23,41
39,28,11,45,164,1,22,91,155,41
39,28,11,45,19,313,17,0,23,41
39,28,11,45,19,69,1,0,23,41
39,28,498,3,47,16,104,150,23,41
39,28,11,45,19,5,60,33,23,41
39,28,59,3,25,19,11,40,23,41
39,28,145,32,9,316,403,232,23,41
39,12,90,111,1,7,0,175,23,41
39,12,5,126,214,43,37,200,207,41
39,28,59,3,14,2,10,91,155,41
39,28,59,3,14,371,466,424,23,41
39,28,59,3,14,2,0,175,23,41
39,28,59,3,281,38,9,482,155,41
39,12,5,126,409,177,51,136,28,41
39,28,136,158,15,1,22,91,155,41
39,12,5,126,409,177,13,67,28,41
39,12,5,157,1,44,50,0,23,41
39,28,59,3,290,60,5,0,23,41
39,12,5,15,1,3,9,482,155,41
39,12,5,126,427,7,0,175,23,41
39,12,154,47,71,50,0,175,23,41
39,12,139,11,3,59,28,144,23,41
39,28,11,45,212,24,298,44,23,41
39,28,136,51,48,7,1,0,23,41
39,28,11,45,212,24,0,175,23,41
39,12,154,47,71,233,2,0,23,41
39,12,5,433,46,52,85,244,28,41
39,12,154,47,71,137,22,91,155,41
39,12,2,0,7,33,23,144,28,41
39,28,46,49,11,3,9,482,155,41
39,28,145,32,9,292,46,33,23,41
39,12,5,15,1,22,7,0,23,41
39,12,5,48,381,46,28,144,23,41
39,28,11,45,319,17,0,175,23,41
39,12,5,127,1,44,23,144,28,41
39,28,11,45,251,24,298,44,23,41
39,28,11,45,251,24,0,175,23,41
39,12,5,11,3,0,23,144,28,41
39,28,11,5,51,48,7,265,23,41
39,28,145,32,9,316,0,175,23,41
39,12,154,47,147,4,3,0,23,41
39,28,11,45,360,37,6,0,23,41
39,28,498,3,14,2,10,91,155,41
39,12,5,1,22,7,48,337,23,41
39,28,11,45,379,2,10,91,155,41
39,28,11,45,379,2,0,175,23,41
39,28,145,32,9,38,34,0,23,41
39,12,5,433,46,163,489,144,23,41
39,12,245,24,0,175,23,144,28,41
39,12,5,1,3,11,28,144,23,41
39,12,5,0,1,111,203,63,106,41
39,28,136,158,190,431,1,0,23,41
39,28,11,45,132,282,9,482,155,41
39,28,11,45,132,30,16,104,23,41
39,28,11,45,319,17,34,0,23,41
39,28,11,45,85,52,46,33,23,41
39,12,5,15,1,7,33,46,28,41
39,28,11,45,146,30,16,104,23,41
39,12,5,15,1,3,13,67,28,41
39,28,11,45,179,17,0,175,23,41
39,28,440,11,5,60,230,203,400,41
39,12,5,433,46,33,7,265,23,41
39,28,136,158,190,33,153,40,23,41
39,28,136,51,364,17,34,0,23,41
39,12,154,47,16,31,13,67,28,41
39,28,11,5,15,1,236,357,23,41
39,28,11,45,179,17,34,0,23,41
39,12,58,24,19,45,85,244,28,41
39,12,58,24,19,45,11,40,23,41
39,28,59,3,8,148,0,175,23,41
39,28,404,72,20,19,390,424,23,41
39,28,11,5,15,16,246,206,23,41
39,28,59,3,6,37,7,272,341,41
39,12,58,24,19,313,17,0,23,41
39,12,2,10,16,15,28,144,23,41
39,28,59,3,6,173,202,206,23,41
39,28,136,158,15,16,104,150,23,41
39,28,59,3,6,17,0,175,23,41
39,12,58,24,19,69,1,0,23,41
39,12,58,24,19,5,11,40,23,41
39,12,154,47,16,31,72,404,28,41
39,12,2,0,1,69,19,11,28,41
39,28,11,5,433,46,63,203,400,41
39,12,58,24,19,5,13,67,28,41
39,12,139,11,5,13,23,144,28,41
39,28,59,3,6,17,63,203,400,41
39,12,58,24,19,5,1,0,23,41
39,28,59,3,6,17,34,0,23,41
39,12,5,0,1,35,33,46,28,41
39,12,5,48,7,33,23,144,28,41
39,12,5,127,1,69,19,11,28,41
39,28,11,45,319,17,63,203,400,41
39,28,404,72,20,7,1,0,23,41
39,28,356,10,89,21,438,0,23,41
39,28,59,3,6,0,1,44,23,41
39,28,11,5,15,158,190,33,23,41
39,12,90,111,1,15,28,144,23,41
39,12,5,127,1,382,32,11,28,41
39,12,5,127,1,236,60,33,23,41
39,12,5,127,1,111,385,33,23,41
39,28,136,51,262,27,17,0,23,41
39,28,11,5,15,16,104,150,23,41
39,12,5,127,1,111,203,63,106,41
39,28,481,52,46,33,153,40,23,41
39,28,46,110,35,33,153,40,23,41
39,28,11,5,51,160,0,175,23,41
39,28,11,241,469,1,0,175,23,41
39,28,498,3,392,1,7,0,23,41
39,28,498,3,133,8,87,63,106,41
39,28,11,5,15,1,0,175,23,41
39,28,498,3,290,60,5,0,23,41
39,28,11,324,287,3,0,175,23,41
39,12,5,1,22,91,10,356,28,41
39,12,5,48,333,137,22,91,155,41
39,12,5,126,427,7,1,0,23,41
39,28,11,5,86,226,1,0,23,41
39,28,11,139,12,2,10,91,155,41
39,28,11,139,12,2,0,175,23,41
39,12,241,11,3,1,236,357,23,41
39,12,5,0,1,69,19,11,28,41
39,12,5,127,1,44,50,0,23,41
39,28,11,5,86,46,63,203,400,41
39,28,46,110,248,346,3,0,23,41
39,28,90,111,1,44,50,0,23,41
39,28,11,241,469,1,22,91,155,41
39,28,11,5,157,174,48,337,23,41
39,28,356,10,120,35,1,0,23,41
39,28,11,5,157,1,7,0,23,41
39,28,11,324,287,3,1,44,23,41
39,28,11,499,129,105,46,33,23,41
39,28,11,5,51,364,17,0,23,41
39,28,11,139,289,82,67,13,23,41
39,28,11,139,359,69,1,0,23,41
39,28,356,10,8,1,236,357,23,41
39,12,5,48,381,46,49,11,28,41
39,12,2,0,1,15,28,144,23,41
39,28,231,86,46,33,153,40,23,41
39,12,5,433,46,110,35,33,23,41
39,28,11,139,12,73,279,40,23,41
39,28,11,139,12,5,0,175,23,41
39,28,11,241,12,492,260,0,23,41
39,28,11,241,12,2,10,91,155,41
39,28,136,158,15,16,246,206,23,41
39,28,46,80,31,13,305,203,400,41
39,28,11,241,12,5,1,0,23,41
39,28,11,241,12,2,0,175,23,41
39,28,11,241,12,5,0,175,23,41
39,12,5,15,1,7,0,175,23,41
39,28,181,137,22,91,306,13,23,41
39,28,11,118,21,1,0,175,23,41
39,28,11,5,86,46,417,203,400,41
39,28,11,139,12,5,1,0,23,41
39,28,356,10,8,1,0,175,23,41
39,28,11,5,19,313,17,63,106,41
39,28,11,5,19,69,1,0,23,41
39,28,11,118,21,438,0,175,23,41
39,28,11,118,21,1,22,91,155,41
39,28,11,118,21,26,320,13,23,41
39,28,11,324,287,1,22,91,155,41
39,28,145,32,382,1,22,91,155,41
39,12,154,47,147,4,0,175,23,41
39,28,11,5,19,24,0,175,23,41
39,28,11,324,287,1,0,175,23,41
39,28,11,5,19,24,298,44,23,41
39,28,59,3,327,22,1,0,23,41
39,12,5,433,46,292,9,482,155,41
39,12,2,379,45,19,5,0,23,41
39,28,59,3,287,324,11,40,23,41
39,12,2,379,45,19,11,40,23,41
39,28,356,10,8,3,0,175,23,41
39,28,440,11,5,51,366,44,23,41
39,28,11,3,281,38,9,482,155,41
39,28,11,5,157,1,0,175,23,41
39,28,11,5,18,6,3,0,23,41
39,12,73,24,0,1,22,91,155,41
39,12,5,433,46,417,203,63,106,41
39,12,154,47,16,494,31,13,23,41
39,12,2,379,45,85,52,481,28,41
39,28,498,3,8,10,2,0,23,41
39,28,11,5,433,46,163,63,106,41
39,28,11,5,18,6,0,175,23,41
39,28,59,3,287,1,7,0,23,41
39,12,5,433,46,163,63,203,400,41
39,12,73,24,0,3,11,40,23,41
39,12,2,379,45,164,1,0,23,41
39,28,145,32,382,1,0,175,23,41
39,12,2,379,45,168,311,11,28,41
39,12,2,379,45,168,13,67,28,41
39,28,136,291,5,13,305,203,400,41
39,28,98,3,9,1,0,175,23,41
39,28,440,11,5,1,0,175,23,41
39,28,11,3,8,1,0,175,23,41
39,28,136,158,15,61,48,337,23,41
39,28,136,51,5,13,305,203,400,41
39,12,5,157,253,372,3,0,23,41
39,28,11,5,127,273,230,203,400,41
39,12,73,24,0,3,13,67,28,41
39,28,59,3,8,83,5,0,23,41
39,28,90,12,5,13,305,203,400,41
39,12,154,47,312,78,1,44,23,41
39,28,11,5,127,1,0,175,23,41
39,12,5,48,381,46,63,203,400,41
39,12,107,7,459,424,390,15,28,41
39,28,136,51,48,493,9,482,155,41
39,12,5,126,101,17,0,175,23,41
39,28,67,13,23,33,46,63,106,41
39,12,73,24,0,5,11,40,23,41
39,12,5,48,96,288,35,33,23,41
39,12,73,24,0,17,186,387,28,41
39,28,498,3,47,16,246,206,23,41
39,12,73,24,0,3,1,15,28,41
39,28,98,3,9,38,34,0,23,41
39,12,5,0,1,475,11,40,23,41
39,28,11,5,270,9,1,0,23,41
39,12,73,24,0,7,33,46,28,41
39,12,73,24,0,5,13,67,28,41
39,28,11,5,127,1,7,0,23,41
39,28,11,5,270,9,3,0,23,41
39,28,11,5,270,9,1,44,23,41
39,12,73,24,0,6,17,63,106,41
39,28,11,5,127,1,35,33,23,41
39,28,11,5,127,1,7,33,23,41
39,28,11,5,270,9,38,401,23,41
39,28,11,5,270,9,3,13,23,41
39,12,73,24,0,34,38,401,23,41
39,12,73,24,0,6,3,98,28,41
39,12,73,24,0,6,17,27,23,41
39,28,11,5,127,1,111,203,400,41
39,28,11,5,127,1,7,200,207,41
39,28,11,5,270,9,32,178,23,41
39,12,73,24,0,316,403,232,23,41
39,12,73,24,0,34,17,27,23,41
39,12,73,24,0,6,18,453,28,41
39,12,73,24,0,6,3,11,28,41
39,12,73,24,0,6,17,64,23,41
39,28,11,5,127,1,22,91,155,41
39,28,11,5,127,1,7,265,23,41
39,28,11,5,270,9,176,33,23,41
39,12,73,24,0,143,274,44,23,41
39,12,73,24,0,316,9,482,155,41
39,12,73,24,0,34,17,63,106,41
39,12,73,24,0,6,37,200,207,41
39,12,73,24,0,6,3,13,23,41
39,12,73,24,0,6,17,101,28,41
39,28,11,5,127,1,69,232,23,41
39,28,11,5,127,1,7,272,341,41
39,28,11,5,270,9,316,0,23,41
39,12,73,24,0,4,257,11,28,41
39,12,73,24,0,34,17,64,23,41
39,12,73,24,0,6,3,59,28,41
39,28,11,5,127,1,236,357,23,41
39,12,73,24,0,457,252,200,207,41
39,12,73,24,0,4,3,498,28,41
39,12,73,24,0,34,17,101,28,41
39,12,73,24,0,6,3,498,28,41
39,28,11,5,127,1,9,482,155,41
39,12,73,24,0,94,263,46,28,41
39,12,73,24,0,4,113,15,28,41
39,12,73,24,0,4,3,11,28,41
39,28,11,5,127,1,3,0,23,41
39,12,73,24,0,2,10,91,155,41
39,12,5,0,1,22,7,200,207,41
39,12,73,24,0,4,3,13,23,41
39,28,11,5,127,1,3,13,23,41
39,12,73,24,0,99,80,46,28,41
39,12,73,24,0,2,10,356,28,41
39,12,5,0,1,22,137,181,28,41
39,12,5,0,1,22,7,33,23,41
39,12,73,24,0,4,3,59,28,41
39,12,73,24,0,160,51,136,28,41
39,12,73,24,0,5,1,44,23,41
39,12,5,0,1,22,7,265,23,41
39,12,73,24,0,4,3,98,28,41
39,12,73,24,0,260,330,11,28,41
39,12,73,24,0,5,18,453,28,41
39,12,73,24,0,5,1,15,28,41
39,12,5,0,1,22,7,272,341,41
39,12,58,24,19,11,3,0,23,41
39,12,73,24,0,5,48,337,23,41
39,28,46,263,94,74,31,13,23,41
39,12,73,24,0,7,22,91,155,41
39,12,58,24,19,11,5,0,23,41
39,12,58,24,19,11,3,13,23,41
39,12,73,24,0,5,19,11,28,41
39,12,73,24,0,7,37,200,207,41
39,12,58,24,19,11,49,46,28,41
39,12,58,24,19,11,5,13,23,41
39,12,58,24,19,11,3,59,28,41
39,12,73,24,0,5,51,136,28,41
39,12,73,24,0,7,1,15,28,41
39,12,58,24,19,11,332,104,23,41
39,12,58,24,19,11,5,15,28,41
39,12,58,24,19,11,3,98,28,41
39,12,73,24,0,5,60,33,23,41
39,12,73,24,0,7,48,337,23,41
39,12,73,24,0,7,1,44,23,41
39,12,58,24,19,11,32,145,28,41
39,12,58,24,19,11,3,498,28,41
39,12,73,24,0,5,86,46,28,41
39,12,73,24,0,7,459,424,23,41
39,12,58,24,19,11,32,178,23,41
39,28,98,3,9,1,7,0,23,41
39,12,73,24,0,5,291,136,28,41
39,12,73,24,0,5,86,231,28,41
39,12,425,220,83,5,13,67,28,41
39,28,98,3,9,1,35,33,23,41
39,28,98,3,9,1,7,33,23,41
39,12,73,24,0,5,309,272,341,41
39,28,11,3,8,1,9,482,155,41
39,28,98,3,9,1,111,203,400,41
39,28,98,3,9,1,7,200,207,41
39,12,73,24,0,5,433,46,28,41
39,28,11,3,8,1,7,0,23,41
39,28,98,3,9,1,69,232,23,41
39,28,98,3,9,1,7,265,23,41
39,12,73,24,0,5,126,101,28,41
39,28,11,3,8,1,22,91,155,41
39,28,11,3,8,1,7,33,23,41
39,28,98,3,9,1,236,357,23,41
39,28,98,3,9,1,7,272,341,41
39,12,73,24,0,5,436,383,23,41
39,28,11,3,8,1,111,203,400,41
39,28,11,3,8,1,7,200,207,41
39,28,98,3,9,1,5,0,23,41
39,12,73,24,0,5,473,33,23,41
39,28,11,3,8,1,5,0,23,41
39,28,11,3,8,1,7,265,23,41
39,28,98,3,9,1,22,91,155,41
39,28,98,3,9,1,5,13,23,41
39,28,11,3,8,1,236,357,23,41
39,28,11,3,8,1,5,13,23,41
39,28,11,3,8,1,7,272,341,41
39,12,5,1,22,7,33,46,28,41
39,28,11,3,8,1,35,33,23,41
39,12,425,220,83,5,1,0,23,41
39,12,2,379,45,11,3,0,23,41
39,12,5,157,253,13,23,144,28,41
39,28,11,3,8,1,69,232,23,41
39,12,425,220,83,5,18,453,28,41
39,12,425,220,83,5,1,15,28,41
39,12,2,379,45,11,5,0,23,41
39,12,2,379,45,11,3,13,23,41
39,12,425,220,83,5,19,11,28,41
39,12,425,220,83,5,1,44,23,41
39,12,2,379,45,11,32,178,23,41
39,12,2,379,45,11,5,13,23,41
39,12,2,379,45,11,3,59,28,41
39,12,425,220,83,5,86,231,28,41
39,12,2,379,45,11,49,46,28,41
39,12,2,379,45,11,32,145,28,41
39,12,2,379,45,11,5,15,28,41
39,12,2,379,45,11,3,98,28,41
39,12,425,220,83,5,48,337,23,41
39,12,425,220,83,5,86,46,28,41
39,12,2,379,45,11,332,104,23,41
39,12,2,379,45,11,3,498,28,41
39,12,425,220,83,5,51,136,28,41
39,28,248,110,46,163,63,203,400,41
39,28,15,61,48,7,0,175,23,41
39,28,231,86,5,13,305,203,400,41
39,12,425,220,83,5,291,136,28,41
39,28,98,3,9,32,11,40,23,41
39,28,11,3,8,148,0,175,23,41
39,28,231,86,5,13,3,0,23,41
39,12,425,220,83,5,309,272,341,41
39,12,73,24,0,17,63,46,28,41
39,28,440,11,332,449,60,33,23,41
39,28,231,86,5,13,306,91,155,41
39,12,425,220,83,5,126,101,28,41
39,12,73,24,0,17,63,203,400,41
39,28,136,158,15,5,48,337,23,41
39,28,11,5,161,227,1,0,23,41
39,12,425,220,83,5,433,46,28,41
39,28,231,86,5,60,230,203,400,41
39,28,136,158,15,5,60,33,23,41
39,28,11,5,161,227,1,44,23,41
39,12,425,220,83,5,436,383,23,41
39,28,231,86,5,60,236,357,23,41
39,28,136,158,15,5,436,383,23,41
39,28,498,3,14,2,0,175,23,41
39,12,425,220,83,5,60,33,23,41
39,12,139,289,82,67,28,144,23,41
39,28,136,158,15,5,11,40,23,41
39,12,73,134,1,44,50,0,23,41
39,12,425,220,83,5,473,33,23,41
39,28,231,86,5,51,366,44,23,41
39,28,136,158,15,5,1,0,23,41
39,12,73,134,1,44,56,0,23,41
39,28,11,5,161,1,0,175,23,41
39,28,231,86,5,15,1,0,23,41
39,28,231,86,5,51,48,337,23,41
39,28,136,158,15,5,473,33,23,41
39,28,136,158,15,5,1,44,23,41
39,28,231,86,5,161,1,0,23,41
39,28,231,86,5,15,390,424,23,41
39,28,231,86,5,15,1,44,23,41
39,28,231,86,5,51,262,27,23,41
39,28,136,158,15,5,309,272,341,41
39,28,231,86,5,18,6,0,23,41
39,28,231,86,5,161,1,44,23,41
39,28,231,86,5,15,16,104,23,41
39,28,231,86,5,51,160,0,23,41
39,28,231,86,5,127,1,0,23,41
39,12,241,11,49,46,28,144,23,41
39,28,440,11,5,1,69,232,23,41
39,28,231,86,5,51,177,13,23,41
39,28,231,86,5,19,390,424,23,41
39,28,231,86,5,127,1,44,23,41
39,28,440,11,5,1,7,0,23,41
39,12,139,11,49,46,28,144,23,41
39,28,231,86,5,433,46,33,23,41
39,28,231,86,5,19,69,232,23,41
39,28,440,11,5,1,111,203,400,41
39,28,440,11,5,1,7,33,23,41
39,28,231,86,5,157,253,13,23,41
39,28,231,86,5,433,46,63,106,41
39,28,231,86,5,19,24,0,23,41
39,28,440,11,5,1,22,91,155,41
39,28,440,11,5,1,7,200,207,41
39,28,231,86,5,270,9,482,155,41
39,28,231,86,5,157,1,0,23,41
39,28,231,86,5,19,11,40,23,41
39,28,231,86,5,19,24,272,341,41
39,28,440,11,5,1,35,33,23,41
39,28,440,11,5,1,7,265,23,41
39,28,231,86,5,286,30,36,23,41
39,28,231,86,5,157,307,33,23,41
39,28,231,86,5,157,1,44,23,41
39,28,440,11,5,1,236,357,23,41
39,28,440,11,5,1,7,272,341,41
39,28,231,86,5,362,299,144,23,41
39,12,5,126,101,17,63,46,28,41
39,28,440,11,5,1,9,482,155,41
39,28,231,86,5,1,0,175,23,41
39,28,231,86,5,371,466,424,23,41
39,12,5,126,101,17,63,203,400,41
39,28,440,11,5,1,3,0,23,41
39,28,15,61,48,7,1,0,23,41
39,28,231,86,5,188,1,0,23,41
39,28,231,86,5,1,69,232,23,41
39,28,440,11,5,1,3,13,23,41
39,28,15,61,48,7,22,91,155,41
39,28,15,61,48,7,1,44,23,41
39,28,231,86,5,12,2,0,23,41
39,28,231,86,5,188,1,44,23,41
39,28,231,86,5,1,7,0,23,41
39,28,15,61,48,7,37,200,207,41
39,28,248,110,46,33,153,40,23,41
39,28,11,5,13,305,203,63,106,41
39,28,231,86,5,1,111,203,400,41
39,28,231,86,5,1,7,33,23,41
39,28,15,61,48,7,459,424,23,41
39,28,248,110,46,33,7,265,23,41
39,28,231,86,5,1,22,91,155,41
39,28,231,86,5,1,7,200,207,41
39,12,115,20,7,22,1,0,23,41
39,28,248,110,46,33,131,104,23,41
39,28,248,110,46,33,7,0,23,41
39,28,231,86,5,1,35,33,23,41
39,28,231,86,5,1,7,265,23,41
39,12,115,20,7,22,137,181,28,41
39,12,115,20,7,22,1,15,28,41
39,28,248,110,46,33,7,200,207,41
39,28,231,86,5,1,236,357,23,41
39,28,231,86,5,1,7,272,341,41
39,12,115,20,7,22,1,44,23,41
39,28,248,110,46,33,7,272,341,41
39,28,231,86,5,1,9,482,155,41
39,12,315,260,0,23,13,67,28,41
39,12,241,11,3,8,484,200,207,41
39,28,11,5,286,429,48,337,23,41
39,28,231,86,5,1,3,0,23,41
39,12,315,260,0,23,33,46,28,41
39,12,241,11,3,452,448,206,23,41
39,12,241,11,3,8,1,0,23,41
39,28,231,86,5,1,3,13,23,41
39,12,315,260,0,23,40,11,28,41
39,12,241,11,3,290,60,33,23,41
39,12,241,11,3,8,10,356,28,41
39,12,241,11,3,8,1,15,28,41
39,28,11,5,286,30,16,104,23,41
39,12,241,11,3,47,123,13,23,41
39,12,241,11,3,8,87,63,106,41
39,12,241,11,3,8,10,91,155,41
39,12,241,11,3,8,1,44,23,41
39,12,241,11,3,281,38,401,23,41
39,12,241,11,3,47,16,104,23,41
39,12,241,11,3,8,148,0,23,41
39,12,115,20,7,37,6,0,23,41
39,12,241,11,3,372,253,13,23,41
39,12,241,11,3,47,16,15,28,41
39,28,15,1,3,0,24,272,341,41
39,12,115,20,7,37,259,11,28,41
39,12,241,11,3,327,22,91,155,41
39,12,241,11,3,47,16,183,28,41
39,28,15,1,3,0,17,27,23,41
39,12,115,20,7,37,299,144,23,41
39,12,241,11,3,75,31,13,23,41
39,28,136,158,15,5,0,175,23,41
39,28,15,1,3,0,50,44,23,41
39,28,15,1,3,0,17,63,106,41
39,12,115,20,7,37,299,144,28,41
39,12,241,11,3,250,370,203,400,41
39,28,15,1,3,0,56,44,23,41
39,28,15,1,3,0,17,64,23,41
39,28,11,5,161,1,7,0,23,41
39,12,241,11,3,14,2,0,23,41
39,28,15,1,3,0,5,13,23,41
39,12,115,20,7,48,5,0,23,41
39,28,11,5,161,1,35,33,23,41
39,28,11,5,161,1,7,33,23,41
39,12,241,11,3,287,1,44,23,41
39,28,15,1,3,0,7,33,23,41
39,12,115,20,7,48,61,15,28,41
39,12,115,20,7,48,5,11,28,41
39,28,11,5,161,1,111,203,400,41
39,28,11,5,161,1,7,200,207,41
39,12,241,11,3,392,1,0,23,41
39,12,241,11,3,287,323,27,23,41
39,12,241,11,3,287,1,0,23,41
39,28,15,1,3,0,380,383,23,41
39,28,15,1,3,0,7,265,23,41
39,12,115,20,7,48,51,136,28,41
39,12,115,20,7,48,5,13,23,41
39,28,11,5,161,1,22,91,155,41
39,28,11,5,161,1,7,265,23,41
39,12,241,11,3,392,1,15,28,41
39,12,241,11,3,287,1,15,28,41
39,28,15,1,3,0,7,200,207,41
39,12,115,20,7,48,381,46,28,41
39,12,115,20,7,48,5,15,28,41
39,28,11,5,161,1,69,232,23,41
39,28,11,5,161,1,7,272,341,41
39,12,241,11,3,392,1,44,23,41
39,28,15,1,3,0,7,272,341,41
39,28,11,5,161,1,236,357,23,41
39,28,15,390,424,459,7,0,23,41
39,12,5,15,1,44,50,0,23,41
39,12,5,126,101,17,6,0,23,41
39,28,11,5,161,1,9,482,155,41
39,28,15,390,424,459,7,33,23,41
39,12,5,15,1,44,56,0,23,41
39,12,5,126,101,17,34,0,23,41
39,28,11,5,161,1,3,0,23,41
39,28,15,390,424,459,7,200,207,41
39,28,98,3,9,292,46,33,23,41
39,12,5,126,101,17,186,387,28,41
39,28,11,5,161,1,3,13,23,41
39,28,15,390,424,459,7,265,23,41
39,28,98,3,9,88,38,401,23,41
39,28,98,3,9,292,46,63,106,41
39,12,115,20,7,427,126,101,28,41
39,28,15,390,424,459,7,272,341,41
39,28,98,3,9,270,5,0,23,41
39,12,5,433,46,33,23,144,28,41
39,12,115,20,7,478,130,46,28,41
39,12,115,20,7,1,3,0,23,41
39,28,98,3,9,77,35,33,23,41
39,28,98,3,9,270,5,13,23,41
39,12,115,20,7,62,2,0,23,41
39,12,115,20,7,1,5,0,23,41
39,12,115,20,7,1,3,11,28,41
39,28,98,3,9,493,48,337,23,41
39,12,115,20,7,114,69,232,23,41
39,12,115,20,7,1,9,482,155,41
39,12,115,20,7,1,5,11,28,41
39,12,115,20,7,1,3,13,23,41
39,12,115,20,7,235,50,0,23,41
39,12,115,20,7,114,224,13,23,41
39,12,115,20,7,1,22,91,155,41
39,12,115,20,7,1,5,13,23,41
39,12,115,20,7,1,3,59,28,41
39,12,115,20,7,235,50,44,23,41
39,12,115,20,7,1,35,33,23,41
39,12,115,20,7,1,5,15,28,41
39,12,115,20,7,1,3,98,28,41
39,28,98,3,9,316,403,232,23,41
39,12,115,20,7,1,475,11,28,41
39,28,98,3,9,316,0,175,23,41
39,12,115,20,7,1,3,498,28,41
39,28,15,5,0,1,22,91,155,41
39,12,115,20,7,1,69,232,23,41
39,28,356,10,8,3,11,40,23,41
39,12,139,11,32,178,23,144,28,41
39,28,15,5,0,1,236,357,23,41
39,12,115,20,7,1,111,90,28,41
39,28,356,10,8,3,9,482,155,41
39,12,245,24,272,309,5,11,28,41
39,28,15,5,0,1,69,232,23,41
39,12,115,20,7,1,236,357,23,41
39,12,115,20,7,1,111,203,400,41
39,28,356,10,8,3,1,44,23,41
39,12,245,24,272,443,259,11,28,41
39,12,245,24,272,309,5,0,23,41
39,28,15,5,0,1,111,203,400,41
39,28,356,10,8,3,6,0,23,41
39,28,356,10,8,3,1,0,23,41
39,12,245,24,272,443,445,383,23,41
39,12,245,24,272,309,5,13,23,41
39,28,15,5,0,1,3,13,23,41
39,28,356,10,8,3,4,0,23,41
39,12,58,24,212,45,19,11,28,41
39,12,245,24,272,309,5,15,28,41
39,28,15,5,0,1,7,33,23,41
39,28,11,5,188,368,299,144,23,41
39,12,58,24,212,45,85,244,28,41
39,12,90,111,203,417,46,33,23,41
39,28,15,5,0,1,9,482,155,41
39,28,15,5,0,1,7,265,23,41
39,12,58,24,212,45,168,13,23,41
39,12,90,111,203,417,46,63,106,41
39,28,15,5,0,1,35,33,23,41
39,28,15,5,0,1,7,200,207,41
39,28,15,5,0,3,9,482,155,41
39,28,453,18,5,13,305,203,400,41
39,28,11,5,188,1,0,175,23,41
39,28,15,5,0,1,7,272,341,41
39,28,15,5,0,3,11,40,23,41
39,28,453,18,5,13,3,0,23,41
39,12,245,24,272,7,0,175,23,41
39,12,2,0,17,27,23,144,28,41
39,28,15,5,0,3,1,44,23,41
39,28,453,18,5,13,306,91,155,41
39,12,5,48,247,32,11,40,23,41
39,28,356,10,8,83,5,0,23,41
39,12,58,24,285,32,9,482,155,41
39,12,5,15,1,35,33,46,28,41
39,12,5,48,247,32,11,440,28,41
39,28,356,10,8,93,1,44,23,41
39,28,356,10,8,83,5,13,23,41
39,12,58,24,285,32,367,59,28,41
39,28,15,5,0,24,298,44,23,41
39,28,356,10,8,100,414,337,23,41
39,28,356,10,8,93,1,0,23,41
39,28,46,49,11,40,153,33,23,41
39,12,245,24,272,7,33,46,28,41
39,28,356,10,8,267,140,33,23,41
39,28,356,10,8,100,1,0,23,41
39,12,5,161,1,44,23,144,28,41
39,28,11,5,1,0,17,63,106,41
39,28,356,10,8,317,1,44,23,41
39,28,356,10,8,100,260,0,23,41
39,28,356,10,8,100,1,44,23,41
39,28,11,5,1,0,24,272,341,41
39,28,11,5,1,0,17,27,23,41
39,28,356,10,8,191,1,44,23,41
39,28,356,10,8,317,1,0,23,41
39,28,11,5,1,0,3,13,23,41
39,28,11,5,1,0,17,64,23,41
39,28,356,10,8,26,320,13,23,41
39,28,356,10,8,191,1,0,23,41
39,28,11,5,1,0,50,44,23,41
39,12,245,24,272,7,1,44,23,41
39,28,356,10,8,133,3,0,23,41
39,12,5,1,35,33,23,144,28,41
39,28,11,5,1,0,56,44,23,41
39,12,245,24,272,7,37,200,207,41
39,12,245,24,272,7,1,0,23,41
39,28,356,10,8,352,239,0,23,41
39,28,136,51,48,5,60,33,23,41
39,28,356,10,8,133,3,13,23,41
39,28,11,5,1,0,7,33,23,41
39,12,245,24,272,7,48,337,23,41
39,12,245,24,272,7,1,15,28,41
39,28,136,51,48,5,436,383,23,41
39,12,5,18,6,3,0,175,23,41
39,28,11,5,1,0,380,383,23,41
39,28,11,5,1,0,7,265,23,41
39,12,245,24,272,7,22,91,155,41
39,28,136,51,48,5,11,40,23,41
39,28,136,51,177,13,305,203,400,41
39,28,59,3,1,69,275,63,106,41
39,28,11,5,1,0,7,200,207,41
39,12,245,24,272,7,459,424,23,41
39,28,136,51,48,5,473,33,23,41
39,28,136,51,177,13,5,0,23,41
39,28,15,5,13,31,16,104,23,41
39,28,11,5,1,0,7,272,341,41
39,28,11,5,362,299,37,200,207,41
39,28,136,51,48,5,1,0,23,41
39,28,136,51,177,13,306,91,155,41
39,28,11,3,8,10,2,0,23,41
39,28,11,3,250,370,203,63,106,41
39,12,2,0,5,15,28,144,23,41
39,28,136,51,48,5,309,272,341,41
39,28,136,51,48,5,1,44,23,41
39,28,136,51,177,13,3,0,23,41
39,28,11,3,8,10,16,104,23,41
39,28,11,3,327,22,1,0,23,41
39,12,5,11,3,9,1,0,23,41
39,28,11,5,188,1,7,0,23,41
39,28,59,3,1,7,0,175,23,41
39,12,2,0,380,383,23,144,28,41
39,28,11,3,327,22,7,200,207,41
39,28,11,3,327,22,1,44,23,41
39,12,5,11,3,9,38,401,23,41
39,12,5,11,3,9,1,15,28,41
39,28,11,5,188,1,35,33,23,41
39,28,11,5,188,1,7,33,23,41
39,28,11,3,327,22,7,0,23,41
39,12,5,11,3,9,32,178,23,41
39,12,5,11,3,9,1,44,23,41
39,28,11,5,188,1,111,203,400,41
39,28,11,5,188,1,7,200,207,41
39,28,11,3,327,22,7,33,23,41
39,12,5,11,3,9,292,46,28,41
39,12,5,11,3,9,32,145,28,41
39,28,11,5,188,1,22,91,155,41
39,28,11,5,188,1,7,265,23,41
39,28,11,3,327,22,7,265,23,41
39,12,5,11,3,9,176,33,23,41
39,28,46,163,63,203,305,13,23,41
39,28,11,5,188,1,69,232,23,41
39,28,11,5,188,1,7,272,341,41
39,28,11,3,327,22,7,272,341,41
39,12,5,11,3,9,316,0,23,41
39,12,241,11,3,6,18,453,28,41
39,28,11,5,188,1,236,357,23,41
39,28,244,418,87,8,10,91,155,41
39,28,356,10,8,148,0,175,23,41
39,28,11,3,250,347,7,33,23,41
39,12,241,11,3,6,17,0,23,41
39,28,11,5,188,1,9,482,155,41
39,28,244,418,87,8,1,0,23,41
39,12,208,166,35,33,23,144,28,41
39,28,11,3,250,211,6,0,23,41
39,28,11,3,250,347,7,0,23,41
39,12,241,11,3,6,37,200,207,41
39,12,241,11,3,6,17,27,23,41
39,28,11,5,188,1,3,0,23,41
39,28,244,418,87,8,3,0,23,41
39,28,244,418,87,8,1,44,23,41
39,28,11,3,250,406,17,0,23,41
39,28,11,3,250,211,121,33,23,41
39,28,11,3,250,347,7,200,207,41
39,12,241,11,3,6,17,63,106,41
39,28,11,5,188,1,3,13,23,41
39,28,244,418,87,8,148,0,23,41
39,28,244,418,87,8,3,13,23,41
39,28,11,3,250,406,17,27,23,41
39,28,11,3,250,211,239,0,23,41
39,28,11,3,250,347,7,265,23,41
39,12,241,11,3,6,17,64,23,41
39,28,244,418,87,8,484,200,207,41
39,28,11,3,250,406,17,63,106,41
39,12,5,18,6,17,0,175,23,41
39,28,11,3,250,347,7,272,341,41
39,12,241,11,3,6,17,101,28,41
39,12,2,0,56,44,23,144,28,41
39,28,11,3,250,406,17,64,23,41
39,28,15,5,0,316,9,482,155,41
39,12,58,24,212,45,11,40,23,41
39,12,5,18,6,3,11,40,23,41
39,28,11,3,8,83,5,0,23,41
39,12,5,48,102,129,105,46,28,41
39,28,15,5,0,143,274,44,23,41
39,28,15,5,0,316,403,232,23,41
39,12,58,24,212,45,11,440,28,41
39,12,5,18,6,3,11,440,28,41
39,28,11,3,8,93,1,44,23,41
39,28,11,3,8,83,5,13,23,41
39,12,5,48,102,129,499,11,28,41
39,28,15,5,0,34,38,401,23,41
39,28,144,299,37,200,7,33,23,41
39,28,11,3,8,100,414,337,23,41
39,28,11,3,8,93,1,0,23,41
39,12,245,24,0,175,258,215,28,41
39,28,15,5,0,457,252,200,207,41
39,28,15,5,0,34,17,27,23,41
39,28,144,299,37,200,7,0,23,41
39,28,11,3,8,267,140,33,23,41
39,28,11,3,8,100,1,0,23,41
39,28,15,5,0,6,17,27,23,41
39,28,15,5,0,34,17,63,106,41
39,28,144,299,37,200,7,265,23,41
39,28,11,3,8,317,1,44,23,41
39,28,11,3,8,100,260,0,23,41
39,28,11,3,8,100,1,44,23,41
39,28,15,5,0,4,3,13,23,41
39,28,15,5,0,6,37,200,207,41
39,28,15,5,0,6,17,63,106,41
39,28,15,5,0,34,17,64,23,41
39,28,144,299,37,200,7,272,341,41
39,28,11,3,8,191,1,44,23,41
39,28,11,3,8,317,1,0,23,41
39,28,15,5,0,2,10,91,155,41
39,28,15,5,0,6,3,13,23,41
39,28,15,5,0,6,17,64,23,41
39,28,11,3,8,352,239,0,23,41
39,28,11,3,8,191,1,0,23,41
39,28,248,110,35,33,153,40,23,41
39,28,15,5,0,17,63,203,400,41
39,28,11,5,371,14,2,0,23,41
39,28,11,3,8,26,320,13,23,41
39,12,5,15,390,424,23,144,28,41
39,28,248,110,35,33,7,0,23,41
39,28,59,3,1,236,60,33,23,41
39,28,11,5,371,14,3,0,23,41
39,28,136,51,366,44,1,0,23,41
39,28,15,5,0,7,459,424,23,41
39,28,248,110,35,33,46,63,106,41
39,28,248,110,35,33,7,265,23,41
39,28,11,5,371,14,3,13,23,41
39,28,136,51,366,44,50,0,23,41
39,28,15,5,0,7,1,44,23,41
39,28,248,110,35,33,131,104,23,41
39,28,248,110,35,33,7,200,207,41
39,12,5,18,6,42,4,0,23,41
39,28,136,51,366,44,56,0,23,41
39,28,15,5,0,7,37,200,207,41
39,28,59,3,1,22,7,0,23,41
39,28,248,110,35,33,7,272,341,41
39,12,5,18,6,173,202,206,23,41
39,12,5,18,6,42,82,67,28,41
39,28,15,5,0,7,22,91,155,41
39,28,59,3,1,22,7,33,23,41
39,12,154,47,410,30,16,15,28,41
39,12,5,18,6,205,380,383,23,41
39,12,73,134,1,15,5,0,23,41
39,28,15,5,0,7,48,337,23,41
39,28,59,3,1,22,7,200,207,41
39,12,154,47,410,30,16,104,23,41
39,12,5,18,6,211,121,33,23,41
39,12,5,18,6,205,380,0,23,41
39,12,73,134,1,15,16,183,28,41
39,12,73,134,1,15,5,11,28,41
39,28,59,3,1,22,7,265,23,41
39,12,154,47,410,30,16,183,28,41
39,12,5,18,6,394,263,46,28,41
39,12,5,18,6,211,239,0,23,41
39,12,73,134,1,15,390,424,23,41
39,12,73,134,1,15,16,104,23,41
39,12,73,134,1,15,5,13,23,41
39,28,59,3,1,22,7,272,341,41
39,12,5,18,6,229,30,36,23,41
39,12,73,134,1,15,158,136,28,41
39,12,5,18,6,37,7,272,341,41
39,12,425,220,1,0,23,144,28,41
39,28,59,3,1,9,176,33,23,41
39,12,5,18,6,222,283,407,28,41
39,28,145,32,9,3,11,40,23,41
39,12,5,18,6,37,259,11,28,41
39,12,5,18,6,37,7,0,23,41
39,28,59,3,1,9,38,401,23,41
39,12,5,1,0,175,258,215,28,41
39,28,145,32,9,3,1,44,23,41
39,12,5,18,6,37,299,144,23,41
39,12,5,18,6,37,7,33,23,41
39,28,59,3,1,9,32,178,23,41
39,28,59,3,1,7,37,200,207,41
39,28,145,32,9,3,6,0,23,41
39,28,145,32,9,3,1,0,23,41
39,12,5,18,6,37,299,144,28,41
39,12,5,18,6,37,7,200,207,41
39,28,59,3,1,9,316,0,23,41
39,28,59,3,1,7,48,337,23,41
39,28,145,32,9,3,4,0,23,41
39,28,59,3,392,1,0,175,23,41
39,12,5,18,6,37,7,265,23,41
39,28,59,3,1,5,0,175,23,41
39,28,59,3,1,7,22,91,155,41
39,28,46,163,395,80,31,13,23,41
39,12,5,18,6,3,13,67,28,41
39,28,11,5,66,210,38,401,23,41
39,28,101,126,5,0,1,44,23,41
39,28,59,3,1,7,459,424,23,41
39,28,46,163,377,194,30,36,23,41
39,28,46,163,395,80,99,0,23,41
39,28,11,5,126,427,7,265,23,41
39,28,11,5,66,65,60,33,23,41
39,28,101,126,5,0,3,13,23,41
39,28,59,3,1,97,420,175,23,41
39,28,59,3,1,111,385,33,23,41
39,28,11,5,83,8,484,200,207,41
39,28,11,5,126,101,17,64,23,41
39,28,11,5,126,427,7,0,23,41
39,28,101,126,5,0,24,272,341,41
39,28,59,3,1,8,87,63,106,41
39,28,11,5,363,74,31,13,23,41
39,28,11,5,83,220,1,0,23,41
39,28,11,5,83,8,1,0,23,41
39,28,11,5,126,409,177,13,23,41
39,28,11,5,12,90,111,203,400,41
39,28,59,3,1,111,203,63,106,41
39,28,11,5,126,101,17,0,23,41
39,28,11,5,126,427,7,33,23,41
39,28,101,126,5,0,50,44,23,41
39,28,59,3,1,431,490,104,23,41
39,28,59,3,1,8,148,0,23,41
39,28,11,5,81,42,4,0,23,41
39,28,11,5,363,74,94,0,23,41
39,28,11,5,83,220,1,44,23,41
39,28,11,5,83,8,3,0,23,41
39,28,11,5,83,8,1,44,23,41
39,28,11,5,12,73,279,40,23,41
39,28,11,5,126,101,17,27,23,41
39,28,11,5,126,427,7,200,207,41
39,28,101,126,5,0,56,44,23,41
39,28,59,3,1,21,438,0,23,41
39,28,59,3,1,431,190,33,23,41
39,28,59,3,1,8,484,200,207,41
39,28,11,5,268,179,17,0,23,41
39,28,11,5,81,42,6,0,23,41
39,28,11,5,83,8,148,0,23,41
39,28,11,5,83,8,3,13,23,41
39,28,11,5,12,107,7,33,23,41
39,28,11,5,12,73,24,0,23,41
39,28,11,5,126,101,17,63,106,41
39,28,11,5,126,427,7,272,341,41
39,28,101,126,5,0,7,200,207,41
39,28,59,3,1,487,37,200,207,41
39,28,59,3,1,21,140,33,23,41
39,28,59,3,1,8,10,91,155,41
39,28,11,5,268,179,17,27,23,41
39,28,11,5,83,8,10,91,155,41
39,28,11,5,12,245,24,272,341,41
39,28,11,5,12,107,7,0,23,41
39,28,11,5,12,73,84,419,23,41
39,28,11,5,12,73,24,272,341,41
39,28,101,126,5,0,17,27,23,41
39,28,101,126,5,0,7,33,23,41
39,28,59,3,1,15,390,424,23,41
39,28,59,3,1,21,84,419,23,41
39,28,11,5,268,179,17,63,106,41
39,28,11,5,83,8,87,63,106,41
39,28,11,5,12,58,24,272,341,41
39,28,11,5,12,245,24,0,23,41
39,28,11,5,12,107,7,200,207,41
39,28,101,126,5,0,380,383,23,41
39,28,101,126,5,0,17,63,106,41
39,28,101,126,5,0,7,265,23,41
39,28,59,3,1,475,11,40,23,41
39,28,59,3,1,15,5,0,23,41
39,28,11,5,268,179,17,64,23,41
39,28,11,5,12,492,260,0,23,41
39,28,11,5,12,58,24,0,23,41
39,28,11,5,12,107,7,265,23,41
39,28,59,3,1,5,436,383,23,41
39,28,101,126,5,0,17,64,23,41
39,28,101,126,5,0,7,272,341,41
39,28,59,3,1,57,465,150,23,41
39,28,59,3,1,15,16,104,23,41
39,28,59,3,1,15,5,13,23,41
39,28,11,5,12,334,10,91,155,41
39,28,11,5,12,107,7,272,341,41
39,28,59,3,1,5,473,33,23,41
39,28,11,5,12,2,10,91,155,41
39,28,15,1,7,0,3,13,23,41
39,28,59,3,1,100,414,337,23,41
39,28,59,3,1,57,31,13,23,41
39,28,498,3,14,371,466,424,23,41
39,28,11,5,12,315,260,0,23,41
39,12,2,14,371,5,11,40,23,41
39,28,59,3,1,5,11,40,23,41
39,28,11,5,12,2,0,175,23,41
39,28,15,1,7,0,17,63,106,41
39,28,59,3,1,382,32,178,23,41
39,28,59,3,1,100,260,0,23,41
39,28,498,3,14,96,48,337,23,41
39,28,498,3,14,371,5,0,23,41
39,12,2,14,371,5,11,440,28,41
39,28,59,3,1,5,60,33,23,41
39,12,5,309,272,7,33,46,28,41
39,28,15,1,7,0,50,44,23,41
39,28,15,1,7,0,17,27,23,41
39,12,5,127,1,0,23,144,28,41
39,28,59,3,1,441,131,33,23,41
39,12,5,48,51,136,158,15,28,41
39,28,498,3,14,371,5,13,23,41
39,12,2,0,50,71,304,206,23,41
39,28,59,3,1,5,48,337,23,41
39,28,404,72,31,13,305,203,400,41
39,28,15,1,7,0,56,44,23,41
39,28,15,1,7,0,17,64,23,41
39,12,5,18,6,17,63,46,28,41
39,28,59,3,1,157,307,33,23,41
39,28,59,3,1,441,131,104,23,41
39,12,5,309,272,7,1,44,23,41
39,12,2,0,50,235,7,200,207,41
39,28,11,3,287,1,0,175,23,41
39,12,2,0,50,71,137,181,28,41
39,28,59,3,1,5,309,272,341,41
39,28,404,72,31,13,306,91,155,41
39,28,15,1,7,0,5,13,23,41
39,12,5,18,6,17,63,203,400,41
39,28,59,3,1,152,34,0,23,41
39,28,59,3,1,157,5,0,23,41
39,12,5,11,3,1,0,175,23,41
39,12,5,309,272,7,37,200,207,41
39,12,5,309,272,7,1,0,23,41
39,12,2,0,50,235,7,33,23,41
39,28,404,72,31,13,5,0,23,41
39,28,15,1,7,0,24,272,341,41
39,28,11,5,48,7,0,175,23,41
39,12,2,14,371,5,1,0,23,41
39,28,11,3,290,60,5,0,23,41
39,28,11,45,53,198,448,206,23,41
39,12,5,1,3,59,28,144,23,41
39,28,15,61,105,447,140,33,23,41
39,28,59,3,1,326,252,200,207,41
39,28,15,61,105,300,104,150,23,41
39,28,59,3,1,157,253,13,23,41
39,28,11,19,76,17,0,175,23,41
39,28,59,3,1,157,5,13,23,41
39,28,244,331,35,33,153,40,23,41
39,28,11,19,54,30,16,104,23,41
39,12,5,309,272,7,48,337,23,41
39,28,248,346,3,13,305,203,400,41
39,12,5,309,272,7,1,15,28,41
39,28,11,19,20,30,16,104,23,41
39,12,2,0,50,235,7,265,23,41
39,12,315,260,0,17,63,46,28,41
39,12,241,11,3,98,28,144,23,41
39,28,15,61,105,46,63,203,400,41
39,28,404,72,31,13,3,0,23,41
39,28,11,19,20,7,0,175,23,41
39,28,15,1,7,0,380,383,23,41
39,28,15,61,105,46,163,63,106,41
39,12,5,18,6,17,34,0,23,41
39,12,2,14,371,5,433,46,28,41
39,28,59,3,392,1,7,0,23,41
39,28,11,19,294,51,160,0,23,41
39,12,2,14,371,5,1,15,28,41
39,28,11,19,45,179,17,63,106,41
39,28,11,3,290,60,230,203,400,41
39,28,11,3,290,60,5,13,23,41
39,12,5,18,6,3,1,0,23,41
39,12,5,48,247,32,9,482,155,41
39,28,11,45,53,38,9,482,155,41
39,12,5,18,6,0,1,44,23,41
39,28,15,61,105,240,37,200,207,41
39,28,59,3,1,161,5,0,23,41
39,28,440,11,3,13,305,203,400,41
39,28,11,19,20,21,84,419,23,41
39,28,11,19,76,17,34,0,23,41
39,28,244,331,35,33,7,0,23,41
39,12,5,0,1,382,32,11,28,41
39,12,5,48,102,37,6,0,23,41
39,28,15,5,11,332,104,150,23,41
39,28,46,110,35,1,22,91,155,41
39,12,5,11,45,168,13,67,28,41
39,12,5,309,272,7,22,91,155,41
39,28,11,19,20,7,1,0,23,41
39,28,248,346,3,13,5,0,23,41
39,12,5,1,111,90,28,144,23,41
39,28,387,186,17,0,1,44,23,41
39,12,5,11,257,4,3,0,23,41
39,12,5,11,257,4,0,175,23,41
39,12,2,0,50,235,7,272,341,41
39,12,5,11,45,19,390,424,23,41
39,12,315,260,0,17,63,203,400,41
39,12,241,11,3,4,0,175,23,41
39,12,5,48,51,136,28,144,23,41
39,28,11,3,287,1,7,0,23,41
39,12,154,47,123,13,23,144,28,41
39,12,5,11,45,85,52,481,28,41
39,28,387,186,221,25,3,0,23,41
39,12,5,11,3,4,113,15,28,41
39,28,387,186,439,33,153,40,23,41
39,12,5,11,311,168,13,67,28,41
39,28,15,5,11,32,9,482,155,41
39,28,15,61,105,46,170,33,23,41
39,12,2,0,50,44,1,15,28,41
39,28,15,349,52,46,63,203,400,41
39,12,5,18,6,17,186,387,28,41
39,28,498,3,327,22,1,0,23,41
39,12,5,1,7,33,23,144,28,41
39,28,98,3,11,332,104,150,23,41
39,12,5,11,139,289,82,67,28,41
39,12,2,14,371,5,18,453,28,41
39,28,59,3,392,1,35,33,23,41
39,28,59,3,392,1,7,33,23,41
39,12,5,11,19,45,85,244,28,41
39,28,11,19,284,20,7,33,23,41
39,12,5,11,19,69,1,0,23,41
39,28,11,19,294,51,48,337,23,41
39,28,387,186,131,33,153,40,23,41
39,12,2,10,356,28,46,63,106,41
39,12,2,14,371,5,1,44,23,41
39,12,5,11,19,24,298,44,23,41
39,28,11,19,45,53,38,401,23,41
39,28,244,85,52,46,63,203,400,41
39,28,11,19,45,179,17,0,23,41
39,28,11,3,290,60,236,357,23,41
39,12,5,11,19,24,0,175,23,41
39,12,90,111,203,230,60,33,23,41
39,12,5,11,3,4,0,175,23,41
39,28,498,3,47,71,304,206,23,41
39,28,15,5,11,259,37,200,207,41
39,12,5,18,6,3,4,0,23,41
39,12,5,11,259,37,6,0,23,41
39,12,5,18,6,3,1,15,28,41
39,28,11,19,25,3,1,44,23,41
39,12,5,48,247,32,367,59,28,41
39,28,11,45,53,38,34,0,23,41
39,12,241,11,5,15,28,144,23,41
39,12,107,7,1,44,50,0,23,41
39,12,5,18,6,0,3,498,28,41
39,12,5,18,6,0,1,15,28,41
39,28,387,186,131,441,1,0,23,41
39,28,15,5,11,3,0,175,23,41
39,12,5,11,475,1,0,175,23,41
39,12,5,11,259,329,84,358,28,41
39,28,59,3,1,188,5,0,23,41
39,12,5,11,3,1,7,0,23,41
39,12,5,15,1,0,23,144,28,41
39,12,5,1,3,9,38,401,23,41
39,28,59,3,1,161,5,13,23,41
39,12,5,11,259,443,445,383,23,41
39,28,440,11,3,13,5,0,23,41
39,28,11,19,20,78,1,0,23,41
39,28,98,3,11,32,9,482,155,41
39,12,5,11,255,69,1,0,23,41
39,28,11,19,20,21,1,0,23,41
39,28,11,19,76,17,6,0,23,41
39,12,2,14,371,5,13,67,28,41
39,28,145,187,117,80,46,33,23,41
39,28,244,331,35,33,46,63,106,41
39,28,244,331,35,33,7,265,23,41
39,28,145,187,117,69,1,0,23,41
39,12,5,11,324,287,3,498,28,41
39,12,5,0,1,469,241,11,28,41
39,12,5,0,1,382,32,145,28,41
39,12,5,48,102,37,7,200,207,41
39,12,139,359,69,232,23,144,28,41
39,28,11,3,14,2,10,91,155,41
39,28,15,113,295,184,50,0,23,41
39,12,58,24,251,45,19,11,28,41
39,28,15,5,11,3,1,44,23,41
39,12,5,11,475,1,3,0,23,41
39,12,5,11,330,260,0,175,23,41
39,28,46,110,35,1,236,357,23,41
39,12,5,1,236,60,230,203,400,41
39,12,5,309,272,7,459,424,23,41
39,28,98,3,11,259,37,200,207,41
39,28,11,19,20,7,22,91,155,41
39,28,11,19,20,7,1,44,23,41
39,28,11,19,313,17,34,0,23,41
39,28,248,346,3,13,306,91,155,41
39,28,145,32,285,24,298,44,23,41
39,28,144,489,163,46,63,203,400,41
39,28,98,3,11,5,0,175,23,41
39,12,73,24,285,399,85,244,28,41
39,12,73,24,285,32,11,40,23,41
39,28,387,186,17,0,3,13,23,41
39,12,5,0,3,13,305,203,400,41
39,12,5,11,257,4,113,15,28,41
39,28,145,32,9,3,0,175,23,41
39,28,145,389,26,8,484,200,207,41
39,12,5,11,257,4,3,13,23,41
39,12,5,0,24,19,69,232,23,41
39,12,5,11,45,53,38,401,23,41
39,28,498,3,8,83,5,0,23,41
39,12,5,11,45,19,24,272,341,41
39,12,5,11,45,19,390,15,28,41
39,28,11,3,14,371,466,424,23,41
39,28,498,3,8,87,63,203,400,41
39,12,5,1,236,60,33,46,28,41
39,28,231,461,105,240,37,200,207,41
39,28,231,461,105,300,104,150,23,41
39,12,73,24,251,45,19,11,28,41
39,12,73,24,251,45,11,40,23,41
39,28,11,3,287,1,35,33,23,41
39,28,11,3,287,1,7,33,23,41
39,12,5,1,111,203,417,46,28,41
39,28,98,3,11,5,309,272,341,41
39,12,73,24,285,32,9,482,155,41
39,12,5,11,45,85,283,407,28,41
39,12,5,11,45,85,52,46,28,41
39,12,5,48,7,272,24,0,23,41
39,12,5,1,287,324,11,40,23,41
39,12,73,24,212,45,19,11,28,41
39,28,387,186,221,25,3,13,23,41
39,12,73,24,212,45,11,40,23,41
39,12,5,309,486,406,17,0,23,41
39,28,231,461,105,46,163,63,106,41
39,28,387,186,439,33,7,200,207,41
39,12,154,47,3,4,113,15,28,41
39,12,5,0,24,19,11,40,23,41
39,28,46,86,5,13,305,203,400,41
39,12,154,47,3,4,0,175,23,41
39,28,498,3,0,24,298,44,23,41
39,28,15,61,105,46,417,203,400,41
39,28,11,5,48,381,46,33,23,41
39,12,5,1,111,385,33,46,28,41
39,12,2,0,3,13,23,144,28,41
39,28,356,10,8,87,63,203,400,41
39,28,11,3,14,2,0,175,23,41
39,12,2,0,5,13,3,498,28,41
39,12,154,47,3,6,18,453,28,41
39,12,154,47,3,6,0,175,23,41
39,28,498,3,327,22,7,200,207,41
39,12,154,47,3,1,236,357,23,41
39,28,498,3,327,22,1,44,23,41
39,12,334,10,16,104,23,144,28,41
39,28,11,5,1,69,275,63,106,41
39,12,154,47,3,9,1,0,23,41
39,12,5,11,139,359,69,232,23,41
39,12,2,0,50,44,23,144,28,41
39,12,2,14,371,5,19,11,28,41
39,12,334,10,2,0,23,144,28,41
39,28,59,3,392,1,236,357,23,41
39,28,11,3,8,87,63,203,400,41
39,12,5,86,231,461,105,46,28,41
39,12,115,20,74,31,16,15,28,41
39,12,115,20,74,31,13,67,28,41
39,28,59,3,392,1,7,200,207,41
39,12,334,10,16,104,131,33,23,41
39,12,154,47,3,8,484,200,207,41
39,12,5,11,19,25,3,498,28,41
39,12,5,11,19,45,168,13,23,41
39,28,11,3,47,71,304,206,23,41
39,12,107,7,48,337,23,144,28,41
39,28,11,19,308,301,4,0,23,41
39,28,11,19,284,20,30,36,23,41
39,12,115,20,78,92,45,11,28,41
39,28,11,19,284,20,7,0,23,41
39,12,58,24,251,45,11,40,23,41
39,12,5,11,19,69,275,63,106,41
39,12,5,11,19,69,1,15,28,41
39,12,115,20,78,1,0,175,23,41
39,28,11,19,294,51,262,27,23,41
39,12,5,11,3,8,484,200,207,41
39,28,11,3,25,19,390,424,23,41
39,28,11,5,309,272,7,200,207,41
39,12,115,20,74,363,5,0,23,41
39,12,115,20,74,94,263,46,28,41
39,28,387,186,131,33,7,272,341,41
39,12,2,0,7,33,46,63,106,41
39,12,115,20,74,94,0,175,23,41
39,12,2,10,356,28,11,40,23,41
39,12,2,10,356,28,46,33,23,41
39,12,5,60,33,170,46,63,106,41
39,12,5,15,1,35,110,248,28,41
39,12,115,20,95,70,37,200,207,41
39,28,11,19,45,164,1,0,23,41
39,12,2,0,7,33,153,40,23,41
39,12,115,20,95,209,40,11,28,41
39,12,5,60,33,7,0,175,23,41
39,28,11,19,45,179,17,27,23,41
39,28,90,111,1,236,60,33,23,41
39,28,11,40,153,33,7,200,207,41
39,28,11,5,1,7,0,175,23,41
39,12,115,20,470,45,19,11,28,41
39,12,115,20,470,45,11,40,23,41
39,28,11,3,75,31,16,104,23,41
39,12,115,20,78,1,3,0,23,41
39,28,498,3,47,147,4,0,23,41
39,28,498,3,47,71,50,0,23,41
39,12,5,15,1,7,37,200,207,41
39,28,15,5,11,19,390,424,23,41
39,28,15,5,11,259,443,272,341,41
39,12,107,7,0,5,13,67,28,41
39,28,90,111,1,9,176,33,23,41
39,28,498,3,250,370,203,63,106,41
39,12,5,18,6,3,9,482,155,41
39,12,5,11,259,37,7,200,207,41
39,12,5,18,6,3,1,44,23,41
39,28,11,19,25,3,9,482,155,41
39,28,11,19,25,3,1,0,23,41
39,28,11,45,53,38,121,33,23,41
39,12,107,7,1,44,56,0,23,41
39,12,5,18,6,0,50,44,23,41
39,12,5,18,6,0,3,11,28,41
39,28,387,186,131,195,60,33,23,41
39,28,387,186,131,441,1,44,23,41
39,12,5,11,259,329,84,419,23,41
39,28,59,3,1,287,323,27,23,41
39,28,59,3,1,188,5,13,23,41
39,12,5,11,3,1,9,482,155,41
39,12,5,11,3,1,7,33,23,41
39,12,5,1,3,9,32,178,23,41
39,28,440,11,3,13,306,91,155,41
39,28,11,19,20,95,209,40,23,41
39,28,11,19,20,78,1,44,23,41
39,12,5,11,255,69,275,63,106,41
39,12,5,11,255,69,1,15,28,41
39,28,11,19,20,21,438,0,23,41
39,28,11,19,20,21,1,44,23,41
39,28,145,187,117,80,31,13,23,41
39,28,145,187,117,80,46,63,106,41
39,28,244,331,35,33,131,104,23,41
39,28,244,331,35,33,7,200,207,41
39,28,145,187,117,69,275,63,106,41
39,28,145,187,117,69,1,44,23,41
39,12,5,11,118,21,52,481,28,41
39,12,5,11,324,287,1,0,23,41
39,12,5,11,324,287,3,0,23,41
39,12,5,0,1,8,3,11,28,41
39,12,5,0,1,382,32,178,23,41
39,12,5,48,102,37,259,11,28,41
39,12,5,48,102,37,7,0,23,41
39,28,15,113,295,184,50,44,23,41
39,12,58,24,251,45,85,244,28,41
39,28,15,5,11,3,9,482,155,41
39,28,15,5,11,3,1,0,23,41
39,12,5,11,475,1,7,0,23,41
39,12,5,11,475,1,3,13,23,41
39,28,46,110,35,1,69,232,23,41
39,28,98,3,11,19,390,424,23,41
39,28,98,3,11,259,443,272,341,41
39,28,11,19,20,7,37,200,207,41
39,28,11,19,313,17,6,0,23,41
39,12,73,24,285,32,11,440,28,41
39,28,387,186,17,0,7,200,207,41
39,12,5,0,3,13,306,91,155,41
39,28,145,389,26,70,37,200,207,41
39,28,145,389,26,8,1,0,23,41
39,12,5,11,257,4,3,59,28,41
39,12,5,0,24,19,45,11,28,41
39,12,5,11,45,164,1,15,28,41
39,28,498,3,8,93,1,44,23,41
39,28,498,3,8,83,5,13,23,41
39,12,5,11,45,19,69,232,23,41
39,12,5,11,45,19,24,0,23,41
39,28,11,3,14,96,48,337,23,41
39,28,11,3,14,371,5,0,23,41
39,28,231,461,105,447,140,33,23,41
39,12,73,24,251,45,85,244,28,41
39,12,73,24,251,45,11,440,28,41
39,28,11,3,287,1,236,357,23,41
39,28,11,3,287,1,7,200,207,41
39,12,5,1,111,203,266,215,28,41
39,28,98,3,11,5,473,33,23,41
39,12,73,24,285,32,367,59,28,41
39,12,5,1,287,324,11,440,28,41
39,12,73,24,212,45,85,244,28,41
39,12,73,24,212,45,11,440,28,41
39,12,5,309,486,406,17,27,23,41
39,28,231,461,105,46,170,33,23,41
39,28,387,186,439,33,46,63,106,41
39,28,387,186,439,33,7,0,23,41
39,12,154,47,3,4,257,11,28,41
39,12,5,0,24,19,11,440,28,41
39,28,46,86,5,13,3,0,23,41
39,28,11,5,48,493,9,482,155,41
39,28,11,5,48,381,46,63,106,41
39,12,2,0,5,13,305,203,400,41
39,12,2,0,5,13,3,11,28,41
39,12,154,47,3,6,17,0,23,41
39,28,498,3,327,22,7,0,23,41
39,12,154,47,3,1,69,232,23,41
39,12,154,47,3,9,38,401,23,41
39,12,154,47,3,9,1,15,28,41
39,28,498,3,8,1,0,175,23,41
39,12,5,0,24,73,84,358,28,41
39,12,2,0,24,19,11,40,23,41
39,12,107,7,0,5,1,15,28,41
39,12,2,0,24,19,390,424,23,41
39,12,2,14,371,5,48,337,23,41
39,28,59,3,392,1,5,13,23,41
39,12,107,7,0,6,17,63,106,41
39,12,115,20,74,31,72,404,28,41
39,12,115,20,74,31,16,104,23,41
39,28,11,255,69,1,0,175,23,41
39,28,59,3,392,1,7,265,23,41
39,12,115,20,7,33,23,144,28,41
39,12,73,84,419,23,13,67,28,41
39,12,107,7,0,3,11,40,23,41
39,12,334,10,16,104,332,11,28,41
39,12,154,47,3,14,2,0,23,41
39,28,11,255,69,114,7,200,207,41
39,12,154,47,3,8,1,0,23,41
39,12,5,11,19,313,17,63,106,41
39,28,11,255,69,1,22,91,155,41
39,12,5,11,19,25,3,0,23,41
39,28,136,264,161,5,0,175,23,41
39,12,5,1,7,33,153,40,23,41
39,28,11,3,47,147,4,0,23,41
39,28,11,3,47,71,50,0,23,41
39,12,139,359,69,19,5,0,23,41
39,12,107,7,0,3,13,67,28,41
39,12,315,260,271,80,31,13,23,41
39,12,208,166,45,11,28,144,23,41
39,12,2,0,17,64,23,144,28,41
39,12,154,47,16,104,23,144,28,41
39,12,5,1,7,33,46,63,106,41
39,12,315,260,271,80,46,33,23,41
39,28,11,19,284,20,202,206,23,41
39,12,154,47,3,98,28,144,23,41
39,12,139,359,69,19,11,40,23,41
39,12,5,1,7,0,3,498,28,41
39,12,107,7,0,3,1,44,23,41
39,28,11,19,284,20,7,200,207,41
39,12,58,24,251,45,11,440,28,41
39,28,136,264,161,5,309,272,341,41
39,12,5,51,130,46,49,11,28,41
39,12,5,11,19,69,1,44,23,41
39,12,315,260,100,8,87,63,106,41
39,12,5,1,8,10,2,0,23,41
39,12,154,47,16,10,2,0,23,41
39,28,90,111,203,63,46,33,23,41
39,28,11,19,294,51,366,44,23,41
39,12,315,260,100,1,0,175,23,41
39,12,5,11,3,452,448,206,23,41
39,12,115,20,19,11,28,144,23,41
39,12,5,11,3,8,1,0,23,41
39,28,11,3,59,367,32,178,23,41
39,28,67,13,3,11,332,104,23,41
39,28,11,3,25,19,24,272,341,41
39,12,5,1,8,148,0,175,23,41
39,12,115,20,7,265,23,144,28,41
39,28,11,5,309,272,24,0,23,41
39,28,11,5,309,272,7,0,23,41
39,12,5,157,416,3,1,0,23,41
39,12,115,20,74,363,5,11,28,41
39,12,5,15,16,10,2,0,23,41
39,28,11,255,69,275,63,203,400,41
39,12,2,0,3,498,28,144,23,41
39,28,46,63,203,111,385,33,23,41
39,12,107,7,37,6,3,0,23,41
39,12,139,359,69,255,11,40,23,41
39,28,387,186,131,33,46,63,106,41
39,28,387,186,131,33,7,0,23,41
39,12,315,260,100,1,3,0,23,41
39,12,2,10,356,28,67,13,23,41
39,12,5,60,33,7,1,44,23,41
39,12,139,359,69,1,3,0,23,41
39,28,67,13,3,6,37,200,207,41
39,12,5,15,1,35,331,244,28,41
39,28,67,13,3,6,0,175,23,41
39,12,5,15,1,35,110,46,28,41
39,28,67,13,3,1,69,232,23,41
39,12,115,20,95,296,1,0,23,41
39,12,115,20,95,70,171,40,23,41
39,12,5,1,8,3,13,67,28,41
39,12,107,7,37,6,0,175,23,41
39,28,67,13,3,1,0,175,23,41
39,28,11,19,45,166,35,33,23,41
39,28,67,13,3,452,448,206,23,41
39,28,11,19,45,164,1,44,23,41
39,12,5,15,16,31,72,404,28,41
39,12,2,0,7,33,170,46,28,41
39,28,67,13,3,4,0,175,23,41
39,12,2,10,16,104,23,144,28,41
39,12,2,0,7,22,1,15,28,41
39,28,215,266,203,63,46,33,23,41
39,28,11,19,45,179,17,64,23,41
39,12,5,15,16,31,13,67,28,41
39,12,73,279,40,171,378,63,106,41
39,28,11,40,153,33,46,63,106,41
39,28,11,40,153,33,7,0,23,41
39,12,5,1,392,3,0,175,23,41
39,12,90,111,203,305,13,67,28,41
39,12,241,11,5,13,3,0,23,41
39,12,73,279,40,153,33,46,28,41
39,12,115,20,470,45,85,244,28,41
39,12,115,20,470,45,11,440,28,41
39,12,2,10,16,183,28,144,23,41
39,28,11,5,1,22,7,0,23,41
39,12,139,359,69,114,224,13,23,41
39,12,115,20,78,1,5,0,23,41
39,12,115,20,78,1,3,11,28,41
39,28,46,433,5,48,7,265,23,41
39,28,498,3,47,410,30,36,23,41
39,28,136,264,161,1,22,91,155,41
39,12,5,15,1,44,23,144,28,41
39,12,154,47,3,13,23,144,28,41
39,12,107,7,0,175,258,215,28,41
39,28,498,3,47,71,50,44,23,41
39,12,5,15,16,494,31,13,23,41
39,12,5,15,1,7,48,337,23,41
39,12,492,260,0,5,11,40,23,41
39,28,15,5,11,255,69,232,23,41
39,12,492,260,0,17,186,387,28,41
39,28,15,5,11,19,24,272,341,41
39,12,5,1,57,465,150,104,23,41
39,12,492,260,271,80,31,13,23,41
39,28,90,111,1,9,32,178,23,41
39,12,245,24,0,7,33,46,28,41
39,12,139,11,3,98,28,144,23,41
39,12,5,11,3,6,18,453,28,41
39,12,154,47,3,11,28,144,23,41
39,12,492,260,271,80,46,33,23,41
39,12,492,260,0,5,13,67,28,41
39,12,5,18,6,3,346,248,28,41
39,12,5,11,259,37,299,144,23,41
39,12,5,11,259,37,7,0,23,41
39,12,492,260,100,8,87,63,106,41
39,12,492,260,0,316,9,482,155,41
39,28,11,19,25,3,6,0,23,41
39,28,498,3,0,5,309,272,341,41
39,12,492,260,0,7,33,46,28,41
39,12,492,260,0,5,1,44,23,41
39,12,492,260,100,1,0,175,23,41
39,12,5,18,6,0,56,44,23,41
39,12,5,1,21,438,0,175,23,41
39,12,107,7,0,17,63,46,28,41
39,28,46,163,63,275,69,232,23,41
39,12,5,18,6,0,3,13,23,41
39,28,11,40,171,378,63,203,400,41
39,12,2,0,175,23,13,67,28,41
39,12,425,220,1,44,50,0,23,41
39,28,46,163,63,17,0,175,23,41
39,28,59,3,1,127,5,0,23,41
39,12,5,15,16,104,23,144,28,41
39,12,492,260,0,7,22,91,155,41
39,28,46,163,63,17,34,0,23,41
39,12,5,11,3,1,22,91,155,41
39,12,5,1,7,272,24,0,23,41
39,28,440,11,5,48,7,265,23,41
39,12,154,47,3,0,23,144,28,41
39,28,98,3,14,371,466,424,23,41
39,12,5,11,3,1,7,200,207,41
39,12,5,1,3,9,292,46,28,41
39,28,98,3,14,2,10,91,155,41
39,12,5,1,3,9,32,11,28,41
39,28,98,3,14,2,0,175,23,41
39,28,11,19,20,74,94,0,23,41
39,12,492,260,0,17,63,46,28,41
39,12,241,11,32,9,1,0,23,41
39,12,492,260,0,3,13,67,28,41
39,28,11,5,48,7,1,0,23,41
39,28,15,5,1,236,60,33,23,41
39,28,15,5,1,0,3,13,23,41
39,12,5,11,255,69,1,44,23,41
39,12,5,188,1,15,16,183,28,41
39,12,5,157,1,0,23,144,28,41
39,28,11,19,20,21,140,33,23,41
39,12,154,47,16,15,28,144,23,41
39,28,145,187,117,80,99,0,23,41
39,28,98,3,281,38,9,482,155,41
39,28,46,433,5,60,230,203,400,41
39,12,2,0,3,59,28,144,23,41
39,12,241,11,3,0,1,15,28,41
39,28,244,331,35,33,7,272,341,41
39,28,98,3,8,1,0,175,23,41
39,12,492,260,0,3,1,15,28,41
39,12,5,11,241,469,1,15,28,41
39,12,115,20,201,82,67,13,23,41
39,28,101,126,214,43,37,200,207,41
39,12,5,60,33,131,104,150,23,41
39,12,5,11,49,46,28,144,23,41
39,28,90,12,58,24,0,175,23,41
39,12,5,11,118,21,1,0,23,41
39,12,5,11,118,21,52,46,28,41
39,28,98,3,290,60,5,0,23,41
39,12,5,11,324,287,323,27,23,41
39,12,5,11,324,287,1,15,28,41
39,12,5,48,337,23,13,67,28,41
39,12,5,11,324,287,3,13,23,41
39,12,5,0,1,392,3,498,28,41
39,28,90,12,58,24,298,44,23,41
39,28,98,3,8,148,0,175,23,41
39,12,5,0,1,8,10,356,28,41
39,12,5,0,1,8,3,13,23,41
39,12,492,260,330,11,3,0,23,41
39,28,98,3,8,1,9,482,155,41
39,12,5,48,102,37,299,144,23,41
39,12,5,48,102,37,7,33,23,41
39,12,5,436,383,23,13,67,28,41
39,12,2,0,5,11,3,498,28,41
39,12,241,11,49,46,63,203,400,41
39,28,15,5,1,69,275,63,106,41
39,12,58,24,251,45,168,13,23,41
39,12,245,24,0,5,11,40,23,41
39,28,15,5,11,3,6,0,23,41
39,28,101,126,427,7,0,175,23,41
39,28,98,3,8,10,2,0,23,41
39,12,5,11,475,1,9,482,155,41
39,12,5,11,475,1,7,33,23,41
39,12,425,220,1,15,28,144,23,41
39,12,5,11,475,1,3,59,28,41
39,12,492,260,100,1,3,0,23,41
39,28,46,110,35,1,7,33,23,41
39,28,90,111,1,7,0,175,23,41
39,12,90,28,144,299,37,200,207,41
39,12,458,173,202,20,19,11,28,41
39,28,98,3,47,71,304,206,23,41
39,28,98,3,11,255,69,232,23,41
39,28,98,3,11,19,24,272,341,41
39,12,241,11,5,1,0,175,23,41
39,28,98,3,47,16,246,206,23,41
39,28,98,3,47,16,104,150,23,41
39,12,458,173,6,0,23,144,28,41
39,28,98,3,8,83,5,0,23,41
39,28,11,19,20,7,48,337,23,41
39,12,425,220,1,44,23,144,28,41
39,12,139,359,69,275,63,46,28,41
39,28,387,186,17,0,50,44,23,41
39,28,387,186,17,0,7,33,23,41
39,12,90,111,1,5,0,175,23,41
39,28,11,5,1,111,385,33,23,41
39,28,98,3,392,1,7,0,23,41
39,28,145,389,26,21,1,44,23,41
39,28,145,389,26,70,171,40,23,41
39,12,241,11,139,289,82,67,28,41
39,28,98,3,392,1,0,175,23,41
39,28,145,389,26,8,3,0,23,41
39,28,90,12,73,24,0,175,23,41
39,28,145,389,26,8,1,44,23,41
39,12,115,20,284,19,11,40,23,41
39,12,5,11,257,4,3,98,28,41
39,12,5,0,24,19,390,15,28,41
39,12,189,45,164,1,0,175,23,41
39,12,2,233,234,20,72,404,28,41
39,12,5,11,45,179,17,63,106,41
39,28,15,5,1,3,0,175,23,41
39,12,5,11,45,164,1,0,23,41
39,28,481,52,46,163,489,144,23,41
39,12,5,157,416,3,11,40,23,41
39,12,245,24,0,7,22,91,155,41
39,12,5,1,57,65,60,33,23,41
39,12,5,1,431,490,104,150,23,41
39,12,2,0,1,22,7,200,207,41
39,28,498,3,8,100,414,337,23,41
39,28,498,3,8,93,1,0,23,41
39,12,2,233,71,50,0,175,23,41
39,28,98,3,75,31,16,104,23,41
39,28,11,3,14,371,5,13,23,41
39,12,2,233,71,137,22,91,155,41
39,28,231,461,105,61,48,337,23,41
39,12,189,45,168,311,11,40,23,41
39,28,98,3,25,19,11,40,23,41
