282,9,292,46,105,447
282,9,270,483,105,447
282,9,176,33,140,447
282,9,1,21,140,447
282,9,1,21,140,447
282,9,176,33,140,447
282,9,292,46,105,447
282,9,1,7,33,140,447
282,9,176,33,46,105,447
282,9,3,8,267,140,447
282,132,30,20,21,140,447
282,9,38,121,33,140,447
282,9,3,1,21,140,447
282,9,292,46,33,140,447
282,9,1,8,267,140,447
282,9,77,35,33,140,447
282,9,1,15,61,105,447
282,9,88,218,46,105,447
282,9,1,35,33,140,447
282,9,493,48,61,105,447
282,9,38,141,46,105,447
282,9,38,165,46,105,447
282,9,176,33,170,46,105,447
282,9,77,228,8,267,140,447
282,9,77,35,1,21,140,447
282,9,77,35,33,46,105,447
282,9,292,46,52,21,140,447
282,9,292,345,37,240,105,447
282,132,45,11,499,129,105,447
282,9,292,46,170,33,140,447
282,9,1,15,28,46,105,447
282,132,172,215,28,46,105,447
282,132,45,19,20,21,140,447
282,132,45,11,28,46,105,447
282,132,426,100,1,21,140,447
282,9,3,8,1,21,140,447
282,132,172,51,130,46,105,447
282,132,45,85,52,46,105,447
282,132,30,16,104,300,105,447
282,9,88,38,121,33,140,447
282,132,45,11,49,46,105,447
282,9,88,218,46,33,140,447
282,132,30,20,7,33,140,447
282,9,1,487,37,240,105,447
282,132,426,100,8,267,140,447
282,9,1,35,110,46,105,447
282,9,3,8,26,21,140,447
282,9,1,8,26,21,140,447
282,9,1,21,52,46,105,447
282,9,32,11,499,129,105,447
282,132,172,51,48,61,105,447
282,9,316,0,1,21,140,447
282,9,32,178,23,33,140,447
282,9,32,11,28,46,105,447
282,9,316,0,7,33,140,447
282,9,32,382,1,21,140,447
282,9,32,11,49,46,105,447
282,9,316,0,23,33,140,447
282,9,32,145,28,46,105,447
282,9,32,11,118,21,140,447
282,9,316,0,438,21,140,447
282,9,32,247,48,61,105,447
282,9,493,48,7,33,140,447
282,132,45,109,219,21,140,447
282,9,493,48,102,129,105,447
282,132,45,164,1,21,140,447
282,9,493,48,122,21,140,447
282,132,45,166,35,33,140,447
282,9,493,48,381,46,105,447
282,9,1,35,33,46,105,447
282,132,45,85,52,21,140,447
282,132,45,360,37,240,105,447
282,132,30,36,23,33,140,447
282,132,30,16,15,61,105,447
282,9,38,141,46,33,140,447
282,132,45,470,20,21,140,447
282,132,30,156,35,33,140,447
282,9,38,43,37,240,105,447
282,9,88,38,141,46,105,447
282,9,270,5,433,46,105,447
282,9,38,68,37,240,105,447
282,9,1,7,37,240,105,447
282,9,38,121,33,46,105,447
282,9,38,165,46,33,140,447
282,132,45,11,118,21,140,447
282,9,88,38,165,46,105,447
282,9,270,5,1,21,140,447
282,9,38,88,218,46,105,447
282,9,3,0,1,21,140,447
282,9,1,7,20,21,140,447
282,9,1,7,33,46,105,447
282,9,3,1,7,33,140,447
282,9,77,35,110,46,105,447
282,9,3,1,8,267,140,447
282,9,1,226,86,46,105,447
282,9,3,1,15,61,105,447
282,9,1,236,60,33,140,447
282,9,3,1,35,33,140,447
282,9,1,78,20,21,140,447
282,9,270,5,15,61,105,447
282,9,1,431,190,33,140,447
282,9,270,5,48,61,105,447
282,9,1,441,131,33,140,447
282,9,270,5,60,33,140,447
282,9,1,5,15,61,105,447
282,9,270,5,86,46,105,447
282,9,1,0,7,33,140,447
282,9,1,5,48,61,105,447
282,9,270,5,473,33,140,447
282,9,1,3,8,267,140,447
282,9,1,0,23,33,140,447
282,9,1,5,60,33,140,447
282,9,1,97,80,46,105,447
282,9,1,0,438,21,140,447
282,9,1,5,86,46,105,447
282,9,1,100,8,267,140,447
282,9,1,5,270,483,105,447
282,9,1,317,8,267,140,447
282,9,1,5,433,46,105,447
282,9,1,111,385,33,140,447
282,9,1,5,473,33,140,447
282,9,1,22,7,33,140,447
282,9,38,135,122,21,140,447
282,9,1,44,23,33,140,447
282,9,38,401,23,33,140,447
282,9,1,157,307,33,140,447
282,9,3,6,37,240,105,447
282,9,1,93,8,267,140,447
282,9,3,11,499,129,105,447
282,9,1,191,8,267,140,447
282,9,3,287,1,21,140,447
282,9,3,11,28,46,105,447
282,9,3,133,8,267,140,447
282,9,3,11,49,46,105,447
282,9,3,0,7,33,140,447
282,9,3,59,28,46,105,447
282,9,3,11,118,21,140,447
282,9,3,0,23,33,140,447
282,9,3,498,28,46,105,447
282,9,1,7,48,61,105,447
282,9,3,0,438,21,140,447
282,9,3,98,28,46,105,447
282,9,3,290,60,33,140,447
282,9,3,13,23,33,140,447
282,9,3,392,1,21,140,447
282,9,1,226,86,231,461,105,447
282,9,32,178,23,104,300,105,447
282,9,270,5,60,33,46,105,447
282,9,77,35,110,46,33,140,447
282,9,32,178,23,33,46,105,447
282,9,1,5,15,28,46,105,447
282,9,316,403,232,23,33,140,447
282,9,3,1,8,26,21,140,447
282,9,1,21,26,8,267,140,447
282,9,1,15,28,231,461,105,447
282,9,32,11,28,15,61,105,447
282,9,270,5,86,231,461,105,447
282,9,270,5,86,46,33,140,447
282,9,292,46,28,231,461,105,447
282,9,292,345,37,7,33,140,447
282,9,270,483,105,46,33,140,447
282,9,32,11,28,46,33,140,447
282,9,1,0,7,37,240,105,447
282,9,1,0,7,33,46,105,447
282,9,1,226,86,46,33,140,447
282,9,176,33,46,52,21,140,447
282,9,316,0,7,1,21,140,447
282,9,1,5,48,7,33,140,447
282,9,316,0,7,33,46,105,447
282,9,270,5,0,7,33,140,447
282,9,3,1,15,28,46,105,447
282,9,1,15,5,433,46,105,447
282,9,270,5,473,33,46,105,447
282,9,1,15,28,46,33,140,447
282,9,32,382,1,7,33,140,447
282,9,1,3,0,438,21,140,447
282,9,1,3,8,26,21,140,447
282,9,3,1,7,37,240,105,447
282,9,1,8,10,89,21,140,447
282,9,1,0,23,33,46,105,447
282,9,1,0,23,104,300,105,447
282,9,1,5,60,33,46,105,447
282,132,172,215,28,15,61,105,447
282,9,316,0,23,33,46,105,447
282,9,1,97,80,46,33,140,447
282,132,172,215,28,231,461,105,447
282,9,1,0,5,270,483,105,447
282,9,32,11,49,46,33,140,447
282,9,316,0,23,104,300,105,447
282,9,1,0,94,263,46,105,447
282,9,1,0,5,15,61,105,447
282,9,1,5,86,231,461,105,447
282,9,1,0,99,80,46,105,447
282,9,1,0,5,48,61,105,447
282,132,172,215,28,46,33,140,447
282,9,1,0,175,23,33,140,447
282,9,1,0,5,60,33,140,447
282,9,1,5,86,46,33,140,447
282,9,1,0,6,37,240,105,447
282,9,1,0,5,86,46,105,447
282,9,32,145,389,26,21,140,447
282,9,1,0,3,8,267,140,447
282,9,1,0,5,433,46,105,447
282,9,3,1,35,33,46,105,447
282,9,1,0,17,63,46,105,447
282,9,1,0,5,473,33,140,447
282,9,3,1,487,37,240,105,447
282,9,1,0,148,8,267,140,447
282,132,45,19,5,270,483,105,447
282,9,3,1,191,8,267,140,447
282,9,1,100,8,26,21,140,447
282,132,45,19,11,499,129,105,447
282,132,45,19,5,1,21,140,447
282,9,3,1,78,20,21,140,447
282,132,45,19,69,1,21,140,447
282,132,45,19,11,28,46,105,447
282,132,45,19,5,15,61,105,447
282,9,3,1,93,8,267,140,447
282,132,45,19,284,20,21,140,447
282,132,45,19,11,49,46,105,447
282,132,45,19,5,48,61,105,447
282,9,3,1,97,80,46,105,447
282,132,45,19,390,15,61,105,447
282,132,45,19,11,118,21,140,447
282,132,45,19,5,60,33,140,447
282,9,3,1,100,8,267,140,447
282,9,32,145,28,15,61,105,447
282,132,45,19,5,86,46,105,447
282,9,3,1,317,8,267,140,447
282,9,32,145,28,46,33,140,447
282,9,1,236,60,33,46,105,447
282,9,32,145,28,231,461,105,447
282,132,45,19,5,433,46,105,447
282,9,3,1,431,190,33,140,447
282,9,1,317,8,26,21,140,447
282,9,32,11,3,8,267,140,447
282,9,1,5,433,46,33,140,447
282,132,45,19,5,473,33,140,447
282,9,3,1,441,131,33,140,447
282,9,3,1,7,33,46,105,447
282,9,32,11,5,270,483,105,447
282,9,32,11,3,1,21,140,447
282,132,45,19,20,7,33,140,447
282,9,316,0,3,8,267,140,447
282,9,3,1,111,385,33,140,447
282,9,1,111,90,28,46,105,447
282,9,32,11,19,20,21,140,447
282,9,32,11,5,1,21,140,447
282,9,1,111,385,33,46,105,447
282,9,316,0,5,270,483,105,447
282,9,316,0,3,1,21,140,447
282,9,3,1,35,110,46,105,447
282,9,3,1,0,7,33,140,447
282,9,1,111,203,63,46,105,447
282,9,1,5,83,8,267,140,447
282,9,1,5,473,33,46,105,447
282,9,32,11,40,23,33,140,447
282,9,32,197,38,141,46,105,447
282,9,32,247,48,7,33,140,447
282,9,32,11,5,15,61,105,447
282,9,1,22,112,37,240,105,447
282,9,316,0,1,7,33,140,447
282,9,270,5,15,1,21,140,447
282,9,3,8,191,1,21,140,447
282,132,45,11,28,46,33,140,447
282,9,1,22,7,33,46,105,447
282,9,316,0,6,37,240,105,447
282,9,316,0,5,1,21,140,447
282,9,1,22,7,37,240,105,447
282,9,1,21,140,33,46,105,447
282,9,38,135,122,48,61,105,447
282,9,3,1,5,270,483,105,447
282,9,3,1,0,23,33,140,447
282,9,493,48,7,1,21,140,447
282,9,493,48,7,33,46,105,447
282,9,1,111,203,417,46,105,447
282,9,1,44,204,20,21,140,447
282,9,1,7,33,170,46,105,447
282,132,411,205,6,37,240,105,447
282,9,1,44,23,104,300,105,447
282,9,1,5,0,438,21,140,447
282,9,1,44,23,33,46,105,447
282,132,45,109,96,48,61,105,447
282,9,38,34,17,63,46,105,447
282,9,32,11,259,37,240,105,447
282,9,38,401,23,104,300,105,447
282,9,32,11,40,153,33,140,447
282,132,45,11,28,15,61,105,447
282,9,38,401,23,33,46,105,447
282,9,32,367,59,28,46,105,447
282,9,32,197,38,121,33,140,447
282,9,1,157,5,433,46,105,447
282,9,32,247,48,102,129,105,447
282,9,1,157,307,33,46,105,447
282,9,1,78,20,7,33,140,447
282,9,1,431,190,33,46,105,447
282,9,1,21,52,46,33,140,447
282,9,493,48,102,37,240,105,447
282,9,32,11,5,48,61,105,447
282,9,3,6,0,1,21,140,447
282,9,3,6,37,7,33,140,447
282,9,1,22,112,446,46,105,447
282,9,316,0,1,8,267,140,447
282,9,1,431,490,104,300,105,447
282,132,426,100,1,7,33,140,447
282,9,1,93,8,26,21,140,447
282,9,270,5,15,28,46,105,447
282,9,1,236,357,23,33,140,447
282,9,3,8,87,63,46,105,447
282,132,172,51,48,7,33,140,447
282,9,270,5,48,7,33,140,447
282,132,172,51,5,270,483,105,447
282,9,1,69,359,480,129,105,447
282,9,316,0,17,63,46,105,447
282,9,1,191,8,26,21,140,447
282,9,482,155,41,23,33,140,447
282,9,3,287,1,7,33,140,447
282,9,316,0,5,15,61,105,447
282,9,1,22,7,20,21,140,447
282,132,45,164,1,7,33,140,447
282,9,1,441,131,104,300,105,447
282,9,1,441,131,33,46,105,447
282,132,45,166,35,33,46,105,447
282,9,3,11,49,46,33,140,447
282,9,3,1,22,7,33,140,447
282,9,3,1,5,15,61,105,447
282,9,3,1,0,438,21,140,447
282,9,493,48,7,20,21,140,447
282,9,493,48,381,46,33,140,447
282,9,1,35,33,170,46,105,447
282,9,3,0,7,33,46,105,447
282,9,3,0,7,1,21,140,447
282,132,423,233,234,20,21,140,447
282,132,411,205,79,37,240,105,447
282,9,3,59,28,15,61,105,447
282,9,3,59,28,46,33,140,447
282,9,3,11,5,60,33,140,447
282,9,1,5,157,307,33,140,447
282,9,1,5,0,7,33,140,447
282,9,3,133,8,1,21,140,447
282,9,493,48,5,270,483,105,447
282,132,30,20,21,52,46,105,447
282,9,3,0,23,104,300,105,447
282,132,45,109,169,1,21,140,447
282,132,172,51,130,46,33,140,447
282,9,38,430,30,20,21,140,447
282,9,3,0,23,33,46,105,447
282,9,38,34,0,1,21,140,447
282,9,3,498,28,15,61,105,447
282,9,3,498,28,46,33,140,447
282,9,32,11,332,104,300,105,447
282,9,1,7,0,438,21,140,447
282,9,1,7,48,102,129,105,447
282,9,3,11,28,15,61,105,447
282,9,3,8,1,7,33,140,447
282,9,3,0,148,8,267,140,447
282,132,45,11,28,231,461,105,447
282,132,45,360,37,7,33,140,447
282,9,3,11,28,46,33,140,447
282,9,3,98,28,15,61,105,447
282,9,3,98,28,46,33,140,447
282,9,32,197,38,165,46,105,447
282,132,45,85,244,28,46,105,447
282,9,1,157,174,48,61,105,447
282,9,1,157,5,15,61,105,447
282,9,1,157,310,20,21,140,447
282,9,1,157,5,48,61,105,447
282,9,1,157,344,26,21,140,447
282,9,1,157,5,60,33,140,447
282,9,176,180,134,1,21,140,447
282,9,1,157,5,86,46,105,447
282,132,45,166,35,1,21,140,447
282,9,1,157,5,270,483,105,447
282,132,45,166,35,110,46,105,447
282,9,1,157,5,473,33,140,447
282,132,30,36,23,104,300,105,447
282,132,30,36,23,33,46,105,447
282,9,3,290,60,33,46,105,447
282,9,32,247,48,122,21,140,447
282,9,3,13,320,26,21,140,447
282,9,32,247,48,381,46,105,447
282,9,3,13,5,270,483,105,447
282,9,3,13,23,104,300,105,447
282,9,3,13,31,80,46,105,447
282,9,3,13,5,1,21,140,447
282,9,3,13,67,28,46,105,447
282,9,3,13,5,15,61,105,447
282,132,30,16,10,8,267,140,447
282,9,3,13,5,48,61,105,447
282,132,30,16,31,80,46,105,447
282,132,30,16,10,89,21,140,447
282,9,3,13,5,60,33,140,447
282,132,30,16,183,28,46,105,447
282,9,3,13,5,86,46,105,447
282,9,3,13,23,33,46,105,447
282,9,3,13,5,433,46,105,447
282,9,3,281,38,121,33,140,447
282,9,3,13,5,473,33,140,447
282,9,3,327,22,1,21,140,447
282,9,3,281,38,141,46,105,447
282,9,3,346,248,110,46,105,447
282,9,3,327,22,7,33,140,447
282,9,3,281,38,165,46,105,447
282,9,3,4,0,438,21,140,447
282,9,3,346,248,28,46,105,447
282,9,3,25,19,20,21,140,447
282,9,3,4,113,15,61,105,447
282,9,3,4,0,1,21,140,447
282,9,3,47,16,15,61,105,447
282,9,3,4,159,37,240,105,447
282,9,3,4,0,7,33,140,447
282,9,3,250,211,121,33,140,447
282,9,3,47,55,26,21,140,447
282,9,3,47,16,104,300,105,447
282,9,3,4,0,23,33,140,447
282,9,3,75,31,80,46,105,447
282,9,3,250,347,7,33,140,447
282,9,3,47,125,26,21,140,447
282,9,3,416,157,1,21,140,447
282,132,30,16,15,1,21,140,447
282,9,3,14,96,48,61,105,447
282,9,3,416,157,307,33,140,447
282,132,30,16,15,28,46,105,447
282,9,3,392,1,7,33,140,447
282,9,32,11,5,60,33,140,447
282,9,3,392,1,8,267,140,447
282,9,32,11,5,86,46,105,447
282,9,3,392,1,15,61,105,447
282,9,32,11,5,433,46,105,447
282,9,3,392,1,35,33,140,447
282,9,32,11,5,473,33,140,447
282,9,38,141,46,52,21,140,447
282,9,3,6,211,121,33,140,447
282,9,38,141,46,170,33,140,447
282,9,3,6,225,26,21,140,447
282,9,3,6,0,7,33,140,447
282,9,3,6,17,63,46,105,447
282,9,3,6,0,23,33,140,447
282,9,3,6,394,263,46,105,447
282,9,3,6,0,438,21,140,447
282,9,3,6,37,102,129,105,447
282,132,45,53,38,121,33,140,447
282,9,316,0,1,15,61,105,447
282,132,45,92,78,1,21,140,447
282,132,45,53,38,141,46,105,447
282,9,316,0,1,35,33,140,447
282,132,45,192,384,131,33,140,447
282,132,45,92,78,20,21,140,447
282,132,45,53,38,165,46,105,447
282,132,45,402,472,1,21,140,447
282,132,45,192,72,20,21,140,447
282,132,45,193,117,80,46,105,447
282,132,426,100,1,8,267,140,447
282,132,45,146,30,20,21,140,447
282,132,426,100,1,15,61,105,447
282,132,45,355,161,1,21,140,447
282,132,426,100,1,35,33,140,447
282,132,45,319,17,63,46,105,447
282,132,45,85,52,46,33,140,447
282,132,45,168,13,23,33,140,447
282,9,88,450,161,1,21,140,447
282,132,45,179,17,63,46,105,447
282,132,45,470,20,7,33,140,447
282,132,30,54,19,20,21,140,447
282,9,3,8,243,408,21,140,447
282,132,30,128,243,408,21,140,447
282,9,3,8,317,1,21,140,447
282,132,30,430,38,121,33,140,447
282,132,30,128,31,80,46,105,447
282,132,30,128,243,8,267,140,447
282,9,3,8,93,1,21,140,447
282,132,30,142,125,26,21,140,447
282,132,30,430,38,141,46,105,447
282,9,3,8,10,89,21,140,447
282,132,30,229,6,37,240,105,447
282,132,30,430,38,165,46,105,447
282,9,3,8,100,1,21,140,447
282,132,30,286,5,15,61,105,447
282,132,30,156,375,20,21,140,447
282,132,30,488,237,35,33,140,447
282,132,30,286,429,48,61,105,447
282,132,30,286,5,1,21,140,447
282,132,30,124,100,8,267,140,447
282,132,30,286,5,48,61,105,447
282,132,30,194,377,163,46,105,447
282,132,30,124,100,1,21,140,447
282,132,30,286,5,60,33,140,447
282,132,172,51,48,102,129,105,447
282,132,30,286,5,86,46,105,447
282,132,172,51,48,122,21,140,447
282,132,30,286,5,270,483,105,447
282,132,172,51,48,381,46,105,447
282,132,30,286,5,433,46,105,447
282,132,30,16,104,23,33,140,447
282,132,30,286,5,473,33,140,447
282,132,30,16,104,131,33,140,447
282,132,30,156,35,33,46,105,447
282,9,270,5,48,102,129,105,447
282,132,172,51,136,28,46,105,447
282,9,270,5,48,122,21,140,447
282,132,172,51,269,20,21,140,447
282,9,270,5,48,381,46,105,447
282,9,1,21,20,7,33,140,447
282,132,172,51,5,1,21,140,447
282,9,1,21,122,48,61,105,447
282,132,172,51,5,15,61,105,447
282,9,1,296,95,20,21,140,447
282,132,172,51,5,48,61,105,447
282,9,1,220,83,8,267,140,447
282,132,172,51,5,60,33,140,447
282,9,1,475,11,28,46,105,447
282,132,172,51,5,86,46,105,447
282,9,1,134,180,176,33,140,447
282,9,1,475,11,49,46,105,447
282,132,172,51,5,433,46,105,447
282,9,1,161,5,15,61,105,447
282,9,1,134,73,84,21,140,447
282,9,1,475,11,118,21,140,447
282,132,172,51,5,473,33,140,447
282,9,1,188,5,60,33,140,447
282,9,1,161,5,48,61,105,447
282,9,1,475,11,499,129,105,447
282,9,1,127,5,270,483,105,447
282,9,1,188,5,15,61,105,447
282,9,1,161,5,60,33,140,447
282,9,1,169,109,219,21,140,447
282,9,1,69,19,20,21,140,447
282,132,30,156,35,1,21,140,447
282,9,1,127,5,15,61,105,447
282,9,1,188,5,48,61,105,447
282,9,1,161,5,86,46,105,447
282,9,1,57,31,80,46,105,447
282,9,1,69,117,80,46,105,447
282,132,30,156,35,110,46,105,447
282,9,1,127,5,48,61,105,447
282,9,1,188,5,86,46,105,447
282,9,1,161,5,270,483,105,447
282,9,1,108,97,80,46,105,447
282,9,1,57,65,60,33,140,447
282,9,1,69,232,23,33,140,447
282,9,1,127,5,60,33,140,447
282,9,1,188,5,270,483,105,447
282,9,1,161,5,433,46,105,447
282,9,1,392,3,8,267,140,447
282,9,1,69,114,7,33,140,447
282,9,1,127,5,86,46,105,447
282,9,1,188,5,433,46,105,447
282,9,1,161,5,473,33,140,447
282,9,1,287,3,8,267,140,447
282,9,1,69,275,63,46,105,447
282,9,1,127,5,433,46,105,447
282,9,1,188,5,473,33,140,447
282,9,316,0,94,263,46,105,447
282,9,1,127,5,473,33,140,447
282,9,88,38,121,33,46,105,447
282,9,316,0,99,80,46,105,447
282,9,38,43,37,7,33,140,447
282,9,88,38,141,46,33,140,447
282,9,316,0,148,8,267,140,447
282,9,38,43,37,102,129,105,447
282,9,32,11,28,231,461,105,447
282,9,316,0,175,23,33,140,447
282,9,482,155,41,28,46,105,447
282,9,3,287,1,8,267,140,447
282,9,292,46,381,48,61,105,447
282,9,316,0,5,48,61,105,447
282,9,3,287,1,15,61,105,447
282,9,292,46,86,231,461,105,447
282,9,316,0,5,60,33,140,447
282,9,3,287,1,35,33,140,447
282,9,292,46,110,35,33,140,447
282,9,316,0,5,86,46,105,447
282,9,1,22,7,48,61,105,447
282,132,45,164,1,8,267,140,447
282,9,316,0,5,433,46,105,447
282,9,176,33,35,110,46,105,447
282,132,45,164,1,15,61,105,447
282,9,316,0,5,473,33,140,447
282,9,176,33,23,104,300,105,447
282,9,176,33,35,1,21,140,447
282,132,45,164,1,35,33,140,447
282,9,176,33,131,104,300,105,447
282,132,45,11,49,46,33,140,447
282,9,292,46,28,15,61,105,447
282,9,176,33,7,1,21,140,447
282,9,270,5,433,46,33,140,447
282,9,292,345,37,102,129,105,447
282,9,176,33,7,37,240,105,447
282,9,88,218,46,52,21,140,447
282,9,3,1,226,86,46,105,447
282,9,176,33,7,20,21,140,447
282,9,88,218,46,170,33,140,447
282,9,3,1,44,23,33,140,447
282,9,176,33,7,48,61,105,447
282,9,3,1,5,48,61,105,447
282,9,3,1,157,307,33,140,447
282,9,38,68,37,7,33,140,447
282,9,3,1,5,60,33,140,447
282,9,3,1,236,60,33,140,447
282,9,38,68,37,102,129,105,447
282,9,3,1,5,86,46,105,447
282,132,30,20,497,37,240,105,447
282,9,1,0,7,20,21,140,447
282,9,3,1,5,433,46,105,447
282,132,30,20,78,1,21,140,447
282,9,1,0,7,48,61,105,447
282,9,3,1,5,473,33,140,447
282,9,493,48,7,37,240,105,447
282,9,1,7,37,102,129,105,447
282,9,3,0,7,20,21,140,447
282,9,77,228,8,1,21,140,447
282,132,30,20,7,1,21,140,447
282,9,38,121,33,170,46,105,447
282,9,3,59,28,231,461,105,447
282,9,3,0,7,37,240,105,447
282,9,77,228,8,26,21,140,447
282,132,30,20,7,37,240,105,447
282,9,316,0,7,20,21,140,447
282,132,30,20,7,33,46,105,447
282,9,3,0,7,48,61,105,447
282,9,3,11,475,1,21,140,447
282,132,30,20,7,48,61,105,447
282,9,316,0,7,37,240,105,447
282,9,3,11,5,1,21,140,447
282,9,38,165,46,52,21,140,447
282,9,3,11,259,37,240,105,447
282,9,1,5,48,102,129,105,447
282,9,316,0,7,48,61,105,447
282,9,3,11,5,15,61,105,447
282,9,38,165,46,170,33,140,447
282,9,3,11,40,23,33,140,447
282,9,1,5,48,122,21,140,447
282,9,1,5,51,48,61,105,447
282,9,3,11,5,48,61,105,447
282,9,3,11,440,28,46,105,447
282,9,3,11,40,153,33,140,447
282,9,1,5,48,381,46,105,447
282,9,1,5,11,499,129,105,447
282,9,1,5,51,130,46,105,447
282,9,3,11,5,86,46,105,447
282,9,3,11,19,20,21,140,447
282,9,1,5,19,20,21,140,447
282,9,1,5,11,28,46,105,447
282,9,3,11,5,270,483,105,447
282,9,3,11,332,104,300,105,447
282,9,1,5,13,23,33,140,447
282,9,1,5,11,49,46,105,447
282,9,3,11,5,433,46,105,447
282,132,45,11,3,8,267,140,447
282,9,1,5,442,353,240,105,447
282,9,1,5,11,118,21,140,447
282,9,3,11,5,473,33,140,447
282,132,45,11,5,270,483,105,447
282,132,45,11,3,1,21,140,447
282,9,1,487,37,7,33,140,447
282,9,88,38,401,23,33,140,447
282,132,45,11,19,20,21,140,447
282,132,45,11,5,1,21,140,447
282,9,270,5,11,118,21,140,447
282,9,1,5,0,23,33,140,447
282,9,3,133,8,26,21,140,447
282,9,493,48,51,130,46,105,447
282,9,1,487,37,102,129,105,447
282,9,88,38,43,37,240,105,447
282,132,45,11,40,23,33,140,447
282,132,45,11,5,15,61,105,447
282,9,270,5,51,48,61,105,447
282,9,270,5,11,28,46,105,447
282,9,270,5,0,1,21,140,447
282,9,493,48,5,1,21,140,447
282,9,493,48,337,23,33,140,447
282,132,45,109,238,7,33,140,447
282,9,88,38,68,37,240,105,447
282,9,77,35,1,7,33,140,447
282,9,88,38,165,46,33,140,447
282,9,38,216,182,26,21,140,447
282,132,45,11,259,37,240,105,447
282,132,45,11,40,153,33,140,447
282,132,45,11,5,48,61,105,447
282,9,1,15,158,190,33,140,447
282,9,270,5,13,23,33,140,447
282,9,270,5,51,130,46,105,447
282,9,1,15,5,48,61,105,447
282,9,270,5,11,49,46,105,447
282,9,270,5,1,7,33,140,447
282,9,38,34,152,1,21,140,447
282,9,270,5,0,23,33,140,447
282,9,493,48,5,15,61,105,447
282,9,38,34,0,7,33,140,447
282,9,3,498,28,231,461,105,447
282,9,88,38,135,122,21,140,447
282,132,426,100,8,1,21,140,447
282,9,3,1,21,52,46,105,447
282,9,32,382,1,8,267,140,447
282,9,32,11,440,28,46,105,447
282,9,77,35,1,8,267,140,447
282,9,38,281,3,1,21,140,447
282,9,77,35,1,15,61,105,447
282,9,38,281,3,8,267,140,447
282,9,1,7,478,130,46,105,447
282,132,45,11,332,104,300,105,447
282,9,1,7,62,353,240,105,447
282,132,45,11,440,28,46,105,447
282,9,1,7,265,23,33,140,447
282,132,45,11,475,1,21,140,447
282,9,1,7,200,37,240,105,447
282,9,1,7,0,23,33,140,447
282,9,38,88,218,46,33,140,447
282,9,1,3,11,499,129,105,447
282,9,1,7,48,122,21,140,447
282,9,1,3,6,37,240,105,447
282,9,1,3,11,28,46,105,447
282,9,1,7,48,381,46,105,447
282,9,1,3,133,8,267,140,447
282,9,1,3,11,49,46,105,447
282,9,1,3,59,28,46,105,447
282,9,1,3,11,118,21,140,447
282,9,1,3,98,28,46,105,447
282,132,45,11,5,60,33,140,447
282,9,1,3,498,28,46,105,447
282,132,45,11,5,86,46,105,447
282,9,1,3,290,60,33,140,447
282,132,45,11,5,433,46,105,447
282,9,1,3,13,23,33,140,447
282,132,45,11,5,473,33,140,447
282,9,1,15,16,104,300,105,447
282,9,1,3,0,7,33,140,447
282,9,1,15,349,52,21,140,447
282,9,1,3,0,23,33,140,447
282,9,1,15,349,52,46,105,447
282,9,3,11,28,231,461,105,447
282,9,270,5,19,20,21,140,447
282,9,3,8,1,15,61,105,447
282,9,270,5,157,307,33,140,447
282,9,3,8,1,35,33,140,447
282,9,270,5,83,8,267,140,447
282,9,270,5,157,1,21,140,447
282,9,270,5,127,1,21,140,447
282,9,1,15,5,60,33,140,447
282,9,270,5,161,1,21,140,447
282,9,1,15,5,86,46,105,447
282,9,270,5,188,1,21,140,447
282,9,1,15,5,270,483,105,447
282,9,270,5,442,353,240,105,447
282,9,1,15,5,473,33,140,447
282,9,77,35,33,170,46,105,447
282,9,3,0,1,7,33,140,447
282,9,3,0,5,270,483,105,447
282,9,3,0,1,8,267,140,447
282,9,3,0,94,263,46,105,447
282,9,3,0,5,1,21,140,447
282,9,3,0,1,15,61,105,447
282,9,3,0,99,80,46,105,447
282,9,3,0,5,15,61,105,447
282,9,3,0,1,35,33,140,447
282,9,3,0,175,23,33,140,447
282,9,3,0,5,48,61,105,447
282,9,3,0,6,37,240,105,447
282,9,3,0,5,60,33,140,447
282,9,3,0,17,63,46,105,447
282,9,3,0,5,86,46,105,447
282,9,270,5,11,499,129,105,447
282,9,3,0,5,433,46,105,447
282,9,270,5,1,8,267,140,447
282,9,3,0,5,473,33,140,447
282,9,270,5,1,15,61,105,447
282,9,270,5,0,438,21,140,447
282,9,270,5,1,35,33,140,447
282,9,3,1,7,20,21,140,447
282,9,493,48,5,60,33,140,447
282,9,3,1,7,48,61,105,447
282,9,493,48,5,86,46,105,447
282,132,45,360,37,102,129,105,447
282,9,493,48,5,433,46,105,447
282,9,38,34,0,23,33,140,447
282,9,493,48,5,473,33,140,447
282,9,38,34,0,438,21,140,447
282,9,1,35,110,46,33,140,447
282,9,1,8,87,63,46,105,447
282,9,3,98,28,231,461,105,447
282,9,1,8,243,408,21,140,447
282,132,426,100,8,26,21,140,447
282,9,32,382,1,15,61,105,447
282,9,32,11,475,1,21,140,447
282,9,32,382,1,35,33,140,447
282,132,30,16,31,13,23,33,140,447
282,9,38,281,3,0,1,21,140,447
282,132,45,11,5,86,231,461,105,447
282,132,45,11,332,449,60,33,140,447
282,132,45,11,5,86,46,33,140,447
282,9,1,3,290,60,33,46,105,447
282,132,45,11,32,247,48,61,105,447
282,132,45,11,5,433,46,33,140,447
282,9,1,3,281,38,141,46,105,447
282,9,1,3,13,320,26,21,140,447
282,9,1,3,13,23,104,300,105,447
282,9,1,3,13,23,33,46,105,447
282,132,45,11,5,0,1,21,140,447
282,132,45,11,5,473,33,46,105,447
282,9,1,7,265,23,33,46,105,447
282,9,77,35,1,15,28,46,105,447
282,9,1,15,16,10,8,267,140,447
282,9,1,15,16,104,23,33,140,447
282,9,1,7,265,23,104,300,105,447
282,9,1,3,0,7,33,46,105,447
282,9,1,3,0,7,37,240,105,447
282,9,1,15,390,19,20,21,140,447
282,9,38,88,218,46,52,21,140,447
282,9,1,7,200,484,8,267,140,447
282,9,1,3,0,23,33,46,105,447
282,9,1,15,349,52,46,33,140,447
282,9,3,11,28,481,52,21,140,447
282,9,3,11,28,231,86,46,105,447
282,9,1,7,459,424,23,33,140,447
282,9,270,5,19,11,499,129,105,447
282,9,270,5,19,20,7,33,140,447
282,9,1,3,0,5,270,483,105,447
282,9,3,8,1,15,28,46,105,447
282,9,1,3,0,23,104,300,105,447
282,9,1,7,0,23,104,300,105,447
282,132,45,11,332,104,23,33,140,447
282,9,3,8,1,487,37,240,105,447
282,9,3,8,1,35,110,46,105,447
282,9,270,5,157,307,33,46,105,447
282,9,3,8,1,35,33,46,105,447
282,9,270,5,83,220,1,21,140,447
282,9,270,5,83,8,1,21,140,447
282,132,30,16,10,120,35,33,140,447
282,9,270,5,157,174,48,61,105,447
282,9,270,5,157,1,7,33,140,447
282,9,38,281,3,8,1,21,140,447
282,9,270,5,127,1,7,33,140,447
282,9,1,3,498,28,46,33,140,447
282,9,1,3,11,49,46,33,140,447
282,132,30,16,31,80,46,33,140,447
282,9,1,7,0,5,270,483,105,447
282,9,1,15,5,60,33,46,105,447
282,9,270,5,161,227,1,21,140,447
282,9,270,5,161,1,7,33,140,447
282,9,1,15,5,86,231,461,105,447
282,9,1,0,175,23,33,46,105,447
282,9,1,15,5,86,46,33,140,447
282,9,270,5,188,1,7,33,140,447
282,9,1,0,5,60,33,46,105,447
282,9,270,5,491,310,20,21,140,447
282,9,1,3,6,37,7,33,140,447
282,9,1,15,5,83,8,267,140,447
282,9,77,35,33,23,104,300,105,447
282,9,1,15,5,473,33,46,105,447
282,9,3,0,1,7,37,240,105,447
282,9,3,0,1,7,33,46,105,447
282,9,1,3,6,394,263,46,105,447
282,9,1,7,200,37,102,129,105,447
282,9,77,35,1,8,26,21,140,447
282,9,3,0,1,8,26,21,140,447
282,9,38,210,66,65,60,33,140,447
282,9,3,0,94,74,20,21,140,447
282,9,3,0,94,263,46,33,140,447
282,9,1,3,133,8,26,21,140,447
282,9,1,3,11,28,15,61,105,447
282,9,38,281,3,1,7,33,140,447
282,9,3,0,5,1,7,33,140,447
282,9,3,13,5,60,33,46,105,447
282,9,3,0,1,15,28,46,105,447
282,9,1,3,11,28,46,33,140,447
282,9,3,0,99,80,46,33,140,447
282,9,3,0,5,15,1,21,140,447
282,9,77,35,1,487,37,240,105,447
282,9,3,0,1,35,110,46,105,447
282,9,3,0,1,78,20,21,140,447
282,9,3,0,1,35,33,46,105,447
282,9,1,7,478,130,46,33,140,447
282,9,1,7,48,381,46,33,140,447
282,9,1,7,20,497,37,240,105,447
282,9,3,0,175,23,104,300,105,447
282,132,30,16,183,28,15,61,105,447
282,9,3,0,175,23,33,46,105,447
282,9,32,197,38,43,37,240,105,447
282,9,3,0,5,48,7,33,140,447
282,132,30,16,47,55,26,21,140,447
282,132,30,16,183,28,46,33,140,447
282,9,3,0,6,394,263,46,105,447
282,9,1,7,48,337,23,33,140,447
282,9,1,5,86,46,52,21,140,447
282,9,3,0,6,37,7,33,140,447
282,9,3,13,5,86,231,461,105,447
282,9,3,13,5,86,46,33,140,447
282,9,1,0,6,394,263,46,105,447
282,9,3,13,23,33,170,46,105,447
282,9,3,0,5,60,33,46,105,447
282,9,3,0,56,44,23,33,140,447
282,9,3,0,17,101,28,46,105,447
282,9,3,0,17,63,163,46,105,447
282,9,1,3,498,28,15,61,105,447
282,132,45,11,440,28,46,33,140,447
282,9,1,3,59,28,46,33,140,447
282,9,176,180,134,1,7,33,140,447
282,9,1,97,80,46,52,21,140,447
282,9,3,13,5,433,46,33,140,447
282,9,3,0,17,63,46,33,140,447
282,9,3,0,5,86,231,461,105,447
282,9,3,0,5,86,46,33,140,447
282,132,45,85,354,16,104,300,105,447
282,9,270,5,11,3,8,267,140,447
282,9,1,78,20,21,52,46,105,447
282,9,1,0,6,37,7,33,140,447
282,9,3,0,5,433,46,33,140,447
282,9,1,3,59,28,15,61,105,447
282,9,1,0,5,86,231,461,105,447
282,9,3,281,38,121,33,46,105,447
282,9,270,5,1,8,26,21,140,447
282,9,3,0,5,11,499,129,105,447
282,9,3,0,5,473,33,46,105,447
282,9,1,157,310,20,7,33,140,447
282,9,3,13,5,0,1,21,140,447
282,9,270,5,1,15,28,46,105,447
282,9,3,13,5,473,33,46,105,447
282,9,270,5,0,3,8,267,140,447
282,132,45,11,475,1,7,33,140,447
282,9,1,3,11,5,48,61,105,447
282,9,32,145,187,117,80,46,105,447
282,9,270,5,1,487,37,240,105,447
282,9,3,327,479,225,26,21,140,447
282,9,270,5,1,35,110,46,105,447
282,9,270,5,1,35,33,46,105,447
282,9,1,157,5,60,33,46,105,447
282,9,1,0,5,86,46,33,140,447
282,9,176,180,196,135,122,21,140,447
282,9,3,327,22,1,7,33,140,447
282,9,1,7,0,23,33,46,105,447
282,9,32,145,389,26,8,267,140,447
282,9,493,48,5,60,33,46,105,447
282,9,3,1,7,0,438,21,140,447
282,9,3,1,7,48,102,129,105,447
282,9,1,157,5,48,7,33,140,447
282,9,176,180,134,73,84,21,140,447
282,9,3,281,38,141,46,33,140,447
282,9,493,48,5,86,231,461,105,447
282,9,493,48,5,86,46,33,140,447
282,132,45,11,440,28,15,61,105,447
282,9,1,3,98,28,46,33,140,447
282,132,45,85,244,28,15,61,105,447
282,9,1,7,33,46,52,21,140,447
282,132,45,360,37,112,446,46,105,447
282,132,45,360,37,102,48,61,105,447
282,9,3,346,248,110,35,33,140,447
282,9,316,0,23,33,170,46,105,447
282,9,3,346,248,110,46,33,140,447
282,9,493,48,5,433,46,33,140,447
282,9,3,327,22,112,446,46,105,447
282,9,38,34,0,23,104,300,105,447
282,9,38,34,0,23,33,46,105,447
282,9,1,3,98,28,15,61,105,447
282,9,3,327,22,7,1,21,140,447
282,9,493,48,5,0,7,33,140,447
282,9,493,48,5,473,33,46,105,447
282,9,3,327,22,7,33,46,105,447
282,9,38,34,0,3,8,267,140,447
282,9,1,0,3,11,118,21,140,447
282,9,3,281,38,43,37,240,105,447
282,9,1,35,110,46,52,21,140,447
282,9,1,0,3,8,26,21,140,447
282,9,3,281,38,165,46,33,140,447
282,132,45,11,5,60,33,46,105,447
282,9,1,157,5,86,46,33,140,447
282,9,77,35,33,46,52,21,140,447
282,9,1,8,87,63,163,46,105,447
282,9,1,8,87,63,46,33,140,447
282,9,3,1,35,33,170,46,105,447
282,9,3,98,28,11,499,129,105,447
282,9,3,98,28,231,86,46,105,447
282,9,1,157,5,86,231,461,105,447
282,9,1,8,83,5,270,483,105,447
282,132,426,100,8,10,89,21,140,447
282,9,32,11,49,46,52,21,140,447
282,9,77,35,415,70,393,129,105,447
282,9,3,346,248,28,15,61,105,447
282,9,32,382,1,15,28,46,105,447
282,9,1,0,5,433,46,33,140,447
282,9,32,11,45,360,37,240,105,447
282,9,3,346,248,28,46,33,140,447
282,9,32,11,475,1,7,33,140,447
282,9,32,247,48,381,46,33,140,447
282,9,1,8,26,21,52,46,105,447
282,9,3,25,221,186,131,33,140,447
282,9,3,4,0,1,7,33,140,447
282,9,32,382,1,487,37,240,105,447
282,9,32,382,1,35,110,46,105,447
282,9,32,382,1,35,33,46,105,447
282,132,30,16,31,57,1,21,140,447
282,9,38,281,3,6,37,240,105,447
282,9,38,281,3,0,7,33,140,447
282,132,172,215,28,231,86,46,105,447
282,132,45,11,139,359,480,129,105,447
282,132,45,11,32,9,270,483,105,447
282,9,3,1,191,8,26,21,140,447
282,9,1,3,14,96,48,61,105,447
282,9,1,3,281,38,121,33,140,447
282,9,3,47,16,15,1,21,140,447
282,9,1,3,13,5,473,33,140,447
282,9,3,4,113,15,1,21,140,447
282,9,3,25,19,5,270,483,105,447
282,9,3,4,159,37,7,33,140,447
282,132,45,11,5,51,48,61,105,447
282,132,45,11,5,0,7,33,140,447
282,9,3,4,42,6,37,240,105,447
282,9,3,4,0,7,1,21,140,447
282,9,3,4,159,276,84,21,140,447
282,9,3,4,0,7,33,46,105,447
282,9,1,15,16,30,20,21,140,447
282,9,1,15,16,10,89,21,140,447
282,132,45,166,35,110,46,33,140,447
282,9,3,250,211,6,37,240,105,447
282,9,1,15,16,104,131,33,140,447
282,9,3,250,211,121,33,46,105,447
282,9,3,25,19,20,7,33,140,447
282,9,3,47,55,79,37,240,105,447
282,9,1,3,0,7,20,21,140,447
282,9,3,47,55,26,8,267,140,447
282,9,1,15,390,424,23,33,140,447
282,9,1,157,5,473,33,46,105,447
282,9,1,0,17,63,163,46,105,447
282,9,3,8,26,21,52,46,105,447
282,9,3,47,16,10,8,267,140,447
282,9,3,47,16,104,23,33,140,447
282,9,38,88,218,46,170,33,140,447
282,9,3,4,0,5,270,483,105,447
282,9,3,4,0,23,104,300,105,447
282,9,270,5,60,195,131,33,140,447
282,9,1,100,8,10,89,21,140,447
282,9,3,11,28,41,23,33,140,447
282,9,3,4,0,23,33,46,105,447
282,9,3,11,28,481,52,46,105,447
282,9,3,75,31,13,23,33,140,447
282,9,1,7,256,421,417,46,105,447
282,9,3,8,26,70,37,240,105,447
282,9,3,75,31,80,46,33,140,447
282,9,270,5,19,69,1,21,140,447
282,9,270,5,19,11,28,46,105,447
282,9,3,250,370,203,417,46,105,447
282,9,316,0,1,21,52,46,105,447
282,9,3,250,347,7,1,21,140,447
282,9,1,3,0,94,263,46,105,447
282,9,1,3,0,5,15,61,105,447
282,9,3,250,347,7,33,46,105,447
282,132,45,19,5,1,7,33,140,447
282,9,3,47,123,13,23,33,140,447
282,9,3,47,125,182,26,21,140,447
282,9,77,35,110,248,28,46,105,447
282,9,1,157,5,83,8,267,140,447
282,9,1,0,5,51,48,61,105,447
282,132,45,11,332,104,131,33,140,447
282,9,3,1,78,20,7,33,140,447
282,9,3,8,1,78,20,21,140,447
282,9,3,47,125,26,8,267,140,447
282,9,316,0,23,144,28,46,105,447
282,9,3,416,157,1,7,33,140,447
282,132,30,16,15,1,7,33,140,447
282,9,1,0,17,63,46,33,140,447
282,9,3,372,253,157,307,33,140,447
282,9,270,5,83,8,26,21,140,447
282,9,3,14,371,5,60,33,140,447
282,132,30,16,10,356,28,46,105,447
282,9,3,14,96,109,219,21,140,447
282,132,45,19,69,359,480,129,105,447
282,9,3,14,96,48,7,33,140,447
282,9,270,5,157,310,20,21,140,447
282,9,270,5,157,1,8,267,140,447
282,132,45,19,69,1,7,33,140,447
282,9,3,416,157,5,270,483,105,447
282,9,3,416,157,307,33,46,105,447
282,9,38,281,3,8,26,21,140,447
282,9,1,0,5,15,28,46,105,447
282,9,292,46,52,349,15,61,105,447
282,132,30,36,23,33,170,46,105,447
282,9,1,0,239,352,8,267,140,447
282,132,45,19,11,28,46,33,140,447
282,132,30,16,15,28,231,461,105,447
282,9,270,5,127,1,8,267,140,447
282,132,30,16,15,5,270,483,105,447
282,132,30,16,15,28,46,33,140,447
282,132,172,215,28,11,499,129,105,447
282,9,3,392,1,7,33,46,105,447
282,9,1,7,0,94,263,46,105,447
282,9,1,7,0,5,15,61,105,447
282,9,3,392,1,7,37,240,105,447
282,132,30,36,23,104,131,33,140,447
282,9,176,33,140,21,52,46,105,447
282,132,45,19,5,15,1,21,140,447
282,9,270,5,161,1,8,267,140,447
282,9,32,11,5,60,33,46,105,447
282,9,3,8,267,140,33,46,105,447
282,9,3,392,1,8,26,21,140,447
282,132,30,36,23,0,1,21,140,447
282,9,32,11,5,86,231,461,105,447
282,9,270,5,188,1,8,267,140,447
282,9,32,11,5,86,46,33,140,447
282,132,45,19,11,28,15,61,105,447
282,9,3,392,1,15,28,46,105,447
282,9,270,5,18,453,28,46,105,447
282,9,3,290,60,33,170,46,105,447
282,9,1,0,17,101,28,46,105,447
282,9,3,1,93,8,26,21,140,447
282,9,1,3,6,37,102,129,105,447
282,9,32,11,5,433,46,33,140,447
282,9,1,15,5,0,438,21,140,447
282,9,3,392,1,487,37,240,105,447
282,132,45,19,284,20,7,33,140,447
282,9,3,392,1,35,110,46,105,447
282,9,77,35,33,7,1,21,140,447
282,9,3,392,1,35,33,46,105,447
282,9,32,11,5,0,1,21,140,447
282,9,3,0,1,7,20,21,140,447
282,9,32,11,5,473,33,46,105,447
282,9,1,0,94,74,20,21,140,447
282,9,1,8,26,70,37,240,105,447
282,132,45,19,11,49,46,33,140,447
282,9,1,3,6,0,438,21,140,447
282,9,3,1,487,37,7,33,140,447
282,9,1,0,5,473,33,46,105,447
282,9,3,6,211,237,35,33,140,447
282,132,45,19,5,48,7,33,140,447
282,9,3,6,211,121,33,46,105,447
282,9,38,141,46,28,231,461,105,447
282,9,38,197,412,0,438,21,140,447
282,9,38,210,66,5,270,483,105,447
282,9,316,0,23,104,131,33,140,447
282,9,292,46,33,23,104,300,105,447
282,9,1,431,190,158,15,61,105,447
282,9,3,6,225,26,8,267,140,447
282,9,493,48,61,105,46,33,140,447
282,9,1,3,11,28,231,461,105,447
282,9,3,6,0,7,1,21,140,447
282,9,3,6,0,7,33,46,105,447
282,9,38,281,3,1,8,267,140,447
282,9,1,157,174,48,7,33,140,447
282,9,3,1,97,80,46,33,140,447
282,132,45,19,24,0,7,33,140,447
282,9,3,0,5,1,8,267,140,447
282,9,3,6,17,0,1,21,140,447
282,9,3,6,17,63,163,46,105,447
282,9,3,6,17,63,46,33,140,447
282,9,1,157,310,454,219,21,140,447
282,132,45,19,390,424,23,33,140,447
282,9,3,6,0,23,104,300,105,447
282,132,45,19,390,15,1,21,140,447
282,9,3,6,0,23,33,46,105,447
282,9,3,0,5,15,28,46,105,447
282,9,3,6,18,453,28,46,105,447
282,9,32,247,48,5,270,483,105,447
282,132,30,20,21,140,33,46,105,447
282,9,3,6,394,263,46,33,140,447
282,9,77,35,1,226,86,46,105,447
282,9,3,6,0,148,8,267,140,447
282,9,3,0,1,93,8,267,140,447
282,132,45,19,11,3,8,267,140,447
282,9,3,6,37,102,48,61,105,447
282,9,3,6,37,345,292,46,105,447
282,9,1,0,23,104,131,33,140,447
282,9,1,0,148,8,26,21,140,447
282,132,45,53,198,116,1,21,140,447
282,132,45,53,38,121,33,46,105,447
282,132,30,16,183,28,231,461,105,447
282,9,3,13,320,26,8,267,140,447
282,132,45,19,5,60,33,46,105,447
282,9,316,0,1,15,28,46,105,447
282,9,32,197,38,401,23,33,140,447
282,9,1,0,94,263,46,33,140,447
282,9,3,0,5,48,102,129,105,447
282,132,45,402,472,1,7,33,140,447
282,132,45,192,72,31,80,46,105,447
282,132,45,19,5,86,46,33,140,447
282,9,1,97,420,175,23,33,140,447
282,132,30,16,246,206,23,33,140,447
282,132,30,16,47,3,8,267,140,447
282,9,3,0,6,211,121,33,140,447
282,9,1,7,48,5,433,46,105,447
282,9,1,5,86,46,170,33,140,447
282,9,3,0,6,37,102,129,105,447
282,9,1,0,6,211,121,33,140,447
282,132,45,192,72,20,7,33,140,447
282,9,3,0,24,19,20,21,140,447
282,9,3,0,56,44,1,21,140,447
282,9,3,0,17,27,23,33,140,447
282,9,1,3,498,28,231,461,105,447
282,9,1,236,60,33,170,46,105,447
282,132,45,193,117,69,1,21,140,447
282,9,176,180,134,1,8,267,140,447
282,9,1,97,80,46,170,33,140,447
282,132,45,92,167,17,63,46,105,447
282,132,45,193,117,80,46,33,140,447
282,9,32,145,28,11,499,129,105,447
282,9,32,145,28,231,86,46,105,447
282,132,426,100,1,8,26,21,140,447
282,9,1,0,23,144,28,46,105,447
282,9,1,21,52,481,28,46,105,447
282,9,1,7,20,21,52,46,105,447
282,132,45,19,5,433,46,33,140,447
282,132,45,146,30,16,104,300,105,447
282,132,45,85,456,302,48,61,105,447
282,132,45,85,354,16,15,61,105,447
282,9,270,5,11,475,1,21,140,447
282,132,45,146,30,20,7,33,140,447
282,9,270,5,11,3,1,21,140,447
282,132,172,215,258,175,23,33,140,447
282,9,1,0,438,21,52,46,105,447
282,9,1,0,6,37,102,129,105,447
282,132,426,100,1,15,28,46,105,447
282,9,1,97,80,395,163,46,105,447
282,9,3,1,431,490,104,300,105,447
282,9,1,3,59,28,231,461,105,447
282,132,45,85,244,331,35,33,140,447
282,132,45,355,161,5,270,483,105,447
282,132,45,355,161,1,7,33,140,447
282,132,426,100,1,487,37,240,105,447
282,9,3,0,5,442,353,240,105,447
282,9,3,1,431,190,33,46,105,447
282,132,426,100,1,35,110,46,105,447
282,9,3,0,5,11,28,46,105,447
282,132,426,100,1,35,33,46,105,447
282,9,1,317,8,10,89,21,140,447
282,132,45,319,17,0,1,21,140,447
282,9,3,13,5,11,499,129,105,447
282,9,3,13,23,0,1,21,140,447
282,9,32,145,28,15,1,21,140,447
282,132,45,319,17,63,163,46,105,447
282,132,45,319,17,63,46,33,140,447
282,9,3,13,5,0,7,33,140,447
282,132,45,85,52,46,170,33,140,447
282,9,32,382,1,21,52,46,105,447
282,9,32,11,3,8,1,21,140,447
282,9,270,5,0,94,263,46,105,447
282,9,270,5,0,3,1,21,140,447
282,132,45,168,311,11,28,46,105,447
282,132,45,11,475,1,8,267,140,447
282,132,45,168,13,3,8,267,140,447
282,132,45,168,13,23,104,300,105,447
282,9,1,3,11,259,37,240,105,447
282,9,1,3,11,5,15,61,105,447
282,9,1,5,433,46,52,21,140,447
282,132,45,168,13,23,33,46,105,447
282,9,88,223,143,0,1,21,140,447
282,9,88,450,161,5,270,483,105,447
282,9,270,5,1,236,60,33,140,447
282,9,88,450,161,1,7,33,140,447
282,132,45,19,5,0,1,21,140,447
282,132,45,379,2,62,353,240,105,447
282,132,45,19,5,473,33,46,105,447
282,132,45,179,268,5,270,483,105,447
282,132,45,179,17,0,1,21,140,447
282,132,45,92,78,20,7,33,140,447
282,9,316,0,1,487,37,240,105,447
282,9,1,100,260,0,7,33,140,447
282,132,45,179,17,63,46,33,140,447
282,132,45,470,20,497,37,240,105,447
282,132,45,470,20,7,1,21,140,447
282,9,3,327,22,1,8,267,140,447
282,132,45,179,17,63,163,46,105,447
282,132,45,470,20,7,33,46,105,447
282,132,30,54,19,5,270,483,105,447
282,132,30,54,19,20,7,33,140,447
282,9,1,157,5,15,28,46,105,447
282,9,1,15,61,48,122,21,140,447
282,9,3,1,7,478,130,46,105,447
282,9,3,1,7,0,23,33,140,447
282,9,3,1,7,48,122,21,140,447
282,9,1,157,5,48,102,129,105,447
282,9,1,5,86,231,28,46,105,447
282,9,3,1,7,33,170,46,105,447
282,9,32,11,3,0,1,21,140,447
282,9,3,1,441,131,33,46,105,447
282,132,45,19,5,86,231,461,105,447
282,9,3,13,31,80,46,33,140,447
282,132,45,19,20,497,37,240,105,447
282,132,45,11,440,28,231,461,105,447
282,9,3,8,317,1,7,33,140,447
282,132,45,85,244,28,231,461,105,447
282,9,1,0,99,80,46,33,140,447
282,9,32,11,3,1,7,33,140,447
282,132,45,19,20,7,1,21,140,447
282,132,30,430,38,121,33,46,105,447
282,132,45,360,37,497,20,21,140,447
282,9,3,13,31,16,104,300,105,447
282,132,45,19,20,7,33,46,105,447
282,132,30,128,31,13,23,33,140,447
282,132,30,128,31,80,46,33,140,447
282,132,30,128,243,8,1,21,140,447
282,9,3,13,23,104,131,33,140,447
282,9,32,11,118,21,52,46,105,447
282,9,3,8,93,1,7,33,140,447
282,9,3,327,22,112,37,240,105,447
282,9,3,1,441,131,104,300,105,447
282,9,316,0,3,8,1,21,140,447
282,132,45,166,35,1,7,33,140,447
282,9,1,5,60,195,131,33,140,447
282,9,316,0,438,21,52,46,105,447
282,132,30,142,125,182,26,21,140,447
282,9,1,3,98,28,231,461,105,447
282,132,30,142,125,26,8,267,140,447
282,9,3,327,22,7,20,21,140,447
282,9,493,48,5,11,499,129,105,447
282,9,3,1,111,90,28,46,105,447
282,132,30,430,38,141,46,33,140,447
282,9,493,48,5,0,1,21,140,447
282,9,3,1,111,385,33,46,105,447
282,9,3,8,10,356,28,46,105,447
282,9,38,34,0,5,270,483,105,447
282,9,316,0,1,35,110,46,105,447
282,9,1,111,90,28,15,61,105,447
282,9,38,34,0,3,1,21,140,447
282,9,1,0,3,6,37,240,105,447
282,9,1,0,3,11,28,46,105,447
282,132,30,229,6,0,1,21,140,447
282,9,3,281,38,401,23,33,140,447
282,132,30,229,6,37,7,33,140,447
282,9,1,111,90,28,46,33,140,447
282,132,30,430,38,9,270,483,105,447
282,9,1,35,110,46,170,33,140,447
282,132,30,430,38,165,46,33,140,447
282,9,3,8,83,5,86,46,105,447
282,132,45,53,38,141,46,33,140,447
282,9,316,0,1,35,33,46,105,447
282,9,32,11,19,5,270,483,105,447
282,9,3,8,100,1,7,33,140,447
282,132,45,92,78,1,7,33,140,447
282,132,45,19,20,21,52,46,105,447
282,9,32,11,19,20,7,33,140,447
282,132,30,286,5,15,1,21,140,447
282,9,3,98,28,481,52,46,105,447
282,132,45,192,384,131,104,300,105,447
282,9,32,11,5,1,7,33,140,447
282,9,3,98,28,11,49,46,105,447
282,132,30,156,375,20,7,33,140,447
282,9,1,8,3,0,438,21,140,447
282,9,1,8,83,5,15,61,105,447
282,9,1,111,385,33,170,46,105,447
282,132,30,488,237,211,121,33,140,447
282,132,426,100,8,87,63,46,105,447
282,132,30,488,237,35,1,21,140,447
282,9,32,11,49,46,170,33,140,447
282,132,30,488,237,35,33,46,105,447
282,132,30,286,429,48,7,33,140,447
282,9,77,35,156,375,20,21,140,447
282,9,77,35,415,70,26,21,140,447
282,132,45,402,462,57,1,21,140,447
282,132,30,124,100,8,1,21,140,447
282,9,316,0,3,11,499,129,105,447
282,132,30,286,5,48,7,33,140,447
282,9,3,346,248,28,231,461,105,447
282,9,32,11,241,469,1,21,140,447
282,9,32,11,45,19,20,21,140,447
282,132,30,410,47,16,15,61,105,447
282,9,32,11,475,1,8,267,140,447
282,132,30,194,437,109,219,21,140,447
282,132,30,194,377,163,63,46,105,447
282,9,3,25,338,120,35,33,140,447
282,9,3,25,221,186,439,33,140,447
282,132,30,194,377,163,46,33,140,447
282,9,3,4,0,1,8,267,140,447
282,9,1,8,267,140,33,46,105,447
282,9,1,157,344,26,8,267,140,447
282,9,38,135,122,21,52,46,105,447
282,9,32,382,1,226,86,46,105,447
282,132,30,124,100,1,7,33,140,447
282,9,3,1,35,110,46,33,140,447
282,9,3,1,0,7,37,240,105,447
282,132,30,16,31,72,20,21,140,447
282,132,30,286,5,60,33,46,105,447
282,132,172,51,48,102,37,240,105,447
282,9,38,281,3,11,499,129,105,447
282,9,3,1,317,8,26,21,140,447
282,9,1,0,23,33,170,46,105,447
282,132,30,286,5,86,231,461,105,447
282,9,38,281,3,0,23,33,140,447
282,9,3,1,0,7,33,46,105,447
282,132,30,286,5,86,46,33,140,447
282,132,45,11,241,460,439,33,140,447
282,9,3,1,100,8,26,21,140,447
282,132,45,11,32,382,1,21,140,447
282,132,45,11,32,9,1,21,140,447
282,9,1,111,203,63,163,46,105,447
282,9,1,111,203,63,46,33,140,447
282,9,3,13,5,15,1,21,140,447
282,9,1,0,5,48,7,33,140,447
282,9,1,5,83,8,26,21,140,447
282,132,172,51,48,5,270,483,105,447
282,9,1,3,47,16,104,300,105,447
282,132,172,51,48,381,46,33,140,447
282,9,1,3,281,38,165,46,105,447
282,132,30,286,5,433,46,33,140,447
282,9,1,5,473,33,170,46,105,447
282,9,3,47,16,15,28,46,105,447
282,9,1,3,13,31,80,46,105,447
282,132,30,16,104,23,33,46,105,447
282,9,1,3,13,5,15,61,105,447
282,132,30,286,5,0,1,21,140,447
282,9,3,4,113,15,28,46,105,447
282,9,3,13,119,112,446,46,105,447
282,132,30,286,5,473,33,46,105,447
282,132,30,16,104,150,23,33,140,447
282,9,3,25,19,11,499,129,105,447
282,9,3,25,19,5,1,21,140,447
282,9,3,4,159,37,102,129,105,447
282,132,30,16,104,131,33,46,105,447
282,132,45,11,5,13,23,33,140,447
282,132,45,11,5,51,130,46,105,447
282,9,32,11,40,23,104,300,105,447
282,132,45,11,5,0,23,33,140,447
282,132,30,156,35,33,170,46,105,447
282,9,3,4,257,11,28,46,105,447
282,9,270,5,48,102,37,240,105,447
282,132,172,215,28,46,170,33,140,447
282,9,3,13,67,28,15,61,105,447
282,9,32,197,412,0,1,21,140,447
282,9,3,4,0,7,20,21,140,447
282,132,172,51,136,158,15,61,105,447
282,132,172,51,136,28,15,61,105,447
282,9,32,11,40,23,33,46,105,447
282,132,45,109,219,21,52,46,105,447
282,132,172,51,136,28,231,461,105,447
282,9,1,15,16,31,80,46,105,447
282,132,172,51,136,28,46,33,140,447
282,9,3,13,67,28,46,33,140,447
282,9,1,15,16,183,28,46,105,447
282,132,172,51,160,0,1,21,140,447
282,132,172,51,269,20,7,33,140,447
282,9,3,250,211,237,35,33,140,447
282,132,172,51,428,22,1,21,140,447
282,132,172,51,160,0,7,33,140,447
282,9,270,5,48,51,130,46,105,447
282,132,172,51,366,44,1,21,140,447
282,132,172,51,428,22,7,33,140,447
282,132,172,51,160,0,23,33,140,447
282,9,270,5,48,337,23,33,140,447
282,132,172,51,262,27,23,33,140,447
282,132,172,51,366,44,23,33,140,447
282,132,172,51,160,0,438,21,140,447
282,132,172,51,364,17,63,46,105,447
282,9,32,197,38,141,46,33,140,447
282,9,32,247,48,7,1,21,140,447
282,132,172,51,177,13,23,33,140,447
282,9,270,5,48,381,46,33,140,447
282,9,32,247,48,7,20,21,140,447
282,132,172,51,294,19,20,21,140,447
282,9,32,247,48,7,33,46,105,447
282,9,32,247,48,7,37,240,105,447
282,9,1,21,20,497,37,240,105,447
282,9,1,21,20,7,37,240,105,447
282,132,30,286,5,1,7,33,140,447
282,9,1,236,60,5,270,483,105,447
282,9,1,21,20,7,48,61,105,447
282,132,30,286,5,1,8,267,140,447
282,9,1,236,60,195,131,33,140,447
282,9,1,236,60,5,15,61,105,447
282,132,30,286,5,1,15,61,105,447
282,9,1,22,112,37,7,33,140,447
282,9,1,236,60,5,48,61,105,447
282,132,30,286,5,1,35,33,140,447
282,9,1,22,112,37,102,129,105,447
282,9,1,236,60,5,86,46,105,447
282,9,1,21,20,7,33,46,105,447
282,132,172,51,5,1,7,33,140,447
282,9,1,236,60,5,433,46,105,447
282,9,1,3,0,7,48,61,105,447
282,132,172,51,5,1,8,267,140,447
282,9,1,236,60,5,473,33,140,447
282,9,1,21,84,358,28,46,105,447
282,132,172,51,5,1,15,61,105,447
282,9,1,21,122,413,455,129,105,447
282,9,1,21,408,243,8,267,140,447
282,9,1,21,84,419,23,33,140,447
282,132,172,51,5,1,35,33,140,447
282,9,1,21,118,11,499,129,105,447
282,9,1,21,122,48,7,33,140,447
282,132,172,215,28,15,1,21,140,447
282,9,1,21,438,0,7,33,140,447
282,9,1,21,118,11,28,46,105,447
282,9,1,21,122,48,102,129,105,447
282,9,1,21,89,10,8,267,140,447
282,9,1,21,438,0,23,33,140,447
282,9,1,21,118,11,49,46,105,447
282,9,1,21,122,48,381,46,105,447
282,9,1,22,91,10,8,267,140,447
282,9,3,47,16,30,20,21,140,447
282,9,3,47,16,10,89,21,140,447
282,9,1,22,138,70,393,129,105,447
282,9,1,22,91,10,89,21,140,447
282,9,3,47,16,31,80,46,105,447
282,9,1,22,217,133,8,267,140,447
282,9,1,22,138,70,26,21,140,447
282,9,3,47,16,183,28,46,105,447
282,9,1,22,428,51,48,61,105,447
282,9,1,22,138,70,37,240,105,447
282,132,172,51,5,15,1,21,140,447
282,9,1,22,137,181,28,46,105,447
282,9,1,22,428,51,130,46,105,447
282,132,172,51,5,15,28,46,105,447
282,9,1,22,327,3,8,267,140,447
282,9,1,22,137,333,48,61,105,447
282,9,3,47,16,104,131,33,140,447
282,9,32,11,5,15,1,21,140,447
282,9,1,296,95,20,7,33,140,447
282,9,3,4,0,94,263,46,105,447
282,9,32,11,5,15,28,46,105,447
282,9,3,4,0,5,1,21,140,447
282,9,3,4,0,99,80,46,105,447
282,9,1,296,95,70,26,21,140,447
282,9,3,4,0,5,15,61,105,447
282,9,3,4,0,148,8,267,140,447
282,9,1,296,95,70,37,240,105,447
282,9,3,4,0,5,48,61,105,447
282,9,3,4,0,175,23,33,140,447
282,9,1,296,95,70,393,129,105,447
282,9,3,4,0,5,60,33,140,447
282,9,3,4,0,6,37,240,105,447
282,9,270,5,60,236,1,21,140,447
282,9,3,4,0,5,86,46,105,447
282,9,3,4,0,17,63,46,105,447
282,9,1,15,61,105,46,33,140,447
282,9,3,4,0,5,433,46,105,447
282,132,30,16,10,8,1,21,140,447
282,9,316,0,1,7,33,46,105,447
282,9,3,4,0,5,473,33,140,447
282,132,30,16,10,8,26,21,140,447
282,9,1,100,8,87,63,46,105,447
282,9,3,11,28,144,23,33,140,447
282,132,172,51,5,48,7,33,140,447
282,9,1,100,8,243,408,21,140,447
282,9,3,11,28,248,110,46,105,447
282,132,172,51,5,48,102,129,105,447
282,9,316,0,1,7,37,240,105,447
282,9,3,11,28,358,84,21,140,447
282,132,172,51,5,48,122,21,140,447
282,9,316,0,1,7,20,21,140,447
282,9,1,220,83,5,270,483,105,447
282,132,172,51,5,48,381,46,105,447
282,9,316,0,1,7,48,61,105,447
282,9,1,220,83,5,15,61,105,447
282,9,1,220,83,8,26,21,140,447
282,9,3,75,31,16,104,300,105,447
282,9,1,220,83,5,48,61,105,447
282,9,270,5,15,1,7,33,140,447
282,9,3,75,31,57,1,21,140,447
282,9,3,75,31,16,15,61,105,447
282,9,1,220,83,5,60,33,140,447
282,9,270,5,15,1,8,267,140,447
282,9,3,75,31,72,20,21,140,447
282,9,1,220,83,5,86,46,105,447
282,9,270,5,15,1,35,33,140,447
282,9,3,75,31,74,20,21,140,447
282,9,1,220,83,5,433,46,105,447
282,9,1,7,22,112,446,46,105,447
282,9,3,13,5,48,7,33,140,447
282,9,1,220,83,5,473,33,140,447
282,9,1,7,238,109,219,21,140,447
282,9,1,7,22,112,37,240,105,447
282,9,3,13,5,48,102,129,105,447
282,9,1,7,235,328,37,240,105,447
282,9,32,197,38,165,46,33,140,447
282,9,3,13,5,48,122,21,140,447
282,132,172,51,5,60,33,46,105,447
282,9,1,7,256,369,35,33,140,447
282,9,3,13,5,48,381,46,105,447
282,9,3,8,191,1,7,33,140,447
282,9,3,8,26,70,393,129,105,447
282,9,1,475,11,28,15,61,105,447
282,9,3,8,191,1,15,61,105,447
282,9,1,0,175,23,104,300,105,447
282,9,1,475,11,28,231,461,105,447
282,9,3,8,191,1,35,33,140,447
282,9,1,475,11,28,46,33,140,447
282,9,270,5,19,284,20,21,140,447
282,132,172,51,5,86,231,461,105,447
282,9,270,5,19,11,49,46,105,447
282,9,270,5,19,390,15,61,105,447
282,132,172,51,5,86,46,33,140,447
282,9,270,5,19,11,118,21,140,447
282,132,30,124,143,0,1,21,140,447
282,9,3,13,5,1,7,33,140,447
282,9,32,145,28,46,170,33,140,447
282,132,30,124,143,0,7,33,140,447
282,9,3,13,5,1,8,267,140,447
282,9,32,145,28,46,52,21,140,447
282,132,30,124,143,0,23,33,140,447
282,9,3,13,5,1,15,61,105,447
282,132,45,11,28,46,170,33,140,447
282,132,30,124,143,0,438,21,140,447
282,9,3,13,5,1,35,33,140,447
282,132,45,11,28,46,52,21,140,447
282,9,1,22,7,33,170,46,105,447
282,9,3,250,406,17,63,46,105,447
282,9,3,250,370,203,63,46,105,447
282,9,1,134,180,176,33,46,105,447
282,9,3,250,347,7,20,21,140,447
282,9,1,5,60,33,170,46,105,447
282,9,1,475,11,49,46,33,140,447
282,9,3,250,347,7,37,240,105,447
282,9,1,3,0,99,80,46,105,447
282,132,426,100,1,21,52,46,105,447
282,9,3,250,347,7,48,61,105,447
282,9,1,3,0,148,8,267,140,447
282,132,172,51,5,433,46,33,140,447
282,9,1,3,0,5,48,61,105,447
282,9,1,3,0,175,23,33,140,447
282,132,45,85,244,28,46,33,140,447
282,9,1,3,0,5,60,33,140,447
282,9,1,3,0,6,37,240,105,447
282,132,45,53,38,165,46,33,140,447
282,9,1,3,0,5,86,46,105,447
282,9,1,3,0,17,63,46,105,447
282,9,316,0,6,394,263,46,105,447
282,9,1,3,0,5,433,46,105,447
282,9,1,161,450,88,218,46,105,447
282,9,316,0,6,17,63,46,105,447
282,9,1,3,0,5,473,33,140,447
282,9,1,161,264,136,28,46,105,447
282,9,316,0,6,211,121,33,140,447
282,132,45,19,5,1,8,267,140,447
282,132,45,164,1,21,52,46,105,447
282,9,316,0,6,3,1,21,140,447
282,132,45,19,5,1,15,61,105,447
282,9,1,161,5,15,28,46,105,447
282,9,316,0,6,225,26,21,140,447
282,9,316,0,6,3,8,267,140,447
282,132,45,19,5,1,35,33,140,447
282,9,3,47,71,116,1,21,140,447
282,9,316,0,6,37,7,33,140,447
282,132,45,53,38,9,270,483,105,447
282,9,3,47,312,78,20,21,140,447
282,9,3,47,71,302,48,61,105,447
282,9,316,0,6,37,102,129,105,447
282,132,45,53,38,43,37,240,105,447
282,132,45,53,38,9,1,21,140,447
282,9,3,47,410,30,20,21,140,447
282,9,3,47,312,78,1,21,140,447
282,132,45,53,38,68,37,240,105,447
282,132,45,53,38,9,176,33,140,447
282,9,1,157,416,3,8,267,140,447
282,132,45,53,38,88,218,46,105,447
282,132,45,53,38,9,292,46,105,447
282,9,1,157,476,299,37,240,105,447
282,132,45,53,38,135,122,21,140,447
282,9,3,287,323,27,23,33,140,447
282,9,1,157,253,13,23,33,140,447
282,132,45,53,38,401,23,33,140,447
282,9,3,287,324,11,28,46,105,447
282,9,1,157,5,0,438,21,140,447
282,132,172,51,5,0,1,21,140,447
282,9,3,287,324,11,49,46,105,447
282,9,1,157,5,51,48,61,105,447
282,9,1,157,5,0,7,33,140,447
282,132,172,51,5,11,499,129,105,447
282,132,172,51,5,0,7,33,140,447
282,9,3,287,324,11,118,21,140,447
282,9,1,157,5,11,499,129,105,447
282,9,1,157,5,51,130,46,105,447
282,9,1,157,5,0,23,33,140,447
282,132,172,51,5,13,23,33,140,447
282,132,172,51,5,11,28,46,105,447
282,132,172,51,5,0,23,33,140,447
282,9,3,287,324,11,499,129,105,447
282,9,1,157,5,19,20,21,140,447
282,9,1,157,5,11,28,46,105,447
282,132,172,51,5,19,20,21,140,447
282,132,172,51,5,11,49,46,105,447
282,132,172,51,5,0,438,21,140,447
282,9,1,157,5,13,23,33,140,447
282,9,1,157,5,11,49,46,105,447
282,132,172,51,5,157,307,33,140,447
282,132,172,51,5,11,118,21,140,447
282,9,1,157,5,442,353,240,105,447
282,9,1,157,5,11,118,21,140,447
282,132,172,51,5,83,8,267,140,447
282,132,172,51,5,157,1,21,140,447
282,9,1,0,5,11,499,129,105,447
282,132,172,51,5,127,1,21,140,447
282,9,1,0,5,51,130,46,105,447
282,9,1,0,5,13,23,33,140,447
282,9,1,0,5,11,28,46,105,447
282,132,172,51,5,161,1,21,140,447
282,9,1,0,5,19,20,21,140,447
282,9,1,0,5,11,49,46,105,447
282,132,172,51,5,188,1,21,140,447
282,9,1,0,5,157,307,33,140,447
282,9,1,0,5,11,118,21,140,447
282,132,172,51,5,442,353,240,105,447
282,9,1,0,5,83,8,267,140,447
282,132,172,51,5,473,33,46,105,447
282,132,45,192,384,131,33,46,105,447
282,9,1,0,5,442,353,240,105,447
282,9,1,188,368,299,37,240,105,447
282,9,316,0,5,1,7,33,140,447
282,9,3,8,1,97,80,46,105,447
282,9,38,135,196,180,176,33,140,447
282,9,316,0,5,1,8,267,140,447
282,9,3,8,1,431,190,33,140,447
282,9,3,287,1,21,52,46,105,447
282,9,316,0,5,1,15,61,105,447
282,9,3,8,1,441,131,33,140,447
282,9,1,22,7,37,102,129,105,447
282,9,316,0,5,1,35,33,140,447
282,9,3,8,1,0,7,33,140,447
282,9,1,188,5,60,33,46,105,447
282,9,1,161,5,48,7,33,140,447
282,9,3,8,1,5,15,61,105,447
282,9,3,8,1,0,23,33,140,447
282,9,1,161,5,48,102,129,105,447
282,9,3,8,1,111,385,33,140,447
282,9,3,8,1,5,48,61,105,447
282,9,3,8,1,0,438,21,140,447
282,9,1,161,5,48,122,21,140,447
282,9,3,8,1,22,7,33,140,447
282,9,3,8,1,5,60,33,140,447
282,9,1,161,5,48,381,46,105,447
282,9,3,8,1,44,23,33,140,447
282,9,3,8,1,5,86,46,105,447
282,9,316,0,23,150,104,300,105,447
282,9,3,8,1,157,307,33,140,447
282,9,3,8,1,5,270,483,105,447
282,9,316,0,23,44,1,21,140,447
282,9,3,8,1,226,86,46,105,447
282,9,3,8,1,5,433,46,105,447
282,9,316,0,23,337,48,61,105,447
282,9,3,8,1,236,60,33,140,447
282,9,3,8,1,5,473,33,140,447
282,9,316,0,23,265,7,33,140,447
282,9,316,0,3,1,7,33,140,447
282,9,1,475,11,3,8,267,140,447
282,9,316,0,23,40,153,33,140,447
282,9,316,0,3,1,8,267,140,447
282,9,1,475,11,5,270,483,105,447
282,9,316,0,23,41,28,46,105,447
282,9,316,0,3,1,15,61,105,447
282,9,1,475,11,19,20,21,140,447
282,9,1,475,11,5,15,61,105,447
282,9,316,0,23,419,84,21,140,447
282,9,316,0,3,1,35,33,140,447
282,9,1,475,11,40,23,33,140,447
282,9,1,475,11,5,48,61,105,447
282,9,3,416,157,1,8,267,140,447
282,9,1,475,11,259,37,240,105,447
282,9,1,475,11,40,153,33,140,447
282,9,1,475,11,5,60,33,140,447
282,9,3,416,157,1,15,61,105,447
282,9,1,475,11,332,104,300,105,447
282,9,1,475,11,5,86,46,105,447
282,9,3,416,157,1,35,33,140,447
282,9,1,475,11,440,28,46,105,447
282,9,1,475,11,5,433,46,105,447
282,132,30,16,15,1,8,267,140,447
282,9,493,48,122,413,455,129,105,447
282,9,1,475,11,5,473,33,140,447
282,132,30,16,15,1,35,33,140,447
282,9,1,21,140,33,170,46,105,447
282,9,1,127,273,230,60,33,140,447
282,132,411,205,6,37,7,33,140,447
282,9,1,108,97,80,46,33,140,447
282,132,411,205,6,37,102,129,105,447
282,9,1,57,465,150,23,33,140,447
282,9,1,44,23,41,28,46,105,447
282,9,1,57,465,150,104,300,105,447
282,9,1,44,23,337,48,61,105,447
282,9,3,452,448,206,23,33,140,447
282,9,1,44,23,150,104,300,105,447
282,9,3,372,253,13,23,33,140,447
282,9,1,44,23,0,7,33,140,447
282,9,3,372,253,157,1,21,140,447
282,9,1,44,23,265,7,33,140,447
282,9,1,44,23,0,438,21,140,447
282,9,1,44,23,40,153,33,140,447
282,9,3,14,2,0,1,21,140,447
282,9,1,44,23,419,84,21,140,447
282,9,3,14,2,10,8,267,140,447
282,9,3,14,2,0,7,33,140,447
282,9,1,44,23,144,28,46,105,447
282,9,3,14,2,29,26,21,140,447
282,9,3,14,2,10,89,21,140,447
282,9,3,14,2,0,23,33,140,447
282,9,3,14,2,62,353,240,105,447
282,9,3,14,2,0,438,21,140,447
282,9,3,14,2,62,7,33,140,447
282,9,3,14,371,5,1,21,140,447
282,9,3,14,96,288,35,33,140,447
282,9,3,14,371,5,15,61,105,447
282,132,45,19,69,117,80,46,105,447
282,9,3,14,371,5,48,61,105,447
282,132,45,19,69,232,23,33,140,447
282,9,3,14,371,5,86,46,105,447
282,132,45,19,69,114,7,33,140,447
282,9,3,14,371,5,270,483,105,447
282,132,45,19,69,275,63,46,105,447
282,9,3,14,371,5,433,46,105,447
282,9,3,14,96,48,102,129,105,447
282,9,3,14,371,5,473,33,140,447
282,9,3,14,96,48,122,21,140,447
282,9,270,5,157,344,26,21,140,447
282,9,3,14,96,48,381,46,105,447
282,9,270,5,157,1,15,61,105,447
282,132,45,19,69,1,8,267,140,447
282,9,270,5,157,1,35,33,140,447
282,132,45,19,69,1,15,61,105,447
282,9,3,416,157,174,48,61,105,447
282,132,45,19,69,1,35,33,140,447
282,9,3,416,157,310,20,21,140,447
282,9,3,416,157,5,1,21,140,447
282,9,3,416,157,344,26,21,140,447
282,9,3,416,157,5,15,61,105,447
282,9,1,0,4,113,15,61,105,447
282,9,3,416,157,5,48,61,105,447
282,9,1,0,160,51,48,61,105,447
282,9,1,0,4,3,8,267,140,447
282,9,3,416,157,5,60,33,140,447
282,9,1,0,260,271,80,46,105,447
282,9,1,0,160,51,130,46,105,447
282,9,1,0,4,159,37,240,105,447
282,9,3,416,157,5,86,46,105,447
282,9,1,0,24,261,84,21,140,447
282,9,1,0,260,100,8,267,140,447
282,9,3,416,157,5,433,46,105,447
282,9,1,0,34,38,141,46,105,447
282,9,1,0,24,19,20,21,140,447
282,9,3,416,157,5,473,33,140,447
282,9,1,0,2,10,8,267,140,447
282,9,1,0,34,17,63,46,105,447
282,9,1,0,34,38,121,33,140,447
282,9,1,0,24,73,84,21,140,447
282,9,1,0,50,235,7,33,140,447
282,9,1,0,2,62,7,33,140,447
282,9,1,0,2,10,89,21,140,447
282,9,1,0,34,38,165,46,105,447
282,9,1,0,24,272,7,33,140,447
282,9,1,0,56,44,23,33,140,447
282,9,1,0,50,44,23,33,140,447
282,9,1,0,2,29,26,21,140,447
282,9,1,0,2,62,353,240,105,447
282,9,1,0,380,383,23,33,140,447
282,9,1,0,239,211,121,33,140,447
282,9,270,5,127,1,15,61,105,447
282,132,30,16,15,158,190,33,140,447
282,9,270,5,127,1,35,33,140,447
282,132,30,16,15,349,52,21,140,447
282,132,30,16,15,5,1,21,140,447
282,132,30,16,15,349,52,46,105,447
282,132,30,16,15,5,48,61,105,447
282,132,172,215,28,41,23,33,140,447
282,132,30,16,15,5,60,33,140,447
282,132,172,215,28,144,23,33,140,447
282,132,30,16,15,5,86,46,105,447
282,132,172,215,28,248,110,46,105,447
282,132,30,16,15,5,433,46,105,447
282,132,172,215,28,358,84,21,140,447
282,132,30,16,15,5,473,33,140,447
282,132,172,215,28,481,52,21,140,447
282,9,1,44,23,104,131,33,140,447
282,132,172,215,28,481,52,46,105,447
282,132,172,215,28,11,49,46,105,447
282,9,1,7,0,99,80,46,105,447
282,132,172,215,28,11,118,21,140,447
282,9,1,7,0,175,23,33,140,447
282,9,1,7,0,5,48,61,105,447
282,9,1,7,0,6,37,240,105,447
282,9,1,7,0,5,60,33,140,447
282,9,1,7,0,3,8,267,140,447
282,9,1,7,0,5,86,46,105,447
282,9,1,7,0,17,63,46,105,447
282,9,1,7,0,5,433,46,105,447
282,9,1,7,0,148,8,267,140,447
282,9,1,7,0,5,473,33,140,447
282,9,3,392,1,7,20,21,140,447
282,132,45,19,5,15,28,46,105,447
282,9,3,392,1,7,48,61,105,447
282,9,270,5,161,1,15,61,105,447
282,9,1,57,65,60,33,46,105,447
282,9,270,5,161,1,35,33,140,447
282,132,30,36,23,44,1,21,140,447
282,132,30,36,23,0,7,33,140,447
282,132,30,36,23,419,84,21,140,447
282,132,30,36,23,0,438,21,140,447
282,132,30,36,23,144,28,46,105,447
282,9,270,5,188,1,15,61,105,447
282,132,30,36,23,150,104,300,105,447
282,9,270,5,188,1,35,33,140,447
282,132,30,36,23,337,48,61,105,447
282,132,45,19,11,28,231,461,105,447
282,132,30,36,23,40,153,33,140,447
282,9,3,133,217,22,7,33,140,447
282,132,30,36,23,265,7,33,140,447
282,9,3,133,242,211,121,33,140,447
282,9,3,133,217,22,1,21,140,447
282,132,30,36,23,41,28,46,105,447
282,9,3,11,118,21,52,46,105,447
282,9,270,5,286,429,48,61,105,447
282,9,270,5,18,6,37,240,105,447
282,9,270,5,363,74,20,21,140,447
282,9,270,5,286,30,20,21,140,447
282,9,270,5,362,299,37,240,105,447
282,9,1,69,232,23,104,300,105,447
282,9,270,5,291,136,28,46,105,447
282,9,1,69,232,23,33,46,105,447
282,9,270,5,436,383,23,33,140,447
282,9,1,0,17,27,23,33,140,447
282,9,270,5,12,73,84,21,140,447
282,9,1,0,17,186,131,33,140,447
282,9,270,5,66,65,60,33,140,447
282,9,270,5,12,115,20,21,140,447
282,9,1,0,17,6,37,240,105,447
282,9,1,0,17,186,439,33,140,447
282,9,270,5,126,101,28,46,105,447
282,9,270,5,12,39,28,46,105,447
282,9,1,0,17,64,23,33,140,447
282,9,270,5,309,272,7,33,140,447
282,9,270,5,126,427,7,33,140,447
282,9,270,5,12,90,28,46,105,447
282,9,1,188,5,15,28,46,105,447
282,9,270,5,12,107,7,33,140,447
282,9,1,127,5,60,33,46,105,447
282,9,1,44,366,51,48,61,105,447
282,9,1,44,23,33,170,46,105,447
282,9,1,44,50,235,7,33,140,447
282,9,1,44,366,51,130,46,105,447
282,9,1,44,56,0,438,21,140,447
282,9,1,44,50,0,7,33,140,447
282,9,1,44,56,0,7,33,140,447
282,9,1,44,50,0,23,33,140,447
282,9,1,44,56,0,23,33,140,447
282,9,1,44,50,0,438,21,140,447
282,9,493,48,7,1,8,267,140,447
282,9,1,69,19,20,7,33,140,447
282,9,493,48,7,1,15,61,105,447
282,9,1,392,3,8,26,21,140,447
282,9,493,48,7,1,35,33,140,447
282,9,1,161,5,433,46,33,140,447
282,9,1,15,5,157,307,33,140,447
282,9,1,15,5,0,7,33,140,447
282,9,1,15,5,11,499,129,105,447
282,9,1,15,5,0,23,33,140,447
282,9,1,15,5,13,23,33,140,447
282,9,1,15,5,11,28,46,105,447
282,9,1,15,5,51,48,61,105,447
282,9,1,15,5,11,49,46,105,447
282,9,1,15,5,19,20,21,140,447
282,9,1,15,5,51,130,46,105,447
282,9,1,15,5,11,118,21,140,447
282,9,1,15,5,442,353,240,105,447
282,9,3,392,1,191,8,267,140,447
282,9,1,69,114,7,37,240,105,447
282,9,3,392,1,78,20,21,140,447
282,9,1,69,114,7,20,21,140,447
282,9,3,392,1,93,8,267,140,447
282,9,1,69,114,7,48,61,105,447
282,9,3,392,1,97,80,46,105,447
282,9,1,69,114,7,33,46,105,447
282,9,3,392,1,100,8,267,140,447
282,9,77,35,33,131,104,300,105,447
282,9,3,392,1,317,8,267,140,447
282,9,77,35,33,7,37,240,105,447
282,9,3,392,1,431,190,33,140,447
282,9,77,35,33,7,20,21,140,447
282,9,3,392,1,441,131,33,140,447
282,9,77,35,33,7,48,61,105,447
282,9,3,392,1,0,7,33,140,447
282,9,1,392,3,0,438,21,140,447
282,9,3,392,1,5,270,483,105,447
282,9,3,392,1,0,23,33,140,447
282,9,1,392,3,11,499,129,105,447
282,9,1,392,3,0,7,33,140,447
282,9,3,392,1,111,385,33,140,447
282,9,3,392,1,5,15,61,105,447
282,9,3,392,1,0,438,21,140,447
282,9,1,392,3,6,37,240,105,447
282,9,1,392,3,11,28,46,105,447
282,9,1,392,3,0,23,33,140,447
282,9,3,392,1,22,7,33,140,447
282,9,3,392,1,5,48,61,105,447
282,9,1,392,3,133,8,267,140,447
282,9,1,392,3,11,49,46,105,447
282,9,3,392,1,226,86,46,105,447
282,9,3,392,1,5,60,33,140,447
282,9,1,392,3,59,28,46,105,447
282,9,1,392,3,11,118,21,140,447
282,9,3,392,1,44,23,33,140,447
282,9,3,392,1,5,86,46,105,447
282,9,1,392,3,98,28,46,105,447
282,9,3,392,1,157,307,33,140,447
282,9,3,392,1,5,433,46,105,447
282,9,1,392,3,290,60,33,140,447
282,9,3,392,1,236,60,33,140,447
282,9,3,392,1,5,473,33,140,447
282,9,1,392,3,13,23,33,140,447
282,132,45,109,96,48,7,33,140,447
282,9,1,392,3,498,28,46,105,447
282,132,45,109,96,48,102,129,105,447
282,9,1,127,5,86,231,461,105,447
282,132,45,109,96,48,122,21,140,447
282,132,45,85,52,349,15,61,105,447
282,132,45,109,96,48,381,46,105,447
282,132,45,85,52,481,28,46,105,447
282,9,32,11,5,51,48,61,105,447
282,9,32,11,5,0,7,33,140,447
282,9,32,11,5,13,23,33,140,447
282,9,32,11,5,51,130,46,105,447
282,9,32,11,5,0,23,33,140,447
282,9,32,11,5,157,307,33,140,447
282,9,32,11,5,0,438,21,140,447
282,9,32,11,5,83,8,267,140,447
282,9,32,11,5,157,1,21,140,447
282,9,32,11,5,127,1,21,140,447
282,9,1,127,5,86,46,33,140,447
282,9,32,11,5,161,1,21,140,447
282,9,38,34,17,0,1,21,140,447
282,9,32,11,5,188,1,21,140,447
282,9,38,34,17,6,37,240,105,447
282,9,38,34,17,0,7,33,140,447
282,9,32,11,5,19,20,21,140,447
282,9,38,34,17,27,23,33,140,447
282,9,38,34,17,0,23,33,140,447
282,9,32,11,5,442,353,240,105,447
282,9,38,34,17,64,23,33,140,447
282,9,38,34,17,0,438,21,140,447
282,9,38,34,17,101,28,46,105,447
282,9,1,188,5,433,46,33,140,447
282,9,38,34,17,186,131,33,140,447
282,9,3,0,1,7,48,61,105,447
282,9,38,34,17,186,439,33,140,447
282,9,1,161,5,83,8,267,140,447
282,9,1,161,5,473,33,46,105,447
282,9,1,161,5,0,438,21,140,447
282,9,1,293,432,157,307,33,140,447
282,9,1,161,5,51,48,61,105,447
282,9,1,161,5,0,7,33,140,447
282,9,1,152,34,38,141,46,105,447
282,9,1,293,167,17,63,46,105,447
282,9,1,161,5,11,499,129,105,447
282,9,1,161,5,51,130,46,105,447
282,9,1,161,5,0,23,33,140,447
282,9,1,326,252,68,37,240,105,447
282,9,1,152,34,0,438,21,140,447
282,9,1,152,34,38,121,33,140,447
282,9,1,161,5,157,307,33,140,447
282,9,1,161,5,11,28,46,105,447
282,9,1,116,71,302,48,61,105,447
282,9,1,326,252,200,7,33,140,447
282,9,1,152,34,17,63,46,105,447
282,9,1,152,34,0,7,33,140,447
282,9,1,152,34,38,165,46,105,447
282,9,1,161,5,19,20,21,140,447
282,9,1,161,5,11,49,46,105,447
282,9,1,227,161,5,270,483,105,447
282,9,1,116,435,213,8,267,140,447
282,9,1,326,252,200,37,240,105,447
282,9,1,152,34,0,23,33,140,447
282,9,1,161,5,13,23,33,140,447
282,9,1,161,5,11,118,21,140,447
282,9,1,469,241,11,499,129,105,447
282,9,1,227,161,5,15,61,105,447
282,9,1,161,5,442,353,240,105,447
282,9,1,164,45,470,20,21,140,447
282,9,1,469,241,460,439,33,140,447
282,9,1,469,241,11,28,46,105,447
282,9,1,227,161,5,48,61,105,447
282,9,1,382,32,11,499,129,105,447
282,9,1,164,45,11,499,129,105,447
282,9,1,469,241,11,49,46,105,447
282,9,1,227,161,5,60,33,140,447
282,9,1,471,399,85,52,21,140,447
282,9,1,382,32,178,23,33,140,447
282,9,1,382,32,11,28,46,105,447
282,9,1,164,45,19,20,21,140,447
282,9,1,164,45,11,28,46,105,447
282,9,1,469,241,11,118,21,140,447
282,9,1,227,161,5,86,46,105,447
282,9,1,471,399,85,52,46,105,447
282,9,1,382,32,145,28,46,105,447
282,9,1,382,32,11,49,46,105,447
282,9,1,164,45,85,52,46,105,447
282,9,1,164,45,11,49,46,105,447
282,9,1,227,161,5,433,46,105,447
282,9,1,382,32,247,48,61,105,447
282,9,1,382,32,11,118,21,140,447
282,9,1,164,45,109,219,21,140,447
282,9,1,164,45,85,52,21,140,447
282,9,1,164,45,11,118,21,140,447
282,9,1,227,161,5,473,33,140,447
282,9,1,164,45,166,35,33,140,447
282,9,1,35,33,46,52,21,140,447
282,9,38,34,17,63,163,46,105,447
282,9,1,287,323,27,23,33,140,447
282,9,1,287,3,0,438,21,140,447
282,9,1,164,45,360,37,240,105,447
282,9,1,8,26,70,393,129,105,447
282,9,1,287,3,8,26,21,140,447
282,9,1,287,324,11,28,46,105,447
282,9,1,287,3,11,499,129,105,447
282,9,1,287,3,0,7,33,140,447
282,9,1,69,255,11,49,46,105,447
282,9,1,3,6,211,121,33,140,447
282,9,1,287,324,11,49,46,105,447
282,9,1,287,3,6,37,240,105,447
282,9,1,287,3,11,28,46,105,447
282,9,1,287,3,0,23,33,140,447
282,9,1,69,365,310,20,21,140,447
282,9,1,69,255,11,28,46,105,447
282,9,1,3,6,17,63,46,105,447
282,9,1,287,324,11,118,21,140,447
282,9,1,287,3,133,8,267,140,447
282,9,1,287,3,11,49,46,105,447
282,9,1,69,255,11,118,21,140,447
282,9,1,3,6,225,26,21,140,447
282,9,1,287,324,11,499,129,105,447
282,9,1,287,3,59,28,46,105,447
282,9,1,287,3,11,118,21,140,447
282,9,1,69,255,11,499,129,105,447
282,9,1,3,6,0,7,33,140,447
282,9,38,34,17,63,46,33,140,447
282,9,1,287,3,498,28,46,105,447
282,9,1,69,275,63,163,46,105,447
282,9,3,1,487,37,102,129,105,447
282,9,1,3,6,0,23,33,140,447
282,9,1,69,275,63,46,33,140,447
282,9,1,287,3,98,28,46,105,447
282,132,172,51,130,478,7,33,140,447
282,9,32,11,259,329,84,21,140,447
282,9,1,127,5,433,46,33,140,447
282,132,45,109,96,288,35,33,140,447
282,9,1,287,3,290,60,33,140,447
282,9,32,11,259,37,7,33,140,447
282,9,1,188,5,473,33,46,105,447
282,132,45,19,5,48,102,129,105,447
282,9,1,188,5,83,8,267,140,447
282,9,1,287,3,13,23,33,140,447
282,9,32,11,259,37,102,129,105,447
282,9,316,0,94,74,20,21,140,447
282,132,45,19,5,48,122,21,140,447
282,9,1,188,5,0,438,21,140,447
282,9,38,141,46,381,48,61,105,447
282,9,38,401,23,0,1,21,140,447
282,9,316,0,94,263,46,33,140,447
282,132,45,19,5,48,381,46,105,447
282,9,1,188,5,51,48,61,105,447
282,9,1,188,5,0,7,33,140,447
282,9,38,141,46,86,231,461,105,447
282,9,38,401,23,144,28,46,105,447
282,9,38,401,23,0,7,33,140,447
282,9,1,188,5,11,499,129,105,447
282,9,1,188,5,51,130,46,105,447
282,9,1,188,5,0,23,33,140,447
282,9,38,141,46,110,35,33,140,447
282,9,38,401,23,150,104,300,105,447
282,9,38,401,23,0,438,21,140,447
282,9,1,188,5,157,307,33,140,447
282,9,1,188,5,11,28,46,105,447
282,9,38,141,46,28,15,61,105,447
282,9,38,401,23,44,1,21,140,447
282,9,38,297,173,202,20,21,140,447
282,9,1,188,5,19,20,21,140,447
282,9,1,188,5,11,49,46,105,447
282,9,38,197,32,11,118,21,140,447
282,9,38,401,23,337,48,61,105,447
282,9,38,53,45,11,499,129,105,447
282,9,38,297,173,6,37,240,105,447
282,9,1,188,5,13,23,33,140,447
282,9,1,188,5,11,118,21,140,447
282,9,38,197,32,178,23,33,140,447
282,9,38,197,32,11,28,46,105,447
282,9,38,401,23,265,7,33,140,447
282,9,38,53,198,116,1,21,140,447
282,9,38,53,45,19,20,21,140,447
282,9,38,53,45,11,28,46,105,447
282,9,38,297,173,114,7,33,140,447
282,9,1,188,5,442,353,240,105,447
282,9,38,197,32,247,48,61,105,447
282,9,38,197,32,11,49,46,105,447
282,9,38,401,23,419,84,21,140,447
282,9,38,401,23,104,131,33,140,447
282,9,1,127,5,83,8,267,140,447
282,9,38,53,45,85,52,46,105,447
282,9,38,53,45,11,49,46,105,447
282,9,38,197,32,145,28,46,105,447
282,9,38,197,32,11,499,129,105,447
282,9,38,401,23,40,153,33,140,447
282,9,38,197,412,0,1,21,140,447
282,9,1,127,5,0,438,21,140,447
282,9,38,53,45,109,219,21,140,447
282,9,38,53,45,85,52,21,140,447
282,9,38,53,45,11,118,21,140,447
282,9,38,197,32,382,1,21,140,447
282,9,38,401,23,41,28,46,105,447
282,9,38,197,412,0,7,33,140,447
282,9,1,127,5,51,48,61,105,447
282,9,1,127,5,0,7,33,140,447
282,9,38,53,45,164,1,21,140,447
282,9,1,127,5,473,33,46,105,447
282,9,38,210,66,5,1,21,140,447
282,9,38,197,412,0,23,33,140,447
282,9,1,127,5,11,118,21,140,447
282,9,1,127,5,51,130,46,105,447
282,9,1,127,5,0,23,33,140,447
282,9,38,53,45,166,35,33,140,447
282,9,38,210,66,5,15,61,105,447
282,9,1,127,5,15,28,46,105,447
282,9,1,127,5,157,307,33,140,447
282,9,1,127,5,11,28,46,105,447
282,9,3,1,0,23,33,46,105,447
282,9,38,53,45,360,37,240,105,447
282,9,38,210,66,5,48,61,105,447
282,9,32,11,40,153,33,46,105,447
282,9,1,127,5,19,20,21,140,447
282,9,1,127,5,11,49,46,105,447
282,9,88,38,121,33,170,46,105,447
282,9,38,53,45,470,20,21,140,447
282,9,38,210,66,5,60,33,140,447
282,9,292,46,33,131,104,300,105,447
282,9,1,127,5,13,23,33,140,447
282,9,1,127,5,11,499,129,105,447
282,132,45,11,28,15,1,21,140,447
282,9,316,0,99,80,46,33,140,447
282,9,38,43,37,7,1,21,140,447
282,9,38,43,37,7,33,46,105,447
282,9,3,6,0,7,20,21,140,447
282,9,38,210,66,5,86,46,105,447
282,9,292,46,33,7,1,21,140,447
282,9,1,127,5,442,353,240,105,447
282,9,3,1,0,23,104,300,105,447
282,9,38,401,23,33,170,46,105,447
282,9,38,43,37,7,20,21,140,447
282,9,38,281,3,1,15,61,105,447
282,9,3,6,0,7,37,240,105,447
282,9,38,210,66,5,433,46,105,447
282,9,88,38,141,46,52,21,140,447
282,9,1,157,174,48,102,129,105,447
282,9,292,46,33,35,1,21,140,447
282,9,292,46,33,7,37,240,105,447
282,9,3,0,438,21,52,46,105,447
282,9,38,43,37,7,48,61,105,447
282,9,38,281,3,1,35,33,140,447
282,9,316,0,148,8,1,21,140,447
282,9,38,43,37,497,20,21,140,447
282,9,3,6,0,7,48,61,105,447
282,132,45,19,25,3,8,267,140,447
282,9,38,210,66,5,473,33,140,447
282,132,45,19,24,73,84,21,140,447
282,9,88,38,141,46,170,33,140,447
282,9,32,285,399,471,1,21,140,447
282,9,38,43,37,102,48,61,105,447
282,132,45,19,24,0,1,21,140,447
282,9,1,157,174,48,122,21,140,447
282,9,3,0,5,1,15,61,105,447
282,132,30,156,35,1,7,33,140,447
282,9,32,367,59,28,15,61,105,447
282,9,32,11,28,481,52,46,105,447
282,9,32,11,28,231,86,46,105,447
282,9,3,6,17,186,439,33,140,447
282,9,292,46,33,7,20,21,140,447
282,9,3,6,17,0,7,33,140,447
282,9,316,0,2,62,353,240,105,447
282,9,316,0,148,8,26,21,140,447
282,9,38,43,37,70,393,129,105,447
282,9,32,367,59,28,46,33,140,447
282,9,316,0,175,23,104,300,105,447
282,9,316,0,175,23,33,46,105,447
282,132,45,19,54,30,20,21,140,447
282,132,45,19,25,3,1,21,140,447
282,9,482,155,41,106,63,46,105,447
282,132,45,19,24,261,84,21,140,447
282,9,482,155,41,28,15,61,105,447
282,9,493,48,7,33,170,46,105,447
282,9,32,367,59,3,8,267,140,447
282,9,482,155,41,28,46,33,140,447
282,9,32,376,172,215,28,46,105,447
282,9,32,285,24,19,20,21,140,447
282,9,32,285,399,85,52,46,105,447
282,132,45,19,390,15,28,46,105,447
282,9,32,197,38,121,33,46,105,447
282,132,45,19,24,0,23,33,140,447
282,9,1,157,174,48,381,46,105,447
282,9,3,287,1,8,26,21,140,447
282,9,3,0,5,1,35,33,140,447
282,9,493,48,122,21,52,46,105,447
282,9,292,46,381,48,7,33,140,447
282,132,30,156,35,1,8,267,140,447
282,9,3,6,173,114,7,33,140,447
282,9,32,367,59,28,231,461,105,447
282,9,3,6,18,5,270,483,105,447
282,9,32,11,28,41,23,33,140,447
282,9,3,290,60,5,270,483,105,447
282,9,32,11,28,481,52,21,140,447
282,9,316,0,5,48,7,33,140,447
282,9,32,247,48,51,130,46,105,447
282,9,3,6,17,27,23,33,140,447
282,9,3,6,17,186,131,33,140,447
282,9,32,247,48,5,1,21,140,447
282,9,1,169,109,96,48,61,105,447
282,9,1,57,31,13,23,33,140,447
282,9,38,121,211,6,37,240,105,447
282,9,3,287,1,15,28,46,105,447
282,9,32,247,48,102,37,240,105,447
282,9,77,35,1,236,60,33,140,447
282,9,292,46,33,7,48,61,105,447
282,9,3,6,17,0,23,33,140,447
282,9,316,0,4,159,37,240,105,447
282,9,316,0,2,10,8,267,140,447
282,9,3,6,0,5,270,483,105,447
282,9,316,0,2,62,7,33,140,447
282,9,38,43,37,487,1,21,140,447
282,9,38,43,37,70,26,21,140,447
282,9,292,46,86,5,270,483,105,447
282,9,3,0,1,97,80,46,105,447
282,9,1,157,307,33,170,46,105,447
282,132,45,19,11,5,270,483,105,447
282,132,45,19,76,17,63,46,105,447
282,132,45,19,11,3,1,21,140,447
282,9,1,78,20,497,37,240,105,447
282,9,316,0,5,60,33,46,105,447
282,9,3,6,37,70,393,129,105,447
282,132,45,19,24,272,7,33,140,447
282,9,482,155,41,28,231,461,105,447
282,9,3,287,1,487,37,240,105,447
282,9,32,367,59,3,1,21,140,447
282,9,3,287,1,35,110,46,105,447
282,9,32,376,402,472,1,21,140,447
282,9,32,376,172,51,130,46,105,447
282,9,1,78,20,7,37,240,105,447
282,9,3,287,1,35,33,46,105,447
282,9,32,285,24,0,1,21,140,447
282,9,292,46,130,478,7,33,140,447
282,9,292,46,110,35,1,21,140,447
282,9,32,285,399,85,52,21,140,447
282,132,45,19,24,0,438,21,140,447
282,9,1,157,5,433,46,33,140,447
282,9,1,69,19,5,270,483,105,447
282,9,1,431,190,33,170,46,105,447
282,9,316,0,5,86,231,461,105,447
282,9,316,0,5,86,46,33,140,447
282,9,292,46,381,48,102,129,105,447
282,9,1,78,20,7,33,46,105,447
282,9,1,22,7,0,438,21,140,447
282,9,32,197,38,68,37,240,105,447
282,132,30,156,35,1,15,61,105,447
282,9,3,6,205,79,37,240,105,447
282,9,3,6,173,202,20,21,140,447
282,9,1,22,7,48,102,129,105,447
282,9,1,21,52,46,170,33,140,447
282,9,3,0,5,48,122,21,140,447
282,9,3,6,18,5,1,21,140,447
282,9,32,11,28,144,23,33,140,447
282,9,3,290,60,195,131,33,140,447
282,9,3,290,60,5,1,21,140,447
282,9,1,161,5,86,231,461,105,447
282,9,1,188,5,48,7,33,140,447
282,132,45,164,1,8,26,21,140,447
282,132,45,402,472,1,8,267,140,447
282,9,316,0,5,48,102,129,105,447
282,132,45,192,72,404,28,46,105,447
282,9,32,247,48,337,23,33,140,447
282,9,493,48,102,37,7,33,140,447
282,9,3,6,17,64,23,33,140,447
282,9,316,0,5,433,46,33,140,447
282,9,3,8,1,21,52,46,105,447
282,9,3,392,1,21,52,46,105,447
282,9,32,247,48,5,15,61,105,447
282,9,1,169,109,238,7,33,140,447
282,9,1,57,31,16,104,300,105,447
282,9,1,161,5,60,33,46,105,447
282,132,30,16,494,31,80,46,105,447
282,9,38,121,211,237,35,33,140,447
282,9,1,111,203,417,46,33,140,447
282,9,1,111,203,230,60,33,140,447
282,9,493,48,61,15,1,21,140,447
282,132,45,164,1,15,28,46,105,447
282,132,30,16,47,125,26,21,140,447
282,132,30,16,47,3,1,21,140,447
282,9,77,35,1,78,20,21,140,447
282,9,316,0,5,11,118,21,140,447
282,9,3,0,6,17,63,46,105,447
282,9,3,6,17,0,438,21,140,447
282,9,316,0,5,473,33,46,105,447
282,9,316,0,24,19,20,21,140,447
282,9,316,0,4,3,1,21,140,447
282,9,1,226,86,231,28,46,105,447
282,9,1,226,86,5,270,483,105,447
282,9,1,7,48,51,130,46,105,447
282,9,1,7,48,5,15,61,105,447
282,9,316,0,2,29,26,21,140,447
282,9,176,33,23,0,438,21,140,447
282,9,316,0,2,10,89,21,140,447
282,9,3,6,0,94,263,46,105,447
282,9,3,6,0,5,1,21,140,447
282,9,38,43,37,200,7,33,140,447
282,9,32,11,5,48,7,33,140,447
282,9,176,33,35,1,15,61,105,447
282,9,1,0,6,3,8,267,140,447
282,9,292,46,86,226,1,21,140,447
282,9,292,46,86,5,1,21,140,447
282,9,3,0,1,111,385,33,140,447
282,132,45,164,1,487,37,240,105,447
282,132,45,19,11,440,28,46,105,447
282,132,45,19,11,5,1,21,140,447
282,132,45,164,1,35,110,46,105,447
282,132,45,19,294,51,48,61,105,447
282,9,3,0,380,383,23,33,140,447
282,9,3,6,0,1,7,33,140,447
282,9,32,178,23,0,1,21,140,447
282,132,45,164,1,35,33,46,105,447
282,9,3,0,24,73,84,21,140,447
282,9,32,178,23,104,131,33,140,447
282,9,3,6,37,7,1,21,140,447
282,9,176,33,131,441,1,21,140,447
282,9,3,6,37,497,20,21,140,447
282,9,3,6,37,70,26,21,140,447
282,9,3,0,17,186,131,33,140,447
282,9,38,135,122,413,455,129,105,447
282,9,3,6,37,7,33,46,105,447
282,132,45,11,49,46,52,21,140,447
282,9,3,287,1,191,8,267,140,447
282,9,292,46,28,11,499,129,105,447
282,9,292,46,28,15,1,21,140,447
282,9,270,5,60,33,170,46,105,447
282,9,176,33,60,5,15,61,105,447
282,9,32,376,172,51,48,61,105,447
282,9,176,180,134,1,15,61,105,447
282,9,1,78,20,7,48,61,105,447
282,9,1,22,112,446,46,33,140,447
282,9,32,285,24,73,84,21,140,447
282,9,32,285,24,0,7,33,140,447
282,9,176,33,7,1,8,267,140,447
282,9,292,46,49,11,118,21,140,447
282,132,45,92,167,293,1,21,140,447
282,9,292,46,130,51,48,61,105,447
282,9,1,161,5,86,46,33,140,447
282,9,1,431,490,104,23,33,140,447
282,9,270,5,433,46,52,21,140,447
282,9,292,345,37,112,446,46,105,447
282,9,32,145,28,41,23,33,140,447
282,9,1,69,19,11,499,129,105,447
282,9,1,69,19,5,15,61,105,447
282,9,32,145,28,11,49,46,105,447
282,9,316,0,1,8,26,21,140,447
282,9,292,345,37,102,48,61,105,447
282,9,292,46,381,48,122,21,140,447
282,9,1,22,7,265,23,33,140,447
282,9,77,35,110,46,52,21,140,447
282,132,426,100,1,7,37,240,105,447
282,9,1,22,7,0,23,33,140,447
282,9,1,0,23,150,104,300,105,447
282,9,32,197,38,88,218,46,105,447
282,9,176,33,7,37,102,129,105,447
282,9,1,108,199,6,37,240,105,447
282,9,1,127,5,48,7,33,140,447
282,9,38,135,122,48,7,33,140,447
282,9,3,1,21,140,33,46,105,447
282,9,1,93,8,10,89,21,140,447
282,9,1,21,52,349,15,61,105,447
282,9,3,6,229,30,20,21,140,447
282,9,1,22,7,48,122,21,140,447
282,9,3,0,5,48,381,46,105,447
282,9,32,178,23,33,170,46,105,447
282,9,3,1,226,86,231,461,105,447
282,132,45,146,30,36,23,33,140,447
282,9,3,6,18,5,15,61,105,447
282,132,45,146,30,16,15,61,105,447
282,9,32,11,28,248,110,46,105,447
282,132,426,100,1,7,33,46,105,447
282,132,45,85,283,407,28,46,105,447
282,9,3,290,60,236,1,21,140,447
282,9,3,1,226,86,46,33,140,447
282,9,3,290,60,5,15,61,105,447
282,9,1,57,31,80,46,33,140,447
282,9,1,5,15,158,190,33,140,447
282,9,270,5,15,158,190,33,140,447
282,9,1,188,5,48,102,129,105,447
282,9,270,5,11,259,37,240,105,447
282,132,45,402,472,1,15,61,105,447
282,9,270,5,15,28,231,461,105,447
282,9,88,218,46,28,231,461,105,447
282,9,316,0,5,48,122,21,140,447
282,132,45,470,20,21,52,46,105,447
282,9,1,5,15,28,231,461,105,447
282,9,270,5,15,28,46,33,140,447
282,9,3,1,44,204,20,21,140,447
282,9,3,6,17,101,28,46,105,447
282,9,1,236,357,23,104,300,105,447
282,9,3,1,44,23,104,300,105,447
282,132,172,215,266,203,417,46,105,447
282,9,3,1,44,23,33,46,105,447
282,132,411,205,6,0,1,21,140,447
282,9,1,7,33,35,110,46,105,447
282,9,1,236,357,23,33,46,105,447
282,9,176,33,7,48,102,129,105,447
282,9,32,247,48,5,60,33,140,447
282,9,1,57,31,72,20,21,140,447
282,9,1,57,31,16,15,61,105,447
282,9,176,33,7,478,130,46,105,447
282,132,30,16,354,85,52,21,140,447
282,9,1,5,15,28,46,33,140,447
282,9,3,1,5,48,7,33,140,447
282,9,316,403,232,69,1,21,140,447
282,9,3,8,87,63,163,46,105,447
282,9,493,48,61,15,28,46,105,447
282,9,3,1,157,5,433,46,105,447
282,132,172,376,32,382,1,21,140,447
282,9,3,8,87,63,46,33,140,447
282,9,316,403,232,23,104,300,105,447
282,9,3,1,157,307,33,46,105,447
282,9,77,35,1,431,190,33,140,447
282,132,45,355,161,227,1,21,140,447
282,9,38,68,37,7,1,21,140,447
282,132,45,355,161,5,1,21,140,447
282,9,316,0,5,442,353,240,105,447
282,9,316,0,5,11,28,46,105,447
282,9,38,68,37,7,33,46,105,447
282,132,45,355,161,1,8,267,140,447
282,9,3,0,6,225,26,21,140,447
282,132,30,156,35,110,46,33,140,447
282,9,316,403,232,23,33,46,105,447
282,132,172,51,48,7,1,21,140,447
282,132,426,100,1,226,86,46,105,447
282,9,316,0,34,38,121,33,140,447
282,9,316,0,24,73,84,21,140,447
282,132,172,51,48,7,33,46,105,447
282,9,3,1,5,60,33,46,105,447
282,9,3,0,5,13,23,33,140,447
282,9,316,0,4,113,15,61,105,447
282,9,316,0,4,3,8,267,140,447
282,9,3,1,69,359,480,129,105,447
282,9,1,226,86,5,15,61,105,447
282,9,1,44,204,20,7,33,140,447
282,9,1,188,5,86,46,33,140,447
282,9,270,5,48,7,1,21,140,447
282,9,3,1,236,357,23,33,140,447
282,9,1,7,48,5,60,33,140,447
282,9,3,1,236,60,33,46,105,447
282,9,3,0,5,11,49,46,105,447
282,9,176,33,23,144,28,46,105,447
282,9,176,33,23,0,1,21,140,447
282,9,38,68,37,497,20,21,140,447
282,9,3,6,0,99,80,46,105,447
282,9,270,5,48,7,33,46,105,447
282,9,1,317,8,87,63,46,105,447
282,9,3,6,0,5,15,61,105,447
282,9,38,43,37,345,292,46,105,447
282,9,38,68,37,102,48,61,105,447
282,132,45,319,17,6,37,240,105,447
282,9,32,11,5,48,102,129,105,447
282,132,45,319,17,0,7,33,140,447
282,9,176,33,35,1,8,267,140,447
282,9,3,1,5,86,231,461,105,447
282,9,1,0,6,17,63,46,105,447
282,9,1,69,117,80,46,33,140,447
282,9,3,1,5,86,46,33,140,447
282,9,3,13,5,19,20,21,140,447
282,9,3,13,5,11,28,46,105,447
282,9,292,46,86,5,15,61,105,447
282,9,3,13,23,144,28,46,105,447
282,9,3,0,1,431,190,33,140,447
282,132,30,20,497,37,7,33,140,447
282,9,3,13,23,0,7,33,140,447
282,132,45,164,1,226,86,46,105,447
282,132,45,19,11,332,104,300,105,447
282,9,1,188,5,86,231,461,105,447
282,132,45,19,11,5,15,61,105,447
282,132,45,19,313,17,63,46,105,447
282,132,45,19,294,51,130,46,105,447
282,9,3,1,8,87,63,46,105,447
282,9,3,0,239,211,121,33,140,447
282,9,3,13,5,0,23,33,140,447
282,9,3,6,0,1,8,267,140,447
282,9,1,21,26,70,37,240,105,447
282,9,316,0,17,101,28,46,105,447
282,9,3,1,5,433,46,33,140,447
282,132,30,20,202,206,23,33,140,447
282,9,32,178,23,144,28,46,105,447
282,9,32,178,23,0,7,33,140,447
282,132,30,20,78,1,7,33,140,447
282,9,3,0,24,261,84,21,140,447
282,9,32,11,3,8,26,21,140,447
282,9,3,6,37,7,20,21,140,447
282,9,1,0,7,478,130,46,105,447
282,9,270,5,0,148,8,267,140,447
282,9,3,6,37,200,7,33,140,447
282,9,1,0,7,48,102,129,105,447
282,9,3,0,17,6,37,240,105,447
282,9,3,0,17,186,439,33,140,447
282,9,1,15,28,11,499,129,105,447
282,9,316,0,17,63,163,46,105,447
282,9,3,1,5,83,8,267,140,447
282,132,45,168,311,11,49,46,105,447
282,132,45,11,49,46,170,33,140,447
282,9,3,1,5,473,33,46,105,447
282,9,3,287,1,78,20,21,140,447
282,9,316,0,17,63,46,33,140,447
282,9,493,48,7,478,130,46,105,447
282,132,45,11,475,1,15,61,105,447
282,9,292,46,28,41,23,33,140,447
282,9,292,46,28,11,118,21,140,447
282,9,493,48,7,37,102,129,105,447
282,132,45,168,13,5,270,483,105,447
282,132,45,168,13,3,1,21,140,447
282,9,1,15,28,231,86,46,105,447
282,9,1,191,8,10,89,21,140,447
282,9,176,33,473,5,86,46,105,447
282,9,176,33,60,236,1,21,140,447
282,9,176,33,60,5,1,21,140,447
282,9,1,7,37,112,446,46,105,447
282,9,1,3,11,332,104,300,105,447
282,9,1,7,37,102,48,61,105,447
282,9,176,180,134,1,35,33,140,447
282,9,1,3,11,5,60,33,140,447
282,9,270,5,86,231,28,46,105,447
282,9,3,0,7,48,102,129,105,447
282,132,45,164,1,7,37,240,105,447
282,9,3,11,475,1,7,33,140,447
282,9,1,5,433,46,170,33,140,447
282,9,88,223,143,0,7,33,140,447
282,9,32,285,24,261,84,21,140,447
282,9,32,285,24,0,23,33,140,447
282,9,176,33,7,1,15,61,105,447
282,9,292,46,446,112,37,240,105,447
282,9,292,46,49,11,499,129,105,447
282,9,88,450,161,227,1,21,140,447
282,9,1,431,490,104,131,33,140,447
282,9,270,5,433,46,170,33,140,447
282,9,88,450,161,5,1,21,140,447
282,9,270,5,1,431,190,33,140,447
282,9,292,345,37,497,20,21,140,447
282,9,32,145,28,144,23,33,140,447
282,9,88,450,161,1,8,267,140,447
282,132,45,19,5,11,499,129,105,447
282,9,1,69,19,284,20,21,140,447
282,9,1,69,19,11,28,46,105,447
282,9,1,69,19,5,48,61,105,447
282,9,32,145,28,11,118,21,140,447
282,132,45,19,5,0,7,33,140,447
282,132,45,189,12,73,84,21,140,447
282,132,45,379,2,0,1,21,140,447
282,9,1,22,7,62,353,240,105,447
282,132,45,379,2,62,7,33,140,447
282,9,77,35,110,46,170,33,140,447
282,132,426,100,1,7,20,21,140,447
282,132,45,179,280,29,26,21,140,447
282,9,1,0,23,337,48,61,105,447
282,132,45,179,268,5,1,21,140,447
282,132,45,179,17,6,37,240,105,447
282,132,45,179,17,0,7,33,140,447
282,9,32,197,38,135,122,21,140,447
282,9,1,127,5,48,102,129,105,447
282,9,38,135,122,48,102,129,105,447
282,9,316,0,1,97,80,46,105,447
282,9,1,93,8,87,63,46,105,447
282,9,3,6,222,95,20,21,140,447
282,9,1,100,124,30,20,21,140,447
282,9,1,100,260,271,80,46,105,447
282,9,1,22,7,48,381,46,105,447
282,9,1,100,260,0,23,33,140,447
282,132,45,470,20,78,1,21,140,447
282,132,45,470,20,7,37,240,105,447
282,132,45,146,30,156,35,33,140,447
282,9,3,6,18,5,48,61,105,447
282,9,32,11,28,358,84,21,140,447
282,9,3,327,22,1,15,61,105,447
282,132,45,85,399,471,1,21,140,447
282,9,3,290,60,5,48,61,105,447
282,9,3,287,1,7,37,240,105,447
282,9,482,155,41,23,33,46,105,447
282,132,45,164,1,7,33,46,105,447
282,132,30,20,7,478,130,46,105,447
282,132,30,54,19,11,499,129,105,447
282,132,30,54,19,5,1,21,140,447
282,9,1,5,15,16,104,300,105,447
282,9,270,5,15,16,104,300,105,447
282,132,30,20,7,48,102,129,105,447
282,9,1,188,5,48,122,21,140,447
282,9,270,5,11,40,23,33,140,447
282,9,1,441,131,186,439,33,140,447
282,9,1,441,131,33,170,46,105,447
282,9,1,15,61,48,7,33,140,447
282,132,45,402,472,1,35,33,140,447
282,9,316,0,7,37,102,129,105,447
282,9,88,218,46,381,48,61,105,447
282,9,88,218,46,28,15,61,105,447
282,9,1,441,131,104,23,33,140,447
282,9,3,1,7,62,353,240,105,447
282,9,316,0,5,48,381,46,105,447
282,9,482,155,41,23,104,300,105,447
282,132,45,166,35,33,170,46,105,447
282,9,3,1,7,48,381,46,105,447
282,9,3,11,5,1,7,33,140,447
282,9,1,157,5,48,122,21,140,447
282,132,172,215,351,150,23,33,140,447
282,132,172,215,266,203,63,46,105,447
282,9,32,11,28,15,1,21,140,447
282,9,292,345,37,7,1,21,140,447
282,132,411,205,6,3,8,267,140,447
282,132,411,205,6,0,7,33,140,447
282,9,3,11,49,46,52,21,140,447
282,9,3,11,259,329,84,21,140,447
282,9,32,11,3,6,37,240,105,447
282,9,1,7,33,23,104,300,105,447
282,9,32,11,3,0,7,33,140,447
282,9,3,11,259,37,7,33,140,447
282,9,176,33,7,48,122,21,140,447
282,9,3,59,28,231,86,46,105,447
282,9,38,121,33,35,110,46,105,447
282,9,3,1,22,112,37,240,105,447
282,9,32,247,48,5,86,46,105,447
282,9,1,57,31,74,20,21,140,447
282,9,1,5,48,102,37,240,105,447
282,9,176,33,7,0,438,21,140,447
282,132,45,19,20,78,1,21,140,447
282,132,30,16,397,391,8,267,140,447
282,9,292,345,37,7,33,46,105,447
282,9,316,0,7,478,130,46,105,447
282,132,30,16,354,85,52,46,105,447
282,9,316,0,7,48,102,129,105,447
282,9,3,1,5,48,102,129,105,447
282,9,3,8,317,1,15,61,105,447
282,9,3,1,22,7,37,240,105,447
282,9,270,5,86,226,1,21,140,447
282,9,3,1,22,7,33,46,105,447
282,9,3,11,5,15,1,21,140,447
282,9,3,1,157,174,48,61,105,447
282,9,3,1,157,5,15,61,105,447
282,9,32,11,3,1,8,267,140,447
282,132,172,376,402,472,1,21,140,447
282,132,172,376,32,9,270,483,105,447
282,9,270,483,105,46,52,21,140,447
282,9,38,165,46,28,231,461,105,447
282,132,45,19,20,7,37,240,105,447
282,9,77,35,1,441,131,33,140,447
282,9,3,59,28,11,499,129,105,447
282,9,38,68,252,200,7,33,140,447
282,9,3,1,5,15,28,46,105,447
282,9,32,11,28,46,170,33,140,447
282,132,45,360,37,345,292,46,105,447
282,9,38,68,37,7,20,21,140,447
282,9,3,11,40,23,104,300,105,447
282,9,3,13,31,57,1,21,140,447
282,132,45,355,161,5,15,61,105,447
282,9,316,0,5,13,23,33,140,447
282,9,3,11,40,23,33,46,105,447
282,9,3,13,31,16,15,61,105,447
282,9,316,0,5,11,49,46,105,447
282,9,1,0,7,37,102,129,105,447
282,9,1,35,33,23,104,300,105,447
282,9,3,11,5,48,7,33,140,447
282,132,30,128,31,16,104,300,105,447
282,132,45,355,161,1,15,61,105,447
282,132,172,51,48,7,20,21,140,447
282,132,30,128,243,8,26,21,140,447
282,132,426,100,1,78,20,21,140,447
282,9,316,0,50,235,7,33,140,447
282,9,316,0,34,17,63,46,105,447
282,9,316,0,34,38,141,46,105,447
282,9,316,0,24,261,84,21,140,447
282,9,3,11,440,28,15,61,105,447
282,9,3,8,93,1,15,61,105,447
282,9,3,0,5,19,20,21,140,447
282,9,3,1,220,83,8,267,140,447
282,9,3,1,69,19,20,21,140,447
282,9,1,226,86,5,48,61,105,447
282,9,3,11,440,28,46,33,140,447
282,9,316,0,3,8,26,21,140,447
282,9,270,5,48,7,20,21,140,447
282,9,3,11,40,153,33,46,105,447
282,132,45,166,35,1,8,267,140,447
282,9,1,7,48,5,86,46,105,447
282,9,1,5,48,51,130,46,105,447
282,9,1,7,48,5,270,483,105,447
282,9,1,5,48,337,23,33,140,447
282,9,1,7,48,5,473,33,140,447
282,9,3,0,7,37,102,129,105,447
282,9,3,1,0,5,270,483,105,447
282,9,1,0,7,33,170,46,105,447
282,9,3,1,0,94,263,46,105,447
282,9,3,1,0,5,15,61,105,447
282,9,3,1,0,99,80,46,105,447
282,9,3,1,0,5,48,61,105,447
282,9,3,1,0,148,8,267,140,447
282,9,3,1,0,5,60,33,140,447
282,9,3,1,0,175,23,33,140,447
282,9,3,1,0,5,86,46,105,447
282,9,3,1,0,6,37,240,105,447
282,9,3,1,0,5,433,46,105,447
282,9,3,1,0,17,63,46,105,447
282,9,3,1,0,5,473,33,140,447
282,9,1,5,48,381,46,33,140,447
282,9,3,0,5,11,118,21,140,447
282,9,176,33,23,150,104,300,105,447
282,9,3,0,7,33,170,46,105,447
282,9,176,33,23,44,1,21,140,447
282,9,38,68,37,70,393,129,105,447
282,9,176,33,23,337,48,61,105,447
282,9,38,68,37,487,1,21,140,447
282,9,38,68,37,70,26,21,140,447
282,9,176,33,23,419,84,21,140,447
282,9,38,68,37,200,7,33,140,447
282,9,176,33,23,41,28,46,105,447
282,9,38,68,37,345,292,46,105,447
282,9,3,6,0,17,63,46,105,447
282,9,38,68,37,112,446,46,105,447
282,9,3,6,0,175,23,33,140,447
282,9,493,48,381,46,52,21,140,447
282,9,1,5,51,136,28,46,105,447
282,9,493,48,381,46,170,33,140,447
282,9,1,5,51,269,20,21,140,447
282,9,1,317,8,243,408,21,140,447
282,9,3,6,0,5,48,61,105,447
282,9,176,33,170,46,52,21,140,447
282,9,3,6,0,5,60,33,140,447
282,9,3,327,22,7,37,240,105,447
282,9,3,6,0,5,86,46,105,447
282,9,3,327,22,7,48,61,105,447
282,9,3,6,0,5,433,46,105,447
282,9,38,43,37,112,446,46,105,447
282,9,3,6,0,5,473,33,140,447
282,9,1,5,51,130,46,33,140,447
282,132,45,319,17,27,23,33,140,447
282,9,3,287,1,7,33,46,105,447
282,132,45,319,17,64,23,33,140,447
282,9,1,226,86,46,52,21,140,447
282,132,45,319,17,101,28,46,105,447
282,9,1,226,86,46,170,33,140,447
282,132,45,319,17,186,131,33,140,447
282,9,3,11,5,86,231,461,105,447
282,132,45,319,17,186,439,33,140,447
282,9,493,48,5,13,23,33,140,447
282,9,32,11,5,48,122,21,140,447
282,9,493,48,5,19,20,21,140,447
282,9,32,11,5,48,381,46,105,447
282,9,493,48,5,157,307,33,140,447
282,9,493,48,5,11,28,46,105,447
282,9,493,48,5,51,130,46,105,447
282,9,493,48,5,157,1,21,140,447
282,9,493,48,5,11,49,46,105,447
282,9,493,48,5,83,8,267,140,447
282,9,493,48,5,11,118,21,140,447
282,9,493,48,5,127,1,21,140,447
282,132,45,319,17,0,23,33,140,447
282,9,493,48,5,161,1,21,140,447
282,132,45,319,17,0,438,21,140,447
282,9,493,48,5,188,1,21,140,447
282,9,3,11,5,86,46,33,140,447
282,9,493,48,5,442,353,240,105,447
282,9,3,1,111,203,63,46,105,447
282,9,3,0,7,1,8,267,140,447
282,9,3,1,111,203,417,46,105,447
282,9,3,0,7,1,15,61,105,447
282,9,1,0,6,225,26,21,140,447
282,9,3,0,7,1,35,33,140,447
282,9,3,11,19,5,270,483,105,447
282,9,1,5,51,48,7,33,140,447
282,9,3,11,19,69,1,21,140,447
282,9,3,11,19,5,1,21,140,447
282,9,1,5,51,48,102,129,105,447
282,9,3,11,19,284,20,21,140,447
282,9,3,11,19,5,15,61,105,447
282,9,1,5,51,48,122,21,140,447
282,9,3,11,19,390,15,61,105,447
282,9,3,11,19,5,48,61,105,447
282,9,1,5,51,48,381,46,105,447
282,9,3,11,19,5,60,33,140,447
282,9,3,11,19,20,7,33,140,447
282,9,3,11,19,5,86,46,105,447
282,9,493,48,5,0,23,33,140,447
282,9,3,11,19,5,433,46,105,447
282,9,493,48,5,0,438,21,140,447
282,9,3,11,19,5,473,33,140,447
282,9,3,13,5,51,130,46,105,447
282,9,3,13,5,11,49,46,105,447
282,9,3,13,5,157,307,33,140,447
282,9,3,13,5,51,48,61,105,447
282,9,3,13,5,11,118,21,140,447
282,9,3,13,5,83,8,267,140,447
282,9,3,13,5,157,1,21,140,447
282,9,3,13,5,127,1,21,140,447
282,132,423,233,2,62,353,240,105,447
282,9,3,13,5,161,1,21,140,447
282,132,423,233,71,302,48,61,105,447
282,132,423,233,2,0,1,21,140,447
282,132,423,233,2,62,7,33,140,447
282,9,3,13,5,188,1,21,140,447
282,132,423,233,71,116,1,21,140,447
282,132,423,233,2,10,8,267,140,447
282,132,423,233,2,0,7,33,140,447
282,9,3,13,5,442,353,240,105,447
282,132,423,233,2,29,26,21,140,447
282,132,423,233,2,10,89,21,140,447
282,132,423,233,2,0,23,33,140,447
282,132,423,233,234,20,7,33,140,447
282,132,423,233,2,0,438,21,140,447
282,9,292,46,86,5,48,61,105,447
282,9,3,13,23,40,153,33,140,447
282,9,292,46,86,5,60,33,140,447
282,9,3,13,23,419,84,21,140,447
282,9,292,46,86,5,473,33,140,447
282,9,3,13,23,265,7,33,140,447
282,9,1,5,19,11,499,129,105,447
282,9,3,13,23,41,28,46,105,447
282,9,1,5,19,284,20,21,140,447
282,9,1,5,19,11,28,46,105,447
282,9,3,13,23,44,1,21,140,447
282,9,1,5,19,390,15,61,105,447
282,9,1,5,19,11,49,46,105,447
282,9,3,13,23,337,48,61,105,447
282,9,1,5,19,11,118,21,140,447
282,9,3,13,23,150,104,300,105,447
282,9,3,8,10,120,35,33,140,447
282,9,3,0,1,441,131,33,140,447
282,9,3,8,10,16,15,61,105,447
282,9,3,0,1,5,15,61,105,447
282,9,3,8,10,16,104,300,105,447
282,9,3,0,1,487,37,240,105,447
282,9,3,0,1,5,48,61,105,447
282,9,3,0,1,317,8,267,140,447
282,9,3,0,1,5,60,33,140,447
282,9,3,0,1,22,7,33,140,447
282,9,3,0,1,5,86,46,105,447
282,9,3,0,1,44,23,33,140,447
282,9,3,0,1,5,270,483,105,447
282,9,3,0,1,157,307,33,140,447
282,9,3,0,1,5,433,46,105,447
282,9,3,0,1,100,8,267,140,447
282,9,3,0,1,5,473,33,140,447
282,9,3,0,1,191,8,267,140,447
282,9,3,0,7,478,130,46,105,447
282,9,3,0,1,226,86,46,105,447
282,9,3,0,7,62,353,240,105,447
282,9,3,0,1,236,60,33,140,447
282,9,3,0,7,265,23,33,140,447
282,9,270,5,86,46,52,21,140,447
282,9,3,0,7,22,1,21,140,447
282,9,270,5,86,46,170,33,140,447
282,9,3,0,7,200,37,240,105,447
282,9,176,33,46,28,231,461,105,447
282,132,411,205,79,55,26,21,140,447
282,9,176,33,46,86,231,461,105,447
282,9,176,33,46,28,15,61,105,447
282,132,411,205,79,464,20,21,140,447
282,9,176,33,46,381,48,61,105,447
282,9,38,34,0,6,37,240,105,447
282,132,30,20,497,37,102,129,105,447
282,9,38,34,0,17,63,46,105,447
282,9,38,34,0,5,1,21,140,447
282,9,38,34,0,94,263,46,105,447
282,9,38,34,0,5,15,61,105,447
282,9,38,34,0,99,80,46,105,447
282,9,38,34,0,5,48,61,105,447
282,9,38,34,0,148,8,267,140,447
282,9,38,34,0,5,60,33,140,447
282,9,38,34,0,175,23,33,140,447
282,9,38,34,0,5,86,46,105,447
282,9,3,13,23,0,438,21,140,447
282,9,38,34,0,5,433,46,105,447
282,9,1,5,19,20,7,33,140,447
282,9,38,34,0,5,473,33,140,447
282,132,45,164,1,78,20,21,140,447
282,9,1,5,11,28,15,61,105,447
282,132,45,164,1,431,190,33,140,447
282,9,1,5,11,28,231,461,105,447
282,132,45,164,1,441,131,33,140,447
282,9,1,111,90,28,231,461,105,447
282,132,45,164,1,5,473,33,140,447
282,132,45,19,11,259,37,240,105,447
282,132,45,164,1,97,80,46,105,447
282,132,45,164,1,5,15,61,105,447
282,132,45,19,11,40,23,33,140,447
282,132,45,164,1,9,176,33,140,447
282,132,45,164,1,5,48,61,105,447
282,132,45,19,11,475,1,21,140,447
282,132,45,19,11,40,153,33,140,447
282,132,45,164,1,0,7,33,140,447
282,132,45,164,1,9,270,483,105,447
282,132,45,164,1,5,60,33,140,447
282,132,45,164,1,3,8,267,140,447
282,132,45,164,1,0,23,33,140,447
282,132,45,164,1,9,292,46,105,447
282,132,45,164,1,5,86,46,105,447
282,132,45,164,1,100,8,267,140,447
282,132,45,164,1,0,438,21,140,447
282,132,45,164,1,5,270,483,105,447
282,132,45,164,1,317,8,267,140,447
282,132,45,164,1,5,433,46,105,447
282,132,45,164,1,111,385,33,140,447
282,132,411,205,380,383,23,33,140,447
282,132,45,164,1,22,7,33,140,447
282,132,411,205,380,0,1,21,140,447
282,132,45,164,1,44,23,33,140,447
282,132,411,205,380,0,7,33,140,447
282,132,45,164,1,157,307,33,140,447
282,132,411,205,380,0,23,33,140,447
282,132,45,164,1,93,8,267,140,447
282,132,411,205,380,0,438,21,140,447
282,132,45,164,1,191,8,267,140,447
282,132,411,205,79,37,7,33,140,447
282,132,45,164,1,236,60,33,140,447
282,132,411,205,79,37,102,129,105,447
282,132,45,19,11,5,48,61,105,447
282,9,1,5,11,28,46,33,140,447
282,132,45,19,11,5,60,33,140,447
282,9,3,11,32,382,1,21,140,447
282,132,45,19,11,5,86,46,105,447
282,9,3,11,45,360,37,240,105,447
282,9,3,11,32,145,28,46,105,447
282,132,45,19,11,5,433,46,105,447
282,9,3,11,241,469,1,21,140,447
282,9,3,11,45,19,20,21,140,447
282,9,3,11,32,178,23,33,140,447
282,132,45,19,11,5,473,33,140,447
282,9,3,11,139,359,480,129,105,447
282,9,3,11,241,460,439,33,140,447
282,9,3,11,45,85,52,21,140,447
282,9,3,11,32,247,48,61,105,447
282,9,3,11,255,69,1,21,140,447
282,9,3,11,45,109,219,21,140,447
282,9,3,11,45,85,52,46,105,447
282,9,3,11,361,109,219,21,140,447
282,9,3,11,45,164,1,21,140,447
282,9,3,11,324,287,1,21,140,447
282,9,3,11,45,166,35,33,140,447
282,9,1,0,3,133,8,267,140,447
282,9,3,11,45,470,20,21,140,447
282,9,1,0,3,59,28,46,105,447
282,9,3,1,8,243,408,21,140,447
282,9,1,0,3,98,28,46,105,447
282,9,3,1,8,10,89,21,140,447
282,9,1,0,3,498,28,46,105,447
282,9,3,11,332,449,60,33,140,447
282,9,1,0,3,290,60,33,140,447
282,9,3,0,34,38,121,33,140,447
282,9,1,0,3,13,23,33,140,447
282,9,3,0,260,271,80,46,105,447
282,9,3,0,34,17,63,46,105,447
282,9,3,0,34,38,141,46,105,447
282,9,3,0,2,10,89,21,140,447
282,9,3,0,260,100,1,21,140,447
282,9,3,0,34,152,1,21,140,447
282,9,3,0,34,38,165,46,105,447
282,9,3,0,50,235,7,33,140,447
282,9,3,0,2,62,7,33,140,447
282,9,3,0,2,10,8,267,140,447
282,9,3,0,260,100,8,267,140,447
282,9,3,0,160,51,130,46,105,447
282,9,3,0,50,44,1,21,140,447
282,9,3,0,2,29,26,21,140,447
282,9,3,0,2,62,353,240,105,447
282,9,3,0,4,159,37,240,105,447
282,9,3,0,160,51,48,61,105,447
282,9,3,0,50,44,23,33,140,447
282,9,3,0,4,113,15,61,105,447
282,9,3,0,239,352,8,267,140,447
282,9,77,228,8,10,89,21,140,447
282,9,3,59,28,15,1,21,140,447
282,9,77,228,8,87,63,46,105,447
282,9,3,11,332,104,23,33,140,447
282,9,77,228,8,243,408,21,140,447
282,9,3,11,332,104,131,33,140,447
282,9,77,228,8,3,1,21,140,447
282,9,1,0,3,11,49,46,105,447
282,9,77,228,8,93,1,21,140,447
282,9,1,0,3,11,499,129,105,447
282,9,77,228,8,100,1,21,140,447
282,9,3,13,5,0,438,21,140,447
282,9,77,228,8,317,1,21,140,447
282,132,30,229,6,3,8,267,140,447
282,9,77,228,8,191,1,21,140,447
282,132,30,229,6,17,63,46,105,447
282,132,30,229,6,3,1,21,140,447
282,132,30,229,6,211,121,33,140,447
282,9,3,6,0,1,15,61,105,447
282,132,30,229,6,225,26,21,140,447
282,9,3,6,0,1,35,33,140,447
282,132,30,229,6,394,263,46,105,447
282,9,1,5,13,3,8,267,140,447
282,132,30,229,6,0,7,33,140,447
282,9,1,5,13,320,26,21,140,447
282,132,30,229,6,0,23,33,140,447
282,9,1,5,13,31,80,46,105,447
282,132,30,229,6,0,438,21,140,447
282,9,1,5,13,67,28,46,105,447
282,9,1,21,26,70,393,129,105,447
282,9,1,5,13,23,104,300,105,447
282,9,316,0,17,27,23,33,140,447
282,9,3,281,38,68,37,240,105,447
282,9,316,0,17,186,131,33,140,447
282,9,3,281,38,88,218,46,105,447
282,9,316,0,17,6,37,240,105,447
282,9,316,0,17,186,439,33,140,447
282,9,3,281,38,135,122,21,140,447
282,9,316,0,17,64,23,33,140,447
282,9,316,0,5,15,1,21,140,447
282,9,1,5,13,23,33,46,105,447
282,9,316,0,5,15,28,46,105,447
282,132,30,20,204,44,23,33,140,447
282,132,30,229,6,37,102,129,105,447
282,132,30,20,72,404,28,46,105,447
282,132,30,20,204,44,1,21,140,447
282,132,30,20,249,70,37,240,105,447
282,132,30,20,72,31,80,46,105,447
282,132,30,20,310,157,1,21,140,447
282,132,30,20,249,70,26,21,140,447
282,132,30,20,269,51,48,61,105,447
282,132,30,20,310,454,219,21,140,447
282,132,30,20,310,157,307,33,140,447
282,132,30,20,249,70,393,129,105,447
282,132,30,20,74,94,263,46,105,447
282,132,30,20,269,51,130,46,105,447
282,132,30,20,19,5,60,33,140,447
282,132,30,20,74,31,80,46,105,447
282,132,30,20,95,70,37,240,105,447
282,132,30,20,19,69,1,21,140,447
282,132,30,20,19,5,1,21,140,447
282,132,30,20,375,156,35,33,140,447
282,132,30,20,95,296,1,21,140,447
282,132,30,20,95,70,26,21,140,447
282,132,30,20,19,11,499,129,105,447
282,132,30,20,19,5,15,61,105,447
282,132,30,20,464,79,37,240,105,447
282,132,30,20,95,70,393,129,105,447
282,132,30,20,19,390,15,61,105,447
282,132,30,20,19,11,28,46,105,447
282,132,30,20,19,5,48,61,105,447
282,132,30,20,19,11,49,46,105,447
282,132,30,20,19,5,86,46,105,447
282,132,30,20,19,11,118,21,140,447
282,132,30,20,19,5,270,483,105,447
282,9,32,178,23,150,104,300,105,447
282,132,30,20,19,5,433,46,105,447
282,9,32,178,23,337,48,61,105,447
282,132,30,20,19,5,473,33,140,447
282,9,32,178,23,44,1,21,140,447
282,9,482,155,91,10,8,267,140,447
282,9,32,178,23,265,7,33,140,447
282,9,482,155,91,22,1,21,140,447
282,9,482,155,91,10,89,21,140,447
282,9,32,178,23,419,84,21,140,447
282,9,482,155,91,22,7,33,140,447
282,9,32,178,23,40,153,33,140,447
282,9,32,178,23,0,438,21,140,447
282,9,32,178,23,41,28,46,105,447
282,9,1,5,11,49,46,33,140,447
282,132,30,430,38,43,37,240,105,447
282,132,30,20,78,1,8,267,140,447
282,132,30,430,38,68,37,240,105,447
282,132,30,20,78,1,15,61,105,447
282,132,30,430,38,88,218,46,105,447
282,132,30,20,78,1,35,33,140,447
282,132,30,430,38,135,122,21,140,447
282,132,30,20,7,1,8,267,140,447
282,132,30,430,38,401,23,33,140,447
282,132,30,20,7,1,15,61,105,447
282,132,30,20,7,37,102,129,105,447
282,132,30,20,7,1,35,33,140,447
282,9,316,0,7,1,8,267,140,447
282,9,3,11,5,433,46,33,140,447
282,9,316,0,7,1,15,61,105,447
282,132,30,430,38,9,1,21,140,447
282,9,316,0,7,1,35,33,140,447
282,132,30,430,38,9,176,33,140,447
282,9,3,0,24,272,7,33,140,447
282,132,30,430,38,9,292,46,105,447
282,9,3,6,37,7,48,61,105,447
282,9,3,59,28,46,170,33,140,447
282,9,1,0,7,62,353,240,105,447
282,9,3,59,28,46,52,21,140,447
282,9,1,0,7,265,23,33,140,447
282,132,45,11,3,8,1,21,140,447
282,9,1,0,7,200,37,240,105,447
282,132,45,11,3,8,26,21,140,447
282,9,3,8,484,200,37,240,105,447
282,9,270,5,0,99,80,46,105,447
282,9,3,8,228,77,35,33,140,447
282,9,3,8,484,200,7,33,140,447
282,9,270,5,0,175,23,33,140,447
282,9,3,8,391,340,35,33,140,447
282,9,270,5,0,6,37,240,105,447
282,9,3,8,148,0,1,21,140,447
282,9,270,5,0,17,63,46,105,447
282,9,3,8,213,468,393,129,105,447
282,9,3,8,148,0,7,33,140,447
282,9,3,8,83,220,1,21,140,447
282,9,3,8,148,0,23,33,140,447
282,9,38,121,33,46,52,21,140,447
282,9,3,8,148,0,438,21,140,447
282,9,1,5,18,453,28,46,105,447
282,9,3,8,83,5,1,21,140,447
282,9,1,5,286,429,48,61,105,447
282,9,1,5,18,6,37,240,105,447
282,9,3,8,83,5,15,61,105,447
282,9,1,5,309,272,7,33,140,447
282,9,1,5,286,30,20,21,140,447
282,9,3,8,83,5,48,61,105,447
282,9,1,5,362,299,37,240,105,447
282,9,3,8,83,5,60,33,140,447
282,9,1,5,436,383,23,33,140,447
282,9,3,8,83,5,270,483,105,447
282,9,1,5,66,65,60,33,140,447
282,9,3,8,83,5,433,46,105,447
282,9,1,5,126,427,7,33,140,447
282,9,3,8,83,5,473,33,140,447
282,9,1,5,291,136,28,46,105,447
282,9,1,5,126,101,28,46,105,447
282,9,1,5,363,74,20,21,140,447
282,9,3,6,37,487,1,21,140,447
282,9,1,5,491,310,20,21,140,447
282,9,3,6,37,112,446,46,105,447
282,9,1,5,12,39,28,46,105,447
282,9,1,0,7,48,122,21,140,447
282,9,1,5,12,115,20,21,140,447
282,9,1,0,7,48,381,46,105,447
282,9,1,5,12,90,28,46,105,447
282,9,3,0,17,64,23,33,140,447
282,9,1,5,12,73,84,21,140,447
282,9,1,5,11,3,8,267,140,447
282,9,1,5,12,107,7,33,140,447
282,9,1,5,11,259,37,240,105,447
282,9,32,11,19,69,1,21,140,447
282,9,1,5,11,40,23,33,140,447
282,9,32,11,19,284,20,21,140,447
282,9,1,5,11,332,104,300,105,447
282,9,1,5,11,40,153,33,140,447
282,9,32,11,19,390,15,61,105,447
282,9,1,5,11,19,20,21,140,447
282,9,1,15,28,481,52,46,105,447
282,9,1,5,11,440,28,46,105,447
282,9,1,15,28,41,23,33,140,447
282,9,1,15,28,481,52,21,140,447
282,9,1,15,28,144,23,33,140,447
282,9,1,15,28,11,49,46,105,447
282,9,1,15,28,248,110,46,105,447
282,9,1,15,28,11,118,21,140,447
282,9,1,15,28,358,84,21,140,447
282,132,30,20,7,33,170,46,105,447
282,9,3,11,5,60,33,46,105,447
282,9,32,11,19,5,1,21,140,447
282,9,3,8,100,1,15,61,105,447
282,9,32,11,19,5,15,61,105,447
282,9,3,8,100,1,35,33,140,447
282,9,32,11,19,5,48,61,105,447
282,9,3,1,5,0,438,21,140,447
282,9,32,11,19,5,60,33,140,447
282,9,3,1,5,157,307,33,140,447
282,9,3,1,5,0,7,33,140,447
282,9,32,11,19,5,86,46,105,447
282,9,3,1,5,11,499,129,105,447
282,9,3,1,5,0,23,33,140,447
282,9,32,11,19,5,433,46,105,447
282,9,3,1,5,19,20,21,140,447
282,9,3,1,5,11,28,46,105,447
282,9,32,11,19,5,473,33,140,447
282,9,3,1,5,51,48,61,105,447
282,9,3,1,5,11,49,46,105,447
282,9,3,1,5,13,23,33,140,447
282,9,3,1,5,51,130,46,105,447
282,9,3,1,5,11,118,21,140,447
282,9,3,1,5,442,353,240,105,447
282,132,45,168,311,11,118,21,140,447
282,9,3,11,5,0,1,21,140,447
282,132,45,168,311,11,499,129,105,447
282,9,3,11,5,442,353,240,105,447
282,9,3,11,5,0,7,33,140,447
282,9,3,11,5,13,23,33,140,447
282,9,3,11,5,0,23,33,140,447
282,9,3,11,5,83,8,267,140,447
282,9,3,11,5,0,438,21,140,447
282,9,3,11,5,51,48,61,105,447
282,132,45,92,78,1,8,267,140,447
282,9,3,11,5,127,1,21,140,447
282,9,3,11,5,51,130,46,105,447
282,132,45,92,78,1,15,61,105,447
282,9,3,11,5,157,1,21,140,447
282,132,45,92,78,1,35,33,140,447
282,9,3,11,5,161,1,21,140,447
282,9,3,11,5,157,307,33,140,447
282,9,3,11,5,19,20,21,140,447
282,9,3,11,5,473,33,46,105,447
282,9,3,11,5,188,1,21,140,447
282,9,3,287,1,93,8,267,140,447
282,9,77,228,8,1,7,33,140,447
282,9,3,287,1,97,80,46,105,447
282,9,77,228,8,1,15,61,105,447
282,9,3,287,1,317,8,267,140,447
282,9,77,228,8,1,35,33,140,447
282,9,3,287,1,100,8,267,140,447
282,9,1,5,48,7,37,240,105,447
282,9,3,287,1,431,190,33,140,447
282,9,1,5,48,7,20,21,140,447
282,9,3,287,1,441,131,33,140,447
282,9,493,48,7,0,438,21,140,447
282,9,3,287,1,0,7,33,140,447
282,9,493,48,7,62,353,240,105,447
282,9,493,48,7,0,1,21,140,447
282,9,3,287,1,5,270,483,105,447
282,9,3,287,1,0,23,33,140,447
282,9,493,48,7,265,23,33,140,447
282,9,493,48,7,0,23,33,140,447
282,9,3,287,1,111,385,33,140,447
282,9,3,287,1,5,15,61,105,447
282,9,3,287,1,0,438,21,140,447
282,9,493,48,7,22,1,21,140,447
282,9,3,287,1,22,7,33,140,447
282,9,3,287,1,5,48,61,105,447
282,9,493,48,7,200,37,240,105,447
282,9,3,287,1,226,86,46,105,447
282,9,3,287,1,5,60,33,140,447
282,9,3,287,1,44,23,33,140,447
282,9,3,287,1,5,86,46,105,447
282,9,3,287,1,157,307,33,140,447
282,9,3,287,1,5,433,46,105,447
282,9,3,287,1,236,60,33,140,447
282,9,3,287,1,5,473,33,140,447
282,132,45,11,475,1,35,33,140,447
282,9,1,5,157,174,48,61,105,447
282,132,45,11,3,0,1,21,140,447
282,9,1,5,157,310,20,21,140,447
282,132,45,11,3,6,37,240,105,447
282,132,45,11,3,0,7,33,140,447
282,9,1,5,157,344,26,21,140,447
282,132,45,11,3,9,270,483,105,447
282,132,45,11,3,0,23,33,140,447
282,132,45,11,3,133,8,267,140,447
282,132,45,11,3,9,1,21,140,447
282,132,45,11,3,0,438,21,140,447
282,132,45,11,3,59,28,46,105,447
282,132,45,11,3,9,176,33,140,447
282,132,45,11,3,98,28,46,105,447
282,132,45,11,3,9,292,46,105,447
282,132,45,11,3,498,28,46,105,447
282,9,292,46,28,481,52,21,140,447
282,132,45,11,3,287,1,21,140,447
282,9,292,46,28,144,23,33,140,447
282,132,45,11,3,290,60,33,140,447
282,9,292,46,28,358,84,21,140,447
282,132,45,11,3,13,23,33,140,447
282,132,30,286,5,15,28,46,105,447
282,132,45,11,3,392,1,21,140,447
282,132,45,11,3,1,7,33,140,447
282,9,1,487,37,7,20,21,140,447
282,132,45,11,3,1,8,267,140,447
282,9,1,487,37,7,48,61,105,447
282,132,45,11,3,1,15,61,105,447
282,9,1,487,37,7,33,46,105,447
282,132,45,11,3,1,35,33,140,447
282,9,1,5,157,307,33,46,105,447
282,9,1,5,0,7,37,240,105,447
282,9,88,38,401,23,104,300,105,447
282,9,1,5,0,7,20,21,140,447
282,9,3,98,28,248,110,46,105,447
282,9,1,5,0,7,48,61,105,447
282,9,3,98,28,358,84,21,140,447
282,9,3,98,28,481,52,21,140,447
282,9,3,98,28,41,23,33,140,447
282,132,45,168,13,31,80,46,105,447
282,9,3,98,28,144,23,33,140,447
282,132,45,168,13,67,28,46,105,447
282,132,45,168,13,5,1,21,140,447
282,132,45,168,13,320,26,21,140,447
282,132,45,168,13,5,15,61,105,447
282,9,32,11,5,1,8,267,140,447
282,132,45,168,13,5,48,61,105,447
282,9,32,11,5,1,15,61,105,447
282,132,45,168,13,5,60,33,140,447
282,9,32,11,5,1,35,33,140,447
282,132,45,168,13,5,86,46,105,447
282,9,1,191,8,87,63,46,105,447
282,132,45,168,13,5,433,46,105,447
282,9,1,191,8,243,408,21,140,447
282,132,45,168,13,5,473,33,140,447
282,9,176,33,121,38,141,46,105,447
282,9,176,33,473,5,1,21,140,447
282,9,176,33,307,157,1,21,140,447
282,9,176,33,121,38,165,46,105,447
282,9,176,33,473,5,15,61,105,447
282,9,176,33,190,431,1,21,140,447
282,9,176,33,473,5,48,61,105,447
282,9,176,33,385,111,1,21,140,447
282,9,176,33,190,158,15,61,105,447
282,9,176,33,473,5,433,46,105,447
282,9,316,0,7,33,170,46,105,447
282,9,176,33,473,5,270,483,105,447
282,9,3,98,28,11,118,21,140,447
282,9,176,33,60,5,48,61,105,447
282,9,1,7,37,497,20,21,140,447
282,9,176,33,60,5,86,46,105,447
282,9,1,7,37,345,292,46,105,447
282,9,176,33,60,5,270,483,105,447
282,9,1,7,37,70,26,21,140,447
282,9,176,33,60,5,433,46,105,447
282,9,1,7,37,70,393,129,105,447
282,9,88,38,401,23,33,46,105,447
282,9,1,8,228,77,35,33,140,447
282,9,1,3,11,440,28,46,105,447
282,9,1,8,213,468,393,129,105,447
282,9,1,3,11,19,20,21,140,447
282,9,1,8,148,0,23,33,140,447
282,9,1,3,11,40,23,33,140,447
282,9,1,8,484,200,7,33,140,447
282,9,1,8,148,0,7,33,140,447
282,9,1,3,11,40,153,33,140,447
282,9,1,8,391,340,35,33,140,447
282,9,1,8,484,200,37,240,105,447
282,9,1,8,148,0,438,21,140,447
282,9,1,5,0,7,33,46,105,447
282,9,1,8,3,11,118,21,140,447
282,9,1,8,3,0,7,33,140,447
282,9,1,8,3,6,37,240,105,447
282,9,1,8,3,11,28,46,105,447
282,9,1,8,3,0,23,33,140,447
282,9,1,8,3,59,28,46,105,447
282,9,1,8,3,11,49,46,105,447
282,9,1,8,3,98,28,46,105,447
282,9,1,8,3,11,499,129,105,447
282,9,1,8,3,290,60,33,140,447
282,132,45,11,19,5,270,483,105,447
282,9,1,8,3,498,28,46,105,447
282,132,45,11,19,69,1,21,140,447
282,132,45,11,19,5,1,21,140,447
282,9,1,8,3,13,23,33,140,447
282,132,45,11,19,284,20,21,140,447
282,132,45,11,19,5,15,61,105,447
282,132,45,11,19,390,15,61,105,447
282,132,45,11,19,5,48,61,105,447
282,132,45,11,19,20,7,33,140,447
282,132,45,11,19,5,60,33,140,447
282,9,1,8,83,5,48,61,105,447
282,132,45,11,19,5,86,46,105,447
282,9,1,8,83,5,60,33,140,447
282,132,45,11,19,5,433,46,105,447
282,9,1,8,83,5,86,46,105,447
282,132,45,11,19,5,473,33,140,447
282,9,1,8,83,5,433,46,105,447
282,9,1,3,11,5,86,46,105,447
282,9,1,8,83,5,473,33,140,447
282,9,1,3,11,5,270,483,105,447
282,9,3,0,7,48,122,21,140,447
282,9,1,3,11,5,433,46,105,447
282,9,3,0,7,48,381,46,105,447
282,9,1,3,11,5,473,33,140,447
282,9,3,133,8,1,7,33,140,447
282,132,45,164,1,7,20,21,140,447
282,9,3,133,8,1,15,61,105,447
282,132,45,164,1,7,48,61,105,447
282,9,3,133,8,1,35,33,140,447
282,9,3,11,475,1,8,267,140,447
282,9,1,5,48,7,33,46,105,447
282,9,3,11,475,1,15,61,105,447
282,132,426,100,8,243,408,21,140,447
282,9,3,11,475,1,35,33,140,447
282,132,426,100,8,3,1,21,140,447
282,9,88,223,143,0,23,33,140,447
282,132,426,100,8,93,1,21,140,447
282,9,88,223,143,0,438,21,140,447
282,132,426,100,8,317,1,21,140,447
282,9,32,285,24,272,7,33,140,447
282,132,426,100,8,191,1,21,140,447
282,132,45,11,5,1,7,33,140,447
282,9,32,285,24,0,438,21,140,447
282,132,45,11,5,1,8,267,140,447
282,132,30,488,237,35,110,46,105,447
282,132,45,11,5,1,15,61,105,447
282,9,292,46,433,5,473,33,140,447
282,132,45,11,5,1,35,33,140,447
282,9,292,46,63,87,8,267,140,447
282,9,292,46,433,5,1,21,140,447
282,9,292,46,80,97,1,21,140,447
282,9,292,46,433,5,15,61,105,447
282,9,292,46,141,38,121,33,140,447
282,9,292,46,433,5,48,61,105,447
282,9,292,46,165,38,121,33,140,447
282,9,292,46,433,5,60,33,140,447
282,132,45,11,118,21,52,46,105,447
282,9,292,46,433,5,270,483,105,447
282,9,1,5,0,94,263,46,105,447
282,132,30,20,21,1,8,267,140,447
282,9,1,5,0,99,80,46,105,447
282,132,30,20,21,26,8,267,140,447
282,132,30,20,21,1,7,33,140,447
282,9,1,5,0,175,23,33,140,447
282,132,30,20,21,122,48,61,105,447
282,132,30,20,21,1,15,61,105,447
282,9,1,5,0,6,37,240,105,447
282,132,30,20,21,1,35,33,140,447
282,9,1,5,0,3,8,267,140,447
282,9,1,5,0,23,104,300,105,447
282,9,1,5,0,17,63,46,105,447
282,132,30,286,429,48,102,129,105,447
282,9,1,5,0,148,8,267,140,447
282,132,30,286,429,48,122,21,140,447
282,9,1,5,0,23,33,46,105,447
282,132,30,286,429,48,381,46,105,447
282,9,88,450,161,5,15,61,105,447
282,9,270,5,1,441,131,33,140,447
282,9,88,450,161,5,48,61,105,447
282,9,270,5,1,0,7,33,140,447
282,9,88,450,161,5,60,33,140,447
282,9,270,5,1,3,8,267,140,447
282,9,270,5,1,0,23,33,140,447
282,9,88,450,161,5,86,46,105,447
282,9,270,5,1,93,8,267,140,447
282,9,270,5,1,0,438,21,140,447
282,9,88,450,161,5,433,46,105,447
282,9,270,5,1,97,80,46,105,447
282,9,88,450,161,5,473,33,140,447
282,9,270,5,1,100,8,267,140,447
282,9,3,133,8,191,1,21,140,447
282,9,270,5,1,317,8,267,140,447
282,9,3,133,8,243,408,21,140,447
282,9,270,5,1,111,385,33,140,447
282,9,3,133,8,317,1,21,140,447
282,9,270,5,1,22,7,33,140,447
282,9,3,133,8,10,89,21,140,447
282,9,270,5,1,44,23,33,140,447
282,9,3,133,8,93,1,21,140,447
282,9,270,5,1,157,307,33,140,447
282,9,3,133,8,100,1,21,140,447
282,9,270,5,1,78,20,21,140,447
282,9,3,133,8,87,63,46,105,447
282,9,270,5,1,191,8,267,140,447
282,9,77,35,237,211,121,33,140,447
282,9,270,5,1,226,86,46,105,447
282,9,77,35,369,256,7,33,140,447
282,9,77,35,156,30,20,21,140,447
282,9,77,35,120,10,8,267,140,447
282,9,292,345,37,487,1,21,140,447
282,9,77,35,340,391,8,267,140,447
282,9,77,35,120,10,89,21,140,447
282,9,292,345,37,200,7,33,140,447
282,9,77,35,288,96,48,61,105,447
282,9,292,345,37,70,26,21,140,447
282,9,77,35,331,244,28,46,105,447
282,9,292,345,37,70,393,129,105,447
282,9,32,145,28,248,110,46,105,447
282,9,270,5,0,7,1,21,140,447
282,9,32,145,28,358,84,21,140,447
282,9,270,5,0,7,20,21,140,447
282,9,32,145,28,481,52,21,140,447
282,9,270,5,0,7,37,240,105,447
282,9,32,145,28,481,52,46,105,447
282,9,270,5,0,7,48,61,105,447
282,9,77,35,415,70,37,240,105,447
282,9,88,450,161,1,15,61,105,447
282,132,30,20,21,52,46,33,140,447
282,9,88,450,161,1,35,33,140,447
282,132,45,19,5,13,23,33,140,447
282,132,45,19,5,11,28,46,105,447
282,132,45,19,5,51,130,46,105,447
282,132,45,19,5,11,49,46,105,447
282,132,45,19,5,157,307,33,140,447
282,132,45,19,5,51,48,61,105,447
282,132,45,19,5,11,118,21,140,447
282,132,45,19,5,83,8,267,140,447
282,132,45,19,5,157,1,21,140,447
282,132,45,19,5,127,1,21,140,447
282,9,1,69,19,390,15,61,105,447
282,132,45,19,5,161,1,21,140,447
282,9,3,0,23,144,28,46,105,447
282,132,45,19,5,188,1,21,140,447
282,9,3,0,23,150,104,300,105,447
282,132,45,19,5,442,353,240,105,447
282,9,3,0,23,44,1,21,140,447
282,9,493,48,51,5,86,46,105,447
282,9,3,0,23,265,7,33,140,447
282,9,493,48,51,136,28,46,105,447
282,9,493,48,51,5,1,21,140,447
282,9,3,0,23,337,48,61,105,447
282,9,493,48,51,269,20,21,140,447
282,9,493,48,51,5,15,61,105,447
282,9,3,0,23,40,153,33,140,447
282,9,493,48,51,5,60,33,140,447
282,9,3,0,23,41,28,46,105,447
282,9,493,48,51,5,270,483,105,447
282,9,3,0,23,419,84,21,140,447
282,9,493,48,51,5,433,46,105,447
282,132,30,124,100,8,26,21,140,447
282,9,493,48,51,5,473,33,140,447
282,9,1,69,19,11,49,46,105,447
282,9,1,69,19,5,60,33,140,447
282,9,1,69,19,11,118,21,140,447
282,9,1,69,19,5,86,46,105,447
282,9,3,0,23,104,131,33,140,447
282,9,1,69,19,5,433,46,105,447
282,9,493,48,51,130,46,33,140,447
282,9,1,69,19,5,473,33,140,447
282,132,45,19,5,0,23,33,140,447
282,9,1,487,37,112,446,46,105,447
282,132,45,19,5,0,438,21,140,447
282,9,1,487,37,497,20,21,140,447
282,9,316,0,3,6,37,240,105,447
282,9,1,487,37,200,7,33,140,447
282,9,316,0,3,287,1,21,140,447
282,9,1,487,37,345,292,46,105,447
282,9,316,0,3,133,8,267,140,447
282,9,1,487,37,70,26,21,140,447
282,9,316,0,3,59,28,46,105,447
282,9,1,487,37,70,393,129,105,447
282,9,316,0,3,498,28,46,105,447
282,132,45,396,25,3,8,267,140,447
282,9,316,0,3,98,28,46,105,447
282,132,45,212,495,493,48,61,105,447
282,132,45,396,25,19,20,21,140,447
282,132,45,396,25,3,1,21,140,447
282,9,316,0,3,290,60,33,140,447
282,132,45,251,24,0,438,21,140,447
282,132,45,212,24,19,20,21,140,447
282,9,316,0,3,13,23,33,140,447
282,132,45,151,42,6,37,240,105,447
282,132,45,251,24,19,20,21,140,447
282,132,45,251,24,0,1,21,140,447
282,132,45,212,24,0,1,21,140,447
282,9,316,0,3,392,1,21,140,447
282,132,45,343,335,237,35,33,140,447
282,132,45,251,24,73,84,21,140,447
282,132,45,251,24,0,7,33,140,447
282,132,45,212,24,73,84,21,140,447
282,132,45,212,24,0,7,33,140,447
282,132,45,251,24,261,84,21,140,447
282,132,45,251,24,0,23,33,140,447
282,132,45,212,24,261,84,21,140,447
282,132,45,212,24,0,23,33,140,447
282,132,45,251,24,272,7,33,140,447
282,132,45,212,24,272,7,33,140,447
282,132,45,212,24,0,438,21,140,447
282,9,316,0,3,11,28,46,105,447
282,132,45,189,12,5,270,483,105,447
282,9,316,0,3,11,49,46,105,447
282,132,45,189,12,39,28,46,105,447
282,132,45,189,12,5,1,21,140,447
282,9,316,0,3,11,118,21,140,447
282,132,45,189,12,90,28,46,105,447
282,132,45,189,12,5,15,61,105,447
282,132,45,189,12,107,7,33,140,447
282,132,45,189,12,5,48,61,105,447
282,132,45,189,12,115,20,21,140,447
282,132,45,189,12,5,60,33,140,447
282,9,3,1,15,5,433,46,105,447
282,132,45,189,12,5,86,46,105,447
282,9,3,1,15,158,190,33,140,447
282,9,3,1,15,5,48,61,105,447
282,132,45,189,12,5,433,46,105,447
282,9,3,1,15,16,104,300,105,447
282,9,3,1,15,5,60,33,140,447
282,132,45,189,12,5,473,33,140,447
282,9,3,1,15,349,52,21,140,447
282,9,3,1,15,5,86,46,105,447
282,9,3,1,15,349,52,46,105,447
282,9,3,1,15,5,270,483,105,447
282,9,1,487,37,102,48,61,105,447
282,9,3,1,15,5,473,33,140,447
282,132,30,286,5,48,102,129,105,447
282,132,45,379,2,10,8,267,140,447
282,132,30,286,5,48,122,21,140,447
282,132,45,379,2,29,26,21,140,447
282,132,45,379,2,10,89,21,140,447
282,132,30,286,5,48,381,46,105,447
282,132,45,379,2,0,7,33,140,447
282,9,1,22,7,478,130,46,105,447
282,132,45,379,2,0,23,33,140,447
282,9,1,22,7,200,37,240,105,447
282,132,45,379,2,0,438,21,140,447
282,9,270,5,0,7,33,46,105,447
282,132,45,109,169,1,7,33,140,447
282,9,32,11,139,359,480,129,105,447
282,132,45,109,169,1,8,267,140,447
282,9,32,11,255,69,1,21,140,447
282,132,45,109,169,1,15,61,105,447
282,9,32,11,361,109,219,21,140,447
282,132,45,109,169,1,35,33,140,447
282,9,32,11,324,287,1,21,140,447
282,9,32,11,241,460,439,33,140,447
282,132,426,100,1,7,48,61,105,447
282,9,88,38,43,37,7,33,140,447
282,132,172,51,130,46,52,21,140,447
282,9,88,38,43,37,102,129,105,447
282,132,172,51,130,46,170,33,140,447
282,132,45,11,40,23,104,300,105,447
282,9,32,11,45,85,52,21,140,447
282,9,1,0,23,265,7,33,140,447
282,9,32,11,45,109,219,21,140,447
282,9,32,11,45,85,52,46,105,447
282,9,1,0,23,40,153,33,140,447
282,9,32,11,45,164,1,21,140,447
282,9,1,0,23,41,28,46,105,447
282,9,32,11,45,166,35,33,140,447
282,9,1,0,23,419,84,21,140,447
282,9,32,11,45,470,20,21,140,447
282,132,30,146,45,11,118,21,140,447
282,132,45,179,268,5,15,61,105,447
282,132,30,146,45,19,20,21,140,447
282,132,30,146,45,11,28,46,105,447
282,132,45,179,268,5,48,61,105,447
282,132,30,146,45,85,52,46,105,447
282,132,30,146,45,11,49,46,105,447
282,132,45,179,268,5,60,33,140,447
282,132,30,146,45,109,219,21,140,447
282,132,30,146,45,85,52,21,140,447
282,132,30,146,45,11,499,129,105,447
282,132,45,179,268,5,86,46,105,447
282,132,30,146,45,164,1,21,140,447
282,132,45,179,268,5,433,46,105,447
282,132,30,146,45,166,35,33,140,447
282,132,45,179,268,5,473,33,140,447
282,132,30,146,45,360,37,240,105,447
282,132,30,410,47,3,8,267,140,447
282,132,30,146,45,470,20,21,140,447
282,132,30,410,47,55,26,21,140,447
282,132,30,410,47,3,1,21,140,447
282,132,30,410,47,125,26,21,140,447
282,132,45,179,17,27,23,33,140,447
282,132,45,11,40,23,33,46,105,447
282,132,45,179,17,64,23,33,140,447
282,132,30,410,47,16,104,300,105,447
282,132,45,179,17,101,28,46,105,447
282,132,45,179,17,0,23,33,140,447
282,132,45,179,17,186,131,33,140,447
282,132,45,179,17,0,438,21,140,447
282,132,45,179,17,186,439,33,140,447
282,9,32,11,475,1,15,61,105,447
282,9,1,127,5,48,122,21,140,447
282,9,32,11,475,1,35,33,140,447
282,9,1,127,5,48,381,46,105,447
282,9,3,1,15,28,231,461,105,447
282,9,3,1,15,28,46,33,140,447
282,132,30,194,138,22,1,21,140,447
282,9,38,135,122,48,381,46,105,447
282,132,30,194,138,70,26,21,140,447
282,132,30,194,138,22,7,33,140,447
282,132,30,194,138,70,37,240,105,447
282,132,45,11,5,15,1,21,140,447
282,132,30,194,138,70,393,129,105,447
282,132,45,11,5,15,28,46,105,447
282,9,316,0,1,431,190,33,140,447
282,9,38,430,30,16,104,300,105,447
282,9,316,0,1,441,131,33,140,447
282,9,38,430,30,36,23,33,140,447
282,9,38,430,30,16,15,61,105,447
282,9,316,0,1,22,7,33,140,447
282,9,38,430,30,156,35,33,140,447
282,9,316,0,1,3,8,267,140,447
282,9,38,430,30,20,7,33,140,447
282,9,316,0,1,5,15,61,105,447
282,9,1,93,8,243,408,21,140,447
282,9,316,0,1,100,8,267,140,447
282,9,316,0,1,5,48,61,105,447
282,9,316,0,1,111,385,33,140,447
282,9,316,0,1,5,60,33,140,447
282,9,316,0,1,317,8,267,140,447
282,9,316,0,1,5,86,46,105,447
282,9,316,0,1,44,23,33,140,447
282,9,316,0,1,5,270,483,105,447
282,9,316,0,1,226,86,46,105,447
282,9,316,0,1,5,433,46,105,447
282,9,316,0,1,157,307,33,140,447
282,9,316,0,1,5,473,33,140,447
282,9,316,0,1,78,20,21,140,447
282,9,3,6,199,108,1,21,140,447
282,9,316,0,1,93,8,267,140,447
282,9,3,6,222,256,7,33,140,447
282,9,316,0,1,191,8,267,140,447
282,9,270,5,51,48,7,33,140,447
282,9,316,0,1,236,60,33,140,447
282,9,270,5,51,48,102,129,105,447
282,9,1,100,414,337,23,33,140,447
282,9,270,5,51,48,122,21,140,447
282,9,1,100,414,337,48,61,105,447
282,9,270,5,51,48,381,46,105,447
282,9,3,0,23,33,170,46,105,447
282,9,1,100,260,0,438,21,140,447
282,9,270,5,11,28,15,61,105,447
282,9,3,4,0,1,15,61,105,447
282,9,270,5,11,28,231,461,105,447
282,9,3,4,0,1,35,33,140,447
282,132,45,470,20,7,48,61,105,447
282,9,270,5,11,28,46,33,140,447
282,132,426,100,124,30,20,21,140,447
282,9,270,5,0,1,7,33,140,447
282,132,426,100,260,271,80,46,105,447
282,9,270,5,0,1,8,267,140,447
282,132,426,100,414,337,23,33,140,447
282,132,426,100,260,0,1,21,140,447
282,9,270,5,0,1,15,61,105,447
282,132,426,100,414,337,48,61,105,447
282,132,426,100,260,0,7,33,140,447
282,9,270,5,0,1,35,33,140,447
282,132,426,100,260,0,23,33,140,447
282,9,1,15,5,433,46,33,140,447
282,132,426,100,260,0,438,21,140,447
282,9,3,6,18,5,60,33,140,447
282,9,32,382,1,236,60,33,140,447
282,9,3,6,18,5,86,46,105,447
282,9,32,382,1,78,20,21,140,447
282,9,3,6,18,5,433,46,105,447
282,9,32,382,1,431,190,33,140,447
282,9,3,6,18,5,473,33,140,447
282,9,32,382,1,97,80,46,105,447
282,9,3,327,22,1,35,33,140,447
282,9,32,382,1,5,15,61,105,447
282,9,3,290,60,5,86,46,105,447
282,9,32,382,1,0,438,21,140,447
282,9,32,382,1,5,48,61,105,447
282,9,3,290,60,5,433,46,105,447
282,9,32,382,1,3,8,267,140,447
282,9,32,382,1,0,7,33,140,447
282,9,32,382,1,5,60,33,140,447
282,9,3,290,60,5,473,33,140,447
282,9,32,382,1,100,8,267,140,447
282,9,32,382,1,0,23,33,140,447
282,9,32,382,1,5,86,46,105,447
282,9,32,382,1,317,8,267,140,447
282,9,32,382,1,5,270,483,105,447
282,9,32,382,1,441,131,33,140,447
282,9,32,382,1,5,433,46,105,447
282,9,32,382,1,111,385,33,140,447
282,9,32,382,1,5,473,33,140,447
282,9,32,382,1,22,7,33,140,447
282,9,270,5,473,33,170,46,105,447
282,9,32,382,1,44,23,33,140,447
282,9,493,48,5,1,7,33,140,447
282,9,32,382,1,157,307,33,140,447
282,9,493,48,5,1,8,267,140,447
282,9,32,382,1,93,8,267,140,447
282,9,493,48,5,1,15,61,105,447
282,9,32,382,1,191,8,267,140,447
282,9,493,48,5,1,35,33,140,447
282,132,30,124,100,1,8,267,140,447
282,9,3,287,1,7,20,21,140,447
282,132,30,124,100,1,15,61,105,447
282,9,3,287,1,7,48,61,105,447
282,132,30,124,100,1,35,33,140,447
282,9,38,34,0,1,7,33,140,447
282,9,493,48,96,109,219,21,140,447
282,9,38,34,0,1,8,267,140,447
282,9,493,48,174,157,1,21,140,447
282,9,493,48,96,288,35,33,140,447
282,9,38,34,0,1,15,61,105,447
282,9,493,48,174,157,307,33,140,447
282,9,38,34,0,1,35,33,140,447
282,132,30,20,7,0,438,21,140,447
282,132,30,54,19,69,1,21,140,447
282,132,30,20,7,62,353,240,105,447
282,132,30,20,7,0,1,21,140,447
282,132,30,54,19,284,20,21,140,447
282,132,30,20,7,265,23,33,140,447
282,132,30,20,7,0,23,33,140,447
282,132,30,54,19,390,15,61,105,447
282,132,30,20,7,22,1,21,140,447
282,9,3,1,0,7,20,21,140,447
282,132,30,20,7,200,37,240,105,447
282,9,3,1,0,7,48,61,105,447
282,132,30,54,19,11,28,46,105,447
282,132,30,54,19,5,15,61,105,447
282,132,30,54,19,11,49,46,105,447
282,132,30,54,19,5,48,61,105,447
282,132,30,54,19,11,118,21,140,447
282,132,30,54,19,5,60,33,140,447
282,9,270,5,1,21,52,46,105,447
282,132,30,54,19,5,86,46,105,447
282,9,493,48,337,23,104,300,105,447
282,132,30,54,19,5,433,46,105,447
282,9,493,48,337,23,33,46,105,447
282,132,30,54,19,5,473,33,140,447
282,132,30,16,31,74,20,21,140,447
282,9,1,5,15,349,52,21,140,447
282,9,270,5,15,349,52,21,140,447
282,9,1,5,15,349,52,46,105,447
282,9,270,5,15,349,52,46,105,447
282,132,30,20,7,48,122,21,140,447
282,132,45,109,361,11,28,46,105,447
282,132,30,20,7,48,381,46,105,447
282,132,45,109,361,11,49,46,105,447
282,9,1,188,5,48,381,46,105,447
282,132,45,109,361,11,118,21,140,447
282,132,45,109,238,7,1,21,140,447
282,132,45,109,361,11,499,129,105,447
282,132,45,109,238,7,20,21,140,447
282,9,270,5,11,440,28,46,105,447
282,132,45,109,238,7,37,240,105,447
282,9,270,5,11,19,20,21,140,447
282,132,45,109,238,7,48,61,105,447
282,9,270,5,11,332,104,300,105,447
282,9,270,5,11,40,153,33,140,447
282,9,1,15,28,46,170,33,140,447
282,132,45,109,238,7,33,46,105,447
282,9,1,15,28,46,52,21,140,447
282,9,38,281,3,133,8,267,140,447
282,9,1,441,131,195,60,33,140,447
282,9,38,281,3,59,28,46,105,447
282,9,3,498,28,15,1,21,140,447
282,9,38,281,3,498,28,46,105,447
282,9,38,281,3,11,28,46,105,447
282,9,38,281,3,98,28,46,105,447
282,9,38,281,3,11,49,46,105,447
282,9,38,281,3,287,1,21,140,447
282,9,38,281,3,11,118,21,140,447
282,9,38,281,3,290,60,33,140,447
282,9,1,15,61,48,102,129,105,447
282,9,38,281,3,13,23,33,140,447
282,9,1,15,61,48,381,46,105,447
282,9,38,281,3,392,1,21,140,447
282,9,88,38,68,37,7,33,140,447
282,9,3,498,28,46,170,33,140,447
282,9,88,38,68,37,102,129,105,447
282,9,3,498,28,46,52,21,140,447
282,9,77,35,1,7,37,240,105,447
282,9,77,35,1,7,33,46,105,447
282,9,77,35,1,7,20,21,140,447
282,9,88,38,165,46,52,21,140,447
282,9,77,35,1,7,48,61,105,447
282,9,88,38,165,46,170,33,140,447
282,9,38,281,3,0,438,21,140,447
282,9,88,218,46,86,231,461,105,447
282,9,3,1,7,265,23,33,140,447
282,9,88,218,46,110,35,33,140,447
282,9,3,1,7,200,37,240,105,447
282,9,77,35,1,21,52,46,105,447
282,132,45,11,255,69,1,21,140,447
282,132,45,11,241,469,1,21,140,447
282,132,45,11,361,109,219,21,140,447
282,9,3,11,5,1,8,267,140,447
282,132,45,11,324,287,1,21,140,447
282,9,3,11,5,1,15,61,105,447
282,9,32,11,332,449,60,33,140,447
282,9,3,11,5,1,35,33,140,447
282,9,1,157,5,48,381,46,105,447
282,132,172,215,351,150,104,300,105,447
282,9,38,216,182,125,26,21,140,447
282,9,32,11,332,104,23,33,140,447
282,9,38,216,182,26,8,267,140,447
282,9,32,11,332,104,131,33,140,447
282,132,45,11,32,145,28,46,105,447
282,9,292,345,37,7,20,21,140,447
282,132,45,11,32,178,23,33,140,447
282,9,292,345,37,7,48,61,105,447
282,132,411,205,6,17,63,46,105,447
282,9,38,88,450,161,1,21,140,447
282,132,411,205,6,211,121,33,140,447
282,9,32,382,1,7,37,240,105,447
282,132,411,205,6,225,26,21,140,447
282,9,32,382,1,7,20,21,140,447
282,132,411,205,6,394,263,46,105,447
282,9,32,382,1,7,48,61,105,447
282,132,45,11,32,9,176,33,140,447
282,132,411,205,6,3,1,21,140,447
282,132,45,11,32,9,292,46,105,447
282,132,411,205,6,0,23,33,140,447
282,132,45,11,259,329,84,21,140,447
282,132,411,205,6,0,438,21,140,447
282,9,3,11,49,46,170,33,140,447
282,9,32,382,1,7,33,46,105,447
282,132,45,11,259,37,7,33,140,447
282,9,32,11,3,133,8,267,140,447
282,132,45,11,259,37,102,129,105,447
282,9,32,11,3,59,28,46,105,447
282,9,1,7,33,131,104,300,105,447
282,9,32,11,3,98,28,46,105,447
282,132,45,11,40,153,33,46,105,447
282,9,32,11,3,498,28,46,105,447
282,9,3,13,5,15,28,46,105,447
282,9,32,11,3,287,1,21,140,447
282,9,32,11,3,0,23,33,140,447
282,9,32,11,3,290,60,33,140,447
282,9,32,11,3,0,438,21,140,447
282,9,32,11,3,13,23,33,140,447
282,9,1,0,5,48,102,129,105,447
282,9,32,11,3,392,1,21,140,447
282,9,1,0,5,48,122,21,140,447
282,9,3,11,259,37,102,129,105,447
282,9,1,0,5,48,381,46,105,447
282,9,1,35,77,228,8,267,140,447
282,132,45,11,5,48,7,33,140,447
282,9,1,35,415,70,393,129,105,447
282,132,45,11,5,48,102,129,105,447
282,9,1,35,156,375,20,21,140,447
282,9,1,35,415,70,26,21,140,447
282,132,45,11,5,48,122,21,140,447
282,9,1,35,237,211,121,33,140,447
282,9,1,35,156,30,20,21,140,447
282,9,1,35,415,70,37,240,105,447
282,132,45,11,5,48,381,46,105,447
282,9,1,35,369,256,7,33,140,447
282,9,1,7,48,102,37,240,105,447
282,9,1,35,120,10,8,267,140,447
282,9,176,33,7,48,381,46,105,447
282,9,1,35,340,391,8,267,140,447
282,9,1,35,120,10,89,21,140,447
282,9,1,35,288,96,48,61,105,447
282,9,38,121,33,23,104,300,105,447
282,9,1,35,331,244,28,46,105,447
282,9,38,121,33,131,104,300,105,447
282,9,38,121,33,35,1,21,140,447
282,9,38,121,33,7,1,21,140,447
282,132,172,51,48,337,23,33,140,447
282,9,38,121,33,7,37,240,105,447
282,9,3,1,22,112,446,46,105,447
282,9,38,121,33,7,20,21,140,447
282,132,172,51,48,5,1,21,140,447
282,9,38,121,33,7,48,61,105,447
282,132,172,51,48,5,15,61,105,447
282,9,32,247,48,5,433,46,105,447
282,132,172,51,48,5,60,33,140,447
282,9,32,247,48,5,473,33,140,447
282,132,172,51,48,5,86,46,105,447
282,9,1,15,158,136,28,46,105,447
282,132,172,51,48,5,433,46,105,447
282,9,1,3,346,248,28,46,105,447
282,132,172,51,48,5,473,33,140,447
282,9,1,3,4,113,15,61,105,447
282,9,1,3,346,248,110,46,105,447
282,9,1,3,75,31,80,46,105,447
282,9,1,3,4,0,438,21,140,447
282,9,1,3,250,347,7,33,140,447
282,9,1,3,4,159,37,240,105,447
282,9,1,3,4,0,7,33,140,447
282,9,1,3,416,157,307,33,140,447
282,9,1,3,250,211,121,33,140,447
282,9,1,3,4,0,23,33,140,447
282,9,1,3,327,22,7,33,140,447
282,9,1,3,47,55,26,21,140,447
282,9,1,3,25,19,20,21,140,447
282,9,1,3,47,125,26,21,140,447
282,9,1,3,47,16,15,61,105,447
282,9,176,33,7,62,353,240,105,447
282,9,176,33,7,0,1,21,140,447
282,9,176,33,7,22,1,21,140,447
282,9,1,15,158,190,33,46,105,447
282,9,176,33,7,200,37,240,105,447
282,9,3,11,28,15,1,21,140,447
282,9,270,5,13,3,8,267,140,447
282,9,270,5,13,23,104,300,105,447
282,9,270,5,13,320,26,21,140,447
282,9,270,5,13,3,1,21,140,447
282,9,270,5,13,31,80,46,105,447
282,9,316,0,7,62,353,240,105,447
282,9,270,5,13,67,28,46,105,447
282,9,316,0,7,265,23,33,140,447
282,9,316,0,7,48,122,21,140,447
282,9,316,0,7,22,1,21,140,447
282,9,316,0,7,48,381,46,105,447
282,9,316,0,7,200,37,240,105,447
282,9,270,5,13,23,33,46,105,447
282,9,3,1,5,48,122,21,140,447
282,9,270,5,51,136,28,46,105,447
282,9,3,1,5,48,381,46,105,447
282,9,270,5,51,269,20,21,140,447
282,9,3,8,317,1,35,33,140,447
282,9,1,3,13,67,28,46,105,447
282,9,3,1,22,7,20,21,140,447
282,9,270,5,51,130,46,33,140,447
282,9,3,1,22,7,48,61,105,447
282,9,3,11,5,15,28,46,105,447
282,9,1,3,8,87,63,46,105,447
282,9,3,8,1,7,37,240,105,447
282,9,1,3,8,243,408,21,140,447
282,9,3,8,1,7,20,21,140,447
282,9,1,3,8,10,89,21,140,447
282,9,3,8,1,7,48,61,105,447
282,9,3,1,157,310,20,21,140,447
282,9,1,3,13,5,48,61,105,447
282,9,3,1,157,344,26,21,140,447
282,9,1,3,13,5,60,33,140,447
282,9,1,15,5,48,7,33,140,447
282,9,1,3,13,5,86,46,105,447
282,9,1,15,5,48,102,129,105,447
282,9,1,3,13,5,270,483,105,447
282,9,1,15,5,48,122,21,140,447
282,9,1,3,13,5,433,46,105,447
282,9,1,15,5,48,381,46,105,447
282,9,3,1,157,5,48,61,105,447
282,9,32,11,3,1,15,61,105,447
282,9,3,1,157,5,60,33,140,447
282,9,32,11,3,1,35,33,140,447
282,9,3,1,157,5,86,46,105,447
282,9,1,35,110,248,28,46,105,447
282,9,3,1,157,5,270,483,105,447
282,9,270,5,11,49,46,33,140,447
282,9,3,1,157,5,473,33,140,447
282,9,3,8,1,7,33,46,105,447
282,9,270,5,1,7,37,240,105,447
282,132,30,286,5,11,499,129,105,447
282,9,270,5,1,7,20,21,140,447
282,132,30,286,5,13,23,33,140,447
282,132,30,286,5,11,28,46,105,447
282,9,270,5,1,7,48,61,105,447
282,132,30,286,5,19,20,21,140,447
282,132,30,286,5,11,49,46,105,447
282,132,30,286,5,51,130,46,105,447
282,132,30,286,5,11,118,21,140,447
282,132,30,286,5,83,8,267,140,447
282,132,30,286,5,51,48,61,105,447
282,132,30,286,5,127,1,21,140,447
282,132,30,286,5,0,7,33,140,447
282,132,30,286,5,157,1,21,140,447
282,132,30,286,5,0,23,33,140,447
282,132,30,286,5,161,1,21,140,447
282,132,30,286,5,157,307,33,140,447
282,132,30,286,5,0,438,21,140,447
282,132,30,286,5,188,1,21,140,447
282,132,172,376,32,11,499,129,105,447
282,132,30,286,5,442,353,240,105,447
282,132,172,376,32,9,1,21,140,447
282,132,172,376,32,145,28,46,105,447
282,132,172,376,32,11,28,46,105,447
282,132,172,376,32,9,176,33,140,447
282,132,172,376,32,178,23,33,140,447
282,132,172,376,32,11,49,46,105,447
282,132,172,376,32,9,292,46,105,447
282,132,172,376,32,247,48,61,105,447
282,132,172,376,32,11,118,21,140,447
282,9,3,13,305,203,417,46,105,447
282,9,270,483,105,46,170,33,140,447
282,9,38,165,46,381,48,61,105,447
282,9,3,13,177,51,48,61,105,447
282,9,3,13,305,203,63,46,105,447
282,9,38,165,46,86,231,461,105,447
282,9,3,13,224,114,7,33,140,447
282,9,3,13,177,51,130,46,105,447
282,9,38,165,46,110,35,33,140,447
282,9,3,13,253,157,1,21,140,447
282,9,38,165,46,28,15,61,105,447
282,132,45,19,20,7,48,61,105,447
282,9,3,13,253,157,307,33,140,447
282,9,270,5,1,7,33,46,105,447
282,9,38,34,152,1,7,33,140,447
282,9,3,13,119,277,37,240,105,447
282,9,77,35,1,5,15,61,105,447
282,9,38,34,152,1,8,267,140,447
282,9,3,13,119,112,37,240,105,447
282,9,77,35,1,0,7,33,140,447
282,9,77,35,1,5,48,61,105,447
282,9,38,34,152,1,15,61,105,447
282,9,77,35,1,111,385,33,140,447
282,9,77,35,1,0,23,33,140,447
282,9,77,35,1,5,60,33,140,447
282,9,38,34,152,1,35,33,140,447
282,9,77,35,1,22,7,33,140,447
282,9,77,35,1,0,438,21,140,447
282,9,77,35,1,5,86,46,105,447
282,9,77,35,1,44,23,33,140,447
282,9,3,59,28,481,52,46,105,447
282,9,77,35,1,5,270,483,105,447
282,9,77,35,1,3,8,267,140,447
282,9,3,59,28,248,110,46,105,447
282,9,3,59,28,481,52,21,140,447
282,9,77,35,1,5,433,46,105,447
282,9,77,35,1,317,8,267,140,447
282,9,3,59,28,358,84,21,140,447
282,9,77,35,1,5,473,33,140,447
282,9,77,35,1,157,307,33,140,447
282,9,3,59,28,41,23,33,140,447
282,9,3,59,28,11,49,46,105,447
282,9,77,35,1,93,8,267,140,447
282,9,3,59,28,144,23,33,140,447
282,9,3,59,28,11,118,21,140,447
282,9,77,35,1,97,80,46,105,447
282,9,38,68,252,326,1,21,140,447
282,9,38,68,252,200,37,240,105,447
282,9,77,35,1,100,8,267,140,447
282,9,3,0,148,8,1,21,140,447
282,9,32,11,28,46,52,21,140,447
282,9,77,35,1,191,8,267,140,447
282,9,3,0,148,8,26,21,140,447
282,132,45,360,37,487,1,21,140,447
282,9,270,5,0,23,104,300,105,447
282,9,270,5,0,23,33,46,105,447
282,132,45,360,37,200,7,33,140,447
282,9,3,25,19,69,1,21,140,447
282,9,38,68,37,7,48,61,105,447
282,132,45,360,37,70,26,21,140,447
282,9,3,25,19,284,20,21,140,447
282,9,3,25,19,11,28,46,105,447
282,132,45,360,37,70,393,129,105,447
282,9,3,25,19,390,15,61,105,447
282,9,3,25,19,11,49,46,105,447
282,9,3,13,31,72,20,21,140,447
282,132,45,11,28,481,52,46,105,447
282,9,3,25,19,11,118,21,140,447
282,9,3,13,31,74,20,21,140,447
282,132,45,11,28,41,23,33,140,447
282,132,45,11,28,481,52,21,140,447
282,132,45,11,28,231,86,46,105,447
282,132,45,11,28,144,23,33,140,447
282,9,3,25,19,5,15,61,105,447
282,132,45,355,161,5,48,61,105,447
282,132,45,11,28,248,110,46,105,447
282,9,3,25,19,5,48,61,105,447
282,132,45,355,161,5,60,33,140,447
282,132,45,11,28,358,84,21,140,447
282,9,3,25,19,5,60,33,140,447
282,132,45,355,161,5,86,46,105,447
282,9,493,48,5,15,1,21,140,447
282,9,3,25,19,5,86,46,105,447
282,132,45,355,161,5,433,46,105,447
282,9,493,48,5,15,28,46,105,447
282,9,3,25,19,5,433,46,105,447
282,132,45,355,161,5,473,33,140,447
282,9,316,0,5,19,20,21,140,447
282,9,3,25,19,5,473,33,140,447
282,9,3,1,7,37,102,129,105,447
282,9,316,0,5,157,307,33,140,447
282,9,38,34,0,7,1,21,140,447
282,9,316,0,5,11,499,129,105,447
282,9,316,0,5,51,48,61,105,447
282,9,316,0,5,157,1,21,140,447
282,9,38,34,0,7,20,21,140,447
282,9,316,0,5,83,8,267,140,447
282,9,316,0,5,51,130,46,105,447
282,9,38,34,0,7,37,240,105,447
282,9,316,0,5,127,1,21,140,447
282,132,45,360,37,7,1,21,140,447
282,9,38,34,0,7,48,61,105,447
282,9,316,0,5,161,1,21,140,447
282,132,45,360,37,7,20,21,140,447
282,9,38,34,0,7,33,46,105,447
282,9,316,0,5,188,1,21,140,447
282,132,45,360,37,7,48,61,105,447
282,132,45,11,5,157,307,33,140,447
282,9,3,498,28,11,499,129,105,447
282,9,1,35,33,131,104,300,105,447
282,132,45,11,5,83,8,267,140,447
282,132,45,11,5,157,1,21,140,447
282,9,3,498,28,481,52,21,140,447
282,9,3,498,28,11,49,46,105,447
282,9,1,35,33,7,20,21,140,447
282,132,45,11,5,127,1,21,140,447
282,9,3,498,28,41,23,33,140,447
282,9,3,498,28,481,52,46,105,447
282,9,3,498,28,11,118,21,140,447
282,9,1,35,33,7,37,240,105,447
282,132,45,11,5,161,1,21,140,447
282,9,3,498,28,144,23,33,140,447
282,9,1,35,33,7,48,61,105,447
282,132,45,11,5,188,1,21,140,447
282,9,3,498,28,248,110,46,105,447
282,9,3,11,5,48,102,129,105,447
282,132,45,11,5,19,20,21,140,447
282,9,3,498,28,358,84,21,140,447
282,9,3,11,5,48,122,21,140,447
282,132,45,11,5,442,353,240,105,447
282,132,45,360,37,7,33,46,105,447
282,9,3,11,5,48,381,46,105,447
282,9,3,498,28,231,86,46,105,447
282,9,88,38,34,17,63,46,105,447
282,132,30,128,31,57,1,21,140,447
282,132,30,128,31,16,15,61,105,447
282,9,88,38,430,30,20,21,140,447
282,9,88,38,34,0,1,21,140,447
282,132,30,128,31,72,20,21,140,447
282,9,88,38,216,182,26,21,140,447
282,9,88,38,34,152,1,21,140,447
282,9,88,38,34,0,7,33,140,447
282,132,30,128,31,74,20,21,140,447
282,9,88,38,281,3,1,21,140,447
282,9,88,38,34,0,23,33,140,447
282,132,45,355,161,1,35,33,140,447
282,9,88,38,281,3,8,267,140,447
282,9,88,38,34,0,438,21,140,447
282,9,3,11,28,46,170,33,140,447
282,132,45,11,5,0,438,21,140,447
282,132,172,51,48,7,37,240,105,447
282,9,3,11,28,46,52,21,140,447
282,9,88,38,135,122,48,61,105,447
282,132,426,100,1,431,190,33,140,447
282,9,3,0,1,21,52,46,105,447
282,9,3,4,301,100,1,21,140,447
282,132,426,100,1,441,131,33,140,447
282,9,316,0,56,44,1,21,140,447
282,9,3,4,301,100,8,267,140,447
282,132,426,100,1,5,473,33,140,447
282,9,316,0,160,51,48,61,105,447
282,9,316,0,56,44,23,33,140,447
282,132,426,100,1,97,80,46,105,447
282,132,426,100,1,5,15,61,105,447
282,9,316,0,239,352,8,267,140,447
282,9,316,0,160,51,130,46,105,447
282,132,426,100,1,9,176,33,140,447
282,132,426,100,1,5,48,61,105,447
282,9,316,0,260,271,80,46,105,447
282,9,316,0,239,211,121,33,140,447
282,132,426,100,1,0,7,33,140,447
282,132,426,100,1,9,270,483,105,447
282,132,426,100,1,5,60,33,140,447
282,9,316,0,380,383,23,33,140,447
282,9,316,0,260,100,1,21,140,447
282,132,426,100,1,3,8,267,140,447
282,132,426,100,1,0,23,33,140,447
282,132,426,100,1,9,292,46,105,447
282,132,426,100,1,5,86,46,105,447
282,9,316,0,260,100,8,267,140,447
282,132,426,100,1,317,8,267,140,447
282,132,426,100,1,0,438,21,140,447
282,132,426,100,1,5,270,483,105,447
282,132,426,100,1,111,385,33,140,447
282,9,316,0,50,44,1,21,140,447
282,132,426,100,1,5,433,46,105,447
282,132,426,100,1,22,7,33,140,447
282,9,316,0,50,44,23,33,140,447
282,9,3,4,257,11,49,46,105,447
282,132,426,100,1,44,23,33,140,447
282,9,316,0,34,152,1,21,140,447
282,9,3,4,257,11,118,21,140,447
282,132,426,100,1,157,307,33,140,447
282,132,426,100,8,1,7,33,140,447
282,9,3,4,257,11,499,129,105,447
282,132,426,100,1,93,8,267,140,447
282,132,426,100,8,1,15,61,105,447
282,9,316,0,34,38,165,46,105,447
282,132,426,100,1,191,8,267,140,447
282,132,426,100,8,1,35,33,140,447
282,9,316,0,24,272,7,33,140,447
282,132,426,100,1,236,60,33,140,447
282,9,1,8,10,356,28,46,105,447
282,9,3,1,21,26,8,267,140,447
282,132,172,215,28,46,52,21,140,447
282,9,1,8,10,16,104,300,105,447
282,9,3,1,21,20,7,33,140,447
282,9,3,11,440,28,231,461,105,447
282,9,1,8,10,120,35,33,140,447
282,9,1,8,10,16,15,61,105,447
282,9,3,1,21,122,48,61,105,447
282,9,3,8,93,1,35,33,140,447
282,9,3,13,67,28,231,461,105,447
282,9,3,0,5,157,307,33,140,447
282,9,3,98,28,15,1,21,140,447
282,9,3,1,161,5,15,61,105,447
282,9,3,0,5,51,48,61,105,447
282,9,3,0,5,157,1,21,140,447
282,9,3,1,475,11,118,21,140,447
282,9,3,1,161,5,48,61,105,447
282,9,3,0,5,83,8,267,140,447
282,9,3,0,5,51,130,46,105,447
282,9,3,1,188,5,15,61,105,447
282,9,3,1,475,11,28,46,105,447
282,9,3,1,161,5,60,33,140,447
282,9,3,0,5,127,1,21,140,447
282,9,3,1,169,109,219,21,140,447
282,9,3,1,188,5,48,61,105,447
282,9,3,1,475,11,49,46,105,447
282,9,3,1,161,5,86,46,105,447
282,9,3,0,5,161,1,21,140,447
282,9,3,1,127,5,48,61,105,447
282,9,3,1,188,5,60,33,140,447
282,9,3,1,475,11,499,129,105,447
282,9,3,1,161,5,270,483,105,447
282,9,3,0,5,188,1,21,140,447
282,9,3,1,296,95,20,21,140,447
282,9,3,1,127,5,15,61,105,447
282,9,3,1,188,5,86,46,105,447
282,9,3,1,161,5,433,46,105,447
282,9,3,1,134,73,84,21,140,447
282,9,3,1,127,5,60,33,140,447
282,9,3,1,188,5,270,483,105,447
282,9,3,1,161,5,473,33,140,447
282,9,3,1,57,31,80,46,105,447
282,9,3,1,134,180,176,33,140,447
282,9,3,1,127,5,86,46,105,447
282,9,3,1,188,5,433,46,105,447
282,9,3,1,108,97,80,46,105,447
282,9,3,1,57,65,60,33,140,447
282,9,3,1,127,5,270,483,105,447
282,9,3,1,188,5,473,33,140,447
282,9,3,1,21,52,46,33,140,447
282,9,3,1,127,5,433,46,105,447
282,9,32,197,412,0,7,33,140,447
282,9,3,1,69,117,80,46,105,447
282,9,3,1,127,5,473,33,140,447
282,9,32,197,412,0,23,33,140,447
282,9,3,1,69,232,23,33,140,447
282,9,3,98,28,46,170,33,140,447
282,9,32,197,412,0,438,21,140,447
282,9,3,1,69,114,7,33,140,447
282,9,3,98,28,46,52,21,140,447
282,9,32,382,1,8,26,21,140,447
282,9,3,1,69,275,63,46,105,447
282,9,3,4,0,7,37,240,105,447
282,9,1,226,86,5,60,33,140,447
282,9,32,11,440,28,15,61,105,447
282,9,3,4,0,7,48,61,105,447
282,9,1,226,86,5,433,46,105,447
282,9,32,11,440,28,231,461,105,447
282,132,172,51,136,158,190,33,140,447
282,9,1,226,86,5,473,33,140,447
282,9,270,5,48,7,37,240,105,447
282,9,32,11,440,28,46,33,140,447
282,132,45,166,35,1,15,61,105,447
282,9,77,228,8,100,1,7,33,140,447
282,9,1,0,175,23,144,28,46,105,447
282,9,3,13,5,0,94,263,46,105,447
282,9,1,475,11,28,481,52,46,105,447
282,9,3,0,7,33,35,1,21,140,447
282,9,1,475,11,28,231,86,46,105,447
282,9,77,228,8,317,1,7,33,140,447
282,9,3,8,191,1,5,473,33,140,447
282,9,3,11,19,5,48,7,33,140,447
282,9,3,8,191,1,35,110,46,105,447
282,132,30,229,6,3,8,1,21,140,447
282,9,3,8,191,1,35,33,46,105,447
282,9,77,228,8,148,0,438,21,140,447
282,9,77,228,8,191,1,7,33,140,447
282,9,3,11,19,20,7,1,21,140,447
282,9,3,11,19,5,60,33,46,105,447
282,132,30,286,5,1,7,33,46,105,447
282,9,38,34,0,438,21,52,46,105,447
282,132,30,229,6,17,0,1,21,140,447
282,132,30,229,6,17,63,163,46,105,447
282,9,1,475,11,28,46,170,33,140,447
282,132,30,229,6,17,63,46,33,140,447
282,132,30,229,6,3,0,1,21,140,447
282,9,270,5,19,284,20,7,33,140,447
282,132,30,229,6,3,1,7,33,140,447
282,9,38,68,37,70,26,8,267,140,447
282,9,1,317,8,267,140,33,46,105,447
282,132,30,229,6,211,237,35,33,140,447
282,132,30,229,6,211,121,33,46,105,447
282,9,176,33,23,265,7,37,240,105,447
282,132,172,51,5,86,226,1,21,140,447
282,9,3,6,0,1,15,28,46,105,447
282,9,176,180,134,1,21,52,46,105,447
282,132,172,51,5,86,231,28,46,105,447
282,9,3,11,19,5,86,231,461,105,447
282,9,270,5,19,11,49,46,33,140,447
282,9,270,5,19,24,73,84,21,140,447
282,132,30,229,6,225,26,8,267,140,447
282,9,3,6,0,1,78,20,21,140,447
282,9,270,5,19,390,424,23,33,140,447
282,9,3,6,0,1,35,110,46,105,447
282,9,3,6,0,1,35,33,46,105,447
282,9,270,5,19,390,15,1,21,140,447
282,132,30,229,6,18,5,48,61,105,447
282,9,3,11,19,20,497,37,240,105,447
282,132,172,51,5,86,46,52,21,140,447
282,132,30,229,6,394,263,46,33,140,447
282,9,1,5,13,3,0,438,21,140,447
282,9,1,5,13,3,8,26,21,140,447
282,9,3,11,19,24,73,84,21,140,447
282,9,270,5,19,11,3,8,267,140,447
282,132,30,229,6,0,7,1,21,140,447
282,9,1,8,87,418,244,28,46,105,447
282,132,30,229,6,0,7,33,46,105,447
282,9,3,13,5,51,130,46,33,140,447
282,9,493,48,5,0,3,8,267,140,447
282,132,172,51,269,20,7,33,46,105,447
282,132,30,286,5,1,8,26,21,140,447
282,132,30,124,143,223,88,218,46,105,447
282,9,1,5,13,320,26,8,267,140,447
282,132,30,229,6,0,23,104,300,105,447
282,9,270,5,15,61,48,102,129,105,447
282,132,30,124,143,0,1,7,33,140,447
282,132,30,229,6,0,23,33,46,105,447
282,9,1,5,13,31,16,104,300,105,447
282,9,1,8,243,128,30,20,21,140,447
282,9,1,5,13,31,80,46,33,140,447
282,132,30,229,6,0,3,8,267,140,447
282,9,1,5,13,119,112,446,46,105,447
282,9,3,13,5,1,7,37,240,105,447
282,9,1,5,13,67,28,15,61,105,447
282,9,3,13,5,1,7,33,46,105,447
282,9,1,5,13,67,28,46,33,140,447
282,9,1,21,26,70,415,35,33,140,447
282,9,3,11,19,5,433,46,33,140,447
282,9,1,21,20,7,48,102,129,105,447
282,9,1,5,13,23,337,48,61,105,447
282,9,1,5,13,23,104,131,33,140,447
282,9,1,15,16,183,28,46,33,140,447
282,9,1,8,243,408,21,52,46,105,447
282,132,30,124,143,0,7,1,21,140,447
282,9,316,0,17,27,23,104,300,105,447
282,9,316,0,17,27,23,33,46,105,447
282,9,493,48,5,0,23,33,46,105,447
282,9,1,21,20,7,478,130,46,105,447
282,9,3,4,0,438,21,52,46,105,447
282,132,30,124,143,0,7,33,46,105,447
282,9,3,281,38,68,37,7,33,140,447
282,9,493,48,5,0,23,104,300,105,447
282,9,1,7,48,5,86,231,461,105,447
282,9,3,13,5,1,8,26,21,140,447
282,9,32,145,28,46,381,48,61,105,447
282,9,316,0,17,186,131,104,300,105,447
282,9,316,0,17,186,131,33,46,105,447
282,9,38,68,37,200,7,1,21,140,447
282,9,3,11,19,5,0,1,21,140,447
282,9,1,236,60,195,131,33,46,105,447
282,9,1,236,60,449,332,104,300,105,447
282,132,426,100,8,26,21,52,46,105,447
282,9,3,281,38,88,218,46,33,140,447
282,132,30,124,143,0,23,104,300,105,447
282,9,316,0,17,6,394,263,46,105,447
282,9,316,0,17,6,37,7,33,140,447
282,9,316,0,17,186,387,28,46,105,447
282,132,426,100,8,26,70,37,240,105,447
282,9,3,1,35,33,46,52,21,140,447
282,9,316,0,17,186,439,33,46,105,447
282,132,30,124,143,0,23,33,46,105,447
282,9,3,281,38,34,152,1,21,140,447
282,9,3,13,5,1,15,28,46,105,447
282,9,3,281,38,135,122,48,61,105,447
282,9,316,0,17,34,38,121,33,140,447
282,9,316,0,17,64,23,104,300,105,447
282,9,3,11,19,20,7,33,46,105,447
282,9,1,236,60,195,131,104,300,105,447
282,9,1,100,8,267,140,33,46,105,447
282,9,316,0,17,64,23,33,46,105,447
282,9,316,0,5,15,1,7,33,140,447
282,132,30,124,143,0,3,8,267,140,447
282,9,1,5,13,23,33,170,46,105,447
282,9,316,0,5,15,158,190,33,140,447
282,9,316,0,5,15,28,231,461,105,447
282,9,38,68,37,487,1,7,33,140,447
282,9,3,11,19,5,473,33,46,105,447
282,9,3,13,5,1,93,8,267,140,447
282,9,316,0,5,15,28,46,33,140,447
282,9,32,11,475,1,21,52,46,105,447
282,9,3,13,5,1,35,110,46,105,447
282,132,30,20,204,44,23,104,300,105,447
282,9,3,13,5,1,35,33,46,105,447
282,132,30,20,204,44,23,33,46,105,447
282,132,30,229,6,37,70,393,129,105,447
282,132,45,11,28,46,381,48,61,105,447
282,132,30,229,6,37,102,48,61,105,447
282,132,45,319,17,186,387,28,46,105,447
282,132,30,20,310,157,5,270,483,105,447
282,132,30,20,310,157,307,33,46,105,447
282,132,30,20,249,70,37,7,33,140,447
282,9,3,13,5,157,307,33,46,105,447
282,132,30,20,249,70,415,35,33,140,447
282,132,30,20,74,94,0,1,21,140,447
282,132,30,20,74,94,263,46,33,140,447
282,9,38,68,37,200,7,33,46,105,447
282,132,30,20,269,51,5,270,483,105,447
282,132,30,20,269,51,130,46,33,140,447
282,9,3,13,5,51,136,28,46,105,447
282,132,30,20,72,404,28,46,33,140,447
282,132,30,20,19,5,60,33,46,105,447
282,9,1,3,0,175,23,33,46,105,447
282,132,30,20,204,44,1,7,33,140,447
282,132,30,20,74,31,80,46,33,140,447
282,9,3,13,5,51,48,7,33,140,447
282,132,30,20,74,31,13,23,33,140,447
282,132,30,20,74,363,5,473,33,140,447
282,132,30,20,95,70,37,7,33,140,447
282,9,3,13,5,11,475,1,21,140,447
282,132,30,20,19,69,359,480,129,105,447
282,132,30,20,19,69,1,7,33,140,447
282,9,3,13,5,83,220,1,21,140,447
282,132,30,20,19,5,1,7,33,140,447
282,9,3,6,0,17,63,163,46,105,447
282,9,1,3,0,175,23,104,300,105,447
282,132,30,20,72,31,13,23,33,140,447
282,132,45,11,5,433,46,52,21,140,447
282,132,30,20,375,156,35,33,46,105,447
282,132,30,20,375,156,35,1,21,140,447
282,132,30,20,95,296,1,7,33,140,447
282,132,30,20,95,209,413,455,129,105,447
282,9,493,48,122,21,140,33,46,105,447
282,132,45,85,244,28,46,170,33,140,447
282,132,30,20,95,70,26,8,267,140,447
282,9,3,6,0,17,63,46,33,140,447
282,132,30,20,19,5,15,1,21,140,447
282,132,30,20,72,31,80,46,33,140,447
282,132,30,20,464,79,55,26,21,140,447
282,132,30,20,464,79,37,7,33,140,447
282,132,30,20,95,70,415,35,33,140,447
282,132,30,20,19,24,73,84,21,140,447
282,132,30,20,72,192,384,131,33,140,447
282,132,30,20,19,390,424,23,33,140,447
282,132,30,20,19,390,15,1,21,140,447
282,132,30,20,284,19,11,499,129,105,447
282,132,30,20,19,11,28,46,33,140,447
282,132,30,20,19,11,28,15,61,105,447
282,132,30,20,19,5,48,7,33,140,447
282,9,3,13,5,161,1,7,33,140,447
282,9,176,33,23,41,28,15,61,105,447
282,9,1,22,112,37,7,33,46,105,447
282,9,1,22,112,37,7,20,21,140,447
282,9,1,3,0,5,60,33,46,105,447
282,132,30,20,19,11,49,46,33,140,447
282,9,1,3,0,6,394,263,46,105,447
282,132,30,20,19,5,86,231,461,105,447
282,132,30,20,19,5,86,46,33,140,447
282,9,1,3,0,6,37,7,33,140,447
282,132,30,20,19,11,3,8,267,140,447
282,9,3,13,5,127,1,7,33,140,447
282,9,176,33,23,337,48,122,21,140,447
282,9,1,3,281,38,141,46,33,140,447
282,9,38,68,37,345,292,46,33,140,447
282,132,45,53,38,165,46,52,21,140,447
282,9,32,178,23,150,104,131,33,140,447
282,9,1,5,51,136,158,15,61,105,447
282,132,30,20,19,5,433,46,33,140,447
282,9,3,13,5,161,227,1,21,140,447
282,132,172,51,269,20,7,1,21,140,447
282,9,1,3,0,5,86,46,33,140,447
282,9,32,178,23,337,48,7,33,140,447
282,132,30,20,19,5,0,1,21,140,447
282,9,1,3,0,5,86,231,461,105,447
282,9,1,3,0,239,352,8,267,140,447
282,132,30,20,19,5,473,33,46,105,447
282,9,1,3,0,17,101,28,46,105,447
282,9,32,178,23,44,204,20,21,140,447
282,9,32,178,23,44,1,7,33,140,447
282,9,3,4,0,24,73,84,21,140,447
282,9,3,13,5,83,8,1,21,140,447
282,9,1,3,0,17,63,163,46,105,447
282,9,1,3,13,320,26,8,267,140,447
282,9,1,3,0,17,63,46,33,140,447
282,9,482,155,91,10,8,1,21,140,447
282,9,3,13,5,157,174,48,61,105,447
282,9,1,3,13,23,337,48,61,105,447
282,9,32,178,23,265,7,1,21,140,447
282,9,32,178,23,265,7,33,46,105,447
282,9,482,155,91,306,13,23,33,140,447
282,132,423,233,234,20,7,1,21,140,447
282,132,423,233,71,116,1,7,33,140,447
282,132,423,233,2,0,1,7,33,140,447
282,9,1,236,60,5,86,231,461,105,447
282,132,30,286,5,1,35,110,46,105,447
282,132,45,11,499,129,102,48,61,105,447
282,9,482,155,91,22,1,7,33,140,447
282,9,482,155,91,10,16,104,300,105,447
282,9,1,3,13,23,104,131,33,140,447
282,9,316,0,6,394,263,46,33,140,447
282,9,1,3,0,5,433,46,33,140,447
282,132,172,51,160,0,1,7,33,140,447
282,9,1,3,13,23,33,170,46,105,447
282,9,482,155,91,22,112,446,46,105,447
282,9,482,155,91,22,7,1,21,140,447
282,9,1,161,450,88,218,46,33,140,447
282,9,482,155,91,22,7,33,46,105,447
282,9,1,161,450,88,38,121,33,140,447
282,9,32,178,23,40,11,28,46,105,447
282,9,32,178,23,40,153,33,46,105,447
282,9,316,0,6,17,101,28,46,105,447
282,9,32,178,23,0,3,8,267,140,447
282,132,423,233,71,302,48,7,33,140,447
282,9,1,0,148,405,331,35,33,140,447
282,9,316,0,6,17,63,163,46,105,447
282,9,32,178,23,424,390,15,61,105,447
282,9,32,178,23,41,106,63,46,105,447
282,9,316,0,6,17,63,46,33,140,447
282,9,32,178,23,41,28,15,61,105,447
282,9,32,178,23,41,28,46,33,140,447
282,132,45,11,5,0,1,7,33,140,447
282,9,1,5,11,49,46,52,21,140,447
282,9,1,3,0,5,11,499,129,105,447
282,9,1,3,0,5,473,33,46,105,447
282,9,3,13,5,157,1,7,33,140,447
282,132,45,11,5,473,33,170,46,105,447
282,132,30,430,38,43,37,7,33,140,447
282,9,1,161,355,45,470,20,21,140,447
282,132,30,20,78,1,8,26,21,140,447
282,9,3,6,0,17,101,28,46,105,447
282,9,1,161,264,136,51,130,46,105,447
282,9,1,161,264,136,28,15,61,105,447
282,132,30,430,38,68,37,7,33,140,447
282,132,423,233,71,47,55,26,21,140,447
282,9,3,13,5,188,1,7,33,140,447
282,9,38,281,3,1,21,52,46,105,447
282,132,30,286,5,1,35,33,46,105,447
282,9,1,161,264,136,28,46,33,140,447
282,132,30,20,78,1,15,28,46,105,447
282,9,77,35,1,15,5,433,46,105,447
282,9,316,0,6,211,237,35,33,140,447
282,132,30,430,38,88,9,270,483,105,447
282,132,30,430,38,88,218,46,33,140,447
282,132,30,20,78,1,487,37,240,105,447
282,132,30,20,78,1,35,110,46,105,447
282,132,423,233,2,62,7,1,21,140,447
282,9,1,7,265,23,33,170,46,105,447
282,9,316,0,6,211,121,33,46,105,447
282,132,30,20,78,1,35,33,46,105,447
282,132,30,430,38,135,122,48,61,105,447
282,132,423,233,2,62,7,33,46,105,447
282,132,45,19,5,1,8,26,21,140,447
282,132,45,164,1,21,26,8,267,140,447
282,132,30,20,7,1,8,26,21,140,447
282,132,30,430,38,34,0,7,33,140,447
282,9,3,1,0,99,80,46,33,140,447
282,9,270,5,48,51,136,28,46,105,447
282,9,1,22,112,37,497,20,21,140,447
282,132,30,430,38,401,23,104,300,105,447
282,132,30,430,38,401,23,33,46,105,447
282,132,45,164,1,21,52,46,33,140,447
282,132,30,20,7,1,15,28,46,105,447
282,9,77,35,1,15,28,231,461,105,447
282,132,30,20,7,37,112,446,46,105,447
282,9,77,35,1,15,28,46,33,140,447
282,132,30,20,7,37,102,48,61,105,447
282,9,3,4,0,5,86,46,33,140,447
282,132,172,51,262,27,17,63,46,105,447
282,132,30,20,7,1,35,110,46,105,447
282,132,30,20,7,1,487,37,240,105,447
282,132,30,20,7,1,35,33,46,105,447
282,9,3,6,0,175,23,104,300,105,447
282,9,316,0,7,1,8,26,21,140,447
282,9,3,11,5,433,46,52,21,140,447
282,9,316,0,6,3,1,7,33,140,447
282,132,45,19,5,1,15,28,46,105,447
282,9,3,1,0,5,48,7,33,140,447
282,9,3,13,5,491,310,20,21,140,447
282,9,3,250,406,444,287,1,21,140,447
282,132,45,19,5,270,9,1,21,140,447
282,9,1,161,5,15,158,190,33,140,447
282,9,316,0,7,1,15,28,46,105,447
282,132,30,430,38,9,1,7,33,140,447
282,9,1,161,5,15,28,231,461,105,447
282,9,316,0,7,1,487,37,240,105,447
282,9,1,161,5,15,28,46,33,140,447
282,9,316,0,7,1,35,110,46,105,447
282,9,316,0,7,1,35,33,46,105,447
282,132,30,286,5,1,487,37,240,105,447
282,9,1,15,16,104,23,33,46,105,447
282,9,316,0,6,229,30,20,21,140,447
282,132,30,430,38,9,176,33,46,105,447
282,9,3,0,24,298,44,1,21,140,447
282,9,316,0,6,225,26,8,267,140,447
282,9,3,0,24,272,7,1,21,140,447
282,9,3,0,24,272,7,33,46,105,447
282,132,30,430,38,9,3,8,267,140,447
282,132,423,233,2,0,7,33,46,105,447
282,132,423,233,2,10,8,1,21,140,447
282,9,316,0,6,3,11,499,129,105,447
282,132,30,430,38,9,292,46,33,140,447
282,9,316,0,6,3,8,1,21,140,447
282,9,3,6,37,7,62,353,240,105,447
282,9,3,6,37,7,48,102,129,105,447
282,9,270,5,48,61,15,1,21,140,447
282,132,45,19,5,1,487,37,240,105,447
282,9,1,7,265,23,104,131,33,140,447
282,132,45,19,5,1,35,110,46,105,447
282,132,423,233,2,0,7,1,21,140,447
282,9,3,250,211,121,38,141,46,105,447
282,132,45,19,5,1,35,33,46,105,447
282,9,1,3,0,7,33,170,46,105,447
282,9,3,59,28,46,381,48,61,105,447
282,9,1,15,16,10,8,26,21,140,447
282,9,1,7,265,23,41,28,46,105,447
282,9,1,0,7,265,23,104,300,105,447
282,132,423,233,234,20,497,37,240,105,447
282,9,3,6,0,56,44,23,33,140,447
282,9,1,3,11,118,21,52,46,105,447
282,9,38,135,122,21,140,33,46,105,447
282,9,1,0,7,265,23,33,46,105,447
282,132,45,11,3,8,1,7,33,140,447
282,9,3,47,71,116,1,7,33,140,447
282,9,1,0,7,459,424,23,33,140,447
282,9,1,0,7,200,484,8,267,140,447
282,9,316,0,6,37,7,1,21,140,447
282,9,1,0,7,200,37,102,129,105,447
282,132,423,233,2,29,26,8,267,140,447
282,9,1,5,48,61,105,46,33,140,447
282,132,45,11,3,8,191,1,21,140,447
282,9,1,15,113,4,0,438,21,140,447
282,9,316,0,6,37,7,33,46,105,447
282,132,423,233,2,12,115,20,21,140,447
282,9,1,3,0,7,37,102,129,105,447
282,9,3,8,484,200,37,7,33,140,447
282,9,1,22,112,37,102,48,61,105,447
282,132,423,233,2,0,23,33,46,105,447
282,9,1,22,7,33,35,110,46,105,447
282,132,172,51,48,61,105,46,33,140,447
282,9,270,5,0,99,80,46,33,140,447
282,9,1,15,390,19,5,270,483,105,447
282,9,3,8,228,77,35,1,21,140,447
282,9,3,47,312,78,20,7,33,140,447
282,9,3,8,228,77,35,33,46,105,447
282,9,3,8,484,200,7,1,21,140,447
282,9,3,8,484,200,7,33,46,105,447
282,132,423,233,2,0,23,104,300,105,447
282,9,3,47,55,26,21,52,46,105,447
282,9,1,15,390,19,20,7,33,140,447
282,9,3,47,71,50,235,7,33,140,447
282,9,270,5,0,175,23,104,300,105,447
282,9,270,5,0,175,23,33,46,105,447
282,132,423,233,2,10,16,104,300,105,447
282,9,3,47,71,302,48,7,33,140,447
282,9,3,8,391,397,16,15,61,105,447
282,9,3,8,391,340,35,1,21,140,447
282,9,3,0,1,22,112,37,240,105,447
282,9,1,5,19,390,424,23,33,140,447
282,9,3,13,23,265,7,1,21,140,447
282,9,38,68,37,112,446,46,33,140,447
282,9,1,7,200,484,8,26,21,140,447
282,132,45,53,38,43,37,7,33,140,447
282,9,270,5,0,6,394,263,46,105,447
282,9,270,5,0,6,37,7,33,140,447
282,9,1,3,0,23,33,170,46,105,447
282,9,3,8,391,340,35,33,46,105,447
282,9,3,8,148,405,331,35,33,140,447
282,9,3,8,148,0,1,7,33,140,447
282,9,270,5,0,56,44,23,33,140,447
282,9,270,5,0,17,101,28,46,105,447
282,9,270,5,0,17,63,163,46,105,447
282,9,270,5,0,17,63,46,33,140,447
282,9,3,8,352,239,0,1,21,140,447
282,9,3,8,213,103,17,63,46,105,447
282,132,423,233,2,0,3,8,267,140,447
282,132,45,53,38,9,1,7,33,140,447
282,9,3,47,154,12,5,86,46,105,447
282,9,3,8,148,0,7,1,21,140,447
282,9,3,47,410,30,16,104,300,105,447
282,9,3,8,148,0,7,33,46,105,447
282,9,3,8,83,220,1,7,33,140,447
282,9,1,5,60,33,7,37,240,105,447
282,9,1,15,349,52,46,170,33,140,447
282,9,3,47,410,30,20,7,33,140,447
282,9,3,8,148,0,23,104,300,105,447
282,9,3,8,148,0,23,33,46,105,447
282,9,38,121,33,46,28,231,461,105,447
282,9,3,47,312,78,1,7,33,140,447
282,9,3,8,148,0,5,270,483,105,447
282,9,38,68,37,159,276,84,21,140,447
282,9,1,5,51,160,0,438,21,140,447
282,9,3,13,23,40,11,28,46,105,447
282,9,1,191,8,267,140,33,46,105,447
282,132,45,53,38,68,37,7,33,140,447
282,9,1,5,18,453,28,15,61,105,447
282,9,1,5,18,453,28,46,33,140,447
282,9,292,46,86,5,48,7,33,140,447
282,9,3,8,83,5,1,7,33,140,447
282,132,30,16,31,13,23,33,46,105,447
282,9,3,327,22,7,0,1,21,140,447
282,9,3,75,303,47,16,15,61,105,447
282,9,1,5,286,429,48,7,33,140,447
282,9,1,5,18,6,394,263,46,105,447
282,132,423,233,234,20,7,33,46,105,447
282,9,1,5,18,6,37,7,33,140,447
282,132,45,53,38,9,176,33,46,105,447
282,9,3,8,83,5,15,1,21,140,447
282,9,493,48,381,46,28,231,461,105,447
282,9,3,250,406,17,63,46,33,140,447
282,9,3,250,406,17,63,163,46,105,447
282,9,1,157,416,3,0,438,21,140,447
282,9,3,11,28,231,86,46,33,140,447
282,9,1,5,309,272,7,37,240,105,447
282,9,1,5,309,272,7,33,46,105,447
282,9,1,157,416,3,8,26,21,140,447
282,9,1,5,286,30,16,104,300,105,447
282,9,1,5,286,30,20,7,33,140,447
282,132,45,319,17,101,28,15,61,105,447
282,9,1,100,8,26,21,52,46,105,447
282,132,45,53,38,88,9,270,483,105,447
282,132,45,53,38,88,218,46,33,140,447
282,9,3,8,83,5,48,7,33,140,447
282,9,1,7,48,5,83,8,267,140,447
282,9,1,7,459,424,390,15,61,105,447
282,132,45,53,38,9,3,8,267,140,447
282,9,1,5,362,299,144,28,46,105,447
282,9,1,5,362,299,37,7,33,140,447
282,9,1,5,19,45,470,20,21,140,447
282,9,3,13,23,41,106,63,46,105,447
282,9,3,13,23,40,153,33,46,105,447
282,9,1,21,20,7,33,170,46,105,447
282,9,1,7,459,424,23,33,46,105,447
282,132,45,53,38,9,292,46,33,140,447
282,9,3,8,83,5,60,33,46,105,447
282,9,3,75,31,80,97,1,21,140,447
282,9,1,157,476,299,144,28,46,105,447
282,9,1,157,476,299,37,7,33,140,447
282,9,1,5,436,383,23,104,300,105,447
282,9,1,5,51,136,28,46,33,140,447
282,9,1,236,60,5,433,46,33,140,447
282,9,3,392,1,21,140,33,46,105,447
282,9,1,5,436,383,23,33,46,105,447
282,9,1,7,459,424,23,104,300,105,447
282,9,1,5,66,210,38,141,46,105,447
282,9,3,13,23,265,7,33,46,105,447
282,132,45,11,499,129,105,46,33,140,447
282,9,1,5,66,65,60,33,46,105,447
282,132,45,53,38,135,122,48,61,105,447
282,9,3,13,23,41,28,46,33,140,447
282,9,1,5,51,269,20,7,33,140,447
282,132,45,11,5,60,195,131,33,140,447
282,9,3,8,83,5,433,46,33,140,447
282,9,270,5,19,20,497,37,240,105,447
282,9,1,5,126,427,7,37,240,105,447
282,9,1,5,48,96,109,219,21,140,447
282,9,1,5,126,427,7,33,46,105,447
282,9,3,8,83,5,0,1,21,140,447
282,9,3,287,323,27,17,63,46,105,447
282,9,3,8,83,5,473,33,46,105,447
282,9,3,287,323,27,23,104,300,105,447
282,9,3,13,23,41,28,15,61,105,447
282,9,3,287,323,27,23,33,46,105,447
282,9,1,5,291,136,51,130,46,105,447
282,9,1,5,291,136,28,15,61,105,447
282,9,1,5,291,136,28,46,33,140,447
282,9,1,5,126,214,43,37,240,105,447
282,9,270,5,19,20,7,1,21,140,447
282,9,1,157,253,372,3,8,267,140,447
282,9,1,5,126,101,17,63,46,105,447
282,9,1,5,126,101,28,15,61,105,447
282,9,270,5,19,20,7,33,46,105,447
282,9,1,5,126,101,28,46,33,140,447
282,9,1,157,253,13,3,8,267,140,447
282,9,3,13,23,44,1,7,33,140,447
282,9,1,5,19,11,28,15,61,105,447
282,132,172,51,5,1,7,37,240,105,447
282,9,1,157,253,13,23,104,300,105,447
282,9,1,5,363,74,31,80,46,105,447
282,9,1,5,363,74,20,7,33,140,447
282,9,1,157,253,13,23,33,46,105,447
282,9,1,93,8,267,140,33,46,105,447
282,9,3,6,37,487,1,7,33,140,447
282,132,45,53,38,34,152,1,21,140,447
282,132,45,53,38,401,23,104,300,105,447
282,9,1,5,491,310,157,307,33,140,447
282,9,1,5,19,284,20,7,33,140,447
282,132,45,53,38,401,23,33,46,105,447
282,9,1,5,491,310,20,7,33,140,447
282,9,3,287,444,406,17,63,46,105,447
282,9,3,6,37,43,38,141,46,105,447
282,9,3,6,37,112,22,1,21,140,447
282,9,3,8,1,15,5,433,46,105,447
282,9,3,6,37,112,446,46,33,140,447
282,9,1,5,371,466,424,23,33,140,447
282,9,3,8,1,15,28,231,461,105,447
282,9,3,287,324,11,28,15,61,105,447
282,9,1,5,12,39,28,15,61,105,447
282,9,3,13,23,44,204,20,21,140,447
282,9,292,46,86,5,0,7,33,140,447
282,9,1,236,60,5,86,46,33,140,447
282,9,1,3,0,23,144,28,46,105,447
282,9,1,5,12,39,28,46,33,140,447
282,9,3,287,324,11,28,46,33,140,447
282,132,172,51,5,1,7,33,46,105,447
282,9,3,8,1,15,28,46,33,140,447
282,9,1,5,12,115,20,7,33,140,447
282,9,1,0,7,48,337,23,33,140,447
282,9,1,5,19,11,28,46,33,140,447
282,9,270,5,48,61,105,46,33,140,447
282,9,32,11,499,129,105,46,33,140,447
282,9,1,0,7,48,381,46,33,140,447
282,9,1,3,0,23,104,131,33,140,447
282,9,1,5,12,90,111,385,33,140,447
282,9,1,5,12,90,28,15,61,105,447
282,9,1,7,0,23,144,28,46,105,447
282,132,172,51,5,0,1,7,33,140,447
282,9,1,5,12,90,28,46,33,140,447
282,9,3,0,17,34,38,121,33,140,447
282,9,3,0,17,64,23,104,300,105,447
282,9,3,0,17,64,23,33,46,105,447
282,9,3,0,1,22,7,37,240,105,447
282,9,3,8,10,120,35,33,46,105,447
282,9,1,5,19,11,3,8,267,140,447
282,9,1,5,19,390,15,28,46,105,447
282,132,45,11,332,104,23,33,46,105,447
282,9,3,287,1,21,140,33,46,105,447
282,9,1,5,11,3,0,438,21,140,447
282,9,1,5,11,3,8,26,21,140,447
282,9,1,5,12,208,166,35,33,140,447
282,9,3,250,347,7,37,102,129,105,447
282,9,1,157,5,51,48,7,33,140,447
282,9,1,5,12,107,7,33,46,105,447
282,9,1,5,12,107,7,37,240,105,447
282,9,1,5,11,259,329,84,21,140,447
282,9,1,7,200,207,41,28,46,105,447
282,9,1,5,11,259,37,7,33,140,447
282,9,1,157,5,0,7,37,240,105,447
282,9,32,11,19,69,359,480,129,105,447
282,9,3,13,23,337,48,7,33,140,447
282,9,1,0,7,33,35,110,46,105,447
282,9,1,7,0,23,104,131,33,140,447
282,9,32,11,19,69,1,7,33,140,447
282,9,3,250,370,203,63,163,46,105,447
282,9,1,157,5,0,7,33,46,105,447
282,9,3,8,1,487,37,7,33,140,447
282,9,3,6,0,5,86,46,33,140,447
282,9,1,5,11,40,23,104,300,105,447
282,9,1,5,11,40,23,33,46,105,447
282,132,45,19,5,1,21,52,46,105,447
282,9,32,11,19,284,20,7,33,140,447
282,9,1,5,19,11,49,46,33,140,447
282,132,45,166,35,1,21,52,46,105,447
282,132,172,51,5,0,7,1,21,140,447
282,9,1,5,11,332,449,60,33,140,447
282,9,1,5,11,332,104,23,33,140,447
282,9,3,250,370,203,63,46,33,140,447
282,9,1,5,11,40,153,33,46,105,447
282,132,172,51,5,0,7,33,46,105,447
282,9,32,11,19,24,73,84,21,140,447
282,9,32,11,19,390,424,23,33,140,447
282,9,176,33,170,46,28,231,461,105,447
282,9,1,317,8,484,200,7,33,140,447
282,9,3,6,0,5,48,7,33,140,447
282,9,292,46,170,33,23,104,300,105,447
282,9,32,11,19,390,15,1,21,140,447
282,9,1,5,11,19,284,20,21,140,447
282,9,3,287,324,11,49,46,33,140,447
282,9,1,5,11,19,20,7,33,140,447
282,9,3,250,370,203,111,1,21,140,447
282,9,3,8,1,35,110,46,33,140,447
282,9,3,13,23,150,104,131,33,140,447
282,9,270,5,157,307,33,170,46,105,447
282,9,1,157,5,51,136,28,46,105,447
282,9,1,15,28,481,52,46,33,140,447
282,9,1,5,11,139,359,480,129,105,447
282,9,1,5,11,440,28,15,61,105,447
282,9,1,5,11,440,28,46,33,140,447
282,9,3,416,157,1,21,52,46,105,447
282,9,1,157,5,51,130,46,33,140,447
282,9,1,15,28,41,106,63,46,105,447
282,9,1,157,5,0,94,263,46,105,447
282,9,1,15,28,41,23,104,300,105,447
282,9,1,15,28,41,23,33,46,105,447
282,9,3,6,0,5,86,231,461,105,447
282,9,3,13,23,357,236,60,33,140,447
282,9,3,8,1,35,33,170,46,105,447
