64,23,232
64,17,27,23,232
64,17,0,23,232
64,23,0,1,69,232
64,17,63,275,69,232
64,17,0,1,69,232
64,17,313,19,69,232
64,17,0,175,23,232
64,23,44,1,69,232
64,17,6,0,23,232
64,23,0,316,403,232
64,17,34,0,23,232
64,17,0,316,403,232
64,17,76,19,69,232
64,23,175,0,316,403,232
64,17,63,46,33,23,232
64,17,6,3,1,69,232
64,23,175,0,1,69,232
64,17,63,106,41,23,232
64,17,6,173,114,69,232
64,17,6,3,0,23,232
64,17,6,0,1,69,232
64,23,0,3,1,69,232
64,17,6,3,13,23,232
64,17,0,1,44,23,232
64,17,34,38,401,23,232
64,17,6,0,175,23,232
64,23,0,24,19,69,232
64,17,34,0,1,69,232
64,17,0,3,13,23,232
64,17,34,0,175,23,232
64,17,0,24,19,69,232
64,17,0,3,1,69,232
64,17,34,0,316,403,232
64,17,0,50,44,23,232
64,17,319,45,19,69,232
64,17,0,56,44,23,232
64,17,101,28,144,23,232
64,17,0,5,13,23,232
64,17,167,293,1,69,232
64,17,101,28,41,23,232
64,17,0,380,383,23,232
64,17,0,5,1,69,232
64,17,103,278,13,23,232
64,17,76,162,44,23,232
64,17,0,7,33,23,232
64,17,0,5,19,69,232
64,17,186,131,33,23,232
64,17,0,7,1,69,232
64,17,34,152,1,69,232
64,23,13,224,114,69,232
64,17,179,45,19,69,232
64,17,186,439,33,23,232
64,17,186,131,104,23,232
64,17,0,7,114,69,232
64,17,6,0,316,403,232
64,17,0,7,265,23,232
64,23,40,11,19,69,232
64,23,13,5,19,69,232
64,23,357,236,1,69,232
64,23,40,11,255,69,232
64,23,13,3,1,69,232
64,23,13,5,1,69,232
64,23,424,390,19,69,232
64,23,0,5,1,69,232
64,23,33,7,1,69,232
64,23,0,7,1,69,232
64,23,0,5,19,69,232
64,23,265,7,1,69,232
64,23,33,35,1,69,232
64,23,33,7,114,69,232
64,23,0,7,114,69,232
64,23,265,7,114,69,232
64,17,0,24,298,44,23,232
64,17,186,131,104,150,23,232
64,23,44,50,0,316,403,232
64,23,40,11,139,359,69,232
64,23,13,168,45,19,69,232
64,23,13,3,0,316,403,232
64,23,13,5,0,1,69,232
64,17,0,7,22,1,69,232
64,23,175,420,97,1,69,232
64,23,44,1,5,19,69,232
64,17,0,3,1,44,23,232
64,23,424,459,7,1,69,232
64,17,34,0,3,13,23,232
64,23,424,390,15,1,69,232
64,17,186,131,441,1,69,232
64,17,0,3,25,19,69,232
64,17,6,3,1,0,23,232
64,17,27,23,0,1,69,232
64,17,6,0,3,13,23,232
64,17,319,45,11,19,69,232
64,23,0,50,44,1,69,232
64,17,63,378,171,40,23,232
64,23,0,5,15,1,69,232
64,17,0,50,44,1,69,232
64,17,34,0,1,44,23,232
64,17,0,56,44,1,69,232
64,23,383,380,0,316,403,232
64,23,33,473,5,1,69,232
64,23,175,0,3,1,69,232
64,17,101,126,5,0,23,232
64,23,33,7,0,316,403,232
64,23,175,0,24,19,69,232
64,17,101,126,5,1,69,232
64,23,33,7,20,19,69,232
64,23,33,7,0,1,69,232
64,23,175,0,5,1,69,232
64,17,101,126,5,13,23,232
64,23,33,7,347,350,373,232
64,23,175,0,7,1,69,232
64,23,175,0,5,19,69,232
64,17,101,126,5,19,69,232
64,23,33,7,22,1,69,232
64,23,175,0,7,114,69,232
64,17,6,173,202,206,23,232
64,23,0,1,7,114,69,232
64,23,0,7,347,350,373,232
64,23,265,7,0,316,403,232
64,23,0,1,5,19,69,232
64,23,0,7,22,1,69,232
64,23,265,7,347,350,373,232
64,23,265,7,0,1,69,232
64,23,0,1,9,316,403,232
64,23,0,7,20,19,69,232
64,23,265,7,22,1,69,232
64,17,0,23,44,1,69,232
64,17,63,46,28,41,23,232
64,23,265,7,20,19,69,232
64,17,6,37,487,1,69,232
64,23,44,56,0,1,69,232
64,17,63,46,80,117,69,232
64,17,63,46,28,144,23,232
64,17,6,18,5,19,69,232
64,17,6,37,7,114,69,232
64,23,44,298,24,19,69,232
64,23,44,56,0,316,403,232
64,17,63,46,170,33,23,232
64,17,6,229,30,36,23,232
64,17,6,18,5,0,23,232
64,17,6,37,299,144,23,232
64,17,6,37,7,0,23,232
64,23,44,162,76,19,69,232
64,23,44,50,0,1,69,232
64,17,6,199,108,1,69,232
64,17,6,18,5,1,69,232
64,17,6,37,7,1,69,232
64,23,44,204,20,19,69,232
64,23,40,11,5,19,69,232
64,17,167,92,45,19,69,232
64,17,6,42,4,0,23,232
64,17,6,18,5,13,23,232
64,17,6,37,7,33,23,232
64,23,13,31,57,1,69,232
64,23,40,11,45,19,69,232
64,23,40,11,5,1,69,232
64,17,167,92,78,1,69,232
64,17,101,28,11,19,69,232
64,17,167,293,1,0,23,232
64,23,0,316,9,1,69,232
64,23,13,3,9,316,403,232
64,23,13,3,0,1,69,232
64,17,6,205,380,383,23,232
64,17,6,37,7,265,23,232
64,23,13,5,11,19,69,232
64,23,13,5,0,316,403,232
64,23,13,253,157,1,69,232
64,23,13,31,80,117,69,232
64,17,0,7,48,337,23,232
64,23,40,11,3,1,69,232
64,17,6,0,1,44,23,232
64,17,101,28,15,1,69,232
64,17,101,28,11,40,23,232
64,17,167,293,1,44,23,232
64,17,27,323,287,1,69,232
64,23,44,1,7,114,69,232
64,23,13,3,25,19,69,232
64,23,13,3,9,1,69,232
64,17,0,5,1,44,23,232
64,17,6,211,239,0,23,232
64,17,6,3,0,1,69,232
64,17,103,434,385,33,23,232
64,23,424,459,7,114,69,232
64,17,6,205,380,0,23,232
64,23,13,5,15,1,69,232
64,23,13,5,11,255,69,232
64,17,76,162,44,1,69,232
64,17,34,0,24,19,69,232
64,17,34,0,3,1,69,232
64,17,0,7,347,350,373,232
64,23,0,3,9,316,403,232
64,17,6,3,4,0,23,232
64,23,40,11,475,1,69,232
64,17,0,457,252,350,373,232
64,17,101,28,46,33,23,232
64,17,0,5,11,19,69,232
64,17,0,3,9,316,403,232
64,17,101,28,11,255,69,232
64,17,6,3,1,44,23,232
64,17,0,1,236,357,23,232
64,17,0,316,9,1,69,232
64,17,27,23,44,1,69,232
64,17,27,23,0,316,403,232
64,23,44,1,0,316,403,232
64,23,13,3,8,1,69,232
64,17,6,0,50,44,23,232
64,17,6,0,3,1,69,232
64,17,6,0,56,44,23,232
64,17,6,211,121,33,23,232
64,17,6,0,5,13,23,232
64,17,319,45,164,1,69,232
64,17,6,0,7,33,23,232
64,17,6,0,5,1,69,232
64,17,319,45,168,13,23,232
64,17,6,0,24,19,69,232
64,17,6,0,7,1,69,232
64,17,6,0,5,19,69,232
64,17,319,45,193,117,69,232
64,17,6,0,380,383,23,232
64,17,6,0,7,114,69,232
64,17,6,3,0,175,23,232
64,17,6,0,7,265,23,232
64,17,6,3,0,316,403,232
64,17,313,19,5,1,69,232
64,17,319,45,11,40,23,232
64,17,313,19,390,424,23,232
64,17,313,19,5,0,23,232
64,17,319,45,11,255,69,232
64,17,313,19,24,0,23,232
64,17,313,19,5,13,23,232
64,17,313,19,11,40,23,232
64,17,103,340,35,1,69,232
64,17,313,19,11,255,69,232
64,17,103,62,2,0,23,232
64,17,103,340,35,33,23,232
64,17,103,213,8,1,69,232
64,17,103,62,7,1,69,232
64,23,0,457,252,350,373,232
64,17,103,62,7,0,23,232
64,23,0,56,44,1,69,232
64,17,103,62,7,33,23,232
64,23,0,34,152,1,69,232
64,17,103,62,7,114,69,232
64,23,0,99,80,117,69,232
64,17,103,62,7,265,23,232
64,23,0,6,173,114,69,232
64,23,13,5,127,1,69,232
64,23,0,17,63,275,69,232
64,23,0,6,3,1,69,232
64,23,13,5,157,1,69,232
64,23,0,438,21,1,69,232
64,23,0,17,313,19,69,232
64,23,13,5,161,1,69,232
64,23,0,260,100,1,69,232
64,23,0,17,76,19,69,232
64,23,13,5,188,1,69,232
64,23,0,148,8,1,69,232
64,17,34,38,9,1,69,232
64,23,0,4,3,1,69,232
64,17,34,38,121,33,23,232
64,17,34,38,9,316,403,232
64,17,0,7,1,44,23,232
64,17,34,152,1,0,23,232
64,17,63,87,8,1,69,232
64,17,34,152,1,44,23,232
64,17,63,163,489,144,23,232
64,17,34,0,50,44,23,232
64,17,63,203,400,41,23,232
64,17,63,163,46,33,23,232
64,17,34,0,56,44,23,232
64,17,63,203,111,1,69,232
64,17,34,0,5,13,23,232
64,17,63,203,305,13,23,232
64,17,34,0,380,383,23,232
64,17,34,0,5,1,69,232
64,17,34,0,7,33,23,232
64,17,34,0,5,19,69,232
64,17,34,0,7,1,69,232
64,17,364,51,160,0,23,232
64,17,34,0,7,114,69,232
64,17,406,250,3,0,23,232
64,17,364,51,5,1,69,232
64,17,34,0,7,265,23,232
64,17,406,444,287,1,69,232
64,17,406,250,347,350,373,232
64,17,406,250,3,1,69,232
64,17,364,51,48,337,23,232
64,17,364,51,5,0,23,232
64,17,406,250,3,13,23,232
64,17,364,51,177,13,23,232
64,17,364,51,5,13,23,232
64,17,364,51,262,27,23,232
64,17,364,51,5,19,69,232
64,17,364,51,294,19,69,232
64,23,0,5,11,19,69,232
64,17,364,51,366,44,23,232
64,23,0,5,127,1,69,232
64,23,0,5,11,255,69,232
64,23,0,5,157,1,69,232
64,17,0,7,20,19,69,232
64,23,0,5,161,1,69,232
64,17,0,7,459,424,23,232
64,23,0,5,188,1,69,232
64,23,0,3,25,19,69,232
64,23,0,3,9,1,69,232
64,23,0,3,8,1,69,232
64,17,6,3,9,316,403,232
64,23,0,3,11,19,69,232
64,17,0,34,152,1,69,232
64,17,6,3,11,19,69,232
64,17,6,3,9,1,69,232
64,23,0,3,287,1,69,232
64,23,0,3,11,255,69,232
64,17,0,143,274,44,23,232
64,17,0,34,38,401,23,232
64,17,6,3,25,19,69,232
64,17,6,3,11,40,23,232
64,23,0,3,392,1,69,232
64,17,0,148,8,1,69,232
64,17,6,3,8,1,69,232
64,17,6,3,11,255,69,232
64,17,0,438,21,1,69,232
64,17,6,3,287,1,69,232
64,17,101,28,67,13,23,232
64,17,0,260,100,1,69,232
64,17,6,3,392,1,69,232
64,17,0,5,15,1,69,232
64,17,0,6,173,114,69,232
64,17,0,5,11,40,23,232
64,17,0,5,48,337,23,232
64,17,0,99,80,117,69,232
64,17,0,6,3,1,69,232
64,17,0,5,11,255,69,232
64,17,0,5,60,33,23,232
64,17,0,4,3,1,69,232
64,17,0,6,3,13,23,232
64,17,0,5,127,1,69,232
64,17,0,4,3,13,23,232
64,17,76,19,5,1,69,232
64,17,0,5,157,1,69,232
64,17,179,268,5,0,23,232
64,17,76,19,390,424,23,232
64,17,76,19,5,0,23,232
64,17,0,5,161,1,69,232
64,17,179,268,5,1,69,232
64,17,76,19,24,0,23,232
64,17,76,19,5,13,23,232
64,17,0,5,188,1,69,232
64,17,179,268,5,13,23,232
64,17,76,19,11,40,23,232
64,17,0,5,436,383,23,232
64,17,179,268,5,19,69,232
64,17,76,19,11,255,69,232
64,17,0,5,473,33,23,232
64,17,0,3,8,1,69,232
64,17,0,3,9,1,69,232
64,17,179,45,11,19,69,232
64,17,0,3,11,19,69,232
64,23,27,17,0,1,69,232
64,17,0,1,35,33,23,232
64,17,179,45,164,1,69,232
64,17,179,45,11,40,23,232
64,17,0,3,287,1,69,232
64,17,0,3,11,40,23,232
64,23,104,131,441,1,69,232
64,23,27,323,287,1,69,232
64,23,27,17,76,19,69,232
64,23,27,17,0,316,403,232
64,17,0,1,7,33,23,232
64,17,179,45,168,13,23,232
64,17,179,45,11,255,69,232
64,17,0,3,392,1,69,232
64,17,0,3,11,255,69,232
64,23,206,202,173,114,69,232
64,23,104,332,11,19,69,232
64,23,27,17,313,19,69,232
64,17,0,1,3,13,23,232
64,17,0,1,7,114,69,232
64,17,179,45,193,117,69,232
64,23,178,32,11,19,69,232
64,23,206,202,20,19,69,232
64,23,104,16,15,1,69,232
64,23,104,332,11,255,69,232
64,23,27,17,63,275,69,232
64,17,0,1,9,316,403,232
64,17,0,1,7,265,23,232
64,23,383,436,5,19,69,232
64,23,36,30,20,19,69,232
64,23,178,32,382,1,69,232
64,23,178,32,11,255,69,232
64,23,104,490,431,1,69,232
64,17,0,1,5,13,23,232
64,23,383,436,5,1,69,232
64,23,41,28,11,19,69,232
64,23,36,30,54,19,69,232
64,23,178,32,9,1,69,232
64,17,0,1,5,19,69,232
64,17,186,221,25,19,69,232
64,23,383,380,0,1,69,232
64,23,337,48,5,19,69,232
64,23,41,106,63,275,69,232
64,23,41,28,15,1,69,232
64,23,41,28,11,255,69,232
64,23,178,32,9,316,403,232
64,17,186,387,28,41,23,232
64,23,33,176,9,316,403,232
64,17,186,387,28,144,23,232
64,23,33,60,5,1,69,232
64,23,33,176,9,1,69,232
64,23,33,46,63,275,69,232
64,23,33,60,236,1,69,232
64,23,33,60,5,19,69,232
64,23,33,190,431,1,69,232
64,23,33,46,80,117,69,232
64,23,33,131,441,1,69,232
64,23,144,28,11,255,69,232
64,23,33,140,21,1,69,232
64,23,401,38,9,316,403,232
64,23,144,28,15,1,69,232
64,23,144,28,11,19,69,232
64,23,33,307,157,1,69,232
64,23,419,84,21,1,69,232
64,23,401,38,9,1,69,232
64,23,33,385,111,1,69,232
64,23,150,465,57,1,69,232
64,23,337,414,100,1,69,232
64,23,337,48,7,114,69,232
64,23,44,1,9,316,403,232
64,23,337,48,7,1,69,232
64,23,337,48,5,1,69,232
64,23,33,473,5,19,69,232
64,23,13,3,11,19,69,232
64,23,13,3,287,1,69,232
64,23,13,3,11,255,69,232
64,23,13,3,392,1,69,232
64,23,33,60,5,0,1,69,232
64,23,33,190,158,15,1,69,232
64,23,144,299,476,157,1,69,232
64,17,186,387,28,11,19,69,232
64,23,33,140,267,8,1,69,232
64,23,33,140,21,20,19,69,232
64,23,33,176,9,3,1,69,232
64,17,313,19,11,3,13,23,232
64,23,401,38,34,0,316,403,232
64,23,144,28,46,63,275,69,232
64,23,144,28,15,5,1,69,232
64,23,144,28,11,5,1,69,232
64,23,178,32,9,3,1,69,232
64,17,103,340,35,1,0,23,232
64,23,33,307,157,5,1,69,232
64,23,419,84,261,24,19,69,232
64,23,419,84,21,20,19,69,232
64,23,401,38,9,3,1,69,232
64,23,33,153,40,11,19,69,232
64,23,150,104,16,15,1,69,232
64,23,33,176,180,134,1,69,232
64,23,33,46,80,97,1,69,232
64,23,33,46,110,35,1,69,232
64,23,44,1,326,252,350,373,232
64,23,337,48,7,347,350,373,232
64,23,337,414,100,8,1,69,232
64,23,33,473,5,0,1,69,232
64,23,337,48,493,9,316,403,232
64,23,337,48,5,0,1,69,232
64,23,33,60,65,57,1,69,232
64,23,13,3,11,139,359,69,232
64,23,13,3,4,0,1,69,232
64,23,33,60,5,11,19,69,232
64,23,33,60,5,0,316,403,232
64,23,144,489,163,63,275,69,232
64,23,144,299,362,5,19,69,232
64,17,186,387,28,15,1,69,232
64,17,186,387,28,11,40,23,232
64,17,313,19,11,139,359,69,232
64,17,313,19,11,3,0,23,232
64,23,401,38,68,252,350,373,232
64,23,401,38,34,152,1,69,232
64,23,401,38,34,0,1,69,232
64,23,144,28,98,3,1,69,232
64,23,144,28,46,80,117,69,232
64,23,144,28,15,390,19,69,232
64,23,144,28,15,5,19,69,232
64,23,144,28,11,139,359,69,232
64,23,144,28,11,5,19,69,232
64,17,103,340,35,1,44,23,232
64,17,6,173,297,38,401,23,232
64,17,103,62,2,0,1,69,232
64,17,6,0,3,9,316,403,232
64,23,33,307,157,310,365,69,232
64,23,33,307,157,5,19,69,232
64,23,419,84,73,134,1,69,232
64,23,33,170,46,63,275,69,232
64,23,33,153,40,11,255,69,232
64,17,103,213,8,3,1,69,232
64,17,103,213,8,1,0,23,232
64,23,150,104,131,441,1,69,232
64,17,6,0,3,9,1,69,232
64,23,33,7,20,284,19,69,232
64,23,33,46,292,9,316,403,232
64,17,103,213,435,116,1,69,232
64,17,103,62,7,1,0,23,232
64,23,44,1,3,0,316,403,232
64,23,33,7,0,3,1,69,232
64,17,6,0,24,298,44,23,232
64,17,0,175,420,97,1,69,232
64,23,13,3,1,5,19,69,232
64,23,337,48,7,0,316,403,232
64,23,0,457,252,326,1,69,232
64,17,0,24,19,5,1,69,232
64,17,103,62,7,0,1,69,232
64,23,33,473,5,11,19,69,232
64,23,33,473,5,0,316,403,232
64,17,6,0,5,11,19,69,232
64,23,337,48,61,15,1,69,232
64,23,337,48,493,9,1,69,232
64,23,0,1,7,20,19,69,232
64,23,337,48,5,11,19,69,232
64,23,337,48,5,0,316,403,232
64,23,33,60,290,3,1,69,232
64,17,6,0,457,252,350,373,232
64,23,13,3,8,93,1,69,232
64,23,13,5,1,7,114,69,232
64,23,0,34,17,76,19,69,232
64,23,13,3,11,5,1,69,232
64,23,175,0,3,9,316,403,232
64,23,13,3,250,347,350,373,232
64,23,40,171,378,63,275,69,232
64,23,357,236,1,5,19,69,232
64,23,13,3,4,0,316,403,232
64,23,33,60,5,15,1,69,232
64,23,33,60,5,11,255,69,232
64,17,63,46,33,7,1,69,232
64,23,0,99,80,97,1,69,232
64,23,175,0,3,9,1,69,232
64,23,40,11,19,5,1,69,232
64,17,6,0,23,44,1,69,232
64,17,6,211,121,38,401,23,232
64,23,357,236,60,5,19,69,232
64,17,103,62,7,20,19,69,232
64,23,144,299,368,188,1,69,232
64,23,144,299,362,5,1,69,232
64,23,424,390,19,5,1,69,232
64,17,186,387,28,46,33,23,232
64,17,186,387,28,11,255,69,232
64,23,175,0,7,347,350,373,232
64,23,0,1,5,11,19,69,232
64,17,313,19,11,5,1,69,232
64,17,313,19,11,3,1,69,232
64,23,401,38,53,45,19,69,232
64,17,6,0,7,22,1,69,232
64,17,101,126,5,0,1,69,232
64,17,101,126,5,1,0,23,232
64,23,0,6,18,5,1,69,232
64,23,144,28,145,187,117,69,232
64,17,6,0,7,1,44,23,232
64,23,0,6,3,9,316,403,232
64,23,13,5,157,310,365,69,232
64,17,0,3,13,224,114,69,232
64,17,6,3,0,50,44,23,232
64,23,265,7,0,3,1,69,232
64,23,144,28,11,3,1,69,232
64,23,0,438,21,20,19,69,232
64,17,319,45,470,20,19,69,232
64,23,0,1,326,252,350,373,232
64,17,103,62,2,0,175,23,232
64,17,6,0,3,11,40,23,232
64,23,0,6,3,9,1,69,232
64,23,33,7,48,5,19,69,232
64,23,0,7,200,252,350,373,232
64,23,13,5,161,227,1,69,232
64,17,6,0,50,44,1,69,232
64,23,0,5,1,7,114,69,232
64,23,0,7,20,284,19,69,232
64,23,419,84,73,24,19,69,232
64,23,0,260,271,80,117,69,232
64,23,33,121,38,9,316,403,232
64,23,33,170,46,80,117,69,232
64,23,0,260,100,8,1,69,232
64,17,0,50,71,304,206,23,232
64,23,0,17,34,152,1,69,232
64,17,103,213,8,93,1,69,232
64,17,103,213,8,3,0,23,232
64,17,103,213,8,1,44,23,232
64,23,150,104,490,431,1,69,232
64,17,6,173,202,20,19,69,232
64,23,265,7,20,284,19,69,232
64,23,265,7,200,252,350,373,232
64,23,33,7,20,310,365,69,232
64,23,33,46,86,226,1,69,232
64,23,33,46,292,9,1,69,232
64,17,103,62,7,1,44,23,232
64,23,44,1,15,390,19,69,232
64,23,44,1,3,25,19,69,232
64,23,33,7,0,24,19,69,232
64,23,13,3,1,7,114,69,232
64,23,337,48,7,22,1,69,232
64,23,337,48,7,0,1,69,232
64,17,0,24,19,390,424,23,232
64,17,0,24,19,5,13,23,232
64,17,34,38,9,3,1,69,232
64,17,34,38,9,316,0,23,232
64,17,0,7,1,236,357,23,232
64,17,103,62,7,0,175,23,232
64,23,33,473,5,15,1,69,232
64,23,33,473,5,11,255,69,232
64,17,6,0,5,15,1,69,232
64,23,175,0,1,5,19,69,232
64,17,34,152,1,0,175,23,232
64,17,6,0,5,11,40,23,232
64,23,337,48,51,5,1,69,232
64,23,0,7,1,5,19,69,232
64,17,319,45,164,1,0,23,232
64,17,319,45,19,5,1,69,232
64,17,63,87,8,3,1,69,232
64,23,0,1,7,347,350,373,232
64,17,63,87,8,1,0,23,232
64,23,337,48,5,15,1,69,232
64,17,6,37,487,1,0,23,232
64,17,34,152,1,236,357,23,232
64,23,337,48,5,11,255,69,232
64,17,6,211,237,35,1,69,232
64,17,0,23,13,224,114,69,232
64,23,0,5,19,11,255,69,232
64,17,63,275,69,1,0,23,232
64,17,6,0,34,38,401,23,232
64,17,6,0,56,44,1,69,232
64,23,13,3,8,100,1,69,232
64,23,13,5,1,0,316,403,232
64,17,313,19,24,298,44,23,232
64,17,101,126,409,177,13,23,232
64,17,63,46,80,31,13,23,232
64,17,34,0,50,44,1,69,232
64,23,0,34,38,9,316,403,232
64,23,0,34,17,313,19,69,232
64,23,13,3,11,45,19,69,232
64,23,13,3,11,5,19,69,232
64,17,63,46,28,11,19,69,232
64,17,63,163,46,28,41,23,232
64,23,175,0,3,25,19,69,232
64,23,13,3,6,0,316,403,232
64,17,63,163,395,80,117,69,232
64,23,40,279,73,134,1,69,232
64,23,40,171,342,35,1,69,232
64,23,357,236,1,7,114,69,232
64,17,313,19,390,15,1,69,232
64,23,265,7,1,5,19,69,232
64,17,34,0,56,44,1,69,232
64,23,33,60,5,127,1,69,232
64,17,63,203,111,385,33,23,232
64,17,63,203,111,1,0,23,232
64,17,63,46,33,35,1,69,232
64,23,13,5,270,9,316,403,232
64,23,175,0,316,9,1,69,232
64,17,63,46,33,7,0,23,232
64,17,63,106,41,28,144,23,232
64,17,6,18,453,28,41,23,232
64,17,63,203,230,60,33,23,232
64,23,175,0,50,44,1,69,232
64,23,0,148,8,3,1,69,232
64,23,33,35,77,9,316,403,232
64,23,357,236,60,5,1,69,232
64,17,6,0,3,1,44,23,232
64,17,34,0,5,1,44,23,232
64,17,103,62,7,22,1,69,232
64,23,33,35,1,5,19,69,232
64,23,144,299,37,7,1,69,232
64,17,34,0,143,274,44,23,232
64,23,13,5,19,11,255,69,232
64,23,44,298,24,0,316,403,232
64,23,424,390,19,11,255,69,232
64,17,34,0,5,11,19,69,232
64,17,186,387,28,67,13,23,232
64,17,319,45,11,3,1,69,232
64,23,44,56,0,3,1,69,232
64,23,175,0,7,22,1,69,232
64,17,34,0,7,1,44,23,232
64,23,0,1,5,11,255,69,232
64,17,313,19,5,0,1,69,232
64,17,313,19,11,28,144,23,232
64,17,364,51,160,0,1,69,232
64,17,313,19,11,5,0,23,232
64,17,186,439,33,7,1,69,232
64,17,313,19,24,0,1,69,232
64,17,6,37,68,252,350,373,232
64,17,406,250,3,0,1,69,232
64,23,401,38,88,9,316,403,232
64,17,6,0,7,48,337,23,232
64,17,6,18,5,0,1,69,232
64,17,101,126,5,0,175,23,232
64,17,101,126,5,1,44,23,232
64,17,76,19,69,1,0,23,232
64,23,0,6,37,7,1,69,232
64,23,0,6,18,5,19,69,232
64,23,0,24,19,5,1,69,232
64,17,34,0,7,22,1,69,232
64,23,144,28,59,3,1,69,232
64,17,406,486,309,5,0,23,232
64,17,406,444,287,3,1,69,232
64,23,0,6,3,8,1,69,232
64,17,364,51,5,1,0,23,232
64,17,406,250,211,6,0,23,232
64,17,0,3,13,5,1,69,232
64,17,6,3,0,56,44,23,232
64,17,406,444,287,1,0,23,232
64,17,406,250,347,7,1,69,232
64,23,265,7,0,24,19,69,232
64,23,0,4,3,9,316,403,232
64,23,33,7,1,5,19,69,232
64,17,63,46,49,11,255,69,232
64,17,0,24,298,44,1,69,232
64,23,144,28,11,45,19,69,232
64,17,406,250,3,1,0,23,232
64,17,364,51,48,5,1,69,232
64,17,319,45,146,30,36,23,232
64,17,6,229,30,16,104,23,232
64,17,0,24,73,279,40,23,232
64,17,364,51,5,0,1,69,232
64,23,0,1,78,20,19,69,232
64,17,6,37,7,0,1,69,232
64,17,406,250,3,4,0,23,232
64,17,103,62,2,0,316,403,232
64,17,6,0,3,8,1,69,232
64,17,6,0,3,11,19,69,232
64,23,0,4,301,308,19,69,232
64,17,34,38,9,1,0,23,232
64,23,33,7,37,487,1,69,232
64,23,44,50,0,3,1,69,232
64,23,33,7,48,5,1,69,232
64,23,0,7,48,5,1,69,232
64,23,0,143,274,44,1,69,232
64,17,364,51,5,11,19,69,232
64,23,0,5,1,9,316,403,232
64,17,6,0,5,1,44,23,232
64,17,34,38,68,252,350,373,232
64,17,313,19,5,11,255,69,232
64,17,6,199,108,1,0,23,232
64,23,0,7,20,310,365,69,232
64,23,0,260,330,11,19,69,232
64,17,6,199,108,97,1,69,232
64,17,364,51,130,46,33,23,232
64,23,33,121,38,9,1,69,232
64,17,364,51,366,44,1,69,232
64,17,101,126,5,11,19,69,232
64,23,44,50,235,7,1,69,232
64,17,0,5,13,3,1,69,232
64,17,0,50,235,7,1,69,232
64,17,6,18,5,1,0,23,232
64,17,0,50,71,116,1,69,232
64,23,0,5,11,139,359,69,232
64,23,0,17,179,45,19,69,232
64,17,0,7,114,224,13,23,232
64,17,6,37,7,1,0,23,232
64,17,103,213,8,100,1,69,232
64,23,0,5,157,310,365,69,232
64,17,103,213,8,3,13,23,232
64,17,313,19,20,7,265,23,232
64,23,44,274,143,0,1,69,232
64,23,150,104,332,11,19,69,232
64,17,313,19,5,1,0,23,232
64,17,6,173,114,7,1,69,232
64,23,44,204,20,7,1,69,232
64,17,0,7,20,30,36,23,232
64,23,265,7,20,310,365,69,232
64,23,0,5,161,227,1,69,232
64,23,265,7,48,5,1,69,232
64,17,0,7,37,487,1,69,232
64,23,33,7,20,21,1,69,232
64,23,33,46,28,11,19,69,232
64,23,0,5,13,3,1,69,232
64,23,33,46,86,5,1,69,232
64,17,103,340,391,8,1,69,232
64,17,167,293,474,472,1,69,232
64,23,44,1,157,310,365,69,232
64,23,44,1,15,5,19,69,232
64,23,44,1,3,9,316,403,232
64,23,175,0,5,15,1,69,232
64,17,167,92,45,11,19,69,232
64,23,33,7,0,5,1,69,232
64,23,13,168,311,11,19,69,232
64,23,13,3,1,0,316,403,232
64,23,337,48,7,20,19,69,232
64,17,6,18,5,11,19,69,232
64,17,6,42,4,3,1,69,232
64,17,0,7,22,1,44,23,232
64,17,0,24,19,11,40,23,232
64,17,34,38,9,32,178,23,232
64,17,34,38,9,3,0,23,232
64,17,0,7,1,35,33,23,232
64,17,103,62,7,0,316,403,232
64,23,33,473,5,127,1,69,232
64,17,6,0,5,48,337,23,232
64,23,175,0,1,7,114,69,232
64,17,34,152,1,0,316,403,232
64,23,175,0,1,9,316,403,232
64,17,6,0,5,11,255,69,232
64,23,337,48,122,21,1,69,232
64,23,337,48,51,294,19,69,232
64,23,337,48,174,157,1,69,232
64,23,337,48,51,5,19,69,232
64,23,0,7,1,9,316,403,232
64,17,319,45,164,1,44,23,232
64,17,319,45,19,390,424,23,232
64,17,319,45,19,5,0,23,232
64,17,319,45,19,24,0,23,232
64,17,319,45,19,5,13,23,232
64,17,319,45,19,11,40,23,232
64,17,63,87,8,93,1,69,232
64,17,319,45,19,11,255,69,232
64,17,63,87,8,100,1,69,232
64,17,63,87,8,3,0,23,232
64,17,63,87,8,148,0,23,232
64,17,63,87,8,3,13,23,232
64,17,63,87,8,191,1,69,232
64,17,63,87,8,1,44,23,232
64,17,63,87,8,317,1,69,232
64,23,337,48,5,127,1,69,232
64,17,6,37,487,1,44,23,232
64,23,337,48,5,157,1,69,232
64,17,34,152,1,35,33,23,232
64,23,337,48,5,161,1,69,232
64,17,34,152,1,7,33,23,232
64,23,337,48,5,188,1,69,232
64,17,34,152,1,3,0,23,232
64,17,34,152,1,7,0,23,232
64,17,34,152,1,9,316,403,232
64,17,34,152,1,3,13,23,232
64,17,34,152,1,7,114,69,232
64,17,34,152,1,5,0,23,232
64,17,34,152,1,7,265,23,232
64,17,34,152,1,5,13,23,232
64,17,6,211,250,3,1,69,232
64,17,34,152,1,5,19,69,232
64,17,6,211,250,347,350,373,232
64,17,6,211,250,3,0,23,232
64,17,6,211,237,35,33,23,232
64,17,6,211,250,3,13,23,232
64,17,0,23,40,11,19,69,232
64,17,0,23,13,5,19,69,232
64,17,0,23,357,236,1,69,232
64,17,0,23,40,11,255,69,232
64,17,0,23,13,3,1,69,232
64,17,0,23,13,5,1,69,232
64,17,0,23,424,390,19,69,232
64,17,167,92,78,1,0,23,232
64,17,0,23,33,7,1,69,232
64,17,167,92,78,1,44,23,232
64,17,0,23,265,7,1,69,232
64,17,0,23,33,35,1,69,232
64,17,0,23,33,7,114,69,232
64,17,0,23,265,7,114,69,232
64,17,0,148,8,1,44,23,232
64,17,0,148,8,3,1,69,232
64,17,6,3,8,93,1,69,232
64,17,0,148,8,93,1,69,232
64,17,0,148,8,3,13,23,232
64,17,6,3,8,148,0,23,232
64,17,0,148,8,100,1,69,232
64,17,6,3,8,100,1,69,232
64,17,0,148,8,191,1,69,232
64,17,6,3,8,191,1,69,232
64,17,0,148,8,317,1,69,232
64,17,6,3,8,317,1,69,232
64,17,63,275,69,1,44,23,232
64,17,6,0,143,274,44,23,232
64,17,6,0,34,152,1,69,232
64,17,6,0,438,21,1,69,232
64,17,167,92,78,20,19,69,232
64,17,6,0,260,100,1,69,232
64,17,6,3,11,28,41,23,232
64,17,6,0,99,80,117,69,232
64,17,6,3,11,32,178,23,232
64,17,6,3,11,28,144,23,232
64,17,6,0,148,8,1,69,232
64,17,6,3,11,5,19,69,232
64,17,6,0,4,3,1,69,232
64,17,6,3,11,332,104,23,232
64,17,6,3,11,5,0,23,232
64,17,6,0,4,3,13,23,232
64,17,6,3,11,475,1,69,232
64,17,6,3,11,5,1,69,232
64,17,6,3,11,45,19,69,232
64,17,6,3,11,5,13,23,232
64,17,6,3,11,139,359,69,232
64,23,13,3,8,191,1,69,232
64,17,6,3,8,1,0,23,232
64,23,13,3,8,317,1,69,232
64,17,6,3,8,1,44,23,232
64,17,0,438,21,20,19,69,232
64,23,13,5,1,9,316,403,232
64,17,0,438,21,84,419,23,232
64,17,34,0,23,44,1,69,232
64,17,0,438,21,140,33,23,232
64,23,175,420,97,80,117,69,232
64,17,0,438,21,1,44,23,232
64,23,175,420,97,108,1,69,232
64,17,101,126,427,7,0,23,232
64,17,6,3,287,323,27,23,232
64,17,101,126,427,7,1,69,232
64,17,63,46,80,97,1,69,232
64,17,101,126,427,7,33,23,232
64,17,63,46,80,99,0,23,232
64,17,101,126,427,7,114,69,232
64,17,6,3,287,1,0,23,232
64,17,101,126,427,7,265,23,232
64,17,6,3,287,1,44,23,232
64,17,0,34,152,1,44,23,232
64,17,101,28,498,3,1,69,232
64,23,0,34,38,9,1,69,232
64,17,101,28,145,187,117,69,232
64,17,101,28,498,3,0,23,232
64,17,101,28,183,16,104,23,232
64,17,101,28,145,32,178,23,232
64,17,101,28,498,3,13,23,232
64,17,101,28,215,351,150,23,232
64,23,0,34,17,63,275,69,232
64,17,101,28,90,111,1,69,232
64,17,101,28,215,258,175,23,232
64,17,101,28,358,84,419,23,232
64,17,167,293,1,0,175,23,232
64,17,101,28,440,11,19,69,232
64,17,167,293,1,0,316,403,232
64,17,101,28,59,3,0,23,232
64,17,101,28,440,11,40,23,232
64,17,101,28,98,3,13,23,232
64,17,101,28,59,3,1,69,232
64,17,101,28,440,11,255,69,232
64,17,101,28,98,3,0,23,232
64,17,101,28,59,3,13,23,232
64,17,101,28,98,3,1,69,232
64,23,13,3,11,475,1,69,232
64,17,6,42,81,5,13,23,232
64,23,0,316,9,3,1,69,232
64,17,6,42,151,45,19,69,232
64,17,6,42,81,5,0,23,232
64,17,6,42,82,67,13,23,232
64,17,6,42,81,5,1,69,232
64,17,6,42,463,116,1,69,232
64,17,6,42,81,5,19,69,232
64,17,0,260,100,8,1,69,232
64,17,63,46,28,15,1,69,232
64,17,0,260,100,414,337,23,232
64,17,63,46,28,67,13,23,232
64,17,63,46,28,11,40,23,232
64,17,0,260,100,1,44,23,232
64,17,63,46,28,11,255,69,232
64,17,63,163,46,80,117,69,232
64,17,6,3,250,347,350,373,232
64,17,63,163,46,170,33,23,232
64,17,6,3,498,28,41,23,232
64,17,63,163,46,28,144,23,232
64,17,6,3,452,448,206,23,232
64,17,6,3,498,28,144,23,232
64,17,6,3,281,38,401,23,232
64,17,0,260,271,80,117,69,232
64,17,6,3,59,28,41,23,232
64,17,0,260,330,11,19,69,232
64,17,6,3,290,60,33,23,232
64,17,6,3,59,28,144,23,232
64,17,0,260,330,11,40,23,232
64,17,6,3,14,2,0,23,232
64,17,0,260,330,11,255,69,232
64,17,6,3,75,31,13,23,232
64,17,6,3,392,1,0,23,232
64,17,6,3,98,28,41,23,232
64,17,6,3,392,1,44,23,232
64,17,6,3,47,16,104,23,232
64,17,6,3,98,28,144,23,232
64,17,6,3,416,157,1,69,232
64,17,6,3,47,123,13,23,232
64,17,6,3,327,22,1,69,232
64,23,175,0,3,8,1,69,232
64,17,6,3,372,253,13,23,232
64,23,175,0,3,11,19,69,232
64,17,6,3,133,8,1,69,232
64,23,175,0,3,287,1,69,232
64,23,175,0,3,11,255,69,232
64,23,175,0,3,392,1,69,232
64,23,13,3,416,157,1,69,232
64,17,0,5,15,390,424,23,232
64,23,13,3,133,8,1,69,232
64,17,0,5,15,16,104,23,232
64,17,0,5,15,390,19,69,232
64,23,13,3,327,22,1,69,232
64,17,0,5,15,28,41,23,232
64,23,13,3,6,173,114,69,232
64,17,0,5,15,28,144,23,232
64,23,13,3,6,0,1,69,232
64,17,0,5,15,1,44,23,232
64,17,6,3,9,316,0,23,232
64,17,6,3,9,32,178,23,232
64,23,44,1,5,0,316,403,232
64,17,6,3,9,38,401,23,232
64,23,44,1,5,11,19,69,232
64,17,6,3,9,176,33,23,232
64,23,44,1,5,11,255,69,232
64,23,40,209,95,296,1,69,232
64,23,13,3,0,24,19,69,232
64,23,40,153,33,7,114,69,232
64,23,40,209,95,20,19,69,232
64,23,13,3,0,5,1,69,232
64,23,40,153,33,35,1,69,232
64,23,40,153,33,7,1,69,232
64,23,13,3,0,7,1,69,232
64,23,13,3,0,5,19,69,232
64,23,13,3,0,7,114,69,232
64,23,40,279,73,24,19,69,232
64,17,0,6,173,202,206,23,232
64,17,6,3,9,1,0,23,232
64,23,357,236,1,0,316,403,232
64,17,6,3,9,1,44,23,232
64,23,357,236,1,9,316,403,232
64,23,13,168,45,11,19,69,232
64,23,265,7,1,0,316,403,232
64,23,13,168,45,164,1,69,232
64,23,13,168,45,11,255,69,232
64,23,265,7,1,9,316,403,232
64,23,13,168,45,193,117,69,232
64,17,0,5,48,7,1,69,232
64,23,0,3,13,224,114,69,232
64,17,0,5,48,7,114,69,232
64,23,0,3,327,22,1,69,232
64,23,0,3,13,5,19,69,232
64,17,0,5,48,7,33,23,232
64,23,0,3,6,173,114,69,232
64,23,0,3,13,5,1,69,232
64,17,0,5,48,7,265,23,232
64,23,0,3,250,347,350,373,232
64,17,0,5,60,236,1,69,232
64,23,0,3,133,8,1,69,232
64,17,0,5,60,236,357,23,232
64,23,0,3,416,157,1,69,232
64,17,0,239,352,8,1,69,232
64,23,33,60,5,157,1,69,232
64,17,0,160,51,366,44,23,232
64,17,0,239,211,121,33,23,232
64,23,33,60,5,161,1,69,232
64,17,0,412,197,38,401,23,232
64,17,0,160,51,5,1,69,232
64,23,33,60,5,188,1,69,232
64,17,0,94,263,46,33,23,232
64,17,0,412,197,32,178,23,232
64,17,0,160,51,48,337,23,232
64,17,0,160,51,5,13,23,232
64,17,0,2,10,16,104,23,232
64,17,0,94,74,20,19,69,232
64,17,0,160,51,177,13,23,232
64,17,0,160,51,5,19,69,232
64,17,0,2,379,45,19,69,232
64,17,0,2,10,8,1,69,232
64,17,0,94,74,31,13,23,232
64,17,0,160,51,262,27,23,232
64,17,0,2,12,5,1,69,232
64,17,0,160,51,294,19,69,232
64,17,0,2,322,398,206,23,232
64,17,0,2,12,139,359,69,232
64,17,0,2,12,5,13,23,232
64,17,0,2,62,7,33,23,232
64,17,0,2,322,325,44,23,232
64,17,0,2,12,5,19,69,232
64,17,0,2,14,3,1,69,232
64,17,0,2,62,7,1,69,232
64,17,0,2,14,3,13,23,232
64,17,0,2,62,7,114,69,232
64,17,63,203,111,1,44,23,232
64,17,0,2,62,7,265,23,232
64,17,63,46,33,131,104,23,232
64,23,13,5,12,139,359,69,232
64,17,63,46,33,153,40,23,232
64,23,13,5,83,220,1,69,232
64,23,13,5,270,9,1,69,232
64,23,13,5,51,294,19,69,232
64,23,13,5,83,8,1,69,232
64,23,13,5,491,310,365,69,232
64,17,313,19,69,1,0,23,232
64,23,13,5,60,236,1,69,232
64,17,313,19,69,1,44,23,232
64,23,13,5,48,7,1,69,232
64,17,63,46,33,7,114,69,232
64,23,13,5,86,226,1,69,232
64,23,13,5,48,7,114,69,232
64,17,63,46,33,7,265,23,232
64,17,6,18,453,28,144,23,232
64,23,13,5,0,3,1,69,232
64,17,0,4,301,308,19,69,232
64,23,13,5,0,24,19,69,232
64,17,0,4,113,15,1,69,232
64,17,0,4,301,100,1,69,232
64,23,13,5,0,7,1,69,232
64,17,0,4,257,11,19,69,232
64,23,13,5,0,7,114,69,232
64,17,0,4,257,11,40,23,232
64,17,63,203,417,46,33,23,232
64,17,0,4,257,11,255,69,232
64,23,13,67,28,11,19,69,232
64,17,0,4,3,1,44,23,232
64,23,13,119,318,100,1,69,232
64,23,13,67,28,15,1,69,232
64,23,13,67,28,11,255,69,232
64,23,13,305,203,63,275,69,232
64,23,13,119,112,22,1,69,232
64,23,13,320,26,8,1,69,232
64,23,13,305,203,111,1,69,232
64,23,13,123,47,3,1,69,232
64,23,13,320,26,21,1,69,232
64,23,13,177,51,5,1,69,232
64,23,175,0,56,44,1,69,232
64,23,13,306,91,22,1,69,232
64,23,13,177,51,294,19,69,232
64,23,13,177,51,5,19,69,232
64,23,175,0,34,152,1,69,232
64,17,0,6,3,9,316,403,232
64,23,175,0,6,173,114,69,232
64,17,0,6,3,11,40,23,232
64,17,0,6,3,9,1,69,232
64,23,175,0,17,76,19,69,232
64,23,175,0,6,3,1,69,232
64,17,0,6,3,8,1,69,232
64,17,0,6,3,11,19,69,232
64,23,175,0,99,80,117,69,232
64,23,175,0,17,313,19,69,232
64,17,0,6,3,25,19,69,232
64,17,0,6,3,11,255,69,232
64,23,175,0,457,252,350,373,232
64,23,175,0,17,63,275,69,232
64,17,0,6,3,287,1,69,232
64,23,175,0,260,100,1,69,232
64,17,0,6,3,392,1,69,232
64,23,175,0,438,21,1,69,232
64,17,0,6,37,487,1,69,232
64,23,175,0,148,8,1,69,232
64,17,0,6,18,5,19,69,232
64,17,0,6,37,7,114,69,232
64,23,175,0,4,3,1,69,232
64,17,0,6,199,108,1,69,232
64,17,0,6,18,5,1,69,232
64,17,0,6,37,299,144,23,232
64,17,0,6,37,7,1,69,232
64,17,0,6,205,380,383,23,232
64,17,0,6,18,5,13,23,232
64,17,0,6,37,7,33,23,232
64,17,0,6,211,121,33,23,232
64,17,0,6,37,7,265,23,232
64,17,0,6,229,30,36,23,232
64,23,40,11,45,164,1,69,232
64,23,13,253,157,5,1,69,232
64,23,40,11,45,193,117,69,232
64,23,13,253,157,310,365,69,232
64,23,13,253,157,5,19,69,232
64,23,0,148,8,93,1,69,232
64,17,0,5,127,1,44,23,232
64,23,0,148,8,100,1,69,232
64,23,33,35,166,45,19,69,232
64,23,0,148,8,191,1,69,232
64,23,33,35,77,9,1,69,232
64,23,0,148,8,317,1,69,232
64,23,0,3,11,139,359,69,232
64,17,0,4,3,9,316,403,232
64,23,0,3,11,5,1,69,232
64,17,0,4,3,11,40,23,232
64,17,0,4,3,9,1,69,232
64,23,0,3,11,45,19,69,232
64,23,0,3,11,5,19,69,232
64,17,0,4,3,8,1,69,232
64,17,0,4,3,11,19,69,232
64,23,0,3,11,475,1,69,232
64,17,0,4,3,25,19,69,232
64,17,0,4,3,11,255,69,232
64,17,0,4,3,287,1,69,232
64,23,13,253,372,3,1,69,232
64,17,0,4,3,392,1,69,232
64,23,13,31,16,15,1,69,232
64,17,103,62,7,48,337,23,232
64,23,13,31,72,20,19,69,232
64,17,103,62,7,347,350,373,232
64,23,13,31,74,20,19,69,232
64,17,103,62,7,459,424,23,232
64,23,13,31,75,3,1,69,232
64,17,103,278,13,3,1,69,232
64,17,0,99,80,31,13,23,232
64,17,103,278,13,5,1,69,232
64,17,103,278,13,3,0,23,232
64,17,0,99,80,46,33,23,232
64,17,103,278,13,224,114,69,232
64,17,103,278,13,5,0,23,232
64,17,0,99,80,97,1,69,232
64,17,103,278,13,5,19,69,232
64,23,0,3,1,5,19,69,232
64,23,13,31,80,97,1,69,232
64,23,0,3,1,9,316,403,232
64,23,33,35,1,7,114,69,232
64,17,76,19,5,1,0,23,232
64,23,144,299,37,487,1,69,232
64,23,0,3,1,7,114,69,232
64,23,33,35,1,0,316,403,232
64,17,76,19,5,1,44,23,232
64,17,0,5,157,253,13,23,232
64,23,144,299,37,7,114,69,232
64,23,33,35,1,9,316,403,232
64,17,0,5,157,1,44,23,232
64,17,0,5,157,307,33,23,232
64,17,34,0,457,252,350,373,232
64,17,0,3,1,236,357,23,232
64,17,0,7,48,5,1,69,232
64,17,0,5,157,310,365,69,232
64,17,34,0,148,8,1,69,232
64,17,0,3,1,5,13,23,232
64,17,0,7,48,5,13,23,232
64,17,179,280,29,2,0,23,232
64,17,34,0,438,21,1,69,232
64,17,0,3,1,9,316,403,232
64,17,0,3,1,5,19,69,232
64,17,0,7,48,5,19,69,232
64,17,34,0,260,100,1,69,232
64,17,0,3,1,7,33,23,232
64,17,0,143,274,44,1,69,232
64,23,44,298,24,0,1,69,232
64,17,34,0,6,173,114,69,232
64,17,0,3,1,35,33,23,232
64,17,0,3,1,7,114,69,232
64,17,179,268,5,0,1,69,232
64,17,34,0,99,80,117,69,232
64,17,34,0,6,3,1,69,232
64,17,0,3,1,7,265,23,232
64,17,179,268,5,0,175,23,232
64,17,34,0,4,3,1,69,232
64,17,34,0,6,3,13,23,232
64,17,34,0,5,15,1,69,232
64,17,179,268,5,0,316,403,232
64,17,34,0,4,3,13,23,232
64,17,6,42,4,0,1,69,232
64,17,34,0,5,48,337,23,232
64,17,6,37,7,20,19,69,232
64,17,0,143,124,100,1,69,232
64,17,6,42,4,0,175,23,232
64,17,34,0,5,60,33,23,232
64,17,6,37,7,22,1,69,232
64,17,0,143,124,30,36,23,232
64,17,6,42,4,0,316,403,232
64,17,34,0,5,127,1,69,232
64,17,6,37,7,48,337,23,232
64,17,76,19,390,15,1,69,232
64,17,34,0,5,11,40,23,232
64,17,34,0,5,157,1,69,232
64,17,6,37,7,347,350,373,232
64,17,76,19,5,0,1,69,232
64,17,34,0,5,11,255,69,232
64,17,34,0,5,161,1,69,232
64,17,6,37,7,459,424,23,232
64,17,76,19,5,0,175,23,232
64,17,319,45,11,5,1,69,232
64,17,34,0,5,188,1,69,232
64,17,319,45,11,3,0,23,232
64,17,76,19,5,0,316,403,232
64,17,319,45,11,28,41,23,232
64,17,319,45,11,5,0,23,232
64,17,34,0,5,436,383,23,232
64,17,319,45,11,3,13,23,232
64,17,319,45,11,32,178,23,232
64,17,319,45,11,28,144,23,232
64,17,319,45,11,5,13,23,232
64,17,34,0,5,473,33,23,232
64,17,319,45,11,139,359,69,232
64,23,424,390,15,5,1,69,232
64,17,319,45,11,5,19,69,232
64,17,0,5,161,227,1,69,232
64,17,319,45,11,332,104,23,232
64,23,424,390,15,5,19,69,232
64,23,44,56,0,24,19,69,232
64,23,175,0,7,20,19,69,232
64,17,319,45,11,475,1,69,232
64,23,40,11,3,0,316,403,232
64,23,44,56,0,5,1,69,232
64,17,0,5,161,1,44,23,232
64,17,0,5,11,3,1,69,232
64,23,40,11,3,25,19,69,232
64,23,40,11,3,0,1,69,232
64,23,44,56,0,7,1,69,232
64,23,44,56,0,5,19,69,232
64,17,0,5,11,28,144,23,232
64,17,0,5,11,3,13,23,232
64,23,40,11,3,8,1,69,232
64,23,44,56,0,7,114,69,232
64,17,0,5,11,45,19,69,232
64,17,0,5,11,28,41,23,232
64,23,40,11,3,9,316,403,232
64,17,186,131,195,60,33,23,232
64,17,0,5,11,332,104,23,232
64,17,6,0,1,236,357,23,232
64,23,40,11,3,287,1,69,232
64,23,40,11,3,9,1,69,232
64,17,0,5,11,475,1,69,232
64,17,6,0,1,35,33,23,232
64,23,40,11,3,392,1,69,232
64,17,313,19,5,0,175,23,232
64,17,0,5,11,32,178,23,232
64,17,6,0,1,7,33,23,232
64,17,179,268,5,1,0,23,232
64,17,313,19,5,0,316,403,232
64,17,313,19,11,332,104,23,232
64,17,0,5,11,139,359,69,232
64,17,6,0,1,3,13,23,232
64,17,6,0,1,7,114,69,232
64,17,179,268,5,1,44,23,232
64,17,313,19,11,32,178,23,232
64,17,76,19,24,298,44,23,232
64,17,6,0,1,9,316,403,232
64,17,6,0,1,7,265,23,232
64,17,313,19,11,28,41,23,232
64,17,313,19,11,475,1,69,232
64,17,76,19,24,0,1,69,232
64,17,6,0,1,5,13,23,232
64,17,364,51,160,0,175,23,232
64,17,0,6,3,1,44,23,232
64,17,76,19,5,11,255,69,232
64,17,76,19,24,0,175,23,232
64,17,6,0,1,5,19,69,232
64,17,364,51,160,0,316,403,232
64,17,313,19,11,5,13,23,232
64,17,76,19,5,15,1,69,232
64,17,76,19,5,11,40,23,232
64,17,76,19,24,0,316,403,232
64,17,186,439,33,35,1,69,232
64,17,186,439,33,7,0,23,232
64,17,76,19,5,48,337,23,232
64,17,186,131,441,1,0,23,232
64,17,101,28,15,5,1,69,232
64,17,186,439,33,153,40,23,232
64,17,186,439,33,7,114,69,232
64,17,76,19,5,60,33,23,232
64,17,186,131,441,1,44,23,232
64,17,101,28,15,16,104,23,232
64,17,101,28,15,5,0,23,232
64,17,186,439,33,131,104,23,232
64,17,186,439,33,7,265,23,232
64,17,76,19,5,127,1,69,232
64,17,101,28,15,390,19,69,232
64,17,101,28,15,5,13,23,232
64,17,313,19,24,0,175,23,232
64,17,6,37,497,20,19,69,232
64,17,76,19,5,157,1,69,232
64,17,101,28,15,390,424,23,232
64,17,101,28,15,5,19,69,232
64,17,313,19,24,0,316,403,232
64,17,6,37,200,7,1,69,232
64,17,76,19,5,161,1,69,232
64,23,40,11,5,0,1,69,232
64,17,0,34,38,9,1,69,232
64,17,0,7,33,153,40,23,232
64,17,6,37,277,119,13,23,232
64,17,6,37,200,207,41,23,232
64,17,6,37,200,7,0,23,232
64,17,76,19,5,188,1,69,232
64,23,40,11,5,15,1,69,232
64,23,40,11,5,0,316,403,232
64,17,0,34,38,121,33,23,232
64,17,0,34,38,9,316,403,232
64,17,0,7,33,35,1,69,232
64,17,6,37,43,38,401,23,232
64,17,6,37,200,252,350,373,232
64,17,6,37,200,7,33,23,232
64,17,0,5,188,1,44,23,232
64,17,76,19,5,436,383,23,232
64,23,40,11,5,127,1,69,232
64,17,0,7,33,131,104,23,232
64,17,6,37,112,119,13,23,232
64,17,6,37,200,7,114,69,232
64,17,6,37,68,38,401,23,232
64,17,76,19,5,473,33,23,232
64,23,40,11,5,157,1,69,232
64,17,406,250,3,0,175,23,232
64,17,6,37,360,45,19,69,232
64,17,6,37,112,22,1,69,232
64,17,6,37,200,7,265,23,232
64,17,76,19,20,7,265,23,232
64,23,40,11,5,161,1,69,232
64,17,406,250,3,0,316,403,232
64,17,6,37,259,11,19,69,232
64,23,401,38,281,3,1,69,232
64,23,401,38,88,9,1,69,232
64,17,76,19,25,3,0,23,232
64,17,76,19,20,30,36,23,232
64,17,76,19,20,7,0,23,232
64,23,40,11,5,188,1,69,232
64,17,6,37,102,48,337,23,232
64,17,6,37,259,11,40,23,232
64,17,6,0,7,347,350,373,232
64,23,424,466,371,5,19,69,232
64,23,401,38,297,173,114,69,232
64,17,76,19,45,11,255,69,232
64,17,76,19,25,3,1,69,232
64,17,76,19,20,202,206,23,232
64,17,76,19,20,7,1,69,232
64,17,167,293,1,236,357,23,232
64,17,6,18,5,0,175,23,232
64,17,6,37,70,171,40,23,232
64,17,6,37,259,11,255,69,232
64,17,6,0,7,20,19,69,232
64,17,101,28,15,1,0,23,232
64,17,101,126,5,0,316,403,232
64,23,424,466,371,5,1,69,232
64,17,76,19,54,30,36,23,232
64,23,0,3,8,93,1,69,232
64,17,179,268,5,11,19,69,232
64,17,76,19,69,1,44,23,232
64,17,76,19,45,164,1,69,232
64,17,76,19,45,11,40,23,232
64,17,76,19,25,3,13,23,232
64,23,0,6,199,108,1,69,232
64,17,76,19,20,204,44,23,232
64,17,76,19,20,7,33,23,232
64,17,76,19,11,3,13,23,232
64,23,0,6,37,487,1,69,232
64,17,167,293,1,35,33,23,232
64,23,0,6,37,7,114,69,232
64,17,6,18,5,0,316,403,232
64,17,6,37,159,4,0,23,232
64,17,27,262,51,5,0,23,232
64,17,27,323,287,3,1,69,232
64,17,0,5,51,262,27,23,232
64,23,0,24,19,11,255,69,232
64,17,6,0,7,459,424,23,232
64,17,101,28,15,1,44,23,232
64,17,6,3,13,224,114,69,232
64,17,27,323,287,1,0,23,232
64,17,34,0,7,48,337,23,232
64,17,0,3,8,93,1,69,232
64,23,0,3,8,100,1,69,232
64,23,144,28,498,3,1,69,232
64,17,179,268,5,15,1,69,232
64,17,179,268,5,11,40,23,232
64,17,0,3,9,32,178,23,232
64,17,0,3,9,1,44,23,232
64,23,44,1,7,20,19,69,232
64,17,0,3,8,1,44,23,232
64,17,6,3,1,0,175,23,232
64,17,406,486,309,5,1,69,232
64,17,76,19,45,168,13,23,232
64,17,406,444,287,323,27,23,232
64,23,0,6,17,63,275,69,232
64,17,406,444,287,3,0,23,232
64,17,76,19,20,310,365,69,232
64,17,76,19,20,7,114,69,232
64,23,0,6,3,11,19,69,232
64,17,76,19,11,139,359,69,232
64,17,76,19,11,3,0,23,232
64,17,167,293,1,7,33,23,232
64,17,364,51,5,1,44,23,232
64,17,406,250,211,121,33,23,232
64,17,27,262,51,48,337,23,232
64,17,34,0,316,9,1,69,232
64,17,0,5,19,390,424,23,232
64,17,0,3,13,5,19,69,232
64,17,27,262,51,5,1,69,232
64,17,27,323,287,3,0,23,232
64,17,0,5,12,139,359,69,232
64,17,0,5,51,177,13,23,232
64,17,6,3,0,5,13,23,232
64,17,406,444,287,1,44,23,232
64,17,6,3,13,5,0,23,232
64,17,406,250,347,7,0,23,232
64,23,265,7,0,5,1,69,232
64,17,27,323,287,1,44,23,232
64,17,34,0,7,347,350,373,232
64,17,0,3,8,100,1,69,232
64,23,0,3,8,191,1,69,232
64,23,0,4,3,8,1,69,232
64,23,144,28,90,111,1,69,232
64,23,0,4,3,9,1,69,232
64,17,179,268,5,48,337,23,232
64,23,33,7,1,0,316,403,232
64,17,0,5,1,236,357,23,232
64,17,6,222,283,422,114,69,232
64,17,179,45,164,1,0,23,232
64,17,63,46,141,38,401,23,232
64,17,179,268,5,11,255,69,232
64,17,0,3,9,38,401,23,232
64,17,63,46,49,11,19,69,232
64,23,44,1,7,0,316,403,232
64,23,144,28,11,475,1,69,232
64,17,6,3,1,0,316,403,232
64,17,406,486,309,5,13,23,232
64,17,76,19,45,193,117,69,232
64,17,0,3,287,323,27,23,232
64,17,406,250,3,1,44,23,232
64,17,364,51,48,7,1,69,232
64,23,0,6,17,313,19,69,232
64,17,406,444,287,3,13,23,232
64,17,0,3,287,1,44,23,232
64,17,364,51,48,5,0,23,232
64,17,76,19,20,21,1,69,232
64,17,319,45,402,472,1,69,232
64,23,0,6,3,287,1,69,232
64,23,0,6,3,11,255,69,232
64,17,6,211,239,0,1,69,232
64,17,6,229,30,20,19,69,232
64,17,0,24,272,7,33,23,232
64,17,76,19,11,5,1,69,232
64,17,76,19,11,3,1,69,232
64,17,167,293,1,3,0,23,232
64,17,167,293,1,7,0,23,232
64,17,0,24,73,84,419,23,232
64,17,406,250,211,239,0,23,232
64,17,364,51,5,0,175,23,232
64,17,27,262,51,160,0,23,232
64,17,6,3,0,1,44,23,232
64,23,104,131,33,35,1,69,232
64,23,0,1,15,390,19,69,232
64,17,0,5,19,11,40,23,232
64,17,27,262,51,5,13,23,232
64,23,27,262,51,5,1,69,232
64,17,6,37,7,0,175,23,232
64,17,27,323,287,3,13,23,232
64,17,0,5,270,9,316,403,232
64,23,27,323,287,3,1,69,232
64,17,406,250,3,6,0,23,232
64,17,0,5,51,294,19,69,232
64,17,186,131,33,7,1,69,232
64,23,27,17,0,3,1,69,232
64,17,103,434,385,111,1,69,232
64,17,6,0,3,25,19,69,232
64,17,6,3,0,7,33,23,232
64,17,6,3,0,5,1,69,232
64,17,6,0,3,11,255,69,232
64,17,6,3,13,5,1,69,232
64,17,406,250,347,7,33,23,232
64,23,0,4,113,15,1,69,232
64,23,265,7,0,5,19,69,232
64,23,0,4,301,100,1,69,232
64,17,34,38,9,1,44,23,232
64,17,34,0,7,20,19,69,232
64,17,0,3,8,191,1,69,232
64,23,0,3,8,317,1,69,232
64,23,33,7,272,24,19,69,232
64,23,0,4,3,11,19,69,232
64,23,144,28,440,11,19,69,232
64,23,44,50,0,24,19,69,232
64,23,424,459,7,20,19,69,232
64,17,179,45,11,3,1,69,232
64,17,179,268,5,60,33,23,232
64,23,33,7,1,9,316,403,232
64,17,0,5,1,3,13,23,232
64,23,0,7,37,487,1,69,232
64,17,6,394,263,94,0,23,232
64,17,6,222,95,296,1,69,232
64,23,0,7,48,5,19,69,232
64,17,179,45,164,1,44,23,232
64,17,63,46,163,489,144,23,232
64,17,6,205,380,0,1,69,232
64,17,0,3,327,22,1,69,232
64,23,0,2,12,139,359,69,232
64,17,0,3,9,176,33,23,232
64,23,0,143,124,100,1,69,232
64,17,63,46,49,11,40,23,232
64,17,0,3,392,1,44,23,232
64,23,44,1,7,347,350,373,232
64,23,0,50,235,7,1,69,232
64,17,0,3,11,28,41,23,232
64,17,364,51,5,15,1,69,232
64,17,364,51,5,11,40,23,232
64,17,406,486,309,5,19,69,232
64,23,13,5,15,390,19,69,232
64,17,76,162,44,50,0,23,232
64,23,206,246,16,15,1,69,232
64,17,34,38,165,46,33,23,232
64,17,364,51,48,7,0,23,232
64,23,0,6,17,76,19,69,232
64,17,313,19,5,15,1,69,232
64,17,364,51,48,5,13,23,232
64,17,313,19,5,11,40,23,232
64,17,76,19,20,78,1,69,232
64,17,6,199,108,1,44,23,232
64,17,76,162,44,1,0,23,232
64,23,0,7,20,21,1,69,232
64,17,319,45,396,25,19,69,232
64,23,0,6,3,25,19,69,232
64,23,13,5,11,139,359,69,232
64,23,0,260,330,11,255,69,232
64,17,6,211,239,0,175,23,232
64,17,6,229,30,54,19,69,232
64,17,0,24,285,32,178,23,232
64,17,0,24,272,341,41,23,232
64,17,0,24,272,7,1,69,232
64,17,34,0,24,298,44,23,232
64,17,0,1,3,25,19,69,232
64,17,364,51,136,28,41,23,232
64,17,76,19,11,28,144,23,232
64,17,76,19,11,5,0,23,232
64,17,167,293,1,9,316,403,232
64,17,167,293,1,3,13,23,232
64,17,167,293,1,7,114,69,232
64,17,0,24,73,134,1,69,232
64,17,34,0,3,25,19,69,232
64,17,101,126,5,15,1,69,232
64,17,101,126,5,11,40,23,232
64,17,364,51,5,0,316,403,232
64,17,27,262,51,177,13,23,232
64,23,44,50,71,116,1,69,232
64,23,104,131,33,7,114,69,232
64,17,179,45,470,20,19,69,232
64,23,44,50,235,7,114,69,232
64,23,0,1,127,5,19,69,232
64,23,0,1,15,5,19,69,232
64,17,0,5,13,224,114,69,232
64,17,0,5,19,11,255,69,232
64,17,34,0,3,1,44,23,232
64,17,0,175,23,44,1,69,232
64,23,206,202,20,7,1,69,232
64,17,0,50,235,7,114,69,232
64,23,206,202,20,21,1,69,232
64,23,206,202,20,7,114,69,232
64,17,0,50,235,7,33,23,232
64,23,206,202,20,284,19,69,232
64,17,0,50,235,7,265,23,232
64,23,206,202,20,310,365,69,232
64,17,6,18,5,1,44,23,232
64,23,206,202,20,78,1,69,232
64,17,27,262,51,5,19,69,232
64,23,27,262,51,294,19,69,232
64,23,27,262,51,5,19,69,232
64,17,6,37,7,0,316,403,232
64,17,0,5,286,30,36,23,232
64,17,0,5,270,9,1,69,232
64,17,0,5,362,299,144,23,232
64,17,406,250,3,8,1,69,232
64,17,0,5,371,466,424,23,232
64,17,406,250,3,9,1,69,232
64,17,0,5,433,46,33,23,232
64,17,406,250,3,11,19,69,232
64,17,406,250,3,9,316,403,232
64,17,0,5,491,310,365,69,232
64,17,406,250,3,25,19,69,232
64,17,406,250,3,11,40,23,232
64,17,0,5,83,8,1,69,232
64,17,406,250,3,287,1,69,232
64,17,406,250,3,11,255,69,232
64,17,0,5,86,46,33,23,232
64,17,0,5,83,220,1,69,232
64,17,406,250,3,392,1,69,232
64,17,0,5,86,226,1,69,232
64,23,0,5,11,3,1,69,232
64,17,0,5,51,366,44,23,232
64,23,0,5,11,45,19,69,232
64,17,0,5,51,48,337,23,232
64,23,0,5,11,475,1,69,232
64,17,186,131,33,35,1,69,232
64,17,186,131,33,7,0,23,232
64,17,186,131,33,153,40,23,232
64,17,186,131,33,7,114,69,232
64,23,27,17,0,24,19,69,232
64,17,186,131,33,7,265,23,232
64,23,27,17,0,5,1,69,232
64,23,0,17,319,45,19,69,232
64,23,27,17,0,7,1,69,232
64,23,27,17,0,5,19,69,232
64,23,0,17,6,3,1,69,232
64,23,27,17,0,7,114,69,232
64,23,0,17,167,293,1,69,232
64,23,0,17,6,173,114,69,232
64,17,6,0,3,287,1,69,232
64,17,6,3,0,24,19,69,232
64,17,6,0,3,392,1,69,232
64,17,6,3,0,380,383,23,232
64,23,104,16,47,3,1,69,232
64,23,104,16,15,5,1,69,232
64,23,104,16,30,54,19,69,232
64,23,104,16,15,390,19,69,232
64,23,104,16,15,5,19,69,232
64,23,104,16,31,57,1,69,232
64,23,104,16,30,20,19,69,232
64,23,104,16,10,8,1,69,232
64,23,104,16,31,80,117,69,232
64,17,0,1,9,32,178,23,232
64,17,6,3,0,7,1,69,232
64,17,0,1,9,3,13,23,232
64,17,6,3,0,7,114,69,232
64,17,0,1,9,38,401,23,232
64,17,6,3,0,7,265,23,232
64,17,0,1,9,176,33,23,232
64,17,6,3,0,5,19,69,232
64,17,6,3,13,5,19,69,232
64,17,406,250,347,7,114,69,232
64,23,104,332,11,5,1,69,232
64,17,406,250,347,7,265,23,232
64,23,104,332,11,139,359,69,232
64,23,104,332,11,5,19,69,232
64,23,104,332,11,3,1,69,232
64,17,6,37,7,1,44,23,232
64,23,104,332,11,45,19,69,232
64,23,0,4,257,11,19,69,232
64,23,104,332,11,475,1,69,232
64,23,0,4,257,11,255,69,232
64,17,103,213,8,148,0,23,232
64,23,0,5,15,390,19,69,232
64,17,103,213,8,191,1,69,232
64,23,27,17,6,0,316,403,232
64,17,103,213,8,317,1,69,232
64,23,27,17,319,45,19,69,232
64,23,27,17,6,3,1,69,232
64,23,27,17,6,0,1,69,232
64,23,27,17,34,0,316,403,232
64,23,27,17,6,173,114,69,232
64,23,27,17,167,293,1,69,232
64,23,27,17,34,152,1,69,232
64,23,27,17,34,0,1,69,232
64,23,27,17,179,45,19,69,232
64,17,34,0,7,459,424,23,232
64,17,0,3,8,317,1,69,232
64,17,6,3,4,0,1,69,232
64,23,40,11,324,287,1,69,232
64,17,6,3,4,0,175,23,232
64,23,40,11,32,9,316,403,232
64,17,6,3,4,0,316,403,232
64,23,40,11,118,21,1,69,232
64,23,40,11,32,382,1,69,232
64,23,40,11,32,9,1,69,232
64,23,40,11,28,15,1,69,232
64,17,313,19,76,162,44,23,232
64,23,40,11,241,469,1,69,232
64,17,313,19,25,3,0,23,232
64,23,33,7,200,252,350,373,232
64,17,313,19,54,30,36,23,232
64,17,313,19,25,3,1,69,232
64,17,313,19,45,11,40,23,232
64,17,313,19,25,3,13,23,232
64,17,313,19,45,164,1,69,232
64,17,313,19,45,11,255,69,232
64,17,313,19,45,168,13,23,232
64,17,0,1,7,347,350,373,232
64,17,313,19,45,193,117,69,232
64,17,0,1,7,459,424,23,232
64,17,313,19,20,30,36,23,232
64,17,0,1,7,20,19,69,232
64,17,313,19,20,202,206,23,232
64,17,0,1,7,48,337,23,232
64,17,313,19,20,204,44,23,232
64,17,313,19,20,7,0,23,232
64,17,313,19,20,310,365,69,232
64,17,313,19,20,7,1,69,232
64,17,313,19,20,21,1,69,232
64,17,313,19,20,7,33,23,232
64,17,313,19,20,78,1,69,232
64,17,313,19,20,7,114,69,232
64,23,0,4,3,287,1,69,232
64,17,6,0,316,9,1,69,232
64,23,0,4,3,25,19,69,232
64,17,0,457,252,326,1,69,232
64,23,0,4,3,392,1,69,232
64,23,44,366,51,5,19,69,232
64,23,44,274,143,0,316,403,232
64,23,44,325,339,317,1,69,232
64,23,44,366,51,294,19,69,232
64,23,44,366,51,5,1,69,232
64,23,0,4,3,11,255,69,232
64,23,144,28,440,11,255,69,232
64,23,44,50,0,5,1,69,232
64,23,150,104,332,11,255,69,232
64,23,44,50,0,7,1,69,232
64,23,44,50,0,5,19,69,232
64,23,44,50,0,7,114,69,232
64,23,424,459,7,0,316,403,232
64,17,179,45,11,5,1,69,232
64,23,424,459,7,22,1,69,232
64,23,424,459,7,0,1,69,232
64,17,179,45,11,28,41,23,232
64,17,179,45,11,5,0,23,232
64,23,424,459,7,347,350,373,232
64,17,179,45,11,32,178,23,232
64,17,179,45,11,28,144,23,232
64,17,179,45,11,5,13,23,232
64,17,179,45,11,139,359,69,232
64,17,179,45,11,5,19,69,232
64,17,179,45,11,332,104,23,232
64,17,179,45,11,3,0,23,232
64,17,179,45,11,475,1,69,232
64,17,179,45,11,3,13,23,232
64,17,179,268,5,127,1,69,232
64,23,36,30,20,7,1,69,232
64,17,179,268,5,157,1,69,232
64,23,36,30,20,21,1,69,232
64,23,36,30,20,7,114,69,232
64,17,179,268,5,161,1,69,232
64,23,36,30,20,284,19,69,232
64,17,179,268,5,188,1,69,232
64,23,36,30,20,78,1,69,232
64,17,179,268,5,436,383,23,232
64,23,36,30,20,310,365,69,232
64,17,179,268,5,473,33,23,232
64,17,313,19,5,1,44,23,232
64,17,0,5,1,9,316,403,232
64,17,6,173,114,224,13,23,232
64,17,0,5,1,7,33,23,232
64,17,6,173,114,7,0,23,232
64,17,0,5,1,35,33,23,232
64,17,0,5,1,7,114,69,232
64,17,6,173,114,7,33,23,232
64,17,0,5,1,7,265,23,232
64,17,6,173,114,7,265,23,232
64,23,0,7,272,24,19,69,232
64,23,44,204,20,21,1,69,232
64,23,0,7,33,35,1,69,232
64,23,44,204,20,284,19,69,232
64,17,6,225,26,320,13,23,232
64,23,44,204,20,310,365,69,232
64,17,6,225,26,8,1,69,232
64,23,44,204,20,78,1,69,232
64,17,6,225,26,21,1,69,232
64,17,6,394,263,46,33,23,232
64,23,44,204,20,7,114,69,232
64,17,6,222,256,7,0,23,232
64,17,6,222,95,20,19,69,232
64,17,6,222,256,7,1,69,232
64,17,6,222,95,209,40,23,232
64,17,6,222,256,7,33,23,232
64,23,13,224,114,7,1,69,232
64,17,6,222,256,7,114,69,232
64,23,178,32,11,5,1,69,232
64,17,6,222,256,7,265,23,232
64,23,178,32,11,139,359,69,232
64,23,178,32,11,5,19,69,232
64,23,178,32,11,3,1,69,232
64,17,0,7,20,202,206,23,232
64,23,178,32,11,45,19,69,232
64,17,0,7,20,204,44,23,232
64,23,178,32,11,475,1,69,232
64,17,0,7,20,284,19,69,232
64,23,265,7,20,21,1,69,232
64,17,0,7,20,310,365,69,232
64,23,265,7,20,78,1,69,232
64,17,0,7,20,21,1,69,232
64,17,63,46,165,38,401,23,232
64,17,0,7,20,78,1,69,232
64,17,63,46,381,48,337,23,232
64,17,6,205,380,0,175,23,232
64,17,63,46,105,300,104,23,232
64,17,6,205,380,0,316,403,232
64,17,63,46,86,5,19,69,232
64,23,104,150,465,57,1,69,232
64,17,63,46,433,5,19,69,232
64,17,63,46,86,226,1,69,232
64,17,63,46,86,5,0,23,232
64,17,63,46,110,35,33,23,232
64,17,63,46,433,5,0,23,232
64,17,63,46,86,5,1,69,232
64,17,63,46,52,21,1,69,232
64,17,63,46,110,35,1,69,232
64,17,63,46,433,5,1,69,232
64,17,63,46,86,5,13,23,232
64,17,63,46,263,94,0,23,232
64,17,63,46,433,5,13,23,232
64,17,63,46,292,9,1,69,232
64,17,0,3,6,173,114,69,232
64,17,63,46,292,9,316,403,232
64,17,0,3,498,28,41,23,232
64,23,265,7,37,487,1,69,232
64,17,0,3,452,448,206,23,232
64,17,0,3,498,28,144,23,232
64,23,265,7,272,24,19,69,232
64,17,0,3,98,28,41,23,232
64,23,265,7,33,35,1,69,232
64,17,0,3,250,347,350,373,232
64,17,0,3,98,28,144,23,232
64,17,0,3,281,38,401,23,232
64,23,0,175,420,97,1,69,232
64,17,0,3,290,60,33,23,232
64,23,0,160,51,5,19,69,232
64,17,0,3,416,157,1,69,232
64,23,0,239,352,8,1,69,232
64,23,0,160,51,294,19,69,232
64,23,0,160,51,5,1,69,232
64,17,0,3,372,253,13,23,232
64,23,0,94,74,20,19,69,232
64,17,0,3,59,28,41,23,232
64,23,0,2,10,8,1,69,232
64,17,0,3,47,16,104,23,232
64,17,0,3,59,28,144,23,232
64,23,0,2,14,3,1,69,232
64,17,0,3,75,31,13,23,232
64,17,0,3,47,123,13,23,232
64,23,0,2,62,7,1,69,232
64,17,0,3,133,8,1,69,232
64,23,0,2,379,45,19,69,232
64,23,0,2,62,7,114,69,232
64,23,0,2,12,5,1,69,232
64,17,101,28,46,63,275,69,232
64,23,0,2,12,5,19,69,232
64,17,101,28,46,80,117,69,232
64,23,265,7,48,5,19,69,232
64,17,101,28,46,170,33,23,232
64,17,0,7,200,207,41,23,232
64,17,0,7,37,299,144,23,232
64,17,0,7,272,341,41,23,232
64,17,0,7,200,252,350,373,232
64,17,0,7,235,50,44,23,232
64,17,0,7,272,24,19,69,232
64,17,34,0,1,236,357,23,232
64,23,33,7,20,78,1,69,232
64,17,34,0,1,35,33,23,232
64,17,0,1,15,390,424,23,232
64,17,34,0,1,7,33,23,232
64,17,0,1,157,307,33,23,232
64,17,0,1,15,5,13,23,232
64,17,0,1,15,390,19,69,232
64,17,34,0,1,3,13,23,232
64,17,34,0,1,7,114,69,232
64,17,0,1,431,490,104,23,232
64,17,0,1,157,5,13,23,232
64,17,0,1,15,16,104,23,232
64,17,0,1,15,5,19,69,232
64,17,34,0,1,9,316,403,232
64,17,34,0,1,7,265,23,232
64,17,0,1,326,252,350,373,232
64,17,0,1,431,190,33,23,232
64,17,0,1,157,253,13,23,232
64,17,0,1,157,5,19,69,232
64,17,0,1,15,28,41,23,232
64,17,34,0,1,5,13,23,232
64,17,0,1,97,80,117,69,232
64,17,0,1,157,310,365,69,232
64,17,0,1,15,28,144,23,232
64,17,34,0,1,5,19,69,232
64,17,0,1,100,414,337,23,232
64,17,0,1,97,420,175,23,232
64,17,0,1,8,3,13,23,232
64,23,0,50,71,116,1,69,232
64,17,0,1,21,20,19,69,232
64,17,6,3,1,236,357,23,232
64,17,0,1,441,131,104,23,232
64,17,0,1,21,84,419,23,232
64,17,6,3,1,5,0,23,232
64,17,0,1,22,7,114,69,232
64,17,0,1,441,131,33,23,232
64,17,0,1,21,140,33,23,232
64,17,6,3,1,9,316,403,232
64,17,6,3,1,5,13,23,232
64,17,0,1,111,385,33,23,232
64,17,0,1,22,7,33,23,232
64,17,6,3,1,7,0,23,232
64,17,6,3,1,5,19,69,232
64,17,0,1,475,11,40,23,232
64,17,0,1,22,7,265,23,232
64,17,6,3,1,35,33,23,232
64,17,6,3,1,7,114,69,232
64,17,0,1,287,323,27,23,232
64,17,0,1,475,11,19,69,232
64,17,6,3,1,7,33,23,232
64,17,0,1,57,465,150,23,232
64,17,0,1,287,3,13,23,232
64,17,0,1,475,11,255,69,232
64,17,6,3,1,7,265,23,232
64,17,0,1,392,3,13,23,232
64,17,0,1,57,31,13,23,232
64,17,0,1,78,20,19,69,232
64,23,383,436,5,0,1,69,232
64,17,0,1,382,32,178,23,232
64,23,383,436,5,15,1,69,232
64,23,383,436,5,0,316,403,232
64,17,0,1,161,5,13,23,232
64,23,383,436,5,11,19,69,232
64,17,0,1,164,45,19,69,232
64,17,0,1,161,5,19,69,232
64,23,383,436,5,127,1,69,232
64,23,383,436,5,11,255,69,232
64,17,0,1,188,5,13,23,232
64,23,383,436,5,157,1,69,232
64,17,0,1,127,5,13,23,232
64,17,0,1,188,5,19,69,232
64,23,383,436,5,161,1,69,232
64,17,0,1,127,5,19,69,232
64,23,383,436,5,188,1,69,232
64,17,101,28,11,3,1,69,232
64,23,33,46,49,11,255,69,232
64,17,101,28,11,5,1,69,232
64,17,101,28,11,3,0,23,232
64,23,33,46,433,5,19,69,232
64,23,33,46,49,11,19,69,232
64,17,101,28,11,45,19,69,232
64,17,101,28,11,5,0,23,232
64,17,101,28,11,3,13,23,232
64,23,33,46,52,21,1,69,232
64,23,33,46,433,5,1,69,232
64,17,101,28,11,332,104,23,232
64,17,101,28,11,5,13,23,232
64,23,33,46,163,63,275,69,232
64,17,101,28,11,475,1,69,232
64,17,101,28,11,5,19,69,232
64,17,101,28,11,32,178,23,232
64,23,33,46,28,15,1,69,232
64,17,101,28,11,139,359,69,232
64,23,0,50,235,7,114,69,232
64,17,0,3,11,32,178,23,232
64,23,33,46,28,11,255,69,232
64,17,0,3,11,332,104,23,232
64,17,0,3,11,28,144,23,232
64,17,0,3,11,5,13,23,232
64,17,364,51,5,48,337,23,232
64,17,0,3,11,475,1,69,232
64,17,0,3,11,5,1,69,232
64,17,364,51,5,60,33,23,232
64,17,0,3,11,45,19,69,232
64,17,0,3,11,5,19,69,232
64,17,364,51,5,127,1,69,232
64,17,0,3,11,139,359,69,232
64,17,364,51,5,157,1,69,232
64,23,0,5,270,9,316,403,232
64,17,364,51,5,161,1,69,232
64,23,0,5,12,139,359,69,232
64,23,0,5,270,9,1,69,232
64,17,364,51,5,188,1,69,232
64,23,0,5,83,220,1,69,232
64,17,364,51,5,436,383,23,232
64,23,0,5,51,294,19,69,232
64,23,0,5,83,8,1,69,232
64,17,364,51,5,473,33,23,232
64,23,0,5,491,310,365,69,232
64,23,0,5,13,224,114,69,232
64,23,0,5,60,236,1,69,232
64,17,364,51,5,11,255,69,232
64,23,0,5,48,7,1,69,232
64,23,33,46,86,5,19,69,232
64,23,0,5,86,226,1,69,232
64,23,0,5,48,7,114,69,232
64,17,76,162,44,56,0,23,232
64,23,206,448,452,3,1,69,232
64,17,34,38,197,412,0,23,232
64,23,206,304,71,116,1,69,232
64,23,206,448,198,116,1,69,232
64,17,34,38,281,3,0,23,232
64,17,34,38,197,32,178,23,232
64,17,34,38,88,9,316,403,232
64,17,34,38,281,3,1,69,232
64,17,34,38,53,45,19,69,232
64,17,34,38,88,9,1,69,232
64,17,34,38,281,3,13,23,232
64,17,34,38,297,173,114,69,232
64,17,167,293,432,157,1,69,232
64,17,34,38,430,30,36,23,232
64,17,364,51,48,7,33,23,232
64,17,34,38,141,46,33,23,232
64,17,364,51,48,7,114,69,232
64,17,313,19,5,48,337,23,232
64,17,364,51,48,7,265,23,232
64,17,313,19,5,60,33,23,232
64,23,36,30,146,45,19,69,232
64,17,313,19,5,127,1,69,232
64,23,36,30,124,100,1,69,232
64,17,313,19,5,157,1,69,232
64,23,36,30,286,5,1,69,232
64,17,313,19,5,161,1,69,232
64,23,36,30,16,15,1,69,232
64,23,36,30,286,5,19,69,232
64,17,313,19,5,188,1,69,232
64,23,36,30,132,45,19,69,232
64,17,313,19,5,436,383,23,232
64,23,36,30,156,35,1,69,232
64,17,313,19,5,473,33,23,232
64,23,178,32,145,187,117,69,232
64,23,44,1,164,45,19,69,232
64,23,178,32,285,24,19,69,232
64,23,44,1,475,11,19,69,232
64,17,364,51,48,5,19,69,232
64,23,44,1,21,20,19,69,232
64,23,44,1,475,11,255,69,232
64,23,44,1,78,20,19,69,232
64,23,44,1,157,5,19,69,232
64,23,44,1,22,7,114,69,232
64,23,44,1,3,11,255,69,232
64,23,44,1,97,80,117,69,232
64,23,44,1,3,11,19,69,232
64,23,44,1,127,5,19,69,232
64,23,0,7,20,78,1,69,232
64,23,44,1,161,5,19,69,232
64,17,0,1,236,60,33,23,232
64,23,44,1,188,5,19,69,232
64,17,0,1,5,11,19,69,232
64,23,175,0,5,11,19,69,232
64,17,0,1,5,60,33,23,232
64,17,0,1,5,11,40,23,232
64,23,175,0,5,127,1,69,232
64,23,175,0,5,11,255,69,232
64,17,0,1,5,436,383,23,232
64,17,0,1,5,11,255,69,232
64,23,175,0,5,157,1,69,232
64,17,0,1,5,473,33,23,232
64,23,175,0,5,161,1,69,232
64,17,0,1,5,48,337,23,232
64,23,175,0,5,188,1,69,232
64,17,319,45,379,2,0,23,232
64,23,0,6,3,392,1,69,232
64,17,319,45,166,35,1,69,232
64,23,13,5,11,3,1,69,232
64,17,319,45,92,78,1,69,232
64,17,319,45,166,35,33,23,232
64,23,13,5,11,45,19,69,232
64,17,319,45,212,24,0,23,232
64,23,13,5,11,475,1,69,232
64,17,319,45,251,24,0,23,232
64,17,319,45,212,24,19,69,232
64,17,319,45,53,38,401,23,232
64,17,319,45,251,24,19,69,232
64,17,319,45,132,30,36,23,232
64,17,0,316,9,32,178,23,232
64,17,319,45,355,161,1,69,232
64,17,0,316,9,38,401,23,232
64,17,319,45,109,169,1,69,232
64,17,0,316,9,3,1,69,232
64,17,167,92,45,164,1,69,232
64,17,0,316,9,176,33,23,232
64,17,0,316,9,3,13,23,232
64,17,167,92,45,168,13,23,232
64,17,167,92,45,11,40,23,232
64,17,167,92,45,193,117,69,232
64,17,167,92,45,11,255,69,232
64,17,6,211,239,0,316,403,232
64,17,0,24,261,84,419,23,232
64,17,27,23,13,224,114,69,232
64,17,0,24,251,45,19,69,232
64,17,27,23,424,390,19,69,232
64,17,27,23,13,5,19,69,232
64,17,0,24,212,45,19,69,232
64,17,27,23,40,11,19,69,232
64,17,27,23,13,3,1,69,232
64,17,27,23,13,5,1,69,232
64,17,27,23,175,0,1,69,232
64,17,27,23,40,11,255,69,232
64,17,27,23,357,236,1,69,232
64,17,27,23,175,0,316,403,232
64,17,27,23,33,7,1,69,232
64,17,186,221,25,3,1,69,232
64,17,27,23,265,7,1,69,232
64,17,27,23,33,35,1,69,232
64,17,27,23,33,7,114,69,232
64,17,186,221,25,3,0,23,232
64,17,27,23,265,7,114,69,232
64,17,186,221,25,3,13,23,232
64,23,383,380,0,3,1,69,232
64,23,33,7,0,5,19,69,232
64,23,383,380,0,24,19,69,232
64,17,0,24,272,7,114,69,232
64,23,383,380,0,5,1,69,232
64,17,0,24,272,7,265,23,232
64,23,383,380,0,7,1,69,232
64,23,383,380,0,5,19,69,232
64,23,383,380,0,7,114,69,232
64,23,13,168,311,11,255,69,232
64,17,0,1,3,9,316,403,232
64,23,13,3,1,9,316,403,232
64,17,0,1,3,11,19,69,232
64,17,364,51,269,20,19,69,232
64,17,0,1,3,11,40,23,232
64,17,364,51,428,22,1,69,232
64,17,0,1,3,11,255,69,232
64,17,364,51,136,28,144,23,232
64,17,76,19,11,332,104,23,232
64,17,76,19,11,28,41,23,232
64,17,76,19,11,32,178,23,232
64,17,179,45,19,5,1,69,232
64,17,76,19,11,475,1,69,232
64,17,179,45,19,390,424,23,232
64,17,179,45,19,5,0,23,232
64,17,179,45,19,24,0,23,232
64,17,179,45,19,5,13,23,232
64,17,179,45,19,11,40,23,232
64,17,6,18,5,15,1,69,232
64,17,179,45,19,11,255,69,232
64,17,6,18,5,48,337,23,232
64,17,76,19,11,5,13,23,232
64,17,6,18,5,60,33,23,232
64,17,167,293,1,5,0,23,232
64,17,6,18,5,127,1,69,232
64,17,167,293,1,5,13,23,232
64,17,6,18,5,157,1,69,232
64,17,167,293,1,5,19,69,232
64,17,6,18,5,161,1,69,232
64,17,6,18,5,11,40,23,232
64,17,6,18,5,188,1,69,232
64,17,6,18,5,11,255,69,232
64,17,6,18,5,436,383,23,232
64,17,167,293,1,7,265,23,232
64,17,6,18,5,473,33,23,232
64,17,0,316,9,1,44,23,232
64,17,6,42,4,3,0,23,232
64,17,34,0,3,9,316,403,232
64,17,6,42,4,3,13,23,232
64,17,34,0,3,8,1,69,232
64,17,34,0,3,9,1,69,232
64,17,34,0,3,11,19,69,232
64,17,101,126,5,48,337,23,232
64,17,34,0,3,287,1,69,232
64,17,34,0,3,11,40,23,232
64,17,101,126,5,60,33,23,232
64,17,34,0,3,392,1,69,232
64,17,34,0,3,11,255,69,232
64,17,101,126,5,127,1,69,232
64,17,27,23,0,3,1,69,232
64,17,101,126,5,157,1,69,232
64,17,27,23,0,24,19,69,232
64,17,101,126,5,161,1,69,232
64,17,27,23,0,5,1,69,232
64,17,101,126,5,188,1,69,232
64,17,27,23,0,7,1,69,232
64,17,27,23,0,5,19,69,232
64,17,101,126,5,436,383,23,232
64,17,27,23,0,7,114,69,232
64,17,101,126,5,473,33,23,232
64,23,0,24,298,44,1,69,232
64,17,0,24,19,11,255,69,232
64,23,0,24,212,45,19,69,232
64,17,101,126,5,11,255,69,232
64,23,0,24,73,134,1,69,232
64,17,27,262,51,294,19,69,232
64,23,0,24,251,45,19,69,232
64,17,27,262,51,366,44,23,232
64,23,0,24,272,7,114,69,232
64,23,41,155,482,9,316,403,232
64,23,0,24,272,7,1,69,232
64,23,41,341,272,7,114,69,232
64,23,41,155,91,22,1,69,232
64,23,41,155,482,9,1,69,232
64,23,41,207,200,7,1,69,232
64,23,41,341,272,24,19,69,232
64,23,41,341,272,7,1,69,232
64,23,41,400,203,63,275,69,232
64,23,41,207,200,252,350,373,232
64,23,41,207,200,7,114,69,232
64,23,41,400,203,111,1,69,232
64,17,34,38,9,176,33,23,232
64,17,34,38,9,3,13,23,232
64,23,104,131,33,7,1,69,232
64,17,179,45,146,30,36,23,232
64,23,44,1,0,7,114,69,232
64,17,179,45,402,472,1,69,232
64,23,44,1,0,24,19,69,232
64,17,179,45,396,25,19,69,232
64,23,44,1,0,5,19,69,232
64,17,179,45,379,2,0,23,232
64,23,41,28,46,63,275,69,232
64,17,179,45,166,35,1,69,232
64,23,41,28,498,3,1,69,232
64,23,41,28,46,80,117,69,232
64,17,179,45,212,24,0,23,232
64,17,179,45,166,35,33,23,232
64,23,41,28,145,187,117,69,232
64,17,179,45,251,24,0,23,232
64,17,179,45,212,24,19,69,232
64,23,41,28,59,3,1,69,232
64,17,179,45,53,38,401,23,232
64,17,179,45,251,24,19,69,232
64,23,41,28,90,111,1,69,232
64,17,179,45,132,30,36,23,232
64,23,41,28,98,3,1,69,232
64,17,179,45,355,161,1,69,232
64,23,41,28,440,11,19,69,232
64,17,179,45,92,78,1,69,232
64,23,41,28,440,11,255,69,232
64,17,179,45,109,169,1,69,232
64,17,0,7,1,3,13,23,232
64,23,41,28,15,5,1,69,232
64,17,0,7,1,9,316,403,232
64,23,41,28,15,390,19,69,232
64,23,41,28,15,5,19,69,232
64,17,0,7,1,5,13,23,232
64,23,0,1,157,5,19,69,232
64,17,0,7,1,5,19,69,232
64,23,0,1,161,5,19,69,232
64,23,0,1,157,310,365,69,232
64,23,0,1,188,5,19,69,232
64,23,41,28,11,5,1,69,232
64,23,0,1,22,7,114,69,232
64,23,41,28,11,139,359,69,232
64,23,41,28,11,5,19,69,232
64,23,0,1,3,9,316,403,232
64,23,41,28,11,3,1,69,232
64,23,0,1,164,45,19,69,232
64,23,0,1,3,25,19,69,232
64,23,41,28,11,45,19,69,232
64,23,0,1,475,11,19,69,232
64,23,0,1,3,11,19,69,232
64,23,41,28,11,475,1,69,232
64,23,0,1,21,20,19,69,232
64,23,0,1,475,11,255,69,232
64,23,0,1,3,11,255,69,232
64,23,0,1,97,80,117,69,232
64,23,33,473,5,157,1,69,232
64,17,6,0,5,60,33,23,232
64,23,33,473,5,161,1,69,232
64,17,6,0,5,127,1,69,232
64,23,33,473,5,188,1,69,232
64,17,6,0,5,157,1,69,232
64,17,6,0,5,161,1,69,232
64,17,6,0,5,188,1,69,232
64,17,6,0,5,436,383,23,232
64,17,6,0,5,473,33,23,232
64,23,13,5,1,326,252,350,373,232
64,23,44,204,20,310,157,1,69,232
64,17,6,225,26,8,3,1,69,232
64,17,6,225,26,8,1,0,23,232
64,17,34,0,23,13,224,114,69,232
64,23,44,204,20,202,173,114,69,232
64,17,6,225,26,29,2,0,23,232
64,17,0,5,126,427,7,1,69,232
64,17,6,0,5,13,3,1,69,232
64,17,6,225,26,21,20,19,69,232
64,17,6,225,26,21,1,0,23,232
64,17,6,394,263,46,28,41,23,232
64,17,0,438,21,26,320,13,23,232
64,23,44,204,20,7,0,316,403,232
64,17,6,222,256,369,35,1,69,232
64,17,0,5,1,9,32,178,23,232
64,23,178,32,9,3,0,316,403,232
64,23,175,0,5,19,11,255,69,232
64,17,6,222,256,7,0,1,69,232
64,17,6,222,95,20,7,1,69,232
64,23,104,332,11,3,0,316,403,232
64,17,103,340,35,1,0,175,23,232
64,17,6,222,256,7,1,0,23,232
64,17,0,438,21,1,236,357,23,232
64,17,6,222,95,70,171,40,23,232
64,23,178,32,9,3,0,1,69,232
64,17,6,0,316,9,32,178,23,232
64,17,186,131,104,23,0,1,69,232
64,17,6,37,487,1,236,357,23,232
64,17,63,46,80,99,0,1,69,232
64,17,103,62,2,10,16,104,23,232
64,23,401,38,9,32,11,19,69,232
64,17,0,7,20,310,157,1,69,232
64,23,265,7,20,204,44,1,69,232
64,17,103,213,8,191,1,0,23,232
64,17,406,250,3,14,2,0,23,232
64,17,6,3,287,1,0,175,23,232
64,17,0,7,20,21,84,419,23,232
64,23,401,38,9,3,0,316,403,232
64,17,0,7,20,21,1,44,23,232
64,17,101,126,427,7,20,19,69,232
64,17,6,3,287,1,236,357,23,232
64,17,63,46,165,38,9,1,69,232
64,17,0,7,20,95,296,1,69,232
64,17,0,7,20,78,1,44,23,232
64,23,27,17,319,45,11,19,69,232
64,23,0,5,11,3,9,316,403,232
64,23,175,0,24,298,44,1,69,232
64,17,63,46,381,48,5,1,69,232
64,17,6,0,7,33,153,40,23,232
64,23,401,38,9,3,0,1,69,232
64,17,0,5,51,366,44,1,69,232
64,23,33,7,22,1,5,19,69,232
64,17,0,34,152,1,236,357,23,232
64,17,63,46,105,61,15,1,69,232
64,17,63,46,105,300,104,150,23,232
64,17,103,213,8,317,1,0,23,232
64,17,0,5,86,226,1,44,23,232
64,17,103,340,35,77,9,1,69,232
64,17,6,205,380,0,3,13,23,232
64,17,101,28,498,3,1,0,23,232
64,17,103,213,8,10,16,104,23,232
64,23,0,34,38,9,3,1,69,232
64,23,337,48,5,161,227,1,69,232
64,23,33,7,22,327,3,1,69,232
64,23,104,300,105,46,63,275,69,232
64,23,104,16,47,312,78,1,69,232
64,23,13,224,114,7,0,316,403,232
64,17,0,175,23,13,224,114,69,232
64,17,34,152,1,3,4,0,23,232
64,23,33,140,21,1,5,19,69,232
64,23,150,104,16,47,3,1,69,232
64,23,337,48,5,13,224,114,69,232
64,17,63,46,86,231,28,41,23,232
64,17,63,46,86,226,1,0,23,232
64,23,150,104,16,15,5,1,69,232
64,17,101,28,498,3,0,1,69,232
64,17,63,46,86,5,0,1,69,232
64,17,406,250,3,392,1,0,23,232
64,23,27,17,6,3,0,316,403,232
64,17,101,28,183,16,15,1,69,232
64,17,63,46,110,248,28,41,23,232
64,23,150,351,215,28,11,19,69,232
64,23,0,5,15,28,11,19,69,232
64,17,101,28,183,16,104,150,23,232
64,17,63,46,433,5,0,1,69,232
64,17,0,5,83,220,1,44,23,232
64,17,63,46,86,5,1,0,23,232
64,23,419,84,21,20,7,1,69,232
64,17,0,23,33,473,5,1,69,232
64,17,103,340,35,33,7,1,69,232
64,17,101,28,498,3,4,0,23,232
64,17,63,46,52,481,28,41,23,232
64,17,63,46,52,21,20,19,69,232
64,17,63,46,52,21,1,0,23,232
64,23,13,3,8,1,5,19,69,232
64,17,63,46,110,35,1,0,23,232
64,17,101,28,145,32,9,1,69,232
64,17,63,46,433,5,1,0,23,232
64,17,101,126,5,19,390,424,23,232
64,17,319,45,19,20,310,365,69,232
64,17,63,46,86,5,11,19,69,232
64,17,101,28,215,351,150,104,23,232
64,17,63,46,263,394,6,0,23,232
64,23,0,34,17,179,45,19,69,232
64,17,63,46,263,94,0,1,69,232
64,17,63,46,433,5,11,19,69,232
64,23,27,17,179,45,11,19,69,232
64,23,27,17,34,38,9,316,403,232
64,17,34,152,1,9,316,0,23,232
64,23,33,46,80,97,108,1,69,232
64,17,63,46,130,478,7,33,23,232
64,17,101,28,90,12,5,13,23,232
64,17,63,46,292,9,1,0,23,232
64,17,34,152,1,3,0,175,23,232
64,17,101,28,90,111,385,33,23,232
64,17,0,3,6,37,487,1,69,232
64,17,101,28,90,111,1,0,23,232
64,17,0,3,6,173,202,206,23,232
64,23,27,17,167,92,45,19,69,232
64,23,27,17,6,0,3,1,69,232
64,17,101,28,215,258,175,0,23,232
64,17,63,46,292,9,3,1,69,232
64,23,33,46,80,99,0,1,69,232
64,17,406,250,3,8,93,1,69,232
64,17,103,62,149,120,35,33,23,232
64,23,265,7,37,200,252,350,373,232
64,17,0,5,51,48,7,1,69,232
64,17,101,28,358,84,21,1,69,232
64,23,27,17,179,268,5,19,69,232
64,17,34,152,1,9,32,178,23,232
64,17,0,3,498,28,11,19,69,232
64,23,33,60,5,1,7,114,69,232
64,17,186,439,460,241,11,40,23,232
64,23,265,7,272,309,5,1,69,232
64,23,265,7,272,24,0,316,403,232
64,23,27,17,6,37,487,1,69,232
64,23,27,17,34,0,3,1,69,232
64,17,34,152,1,7,0,175,23,232
64,23,265,7,62,2,0,316,403,232
64,23,27,17,103,62,7,1,69,232
64,23,265,7,33,473,5,1,69,232
64,17,167,293,1,0,7,114,69,232
64,17,101,28,59,367,32,178,23,232
64,17,0,3,8,317,1,44,23,232
64,23,175,0,24,19,5,1,69,232
64,17,0,3,250,211,121,33,23,232
64,17,0,3,250,347,7,1,69,232
64,17,0,3,98,28,11,19,69,232
64,23,175,0,3,1,5,19,69,232
64,17,0,3,281,38,9,1,69,232
64,17,101,28,59,3,0,1,69,232
64,17,406,250,3,9,1,0,23,232
64,23,337,414,100,260,0,1,69,232
64,23,0,175,420,97,80,117,69,232
64,17,101,28,387,186,439,33,23,232
64,17,0,3,290,60,5,1,69,232
64,23,0,4,42,463,116,1,69,232
64,23,337,414,100,8,3,1,69,232
64,17,6,211,250,347,7,1,69,232
64,17,34,152,1,7,347,350,373,232
64,23,40,11,324,287,3,1,69,232
64,17,6,3,4,0,1,44,23,232
64,17,101,28,59,3,1,0,23,232
64,17,0,3,416,157,5,1,69,232
64,17,0,3,416,157,1,44,23,232
64,17,34,152,1,15,390,424,23,232
64,17,101,28,440,11,3,1,69,232
64,23,0,239,211,6,173,114,69,232
64,17,101,28,98,3,0,1,69,232
64,23,0,239,352,8,3,1,69,232
64,17,0,5,286,429,48,337,23,232
64,23,0,160,51,366,44,1,69,232
64,23,0,160,51,5,11,19,69,232
64,17,101,28,59,3,4,0,23,232
64,17,101,28,98,3,4,0,23,232
64,17,0,3,372,253,157,1,69,232
64,17,101,28,98,3,1,0,23,232
64,23,0,380,383,436,5,1,69,232
64,23,0,5,11,45,164,1,69,232
64,17,0,3,8,26,320,13,23,232
64,23,175,0,1,7,20,19,69,232
64,23,0,94,263,46,63,275,69,232
64,23,0,94,74,31,80,117,69,232
64,23,0,94,74,20,7,1,69,232
64,17,6,0,50,71,304,206,23,232
64,23,0,56,44,1,5,19,69,232
64,17,0,3,59,367,32,178,23,232
64,23,0,56,44,204,20,19,69,232
64,23,13,3,11,241,469,1,69,232
64,17,63,87,8,191,1,0,23,232
64,23,0,316,9,32,382,1,69,232
64,23,0,2,10,89,21,1,69,232
64,23,0,2,10,8,3,1,69,232
64,17,186,321,55,26,320,13,23,232
64,23,33,307,157,1,5,19,69,232
64,23,0,316,9,3,25,19,69,232
64,17,0,3,47,16,15,1,69,232
64,17,0,3,47,16,104,150,23,232
64,17,101,126,214,43,38,401,23,232
64,17,34,0,7,37,487,1,69,232
64,17,319,45,168,311,11,19,69,232
64,17,0,3,59,28,11,19,69,232
64,17,6,42,151,45,11,19,69,232
64,23,0,2,14,371,5,1,69,232
64,23,144,28,15,1,5,19,69,232
64,23,0,2,14,3,9,316,403,232
64,17,103,62,7,33,153,40,23,232
64,17,6,3,4,0,5,13,23,232
64,17,6,42,81,5,0,1,69,232
64,17,0,3,75,31,16,104,23,232
64,17,0,3,47,312,78,1,69,232
64,23,33,140,267,8,3,1,69,232
64,17,6,42,82,201,20,19,69,232
64,17,34,152,1,5,0,175,23,232
64,17,6,42,82,67,28,41,23,232
64,23,0,2,14,3,9,1,69,232
64,23,0,17,364,51,294,19,69,232
64,17,34,152,1,5,11,19,69,232
64,17,6,42,81,5,1,0,23,232
64,17,0,3,4,301,308,19,69,232
64,17,0,3,133,217,22,1,69,232
64,17,0,3,133,8,93,1,69,232
64,17,0,3,133,8,1,44,23,232
64,23,0,2,233,234,20,19,69,232
64,23,0,2,379,45,11,19,69,232
64,23,0,2,62,7,347,350,373,232
64,17,319,45,164,1,236,357,23,232
64,23,0,34,152,1,5,19,69,232
64,23,0,2,12,241,469,1,69,232
64,17,6,42,81,5,11,19,69,232
64,23,33,60,65,66,5,19,69,232
64,17,6,42,463,116,1,0,23,232
64,17,101,28,46,63,106,41,23,232
64,23,0,2,12,5,11,19,69,232
64,23,40,11,28,15,5,1,69,232
64,23,40,11,32,145,187,117,69,232
64,23,0,7,347,250,3,1,69,232
64,17,0,260,100,8,1,44,23,232
64,17,101,28,46,80,31,13,23,232
64,23,265,7,48,5,0,1,69,232
64,17,6,211,242,133,3,13,23,232
64,17,101,28,46,49,11,255,69,232
64,17,0,260,100,8,3,1,69,232
64,17,63,46,28,15,5,1,69,232
64,23,40,11,28,90,111,1,69,232
64,23,13,3,4,301,308,19,69,232
64,17,63,46,28,15,1,0,23,232
64,17,0,260,100,318,119,13,23,232
64,17,0,7,37,102,48,337,23,232
64,23,40,11,118,21,20,19,69,232
64,17,63,46,28,498,3,0,23,232
64,23,40,11,32,9,3,1,69,232
64,17,313,19,76,162,44,1,69,232
64,23,40,11,257,4,0,316,403,232
64,17,0,7,200,37,299,144,23,232
64,17,0,7,200,252,326,1,69,232
64,17,0,7,478,130,46,33,23,232
64,17,0,7,235,50,44,1,69,232
64,17,0,7,272,309,5,13,23,232
64,17,0,7,272,24,298,44,23,232
64,17,319,45,168,13,3,1,69,232
64,17,103,62,7,114,224,13,23,232
64,17,34,0,1,236,60,33,23,232
64,23,33,7,20,204,44,1,69,232
64,17,6,211,250,3,1,0,23,232
64,17,0,260,100,1,236,357,23,232
64,17,63,46,28,11,3,1,69,232
64,17,186,131,33,35,1,0,23,232
64,23,27,262,51,160,0,316,403,232
64,17,186,131,33,7,0,1,69,232
64,23,33,473,5,1,7,114,69,232
64,23,33,60,5,0,3,1,69,232
64,23,40,11,241,12,5,1,69,232
64,17,63,163,46,80,31,13,23,232
64,23,27,17,0,7,347,350,373,232
64,17,6,3,250,211,239,0,23,232
64,17,6,222,256,7,20,19,69,232
64,23,33,7,200,484,8,1,69,232
64,17,0,3,13,23,44,1,69,232
64,17,6,3,250,347,7,1,69,232
64,17,313,19,25,3,0,1,69,232
64,17,63,163,46,49,11,255,69,232
64,17,186,131,33,7,22,1,69,232
64,23,144,489,163,46,63,275,69,232
64,17,101,126,427,7,0,1,69,232
64,23,0,17,6,37,487,1,69,232
64,23,265,7,0,316,9,1,69,232
64,17,34,0,1,9,32,178,23,232
64,17,34,0,1,7,347,350,373,232
64,17,6,211,250,3,0,1,69,232
64,23,0,6,173,202,20,19,69,232
64,17,6,3,281,38,9,1,69,232
64,17,63,163,46,28,11,19,69,232
64,23,44,50,0,316,9,1,69,232
64,17,0,1,157,5,11,19,69,232
64,17,0,1,15,61,48,337,23,232
64,17,0,1,431,490,104,150,23,232
64,17,34,0,1,15,390,424,23,232
64,17,0,260,271,80,31,13,23,232
64,17,6,3,59,367,32,178,23,232
64,17,313,19,54,30,16,104,23,232
64,17,34,0,1,3,25,19,69,232
64,17,319,45,19,24,0,1,69,232
64,17,6,211,250,3,4,0,23,232
64,23,0,6,173,114,7,1,69,232
64,17,0,1,97,80,31,13,23,232
64,17,0,260,315,12,5,13,23,232
64,17,0,1,157,416,3,13,23,232
64,17,0,1,157,310,20,19,69,232
64,17,0,1,15,28,11,19,69,232
64,23,337,48,51,5,0,1,69,232
64,17,6,0,24,19,5,1,69,232
64,17,34,0,1,5,11,19,69,232
64,17,0,1,100,8,3,13,23,232
64,17,0,7,265,23,44,1,69,232
64,17,6,3,290,60,5,1,69,232
64,17,0,50,235,7,22,1,69,232
64,23,419,84,21,1,5,19,69,232
64,17,6,3,59,28,11,19,69,232
64,17,0,1,8,100,414,337,23,232
64,17,0,1,8,3,25,19,69,232
64,23,0,50,184,65,57,1,69,232
64,23,0,1,5,19,11,255,69,232
64,23,0,50,71,137,22,1,69,232
64,17,313,19,11,3,0,1,69,232
64,23,33,7,200,252,326,1,69,232
64,17,6,3,287,324,11,19,69,232
64,23,13,5,127,1,7,114,69,232
64,17,0,1,21,20,7,33,23,232
64,17,319,45,19,24,298,44,23,232
64,17,6,3,14,371,466,424,23,232
64,17,103,213,8,148,0,1,69,232
64,23,401,38,68,37,7,1,69,232
64,17,6,3,1,236,60,33,23,232
64,23,178,32,11,5,0,1,69,232
64,17,6,3,14,2,0,1,69,232
64,17,0,1,441,131,104,150,23,232
64,17,0,7,20,204,44,1,69,232
64,17,0,1,15,16,246,206,23,232
64,23,33,7,62,2,0,316,403,232
64,17,313,19,294,51,160,0,23,232
64,17,0,23,40,11,139,359,69,232
64,17,0,260,330,11,3,1,69,232
64,17,0,7,114,69,1,44,23,232
64,23,0,7,22,1,5,19,69,232
64,17,313,19,25,3,1,0,23,232
64,17,6,3,75,31,16,104,23,232
64,17,6,3,1,5,0,175,23,232
64,17,0,23,13,5,11,19,69,232
64,17,0,1,22,91,306,13,23,232
64,23,104,332,11,28,15,1,69,232
64,23,401,38,34,0,3,1,69,232
64,17,0,1,21,26,320,13,23,232
64,23,401,38,68,252,326,1,69,232
64,23,401,38,34,17,0,316,403,232
64,17,6,3,392,1,0,175,23,232
64,17,6,3,1,9,32,178,23,232
64,17,0,7,20,202,173,114,69,232
64,17,186,387,28,15,1,0,23,232
64,23,33,385,111,203,63,275,69,232
64,17,6,3,1,9,316,0,23,232
64,23,0,17,63,46,80,117,69,232
64,17,0,1,111,203,305,13,23,232
64,23,419,84,21,438,0,316,403,232
64,17,6,3,392,1,236,357,23,232
64,17,101,126,427,7,1,0,23,232
64,17,0,23,424,459,7,1,69,232
64,23,401,38,9,1,5,19,69,232
64,17,6,0,5,19,390,424,23,232
64,23,144,28,98,3,0,316,403,232
64,17,6,3,1,7,0,175,23,232
64,17,6,3,1,5,11,19,69,232
64,17,0,5,270,9,1,44,23,232
64,17,6,3,47,16,15,1,69,232
64,23,178,32,11,3,0,316,403,232
64,17,6,3,47,16,104,150,23,232
64,17,63,46,80,97,1,0,23,232
64,17,0,5,270,9,3,1,69,232
64,17,0,380,383,23,44,1,69,232
64,17,6,3,98,28,11,19,69,232
64,17,0,1,22,7,48,337,23,232
64,17,6,3,1,15,390,424,23,232
64,17,0,23,13,3,9,316,403,232
64,23,144,28,46,80,97,1,69,232
64,17,0,23,13,168,45,19,69,232
64,17,6,3,416,157,5,1,69,232
64,23,144,28,46,292,9,316,403,232
64,17,0,5,371,14,3,1,69,232
64,17,319,45,19,390,15,1,69,232
64,17,6,3,416,157,1,0,23,232
64,23,0,7,22,327,3,1,69,232
64,17,6,3,47,312,78,1,69,232
64,23,104,16,494,31,57,1,69,232
64,23,0,6,3,1,5,19,69,232
64,17,63,46,80,97,108,1,69,232
64,17,0,1,57,465,150,104,23,232
64,17,0,1,15,16,104,150,23,232
64,23,33,176,9,316,0,1,69,232
64,17,0,1,287,324,11,19,69,232
64,17,0,1,287,3,25,19,69,232
64,17,0,1,475,11,5,19,69,232
64,23,265,7,347,250,3,1,69,232
64,17,6,3,327,22,7,1,69,232
64,17,6,3,1,7,347,350,373,232
64,17,6,3,327,22,1,0,23,232
64,17,0,1,392,3,25,19,69,232
64,23,178,32,11,45,164,1,69,232
64,17,319,45,19,5,11,255,69,232
64,17,0,1,57,65,60,33,23,232
64,17,0,1,57,31,16,104,23,232
64,23,175,0,3,8,93,1,69,232
64,23,419,84,261,24,0,316,403,232
64,17,0,1,78,92,45,19,69,232
64,17,0,1,78,20,7,33,23,232
64,23,144,28,15,5,0,1,69,232
64,17,6,3,372,253,157,1,69,232
64,17,6,0,3,287,1,44,23,232
64,17,6,3,498,28,11,19,69,232
64,17,313,19,45,164,1,0,23,232
64,23,337,48,122,21,20,19,69,232
64,23,13,5,157,1,7,114,69,232
64,23,144,28,11,5,0,1,69,232
64,17,0,1,382,32,9,316,403,232
64,17,0,23,424,390,15,1,69,232
64,23,383,436,5,15,390,19,69,232
64,23,383,436,5,0,3,1,69,232
64,17,6,18,5,1,236,357,23,232
64,23,44,1,9,3,11,19,69,232
64,17,6,3,133,217,22,1,69,232
64,17,0,1,161,355,45,19,69,232
64,17,6,3,346,248,28,41,23,232
64,17,313,19,25,3,4,0,23,232
64,23,27,17,0,457,252,350,373,232
64,17,6,3,133,8,93,1,69,232
64,17,313,19,45,11,3,13,23,232
64,17,6,3,133,8,1,0,23,232
64,23,0,4,257,11,5,1,69,232
64,23,33,176,9,1,5,19,69,232
64,17,0,1,164,45,11,19,69,232
64,17,0,1,161,5,11,19,69,232
64,17,103,340,35,1,236,357,23,232
64,23,175,0,3,11,139,359,69,232
64,23,383,436,5,11,139,359,69,232
64,23,206,202,20,7,0,316,403,232
64,17,313,19,45,146,30,36,23,232
64,23,175,0,3,13,224,114,69,232
64,17,0,1,188,368,299,144,23,232
64,23,265,7,0,1,5,19,69,232
64,17,0,5,433,46,28,41,23,232
64,23,0,438,21,1,5,19,69,232
64,17,6,173,458,12,5,13,23,232
64,23,383,436,5,157,310,365,69,232
64,23,13,3,416,157,5,1,69,232
64,17,0,1,227,161,5,19,69,232
64,17,0,1,15,5,11,19,69,232
64,17,313,19,20,30,16,104,23,232
64,23,0,7,1,157,310,365,69,232
64,17,6,173,297,38,9,1,69,232
64,17,0,1,188,5,11,19,69,232
64,23,33,385,111,1,5,19,69,232
64,17,103,62,2,0,1,44,23,232
64,23,383,436,5,161,227,1,69,232
64,23,104,16,47,3,0,316,403,232
64,23,0,17,313,19,5,1,69,232
64,17,0,1,127,5,11,19,69,232
64,23,13,3,133,217,22,1,69,232
64,23,383,436,5,13,224,114,69,232
64,23,0,17,319,45,11,19,69,232
64,23,13,3,133,8,93,1,69,232
64,23,150,465,57,31,80,117,69,232
64,17,101,28,11,3,1,0,23,232
64,23,178,32,11,324,287,1,69,232
64,17,0,1,7,235,50,44,23,232
64,17,6,37,7,0,3,13,23,232
64,23,33,307,157,416,3,1,69,232
64,23,33,307,157,310,20,19,69,232
64,17,6,0,3,498,28,41,23,232
64,17,0,5,15,16,246,206,23,232
64,17,167,92,78,1,0,175,23,232
64,23,0,5,11,241,469,1,69,232
64,17,0,5,15,16,104,150,23,232
64,17,101,28,11,5,1,0,23,232
64,17,0,1,7,48,5,13,23,232
64,17,101,28,11,3,0,1,69,232
64,23,0,17,6,3,9,316,403,232
64,23,33,307,157,5,0,1,69,232
64,23,13,3,14,2,0,1,69,232
64,23,33,46,49,11,5,1,69,232
64,17,63,46,80,271,260,0,23,232
64,23,13,3,327,22,7,1,69,232
64,17,101,28,11,45,164,1,69,232
64,17,313,19,20,202,173,114,69,232
64,23,0,17,6,3,9,1,69,232
64,17,313,19,20,78,1,0,23,232
64,17,313,19,20,204,44,1,69,232
64,23,144,28,11,19,5,1,69,232
64,23,13,5,161,1,7,114,69,232
64,17,0,5,15,61,48,337,23,232
64,17,101,28,11,3,4,0,23,232
64,17,101,28,11,5,0,1,69,232
64,23,13,3,6,17,0,316,403,232
64,23,33,46,52,349,15,1,69,232
64,23,33,46,52,21,20,19,69,232
64,23,33,46,433,5,0,1,69,232
64,17,0,23,104,490,431,1,69,232
64,17,0,5,15,28,11,19,69,232
64,17,101,28,11,332,104,150,23,232
64,23,33,60,236,1,5,19,69,232
64,23,33,46,263,94,0,316,403,232
64,23,33,46,163,395,80,117,69,232
64,17,0,5,51,269,20,19,69,232
64,17,186,387,28,15,5,1,69,232
64,23,13,3,6,0,24,19,69,232
64,17,101,28,11,475,1,0,23,232
64,17,101,28,11,5,15,1,69,232
64,23,150,465,57,1,5,19,69,232
64,17,0,5,15,1,236,357,23,232
64,17,101,28,11,32,9,1,69,232
64,23,33,46,28,440,11,19,69,232
64,17,27,262,51,5,11,19,69,232
64,23,33,153,40,11,139,359,69,232
64,23,33,46,28,15,5,1,69,232
64,17,6,3,9,316,0,1,69,232
64,17,101,28,11,118,21,1,69,232
64,23,419,84,358,28,15,1,69,232
64,23,0,50,235,7,347,350,373,232
64,23,0,7,20,19,5,1,69,232
64,17,6,3,9,32,11,19,69,232
64,17,313,19,20,74,94,0,23,232
64,17,6,0,3,287,323,27,23,232
64,17,167,92,78,1,236,357,23,232
64,23,0,260,100,1,5,19,69,232
64,17,0,3,11,32,9,1,69,232
64,23,33,46,28,11,5,1,69,232
64,23,44,1,5,0,7,114,69,232
64,17,6,0,5,48,7,1,69,232
64,17,0,3,11,332,104,150,23,232
64,17,0,3,11,28,15,1,69,232
64,17,6,3,9,38,34,0,23,232
64,23,44,1,5,12,139,359,69,232
64,17,313,19,20,7,1,0,23,232
64,17,313,19,20,7,0,1,69,232
64,17,103,213,8,3,1,0,23,232
64,17,364,51,5,48,7,0,23,232
64,17,0,1,7,20,30,36,23,232
64,17,6,3,9,482,155,41,23,232
64,17,313,19,20,310,157,1,69,232
64,17,0,3,11,475,1,44,23,232
64,17,313,19,20,21,1,0,23,232
64,23,33,7,347,250,3,1,69,232
64,23,265,7,22,327,3,1,69,232
64,23,44,1,5,11,139,359,69,232
64,17,0,3,11,5,1,44,23,232
64,17,364,51,5,60,236,1,69,232
64,23,33,7,0,1,5,19,69,232
64,17,103,213,8,1,0,175,23,232
64,23,0,17,76,162,44,1,69,232
64,17,0,3,11,45,164,1,69,232
64,23,40,209,374,156,35,1,69,232
64,17,0,3,11,5,15,1,69,232
64,17,313,19,20,21,84,419,23,232
64,23,33,7,20,19,5,1,69,232
64,23,0,17,76,19,5,1,69,232
64,23,150,104,131,33,35,1,69,232
64,17,364,51,5,127,1,0,23,232
64,23,0,17,167,92,45,19,69,232
64,17,0,3,11,118,21,1,69,232
64,23,337,414,100,1,5,19,69,232
64,23,178,32,9,77,35,1,69,232
64,23,44,325,339,317,8,1,69,232
64,23,44,274,143,0,3,1,69,232
64,23,36,30,146,45,11,19,69,232
64,23,44,325,322,2,0,316,403,232
64,17,313,19,5,127,1,0,23,232
64,23,36,30,124,143,0,316,403,232
64,23,0,4,3,11,139,359,69,232
64,17,6,3,0,34,38,401,23,232
64,17,313,19,5,157,253,13,23,232
64,17,186,131,33,190,431,1,69,232
64,17,313,19,5,157,1,0,23,232
64,23,36,30,124,100,8,1,69,232
64,23,44,366,51,5,0,1,69,232
64,17,313,19,5,161,227,1,69,232
64,17,313,19,5,161,1,0,23,232
64,23,144,28,440,11,5,1,69,232
64,23,36,30,16,47,3,1,69,232
64,23,36,30,16,15,5,1,69,232
64,23,0,5,48,493,9,316,403,232
64,17,6,3,11,32,9,1,69,232
64,23,206,202,20,204,44,1,69,232
64,17,103,62,7,0,1,44,23,232
64,23,0,3,6,18,5,1,69,232
64,23,36,30,286,5,0,1,69,232
64,23,0,3,13,5,11,19,69,232
64,17,313,19,5,188,1,0,23,232
64,23,36,30,132,282,9,316,403,232
64,23,36,30,132,45,11,19,69,232
64,17,34,38,121,33,7,1,69,232
64,17,0,5,48,7,22,1,69,232
64,23,36,30,229,6,173,114,69,232
64,23,36,30,156,375,20,19,69,232
64,23,44,50,0,5,15,1,69,232
64,23,150,104,332,11,5,1,69,232
64,23,33,473,5,0,3,1,69,232
64,17,313,19,5,51,262,27,23,232
64,23,178,32,145,28,15,1,69,232
64,17,6,211,121,33,7,1,69,232
64,23,0,3,250,347,7,1,69,232
64,17,0,5,60,449,332,104,23,232
64,23,44,1,164,45,11,19,69,232
64,23,44,50,0,17,63,275,69,232
64,17,0,5,60,236,1,44,23,232
64,23,178,32,197,412,0,316,403,232
64,23,178,32,285,399,471,1,69,232
64,23,178,32,285,24,0,316,403,232
64,23,27,17,0,5,15,1,69,232
64,17,101,28,41,23,0,1,69,232
64,17,0,24,19,5,1,44,23,232
64,23,0,3,133,217,22,1,69,232
64,17,364,51,48,5,11,19,69,232
64,17,406,250,3,9,32,178,23,232
64,23,104,332,11,45,164,1,69,232
64,17,103,213,435,116,1,0,23,232
64,23,0,3,75,31,57,1,69,232
64,23,44,1,21,438,0,316,403,232
64,23,44,1,21,20,7,114,69,232
64,23,337,48,7,1,5,19,69,232
64,23,44,1,475,11,5,19,69,232
64,23,0,3,416,157,5,1,69,232
64,23,44,1,78,92,45,19,69,232
64,23,44,50,0,7,22,1,69,232
64,23,44,1,78,20,7,114,69,232
64,23,44,1,157,5,0,316,403,232
64,23,337,48,61,15,5,1,69,232
64,23,0,3,133,8,93,1,69,232
64,17,0,239,352,8,3,1,69,232
64,23,44,1,22,7,20,19,69,232
64,23,104,16,30,156,35,1,69,232
64,17,364,51,5,161,1,0,23,232
64,23,178,32,9,316,0,1,69,232
64,23,44,1,3,13,224,114,69,232
64,17,63,87,418,244,28,41,23,232
64,17,0,239,352,8,1,44,23,232
64,23,33,60,5,157,310,365,69,232
64,23,44,1,3,11,139,359,69,232
64,17,6,3,0,7,22,1,69,232
64,17,0,148,8,1,236,357,23,232
64,17,6,0,7,114,224,13,23,232
64,23,337,48,493,9,3,1,69,232
64,23,44,1,127,5,0,316,403,232
64,17,0,160,51,366,44,1,69,232
64,23,0,7,20,204,44,1,69,232
64,17,0,239,211,6,173,114,69,232
64,17,364,51,5,11,3,1,69,232
64,23,0,5,491,310,20,19,69,232
64,17,6,3,11,28,15,1,69,232
64,23,337,48,5,1,7,114,69,232
64,17,0,239,211,121,38,401,23,232
64,23,44,1,161,355,45,19,69,232
64,23,44,1,161,5,0,316,403,232
64,23,33,60,5,161,227,1,69,232
64,17,0,1,236,60,5,13,23,232
64,23,44,1,8,3,0,316,403,232
64,17,179,45,11,5,1,0,23,232
64,17,0,148,8,3,1,44,23,232
64,23,0,1,7,20,284,19,69,232
64,23,44,1,188,5,0,316,403,232
64,23,33,190,431,1,5,19,69,232
64,17,34,152,1,44,50,0,23,232
64,17,0,6,173,297,38,401,23,232
64,17,0,412,197,38,9,1,69,232
64,17,364,51,5,12,139,359,69,232
64,23,0,5,83,8,3,1,69,232
64,23,40,279,73,84,21,1,69,232
64,23,337,48,5,0,3,1,69,232
64,17,0,1,5,60,236,357,23,232
64,23,13,3,0,7,22,1,69,232
64,23,424,459,7,0,3,1,69,232
64,17,0,160,51,5,1,44,23,232
64,23,33,60,5,13,224,114,69,232
64,23,0,5,51,366,44,1,69,232
64,23,0,148,405,331,35,1,69,232
64,23,175,0,5,11,139,359,69,232
64,17,0,5,491,310,20,19,69,232
64,17,103,62,7,1,0,175,23,232
64,17,0,1,5,11,45,19,69,232
64,23,33,60,195,131,441,1,69,232
64,23,175,0,5,157,310,365,69,232
64,23,0,5,60,33,7,1,69,232
64,23,0,5,13,168,45,19,69,232
64,23,44,1,3,0,7,114,69,232
64,23,33,60,290,3,0,316,403,232
64,17,0,94,263,46,28,41,23,232
64,23,175,0,5,161,227,1,69,232
64,17,0,1,5,15,28,144,23,232
64,17,0,1,5,48,7,114,69,232
64,17,313,19,20,7,48,337,23,232
64,17,6,0,457,252,326,1,69,232
64,23,175,0,5,13,3,1,69,232
64,17,0,412,197,32,9,1,69,232
64,17,0,160,51,48,5,1,69,232
64,17,319,45,379,2,0,1,69,232
64,23,0,6,3,13,224,114,69,232
64,23,424,459,7,200,252,350,373,232
64,23,27,262,51,5,0,1,69,232
64,23,265,7,22,1,5,19,69,232
64,23,40,279,73,24,0,316,403,232
64,17,319,45,166,35,1,0,23,232
64,17,0,5,286,30,16,104,23,232
64,17,6,173,114,69,1,0,23,232
64,23,13,5,11,3,0,316,403,232
64,17,6,3,0,24,298,44,23,232
64,17,63,163,489,144,28,41,23,232
64,17,179,45,11,5,0,1,69,232
64,17,0,2,10,16,15,1,69,232
64,17,319,45,92,167,293,1,69,232
64,17,319,45,92,78,20,19,69,232
64,17,0,2,10,16,104,150,23,232
64,17,319,45,92,78,1,0,23,232
64,17,0,6,173,202,20,19,69,232
64,23,44,56,0,1,5,19,69,232
64,23,13,5,1,7,20,19,69,232
64,17,0,94,74,20,7,1,69,232
64,23,13,5,11,45,164,1,69,232
64,17,406,250,3,8,1,0,23,232
64,17,179,45,11,311,168,13,23,232
64,23,0,5,48,7,347,350,373,232
64,17,6,0,148,8,1,44,23,232
64,17,406,250,3,11,28,41,23,232
64,17,0,148,8,93,1,44,23,232
64,17,0,160,51,5,11,19,69,232
64,17,319,45,212,24,0,1,69,232
64,17,6,0,3,9,32,178,23,232
64,17,319,45,19,69,1,0,23,232
64,23,13,5,11,241,469,1,69,232
64,17,6,3,8,100,1,0,23,232
64,17,0,2,379,45,11,19,69,232
64,17,319,45,212,24,298,44,23,232
64,17,319,45,251,24,0,1,69,232
64,17,319,45,53,198,116,1,69,232
64,17,319,45,53,38,9,1,69,232
64,17,319,45,251,24,298,44,23,232
64,23,104,16,15,28,11,255,69,232
64,23,104,16,10,2,0,316,403,232
64,17,63,203,400,41,28,144,23,232
64,17,319,45,132,282,9,316,403,232
64,17,0,2,10,8,3,1,69,232
64,17,319,45,132,30,16,104,23,232
64,17,6,0,148,8,3,1,69,232
64,17,0,2,10,8,1,44,23,232
64,17,0,316,9,32,11,19,69,232
64,17,319,45,355,161,5,1,69,232
64,17,319,45,355,161,1,0,23,232
64,17,179,45,11,28,15,1,69,232
64,17,0,2,10,356,28,144,23,232
64,17,0,94,74,31,16,104,23,232
64,17,0,316,9,38,121,33,23,232
64,17,319,45,85,283,422,114,69,232
64,17,319,45,109,238,7,114,69,232
64,23,337,48,51,160,0,316,403,232
64,17,0,94,74,363,5,1,69,232
64,17,319,45,109,169,1,0,23,232
64,17,179,45,11,32,9,1,69,232
64,17,0,316,9,3,1,44,23,232
64,23,0,5,86,46,63,275,69,232
64,17,6,0,99,80,31,13,23,232
64,17,6,0,3,9,1,44,23,232
64,17,34,0,50,71,304,206,23,232
64,17,167,92,45,164,1,0,23,232
64,17,0,316,9,482,155,41,23,232
64,23,357,236,1,0,7,114,69,232
64,17,0,316,9,3,11,40,23,232
64,23,13,3,250,347,7,1,69,232
64,23,33,140,21,438,0,316,403,232
64,23,0,148,8,1,5,19,69,232
64,17,0,160,51,136,28,41,23,232
64,17,0,2,12,5,1,44,23,232
64,17,167,92,45,470,20,19,69,232
64,17,167,92,45,11,3,1,69,232
64,17,6,211,239,0,3,13,23,232
64,23,104,16,15,5,0,1,69,232
64,23,0,5,66,65,57,1,69,232
64,17,63,87,8,100,260,0,23,232
64,17,0,24,261,84,21,1,69,232
64,17,6,3,8,93,1,0,23,232
64,23,0,34,38,53,45,19,69,232
64,23,33,46,86,5,0,1,69,232
64,17,0,2,12,39,28,144,23,232
64,17,0,2,12,139,11,19,69,232
64,17,0,24,251,45,11,19,69,232
64,23,33,140,21,20,7,1,69,232
64,17,34,152,1,0,7,114,69,232
64,17,63,163,46,33,7,1,69,232
64,17,27,23,424,459,7,1,69,232
64,17,27,23,424,390,15,1,69,232
64,17,34,0,175,23,44,1,69,232
64,17,179,45,11,5,15,1,69,232
64,17,0,23,44,1,5,19,69,232
64,17,0,24,58,12,139,359,69,232
64,17,6,0,4,301,308,19,69,232
64,17,179,45,11,3,0,1,69,232
64,17,179,45,11,332,104,150,23,232
64,23,357,236,1,3,0,316,403,232
64,17,0,2,62,103,278,13,23,232
64,17,0,24,212,45,11,19,69,232
64,23,13,3,4,0,5,1,69,232
64,17,0,2,322,194,30,36,23,232
64,17,27,23,13,168,45,19,69,232
64,23,0,5,12,139,11,19,69,232
64,17,27,23,13,3,0,316,403,232
64,17,27,23,13,5,0,1,69,232
64,17,0,148,8,3,9,316,403,232
64,17,0,2,12,5,11,19,69,232
64,17,27,23,175,420,97,1,69,232
64,17,0,2,322,325,44,1,69,232
64,17,6,0,239,352,8,1,69,232
64,23,206,448,452,3,0,316,403,232
64,23,33,60,5,15,390,19,69,232
64,17,0,2,14,371,466,424,23,232
64,17,27,23,40,11,139,359,69,232
64,23,13,3,0,5,11,19,69,232
64,17,0,2,29,26,320,13,23,232
64,17,27,23,175,0,3,1,69,232
64,17,76,162,44,56,0,1,69,232
64,17,0,2,14,3,1,44,23,232
64,17,0,148,8,3,9,1,69,232
64,17,6,3,9,1,236,357,23,232
64,17,76,162,44,298,24,0,23,232
64,23,357,236,1,5,0,316,403,232
64,17,186,221,25,396,45,19,69,232
64,23,33,60,5,11,139,359,69,232
64,17,0,2,62,7,1,44,23,232
64,17,186,221,25,3,1,0,23,232
64,17,6,0,316,9,1,44,23,232
64,17,0,2,14,3,25,19,69,232
64,17,27,23,383,380,0,1,69,232
64,17,27,23,33,473,5,1,69,232
64,23,337,48,247,32,9,316,403,232
64,17,406,250,3,9,316,0,23,232
64,17,27,23,33,176,9,316,403,232
64,17,27,23,33,473,5,19,69,232
64,23,337,48,102,37,7,114,69,232
64,23,337,48,247,32,382,1,69,232
64,23,337,48,247,32,9,1,69,232
64,17,27,23,33,60,5,1,69,232
64,17,27,23,33,176,9,1,69,232
64,23,337,48,96,109,45,19,69,232
64,23,337,48,102,129,480,359,69,232
64,23,337,48,102,37,487,1,69,232
64,23,337,48,102,37,7,1,69,232
64,23,337,48,247,32,11,19,69,232
64,17,27,23,33,46,63,275,69,232
64,17,27,23,33,60,236,1,69,232
64,17,27,23,33,60,5,19,69,232
64,23,337,48,381,46,63,275,69,232
64,23,337,48,96,288,35,1,69,232
64,23,337,48,96,109,169,1,69,232
64,23,337,48,247,32,11,255,69,232
64,17,27,23,33,190,431,1,69,232
64,17,27,23,33,46,80,117,69,232
64,23,337,48,302,71,116,1,69,232
64,23,337,48,381,46,80,117,69,232
64,23,337,48,96,14,3,1,69,232
64,17,27,23,33,131,441,1,69,232
64,23,337,48,333,137,22,1,69,232
64,23,383,380,0,316,9,1,69,232
64,17,27,23,33,140,21,1,69,232
64,23,337,48,429,286,5,19,69,232
64,17,27,23,33,7,0,316,403,232
64,17,27,23,33,307,157,1,69,232
64,23,337,48,429,286,5,1,69,232
64,17,27,23,33,7,20,19,69,232
64,17,27,23,33,7,0,1,69,232
64,17,27,23,33,385,111,1,69,232
64,17,27,23,33,7,347,350,373,232
64,23,0,99,80,31,57,1,69,232
64,17,63,203,111,1,236,357,23,232
64,17,27,23,33,7,22,1,69,232
64,23,0,99,80,46,63,275,69,232
64,17,63,203,111,1,35,33,23,232
64,17,186,221,25,3,0,1,69,232
64,17,27,23,265,7,20,19,69,232
64,17,63,203,111,1,7,33,23,232
64,17,186,221,25,3,0,175,23,232
64,17,27,23,265,7,0,316,403,232
64,17,63,203,111,1,3,0,23,232
64,17,63,203,111,1,7,0,23,232
64,17,186,221,25,3,0,316,403,232
64,17,27,23,265,7,22,1,69,232
64,17,27,23,265,7,0,1,69,232
64,17,63,203,111,1,9,316,403,232
64,17,63,203,111,1,3,13,23,232
64,17,63,203,111,1,7,114,69,232
64,17,27,23,265,7,347,350,373,232
64,17,63,203,111,1,5,0,23,232
64,17,63,203,111,1,7,265,23,232
64,17,0,1,9,38,121,33,23,232
64,17,63,203,111,1,5,13,23,232
64,17,63,46,33,7,1,0,23,232
64,17,186,221,25,3,4,0,23,232
64,17,63,203,111,1,5,19,69,232
64,17,63,46,33,7,1,44,23,232
64,17,186,221,25,3,6,0,23,232
64,23,0,99,80,97,108,1,69,232
64,17,0,2,62,7,22,1,69,232
64,17,186,221,25,3,8,1,69,232
64,23,383,380,0,3,9,316,403,232
64,17,0,2,62,7,48,337,23,232
64,17,186,221,25,3,9,1,69,232
64,23,383,380,0,3,25,19,69,232
64,23,383,380,0,3,9,1,69,232
64,17,0,2,62,7,347,350,373,232
64,17,186,221,25,3,11,19,69,232
64,17,186,221,25,3,9,316,403,232
64,23,383,380,0,3,8,1,69,232
64,17,0,2,62,7,20,19,69,232
64,17,186,221,25,3,287,1,69,232
64,17,186,221,25,3,11,40,23,232
64,23,383,380,0,3,11,19,69,232
64,17,0,2,62,7,459,424,23,232
64,17,186,221,25,3,392,1,69,232
64,17,186,221,25,3,11,255,69,232
64,23,383,380,0,3,287,1,69,232
64,23,383,380,0,3,11,255,69,232
64,23,33,473,5,19,11,255,69,232
64,23,383,380,0,3,392,1,69,232
64,23,33,7,0,5,11,19,69,232
64,17,63,46,33,131,441,1,69,232
64,17,63,46,33,131,104,150,23,232
64,23,33,7,0,5,15,1,69,232
64,23,33,7,0,5,11,255,69,232
64,23,104,16,31,13,5,19,69,232
64,23,33,7,0,5,127,1,69,232
64,23,206,304,71,50,0,316,403,232
64,23,104,16,31,75,3,1,69,232
64,23,104,16,31,13,224,114,69,232
64,23,104,16,31,13,5,1,69,232
64,23,33,7,0,5,157,1,69,232
64,23,206,304,71,137,22,1,69,232
64,23,206,304,71,50,44,1,69,232
64,23,206,304,71,50,0,1,69,232
64,23,104,16,31,72,20,19,69,232
64,23,104,16,31,13,3,1,69,232
64,23,33,7,0,5,161,1,69,232
64,23,206,304,71,47,3,1,69,232
64,23,104,16,31,74,20,19,69,232
64,23,33,7,0,5,188,1,69,232
64,17,34,0,5,13,3,1,69,232
64,23,13,5,12,2,0,316,403,232
64,17,34,38,197,412,0,1,69,232
64,17,34,0,5,13,224,114,69,232
64,23,13,5,12,241,469,1,69,232
64,23,13,5,12,2,0,1,69,232
64,17,34,38,197,412,0,175,23,232
64,23,13,5,12,115,20,19,69,232
64,23,13,5,12,241,11,19,69,232
64,17,34,38,197,412,0,316,403,232
64,23,13,5,12,189,45,19,69,232
64,23,13,5,12,241,11,255,69,232
64,17,186,439,33,23,0,1,69,232
64,23,13,5,12,73,134,1,69,232
64,23,13,5,12,139,11,19,69,232
64,17,186,439,33,23,44,1,69,232
64,17,186,439,33,23,0,316,403,232
64,23,13,5,12,90,111,1,69,232
64,23,13,5,12,73,24,19,69,232
64,23,13,5,12,139,11,255,69,232
64,23,13,5,12,58,24,19,69,232
64,17,0,24,272,7,22,1,69,232
64,23,206,398,322,2,0,316,403,232
64,23,13,5,12,245,24,19,69,232
64,17,0,24,272,7,48,337,23,232
64,23,206,398,322,325,44,1,69,232
64,23,206,398,322,2,0,1,69,232
64,23,13,5,12,107,7,1,69,232
64,17,0,24,272,7,347,350,373,232
64,17,101,28,144,23,0,1,69,232
64,23,13,5,12,458,173,114,69,232
64,23,13,5,12,107,7,114,69,232
64,17,0,24,272,7,20,19,69,232
64,17,101,28,144,23,44,1,69,232
64,17,101,28,144,23,0,316,403,232
64,23,13,5,12,425,220,1,69,232
64,17,0,24,272,7,459,424,23,232
64,17,63,46,33,60,5,19,69,232
64,23,383,380,0,50,44,1,69,232
64,23,383,380,0,5,15,1,69,232
64,17,63,46,33,473,5,19,69,232
64,17,63,46,33,60,236,1,69,232
64,17,63,46,33,60,5,0,23,232
64,23,383,380,0,457,252,350,373,232
64,23,383,380,0,5,11,19,69,232
64,17,63,46,33,121,38,401,23,232
64,17,63,46,33,473,5,0,23,232
64,17,63,46,33,60,236,357,23,232
64,17,63,46,33,60,5,1,69,232
64,23,383,380,0,99,80,117,69,232
64,23,383,380,0,5,127,1,69,232
64,23,383,380,0,5,11,255,69,232
64,17,63,46,33,190,431,1,69,232
64,17,63,46,33,473,5,1,69,232
64,17,63,46,33,60,5,13,23,232
64,23,383,380,0,56,44,1,69,232
64,23,383,380,0,5,157,1,69,232
64,17,63,46,33,176,9,316,403,232
64,17,63,46,33,473,5,13,23,232
64,23,383,380,0,34,152,1,69,232
64,23,383,380,0,5,161,1,69,232
64,17,63,46,33,307,157,1,69,232
64,17,63,46,33,176,9,1,69,232
64,23,383,380,0,6,173,114,69,232
64,23,383,380,0,5,188,1,69,232
64,17,63,46,33,140,21,1,69,232
64,23,383,380,0,17,76,19,69,232
64,23,383,380,0,6,3,1,69,232
64,17,63,46,33,385,111,1,69,232
64,23,383,380,0,438,21,1,69,232
64,23,383,380,0,17,313,19,69,232
64,17,6,0,24,298,44,1,69,232
64,23,383,380,0,260,100,1,69,232
64,23,383,380,0,17,63,275,69,232
64,23,383,380,0,7,347,350,373,232
64,23,383,380,0,148,8,1,69,232
64,23,40,11,19,24,0,1,69,232
64,23,383,380,0,7,22,1,69,232
64,23,383,380,0,4,3,1,69,232
64,23,40,11,19,20,7,114,69,232
64,23,40,11,19,24,0,316,403,232
64,23,383,380,0,7,20,19,69,232
64,23,40,11,19,45,193,117,69,232
64,23,40,11,19,20,310,365,69,232
64,23,40,11,19,20,7,1,69,232
64,23,40,11,19,25,3,1,69,232
64,23,40,11,19,45,164,1,69,232
64,23,40,11,19,20,21,1,69,232
64,23,40,11,19,390,15,1,69,232
64,23,13,168,311,11,5,1,69,232
64,23,40,11,19,20,78,1,69,232
64,17,6,3,11,45,164,1,69,232
64,23,13,168,311,11,139,359,69,232
64,23,13,168,311,11,5,19,69,232
64,17,6,3,11,45,168,13,23,232
64,23,13,168,311,11,3,1,69,232
64,23,206,202,20,310,157,1,69,232
64,17,6,3,11,45,193,117,69,232
64,23,13,168,311,11,45,19,69,232
64,17,179,268,5,127,1,0,23,232
64,23,206,448,198,53,45,19,69,232
64,23,13,168,311,11,475,1,69,232
64,17,179,268,5,127,1,44,23,232
64,23,337,48,174,157,5,1,69,232
64,23,13,5,270,9,3,1,69,232
64,17,0,1,3,9,32,178,23,232
64,23,337,48,174,157,310,365,69,232
64,23,337,48,174,157,5,19,69,232
64,17,0,1,3,9,38,401,23,232
64,23,13,3,1,15,390,19,69,232
64,17,0,1,3,6,173,114,69,232
64,17,0,1,3,9,176,33,23,232
64,23,13,3,1,127,5,19,69,232
64,23,13,3,1,15,5,19,69,232
64,17,0,1,3,250,347,350,373,232
64,23,13,3,1,157,5,19,69,232
64,17,6,0,24,73,279,40,23,232
64,17,0,1,3,498,28,41,23,232
64,23,13,3,1,161,5,19,69,232
64,23,13,3,1,157,310,365,69,232
64,17,6,0,24,272,7,33,23,232
64,17,6,0,24,73,84,419,23,232
64,17,0,1,3,287,323,27,23,232
64,17,0,1,3,498,28,144,23,232
64,23,13,3,1,326,252,350,373,232
64,17,6,0,24,285,32,178,23,232
64,17,6,0,24,272,341,41,23,232
64,17,6,0,24,272,7,1,69,232
64,17,6,0,24,73,134,1,69,232
64,17,0,1,3,452,448,206,23,232
64,23,13,3,1,188,5,19,69,232
64,17,6,0,24,261,84,419,23,232
64,17,6,0,24,272,7,114,69,232
64,17,0,1,3,98,28,41,23,232
64,23,13,3,1,475,11,19,69,232
64,17,6,0,24,251,45,19,69,232
64,17,6,0,24,272,7,265,23,232
64,17,0,1,3,281,38,401,23,232
64,17,0,1,3,98,28,144,23,232
64,23,13,3,1,21,20,19,69,232
64,23,13,3,1,475,11,255,69,232
64,17,6,0,24,212,45,19,69,232
64,17,0,1,3,290,60,33,23,232
64,23,13,3,1,164,45,19,69,232
64,17,63,203,305,13,3,1,69,232
64,17,0,1,3,75,31,13,23,232
64,23,13,3,1,22,7,114,69,232
64,17,63,203,305,13,5,1,69,232
64,17,63,203,305,13,3,0,23,232
64,17,0,1,3,372,253,13,23,232
64,23,13,3,1,78,20,19,69,232
64,17,63,203,305,13,224,114,69,232
64,17,63,203,305,13,5,0,23,232
64,17,0,1,3,47,16,104,23,232
64,23,13,3,1,97,80,117,69,232
64,17,63,203,305,13,5,19,69,232
64,17,0,1,3,59,28,41,23,232
64,17,0,1,3,47,123,13,23,232
64,17,364,51,269,20,7,1,69,232
64,17,0,1,3,59,28,144,23,232
64,17,6,3,8,100,260,0,23,232
64,17,364,51,269,20,21,1,69,232
64,17,364,51,269,20,7,0,23,232
64,17,6,3,8,100,414,337,23,232
64,17,364,51,269,20,30,36,23,232
64,17,364,51,269,20,7,33,23,232
64,17,6,0,23,13,224,114,69,232
64,17,364,51,269,20,78,1,69,232
64,17,364,51,269,20,7,114,69,232
64,17,6,0,23,40,11,19,69,232
64,17,6,0,23,13,5,19,69,232
64,17,364,51,269,20,202,206,23,232
64,17,364,51,269,20,7,265,23,232
64,17,6,0,23,357,236,1,69,232
64,17,6,0,23,40,11,255,69,232
64,17,6,0,23,13,3,1,69,232
64,17,6,0,23,13,5,1,69,232
64,17,364,51,269,20,204,44,23,232
64,17,6,0,23,424,390,19,69,232
64,23,13,5,51,160,0,316,403,232
64,17,364,51,269,20,284,19,69,232
64,17,6,0,23,33,7,1,69,232
64,23,13,5,51,366,44,1,69,232
64,23,13,5,51,160,0,1,69,232
64,17,364,51,269,20,310,365,69,232
64,17,6,0,23,265,7,1,69,232
64,17,6,0,23,33,35,1,69,232
64,17,6,0,23,33,7,114,69,232
64,23,13,5,51,428,22,1,69,232
64,17,6,0,23,265,7,114,69,232
64,17,364,51,172,215,28,41,23,232
64,23,13,5,51,48,7,1,69,232
64,23,13,5,83,8,3,1,69,232
64,17,364,51,172,376,32,178,23,232
64,17,364,51,172,215,258,175,23,232
64,17,364,51,172,215,28,144,23,232
64,23,13,5,51,269,20,19,69,232
64,23,13,5,51,48,7,114,69,232
64,23,13,5,83,8,93,1,69,232
64,17,364,51,172,132,30,36,23,232
64,17,364,51,172,215,351,150,23,232
64,23,13,5,83,8,100,1,69,232
64,17,364,51,172,132,45,19,69,232
64,17,364,51,428,22,7,1,69,232
64,23,13,5,83,8,191,1,69,232
64,17,364,51,428,22,1,0,23,232
64,17,364,51,428,22,7,0,23,232
64,23,13,5,83,8,317,1,69,232
64,17,364,51,428,22,1,44,23,232
64,17,364,51,428,22,7,33,23,232
64,17,0,1,3,11,28,41,23,232
64,17,364,51,136,28,11,19,69,232
64,17,364,51,428,22,7,114,69,232
64,17,0,1,3,11,32,178,23,232
64,17,0,1,3,11,28,144,23,232
64,17,364,51,136,28,15,1,69,232
64,17,364,51,136,28,11,40,23,232
64,17,364,51,428,22,7,265,23,232
64,17,0,1,3,11,5,13,23,232
64,17,364,51,136,28,46,33,23,232
64,17,364,51,136,28,11,255,69,232
64,17,0,1,3,11,332,104,23,232
64,17,0,1,3,11,5,19,69,232
64,17,364,51,136,28,67,13,23,232
64,17,0,1,3,11,45,19,69,232
64,23,33,176,9,32,11,19,69,232
64,17,179,45,11,475,1,0,23,232
64,17,0,1,3,11,139,359,69,232
64,23,33,176,9,270,5,1,69,232
64,23,33,176,9,32,382,1,69,232
64,23,33,176,9,32,11,255,69,232
64,17,179,45,11,475,1,44,23,232
64,23,33,176,9,77,35,1,69,232
64,23,33,176,9,270,5,19,69,232
64,17,6,211,121,38,9,1,69,232
64,17,76,19,11,332,104,150,23,232
64,17,63,87,8,93,1,0,23,232
64,17,6,211,121,38,34,0,23,232
64,17,6,211,121,38,9,316,403,232
64,17,63,87,8,93,1,44,23,232
64,17,76,19,11,28,15,1,69,232
64,23,13,5,491,310,20,19,69,232
64,17,313,19,69,114,7,265,23,232
64,17,76,19,11,28,46,33,23,232
64,23,13,5,491,310,157,1,69,232
64,17,313,19,69,255,11,40,23,232
64,17,313,19,69,114,224,13,23,232
64,17,313,19,69,114,7,0,23,232
64,17,76,19,11,28,67,13,23,232
64,17,76,19,11,32,9,1,69,232
64,17,313,19,69,114,7,33,23,232
64,23,33,176,9,3,0,316,403,232
64,17,76,19,11,32,382,1,69,232
64,17,76,19,11,32,9,316,403,232
64,23,33,176,9,3,25,19,69,232
64,23,33,176,9,3,0,1,69,232
64,17,179,45,11,3,4,0,23,232
64,23,33,176,9,3,8,1,69,232
64,17,6,18,5,19,390,424,23,232
64,17,179,45,11,3,6,0,23,232
64,23,33,176,9,3,11,19,69,232
64,17,6,18,5,19,24,0,23,232
64,17,179,45,11,3,8,1,69,232
64,23,33,176,9,3,287,1,69,232
64,23,33,176,9,3,11,255,69,232
64,17,6,18,5,19,11,40,23,232
64,17,179,45,11,3,9,1,69,232
64,23,33,176,9,3,392,1,69,232
64,17,6,18,5,19,11,255,69,232
64,17,179,45,11,3,287,1,69,232
64,17,179,45,11,3,9,316,403,232
64,17,6,3,0,23,44,1,69,232
64,17,179,45,11,3,25,19,69,232
64,17,313,19,69,1,0,175,23,232
64,17,179,45,19,5,1,0,23,232
64,17,179,45,11,3,392,1,69,232
64,17,313,19,69,1,0,316,403,232
64,17,179,45,19,5,1,44,23,232
64,17,76,19,11,45,193,117,69,232
64,17,63,87,8,10,16,104,23,232
64,23,40,11,19,5,0,1,69,232
64,17,76,19,11,311,168,13,23,232
64,17,76,19,11,45,164,1,69,232
64,17,63,87,8,267,140,33,23,232
64,17,63,87,8,10,2,0,23,232
64,23,40,11,19,5,15,1,69,232
64,23,40,11,19,5,0,316,403,232
64,17,76,19,11,330,260,0,23,232
64,17,76,19,11,45,168,13,23,232
64,17,63,87,8,352,239,0,23,232
64,23,40,11,19,5,127,1,69,232
64,17,76,19,11,440,28,144,23,232
64,17,63,87,8,133,3,0,23,232
64,23,40,11,19,5,157,1,69,232
64,17,76,19,11,49,46,33,23,232
64,17,76,19,11,440,28,41,23,232
64,17,63,87,8,26,320,13,23,232
64,17,63,87,8,133,3,1,69,232
64,23,40,11,19,5,161,1,69,232
64,17,76,19,11,118,21,1,69,232
64,17,63,87,8,83,5,1,69,232
64,17,63,87,8,26,21,1,69,232
64,17,63,87,8,133,3,13,23,232
64,23,40,11,19,5,188,1,69,232
64,17,76,19,11,257,4,0,23,232
64,17,63,87,8,83,220,1,69,232
64,17,63,87,8,83,5,0,23,232
64,17,76,19,11,241,469,1,69,232
64,17,76,19,11,475,1,0,23,232
64,17,63,87,8,83,5,13,23,232
64,17,76,19,11,324,287,1,69,232
64,17,76,19,11,475,1,44,23,232
64,17,63,87,8,83,5,19,69,232
64,23,357,236,60,33,7,1,69,232
64,23,13,5,60,33,7,1,69,232
64,17,179,45,19,390,15,1,69,232
64,23,357,236,60,65,57,1,69,232
64,23,357,236,60,33,35,1,69,232
64,23,357,236,60,33,7,114,69,232
64,23,13,5,60,65,57,1,69,232
64,23,13,5,60,33,35,1,69,232
64,23,13,5,60,33,7,114,69,232
64,23,357,236,60,290,3,1,69,232
64,23,13,5,60,290,3,1,69,232
64,17,6,3,11,5,0,1,69,232
64,23,104,16,31,80,97,1,69,232
64,17,0,148,8,100,414,337,23,232
64,17,6,3,11,5,0,175,23,232
64,23,13,3,11,19,5,1,69,232
64,17,179,45,19,5,0,1,69,232
64,17,6,3,11,5,0,316,403,232
64,17,103,62,7,20,30,36,23,232
64,17,179,45,19,5,0,175,23,232
64,17,179,45,19,24,298,44,23,232
64,17,103,62,7,20,202,206,23,232
64,17,179,45,19,5,0,316,403,232
64,17,313,19,69,1,236,357,23,232
64,17,103,62,7,20,204,44,23,232
64,17,179,45,19,24,0,1,69,232
64,17,313,19,69,1,35,33,23,232
64,17,103,62,7,20,284,19,69,232
64,17,179,45,19,24,0,175,23,232
64,17,313,19,69,1,7,33,23,232
64,17,103,62,7,20,310,365,69,232
64,17,179,45,19,24,0,316,403,232
64,17,313,19,69,1,3,0,23,232
64,17,313,19,69,1,7,0,23,232
64,17,103,62,7,20,21,1,69,232
64,17,313,19,69,1,9,316,403,232
64,17,313,19,69,1,3,13,23,232
64,17,313,19,69,1,7,265,23,232
64,17,103,62,7,20,78,1,69,232
64,17,313,19,69,1,5,0,23,232
64,17,179,45,19,5,11,255,69,232
64,17,179,45,19,20,310,365,69,232
64,17,313,19,69,1,5,13,23,232
64,17,179,45,19,5,15,1,69,232
64,17,179,45,19,5,11,40,23,232
64,17,179,45,19,25,3,1,69,232
64,17,179,45,19,20,7,33,23,232
64,17,179,45,19,5,48,337,23,232
64,17,179,45,19,54,30,36,23,232
64,17,179,45,19,25,3,0,23,232
64,17,179,45,19,20,30,36,23,232
64,17,179,45,19,20,7,0,23,232
64,17,179,45,19,5,60,33,23,232
64,17,179,45,19,76,162,44,23,232
64,17,179,45,19,25,3,13,23,232
64,17,179,45,19,20,202,206,23,232
64,17,179,45,19,20,7,1,69,232
64,17,179,45,19,5,127,1,69,232
64,17,179,45,19,20,204,44,23,232
64,17,179,45,19,20,7,114,69,232
64,17,179,45,19,5,157,1,69,232
64,17,179,45,19,20,21,1,69,232
64,17,179,45,19,20,7,265,23,232
64,17,179,45,19,5,161,1,69,232
64,17,179,45,19,20,78,1,69,232
64,17,364,51,5,157,253,13,23,232
64,17,179,45,19,5,188,1,69,232
64,17,6,0,4,3,1,44,23,232
64,17,364,51,5,157,307,33,23,232
64,17,179,45,19,5,436,383,23,232
64,23,13,5,48,493,9,316,403,232
64,17,364,51,5,157,310,365,69,232
64,17,179,45,19,5,473,33,23,232
64,23,13,5,48,51,294,19,69,232
64,23,13,5,48,493,9,1,69,232
64,17,6,3,8,148,0,1,69,232
64,23,13,5,48,61,15,1,69,232
64,17,6,18,5,15,390,424,23,232
64,17,6,3,8,148,0,175,23,232
64,23,13,5,48,122,21,1,69,232
64,17,6,18,5,15,16,104,23,232
64,17,6,18,5,15,390,19,69,232
64,17,6,3,8,148,0,316,403,232
64,23,13,5,48,174,157,1,69,232
64,17,6,18,5,15,28,41,23,232
64,17,0,1,9,32,11,19,69,232
64,17,6,18,5,15,1,0,23,232
64,17,6,18,5,15,28,144,23,232
64,17,0,1,9,32,11,40,23,232
64,17,6,18,5,15,1,44,23,232
64,17,179,45,19,11,3,13,23,232
64,17,0,1,9,32,11,255,69,232
64,17,6,37,7,114,224,13,23,232
64,17,179,45,19,11,5,1,69,232
64,17,179,45,19,11,3,0,23,232
64,17,6,18,5,48,7,0,23,232
64,17,179,45,19,11,28,144,23,232
64,17,179,45,19,11,5,0,23,232
64,17,179,45,19,11,3,1,69,232
64,17,6,18,5,48,7,1,69,232
64,17,179,45,19,11,332,104,23,232
64,17,179,45,19,11,28,41,23,232
64,17,179,45,19,11,5,13,23,232
64,17,6,18,5,48,7,33,23,232
64,17,179,45,19,11,475,1,69,232
64,17,179,268,5,157,1,0,23,232
64,17,6,18,5,48,7,114,69,232
64,17,179,45,19,11,32,178,23,232
64,17,179,268,5,157,1,44,23,232
64,17,6,18,5,48,7,265,23,232
64,17,179,45,19,11,139,359,69,232
64,23,33,7,0,316,9,1,69,232
64,23,13,5,433,46,80,117,69,232
64,17,76,19,11,5,15,1,69,232
64,23,144,299,368,188,5,1,69,232
64,23,13,5,286,30,20,19,69,232
64,23,13,5,433,46,63,275,69,232
64,17,76,19,11,5,48,337,23,232
64,23,144,299,368,188,5,19,69,232
64,23,13,5,363,74,20,19,69,232
64,23,13,5,286,30,54,19,69,232
64,17,76,19,11,5,60,33,23,232
64,23,13,5,18,6,173,114,69,232
64,17,6,18,5,60,236,1,69,232
64,17,76,19,11,5,127,1,69,232
64,23,13,5,268,179,45,19,69,232
64,23,13,5,18,6,0,316,403,232
64,17,6,18,5,60,236,357,23,232
64,17,76,19,11,5,157,1,69,232
64,23,13,5,309,272,24,19,69,232
64,23,13,5,18,6,3,1,69,232
64,23,13,5,18,6,0,1,69,232
64,17,76,19,11,5,161,1,69,232
64,23,13,5,371,14,3,1,69,232
64,23,13,5,309,272,7,1,69,232
64,17,76,19,11,5,188,1,69,232
64,23,13,5,473,33,7,114,69,232
64,23,13,5,309,272,7,114,69,232
64,17,76,19,11,5,436,383,23,232
64,23,13,5,126,427,7,1,69,232
64,23,13,5,473,33,35,1,69,232
64,23,13,5,473,33,7,1,69,232
64,17,76,19,11,5,473,33,23,232
64,23,13,5,66,65,57,1,69,232
64,23,13,5,126,427,7,114,69,232
64,23,13,5,86,46,63,275,69,232
64,17,167,293,1,15,390,424,23,232
64,17,6,3,11,332,104,150,23,232
64,23,13,5,86,46,80,117,69,232
64,17,167,293,1,21,438,0,23,232
64,17,167,293,1,15,5,0,23,232
64,17,167,293,1,15,390,19,69,232
64,17,167,293,1,97,420,175,23,232
64,17,167,293,1,21,20,19,69,232
64,17,167,293,1,15,16,104,23,232
64,17,167,293,1,15,5,13,23,232
64,17,167,293,1,326,252,350,373,232
64,17,167,293,1,97,80,117,69,232
64,17,167,293,1,21,84,419,23,232
64,17,167,293,1,15,28,41,23,232
64,17,167,293,1,15,5,19,69,232
64,17,167,293,1,111,385,33,23,232
64,17,167,293,1,21,140,33,23,232
64,17,167,293,1,15,28,144,23,232
64,17,167,293,1,475,11,19,69,232
64,23,144,299,362,5,0,1,69,232
64,23,13,5,48,7,347,350,373,232
64,17,167,293,1,22,7,114,69,232
64,17,167,293,1,475,11,40,23,232
64,23,144,299,362,5,15,1,69,232
64,23,144,299,362,5,0,316,403,232
64,23,13,5,48,7,0,316,403,232
64,17,167,293,1,127,5,19,69,232
64,17,167,293,1,22,7,0,23,232
64,17,167,293,1,475,11,255,69,232
64,23,144,299,362,5,11,19,69,232
64,23,13,5,48,7,22,1,69,232
64,23,13,5,48,7,0,1,69,232
64,17,167,293,1,78,20,19,69,232
64,17,167,293,1,127,5,0,23,232
64,17,167,293,1,22,7,33,23,232
64,23,144,299,362,5,127,1,69,232
64,23,144,299,362,5,11,255,69,232
64,23,13,5,48,7,20,19,69,232
64,17,167,293,1,164,45,19,69,232
64,17,167,293,1,127,5,13,23,232
64,17,167,293,1,22,7,265,23,232
64,23,144,299,362,5,157,1,69,232
64,17,167,293,1,157,5,19,69,232
64,17,167,293,1,5,0,175,23,232
64,23,144,299,362,5,161,1,69,232
64,17,167,293,1,161,5,19,69,232
64,17,167,293,1,157,253,13,23,232
64,17,167,293,1,157,5,0,23,232
64,17,167,293,1,5,0,316,403,232
64,23,144,299,362,5,188,1,69,232
64,17,167,293,1,188,5,19,69,232
64,17,167,293,1,161,5,0,23,232
64,17,167,293,1,157,307,33,23,232
64,17,167,293,1,157,5,13,23,232
64,17,167,293,1,100,414,337,23,232
64,17,167,293,1,188,5,0,23,232
64,17,167,293,1,161,5,13,23,232
64,17,167,293,1,157,310,365,69,232
64,17,167,293,1,152,34,0,23,232
64,17,167,293,1,100,260,0,23,232
64,17,167,293,1,188,5,13,23,232
64,17,167,293,1,8,3,0,23,232
64,17,6,18,5,127,1,0,23,232
64,23,104,16,30,20,7,1,69,232
64,17,167,293,1,57,465,150,23,232
64,17,167,293,1,8,148,0,23,232
64,17,167,293,1,8,3,13,23,232
64,17,6,18,5,127,1,44,23,232
64,23,104,16,30,20,21,1,69,232
64,23,104,16,30,20,7,114,69,232
64,17,167,293,1,287,3,0,23,232
64,17,167,293,1,57,31,13,23,232
64,23,104,16,30,20,284,19,69,232
64,17,167,293,1,382,32,178,23,232
64,17,167,293,1,287,323,27,23,232
64,17,167,293,1,287,3,13,23,232
64,23,104,16,30,20,78,1,69,232
64,17,167,293,1,392,3,0,23,232
64,17,63,46,33,7,22,1,69,232
64,23,104,16,30,20,310,365,69,232
64,17,167,293,1,431,490,104,23,232
64,17,167,293,1,392,3,13,23,232
64,17,63,46,33,7,48,337,23,232
64,17,167,293,1,441,131,33,23,232
64,17,167,293,1,431,190,33,23,232
64,17,63,46,33,7,347,350,373,232
64,17,167,293,1,441,131,104,23,232
64,17,179,268,5,157,253,13,23,232
64,17,63,46,33,7,20,19,69,232
64,17,6,18,453,28,11,19,69,232
64,17,179,268,5,157,307,33,23,232
64,17,63,46,33,7,459,424,23,232
64,17,6,18,453,28,15,1,69,232
64,17,6,18,453,28,11,40,23,232
64,17,179,268,5,157,310,365,69,232
64,17,6,18,453,28,46,33,23,232
64,17,6,18,453,28,11,255,69,232
64,17,6,18,5,157,253,13,23,232
64,17,6,18,453,28,67,13,23,232
64,17,63,87,8,1,236,357,23,232
64,17,6,18,5,157,307,33,23,232
64,17,6,3,11,475,1,0,23,232
64,17,63,87,8,1,35,33,23,232
64,17,6,18,5,157,310,365,69,232
64,17,6,3,11,475,1,44,23,232
64,17,63,87,8,1,7,33,23,232
64,17,63,46,33,23,0,1,69,232
64,17,6,0,5,11,3,1,69,232
64,17,63,87,8,1,9,316,403,232
64,17,63,87,8,1,7,0,23,232
64,17,63,46,33,23,44,1,69,232
64,17,63,46,33,23,0,316,403,232
64,17,6,0,5,11,28,144,23,232
64,17,6,0,5,11,3,13,23,232
64,17,63,87,8,1,3,0,23,232
64,17,63,87,8,1,7,114,69,232
64,17,6,0,5,11,45,19,69,232
64,17,6,0,5,11,28,41,23,232
64,17,63,87,8,1,5,0,23,232
64,17,63,87,8,1,3,13,23,232
64,17,63,87,8,1,7,265,23,232
64,17,6,0,5,11,332,104,23,232
64,17,63,87,8,1,5,13,23,232
64,23,13,5,0,3,9,316,403,232
64,17,6,0,5,11,475,1,69,232
64,17,63,87,8,1,5,19,69,232
64,23,13,5,0,3,25,19,69,232
64,23,13,5,0,3,9,1,69,232
64,17,6,0,5,11,32,178,23,232
64,23,13,5,0,3,8,1,69,232
64,17,167,293,1,5,11,19,69,232
64,17,6,0,5,11,139,359,69,232
64,23,13,5,0,3,11,19,69,232
64,17,167,293,1,5,60,33,23,232
64,17,167,293,1,5,11,40,23,232
64,23,13,5,0,3,287,1,69,232
64,23,13,5,0,3,11,255,69,232
64,17,167,293,1,5,436,383,23,232
64,17,167,293,1,5,11,255,69,232
64,23,13,5,0,3,392,1,69,232
64,17,167,293,1,5,473,33,23,232
64,17,6,18,5,157,1,0,23,232
64,17,0,23,33,7,20,19,69,232
64,17,167,293,1,5,48,337,23,232
64,17,6,18,5,157,1,44,23,232
64,17,0,23,33,7,347,350,373,232
64,17,6,18,5,161,1,0,23,232
64,17,6,18,5,161,227,1,69,232
64,17,0,23,33,7,22,1,69,232
64,17,6,18,5,161,1,44,23,232
64,23,104,16,10,8,3,1,69,232
64,23,175,0,1,326,252,350,373,232
64,23,424,390,19,5,0,1,69,232
64,23,104,16,10,8,93,1,69,232
64,23,175,0,1,78,20,19,69,232
64,23,424,390,19,5,15,1,69,232
64,23,424,390,19,5,0,316,403,232
64,23,104,16,10,8,100,1,69,232
64,23,175,0,1,15,390,19,69,232
64,23,424,390,19,5,11,255,69,232
64,23,104,16,10,8,191,1,69,232
64,23,175,0,1,127,5,19,69,232
64,23,175,0,1,15,5,19,69,232
64,23,424,390,19,5,127,1,69,232
64,23,104,16,10,8,317,1,69,232
64,23,175,0,1,157,5,19,69,232
64,23,424,390,19,5,157,1,69,232
64,17,6,18,5,188,1,0,23,232
64,23,175,0,1,161,5,19,69,232
64,23,175,0,1,157,310,365,69,232
64,23,424,390,19,5,161,1,69,232
64,17,6,18,5,188,1,44,23,232
64,23,175,0,1,188,5,19,69,232
64,23,424,390,19,5,188,1,69,232
64,17,6,18,5,11,3,1,69,232
64,23,175,0,1,22,7,114,69,232
64,17,0,148,8,100,1,44,23,232
64,17,6,18,5,11,28,144,23,232
64,17,6,18,5,11,3,0,23,232
64,23,175,0,1,3,9,316,403,232
64,17,6,18,5,11,45,19,69,232
64,17,6,18,5,11,28,41,23,232
64,17,6,18,5,11,3,13,23,232
64,23,175,0,1,164,45,19,69,232
64,23,175,0,1,3,25,19,69,232
64,17,6,18,5,11,332,104,23,232
64,23,175,0,1,475,11,19,69,232
64,23,175,0,1,3,11,19,69,232
64,17,6,18,5,11,475,1,69,232
64,23,175,0,1,21,20,19,69,232
64,23,175,0,1,475,11,255,69,232
64,23,175,0,1,3,11,255,69,232
64,17,6,18,5,11,32,178,23,232
64,23,175,0,1,97,80,117,69,232
64,17,34,0,7,33,153,40,23,232
64,17,6,18,5,11,139,359,69,232
64,17,167,293,1,7,347,350,373,232
64,17,34,0,7,33,35,1,69,232
64,17,63,87,8,317,1,0,23,232
64,17,167,293,1,7,459,424,23,232
64,17,34,0,7,33,131,104,23,232
64,17,63,87,8,317,1,44,23,232
64,17,167,293,1,7,20,19,69,232
64,17,179,268,5,161,227,1,69,232
64,17,6,18,5,12,139,359,69,232
64,17,167,293,1,7,48,337,23,232
64,17,0,316,9,1,236,357,23,232
64,17,6,18,5,51,177,13,23,232
64,17,6,18,5,12,2,0,23,232
64,17,0,316,9,1,35,33,23,232
64,17,6,18,5,83,8,1,69,232
64,17,6,18,5,51,262,27,23,232
64,17,0,316,9,1,7,33,23,232
64,17,6,18,5,86,46,33,23,232
64,17,6,18,5,83,220,1,69,232
64,17,6,18,5,51,294,19,69,232
64,17,0,316,9,1,3,13,23,232
64,17,0,316,9,1,7,114,69,232
64,17,6,18,5,371,466,424,23,232
64,17,6,18,5,86,226,1,69,232
64,17,6,18,5,51,366,44,23,232
64,17,0,316,9,1,5,13,23,232
64,23,36,30,20,7,0,316,403,232
64,17,6,42,4,3,0,1,69,232
64,17,0,316,9,1,7,265,23,232
64,17,6,18,5,433,46,33,23,232
64,17,6,18,5,51,48,337,23,232
64,17,0,316,9,1,5,19,69,232
64,23,36,30,20,7,22,1,69,232
64,23,36,30,20,7,0,1,69,232
64,17,6,42,4,3,0,175,23,232
64,17,6,18,5,491,310,365,69,232
64,17,6,18,5,51,160,0,23,232
64,23,36,30,20,7,347,350,373,232
64,23,33,7,0,3,9,316,403,232
64,17,6,42,4,3,0,316,403,232
64,17,6,18,5,362,299,144,23,232
64,17,6,42,4,3,9,316,403,232
64,17,179,268,5,161,1,0,23,232
64,23,33,7,0,3,25,19,69,232
64,23,33,7,0,3,9,1,69,232
64,17,6,18,5,286,30,36,23,232
64,17,6,42,4,3,11,19,69,232
64,17,6,42,4,3,9,1,69,232
64,17,179,268,5,161,1,44,23,232
64,23,33,7,0,3,8,1,69,232
64,17,6,18,5,270,9,1,69,232
64,17,6,42,4,3,25,19,69,232
64,17,6,42,4,3,11,40,23,232
64,17,34,0,5,19,390,424,23,232
64,23,33,7,0,3,11,19,69,232
64,17,6,18,5,270,9,316,403,232
64,17,6,42,4,3,8,1,69,232
64,17,6,42,4,3,11,255,69,232
64,17,34,0,5,19,11,40,23,232
64,23,33,7,0,3,287,1,69,232
64,23,33,7,0,3,11,255,69,232
64,17,6,42,4,3,287,1,69,232
64,17,0,4,113,15,5,1,69,232
64,17,34,0,5,19,11,255,69,232
64,23,33,7,0,3,392,1,69,232
64,17,0,4,113,15,1,44,23,232
64,17,6,42,4,3,392,1,69,232
64,17,0,4,113,15,16,104,23,232
64,17,0,4,113,15,5,13,23,232
64,17,34,0,3,8,93,1,69,232
64,17,34,0,3,8,1,44,23,232
64,17,6,0,4,3,9,316,403,232
64,17,0,4,113,15,28,41,23,232
64,17,0,4,113,15,5,19,69,232
64,17,34,0,3,8,100,1,69,232
64,17,0,4,301,100,8,1,69,232
64,17,6,0,4,3,11,19,69,232
64,17,6,0,4,3,9,1,69,232
64,17,0,4,113,15,390,424,23,232
64,17,0,4,113,15,28,144,23,232
64,17,34,0,3,8,191,1,69,232
64,17,0,4,301,100,414,337,23,232
64,17,6,0,4,3,25,19,69,232
64,17,6,0,4,3,11,40,23,232
64,17,0,4,113,15,390,19,69,232
64,17,34,0,3,8,317,1,69,232
64,17,34,0,3,9,32,178,23,232
64,17,6,0,4,3,8,1,69,232
64,17,6,0,4,3,11,255,69,232
64,17,34,0,3,9,1,44,23,232
64,17,6,3,0,7,1,44,23,232
64,17,34,0,3,9,38,401,23,232
64,17,6,0,4,3,287,1,69,232
64,17,0,4,301,100,1,44,23,232
64,17,186,387,28,11,3,1,69,232
64,17,406,250,3,287,1,0,23,232
64,17,34,0,3,9,176,33,23,232
64,17,6,0,4,3,392,1,69,232
64,17,0,457,252,326,1,44,23,232
64,17,186,387,28,11,5,1,69,232
64,17,186,387,28,11,3,0,23,232
64,17,406,250,3,287,1,44,23,232
64,17,6,0,3,392,1,44,23,232
64,23,13,5,0,50,44,1,69,232
64,17,186,387,28,11,45,19,69,232
64,17,186,387,28,11,5,0,23,232
64,17,186,387,28,11,3,13,23,232
64,17,101,126,5,48,7,0,23,232
64,23,13,5,0,457,252,350,373,232
64,17,186,387,28,11,332,104,23,232
64,17,186,387,28,11,5,13,23,232
64,23,13,168,45,11,5,1,69,232
64,17,101,126,5,48,7,1,69,232
64,23,13,5,0,56,44,1,69,232
64,17,186,387,28,11,475,1,69,232
64,17,186,387,28,11,5,19,69,232
64,23,13,168,45,11,139,359,69,232
64,23,13,168,45,11,5,19,69,232
64,17,101,126,5,48,7,33,23,232
64,23,13,5,0,34,152,1,69,232
64,17,186,387,28,11,32,178,23,232
64,23,13,168,45,11,3,1,69,232
64,17,0,4,159,37,299,144,23,232
64,17,101,126,5,48,7,114,69,232
64,23,13,5,0,99,80,117,69,232
64,17,186,387,28,11,139,359,69,232
64,23,13,168,45,11,475,1,69,232
64,17,0,4,42,6,3,13,23,232
64,17,0,4,159,276,84,419,23,232
64,17,0,4,159,37,7,1,69,232
64,17,101,126,5,48,7,265,23,232
64,23,13,5,0,6,173,114,69,232
64,17,0,4,147,47,3,1,69,232
64,17,0,4,42,463,116,1,69,232
64,17,0,4,42,6,173,114,69,232
64,17,0,4,42,6,3,1,69,232
64,17,0,4,159,37,487,1,69,232
64,17,0,4,159,37,7,114,69,232
64,23,13,5,0,17,63,275,69,232
64,23,13,5,0,6,3,1,69,232
64,17,0,4,147,47,16,104,23,232
64,17,0,4,147,47,3,13,23,232
64,17,0,4,42,81,5,13,23,232
64,17,0,4,159,37,7,33,23,232
64,23,13,5,0,438,21,1,69,232
64,23,13,5,0,17,313,19,69,232
64,17,0,4,147,47,123,13,23,232
64,17,0,4,42,82,67,13,23,232
64,17,0,4,42,81,5,1,69,232
64,17,0,4,159,37,7,265,23,232
64,23,13,5,0,260,100,1,69,232
64,23,13,5,0,17,76,19,69,232
64,17,0,4,42,151,45,19,69,232
64,17,0,4,42,81,5,19,69,232
64,17,34,0,3,287,323,27,23,232
64,23,13,5,0,148,8,1,69,232
64,23,175,0,5,1,7,114,69,232
64,17,34,0,3,287,1,44,23,232
64,23,401,38,9,316,0,1,69,232
64,23,0,1,5,12,139,359,69,232
64,23,13,5,0,4,3,1,69,232
64,23,175,0,5,1,9,316,403,232
64,17,101,126,5,60,236,1,69,232
64,17,0,5,83,8,1,44,23,232
64,23,0,1,5,15,390,19,69,232
64,17,34,0,3,327,22,1,69,232
64,17,34,0,3,392,1,44,23,232
64,17,101,126,5,60,236,357,23,232
64,23,13,5,0,7,22,1,69,232
64,23,0,1,5,13,224,114,69,232
64,17,34,0,3,6,173,114,69,232
64,17,34,0,3,11,28,41,23,232
64,17,6,3,11,5,1,0,23,232
64,23,13,5,0,7,20,19,69,232
64,23,0,1,5,51,294,19,69,232
64,17,34,0,3,498,28,41,23,232
64,17,34,0,3,11,32,178,23,232
64,17,34,0,3,11,28,144,23,232
64,17,6,3,11,5,1,44,23,232
64,23,13,5,0,7,347,350,373,232
64,23,0,1,5,270,9,316,403,232
64,17,34,0,3,452,448,206,23,232
64,17,34,0,3,498,28,144,23,232
64,17,34,0,3,11,332,104,23,232
64,17,34,38,281,3,0,1,69,232
64,23,0,1,5,157,310,365,69,232
64,17,34,0,3,98,28,41,23,232
64,23,44,298,24,19,5,1,69,232
64,17,34,0,3,11,5,13,23,232
64,17,34,38,281,3,0,175,23,232
64,23,0,1,5,491,310,365,69,232
64,17,34,0,3,250,347,350,373,232
64,17,34,0,3,98,28,144,23,232
64,23,44,298,24,19,11,255,69,232
64,17,34,0,3,11,475,1,69,232
64,17,34,0,3,11,5,1,69,232
64,17,34,38,281,3,0,316,403,232
64,23,0,1,5,48,7,114,69,232
64,17,34,0,3,281,38,401,23,232
64,17,34,0,3,11,45,19,69,232
64,17,34,0,3,11,5,19,69,232
64,17,101,126,5,127,1,0,23,232
64,17,27,23,0,3,9,316,403,232
64,17,34,0,3,290,60,33,23,232
64,17,34,0,3,11,139,359,69,232
64,23,265,7,1,0,24,19,69,232
64,17,101,126,5,127,1,44,23,232
64,17,27,23,0,3,25,19,69,232
64,17,27,23,0,3,9,1,69,232
64,17,34,0,3,416,157,1,69,232
64,23,265,7,1,0,5,19,69,232
64,17,63,203,266,215,351,150,23,232
64,17,27,23,0,3,8,1,69,232
64,17,101,126,5,157,253,13,23,232
64,17,34,0,3,372,253,13,23,232
64,17,101,126,5,157,1,0,23,232
64,17,63,203,370,250,3,13,23,232
64,17,63,203,266,215,28,41,23,232
64,17,27,23,0,3,11,19,69,232
64,17,101,126,5,157,307,33,23,232
64,17,34,0,3,59,28,41,23,232
64,17,101,126,5,157,1,44,23,232
64,17,63,203,370,250,347,350,373,232
64,17,63,203,370,250,3,0,23,232
64,17,63,203,266,215,258,175,23,232
64,17,63,203,266,215,28,144,23,232
64,17,27,23,0,3,287,1,69,232
64,17,27,23,0,3,11,255,69,232
64,17,101,126,5,157,310,365,69,232
64,17,34,0,3,47,16,104,23,232
64,17,34,0,3,59,28,144,23,232
64,17,63,203,370,250,3,1,69,232
64,17,27,23,0,3,392,1,69,232
64,17,179,268,5,188,1,0,23,232
64,17,34,38,197,32,9,1,69,232
64,17,34,0,3,75,31,13,23,232
64,17,34,0,3,47,123,13,23,232
64,17,63,203,417,46,28,41,23,232
64,17,0,175,420,97,80,117,69,232
64,17,179,268,5,188,1,44,23,232
64,17,34,38,197,32,11,19,69,232
64,17,34,38,197,32,9,316,403,232
64,17,34,0,3,133,8,1,69,232
64,17,63,203,417,46,80,117,69,232
64,17,63,203,417,46,28,144,23,232
64,17,0,175,420,97,108,1,69,232
64,17,34,38,197,32,382,1,69,232
64,17,34,38,197,32,11,40,23,232
64,23,0,5,12,241,11,255,69,232
64,17,63,203,417,46,170,33,23,232
64,17,101,126,5,161,227,1,69,232
64,17,101,126,5,161,1,0,23,232
64,17,34,38,88,450,161,1,69,232
64,17,34,38,197,32,11,255,69,232
64,23,0,5,12,107,7,1,69,232
64,23,0,5,12,241,469,1,69,232
64,23,0,5,12,241,11,19,69,232
64,17,101,126,5,161,1,44,23,232
64,17,34,38,88,218,46,33,23,232
64,17,0,4,257,11,3,1,69,232
64,23,0,5,12,115,20,19,69,232
64,23,0,5,12,107,7,114,69,232
64,17,313,19,11,5,1,0,23,232
64,17,34,38,88,223,143,0,23,232
64,17,0,4,257,11,5,1,69,232
64,17,0,4,257,11,3,13,23,232
64,23,0,5,12,58,24,19,69,232
64,17,313,19,11,5,1,44,23,232
64,17,0,4,257,11,28,41,23,232
64,17,0,4,257,11,5,13,23,232
64,23,0,5,12,189,45,19,69,232
64,17,0,5,86,46,28,41,23,232
64,17,0,4,257,11,32,178,23,232
64,17,0,4,257,11,28,144,23,232
64,17,0,4,257,11,5,19,69,232
64,23,0,5,12,245,24,19,69,232
64,17,0,5,86,46,63,275,69,232
64,17,0,5,86,46,28,144,23,232
64,17,0,4,257,11,45,19,69,232
64,23,0,5,12,425,220,1,69,232
64,17,0,5,86,46,80,117,69,232
64,23,33,131,441,1,5,19,69,232
64,17,0,4,257,11,139,359,69,232
64,23,0,5,12,458,173,114,69,232
64,17,0,5,86,46,170,33,23,232
64,23,33,131,441,1,7,114,69,232
64,17,0,4,257,11,332,104,23,232
64,23,0,5,12,73,24,19,69,232
64,23,13,119,112,22,7,1,69,232
64,23,33,131,441,1,0,316,403,232
64,17,0,4,257,11,475,1,69,232
64,23,0,5,12,90,111,1,69,232
64,23,0,5,12,73,134,1,69,232
64,23,13,119,112,22,7,114,69,232
64,23,33,131,441,1,9,316,403,232
64,17,0,24,19,11,3,13,23,232
64,23,0,24,212,45,11,19,69,232
64,17,0,457,252,200,7,33,23,232
64,17,101,126,5,11,3,1,69,232
64,17,0,24,19,11,5,1,69,232
64,17,0,24,19,11,3,1,69,232
64,23,0,24,212,45,164,1,69,232
64,23,0,24,212,45,11,255,69,232
64,17,0,457,252,68,38,401,23,232
64,17,0,457,252,200,207,41,23,232
64,17,0,457,252,200,7,1,69,232
64,17,101,126,5,11,28,144,23,232
64,17,101,126,5,11,3,0,23,232
64,17,0,24,19,11,28,144,23,232
64,17,0,24,19,11,5,13,23,232
64,23,0,24,212,45,193,117,69,232
64,17,0,457,252,200,7,114,69,232
64,17,101,126,5,11,45,19,69,232
64,17,101,126,5,11,28,41,23,232
64,17,101,126,5,11,3,13,23,232
64,17,0,24,19,11,332,104,23,232
64,17,0,24,19,11,28,41,23,232
64,17,0,457,252,200,7,265,23,232
64,17,101,126,5,11,332,104,23,232
64,17,0,24,19,11,32,178,23,232
64,23,0,24,73,84,21,1,69,232
64,17,0,5,83,8,3,1,69,232
64,17,101,126,5,11,475,1,69,232
64,17,0,24,19,11,475,1,69,232
64,23,0,24,73,12,5,1,69,232
64,17,0,5,83,8,93,1,69,232
64,17,0,5,83,8,3,13,23,232
64,17,101,126,5,11,32,178,23,232
64,17,0,24,19,11,139,359,69,232
64,23,0,24,73,12,139,359,69,232
64,23,0,24,73,12,5,19,69,232
64,17,0,5,83,8,100,1,69,232
64,17,101,126,5,11,139,359,69,232
64,17,319,45,19,5,0,1,69,232
64,17,27,23,0,5,15,1,69,232
64,17,0,5,83,8,191,1,69,232
64,17,6,3,11,311,168,13,23,232
64,17,319,45,19,5,0,175,23,232
64,17,27,23,0,5,11,19,69,232
64,17,0,5,83,8,317,1,69,232
64,17,6,3,11,330,260,0,23,232
64,17,319,45,19,5,0,316,403,232
64,17,27,23,0,5,127,1,69,232
64,17,27,23,0,5,11,255,69,232
64,17,6,3,11,440,28,144,23,232
64,23,13,320,26,8,3,1,69,232
64,17,27,23,0,5,157,1,69,232
64,17,27,262,51,136,28,41,23,232
64,17,6,3,11,49,46,33,23,232
64,17,6,3,11,440,28,41,23,232
64,23,13,320,26,8,93,1,69,232
64,17,27,23,0,5,161,1,69,232
64,17,27,262,51,428,22,1,69,232
64,17,27,262,51,136,28,144,23,232
64,17,6,3,11,118,21,1,69,232
64,23,13,320,26,8,100,1,69,232
64,17,27,23,0,5,188,1,69,232
64,17,27,262,51,130,46,33,23,232
64,17,6,3,11,257,4,0,23,232
64,23,13,320,26,8,191,1,69,232
64,17,27,262,51,366,44,1,69,232
64,17,27,262,51,269,20,19,69,232
64,17,6,3,11,241,469,1,69,232
64,23,13,320,26,8,317,1,69,232
64,23,0,24,251,45,11,19,69,232
64,23,0,24,272,309,5,1,69,232
64,17,6,3,11,324,287,1,69,232
64,23,0,24,285,32,382,1,69,232
64,23,0,24,251,45,164,1,69,232
64,23,0,24,251,45,11,255,69,232
64,23,0,24,272,309,5,19,69,232
64,23,0,24,58,254,25,19,69,232
64,23,0,24,285,399,471,1,69,232
64,23,0,24,285,32,9,316,403,232
64,23,0,24,251,45,193,117,69,232
64,23,0,24,261,84,21,1,69,232
64,23,0,24,58,12,5,1,69,232
64,23,0,24,285,32,11,19,69,232
64,23,0,24,285,32,9,1,69,232
64,23,0,24,245,12,5,1,69,232
64,23,0,24,58,12,139,359,69,232
64,23,0,24,58,12,5,19,69,232
64,23,0,24,285,32,11,255,69,232
64,23,0,24,245,12,139,359,69,232
64,23,0,24,245,12,5,19,69,232
64,17,6,3,0,5,11,19,69,232
64,17,34,0,175,420,97,1,69,232
64,17,6,0,7,22,1,44,23,232
64,23,0,24,272,7,347,350,373,232
64,17,6,3,0,5,15,1,69,232
64,17,6,3,0,5,11,40,23,232
64,17,179,268,5,12,139,359,69,232
64,23,0,24,272,7,22,1,69,232
64,17,6,3,0,5,48,337,23,232
64,17,6,3,0,5,11,255,69,232
64,17,179,268,5,18,6,0,23,232
64,17,179,268,5,12,2,0,23,232
64,23,0,24,272,7,20,19,69,232
64,17,6,3,0,5,60,33,23,232
64,17,179,268,5,51,48,337,23,232
64,23,36,30,20,310,157,1,69,232
64,23,36,30,20,202,173,114,69,232
64,17,6,3,0,5,127,1,69,232
64,17,179,268,5,83,8,1,69,232
64,17,179,268,5,51,294,19,69,232
64,23,36,30,20,204,44,1,69,232
64,17,6,3,0,5,157,1,69,232
64,17,179,268,5,86,226,1,69,232
64,17,179,268,5,83,220,1,69,232
64,17,179,268,5,51,262,27,23,232
64,23,36,30,20,95,296,1,69,232
64,17,6,3,0,5,161,1,69,232
64,17,179,268,5,371,466,424,23,232
64,17,179,268,5,86,46,33,23,232
64,17,179,268,5,51,160,0,23,232
64,23,36,30,20,470,45,19,69,232
64,17,6,3,0,5,188,1,69,232
64,17,179,268,5,433,46,33,23,232
64,17,179,268,5,51,177,13,23,232
64,17,406,250,3,287,323,27,23,232
64,17,6,3,0,5,436,383,23,232
64,17,179,268,5,491,310,365,69,232
64,17,179,268,5,51,366,44,23,232
64,17,313,19,5,1,236,357,23,232
64,17,6,3,0,5,473,33,23,232
64,17,179,268,5,270,9,316,403,232
64,23,41,155,91,22,7,1,69,232
64,17,313,19,5,1,3,0,23,232
64,17,0,24,19,69,1,44,23,232
64,17,179,268,5,362,299,144,23,232
64,23,41,155,91,10,8,1,69,232
64,23,41,155,482,9,3,1,69,232
64,17,0,1,69,19,390,424,23,232
64,17,101,126,5,1,0,175,23,232
64,17,179,268,5,270,9,1,69,232
64,23,41,155,91,22,7,114,69,232
64,17,313,19,5,1,9,316,403,232
64,17,313,19,5,1,3,13,23,232
64,17,179,268,5,286,30,36,23,232
64,23,13,123,47,312,78,1,69,232
64,17,0,1,69,114,7,265,23,232
64,17,0,1,69,19,11,40,23,232
64,17,101,126,5,1,0,316,403,232
64,23,41,341,272,309,5,19,69,232
64,17,313,19,5,1,7,0,23,232
64,23,41,341,272,24,0,316,403,232
64,17,101,126,5,188,1,0,23,232
64,23,13,123,47,16,15,1,69,232
64,17,0,1,69,255,11,40,23,232
64,17,0,1,69,114,224,13,23,232
64,17,0,1,69,114,7,33,23,232
64,17,0,1,69,19,5,13,23,232
64,23,41,341,272,309,5,1,69,232
64,17,313,19,5,1,35,33,23,232
64,17,313,19,5,1,7,114,69,232
64,23,41,341,272,24,0,1,69,232
64,17,101,126,5,188,1,44,23,232
64,23,13,123,47,71,116,1,69,232
64,23,41,341,272,7,20,19,69,232
64,23,13,123,47,3,0,316,403,232
64,17,101,126,5,12,139,359,69,232
64,17,313,19,5,1,7,33,23,232
64,17,34,38,53,198,116,1,69,232
64,17,0,175,420,97,1,44,23,232
64,23,13,320,26,344,157,1,69,232
64,23,41,341,272,7,0,316,403,232
64,23,13,123,47,3,9,316,403,232
64,23,13,123,47,3,0,1,69,232
64,17,101,126,5,18,6,0,23,232
64,17,101,126,5,12,2,0,23,232
64,17,313,19,5,1,7,265,23,232
64,17,34,38,53,198,448,206,23,232
64,23,41,341,272,7,22,1,69,232
64,23,41,341,272,7,0,1,69,232
64,23,13,123,47,3,25,19,69,232
64,23,13,123,47,3,9,1,69,232
64,17,101,126,5,51,48,337,23,232
64,23,41,207,200,484,8,1,69,232
64,23,41,207,200,252,326,1,69,232
64,23,41,341,272,7,347,350,373,232
64,23,41,207,200,7,20,19,69,232
64,23,13,320,26,21,20,19,69,232
64,23,265,7,1,3,0,316,403,232
64,23,13,177,409,126,5,19,69,232
64,23,13,123,47,3,8,1,69,232
64,17,34,38,9,482,155,41,23,232
64,17,101,126,5,83,8,1,69,232
64,17,101,126,5,51,294,19,69,232
64,23,41,207,200,37,7,1,69,232
64,17,34,38,9,3,4,0,23,232
64,17,6,37,299,476,157,1,69,232
64,23,41,207,200,7,0,316,403,232
64,23,104,131,33,7,0,316,403,232
64,23,265,7,1,15,390,19,69,232
64,23,144,28,145,32,382,1,69,232
64,23,265,7,1,3,25,19,69,232
64,23,13,177,409,126,5,1,69,232
64,23,13,123,47,3,11,19,69,232
64,17,34,38,281,3,1,0,23,232
64,17,0,148,8,317,1,44,23,232
64,17,6,0,7,1,236,357,23,232
64,17,179,45,146,30,16,104,23,232
64,17,34,38,9,493,48,337,23,232
64,17,101,126,5,86,226,1,69,232
64,23,44,1,0,7,20,19,69,232
64,17,101,126,5,83,220,1,69,232
64,17,101,126,5,51,262,27,23,232
64,23,13,3,287,324,11,19,69,232
64,23,13,278,103,17,0,316,403,232
64,23,41,207,200,37,487,1,69,232
64,17,179,45,402,376,32,178,23,232
64,23,41,207,200,37,7,114,69,232
64,17,179,45,402,472,1,0,23,232
64,17,34,38,9,3,6,0,23,232
64,17,6,37,299,362,5,13,23,232
64,23,0,5,270,9,3,1,69,232
64,17,186,387,28,46,63,275,69,232
64,23,13,306,91,10,8,1,69,232
64,23,41,207,200,7,22,1,69,232
64,23,41,207,200,7,0,1,69,232
64,23,13,5,157,432,293,1,69,232
64,23,104,131,33,7,20,19,69,232
64,23,104,131,33,7,0,1,69,232
64,23,13,306,91,22,7,1,69,232
64,23,265,7,1,127,5,19,69,232
64,23,265,7,1,15,5,19,69,232
64,23,13,177,51,160,0,316,403,232
64,17,179,45,396,25,3,1,69,232
64,23,144,28,145,32,9,316,403,232
64,23,44,1,0,3,9,316,403,232
64,23,265,7,1,3,9,316,403,232
64,23,44,1,0,5,11,19,69,232
64,17,34,38,88,9,3,1,69,232
64,17,0,5,1,15,390,424,23,232
64,17,6,3,11,5,15,1,69,232
64,23,13,177,51,5,0,1,69,232
64,23,13,123,47,3,287,1,69,232
64,23,13,123,47,3,11,255,69,232
64,17,179,45,379,2,0,1,69,232
64,17,34,38,281,3,1,44,23,232
64,23,337,48,5,157,310,365,69,232
64,17,6,3,8,191,1,0,23,232
64,17,6,0,7,1,35,33,23,232
64,17,179,45,146,30,20,19,69,232
64,23,13,67,82,289,139,359,69,232
64,17,34,38,9,292,46,33,23,232
64,17,6,173,114,7,0,1,69,232
64,23,33,46,63,17,0,1,69,232
64,17,101,126,5,371,466,424,23,232
64,17,101,126,5,86,46,33,23,232
64,23,44,56,0,316,9,1,69,232
64,23,44,1,0,7,347,350,373,232
64,17,179,45,166,35,1,0,23,232
64,17,0,148,8,191,1,44,23,232
64,23,41,28,498,3,0,316,403,232
64,17,101,126,5,51,160,0,23,232
64,23,13,5,157,310,20,19,69,232
64,23,41,28,46,292,9,316,403,232
64,23,13,3,287,324,11,255,69,232
64,23,41,28,46,80,97,1,69,232
64,23,13,278,103,213,8,1,69,232
64,17,34,38,53,45,11,19,69,232
64,17,27,23,0,457,252,350,373,232
64,17,0,148,8,26,320,13,23,232
64,23,13,278,103,17,76,19,69,232
64,23,13,278,103,17,0,1,69,232
64,23,13,3,392,1,5,19,69,232
64,17,179,45,402,462,57,1,69,232
64,17,0,5,86,231,28,41,23,232
64,17,179,45,212,24,0,1,69,232
64,17,179,45,402,472,1,44,23,232
64,17,34,38,9,3,8,1,69,232
64,17,6,3,0,50,44,1,69,232
64,17,6,37,299,368,188,1,69,232
64,17,27,23,0,7,347,350,373,232
64,17,101,126,5,0,1,44,23,232
64,23,41,28,145,32,382,1,69,232
64,17,6,37,299,362,5,0,23,232
64,23,13,168,45,470,20,19,69,232
64,17,186,387,28,46,80,117,69,232
64,23,265,7,0,3,9,316,403,232
64,17,6,3,13,5,11,19,69,232
64,17,179,45,251,24,0,1,69,232
64,17,179,45,212,24,298,44,23,232
64,23,41,207,200,7,347,350,373,232
64,17,0,6,3,9,32,178,23,232
64,17,0,6,3,9,1,44,23,232
64,23,265,7,0,3,9,1,69,232
64,17,0,438,21,20,7,1,69,232
64,23,0,7,272,309,5,1,69,232
64,23,33,131,186,17,0,1,69,232
64,17,34,38,88,9,1,0,23,232
64,23,144,28,11,3,0,316,403,232
64,23,0,438,21,26,8,1,69,232
64,23,13,5,157,416,3,1,69,232
64,23,104,131,33,7,347,350,373,232
64,23,41,28,59,3,0,316,403,232
64,17,179,45,53,198,116,1,69,232
64,17,179,45,53,38,9,1,69,232
64,23,13,306,91,22,7,114,69,232
64,23,265,7,1,326,252,350,373,232
64,17,179,45,251,24,298,44,23,232
64,17,0,175,258,215,28,41,23,232
64,17,6,37,299,144,28,41,23,232
64,23,175,0,6,3,9,316,403,232
64,23,41,28,90,12,5,1,69,232
64,23,13,177,51,366,44,1,69,232
64,23,13,177,51,160,0,1,69,232
64,17,179,45,396,25,3,0,23,232
64,23,144,28,145,32,11,19,69,232
64,23,401,38,53,198,116,1,69,232
64,23,175,0,6,18,5,1,69,232
64,23,144,28,145,32,9,1,69,232
64,23,44,1,0,457,252,350,373,232
64,17,179,45,132,282,9,316,403,232
64,23,44,1,0,3,25,19,69,232
64,23,265,7,1,3,11,255,69,232
64,17,313,19,11,3,4,0,23,232
64,17,179,45,132,30,16,104,23,232
64,23,44,1,0,5,11,255,69,232
64,17,167,293,432,157,5,1,69,232
64,17,34,38,281,3,4,0,23,232
64,23,0,438,21,20,7,1,69,232
64,23,41,28,98,3,0,316,403,232
64,17,34,38,88,9,32,178,23,232
64,17,34,38,88,9,3,0,23,232
64,17,0,5,1,157,310,365,69,232
64,17,0,6,3,8,1,44,23,232
64,17,0,5,1,15,16,104,23,232
64,17,0,5,1,15,390,19,69,232
64,17,179,45,355,161,5,1,69,232
64,17,6,3,11,5,48,337,23,232
64,17,0,4,3,1,236,357,23,232
64,17,179,45,355,161,1,0,23,232
64,23,41,28,67,13,5,19,69,232
64,23,13,177,51,5,11,19,69,232
64,23,13,177,51,5,0,316,403,232
64,17,0,6,3,8,93,1,69,232
64,23,13,123,47,3,392,1,69,232
64,17,34,38,297,173,6,0,23,232
64,23,13,3,0,50,44,1,69,232
64,23,175,0,99,80,97,1,69,232
64,17,179,45,379,2,0,175,23,232
64,17,179,45,92,167,293,1,69,232
64,17,179,45,92,78,20,19,69,232
64,17,179,45,92,78,1,0,23,232
64,17,6,3,8,191,1,44,23,232
64,17,34,0,7,114,224,13,23,232
64,23,41,28,440,11,5,1,69,232
64,17,6,0,7,1,3,13,23,232
64,17,179,45,85,283,422,114,69,232
64,17,179,45,109,238,7,114,69,232
64,17,179,45,146,30,54,19,69,232
64,17,179,45,109,169,1,0,23,232
64,17,313,19,5,13,3,1,69,232
64,23,13,3,8,148,0,316,403,232
64,23,175,0,7,1,5,19,69,232
64,23,13,119,318,100,8,1,69,232
64,17,0,7,1,3,25,19,69,232
64,23,13,67,82,201,20,19,69,232
64,17,34,38,9,77,35,33,23,232
64,23,13,3,9,1,5,19,69,232
64,17,6,173,114,7,0,175,23,232
64,17,6,3,8,1,0,175,23,232
64,23,33,46,63,87,8,1,69,232
64,23,33,46,63,17,76,19,69,232
64,23,33,46,63,17,0,316,403,232
64,17,313,19,11,3,1,0,23,232
64,17,101,126,5,491,310,365,69,232
64,17,0,5,1,7,347,350,373,232
64,17,0,6,3,11,28,41,23,232
64,23,41,28,15,5,0,1,69,232
64,17,179,45,166,35,1,44,23,232
64,17,0,1,9,482,155,41,23,232
64,23,175,0,457,252,326,1,69,232
64,17,0,7,1,15,390,424,23,232
64,23,41,28,498,3,25,19,69,232
64,17,319,45,470,20,7,1,69,232
64,23,41,28,498,3,0,1,69,232
64,17,101,126,5,51,177,13,23,232
64,23,175,0,17,34,152,1,69,232
64,17,364,51,5,157,1,0,23,232
64,17,6,173,114,7,22,1,69,232
64,17,406,250,3,13,224,114,69,232
64,23,0,1,157,5,11,19,69,232
64,23,41,28,46,49,11,19,69,232
64,17,0,7,1,5,11,19,69,232
64,23,41,28,46,292,9,1,69,232
64,23,13,67,28,15,5,1,69,232
64,17,0,6,3,287,323,27,23,232
64,23,13,278,103,340,35,1,69,232
64,17,0,6,3,287,1,44,23,232
64,23,0,1,161,355,45,19,69,232
64,17,34,38,53,45,164,1,69,232
64,23,0,1,161,5,11,19,69,232
64,17,34,38,53,45,11,40,23,232
64,17,167,293,432,157,1,0,23,232
64,23,13,67,28,440,11,255,69,232
64,17,27,23,0,56,44,1,69,232
64,17,0,148,8,87,63,275,69,232
64,17,0,148,8,26,21,1,69,232
64,23,175,0,260,271,80,117,69,232
64,23,13,278,103,17,313,19,69,232
64,23,0,1,157,310,20,19,69,232
64,17,0,1,9,3,25,19,69,232
64,23,0,1,188,5,11,19,69,232
64,23,13,3,392,1,7,114,69,232
64,23,175,0,260,100,8,1,69,232
64,17,406,250,347,7,20,19,69,232
64,17,0,23,44,204,20,19,69,232
64,23,0,7,33,473,5,1,69,232
64,17,63,46,170,33,7,1,69,232
64,17,0,23,265,7,347,350,373,232
64,17,0,5,86,231,28,144,23,232
64,17,179,45,212,24,0,175,23,232
64,17,0,6,3,498,28,41,23,232
64,17,34,38,9,3,11,40,23,232
64,17,63,275,69,1,236,357,23,232
64,23,0,1,22,7,20,19,69,232
64,17,0,6,3,392,1,44,23,232
64,23,175,0,438,21,20,19,69,232
64,17,27,23,0,7,22,1,69,232
64,23,0,7,235,50,44,1,69,232
64,23,44,162,76,17,0,316,403,232
64,23,41,28,145,32,9,316,403,232
64,23,41,28,11,5,0,1,69,232
64,17,6,37,299,362,5,1,69,232
64,23,13,168,45,402,472,1,69,232
64,17,6,3,8,1,236,357,23,232
64,17,364,51,5,188,1,0,23,232
64,17,186,387,28,46,170,33,23,232
64,23,33,7,48,51,294,19,69,232
64,17,0,6,37,487,1,44,23,232
64,23,41,28,11,3,0,316,403,232
64,23,265,7,0,3,25,19,69,232
64,17,6,3,13,5,15,1,69,232
64,17,6,3,13,5,11,40,23,232
64,17,0,7,1,9,32,178,23,232
64,17,364,51,5,161,227,1,69,232
64,17,6,3,8,317,1,0,23,232
64,23,0,1,164,45,11,19,69,232
64,17,179,45,251,24,0,175,23,232
64,17,364,51,177,13,3,1,69,232
64,17,0,6,3,9,38,401,23,232
64,17,34,38,430,30,16,104,23,232
64,23,175,0,148,8,3,1,69,232
64,17,0,438,21,20,202,206,23,232
64,17,0,438,21,20,7,114,69,232
64,23,41,28,11,45,164,1,69,232
64,17,34,38,43,37,487,1,69,232
64,17,34,38,141,46,28,41,23,232
64,23,44,162,76,19,5,1,69,232
64,23,0,7,272,309,5,19,69,232
64,23,33,131,104,490,431,1,69,232
64,17,6,3,8,26,320,13,23,232
64,17,0,6,18,453,28,41,23,232
64,23,33,131,186,221,25,19,69,232
64,23,33,131,186,17,76,19,69,232
64,23,33,131,186,17,0,316,403,232
64,17,6,37,7,1,236,357,23,232
64,23,0,4,3,1,5,19,69,232
64,17,34,38,88,9,1,44,23,232
64,23,0,1,3,13,224,114,69,232
64,23,144,28,11,3,25,19,69,232
64,23,144,28,11,3,0,1,69,232
64,23,41,28,11,32,9,316,403,232
64,23,0,438,21,118,11,19,69,232
64,23,104,332,11,5,0,1,69,232
64,23,0,4,3,13,224,114,69,232
64,17,0,5,48,493,9,316,403,232
64,17,186,131,104,16,31,13,23,232
64,23,0,7,200,484,8,1,69,232
64,23,104,131,33,7,22,1,69,232
64,23,0,7,200,252,326,1,69,232
64,23,0,1,21,118,11,19,69,232
64,23,41,28,59,3,25,19,69,232
64,23,0,1,21,20,7,114,69,232
64,23,41,28,59,3,0,1,69,232
64,17,179,45,53,198,448,206,23,232
64,23,175,0,2,379,45,19,69,232
64,23,0,1,475,11,5,19,69,232
64,17,179,45,53,38,34,0,23,232
64,17,179,45,53,38,9,316,403,232
64,23,0,1,3,11,139,359,69,232
64,23,0,1,382,32,9,316,403,232
64,23,265,7,1,157,5,19,69,232
64,23,44,366,51,160,0,316,403,232
64,17,63,87,8,3,4,0,23,232
64,23,175,0,4,301,308,19,69,232
64,17,0,175,258,215,351,150,23,232
64,23,13,5,161,355,45,19,69,232
64,17,0,175,258,215,28,144,23,232
64,23,175,0,4,3,9,316,403,232
64,23,401,38,53,45,11,19,69,232
64,23,33,473,5,157,310,365,69,232
64,23,175,0,6,3,8,1,69,232
64,23,175,0,6,3,9,1,69,232
64,23,41,28,90,12,139,359,69,232
64,23,41,28,90,12,5,19,69,232
64,17,364,51,5,13,3,1,69,232
64,23,13,177,51,48,7,114,69,232
64,17,6,0,5,60,236,1,69,232
64,23,175,0,4,3,9,1,69,232
64,17,313,19,5,60,236,1,69,232
64,17,34,38,88,9,316,0,23,232
64,23,44,50,0,1,5,19,69,232
64,17,0,6,199,108,1,44,23,232
64,17,179,45,396,25,3,13,23,232
64,23,33,473,5,161,227,1,69,232
64,23,144,28,145,32,11,255,69,232
64,23,13,3,1,5,0,316,403,232
64,17,0,6,199,108,97,1,69,232
64,23,175,0,6,37,7,1,69,232
64,17,0,6,18,5,1,44,23,232
64,17,6,0,5,127,1,44,23,232
64,23,175,0,6,18,5,19,69,232
64,23,33,473,5,13,224,114,69,232
64,17,364,51,48,7,20,19,69,232
64,17,0,5,13,23,44,1,69,232
64,23,44,1,0,6,173,114,69,232
64,17,179,45,132,426,100,1,69,232
64,17,179,45,132,282,9,1,69,232
64,17,0,6,37,68,252,350,373,232
64,23,44,1,0,3,11,19,69,232
64,17,6,0,5,157,253,13,23,232
64,17,313,19,5,48,7,0,23,232
64,23,0,5,1,7,20,19,69,232
64,23,265,7,1,3,11,19,69,232
64,17,313,19,11,3,6,0,23,232
64,17,6,0,5,157,1,44,23,232
64,17,6,0,5,161,227,1,69,232
64,17,179,45,132,30,20,19,69,232
64,17,6,0,5,161,1,44,23,232
64,17,313,19,11,40,153,33,23,232
64,17,6,225,479,327,3,0,23,232
64,17,6,3,9,1,0,175,23,232
64,23,13,3,287,1,5,19,69,232
64,17,0,5,48,7,1,44,23,232
64,23,419,84,73,24,0,316,403,232
64,17,0,6,37,7,1,44,23,232
64,17,167,293,432,157,253,13,23,232
64,17,167,293,432,157,5,0,23,232
64,17,34,38,281,3,6,0,23,232
64,17,6,0,5,188,1,44,23,232
64,23,0,438,21,20,284,19,69,232
64,23,0,438,21,20,7,114,69,232
64,17,6,0,5,51,262,27,23,232
64,23,41,28,98,3,25,19,69,232
64,23,41,28,98,3,0,1,69,232
64,17,34,38,88,9,176,33,23,232
64,17,34,38,88,9,3,13,23,232
64,17,0,5,1,431,490,104,23,232
64,17,63,106,41,23,0,1,69,232
64,23,13,5,1,3,0,316,403,232
64,17,0,5,1,157,253,13,23,232
64,17,0,5,1,15,28,41,23,232
64,17,0,6,18,5,11,19,69,232
64,17,6,225,26,8,93,1,69,232
64,17,179,45,355,161,227,1,69,232
64,17,179,45,355,161,5,0,23,232
64,17,6,3,11,5,60,33,23,232
64,17,6,225,26,8,3,0,23,232
64,17,0,4,3,1,5,13,23,232
64,17,364,51,5,19,390,424,23,232
64,17,364,51,294,19,5,1,69,232
64,17,0,6,211,250,3,1,69,232
64,17,6,225,26,8,1,44,23,232
64,17,179,45,355,161,1,44,23,232
64,23,41,28,244,85,45,19,69,232
64,17,34,0,23,40,11,19,69,232
64,23,41,28,67,13,224,114,69,232
64,23,41,28,67,13,5,1,69,232
64,17,34,0,23,13,5,19,69,232
64,23,13,177,51,5,15,1,69,232
64,17,0,6,211,121,38,401,23,232
64,23,44,204,20,470,45,19,69,232
64,23,13,177,51,5,11,255,69,232
64,17,0,6,3,8,100,1,69,232
64,17,34,38,297,173,202,206,23,232
64,23,419,84,73,12,5,1,69,232
64,17,0,6,37,7,347,350,373,232
64,17,6,225,26,70,171,40,23,232
64,23,13,3,0,457,252,350,373,232
64,17,0,6,222,95,209,40,23,232
64,23,0,260,271,80,97,1,69,232
64,17,0,5,18,453,28,41,23,232
64,17,179,45,379,2,0,316,403,232
64,17,0,6,229,30,16,104,23,232
64,17,0,5,126,101,28,41,23,232
64,17,0,5,126,427,7,114,69,232
64,17,6,0,143,124,100,1,69,232
64,23,13,5,188,1,7,114,69,232
64,23,33,439,186,17,0,316,403,232
64,17,6,0,5,13,224,114,69,232
64,17,179,45,92,78,1,44,23,232
64,23,41,28,440,11,139,359,69,232
64,23,41,28,440,11,5,19,69,232
64,23,33,121,211,6,0,1,69,232
64,17,6,225,26,21,84,419,23,232
64,17,6,0,7,1,9,316,403,232
64,17,6,225,26,21,1,44,23,232
64,17,179,45,192,72,31,13,23,232
64,17,179,45,85,244,28,41,23,232
64,23,33,121,38,34,0,316,403,232
64,23,40,11,45,470,20,19,69,232
64,17,6,394,263,46,63,275,69,232
64,17,179,45,109,219,21,1,69,232
64,17,179,45,109,238,7,0,23,232
64,17,6,394,263,46,28,144,23,232
64,17,179,45,109,169,1,44,23,232
64,17,313,19,5,13,224,114,69,232
64,23,13,253,157,416,3,1,69,232
64,17,0,438,21,52,46,33,23,232
64,17,313,19,5,13,3,0,23,232
64,17,0,438,21,26,8,1,69,232
64,23,13,3,8,83,5,1,69,232
64,23,13,253,157,310,20,19,69,232
64,23,13,3,8,148,0,1,69,232
64,23,175,0,7,1,9,316,403,232
64,23,44,204,20,7,22,1,69,232
64,17,63,87,8,100,1,0,23,232
64,23,33,170,46,110,35,1,69,232
64,23,44,204,20,7,0,1,69,232
64,17,0,7,1,3,9,316,403,232
64,17,6,222,256,369,35,33,23,232
64,23,13,253,157,5,0,1,69,232
64,17,0,5,1,9,3,13,23,232
64,17,34,38,9,270,5,0,23,232
64,23,178,32,9,3,25,19,69,232
64,17,34,38,9,77,35,1,69,232
64,23,13,3,9,1,7,114,69,232
64,23,40,209,95,20,7,1,69,232
64,17,0,5,127,1,236,357,23,232
64,17,6,222,256,7,0,175,23,232
64,17,6,173,114,7,0,316,403,232
64,17,6,3,8,1,0,316,403,232
64,17,6,222,95,20,21,1,69,232
64,23,33,46,63,203,111,1,69,232
64,23,33,170,46,80,97,1,69,232
64,17,6,222,95,20,7,0,23,232
64,23,33,46,63,17,313,19,69,232
64,23,104,332,11,3,25,19,69,232
64,17,313,19,11,3,1,44,23,232
64,23,104,332,11,3,0,1,69,232
64,17,101,126,5,362,299,144,23,232
64,23,13,67,28,11,5,1,69,232
64,23,175,0,34,17,76,19,69,232
64,23,0,260,100,8,3,1,69,232
64,23,33,35,166,45,11,19,69,232
64,17,103,340,35,1,0,316,403,232
64,17,0,5,1,7,459,424,23,232
64,17,0,6,3,11,32,178,23,232
64,17,6,222,256,7,1,44,23,232
64,17,0,6,3,11,28,144,23,232
64,23,41,28,15,5,11,19,69,232
64,23,41,28,15,5,0,316,403,232
64,17,0,438,21,1,35,33,23,232
64,17,0,1,9,493,48,337,23,232
64,23,33,35,156,30,20,19,69,232
64,17,6,0,316,9,3,1,69,232
64,17,0,7,1,157,310,365,69,232
64,17,0,7,1,15,5,13,23,232
64,17,0,7,1,15,390,19,69,232
64,23,41,28,498,3,8,1,69,232
64,17,319,45,470,20,21,1,69,232
64,23,33,35,77,9,3,1,69,232
64,17,186,131,104,23,44,1,69,232
64,17,319,45,470,20,7,0,23,232
64,17,186,131,104,23,0,316,403,232
64,17,101,126,5,51,366,44,23,232
64,23,175,0,17,179,45,19,69,232
64,17,6,0,34,152,1,44,23,232
64,23,0,148,8,83,220,1,69,232
64,17,6,37,487,1,35,33,23,232
64,17,364,51,5,157,1,44,23,232
64,17,6,173,114,7,48,337,23,232
64,17,63,46,80,99,0,175,23,232
64,17,406,250,3,13,5,0,23,232
64,17,103,62,2,12,139,359,69,232
64,17,103,62,2,10,8,1,69,232
64,23,0,1,157,5,11,255,69,232
64,23,41,28,46,52,21,1,69,232
64,23,41,28,46,49,11,255,69,232
64,17,0,7,1,5,60,33,23,232
64,17,0,7,1,5,11,40,23,232
64,23,0,260,100,301,308,19,69,232
64,23,0,17,34,38,9,316,403,232
64,23,401,38,9,77,35,1,69,232
64,23,401,38,9,32,382,1,69,232
64,23,13,67,28,15,390,19,69,232
64,23,401,38,9,32,11,255,69,232
64,23,13,67,28,15,5,19,69,232
64,23,0,5,127,1,7,114,69,232
64,23,13,278,103,62,7,1,69,232
64,23,265,7,20,202,173,114,69,232
64,23,0,17,34,38,9,1,69,232
64,17,6,0,143,274,44,1,69,232
64,17,63,87,8,148,0,1,69,232
64,17,6,0,438,21,20,19,69,232
64,23,0,1,9,3,11,19,69,232
64,17,34,38,53,45,168,13,23,232
64,17,103,213,8,93,1,0,23,232
64,17,103,213,8,191,1,44,23,232
64,23,0,1,161,5,11,255,69,232
64,17,34,38,53,45,11,255,69,232
64,23,33,190,158,15,5,1,69,232
64,17,406,250,3,47,16,104,23,232
64,17,167,293,432,157,1,44,23,232
64,23,13,67,28,46,63,275,69,232
64,23,13,67,28,440,11,19,69,232
64,17,27,23,0,50,44,1,69,232
64,17,0,148,8,133,3,13,23,232
64,17,6,0,438,21,1,44,23,232
64,17,6,3,287,1,0,316,403,232
64,17,0,7,20,21,140,33,23,232
64,23,175,0,260,330,11,19,69,232
64,17,0,4,3,9,32,178,23,232
64,23,401,38,9,3,25,19,69,232
64,23,13,278,103,17,63,275,69,232
64,17,0,4,3,9,1,44,23,232
64,17,0,1,9,3,11,19,69,232
64,17,101,126,427,7,22,1,69,232
64,23,40,153,33,7,0,316,403,232
64,23,0,5,157,1,7,114,69,232
64,17,103,213,8,3,0,1,69,232
64,23,0,1,188,5,11,255,69,232
64,23,13,3,392,1,0,316,403,232
64,23,0,3,11,45,164,1,69,232
64,17,6,3,287,1,5,0,23,232
64,17,103,213,8,1,236,357,23,232
64,17,63,46,165,38,34,0,23,232
64,17,406,250,347,7,22,1,69,232
64,17,63,46,165,38,9,316,403,232
64,23,0,3,11,5,15,1,69,232
64,17,0,23,44,298,24,19,69,232
64,17,0,7,20,470,45,19,69,232
64,23,0,7,33,176,9,316,403,232
64,17,101,126,5,13,3,1,69,232
64,17,0,7,20,95,209,40,23,232
64,23,0,7,33,473,5,19,69,232
64,17,63,46,170,33,35,1,69,232
64,17,63,46,170,33,7,0,23,232
64,17,0,23,265,7,22,1,69,232
64,17,0,4,3,8,93,1,69,232
64,23,27,17,319,45,164,1,69,232
64,17,179,45,212,24,0,316,403,232
64,23,27,17,319,45,11,255,69,232
64,17,0,6,3,452,448,206,23,232
64,17,0,4,3,8,1,44,23,232
64,17,0,6,3,498,28,144,23,232
64,23,0,5,11,3,25,19,69,232
64,17,34,38,9,3,287,1,69,232
64,17,34,38,9,3,11,19,69,232
64,17,319,45,19,11,3,13,23,232
64,17,6,0,260,271,80,117,69,232
64,23,0,457,252,200,7,114,69,232
64,17,0,7,20,19,5,1,69,232
64,23,0,3,11,241,469,1,69,232
64,23,0,5,11,3,9,1,69,232
64,23,175,0,24,212,45,19,69,232
64,17,63,275,69,1,35,33,23,232
64,23,0,1,22,7,347,350,373,232
64,17,63,46,381,48,7,1,69,232
64,17,63,46,381,48,5,0,23,232
64,17,27,23,0,7,20,19,69,232
64,17,6,0,7,33,35,1,69,232
64,23,0,7,459,424,390,19,69,232
64,17,6,173,202,20,7,1,69,232
64,23,44,162,76,17,313,19,69,232
64,23,44,162,76,17,0,1,69,232
64,23,41,28,145,32,11,19,69,232
64,23,41,28,145,32,9,1,69,232
64,23,41,28,11,5,15,1,69,232
64,17,0,4,3,11,28,41,23,232
64,23,33,7,22,1,0,316,403,232
64,23,41,28,11,5,0,316,403,232
64,17,6,37,299,362,5,19,69,232
64,17,0,34,152,1,35,33,23,232
64,23,13,168,45,396,25,19,69,232
64,23,13,119,277,37,7,1,69,232
64,23,44,204,20,19,5,1,69,232
64,17,0,4,3,287,323,27,23,232
64,17,63,46,105,129,480,359,69,232
64,17,6,3,8,1,9,316,403,232
64,17,364,51,5,188,1,44,23,232
64,17,63,46,105,61,48,337,23,232
64,23,33,7,48,493,9,316,403,232
64,23,33,7,48,51,5,1,69,232
64,17,0,4,3,287,1,44,23,232
64,23,41,28,11,3,25,19,69,232
64,23,13,253,372,3,0,316,403,232
64,23,41,28,11,3,0,1,69,232
64,23,265,7,0,3,8,1,69,232
64,17,103,213,8,317,1,44,23,232
64,23,40,11,139,12,5,1,69,232
64,17,0,4,3,498,28,41,23,232
64,17,6,3,13,5,48,337,23,232
64,17,6,3,13,5,11,255,69,232
64,17,103,340,35,342,171,40,23,232
64,17,0,7,1,9,3,13,23,232
64,23,265,7,200,484,8,1,69,232
64,17,103,340,35,77,9,316,403,232
64,17,6,3,8,317,1,44,23,232
64,23,0,1,164,45,193,117,69,232
